original_word	lemmatized_word	nsenses
soup	soup	4
baits	bait	5
renovation	renovation	2
fanfare	fanfare	2
five-year-old	five-year-old	1
royalty	royalty	2
amount	amount	7
politeness	politeness	2
strangeness	strangeness	3
rainbows	rainbow	2
dissemination	dissemination	3
clouds	cloud	14
modifications	modification	4
mark	mark	30
magenta	magenta	3
facade	facade	2
cafeteria	cafeteria	1
detriment	detriment	1
freshness	freshness	5
practitioner	practitioner	1
fertiliser	fertiliser	1
thrust	thrust	13
slab	slab	1
freak	freak	3
carts	cart	4
hammers	hammer	10
statutes	statute	2
infusion	infusion	4
bypass	bypass	4
assistants	assistant	2
plaster	plaster	11
gourmet	gourmet	1
reorganisation	reorganisation	1
data	data	2
pursuit	pursuit	4
ends	end	18
inequality	inequality	1
coast	coast	5
smallpox	smallpox	1
tenacity	tenacity	1
trouble	trouble	11
olives	olive	6
tactics	tactic	1
auto	auto	1
administration	administration	6
cherries	cherry	5
outburst	outburst	3
lander	lander	2
costume	costume	6
natures	nature	5
tenderness	tenderness	5
squash	squash	4
blades	blade	9
apologies	apology	3
restaurants	restaurant	1
atrocities	atrocity	2
anger	anger	5
thumbnail	thumbnail	1
proxy	proxy	2
votes	vote	10
riverboat	riverboat	0
openness	openness	3
connotation	connotation	2
history	history	5
clergy	clergy	1
ballet	ballet	2
documents	document	6
beat-up	beat-up	1
angle	angle	8
humour	humour	7
payout	payout	0
fruits	fruit	5
peroxide	peroxide	3
absurdity	absurdity	2
residents	resident	4
acids	acid	5
creases	crease	7
mink	mink	3
boxing	boxing	5
legion	legion	5
charge	charge	40
whim	whim	2
optimization	optimization	1
vacancies	vacancy	2
prescriptions	prescription	5
cave	cave	3
stoves	stove	4
certificates	certificate	4
trusts	trust	12
pledges	pledge	9
fiesta	fiesta	1
inversion	inversion	9
snuff	snuff	7
plaza	plaza	2
fairs	fair	17
mirrors	mirror	4
puzzles	puzzle	4
surrogate	surrogate	3
atlas	atlas	4
shortfalls	shortfall	1
chastity	chastity	2
converter	converter	1
machete	machete	1
finance	finance	5
sweetheart	sweetheart	4
adaptation	adaptation	3
thinkers	thinker	2
thunderstorm	thunderstorm	1
chopper	chopper	4
overtures	overture	3
lesions	lesion	2
breasts	breast	7
appeal	appeal	9
homicide	homicide	1
beach	beach	2
calculation	calculation	3
umpire	umpire	3
batter	batter	5
topsoil	topsoil	1
sakes	sake	3
yachts	yacht	2
chemo	chemo	0
ills	ill	9
themes	theme	6
prize	prize	7
robes	robe	4
mystery	mystery	2
departure	departure	3
pate	pate	2
melody	melody	2
fireworks	firework	1
salaries	salary	1
rapper	rapper	2
mounds	mound	6
deputy	deputy	4
ballast	ballast	6
eloquence	eloquence	1
stake	stake	10
band	band	15
cap	cap	11
totality	totality	3
equivalents	equivalent	3
grunts	grunt	4
rave	rave	5
sheets	sheet	10
ghost	ghost	7
voice	voice	13
geologist	geologist	1
pads	pad	11
schoolboy	schoolboy	1
tote	tote	2
thriller	thriller	1
psychotherapy	psychotherapy	2
leak	leak	9
veterinarian	veterinarian	1
graders	grader	1
stars	star	12
mirror	mirror	4
stiffness	stiffness	5
chemistry	chemistry	3
motions	motion	8
helmets	helmet	2
auditing	auditing	2
analogies	analogy	3
marble	marble	4
voters	voter	1
arguments	argument	7
threats	threat	4
thermostat	thermostat	2
limb	limb	6
zone	zone	6
primer	primer	3
integration	integration	3
deposition	deposition	4
challenges	challenge	9
lyrics	lyric	7
playwrights	playwright	1
beak	beak	5
hood	hood	11
bravado	bravado	1
user	user	3
pies	pie	2
column	column	9
group	group	5
pig	pig	9
projections	projection	10
bracket	bracket	7
cotton	cotton	5
tributes	tribute	3
diagrams	diagram	2
meals	meal	3
tubes	tube	9
tones	tone	15
activation	activation	3
legumes	legume	3
draughts	draught	7
lobby	lobby	4
desirability	desirability	2
glee	glee	2
satin	satin	1
haemorrhage	haemorrhage	1
hyperbole	hyperbole	1
realm	realm	3
discs	disc	4
revenues	revenue	2
plagues	plague	7
behaviors	behavior	4
fountains	fountain	4
guidance	guidance	3
cartoons	cartoon	3
patient	patient	3
curtain	curtain	3
velum	velum	2
bonfire	bonfire	1
etching	etching	8
clinic	clinic	3
reproach	reproach	3
altitudes	altitude	3
embargo	embargo	3
coil	coil	9
specialist	specialist	2
asses	ass	6
brokerage	brokerage	3
shock	shock	17
troopers	trooper	4
dichotomy	dichotomy	1
normalcy	normalcy	2
specs	spec	1
hedges	hedge	7
biochemistry	biochemistry	1
tie	tie	18
problem-solving	problem-solving	0
waivers	waiver	1
grandson	grandson	1
legality	legality	1
evangelicals	evangelicals	0
thickness	thickness	4
moon	moon	9
baskets	basket	4
consultant	consultant	1
potentials	potential	4
idols	idol	3
workplace	workplace	1
judge	judge	7
prank	prank	4
moribund	moribund	2
conference	conference	3
panorama	panorama	2
plasma	plasma	3
successes	success	4
syllables	syllable	1
resuscitation	resuscitation	1
queen	queen	12
illustration	illustration	4
dealer	dealer	5
parcel	parcel	7
waists	waist	2
pullout	pullout	1
enthusiast	enthusiast	2
rib	rib	8
airstrip	airstrip	1
gateway	gateway	1
musicians	musician	2
murderers	murderer	1
runway	runway	4
gratitude	gratitude	1
teas	tea	5
arsenal	arsenal	3
stomachs	stomach	6
tentacles	tentacle	2
homemaker	homemaker	1
pursuits	pursuit	4
laughter	laughter	2
sunrise	sunrise	4
specialization	specialization	3
representatives	representative	7
profit	profit	4
airport	airport	1
finger-tip	finger-tip	0
reception	reception	5
stint	stint	5
soprano	soprano	4
hands	hand	16
antipathy	antipathy	2
physiologist	physiologist	1
broker	broker	3
adjunct	adjunct	5
conscience	conscience	3
hilltop	hilltop	1
alterations	alteration	3
democrats	democrat	2
aim	aim	11
napkins	napkin	2
career	career	3
archbishop	archbishop	1
varnish	varnish	2
medic	medic	2
recount	recount	3
scrapbook	scrapbook	1
spices	spice	5
purgatory	purgatory	2
suspicions	suspicion	4
routine	routine	4
knights	knight	3
warlord	warlord	1
events	event	4
angler	angler	3
bombs	bomb	5
dancings	dancing	4
society	society	4
slam	slam	8
consternation	consternation	1
barriers	barrier	3
marathon	marathon	3
currencies	currency	3
bun	bun	1
quarrels	quarrel	3
youth	youth	6
sufferings	suffering	17
tackle	tackle	8
spa	spa	3
crustaceans	crustacean	2
ambiguity	ambiguity	2
comfort	comfort	9
waggon	waggon	2
qualities	quality	7
turret	turret	2
westerlies	westerly	5
boss	bos	1
hitch	hitch	12
imprisonment	imprisonment	3
pastries	pastry	2
clue	clue	3
axes	ax	3
infrastructure	infrastructure	2
tendency	tendency	4
picnics	picnic	4
incarnation	incarnation	4
acculturation	acculturation	3
franchises	franchise	4
marsh	marsh	3
bosses	boss	8
patriarchy	patriarchy	1
clitorises	clitoris	1
parts	part	18
bombers	bomber	3
travel	travel	9
relapse	relapse	3
sodas	soda	2
fertilization	fertilization	2
businesses	business	9
chicken	chicken	5
queens	queen	12
tremors	tremor	4
indicator	indicator	4
guides	guide	11
airplane	airplane	1
feeders	feeder	6
cartridge	cartridge	4
aftertaste	aftertaste	1
lodges	lodge	10
scenery	scenery	2
hectares	hectare	1
shipyard	shipyard	1
exception	exception	3
apprentices	apprentice	2
casinos	casino	2
combatants	combatant	2
beans	bean	5
economies	economy	4
stockbroker	stockbroker	1
transaction	transaction	1
activities	activity	6
denim	denim	2
wind	wind	15
cortex	cortex	3
solos	solo	7
decisions	decision	5
import	import	8
scandal	scandal	2
affair	affair	3
publication	publication	4
boldness	boldness	3
advisor	advisor	1
canisters	canister	2
slut	slut	2
teams	team	3
championship	championship	3
entrants	entrant	4
glare	glare	6
microcosm	microcosm	1
counterpart	counterpart	2
trains	train	17
realization	realization	6
opening	opening	25
mayors	mayor	1
tunnel	tunnel	4
teen-ager	teen-ager	0
workforce	workforce	1
northers	norther	1
cameras	camera	2
ornamentations	ornamentation	3
malaria	malaria	1
virgins	virgin	5
peer	peer	3
sum	sum	8
chip	chip	14
podium	podium	1
palms	palm	5
victimization	victimization	2
conductors	conductor	4
casing	casing	5
asphalt	asphalt	3
eternity	eternity	3
maze	maze	2
reckoning	reckoning	9
canister	canister	2
excuse	excuse	9
housewives	housewife	1
op-ed	op-ed	0
laborers	laborer	1
dimensions	dimension	6
historians	historian	1
cookie	cookie	3
flies	fly	20
spears	spear	4
facility	facility	5
penalties	penalty	4
sharpness	sharpness	7
mollusk	mollusk	1
tasters	taster	1
parlour	parlour	2
vigour	vigour	3
bodyguards	bodyguard	2
router	router	3
snowflakes	snowflake	2
penthouse	penthouse	1
mission	mission	5
thunderstorms	thunderstorm	1
principals	principal	7
lettuce	lettuce	3
entrepreneur	entrepreneur	1
executive	executive	4
hump	hump	3
mayor	mayor	1
soundtrack	soundtrack	1
capacities	capacity	9
ghettos	ghetto	3
surveys	survey	9
servers	server	4
trainers	trainer	2
bit	bit	15
syringe	syringe	2
reviews	review	15
employment	employment	4
paragraph	paragraph	4
bodyguard	bodyguard	2
film	film	7
directions	direction	9
cramps	cramp	7
naps	nap	6
crotches	crotch	3
sausages	sausage	2
listeners	listener	1
formulas	formula	7
hurry	hurry	6
dementia	dementia	1
bewilderment	bewilderment	1
enhancement	enhancement	1
crossings	crossing	15
antiquities	antiquity	3
ultrasound	ultrasound	2
percentages	percentage	2
aunts	aunt	1
burglary	burglary	1
goo	goo	1
chances	chance	9
comments	comment	6
braces	brace	13
carrier	carrier	11
warrant	warrant	6
inconsistencies	inconsistency	2
part	part	18
berth	berth	6
cruise	cruise	5
wife	wife	1
versatility	versatility	1
interchange	interchange	8
introductions	introduction	7
invasion	invasion	3
cooker	cooker	1
otherness	otherness	1
attire	attire	2
dorm	dorm	1
ceremony	ceremony	3
attempts	attempt	4
failings	failing	14
grassland	grassland	1
blackberries	blackberry	3
excise	excise	4
multimedia	multimedia	1
suitors	suitor	1
happiness	happiness	2
slugs	slug	10
vial	vial	1
mediators	mediator	1
scrotums	scrotum	1
props	prop	4
posts	post	23
adoration	adoration	3
telephones	telephone	3
moustaches	moustache	1
infighting	infighting	0
portal	portal	3
strap	strap	8
chant	chant	3
zephyrs	zephyr	2
carbo	carbo	0
uplift	uplift	5
ducts	duct	3
periods	period	7
ticks	tick	8
nationalism	nationalism	4
naturalisation	naturalisation	4
adulthood	adulthood	2
teenagers	teenager	1
plot	plot	8
boulders	boulder	2
independents	independent	6
librarians	librarian	1
lung	lung	1
propagation	propagation	3
respectability	respectability	1
karate	karate	1
progress	progress	6
winery	winery	1
totals	total	7
vehicle	vehicle	4
reels	reel	9
grandmothers	grandmother	1
sympathy	sympathy	3
stroller	stroller	2
massacre	massacre	2
autism	autism	1
destinations	destination	3
majors	major	13
buyers	buyer	1
contender	contender	1
clans	clan	1
flier	flier	3
marina	marina	1
sap	sap	5
window	window	8
humankind	humankind	1
spill	spill	10
philosophy	philosophy	3
eggplant	eggplant	2
deformation	deformation	3
della	della	0
basin	basin	5
counties	county	2
probation	probation	3
offense	offense	5
pots	pot	10
transmissions	transmission	5
champions	champion	6
washers	washer	3
displays	display	8
bargain	bargain	4
whisky	whisky	1
editors	editor	2
sardines	sardine	4
gamble	gamble	4
insecurity	insecurity	2
hepatitis	hepatitis	1
checkup	checkup	1
lights	light	47
newspaper	newspaper	4
dog	dog	8
roots	root	14
binge	binge	3
art	art	4
lashes	lash	7
nutrition	nutrition	3
pioneer	pioneer	5
introduction	introduction	7
regret	regret	5
migrants	migrant	2
wheat	wheat	3
stuff	stuff	14
repeal	repeal	2
disposal	disposal	4
ink	ink	5
tragedy	tragedy	2
welfare	welfare	3
beginnings	beginning	16
swamps	swamp	4
contention	contention	3
warehouse	warehouse	2
studio	studio	3
dump	dump	10
cyclists	cyclist	1
tankers	tanker	2
bullies	bully	5
whine	whine	5
stimulus	stimulus	1
watcher	watcher	3
saucepan	saucepan	1
anthropologists	anthropologist	1
wave	wave	14
timbers	timber	5
discord	discord	5
edges	edge	10
stalk	stalk	8
force	force	19
meanings	meaning	10
disappearance	disappearance	4
runoff	runoff	2
boating	boating	2
fleshes	flesh	4
loss	loss	8
replication	replication	7
boiler	boiler	2
pirates	pirate	5
embankment	embankment	1
antibody	antibody	1
balloon	balloon	4
familiarity	familiarity	5
remainder	remainder	5
experts	expert	3
display	display	8
test	test	13
matte	matte	4
store	store	6
beam	beam	13
polish	polish	8
blouse	blouse	1
advance	advance	20
stairs	stair	1
demonstrators	demonstrator	3
knives	knife	4
materials	material	11
habitation	habitation	3
rehearsal	rehearsal	2
impropriety	impropriety	4
sads	sads	0
fumes	fume	5
integrity	integrity	2
interception	interception	2
registration	registration	5
hop	hop	9
entry	entry	6
rumours	rumour	2
technician	technician	2
canoe	canoe	2
wasps	wasp	2
divorces	divorce	3
educator	educator	1
interruptions	interruption	3
clocks	clock	2
residency	residency	2
context	context	2
chestnuts	chestnut	7
uterus	uterus	1
caste	caste	4
juniper	juniper	2
doubts	doubt	4
cynicism	cynicism	1
deadpan	deadpan	2
bribery	bribery	1
real-estate	real-estate	0
magnification	magnification	4
method	method	2
proprietor	proprietor	1
secession	secession	3
grandma	grandma	1
yacht	yacht	2
shin	shin	5
ballads	ballad	2
reservation	reservation	7
precepts	precept	2
disadvantages	disadvantage	2
burden	burden	6
pandanuses	pandanus	2
convicts	convict	3
leaves	leaf	6
provocation	provocation	3
bass	bass	9
rungs	rung	8
tights	tights	1
greed	greed	2
selves	self	3
cider	cider	1
bazaar	bazaar	3
purses	purse	6
factor	factor	10
encounters	encounter	9
espresso	espresso	1
clippings	clipping	8
sandwiches	sandwich	3
referendum	referendum	1
font	font	2
pipe	pipe	9
bicep	bicep	0
prowess	prowess	1
effluviums	effluvium	1
crossover	crossover	4
challengers	challenger	1
configurations	configuration	2
programs	program	10
reproductions	reproduction	5
distributor	distributor	4
curator	curator	1
quest	quest	7
reelection	reelection	1
process	process	13
bluffs	bluff	7
aide	aide	2
charities	charity	5
enclave	enclave	1
chemotherapy	chemotherapy	1
greatness	greatness	2
radiation	radiation	7
muffin	muffin	1
tabs	tab	5
catalogues	catalogue	4
wheelchair	wheelchair	1
enormity	enormity	4
loaves	loaf	4
marriages	marriage	4
egg	egg	5
rolls	roll	33
road	road	2
salesman	salesman	1
bakery	bakery	1
evenings	evening	6
stereotypes	stereotype	2
conditioner	conditioner	3
sweetie	sweetie	1
butcher	butcher	7
scenario	scenario	3
deterrent	deterrent	2
drive	drive	34
determinations	determination	5
toast	toast	6
constructs	construct	7
sash	sash	2
questionnaire	questionnaire	1
coli	coli	0
limes	lime	8
cubs	cub	4
morgue	morgue	1
irrigation	irrigation	2
sampler	sampler	4
consortium	consortium	1
impeachment	impeachment	1
herbs	herb	2
tranquilly	tranquilly	1
eruptions	eruption	6
tumult	tumult	3
grins	grin	2
myths	myth	1
spotlight	spotlight	4
beacon	beacon	5
delusions	delusion	3
paperback	paperback	2
beeper	beeper	1
outreach	outreach	1
blackness	blackness	2
spoon	spoon	5
wigs	wig	2
manpower	manpower	1
anatomy	anatomy	3
trauma	trauma	2
encyclopedia	encyclopedia	1
remarks	remark	4
blessing	blessing	9
rendezvous	rendezvous	4
violins	violin	1
oak	oak	2
brides	bride	3
biceps	biceps	1
rebuke	rebuke	2
goodbye	goodbye	1
butterflies	butterfly	5
breakdown	breakdown	4
pang	pang	3
west	west	10
measurements	measurement	1
muses	mus	2
odour	odour	2
standardisation	standardisation	3
discrepancies	discrepancy	2
screech	screech	4
storyteller	storyteller	2
wolves	wolf	6
outfield	outfield	1
venison	venison	1
packet	packet	4
staffer	staffer	1
tiers	tier	5
shareholder	shareholder	1
figure	figure	18
metaphors	metaphor	1
reminder	reminder	3
courtyard	courtyard	1
hawks	hawk	6
receptionist	receptionist	1
snowdrift	snowdrift	1
mizzle	mizzle	2
liters	liter	1
juice	juice	4
pensions	pension	2
crickets	cricket	3
ballad	ballad	2
stewards	steward	5
dialogues	dialogue	4
turnover	turnover	4
graveyard	graveyard	1
cow	cow	4
yolks	yolk	2
hollows	hollow	8
kimono	kimono	1
warhead	warhead	1
gallbladders	gallbladder	1
motorists	motorist	1
rivals	rival	3
athletes	athlete	1
coups	coup	2
print	print	11
athlete	athlete	1
sliver	sliver	5
raids	raid	6
hoses	hose	4
opponent	opponent	3
pilgrim	pilgrim	3
rivers	river	1
visit	visit	13
cottages	cottage	1
clones	clone	4
tropics	tropic	3
orientations	orientation	6
specimens	specimen	2
outbreaks	outbreak	1
pleasures	pleasure	5
resale	resale	1
pulses	pulse	7
sentimentality	sentimentality	2
savagery	savagery	3
assertions	assertion	2
operatives	operative	6
suite	suite	4
raspberry	raspberry	3
views	view	13
longing	longing	2
cream	cream	8
suburbs	suburb	1
astonishment	astonishment	1
penguins	penguin	1
machines	machine	8
evolution	evolution	2
fontanel	fontanel	1
disabilities	disability	1
termite	termite	1
hysteria	hysteria	3
honesty	honesty	2
prairie	prairie	1
blasts	blast	16
clowns	clown	3
flask	flask	2
tablets	tablet	4
commitment	commitment	5
leopard	leopard	2
commentator	commentator	2
roaches	roach	7
monasteries	monastery	1
torment	torment	9
refuges	refuge	4
floricultures	floriculture	1
pastime	pastime	1
praise	praise	3
factory	factory	1
partisans	partisan	4
rebounds	rebound	5
brokers	broker	3
centrepiece	centrepiece	2
qwq	qwq	0
deal	deal	22
provision	provision	5
wounds	wound	14
duct	duct	3
parent	parent	3
location	location	4
lag	lag	7
vaccine	vaccine	1
advent	advent	3
desolation	desolation	4
daze	daze	4
dialectic	dialectic	3
negotiation	negotiation	2
karaoke	karaoke	1
dummy	dummy	6
shambles	shamble	2
by-product	by-product	2
targets	target	6
wetlands	wetland	1
mores	more	5
players	player	5
friend	friend	5
implications	implication	5
temperament	temperament	3
wax	wax	4
webs	web	8
hermit	hermit	2
sound	sound	24
dwellings	dwelling	6
epoch	epoch	3
corduroy	corduroy	3
slowdown	slowdown	1
economist	economist	1
dagger	dagger	2
favoritism	favoritism	2
lectures	lecture	5
nebulae	nebula	4
chi	chi	2
fertilisers	fertiliser	1
dinosaur	dinosaur	1
motorcade	motorcade	1
manuscript	manuscript	2
release	release	22
cancellation	cancellation	2
minds	mind	13
amalgam	amalgam	2
holdings	holding	38
patience	patience	2
pedigree	pedigree	4
fireman	fireman	4
legends	legend	2
balances	balance	16
practise	practise	3
fraternity	fraternity	2
defects	defect	5
strikers	striker	5
conservatory	conservatory	3
glucose	glucose	1
bananas	banana	2
philtres	philtre	1
clutter	clutter	3
wrestler	wrestler	1
comedy	comedy	2
facets	facet	2
newscast	newscast	1
onslaught	onslaught	3
kidney	kidney	1
shawl	shawl	1
undercurrent	undercurrent	2
cellphone	cellphone	1
simulator	simulator	1
groves	grove	2
slopes	slope	3
pine	pine	3
objectives	objective	6
distinctions	distinction	4
valley	valley	1
flavor	flavor	4
string	string	17
counselor	counselor	3
rockfish	rockfish	3
bids	bid	10
firms	firm	14
congruence	congruence	1
lifestyles	lifestyle	1
family	family	8
updates	update	4
companions	companion	4
sacks	sack	13
lament	lament	5
calculus	calculus	3
goalie	goalie	2
whack	whack	3
smell	smell	10
sheaf	sheaf	1
gown	gown	6
seaweed	seaweed	1
algae	algae	1
adversity	adversity	2
conflict	conflict	9
duffel	duffel	2
minutes	minute	8
trucker	trucker	1
wetland	wetland	1
benefits	benefit	5
developments	development	9
silica	silica	1
rapture	rapture	2
sprint	sprint	2
entirety	entirety	1
existence	existence	2
composites	composite	4
criminals	criminal	4
coriander	coriander	3
roofing	roofing	3
intelligence	intelligence	5
envoy	envoy	3
teen	teen	2
wreaths	wreath	1
livestock	livestock	1
armpit	armpit	1
philosopher	philosopher	2
corpses	corps	3
pickup	pickup	9
lab	lab	1
handgun	handgun	1
quarters	quarter	18
vapors	vapor	2
self-awareness	self-awareness	1
corn	corn	9
seas	sea	3
robbers	robber	1
estates	estate	3
novel	novel	4
fencing	fencing	8
self	self	3
corrections	correction	7
instalment	instalment	3
drifts	drift	17
chlorine	chlorine	1
congressman	congressman	1
metals	metal	4
dilemma	dilemma	1
murphy	murphy	1
textiles	textile	2
version	version	6
sampling	sampling	4
dollar	dollar	4
prescription	prescription	5
sensibilities	sensibility	3
tickets	ticket	7
absences	absence	4
sectors	sector	6
wit	wit	3
germ	germ	3
style	style	12
members	member	5
grace	grace	9
disdain	disdain	4
discounts	discount	6
disorder	disorder	5
deficiency	deficiency	2
millennia	millennium	3
bearings	bearing	20
seafood	seafood	1
elite	elite	2
combustion	combustion	3
placebo	placebo	2
drawl	drawl	2
paucity	paucity	1
town	town	4
cuscus	cuscus	1
homer	homer	6
leftovers	leftover	2
complement	complement	7
devastation	devastation	5
affections	affection	1
gap	gap	7
imaging	imaging	4
custard	custard	1
shipments	shipment	2
debtors	debtor	1
quarter-century	quarter-century	1
source	source	11
chromium	chromium	1
goats	goat	4
chambers	chamber	6
cleaner	cleaner	21
tilt	tilt	9
sarcasm	sarcasm	1
escorts	escort	6
mainframe	mainframe	2
entrance	entrance	5
generals	general	10
landscape	landscape	6
monarchs	monarch	2
party	party	6
gunpowder	gunpowder	1
moods	mood	3
digs	dig	13
liberty	liberty	5
manager	manager	2
sharks	shark	5
okra	okra	3
occult	occult	7
selfishness	selfishness	1
rope	rope	4
belt	belt	10
sandstone	sandstone	1
greenhouse	greenhouse	2
scrimmage	scrimmage	3
fixes	fix	17
precursors	precursor	3
mustard	mustard	3
goal	goal	4
birds	bird	6
fractions	fraction	4
rigors	rigor	3
lakes	lake	3
duplication	duplication	2
immersion	immersion	5
shuffle	shuffle	5
mule	mule	2
consultants	consultant	1
warts	wart	3
view	view	13
birdie	birdie	3
motherfucker	motherfucker	1
downs	down	26
rebels	rebel	5
book	book	15
mandibles	mandible	1
splinters	splinter	4
fleas	flea	1
humanism	humanism	3
comb	comb	8
lamp	lamp	2
cage	cage	6
smellings	smelling	7
invaders	invader	1
stub	stub	9
witch	witch	5
bastards	bastard	4
apartments	apartment	1
harassment	harassment	2
acidity	acidity	3
bodies	body	12
distance	distance	8
dude	dude	2
sugars	sugar	4
loops	loop	15
publications	publication	4
river	river	1
repudiation	repudiation	3
mistrust	mistrust	3
shred	shred	3
cons	con	6
suspense	suspense	3
witchcraft	witchcraft	1
honor	honor	7
panels	panel	10
bladders	bladder	2
transcripts	transcript	2
sweaters	sweater	2
radar	radar	1
dandy	dandy	3
raspberries	raspberry	3
busts	bust	10
nationalities	nationality	2
mustaches	mustache	1
assaults	assault	7
sheriffs	sheriff	1
memorabilia	memorabilia	1
cluster	cluster	3
specks	speck	4
gatherings	gathering	13
triumph	triumph	6
capsule	capsule	9
insistence	insistence	3
grin	grin	2
blouses	blouse	1
commerce	commerce	3
miracles	miracle	2
habitats	habitat	1
hypotheses	hypothesis	3
dehydration	dehydration	3
beat	beat	34
maniac	maniac	3
ambience	ambience	2
wok	wok	1
grains	grain	15
parlours	parlour	2
inauguration	inauguration	2
wrestling	wrestling	6
properties	property	5
overhaul	overhaul	4
marker	marker	3
campsites	campsite	1
attack	attack	15
competence	competence	1
mushrooms	mushroom	7
wines	wine	4
mop	mop	3
gals	gal	3
flames	flame	4
flavours	flavour	4
nuclei	nucleus	6
distances	distance	8
classrooms	classroom	1
deterioration	deterioration	2
supervisor	supervisor	2
knobs	knob	4
cousin	cousin	1
bar	bar	19
redness	redness	2
publicist	publicist	1
hitter	hitter	2
ebony	ebony	4
ally	ally	3
request	request	5
probe	probe	6
pessimism	pessimism	2
tranquillity	tranquillity	3
idea	idea	5
companionship	companionship	1
killer	killer	4
couple	couple	9
chunks	chunk	4
business	business	9
vacuum	vacuum	5
cracks	crack	24
moustache	moustache	1
salivas	saliva	1
chronologies	chronology	3
fixture	fixture	4
brotherhood	brotherhood	4
delegation	delegation	2
fingers	finger	7
insurance	insurance	3
evangelist	evangelist	2
cardigan	cardigan	2
bog	bog	3
pates	pate	2
confirmation	confirmation	5
subtlety	subtlety	2
circle	circle	11
spider	spider	3
reply	reply	3
sting	sting	9
demeanor	demeanor	1
craziness	craziness	3
fight	fight	9
drama	drama	4
decades	decade	2
provider	provider	2
activism	activism	1
reps	rep	2
purification	purification	4
arses	arses	0
seat	seat	16
contrast	contrast	7
dances	dance	7
allergies	allergy	1
alleys	alley	2
environments	environment	2
command	command	12
theorist	theorist	1
equator	equator	2
comeback	comeback	2
make-up	make-up	3
trader	trader	1
consent	consent	2
errands	errand	1
composition	composition	9
hush	hush	6
pain	pain	7
ratio	ratio	2
homelessness	homelessness	1
corals	coral	5
proposal	proposal	3
loin	loin	2
globe	globe	3
fresco	fresco	3
bulletin	bulletin	2
skyline	skyline	2
sunglasses	sunglass	1
gamblers	gambler	2
grocer	grocer	1
bearers	bearer	4
giftedness	giftedness	0
pruning	pruning	4
activity	activity	6
terraces	terrace	5
remake	remake	2
arcade	arcade	2
self-interest	self-interest	2
dispersion	dispersion	3
tables	table	8
pit	pit	14
favourites	favourite	5
des	de	1
attribution	attribution	2
shelling	shelling	9
demons	demon	3
backer	backer	1
qualification	qualification	3
image	image	11
friendships	friendship	1
thorax	thorax	3
greens	green	14
tendon	tendon	1
announcements	announcement	2
ticket	ticket	7
shank	shank	9
act	act	15
grammar	grammar	1
staple	staple	7
driver	driver	5
stats	stats	0
mortars	mortar	4
compressor	compressor	1
colors	color	15
cucumbers	cucumber	2
ridge	ridge	11
essay	essay	4
games	game	14
warming	warming	6
ledge	ledge	1
drafts	draft	14
rays	ray	10
refund	refund	3
prose	prose	2
brainchild	brainchild	1
bunny	bunny	2
charger	charger	2
whiteness	whiteness	4
flu	flu	1
covenant	covenant	4
cabinet	cabinet	4
presidency	presidency	2
gamma	gamma	3
curls	curl	8
sin	sin	8
learners	learner	2
all_wiktionary_filtered_data	all_wiktionary_filtered_data	0
amputation	amputation	2
transcript	transcript	2
homosexuals	homosexual	2
liqueur	liqueur	1
decorations	decoration	3
coal	coal	5
rattlesnake	rattlesnake	1
ugliness	ugliness	2
shame	shame	7
orphanage	orphanage	2
flicker	flicker	6
dancer	dancer	2
metre	metre	3
searches	search	9
student	student	2
warp	warp	6
pantheon	pantheon	3
cuffs	cuff	4
lamb	lamb	6
appliances	appliance	2
programmers	programmer	1
electron	electron	1
municipality	municipality	2
locations	location	4
rap	rap	10
masturbation	masturbation	1
accompaniment	accompaniment	4
plaintiffs	plaintiff	1
quo	quo	0
tomb	tomb	1
allowance	allowance	7
students	student	2
donors	donor	2
lighting	lighting	10
atonement	atonement	2
telescopes	telescope	3
worldview	worldview	0
heir	heir	2
statue	statue	1
clean-up	clean-up	0
appetite	appetite	1
distinction	distinction	4
archives	archive	2
banners	banner	4
advantage	advantage	4
fishery	fishery	1
complacency	complacency	1
vans	van	5
awe	awe	3
ornament	ornament	3
turf	turf	4
soldier	soldier	3
texture	texture	5
giraffe	giraffe	1
voting	voting	6
appearances	appearance	6
seal	seal	15
mug	mug	5
tenor	tenor	7
leaflets	leaflet	3
intervention	intervention	5
booze	booze	2
committees	committee	2
figures	figure	18
bomber	bomber	3
rusher	rusher	3
curl	curl	8
losses	loss	8
airs	air	15
antibiotic	antibiotic	2
high-school	high-school	0
hospitalization	hospitalization	4
semifinal	semifinal	1
linebacker	linebacker	2
verbs	verb	2
mismanagement	mismanagement	1
cheese	cheese	4
motivation	motivation	3
galls	gall	8
perks	perk	2
ornaments	ornament	3
momentum	momentum	2
wedlock	wedlock	1
boot	boot	9
knuckles	knuckle	3
alteration	alteration	3
boundary	boundary	3
availability	availability	1
model	model	16
eaves	eaves	1
song	song	6
stances	stance	2
alibi	alibi	3
extraction	extraction	3
snowflake	snowflake	2
magma	magma	1
travellers	traveller	1
litigation	litigation	1
placements	placement	3
linen	linen	3
thermometer	thermometer	1
repayment	repayment	2
cigar	cigar	1
prevalence	prevalence	3
arch	arch	8
chimney	chimney	2
funk	funk	4
minute	minute	8
tailback	tailback	2
shit	shit	8
brothers	brother	5
commemoration	commemoration	2
background	background	9
wage	wage	2
shelter	shelter	7
ladder	ladder	4
cement	cement	8
season	season	6
logo	logo	1
compromises	compromise	5
baptism	baptism	1
warm-up	warm-up	1
commissioners	commissioner	2
corns	corn	9
foam	foam	3
bucks	buck	9
cadence	cadence	3
jazz	jazz	5
mantle	mantle	10
imam	imam	1
allure	allure	2
flagship	flagship	2
offspring	offspring	3
dentist	dentist	1
crop	crop	12
peel	peel	5
deliberations	deliberation	5
mpg	mpg	0
notions	notion	4
aliens	alien	7
foreskin	foreskin	2
lingerie	lingerie	1
boutique	boutique	1
stream	stream	10
ancestry	ancestry	2
officers	officer	5
artichoke	artichoke	2
uteri	uterus	1
planning	planning	7
pat	pat	7
thirst	thirst	4
valour	valour	1
lifeboat	lifeboat	1
contradictions	contradiction	3
stacking	stacking	3
roadway	roadway	1
unification	unification	3
crocodiles	crocodile	1
suppliers	supplier	1
oceans	ocean	2
sickle	sickle	1
gills	gill	4
intern	intern	3
mythology	mythology	2
topics	topic	2
rancher	rancher	1
economy	economy	4
variant	variant	6
ritual	ritual	5
pathologist	pathologist	1
baton	baton	5
wires	wire	9
handlers	handler	3
club	club	11
excuses	excuse	9
regulator	regulator	3
wills	will	6
births	birth	6
utterances	utterance	1
farts	fart	2
nation-state	nation-state	0
doctors	doctor	7
savings	saving	16
monopoly	monopoly	3
lacquer	lacquer	3
semen	semen	1
banker	banker	2
support	support	22
marijuana	marijuana	2
gains	gain	13
clubs	club	11
criticisms	criticism	3
spot	spot	20
novelty	novelty	4
urge	urge	5
balcony	balcony	2
bullet	bullet	3
notebooks	notebook	2
ounce	ounce	3
rationing	rationing	3
conferences	conference	3
northwester	northwester	3
grille	grille	3
interaction	interaction	2
explorers	explorer	2
hawk	hawk	6
accretion	accretion	6
rundown	rundown	1
turtleneck	turtleneck	1
dead-end	dead-end	1
outputs	output	6
balm	balm	2
flocks	flock	7
submarine	submarine	8
corruption	corruption	6
aureus	aureus	0
month	month	2
playbook	playbook	3
contraction	contraction	4
trip	trip	12
expression	expression	9
microwave	microwave	3
slope	slope	3
impatience	impatience	3
acumen	acumen	2
fodder	fodder	3
globalization	globalization	1
provisions	provision	5
jellyfish	jellyfish	2
fractures	fracture	9
vapor	vapor	2
sub	sub	3
fixation	fixation	4
pods	pod	6
bookstores	bookstore	1
theres	there	4
restraints	restraint	6
repatriation	repatriation	1
lure	lure	4
amusement	amusement	2
production	production	8
elevation	elevation	8
solution	solution	5
twist	twist	23
induction	induction	6
prostitution	prostitution	1
jail	jail	2
affluence	affluence	1
mutant	mutant	3
fins	fin	9
cylinder	cylinder	4
standards	standard	11
cadmium	cadmium	1
tool	tool	8
airspace	airspace	2
cake	cake	4
deities	deity	1
acquisitions	acquisition	4
fullness	fullness	4
officer	officer	5
ranger	ranger	3
cooking	cooking	6
intimidation	intimidation	4
manufacture	manufacture	6
womanhood	womanhood	3
markers	marker	3
deductions	deduction	6
stains	stain	9
mobility	mobility	1
lineage	lineage	5
peppers	pepper	6
arrays	array	6
snowstorm	snowstorm	1
charts	chart	5
tablet	tablet	4
airway	airway	4
summation	summation	4
zest	zest	3
opportunities	opportunity	1
joys	joy	4
discovery	discovery	4
earth	earth	9
reincarnation	reincarnation	3
subsidies	subsidy	1
allusions	allusion	1
enterprises	enterprise	3
marshal	marshal	6
volunteer	volunteer	7
initiation	initiation	4
comparisons	comparison	3
idiom	idiom	4
hallmark	hallmark	2
medications	medication	2
phlegm	phlegm	3
taxation	taxation	3
revenue	revenue	2
school	school	10
packets	packet	4
battalion	battalion	2
bastard	bastard	4
trope	trope	1
reflections	reflection	8
essayist	essayist	1
exemptions	exemption	3
pesos	peso	8
premium	premium	6
photo	photo	1
aversion	aversion	2
theology	theology	3
hounds	hound	3
privatisation	privatisation	1
cheek	cheek	5
niche	niche	4
locomotive	locomotive	2
oculus	oculus	1
decay	decay	8
videotape	videotape	3
vitamin	vitamin	1
fundraiser	fundraiser	2
resistance	resistance	11
whiz	whiz	3
offenders	offender	1
directive	directive	2
generators	generator	4
subscription	subscription	4
carton	carton	2
extremity	extremity	5
jeep	jeep	1
pond	pond	1
fig	fig	4
machine	machine	8
fellas	fella	1
merger	merger	2
skiing	skiing	2
fleet	fleet	7
pronouncements	pronouncement	1
transgression	transgression	3
abdomen	abdomen	2
cranes	crane	6
team	team	3
coefficients	coefficient	1
dab	dab	4
abuser	abuser	1
vestiges	vestige	1
hustle	hustle	7
nutrient	nutrient	3
prizes	prize	7
intellectuals	intellectual	4
backup	backup	5
tea	tea	5
veto	veto	4
pandanus	pandanus	2
staples	staple	7
outfielder	outfielder	2
missions	mission	5
siege	siege	1
tumor	tumor	1
calamity	calamity	1
endurance	endurance	2
modernism	modernism	3
foetus	foetus	1
constraint	constraint	3
correspondence	correspondence	5
glue	glue	3
massacres	massacre	2
freedom	freedom	2
site	site	4
interpreters	interpreter	4
punch	punch	6
dwarfs	dwarf	5
postage	postage	2
heres	here	7
evil	evil	6
trickle	trickle	2
fungi	fungi	2
behaviour	behaviour	4
settings	setting	32
dick	dick	2
peninsula	peninsula	1
granola	granola	1
passenger	passenger	1
uniform	uniform	6
arugula	arugula	1
collaboration	collaboration	2
auditors	auditor	3
bishops	bishop	3
cries	cry	12
advertisements	advertisement	1
forestry	forestry	1
groupings	grouping	5
fare	fare	6
termites	termite	1
passer	passer	5
survey	survey	9
app	app	0
reluctance	reluctance	2
aptitude	aptitude	1
job	job	17
coral	coral	5
bee	bee	2
palsy	palsy	3
standpoint	standpoint	1
homeland	homeland	1
candidates	candidate	2
crossroads	crossroad	1
conflicts	conflict	9
eater	eater	2
convenience	convenience	4
episode	episode	4
washcloth	washcloth	1
jurisprudence	jurisprudence	2
modernization	modernization	2
tree	tree	7
landfall	landfall	2
contributions	contribution	5
booms	boom	10
chequebook	chequebook	1
application	application	7
assumption	assumption	7
desert	desert	4
unfairness	unfairness	3
heartbeat	heartbeat	3
faults	fault	8
shields	shield	5
chill	chill	7
porters	porter	8
knocks	knock	11
breads	bread	3
immigrants	immigrant	1
ear-holes	ear-holes	0
nursery	nursery	2
republic	republic	2
sailor	sailor	3
nod	nod	7
midwife	midwife	1
ruble	ruble	2
resilience	resilience	2
amnesty	amnesty	4
pinch	pinch	12
berries	berry	4
foray	foray	4
gustation	gustation	1
withdrawal	withdrawal	9
continents	continent	4
tenant	tenant	4
headway	headway	2
granite	granite	2
poker	poker	2
waiters	waiter	2
adjustments	adjustment	5
mapping	mapping	8
mutation	mutation	3
shingles	shingle	4
fortune	fortune	4
regulation	regulation	7
concerts	concert	3
silence	silence	6
scam	scam	2
library	library	5
metres	metre	3
browser	browser	2
barge	barge	3
crops	crop	12
sheds	shed	6
zinc	zinc	2
mediation	mediation	2
suspect	suspect	6
seminars	seminar	2
sponsorship	sponsorship	1
herpes	herpes	2
mists	mist	4
deployment	deployment	1
logistics	logistics	1
toad	toad	1
returns	return	29
horror	horror	3
foliage	foliage	2
insanity	insanity	1
aquifer	aquifer	1
acuity	acuity	2
proton	proton	1
hazards	hazard	6
wedges	wedge	9
kernels	kernel	3
equipment	equipment	1
martyr	martyr	4
scotch	scotch	6
hopes	hope	9
bulkhead	bulkhead	1
tablespoon	tablespoon	2
horsepower	horsepower	1
intermediaries	intermediary	1
burglar	burglar	1
poodle	poodle	1
fax	fax	2
search	search	9
meatballs	meatball	1
warriors	warrior	1
jerk	jerk	11
fiat	fiat	1
insensitivity	insensitivity	1
ranchers	rancher	1
surfaces	surface	10
courtroom	courtroom	1
professors	professor	1
remission	remission	4
bushes	bush	9
ministers	minister	6
cholesterol	cholesterol	1
disasters	disaster	3
particulars	particular	9
prologue	prologue	1
normality	normality	4
modems	modem	1
estate	estate	3
automobile	automobile	2
manor	manor	2
particle	particle	3
stations	station	6
assault	assault	7
player	player	5
stocks	stock	27
linens	linen	3
researchers	researcher	1
spaceship	spaceship	1
shortfall	shortfall	1
culprit	culprit	1
parishioners	parishioner	1
standstill	standstill	2
gallbladder	gallbladder	1
fracture	fracture	9
preemption	preemption	4
appetites	appetite	1
appropriation	appropriation	3
hobbies	hobby	3
faux	faux	1
pub	pub	1
navel	navel	2
laws	law	7
biosphere	biosphere	1
enemy	enemy	4
ox	ox	2
point	point	40
lily	lily	1
airfield	airfield	1
lemon	lemon	5
monkey	monkey	4
shells	shell	18
livelihood	livelihood	1
sesame	sesame	1
sacrifice	sacrifice	9
offenses	offense	5
plumber	plumber	1
ice	ice	11
motive	motive	5
flavors	flavor	4
mollusc	mollusc	1
rosary	rosary	1
dictator	dictator	3
stasis	stasis	2
illustrations	illustration	4
assassination	assassination	2
camcorder	camcorder	1
builders	builder	3
migrant	migrant	2
crevices	crevice	2
winners	winner	3
franchise	franchise	4
buddies	buddy	1
land	land	18
angels	angel	4
incline	incline	8
subdivision	subdivision	5
immunisation	immunisation	1
staff	staff	8
tonne	tonne	1
greys	grey	13
zones	zone	6
custodian	custodian	1
pieces	piece	18
quality	quality	7
explorer	explorer	2
recording	recording	8
grassroots	grassroots	2
placentas	placenta	2
schizophrenia	schizophrenia	1
grievances	grievance	3
tsunami	tsunami	1
clout	clout	5
arrows	arrow	2
beneficiary	beneficiary	3
newcomers	newcomer	2
towel	towel	2
capacity	capacity	9
feminism	feminism	2
poverty	poverty	1
clerics	cleric	1
hail	hail	8
saliva	saliva	1
loot	loot	4
bacteria	bacteria	1
ownership	ownership	3
suicides	suicide	2
campsite	campsite	1
bras	bra	1
cross-examination	cross-examination	1
nylon	nylon	2
resemblance	resemblance	1
dash	dash	12
shots	shot	38
inability	inability	2
colours	colour	15
respite	respite	6
chef	chef	1
nails	nail	10
cores	core	11
lithium	lithium	1
mascara	mascara	1
suspenders	suspender	1
wolf	wolf	6
polarization	polarization	2
summaries	summary	3
uniqueness	uniqueness	1
quarts	quart	3
cycling	cycling	6
ices	ice	11
extensions	extension	12
loudspeaker	loudspeaker	1
waitresses	waitress	2
menus	menu	4
investor	investor	1
boats	boat	3
slits	slit	6
logic	logic	5
cinnamon	cinnamon	3
portraits	portrait	2
puddle	puddle	12
rapist	rapist	1
moans	moan	2
gulp	gulp	4
crew	crew	5
hearings	hearing	12
salad	salad	1
outrage	outrage	7
manner	manner	3
modernity	modernity	1
outfits	outfit	4
accumulation	accumulation	4
propane	propane	1
clumps	clump	7
composure	composure	1
moron	moron	2
horn	horn	12
soccer	soccer	1
dawn	dawn	6
frogs	frog	4
midpoint	midpoint	1
proposals	proposal	3
putter	putter	5
block	block	28
roar	roar	9
informant	informant	2
minerals	mineral	3
area	area	6
utopia	utopia	4
seminar	seminar	2
statesman	statesman	1
donkey	donkey	2
century	century	2
mama	mama	2
disease	disease	1
shower	shower	11
fabric	fabric	2
disc	disc	4
ribbon	ribbon	4
sightseeing	sightseeing	2
epitome	epitome	2
exposition	exposition	4
summary	summary	3
compatriots	compatriot	1
emu	emu	2
limitation	limitation	5
bio	bio	0
substance	substance	7
underwear	underwear	1
yards	yard	9
gear	gear	5
masquerade	masquerade	5
rugs	rug	1
mainland	mainland	1
secularism	secularism	1
horizons	horizon	4
baron	baron	3
cookbook	cookbook	1
subspecies	subspecies	1
freezer	freezer	1
prince	prince	1
entertainer	entertainer	1
attractiveness	attractiveness	2
tracks	track	16
inadequacies	inadequacy	3
elevations	elevation	8
runners	runner	10
surge	surge	8
newcomer	newcomer	2
calcium	calcium	1
week	week	3
backlog	backlog	4
surgery	surgery	4
odours	odour	2
buffet	buffet	5
reference	reference	11
appropriations	appropriation	3
fields	field	21
rink	rink	1
northeaster	northeaster	3
stewardship	stewardship	1
broadside	broadside	8
temperature	temperature	2
gaming	gaming	2
sanity	sanity	1
saws	saw	28
pubs	pub	1
elements	element	7
widow	widow	2
hoe	hoe	2
breaths	breath	5
schooling	schooling	6
approach	approach	14
plug	plug	13
nobles	noble	5
corona	corona	6
panacea	panacea	2
drummer	drummer	1
sorts	sort	6
retrospect	retrospect	2
pamphlets	pamphlet	2
alligators	alligator	3
adaptations	adaptation	3
amateurs	amateur	4
garner	garner	4
bull	bull	15
difficulty	difficulty	4
dot	dot	8
amends	amends	5
utensils	utensil	1
tasks	task	4
apartment	apartment	1
innuendo	innuendo	1
sameness	sameness	2
diffraction	diffraction	1
southwester	southwester	3
ghetto	ghetto	3
principle	principle	6
complicity	complicity	1
breadth	breadth	2
doubt	doubt	4
baby	baby	8
extremism	extremism	1
champs	champ	3
holocaust	holocaust	2
boys	boy	4
groceries	grocery	2
inactivity	inactivity	3
structuring	structuring	1
afternoon	afternoon	2
slate	slate	7
carpets	carpet	5
distractions	distraction	4
surprise	surprise	6
taxonomy	taxonomy	3
explorations	exploration	3
bonanza	bonanza	2
supra	supra	1
variables	variable	7
footwear	footwear	2
satellites	satellite	5
deportation	deportation	2
industries	industry	3
fishing	fishing	4
breakfasts	breakfast	3
hardships	hardship	3
bonding	bonding	7
wireless	wireless	5
peasant	peasant	3
payoff	payoff	4
coloring	coloring	9
upland	upland	2
disciplines	discipline	7
content	content	10
cultivation	cultivation	5
scarf	scarf	5
necessities	necessity	2
tendrils	tendril	1
lifeline	lifeline	4
infractions	infraction	1
warfare	warfare	2
ponds	pond	1
movie	movie	1
supplements	supplement	6
objection	objection	4
yoke	yoke	10
paramedics	paramedic	1
undersecretary	undersecretary	1
slogan	slogan	1
damages	damage	7
cushion	cushion	4
sundown	sundown	1
intuition	intuition	2
component	component	3
chapter	chapter	5
auspices	auspex	1
payload	payload	2
friends	friend	5
recipe	recipe	1
template	template	1
bedrock	bedrock	2
bistro	bistro	1
march	march	14
wreck	wreck	5
restrooms	restroom	1
detector	detector	3
dirt	dirt	5
stimulants	stimulant	3
sod	sod	5
intake	intake	3
jury	jury	2
tumors	tumor	1
survivors	survivor	3
mountain	mountain	2
paprika	paprika	2
array	array	6
storybook	storybook	1
chili	chili	2
issue	issue	16
pilgrimage	pilgrimage	1
album	album	2
stews	stew	5
eclipses	eclipse	3
sir	sir	2
getaway	getaway	2
daddy	daddy	1
turpentine	turpentine	2
contamination	contamination	3
adversary	adversary	1
unwillingness	unwillingness	1
mandate	mandate	6
clerk	clerk	3
nations	nation	4
trimester	trimester	6
pastels	pastel	3
shack	shack	3
shelters	shelter	7
cedar	cedar	3
infancy	infancy	2
stupidity	stupidity	2
imprint	imprint	7
circumstances	circumstance	4
incest	incest	1
baseball	baseball	2
indexes	index	8
spud	spud	4
knapsack	knapsack	1
injustices	injustice	2
engagement	engagement	7
stethoscope	stethoscope	1
option	option	3
makings	making	52
bag	bag	14
pole	pole	13
possibility	possibility	4
capability	capability	3
scope	scope	4
reconciliation	reconciliation	2
wrongs	wrong	13
puppets	puppet	3
taxi	taxi	3
gentlemen	gentleman	2
scandals	scandal	2
pedestal	pedestal	3
degradation	degradation	2
lantern	lantern	1
handwriting	handwriting	3
excavations	excavation	4
mint	mint	8
childhood	childhood	2
gangsters	gangster	1
teller	teller	4
walnut	walnut	3
tomorrow	tomorrow	3
medalist	medalist	2
hubs	hub	2
peoples	people	6
missiles	missile	2
altars	altar	2
piss	piss	3
middays	midday	1
foothold	foothold	3
appreciation	appreciation	5
sources	source	11
semiconductor	semiconductor	2
capitalism	capitalism	1
ramifications	ramification	4
escalation	escalation	1
foodstuffs	foodstuff	2
association	association	8
duties	duty	3
crossword	crossword	1
security	security	9
diary	diary	2
women	woman	4
lobster	lobster	2
justices	justice	4
environmentalist	environmentalist	1
holes	hole	10
stunts	stunt	4
rivalries	rivalry	1
softball	softball	2
pitchers	pitcher	5
institutions	institution	5
captions	caption	4
character	character	10
skirt	skirt	8
emergency	emergency	3
configuration	configuration	2
streamers	streamer	4
punishments	punishment	1
generalisation	generalisation	4
altitude	altitude	3
puree	puree	2
bills	bill	13
credits	credit	13
exhibit	exhibit	6
expiration	expiration	3
cemeteries	cemetery	1
bowel	bowel	1
ventures	venture	6
influences	influence	8
heartbreak	heartbreak	1
jet	jet	9
eyebrow	eyebrow	1
occupancy	occupancy	2
chalk	chalk	5
religion	religion	2
deputies	deputy	4
objectivity	objectivity	1
trim	trim	17
traits	trait	1
locale	locale	1
rescue	rescue	3
philtre	philtre	1
pamphlet	pamphlet	2
growers	grower	1
willingness	willingness	1
temps	temp	1
pilgrims	pilgrim	3
motto	motto	1
domino	domino	4
manoeuvre	manoeuvre	8
mantra	mantra	2
regiment	regiment	4
articulation	articulation	5
spouses	spouse	1
putts	putt	3
calorie	calorie	2
leaders	leader	2
lad	lad	2
intolerance	intolerance	2
consolation	consolation	2
recruiter	recruiter	2
convection	convection	2
transit	transit	7
stash	stash	2
bets	bet	5
evaluation	evaluation	2
landlord	landlord	1
baths	bath	7
heroine	heroine	2
border	border	10
immortality	immortality	2
prostitute	prostitute	2
considerations	consideration	6
flank	flank	5
supervisors	supervisor	2
startup	startup	2
developer	developer	2
agreements	agreement	6
agreement	agreement	6
recesses	recess	8
skates	skate	3
others	others	0
mix	mix	9
goatee	goatee	1
leg	leg	9
smattering	smattering	5
housekeeper	housekeeper	1
indignation	indignation	1
spreadsheet	spreadsheet	1
centimetres	centimetre	1
clove	clove	7
fingernail	fingernail	1
releases	release	22
stipend	stipend	1
life	life	14
protest	protest	6
sphere	sphere	7
electricity	electricity	3
charges	charge	40
sake	sake	3
enlightenment	enlightenment	3
patrols	patrol	4
kitchens	kitchen	1
sensitivity	sensitivity	5
seed	seed	13
desperation	desperation	2
reverence	reverence	4
study	study	16
widower	widower	1
soles	sol	3
leverage	leverage	5
picture	picture	12
ancestor	ancestor	1
historian	historian	1
sellout	sellout	1
wasteland	wasteland	1
maizes	maize	2
autobiography	autobiography	1
allegations	allegation	2
assets	asset	1
smuggling	smuggling	2
feathers	feather	7
scissors	scissors	4
nostrils	nostril	1
rainbow	rainbow	2
alliance	alliance	5
preachers	preacher	1
garages	garage	3
eggs	egg	5
shreds	shred	3
veteran	veteran	4
sex	sex	6
thralldom	thralldom	1
vogue	vogue	2
proportions	proportion	7
cod	cod	7
wicker	wicker	2
flaps	flap	11
cosmos	cosmos	2
ordinance	ordinance	3
socialists	socialist	2
badge	badge	3
chuckle	chuckle	2
transplants	transplant	7
capitalization	capitalization	4
decrease	decrease	6
patents	patent	7
penetration	penetration	6
pledge	pledge	9
doubles	double	21
volleyball	volleyball	2
lunchtime	lunchtime	1
girlfriends	girlfriend	2
jumper	jumper	8
eel	eel	2
bourbon	bourbon	4
crusader	crusader	2
insects	insect	2
reparations	reparation	4
firefighter	firefighter	1
fault	fault	8
appearance	appearance	6
institute	institute	3
cucumber	cucumber	2
organ	organ	6
spiders	spider	3
swells	swell	11
proponent	proponent	1
labors	labor	10
narcissism	narcissism	1
weeks	week	3
dams	dam	4
illegitimacy	illegitimacy	2
watts	watt	2
alternatives	alternative	4
shovels	shovel	5
cup	cup	11
transport	transport	11
moth	moth	1
pianist	pianist	1
co-founder	co-founder	0
escort	escort	6
tenderloin	tenderloin	2
partisanship	partisanship	1
socialization	socialization	3
biz	biz	1
gag	gag	9
tournaments	tournament	2
portals	portal	3
stool	stool	8
recycling	recycling	3
paradigms	paradigm	4
jams	jam	11
lubricant	lubricant	1
refinery	refinery	1
consensus	consensus	1
mortgage	mortgage	2
adjustment	adjustment	5
openings	opening	25
anglers	angler	3
roulette	roulette	3
stunt	stunt	4
salientians	salientian	2
shooters	shooter	5
fence	fence	7
disputes	dispute	4
torsos	torso	1
bedrooms	bedroom	1
bunches	bunch	5
fatality	fatality	2
neighbor	neighbor	4
scratches	scratch	17
discernment	discernment	5
trough	trough	6
forks	fork	9
drainage	drainage	1
cameo	cameo	1
computation	computation	2
leeway	leeway	2
outline	outline	6
electronics	electronics	1
standings	standing	21
retreats	retreat	11
parasite	parasite	2
anchors	anchor	5
pages	page	9
towels	towel	2
fibers	fiber	5
cure	cure	5
avenue	avenue	2
monsters	monster	5
vengeance	vengeance	1
strategist	strategist	1
organisations	organisation	7
cereals	cereal	4
snowball	snowball	6
bites	bite	13
carcasses	carcass	1
elbows	elbow	7
enlargement	enlargement	4
motives	motif	3
heirloom	heirloom	2
avalanche	avalanche	3
rogue	rogue	1
diversification	diversification	2
styling	styling	3
gleam	gleam	5
consequence	consequence	3
situation	situation	5
spirals	spiral	10
inequity	inequity	1
logos	logo	1
fool	fool	7
artifact	artifact	1
pickups	pickup	9
prognosis	prognosis	2
nationality	nationality	2
repertoire	repertoire	2
shadow	shadow	12
priesthood	priesthood	1
arrests	arrest	6
market	market	9
industrialization	industrialization	1
tenants	tenant	4
interns	intern	3
napkin	napkin	2
mom	mom	1
villain	villain	2
bum	bum	7
possessions	possession	7
psychoanalysis	psychoanalysis	1
vulvas	vulva	1
bulls	bull	15
programmes	programme	9
stamps	stamp	18
shine	shine	11
stillness	stillness	3
anthropology	anthropology	1
complexities	complexity	1
audit	audit	4
assignments	assignment	6
plurality	plurality	3
ordination	ordination	3
hostility	hostility	4
fringes	fringe	8
feat	feat	1
baggage	baggage	3
confrontations	confrontation	5
chrysalis	chrysalis	1
theologian	theologian	1
asteroid	asteroid	2
caps	cap	11
disagreement	disagreement	3
chunk	chunk	4
elf	elf	2
night	night	8
attrition	attrition	5
holiness	holiness	1
wages	wage	2
condominium	condominium	2
mover	mover	4
cosmetics	cosmetic	3
networks	network	6
mats	mat	10
snowboard	snowboard	2
variability	variability	2
bounty	bounty	4
peasants	peasant	3
grays	gray	15
breeding	breeding	10
dissenters	dissenter	1
enzyme	enzyme	1
abnormality	abnormality	4
ambassadors	ambassador	2
eddo	eddo	1
vows	vow	3
enrollment	enrollment	2
frontier	frontier	3
rage	rage	8
rapids	rapid	3
uvulas	uvula	1
rote	rote	1
actresses	actress	1
developers	developer	2
pistols	pistol	1
pronouncement	pronouncement	1
luxuries	luxury	3
co-worker	co-worker	1
anthropologist	anthropologist	1
bigotry	bigotry	1
kale	kale	3
hookers	hooker	5
subgroups	subgroup	2
bird	bird	6
evaporation	evaporation	2
suburb	suburb	1
measures	measure	13
warrants	warrant	6
midday	midday	1
extremities	extremity	5
cards	card	13
burrows	burrow	2
foreheads	forehead	2
enthusiasts	enthusiast	2
computers	computer	2
cognac	cognac	1
pageant	pageant	2
deli	deli	1
regularity	regularity	2
believer	believer	2
astronaut	astronaut	1
jock	jock	2
rags	rag	11
forearms	forearm	2
pollution	pollution	3
callers	caller	9
tsp	tsp	0
doe	doe	2
testicles	testicle	1
copy	copy	8
calculator	calculator	2
reactor	reactor	2
intersection	intersection	6
dudes	dude	2
hole	hole	10
minority	minority	3
similarity	similarity	2
examples	example	6
arousal	arousal	4
hipbones	hipbone	1
mechanic	mechanic	3
divisions	division	12
suction	suction	4
pathos	pathos	3
dispatches	dispatch	9
sentence	sentence	4
oils	oil	6
printers	printer	3
specialties	specialty	3
aquaculture	aquaculture	1
kings	king	10
spring	spring	11
hurricane	hurricane	1
knee	knee	3
netting	netting	6
inch	inch	3
candies	candy	2
safari	safari	1
traveler	traveler	1
fleets	fleet	7
gears	gear	5
emotions	emotion	1
tuberculosis	tuberculosis	1
upshot	upshot	1
condition	condition	13
stenches	stench	1
exporter	exporter	1
citizens	citizen	1
blockage	blockage	3
halt	halt	8
cornmeal	cornmeal	1
childcare	childcare	1
tint	tint	2
hanger	hanger	2
luggage	luggage	1
chairman	chairman	2
threat	threat	4
manslaughter	manslaughter	1
redwood	redwood	2
cessation	cessation	1
moment	moment	6
courts	court	14
showroom	showroom	1
allegation	allegation	2
muzzle	muzzle	7
stints	stint	5
knack	knack	1
grits	grit	4
halibut	halibut	2
payments	payment	3
acts	act	15
scheme	scheme	7
loafers	loafer	2
gem	gem	5
vagina	vagina	1
trailers	trailer	4
punishment	punishment	1
prerogative	prerogative	1
geology	geology	1
cholera	cholera	1
usefulness	usefulness	1
fingernails	fingernail	1
iconography	iconography	1
silhouette	silhouette	4
erosion	erosion	4
allies	ally	3
implementation	implementation	2
labium	labium	1
ferry	ferry	5
belts	belt	10
touch	touch	27
nephews	nephew	1
ankle	ankle	1
demand	demand	11
burdens	burden	6
recovery	recovery	3
ward	ward	8
structures	structure	6
whiskers	whisker	3
quadrant	quadrant	4
tycoon	tycoon	1
duck	duck	8
dolphins	dolphin	2
blanket	blanket	6
bank	bank	18
deficit	deficit	4
counterattack	counterattack	3
establishments	establishment	7
traditions	tradition	2
beginners	beginner	2
biotechnology	biotechnology	2
rhp	rhp	0
extravaganza	extravaganza	1
newspapers	newspaper	4
allotment	allotment	2
impunity	impunity	1
tech	tech	1
symphony	symphony	2
seekers	seeker	2
scuba	scuba	1
ravioli	ravioli	1
tofu	tofu	1
bellies	belly	6
crow	crow	9
penchant	penchant	1
entrees	entree	4
advisers	adviser	1
brethren	brother	5
lemonade	lemonade	1
debts	debt	3
sensor	sensor	1
china	china	4
whores	whore	4
protection	protection	7
segment	segment	4
psychiatry	psychiatry	1
buck	buck	9
transfer	transfer	15
teaspoon	teaspoon	2
self-esteem	self-esteem	1
outta	outta	0
intrigues	intrigue	4
retriever	retriever	1
liberties	liberty	5
juggernaut	juggernaut	3
etiology	etiology	2
reefs	reef	6
maid	maid	2
tort	tort	1
investigation	investigation	2
stockings	stocking	9
rains	rain	4
respirator	respirator	2
cab	cab	4
jumpsuit	jumpsuit	1
alcohol	alcohol	2
dexterity	dexterity	1
fore	fore	3
knees	knee	3
footprint	footprint	3
walnuts	walnut	3
cattle	cattle	1
cooks	cook	7
intelligences	intelligence	5
broth	broth	2
army	army	3
heels	heel	11
annals	annals	2
rigging	rigging	6
policies	policy	3
puses	pus	3
ashtray	ashtray	1
blunder	blunder	4
beginner	beginner	2
activists	activist	2
mouthful	mouthful	2
outlaws	outlaw	4
philosophies	philosophy	3
brightness	brightness	3
variety	variety	6
chords	chord	4
handbasket	handbasket	1
results	result	7
thesis	thesis	2
raccoon	raccoon	2
ethanol	ethanol	1
tutorial	tutorial	2
harem	harem	1
jockey	jockey	5
translation	translation	7
facet	facet	2
gunmen	gunman	2
extracts	extract	10
von	von	0
entertainment	entertainment	1
airwaves	airwave	1
rump	rump	3
nerve	nerve	4
acorn	acorn	1
assistance	assistance	2
directives	directive	2
impasse	impasse	2
ploy	ploy	2
exhale	exhale	2
refrigerator	refrigerator	1
motorcar	motorcar	1
destiny	destiny	3
laces	lace	7
prestige	prestige	1
sturgeon	sturgeon	1
hallucinations	hallucination	3
tome	tome	1
pickles	pickle	3
fireball	fireball	4
heterogeneity	heterogeneity	1
manoeuvres	manoeuvre	8
amphibians	amphibian	4
brigades	brigade	2
illusions	illusion	4
gully	gully	1
vigilance	vigilance	2
internist	internist	1
button	button	9
incentive	incentive	2
dart	dart	6
philanthropist	philanthropist	1
mammal	mammal	1
fangs	fang	4
fetuses	fetus	1
giggles	giggle	2
microprocessor	microprocessor	1
rehab	rehab	0
shovel	shovel	5
doorbell	doorbell	1
clashes	clash	7
sector	sector	6
cause	cause	7
payroll	payroll	3
surf	surf	4
nodes	node	8
gulls	gull	4
movers	mover	4
tremor	tremor	4
abandonment	abandonment	3
oxen	ox	2
extension	extension	12
board	board	13
wristwatch	wristwatch	1
youngsters	youngster	1
petals	petal	1
biscuit	biscuit	2
alma	alma	0
dearth	dearth	2
dam	dam	4
altar	altar	2
signature	signature	5
tantrum	tantrum	1
insight	insight	4
squirrels	squirrel	2
candle	candle	3
apparel	apparel	2
marrow	marrow	5
calendars	calendar	4
griefs	grief	2
tavern	tavern	1
blend	blend	6
casket	casket	3
syllable	syllable	1
columns	column	9
whitetail	whitetail	1
springtime	springtime	1
bra	bra	1
tusks	tusk	4
packaging	packaging	4
icing	icing	6
winds	wind	15
lighthouse	lighthouse	1
curvature	curvature	3
injection	injection	3
coward	coward	2
intruder	intruder	1
hockey	hockey	2
star	star	12
aluminum	aluminum	1
evacuees	evacuee	1
smudge	smudge	3
visitors	visitor	1
environs	environs	3
buoy	buoy	4
editor-in-chief	editor-in-chief	0
frameworks	framework	3
reciprocity	reciprocity	2
whisper	whisper	3
hat	hat	4
newscaster	newscaster	1
downriver	downriver	1
bottles	bottle	5
windmill	windmill	2
fireflies	firefly	2
postcard	postcard	1
funeral	funeral	1
inspector	inspector	2
bikini	bikini	2
miracle	miracle	2
environmentalism	environmentalism	2
hotbed	hotbed	2
francs	franc	1
promises	promise	6
cashier	cashier	4
temper	temper	9
pyramid	pyramid	7
preamble	preamble	2
cost	cost	5
giver	giver	2
hurdle	hurdle	4
promise	promise	6
cracker	cracker	5
binoculars	binoculars	1
horrors	horror	3
levels	level	19
weekdays	weekday	1
moat	moat	1
pair	pair	9
percentage	percentage	2
blueberry	blueberry	2
staircase	staircase	1
alphabet	alphabet	2
attributions	attribution	2
workload	workload	1
commonwealth	commonwealth	4
removal	removal	2
helmet	helmet	2
thief	thief	1
cubes	cube	7
draught	draught	7
manipulation	manipulation	2
rig	rig	11
toddler	toddler	1
scholar	scholar	3
lions	lion	4
valuation	valuation	2
decree	decree	3
odors	odor	2
turnips	turnip	2
sideboard	sideboard	3
relations	relation	6
stem	stem	10
fold	fold	12
runner-up	runner-up	1
acres	acre	3
thicket	thicket	1
bacon	bacon	3
nigger	nigger	1
plans	plan	7
coffins	coffin	2
peso	peso	8
preacher	preacher	1
concoction	concoction	4
lexicon	lexicon	2
collections	collection	4
kit	kit	4
disorders	disorder	5
ventilator	ventilator	2
vault	vault	6
fireplaces	fireplace	1
winnings	winning	7
holders	holder	3
like	like	11
heavens	heaven	2
hamlet	hamlet	3
predicament	predicament	1
molecule	molecule	2
zipper	zipper	2
eruption	eruption	6
appetiser	appetiser	1
sheet	sheet	10
regime	regime	2
daybreak	daybreak	1
enemies	enemy	4
satchel	satchel	1
amplifier	amplifier	1
emblems	emblem	2
glaciers	glacier	1
docks	dock	12
trap	trap	12
camaraderie	camaraderie	1
portrayal	portrayal	5
nook	nook	2
garbage	garbage	3
briefs	brief	6
clientele	clientele	1
shooting	shooting	22
coffers	coffer	2
tip	tip	14
misunderstanding	misunderstanding	3
cleavage	cleavage	5
toy	toy	8
cache	cache	4
relation	relation	6
pedal	pedal	5
entrepreneurs	entrepreneur	1
hungriness	hungriness	3
tolerance	tolerance	5
changes	change	20
diaspora	diaspora	3
turbines	turbine	1
demise	demise	2
privatization	privatization	1
obsessions	obsession	2
credentials	credential	1
compound	compound	11
aggressor	aggressor	2
furnace	furnace	1
commotion	commotion	3
foods	food	3
titles	title	12
vigor	vigor	3
reprimand	reprimand	3
barbarians	barbarian	3
marines	marine	7
pimp	pimp	2
administrations	administration	6
handkerchief	handkerchief	1
applications	application	7
probes	probe	6
coupons	coupon	2
purchase	purchase	5
appeasement	appeasement	1
liars	liar	1
faraway	faraway	2
barometer	barometer	1
ordeal	ordeal	2
weapon	weapon	2
obstacle	obstacle	2
receivers	receiver	6
rotor	rotor	3
plutonium	plutonium	1
heart	heart	10
fulfillment	fulfillment	2
emperors	emperor	4
service	service	18
servants	servant	2
feeder	feeder	6
weapons	weapon	2
latitude	latitude	4
phrasing	phrasing	4
tides	tide	6
sirens	siren	5
excitement	excitement	4
cooperation	cooperation	2
respects	respect	9
affirmation	affirmation	4
lords	lord	4
adobe	adobe	2
stockholders	stockholder	1
head	head	42
slugger	slugger	2
firearm	firearm	1
fertility	fertility	3
cot	cot	3
rigour	rigour	3
fetish	fetish	3
afterlife	afterlife	1
relevance	relevance	1
cleanup	cleanup	3
trappings	trapping	5
nickel	nickel	4
unison	unison	3
judgment	judgment	7
interview	interview	5
lawmaker	lawmaker	1
salinity	salinity	2
mud	mud	4
loading	loading	10
proofs	proof	12
terpsichore	terpsichore	2
determinant	determinant	4
minister	minister	6
phobia	phobia	1
sandbags	sandbag	6
taxpayer	taxpayer	1
addiction	addiction	3
refreshments	refreshment	2
journalism	journalism	2
picket	picket	8
recruiting	recruiting	3
navy	navy	3
oblivion	oblivion	2
seminary	seminary	2
elation	elation	2
concentration	concentration	7
coaches	coach	7
holly	holly	2
cyst	cyst	2
mouthpiece	mouthpiece	6
und	und	0
mouse	mouse	6
sunsets	sunset	5
electorate	electorate	1
mite	mite	2
confidant	confidant	1
deg	deg	0
discipline	discipline	7
independence	independence	3
posters	poster	3
bearer	bearer	4
monitoring	monitoring	3
reclamation	reclamation	3
category	category	2
stilts	stilt	4
dance	dance	7
columnist	columnist	1
terrorists	terrorist	1
humor	humor	7
hips	hip	6
fantasy	fantasy	4
sensation	sensation	5
parlors	parlor	2
pitches	pitch	22
beverages	beverage	1
valves	valve	5
chills	chill	7
genres	genre	4
apology	apology	3
half-hour	half-hour	1
hall	hall	13
cheesecake	cheesecake	2
explanations	explanation	3
alchemy	alchemy	2
use	use	13
elder	elder	4
forefront	forefront	2
inscription	inscription	3
self-government	self-government	1
mysticism	mysticism	2
roofs	roof	5
loyalties	loyalty	3
towers	tower	4
synagogue	synagogue	1
pill	pill	5
loadings	loading	10
degree	degree	7
scarcity	scarcity	1
phrases	phrase	6
genealogy	genealogy	2
wagon	wagon	5
renaissance	renaissance	2
drought	drought	2
slant	slant	6
windshield	windshield	1
six-pack	six-pack	1
novelist	novelist	1
subscribers	subscriber	3
processing	processing	8
layout	layout	2
canals	canal	4
forefinger	forefinger	1
stables	stable	7
rectum	rectum	1
perspectives	perspective	2
heating	heating	6
taco	taco	2
magnate	magnate	1
shell	shell	18
rhino	rhino	1
interiors	interior	8
corridor	corridor	1
philtrum	philtrum	0
disciple	disciple	1
expedition	expedition	5
metaphysics	metaphysics	1
indoctrination	indoctrination	1
ammo	ammo	1
urine	urine	1
gardeners	gardener	2
intonation	intonation	4
memo	memo	1
aid	aid	6
apg	apg	0
parcels	parcel	7
fertilisation	fertilisation	2
detail	detail	7
trawl	trawl	3
metamorphosis	metamorphosis	3
legalization	legalization	1
resorts	resort	6
robot	robot	1
maternity	maternity	3
dasheens	dasheen	3
autopilot	autopilot	2
austerity	austerity	1
typewriter	typewriter	1
donation	donation	2
yoghourt	yoghourt	1
mallet	mallet	3
claims	claim	11
paraphernalia	paraphernalia	1
coop	coop	2
mane	mane	2
advertisement	advertisement	1
grit	grit	4
coins	coin	3
catarrh	catarrh	1
lease	lease	7
outpouring	outpouring	5
interviews	interview	5
magistrates	magistrate	1
date	date	13
excrements	excrement	1
neon	neon	1
witches	witch	5
symbolism	symbolism	3
fun	fun	4
correspondents	correspondent	3
sects	sect	2
regulators	regulator	3
cappuccino	cappuccino	1
agenda	agenda	2
thugs	thug	1
doctrine	doctrine	1
monks	monk	2
memorial	memorial	3
para	para	5
skillet	skillet	1
windpipes	windpipe	1
motifs	motif	3
milling	milling	5
murmur	murmur	6
result	result	7
volcano	volcano	2
subcommittee	subcommittee	1
prominence	prominence	3
excellence	excellence	2
trips	trip	12
demeanour	demeanour	1
mosaic	mosaic	7
localities	locality	1
accents	accent	7
hymn	hymn	3
snowdrifts	snowdrift	1
oath	oath	3
shins	shin	5
hotels	hotel	1
lids	lid	3
discussions	discussion	2
vanity	vanity	4
pastry	pastry	2
geologists	geologist	1
banks	bank	18
cashmere	cashmere	3
galleries	gallery	7
detectors	detector	3
rodent	rodent	1
portion	portion	8
thumb	thumb	6
rental	rental	4
rows	row	8
woe	woe	2
coccyxes	coccyx	1
lobbying	lobbying	1
thrills	thrill	7
caribous	caribou	1
tarmac	tarmac	3
blip	blip	2
diners	diner	3
soybean	soybean	3
exhaustion	exhaustion	3
exaggeration	exaggeration	3
shipping	shipping	7
prosecutor	prosecutor	1
atrium	atrium	2
rain	rain	4
clots	clot	5
directories	directory	2
corporation	corporation	2
hives	hive	6
wholesalers	wholesaler	1
commodities	commodity	1
detachment	detachment	5
mistress	mistress	3
taste	taste	13
adulation	adulation	1
coordinates	coordinate	6
baking	baking	7
nickname	nickname	3
poem	poem	1
ignition	ignition	3
presidents	president	6
bash	bash	3
side	side	14
antecedents	antecedent	5
states	state	11
subtitles	subtitle	3
technique	technique	2
hoop	hoop	5
components	component	3
bribe	bribe	2
scriptures	scripture	2
oats	oat	2
fragments	fragment	4
connection	connection	9
grandeur	grandeur	2
decorum	decorum	1
encroachment	encroachment	3
tours	tour	4
vortex	vortex	2
yam	yam	4
levees	levee	3
jade	jade	7
lockers	locker	3
proximity	proximity	3
oxidation	oxidation	1
latency	latency	3
evocation	evocation	3
golfer	golfer	1
restrictions	restriction	3
vulva	vulva	1
swirl	swirl	3
candles	candle	3
thinker	thinker	2
flash	flash	19
clarinet	clarinet	1
carriages	carriage	5
door	door	5
exemption	exemption	3
helplessness	helplessness	3
mailing	mailing	4
additives	additive	3
knob	knob	4
lambs	lamb	6
windfall	windfall	2
cartons	carton	2
baseman	baseman	0
subordination	subordination	5
cleats	cleat	5
huddle	huddle	4
patronage	patronage	7
omelet	omelet	1
pod	pod	6
cat	cat	10
birthplace	birthplace	2
superintendent	superintendent	2
hippie	hippie	1
ruins	ruin	12
quake	quake	3
bunch	bunch	5
president-elect	president-elect	0
conversations	conversation	1
comers	comer	2
antithesis	antithesis	2
purpose	purpose	5
electrons	electron	1
grad	grad	2
definitions	definition	2
tenure	tenure	3
precision	precision	1
lowlands	lowland	2
steaks	steak	1
exporters	exporter	1
equation	equation	3
confetti	confetti	1
horseradish	horseradish	3
inventors	inventor	1
girls	girl	5
chickens	chicken	5
account	account	14
plants	plant	10
haze	haze	4
topic	topic	2
apps	apps	0
ledges	ledge	1
suit	suit	10
brows	brow	3
chiefs	chief	4
mafia	mafia	3
budgets	budget	3
yarn	yarn	3
stripper	stripper	4
noon	noon	1
rewards	reward	8
age	age	8
pellets	pellet	2
innovator	innovator	1
retardation	retardation	5
semifinals	semifinal	1
actions	action	12
noons	noon	1
diarrhea	diarrhea	1
allocation	allocation	3
daytime	daytime	1
fallacy	fallacy	1
chiffon	chiffon	1
nieces	niece	1
lip	lip	5
handbag	handbag	1
optimist	optimist	1
weather	weather	6
notification	notification	3
macaroni	macaroni	2
personnel	personnel	2
shirts	shirt	2
television	television	3
infantry	infantry	1
partition	partition	6
treasurer	treasurer	1
armies	army	3
nurse	nurse	7
discount	discount	6
constructions	construction	7
bachelors	bachelor	3
foe	foe	2
communications	communication	3
stamina	stamen	1
sense	sense	9
telegraph	telegraph	2
suggestion	suggestion	6
hack	hack	16
cornfield	cornfield	1
utilities	utility	8
pretence	pretence	5
firings	firing	13
attentions	attention	6
virtue	virtue	4
impotence	impotence	2
liberalism	liberalism	2
routines	routine	4
tortillas	tortilla	1
liquor	liquor	3
bishop	bishop	3
contingent	contingent	5
liaison	liaison	2
bulb	bulb	6
disks	disk	5
estimate	estimate	7
lifestyle	lifestyle	1
desk	desk	1
strife	strife	2
geographers	geographer	1
daylight	daylight	2
weeds	weed	4
helm	helm	3
weaponry	weaponry	1
oeuvre	oeuvre	1
flyer	flyer	4
eyebrows	eyebrow	1
stalemate	stalemate	3
pricing	pricing	3
fuels	fuel	5
distaste	distaste	1
news	news	5
northeasters	northeaster	3
glimpses	glimpse	4
loyalty	loyalty	3
ashes	ash	4
counts	count	12
sciences	science	2
blues	blue	16
inconvenience	inconvenience	4
odor	odor	2
reliability	reliability	1
comet	comet	1
toothpaste	toothpaste	1
structure	structure	6
wrangling	wrangling	3
translators	translator	3
spectrum	spectrum	2
torches	torch	5
saint	saint	5
gram	gram	2
reservations	reservation	7
profits	profit	4
irritability	irritability	3
nozzle	nozzle	2
pups	pup	3
plunge	plunge	10
whats	whats	0
abstinence	abstinence	2
lenses	lens	5
kits	kit	4
mites	mite	2
accomplishment	accomplishment	2
demands	demand	11
tractor	tractor	2
mementos	memento	1
instinct	instinct	2
globalisation	globalisation	1
burgers	burger	2
crepe	crepe	4
tomato	tomato	2
goodwill	goodwill	3
spurs	spur	10
pediatrician	pediatrician	1
handiwork	handiwork	1
interval	interval	4
foes	foe	2
grease	grease	3
rabbis	rabbi	2
household	household	1
playground	playground	2
victories	victory	1
toothbrush	toothbrush	2
evasion	evasion	4
conspiracy	conspiracy	3
crews	crew	5
minnows	minnow	1
expectations	expectation	4
frequency	frequency	3
self-sufficiency	self-sufficiency	1
statements	statement	7
enactment	enactment	3
splinter	splinter	4
veil	veil	6
clothes	clothes	4
experiences	experience	8
suitcases	suitcase	1
nightgown	nightgown	1
civilizations	civilization	4
montage	montage	1
paediatrics	paediatrics	1
remark	remark	4
ceilings	ceiling	4
volumes	volume	6
takers	taker	2
torch	torch	5
sterilisation	sterilisation	2
reds	red	7
ascent	ascent	3
noises	noise	7
illustrator	illustrator	1
all_pos_count_data	all_pos_count_data	0
terrorism	terrorism	1
postcards	postcard	1
pharmacy	pharmacy	2
dividends	dividend	3
maple	maple	2
fiction	fiction	2
gates	gate	7
sucker	sucker	7
hierarchy	hierarchy	2
spores	spore	1
outlets	outlet	4
stack	stack	8
fluff	fluff	6
ricotta	ricotta	1
rover	rover	2
fontanelles	fontanelle	1
diversion	diversion	3
liberation	liberation	3
totem	totem	2
sweatshirt	sweatshirt	1
years	year	4
scene	scene	10
controller	controller	3
emission	emission	5
vocalist	vocalist	1
screening	screening	11
granddaughter	granddaughter	1
confluence	confluence	3
casualties	casualty	4
ocean	ocean	2
trickster	trickster	3
filters	filter	5
pedagogy	pedagogy	3
diseases	disease	1
actuality	actuality	1
pavement	pavement	3
siren	siren	5
immunization	immunization	1
gauntlet	gauntlet	4
combinations	combination	7
agencies	agency	5
dogs	dog	8
resin	resin	1
cello	cello	1
bears	bear	15
sessions	session	4
powerhouse	powerhouse	3
mobilisation	mobilisation	2
dune	dune	1
canal	canal	4
radiotherapy	radiotherapy	1
odyssey	odyssey	2
vines	vine	1
quickness	quickness	3
bowls	bowl	12
files	file	9
studies	study	16
rates	rate	7
tor	tor	2
regulations	regulation	7
environment	environment	2
harbor	harbor	6
constants	constant	5
friendship	friendship	1
necklaces	necklace	1
reliever	reliever	3
thud	thud	4
paternity	paternity	3
gangster	gangster	1
run-up	run-up	2
crash	crash	18
cinder	cinder	1
dining	dining	5
ovation	ovation	1
warmth	warmth	5
fable	fable	3
device	device	5
perfectionism	perfectionism	1
quad	quad	4
stove	stove	4
determinism	determinism	1
hitters	hitter	2
burst	burst	12
predators	predator	2
professionalism	professionalism	1
gems	gem	5
jukebox	jukebox	1
pigs	pig	9
revenge	revenge	2
lyric	lyric	7
tourist	tourist	1
canola	canola	1
weekends	weekend	2
southerlies	southerly	5
organs	organ	6
stitch	stitch	3
discourses	discourse	6
pus	pu	1
editions	edition	4
pans	pan	7
corps	corp	1
nucleus	nucleus	6
priests	priest	2
nationals	national	8
toppings	topping	12
museums	museum	1
predecessor	predecessor	2
contentment	contentment	1
rosemary	rosemary	2
mounts	mount	13
amenities	amenity	1
accident	accident	2
list	list	7
freelance	freelance	4
surfer	surfer	1
orbit	orbit	6
fuss	fuss	6
brochure	brochure	1
uncle	uncle	2
stump	stump	8
zip	zip	6
ride	ride	16
deposit	deposit	12
transplant	transplant	7
procedures	procedure	4
shoes	shoe	5
powerlessness	powerlessness	1
unrest	unrest	2
dream	dream	8
morality	morality	2
evils	evil	6
exchanges	exchange	17
flex	flex	6
migrations	migration	4
reins	rein	6
madam	madam	2
entrepreneurship	entrepreneurship	0
priorities	priority	2
archery	archery	1
whore	whore	4
denial	denial	5
ration	ration	4
scaffold	scaffold	3
shocks	shock	17
telecommunications	telecommunication	2
chives	chive	1
perception	perception	5
inhibition	inhibition	4
sprinkling	sprinkling	8
telecom	telecom	1
hairs	hair	6
importers	importer	1
lens	lens	5
pudding	pudding	3
basements	basement	2
ilk	ilk	1
laundry	laundry	2
difficulties	difficulty	4
cumin	cumin	2
organizations	organization	7
vectors	vector	4
zephyr	zephyr	2
negativity	negativity	4
wall	wall	9
possibilities	possibility	4
plagiarism	plagiarism	2
suits	suit	10
dope	dope	7
impairment	impairment	5
fuel	fuel	5
bushels	bushel	3
cops	cop	3
follower	follower	2
dugout	dugout	3
tins	tin	7
barn	barn	2
larvae	larva	1
categories	category	2
telegram	telegram	1
jumpers	jumper	8
stick	stick	25
riverbank	riverbank	1
reduction	reduction	3
collectors	collector	4
fulfilment	fulfilment	2
stew	stew	5
heats	heat	11
ledger	ledger	2
bullets	bullet	3
equilibrium	equilibrium	4
requests	request	5
strongholds	stronghold	1
churches	church	5
bulldozer	bulldozer	1
flesh	flesh	4
gala	gala	1
swipe	swipe	3
manufacturer	manufacturer	2
barons	baron	3
casino	casino	2
crisis	crisis	2
painting	painting	8
speeches	speech	8
waters	water	10
yeast	yeast	2
bits	bit	15
buddy	buddy	1
gobbler	gobbler	2
superintendents	superintendent	2
text	text	4
worker	worker	4
awning	awning	1
jewels	jewel	3
police	police	2
features	feature	8
teeth	teeth	6
hiss	hiss	6
kiss	kiss	6
scans	scan	9
mater	mater	2
allegory	allegory	3
quantum	quantum	2
ambulance	ambulance	1
item	item	6
governors	governor	2
jug	jug	4
molds	mold	14
straws	straw	7
idiots	idiot	1
spit	spit	8
rifle	rifle	3
muscles	muscle	6
federalism	federalism	1
fiddle	fiddle	8
applicants	applicant	1
lifespan	lifespan	1
astronomers	astronomer	1
maturation	maturation	3
decor	decor	1
shroud	shroud	6
harvest	harvest	6
copyright	copyright	2
evening	evening	6
drills	drill	9
knuckle	knuckle	3
farm	farm	4
obedience	obedience	3
textures	texture	5
swath	swath	2
absentee	absentee	1
militia	militia	2
laser	laser	1
doorway	doorway	1
wastes	waste	16
beggar	beggar	3
quartz	quartz	2
dice	dice	3
plume	plume	9
teacher-librarian	teacher-librarian	0
genocide	genocide	1
prep	prep	1
refugees	refugee	1
speculations	speculation	4
princess	princess	1
protege	protege	1
revolutionaries	revolutionary	5
homicides	homicide	1
dads	dad	1
caribou	caribou	1
battalions	battalion	2
clam	clam	4
hemp	hemp	3
settler	settler	3
gait	gait	3
shepherd	shepherd	4
pollutants	pollutant	1
helium	helium	1
screws	screw	10
forests	forest	3
spruce	spruce	5
lagoon	lagoon	1
kickoff	kickoff	3
guilt	guilt	2
rustle	rustle	4
pharynxes	pharynx	1
gumbo	gumbo	4
belongings	belonging	7
epidemics	epidemic	2
oculi	oculus	1
guru	guru	3
torrent	torrent	3
syndrome	syndrome	2
polls	poll	9
naturalist	naturalist	2
modes	mode	6
molar	molar	5
dissolution	dissolution	5
clown	clown	3
tooth	tooth	5
degeneration	degeneration	3
trays	tray	1
harbour	harbour	6
insults	insult	3
route	route	5
mount	mount	13
justification	justification	3
transom	transom	2
priest	priest	2
relic	relic	2
fervor	fervor	2
dependence	dependence	2
booths	booth	4
performances	performance	5
musicals	musical	5
leukemia	leukemia	1
publishing	publishing	4
yellows	yellow	8
owls	owl	1
radioactivity	radioactivity	1
campus	campus	1
bestseller	bestseller	1
pronunciation	pronunciation	2
wares	ware	3
varsity	varsity	2
satellite	satellite	5
cabinets	cabinet	4
haven	haven	2
advances	advance	20
dish	dish	8
spires	spire	1
preparedness	preparedness	1
comforter	comforter	4
salvation	salvation	4
screen	screen	16
arbitrator	arbitrator	1
shot	shot	38
flak	flak	3
shamans	shaman	1
heroes	hero	7
groan	groan	2
graft	graft	5
backs	back	28
fuck	fuck	2
grapefruit	grapefruit	2
liturgy	liturgy	2
utilisation	utilisation	1
fist	fist	1
crank	crank	10
maize	maize	2
trademark	trademark	4
throes	throe	2
platform	platform	5
walleye	walleye	2
freeway	freeway	1
sensibility	sensibility	3
announcement	announcement	2
pan	pan	7
bean	bean	5
statement	statement	7
internet	internet	1
diets	diet	6
recollections	recollection	3
author	author	3
boards	board	13
ace	ace	11
frosts	frost	8
patriotism	patriotism	1
crowd	crowd	6
infiltration	infiltration	2
bathtub	bathtub	1
sidewalks	sidewalk	1
booster	booster	6
rake	rake	9
cabs	cab	4
bystanders	bystander	1
sniper	sniper	1
chaos	chaos	4
lobbyist	lobbyist	1
consultation	consultation	3
con	con	6
rocker	rocker	7
garnish	garnish	4
core	core	11
disengagement	disengagement	2
complication	complication	5
potato	potato	2
coyotes	coyote	3
points	point	40
paste	paste	7
ascension	ascension	5
trumpets	trumpet	4
espionage	espionage	1
snot	snot	2
dormitory	dormitory	2
enmity	enmity	2
twins	twin	9
horseshoe	horseshoe	3
bicycles	bicycle	2
mansions	mansion	2
glimpse	glimpse	4
stratification	stratification	5
mail	mail	7
certification	certification	4
insult	insult	3
depletion	depletion	2
god	god	4
brook	brook	2
occasion	occasion	6
fragment	fragment	4
messengers	messenger	1
tonnes	tonne	1
accessibility	accessibility	2
swig	swig	3
optic	optic	3
bugs	bug	7
forage	forage	4
bastion	bastion	3
rebirth	rebirth	4
collar	collar	12
volley	volley	7
lawsuit	lawsuit	1
pop	pop	19
medal	medal	1
backpack	backpack	2
beta	beta	4
bombardment	bombardment	4
reimbursement	reimbursement	1
hangers	hanger	2
owner	owner	2
blog	blog	2
nape	nape	1
furor	furor	2
arithmetic	arithmetic	2
mates	mate	13
tributaries	tributary	4
camera	camera	2
glories	glory	4
capers	caper	7
engineers	engineer	4
parameter	parameter	4
step	step	21
blueprints	blueprint	3
potassium	potassium	1
bump	bump	8
apprentice	apprentice	2
south	south	7
wedding	wedding	5
portfolio	portfolio	4
skier	skier	1
messenger	messenger	1
spelling	spelling	7
contour	contour	4
horns	horn	12
faces	face	22
communism	communism	2
misuse	misuse	3
vinaigrette	vinaigrette	1
distortion	distortion	6
caretaker	caretaker	2
module	module	4
anuses	anus	1
influenza	influenza	1
flutes	flute	4
self-control	self-control	2
folder	folder	2
stag	stag	5
authenticity	authenticity	1
precedent	precedent	5
stagger	stagger	5
lesion	lesion	2
orchestras	orchestra	2
boughs	bough	1
candor	candor	2
slime	slime	2
submarines	submarine	8
dome	dome	4
mesa	mesa	2
mousse	mousse	4
nuisance	nuisance	2
salads	salad	1
values	value	11
pockets	pocket	11
ram	ram	9
expanse	expanse	3
formation	formation	7
jealousy	jealousy	2
role-playing	role-playing	0
tutelage	tutelage	2
pollen	pollen	1
actress	actress	1
ivory	ivory	2
hypocrisy	hypocrisy	2
decentralisation	decentralisation	1
nightstand	nightstand	0
singularity	singularity	2
artistry	artistry	1
setup	setup	3
alley	alley	2
clips	clip	11
sister	sister	4
photography	photography	3
dispersal	dispersal	1
verb	verb	2
pipelines	pipeline	2
percent	percent	1
essays	essay	4
place	place	32
shampoo	shampoo	3
bans	ban	9
reasons	reason	9
branch	branch	8
converts	convert	12
jeopardy	jeopardy	1
sweetnesses	sweetness	4
modesty	modesty	2
ark	ark	2
confusion	confusion	5
makers	maker	3
cleansing	cleansing	5
fingertips	fingertip	1
oesophaguses	oesophagus	1
reality	reality	4
crumb	crumb	6
slew	slew	4
illiteracy	illiteracy	2
chimps	chimp	1
path	path	4
proceeds	proceeds	6
homelands	homeland	1
rulings	ruling	9
grass	grass	11
stink	stink	3
qualms	qualm	2
flute	flute	4
refrigeration	refrigeration	2
reformers	reformer	2
hypnosis	hypnosis	1
lips	lip	5
passports	passport	3
node	node	8
alumni	alumnus	1
theories	theory	3
degrees	degree	7
polity	polity	3
infatuation	infatuation	3
defecation	defecation	1
samples	sample	4
ages	age	8
rapprochement	rapprochement	1
counterparts	counterpart	2
sports	sport	9
wrench	wrench	7
beings	being	15
slush	slush	3
forum	forum	2
misery	misery	2
limestone	limestone	1
visuals	visuals	0
exams	exam	1
throne	throne	5
meters	meter	6
cathedral	cathedral	3
publics	public	4
maker	maker	3
hose	hose	4
fluency	fluency	3
movies	movie	1
exhilaration	exhilaration	1
grammes	gramme	1
food	food	3
ducks	duck	8
meeting	meeting	19
concession	concession	3
drunks	drunk	9
downfall	downfall	3
climax	climax	6
president	president	6
characteristic	characteristic	5
gloom	gloom	3
beard	beard	6
costumes	costume	6
gorilla	gorilla	1
dissonance	dissonance	3
beep	beep	3
modelling	modelling	8
ring	ring	15
tacos	taco	2
lord	lord	4
declarations	declaration	6
enterprise	enterprise	3
luck	luck	3
accord	accord	6
obstacles	obstacle	2
undergraduates	undergraduate	1
conviction	conviction	2
roadside	roadside	1
sights	sight	9
hallway	hallway	1
leeks	leek	2
champion	champion	6
feedback	feedback	2
lever	lever	4
juries	jury	2
titanium	titanium	1
torque	torque	1
layering	layering	1
weaknesses	weakness	5
sincerity	sincerity	4
risotto	risotto	1
patrons	patron	3
revival	revival	2
funds	fund	9
rescuers	rescuer	2
union	union	13
eyeballs	eyeball	2
raincoat	raincoat	1
unemployment	unemployment	1
misdemeanor	misdemeanor	1
compliment	compliment	3
challenger	challenger	1
ranking	ranking	5
lunatic	lunatic	3
superpowers	superpower	1
dishonesty	dishonesty	2
disservice	disservice	1
prophet	prophet	2
ailment	ailment	1
welding	welding	3
comment	comment	6
semester	semester	2
temperance	temperance	3
realms	realm	3
interventions	intervention	5
woodwork	woodwork	2
curry	curry	4
sieve	sieve	5
tons	ton	2
blacksmith	blacksmith	1
scrapes	scrape	10
radicalism	radicalism	1
rod	rod	6
fraud	fraud	3
boredom	boredom	1
anticipation	anticipation	4
sailors	sailor	3
wool	wool	3
loathing	loathing	2
marketing	marketing	7
crises	crisis	2
transmitters	transmitter	3
comprehension	comprehension	2
vials	vial	1
pregnancy	pregnancy	1
wrappers	wrapper	3
endings	ending	9
patriot	patriot	1
aberration	aberration	3
margins	margin	6
marinade	marinade	2
sonnet	sonnet	3
impact	impact	6
rumble	rumble	5
sternum	sternum	1
neutron	neutron	1
blaze	blaze	10
rise	rise	27
screw	screw	10
time	time	15
cadres	cadre	2
lifes	life	14
plateau	plateau	1
toenail	toenail	2
recommendation	recommendation	3
una	una	0
clearance	clearance	3
probabilities	probability	2
lightning	lightning	2
report	report	13
orphans	orphan	5
carriers	carrier	11
generations	generation	7
research	research	4
shield	shield	5
leash	leash	4
reader	reader	8
replicas	replica	1
souls	soul	5
crime	crime	2
change	change	20
brush	brush	15
choirs	choir	4
potatoes	potato	2
beasts	beast	2
projectors	projector	2
kindergarten	kindergarten	1
naturalism	naturalism	2
congregation	congregation	3
litany	litany	2
kittens	kitten	2
fungus	fungus	1
sculptures	sculpture	4
neighbours	neighbour	4
cervids	cervid	1
estimates	estimate	7
uvula	uvula	1
insignia	insignia	1
freestyle	freestyle	1
mare	mare	2
viewers	viewer	2
firearms	firearm	1
lanterns	lantern	1
particles	particle	3
invasions	invasion	3
glance	glance	3
aisles	aisle	3
flashes	flash	19
satisfaction	satisfaction	5
whirlwind	whirlwind	1
construction	construction	7
recipient	recipient	2
gin	gin	6
descendant	descendant	3
kayak	kayak	2
host	host	11
interviewees	interviewee	1
fees	fee	3
overdose	overdose	1
delta	delta	3
scoop	scoop	8
cadets	cadet	1
ranches	ranch	2
genders	gender	2
confines	confines	7
restlessness	restlessness	4
households	household	1
bridges	bridge	12
disrespect	disrespect	5
sayin	sayin	0
ideology	ideology	2
blow	blow	29
confidence	confidence	5
indecision	indecision	2
jungles	jungle	3
mobilization	mobilization	2
lawn	lawn	1
poems	poem	1
entity	entity	1
experience	experience	8
announcer	announcer	2
preview	preview	3
constraints	constraint	3
investors	investor	1
affiliation	affiliation	2
workshop	workshop	2
oasis	oasis	2
bible	bible	2
mummy	mummy	2
notion	notion	4
perspective	perspective	2
darkroom	darkroom	1
tiger	tiger	2
poultry	poultry	2
medallion	medallion	4
veins	vein	6
resurgence	resurgence	1
apostles	apostle	3
workstation	workstation	1
washer	washer	3
sides	side	14
riddle	riddle	8
flaws	flaw	4
access	access	8
popularity	popularity	1
emergence	emergence	4
shotgun	shotgun	1
delegations	delegation	2
products	product	6
infinity	infinity	1
width	width	1
collars	collar	12
briefcase	briefcase	1
estimation	estimation	4
navels	navel	2
handbook	handbook	1
words	word	11
citations	citation	6
fur	fur	3
overlap	overlap	5
lodgings	lodging	7
methodology	methodology	2
divorce	divorce	3
backgrounds	background	9
cart	cart	4
blackberry	blackberry	3
daughters	daughter	1
portions	portion	8
inference	inference	1
bandits	bandit	1
lizard	lizard	2
skepticism	skepticism	2
flow	flow	14
reptile	reptile	1
nakedness	nakedness	3
slabs	slab	1
taxa	taxon	1
prohibition	prohibition	5
ethnography	ethnography	1
sanctuaries	sanctuary	3
rest	rest	18
emigration	emigration	1
inns	inn	1
clicks	click	11
level	level	19
bedside	bedside	1
litter	litter	7
citizen	citizen	1
administrator	administrator	3
tastes	taste	13
jacks	jack	14
homosexuality	homosexuality	1
flats	flat	24
disaster	disaster	3
carbon	carbon	3
phases	phase	6
resolution	resolution	11
pajamas	pajama	2
campfire	campfire	1
reviewer	reviewer	2
headlines	headline	3
nicotine	nicotine	1
ligaments	ligament	2
clarification	clarification	2
pun	pun	2
appetizers	appetizer	1
laity	laity	1
irony	irony	3
prints	print	11
mother-in-law	mother-in-law	1
cognition	cognition	1
smuggler	smuggler	1
snowfall	snowfall	1
cults	cult	5
squads	squad	3
viewer	viewer	2
dollop	dollop	1
centre	centre	11
mastermind	mastermind	3
innovation	innovation	3
sweats	sweat	5
admiration	admiration	3
sternums	sternum	1
squad	squad	3
treachery	treachery	2
mat	mat	10
queries	query	2
suffrage	suffrage	1
swimmers	swimmer	2
gynecologist	gynecologist	1
guard	guard	14
meat	meat	3
hostages	hostage	1
sister-in-law	sister-in-law	1
aspirations	aspiration	4
condoms	condom	1
seconds	second	15
asymmetry	asymmetry	1
cafes	cafe	1
inferno	inferno	3
doctor	doctor	7
bursts	burst	12
dissection	dissection	3
pistol	pistol	1
negotiations	negotiation	2
banter	banter	2
earthquakes	earthquake	2
e-mails	e-mail	2
rec	rec	0
nightfall	nightfall	1
terminal	terminal	9
charter	charter	5
verses	verse	5
patients	patient	3
reversal	reversal	8
undergrowth	undergrowth	1
fellowship	fellowship	3
invitations	invitation	2
snack	snack	2
airline	airline	2
outlook	outlook	3
teddy	teddy	2
progressives	progressive	8
quart	quart	3
energies	energy	7
recidivism	recidivism	1
glaze	glaze	7
dirts	dirt	5
mistake	mistake	5
sneakers	sneaker	2
theory	theory	3
parliament	parliament	2
crotch	crotch	3
fines	fine	10
lieutenant	lieutenant	4
dealers	dealer	5
retailing	retailing	3
finalist	finalist	1
persuasion	persuasion	2
bias	bias	5
geometry	geometry	1
middle	middle	9
ensembles	ensemble	5
polka	polka	3
propensity	propensity	3
largemouth	largemouth	1
criticism	criticism	3
adult	adult	4
resolutions	resolution	11
cartoonist	cartoonist	1
carbohydrates	carbohydrate	1
scapegoat	scapegoat	1
conscription	conscription	1
pineapple	pineapple	2
toe	toe	9
expulsion	expulsion	3
nudity	nudity	1
lacrosse	lacrosse	1
cohort	cohort	3
decision	decision	5
chins	chin	3
old-timers	old-timer	2
folly	folly	4
treasures	treasure	6
earshot	earshot	1
strength	strength	9
starch	starch	3
faeces	faeces	1
cover	cover	36
basil	basil	3
pace	pace	10
fern	fern	1
ethics	ethic	2
kites	kite	8
aeons	aeon	3
workout	workout	1
loggers	logger	1
action	action	12
errand	errand	1
niggers	nigger	1
end	end	18
vessels	vessel	3
interpretation	interpretation	4
sorties	sortie	2
domes	dome	4
beers	beer	1
hunters	hunter	4
tag	tag	10
arbitration	arbitration	2
shoplifting	shoplifting	2
cowboys	cowboy	3
mathematics	mathematics	1
crescent	crescent	2
reaction	reaction	7
trading	trading	6
depressions	depression	10
aetiology	aetiology	2
toughness	toughness	4
veneer	veneer	3
experiment	experiment	5
caves	cave	3
accountability	accountability	1
graphics	graphic	6
symbol	symbol	2
instability	instability	4
glint	glint	4
hub	hub	2
cliffs	cliff	1
spoons	spoon	5
spleen	spleen	2
co-op	co-op	1
marrows	marrow	5
tribe	tribe	4
recliner	recliner	1
premise	premise	4
custom	custom	5
state	state	11
strainer	strainer	1
mileage	mileage	3
keepers	keeper	2
pleas	plea	3
salary	salary	1
exhibition	exhibition	2
monarchy	monarchy	1
reef	reef	6
wallpaper	wallpaper	2
soybeans	soybean	3
towns	town	4
headboard	headboard	1
marvels	marvel	3
highways	highway	1
fudge	fudge	3
skis	ski	2
validation	validation	2
bladder	bladder	2
crackers	cracker	5
snowfields	snowfield	1
pause	pause	4
optimism	optimism	2
sympathies	sympathy	3
galaxies	galaxy	3
fossils	fossil	3
textile	textile	2
professions	profession	4
pyjamas	pyjama	2
wheelbarrow	wheelbarrow	2
hindsight	hindsight	1
atheism	atheism	2
clemency	clemency	2
snowmobile	snowmobile	2
wafer	wafer	3
pep	pep	1
superiors	superior	13
molluscs	mollusc	1
grandchildren	grandchild	1
discussion	discussion	2
vehicles	vehicle	4
anomaly	anomaly	3
hype	hype	2
bunkers	bunker	6
gradient	gradient	2
rallies	rally	10
inadequacy	inadequacy	3
iron	iron	6
outpatient	outpatient	1
shrub	shrub	1
speck	speck	4
leaf	leaf	6
vulnerability	vulnerability	2
ability	ability	2
riots	riot	6
whitewater	whitewater	1
prostitutes	prostitute	2
utterance	utterance	1
grass-roots	grass-roots	0
grove	grove	2
memorandum	memorandum	1
matrix	matrix	6
insecticide	insecticide	1
threshold	threshold	5
diocese	diocese	1
fad	fad	1
grip	grip	10
sayings	saying	12
veils	veil	6
lottery	lottery	2
prophets	prophet	2
waist	waist	2
reign	reign	5
eds	ed	1
supernova	supernova	1
foxes	fox	10
squall	squall	4
sunflower	sunflower	1
capitol	capitol	2
collisions	collision	3
pretensions	pretension	3
nerves	nerve	4
birch	birch	5
burnout	burnout	0
parity	parity	5
debt	debt	3
cemetery	cemetery	1
sleeve	sleeve	2
cadet	cadet	1
effort	effort	4
alcoholism	alcoholism	2
maneuver	maneuver	8
mode	mode	6
parrot	parrot	3
lizards	lizard	2
sushi	sushi	1
exceptions	exception	3
radishes	radish	5
rendition	rendition	4
frustration	frustration	3
southeast	southeast	7
golfing	golfing	2
strands	strand	9
cheques	cheque	2
laugh	laugh	4
trophy	trophy	2
kerosene	kerosene	1
engines	engine	4
smarts	smart	9
filler	filler	5
levers	lever	4
healer	healer	1
upstart	upstart	4
kernel	kernel	3
teenager	teenager	1
movement	movement	11
animals	animal	2
billing	billing	4
allergy	allergy	1
haste	haste	3
retribution	retribution	3
puck	puck	2
terrain	terrain	1
fanaticism	fanaticism	1
ones	one	9
oatmeal	oatmeal	2
succession	succession	5
psychopathology	psychopathology	2
rind	rind	1
entree	entree	4
variable	variable	7
toleration	toleration	2
quotes	quote	6
blossom	blossom	4
quadriceps	quadriceps	1
rationality	rationality	2
smoking	smoking	5
inspection	inspection	1
caramel	caramel	4
wars	war	5
ingredients	ingredient	3
organization	organization	7
rehabilitation	rehabilitation	4
sprawl	sprawl	4
recruits	recruit	5
readers	reader	8
peanuts	peanut	5
gauze	gauze	2
monarch	monarch	2
conceptions	conception	4
doping	doping	3
severity	severity	4
climber	climber	5
dignitaries	dignitary	1
gallons	gallon	2
spawning	spawning	2
skewer	skewer	2
hue	hue	3
manuscripts	manuscript	2
razor	razor	2
bloodshed	bloodshed	2
reserves	reserve	11
preconditions	precondition	4
operas	opera	3
galley	galley	4
liquids	liquid	11
metropolis	metropolis	2
slice	slice	10
sitter	sitter	5
sweep	sweep	15
nephew	nephew	1
chile	chile	2
incidents	incident	4
shortness	shortness	6
benefit	benefit	5
mangoes	mango	2
lawyers	lawyer	1
ire	ire	2
tractors	tractor	2
prediction	prediction	2
arches	arch	8
locker	locker	3
hook	hook	20
melancholy	melancholy	5
colonization	colonization	1
federation	federation	3
narrative	narrative	2
comer	comer	2
ship	ship	6
foetuses	foetus	1
connector	connector	1
rarity	rarity	3
bayou	bayou	1
purity	purity	3
displeasure	displeasure	1
approximation	approximation	4
throwback	throwback	3
youths	youth	6
fog	fog	4
economics	economics	1
elephants	elephant	2
counsellor	counsellor	3
heaps	heap	6
mate	mate	13
seizures	seizure	4
transcendence	transcendence	2
observers	observer	2
majority	majority	3
sexuality	sexuality	1
canyons	canyon	1
glamour	glamour	2
tournament	tournament	2
shelves	shelf	2
coats	coat	6
communicator	communicator	1
aisle	aisle	3
spirits	spirit	9
paper	paper	9
flashback	flashback	2
dinner	dinner	2
endeavor	endeavor	3
sun	sun	7
conjecture	conjecture	4
undergraduate	undergraduate	1
horizon	horizon	4
stitches	stitch	3
dismissal	dismissal	4
walkway	walkway	1
counsellors	counsellor	3
noodles	noodle	2
hay	hay	2
coexistence	coexistence	1
testimony	testimony	3
artwork	artwork	1
great-grandfather	great-grandfather	0
lice	louse	4
peppermint	peppermint	3
air	air	15
wound	wound	14
wrinkle	wrinkle	7
shudder	shudder	4
resentment	resentment	1
tailor	tailor	4
combination	combination	7
breeds	breed	6
objections	objection	4
petitions	petition	3
diplomacy	diplomacy	3
insider	insider	1
scenes	scene	10
fascination	fascination	3
patrol	patrol	4
hillsides	hillside	1
connectivity	connectivity	1
milieu	milieu	1
handicaps	handicap	6
periphery	periphery	1
daughter	daughter	1
cents	cent	2
generalization	generalization	4
deliveries	delivery	7
colonel	colonel	1
disposition	disposition	4
kinship	kinship	2
barricade	barricade	5
notebook	notebook	2
fumble	fumble	6
deaths	death	8
parades	parade	5
switch	switch	14
labyrinth	labyrinth	2
dessert	dessert	1
sterilization	sterilization	2
flight	flight	12
chilies	chilies	0
naturalization	naturalization	4
predator	predator	2
silver	silver	12
microphones	microphone	1
academies	academy	4
spuds	spud	4
confinement	confinement	4
cactus	cactus	1
pivot	pivot	4
egos	ego	3
outcast	outcast	2
subgroup	subgroup	2
figurines	figurine	1
stalls	stall	14
sponges	sponge	9
guild	guild	1
receipt	receipt	4
hair	hair	6
swimsuit	swimsuit	1
landfill	landfill	1
furniture	furniture	1
magazine	magazine	6
comrades	comrade	3
geniuses	genius	5
fences	fence	7
disability	disability	1
elevators	elevator	2
bodice	bodice	1
handfuls	handful	2
seller	seller	1
heap	heap	6
graves	graf	1
goodies	goody	1
rodeo	rodeo	2
sections	section	15
arteries	artery	2
replica	replica	1
lending	lending	4
couches	couch	4
wrinkles	wrinkle	7
bads	bad	17
treatments	treatment	4
darts	dart	6
centers	center	23
cars	car	5
contest	contest	3
pharmacies	pharmacy	2
jack	jack	14
chap	chap	5
immediacy	immediacy	3
watchers	watcher	3
motorcycle	motorcycle	2
phenomenon	phenomenon	2
confession	confession	5
round	round	25
goodness	goodness	2
incursion	incursion	3
substitutes	substitute	9
enjoyment	enjoyment	3
brawl	brawl	3
chronology	chronology	3
rafting	rafting	3
wording	wording	2
thrall	thrall	2
firewood	firewood	1
suede	suede	2
proficiency	proficiency	2
debtor	debtor	1
batrachians	batrachian	2
teachings	teaching	5
balls	ball	13
workers	worker	4
ports	port	14
objects	object	7
curse	curse	9
broccoli	broccoli	2
feet	foot	14
samurai	samurai	2
asshole	asshole	2
landing	landing	11
battleship	battleship	1
paediatrician	paediatrician	1
prospects	prospect	7
symptom	symptom	2
deforestation	deforestation	2
growth	growth	7
coach	coach	7
verge	verge	5
politicians	politician	3
almond	almond	2
memorials	memorial	3
landmark	landmark	4
stacks	stack	8
faith	faith	4
yesterdays	yesterday	4
coherence	coherence	2
toes	toe	9
ski	ski	2
negatives	negative	12
lipstick	lipstick	3
prisoner	prisoner	1
wells	well	22
meaning	meaning	10
sponsor	sponsor	5
modification	modification	4
guideline	guideline	3
amnesia	amnesia	1
guest	guest	4
classmates	classmate	1
blowout	blowout	3
division	division	12
hats	hat	4
tee	tee	5
gimmick	gimmick	3
skyscrapers	skyscraper	1
patchwork	patchwork	3
saber	saber	4
passages	passage	10
clan	clan	1
delicacy	delicacy	7
flutter	flutter	9
inpatient	inpatient	1
boxes	box	13
plots	plot	8
outpost	outpost	3
strains	strain	20
airfare	airfare	1
motel	motel	1
listings	listing	7
yolk	yolk	2
massage	massage	3
hesitation	hesitation	3
juxtaposition	juxtaposition	2
rockets	rocket	7
docking	docking	6
hammer	hammer	10
jerseys	jersey	5
acupuncture	acupuncture	1
customers	customer	1
hunch	hunch	3
mania	mania	2
unsavoriness	unsavoriness	2
agitation	agitation	5
padding	padding	5
blooms	bloom	7
predominance	predominance	2
discourse	discourse	6
watercolours	watercolour	5
knitting	knitting	5
roller	roller	7
fatherhood	fatherhood	4
saviour	saviour	2
cough	cough	2
cop	cop	3
coroner	coroner	1
shotguns	shotgun	1
instant	instant	5
rug	rug	1
curves	curve	10
code	code	5
stereotype	stereotype	2
quotation	quotation	4
rubric	rubric	7
message	message	5
compassion	compassion	2
promoters	promoter	2
mayonnaise	mayonnaise	1
demon	demon	3
water	water	10
pismires	pismire	1
nausea	nausea	2
moisture	moisture	1
rhyme	rhyme	4
longevity	longevity	2
hostage	hostage	1
garlic	garlic	2
gunman	gunman	2
curriculum	curriculum	1
myth	myth	1
polling	polling	4
tion	tion	0
pallet	pallet	5
gloves	glove	3
shark	shark	5
organiser	organiser	3
refusal	refusal	2
phones	phone	4
womb	womb	1
waistband	waistband	1
impetus	impetus	2
hash	hash	3
masonry	masonry	3
souvenirs	souvenir	2
understatement	understatement	1
software	software	1
bundles	bundle	7
followers	follower	2
donor	donor	2
foreigners	foreigner	2
whip	whip	11
department	department	3
ounces	ounce	3
acre	acre	3
rubble	rubble	1
flexion	flexion	3
taxis	taxi	3
wink	wink	7
umbrellas	umbrella	4
baker	baker	2
panther	panther	3
hostess	hostess	4
clash	clash	7
conventions	convention	5
veterans	veteran	4
chandeliers	chandelier	1
chickpeas	chickpea	3
cakes	cake	4
miner	miner	1
carelessness	carelessness	2
pillows	pillow	2
golf	golf	2
beetles	beetle	6
wire	wire	9
readings	reading	19
troops	troop	6
treasury	treasury	6
tumours	tumour	1
sobs	sob	4
thorn	thorn	3
nap	nap	6
stalker	stalker	3
collarbone	collarbone	1
vaccination	vaccination	2
sheriff	sheriff	1
frequencies	frequency	3
pitcher	pitcher	5
morbidity	morbidity	3
roll	roll	33
earthquake	earthquake	2
vapour	vapour	2
origins	origin	6
pseudonym	pseudonym	1
olds	old	9
disintegration	disintegration	5
wedge	wedge	9
expectation	expectation	4
herd	herd	6
cutoff	cutoff	3
debris	debris	1
stripe	stripe	6
traps	trap	12
ups	ups	1
gaols	gaol	2
arms	arm	8
best-seller	best-seller	0
mucus	mucus	1
plugs	plug	13
rifles	rifle	3
sorrows	sorrow	5
continent	continent	4
salons	salon	3
tub	tub	3
nothingness	nothingness	2
flavour	flavour	4
scripture	scripture	2
gangs	gang	5
seriousness	seriousness	3
chutney	chutney	1
pluralism	pluralism	3
fluids	fluid	7
trials	trial	6
saxophone	saxophone	1
piety	piety	1
arrow	arrow	2
return	return	29
popcorn	popcorn	2
tangle	tangle	6
poppies	poppy	1
runner	runner	10
garment	garment	2
inset	inset	4
continuum	continuum	1
pretext	pretext	2
screams	scream	6
councilman	councilman	1
superpower	superpower	1
lodge	lodge	10
retrieval	retrieval	3
dealings	dealing	15
gelatin	gelatin	3
pharmacists	pharmacist	1
embryos	embryo	2
urgency	urgency	4
plight	plight	4
chocolate	chocolate	3
tattoo	tattoo	4
dispatcher	dispatcher	2
entrances	entrance	5
triangles	triangle	5
bonds	bond	14
leakage	leakage	1
outposts	outpost	3
comics	comic	3
liability	liability	3
nightclub	nightclub	1
day	day	10
stallion	stallion	1
trainee	trainee	1
pipes	pipe	9
surplus	surplus	2
toilets	toilet	4
audiotape	audiotape	2
deception	deception	3
moratorium	moratorium	2
bricks	brick	2
pastel	pastel	3
finals	final	5
paving	paving	4
multiculturalism	multiculturalism	1
sponge	sponge	9
classroom	classroom	1
elevator	elevator	2
purse	purse	6
spokesmen	spokesman	1
pal	pal	2
affiliate	affiliate	4
downpours	downpour	1
religions	religion	2
retailer	retailer	1
freckles	freckle	3
shutters	shutter	3
leanings	leaning	10
seasonings	seasoning	5
checkout	checkout	3
glimmer	glimmer	3
restroom	restroom	1
schoolyard	schoolyard	1
decorator	decorator	2
grandfather	grandfather	1
rings	ring	15
algorithms	algorithm	1
youve	youve	0
happenings	happening	6
carcinoma	carcinoma	1
headlights	headlight	1
talents	talent	2
sheen	sheen	1
confrontation	confrontation	5
hoopla	hoopla	1
fireplace	fireplace	1
climbers	climber	5
incubator	incubator	1
folks	folk	4
showcase	showcase	2
allusion	allusion	1
hydrogen	hydrogen	1
thumbs	thumb	6
footprints	footprint	3
certainty	certainty	2
clauses	clause	2
contexts	context	2
arrangements	arrangement	6
tequila	tequila	1
inflection	inflection	4
stability	stability	3
modeling	modeling	9
pennant	pennant	3
address	address	18
medals	medal	1
revolt	revolt	4
harmonica	harmonica	1
esteem	esteem	5
suburbia	suburbia	2
gardener	gardener	2
light	light	47
basement	basement	2
telltale	telltale	2
doorknob	doorknob	1
labours	labour	7
organisms	organism	2
nation	nation	4
importer	importer	1
absorption	absorption	6
zombie	zombie	5
fibre	fibre	4
cows	cow	4
rails	rail	15
glider	glider	1
infertility	infertility	1
future	future	7
contingencies	contingency	2
hypertension	hypertension	1
lard	lard	3
snots	snot	2
filibuster	filibuster	3
disapproval	disapproval	4
rent	rent	9
bassist	bassist	1
spouse	spouse	1
ruler	ruler	2
eradication	eradication	1
businessman	businessman	1
password	password	1
handlebars	handlebar	1
partner	partner	5
overload	overload	5
brand	brand	10
cover-up	cover-up	1
depositions	deposition	4
mollusks	mollusk	1
clique	clique	1
stickers	sticker	4
shopkeepers	shopkeeper	1
stage	stage	10
console	console	5
wail	wail	3
humans	human	4
characters	character	10
craters	crater	3
laboratory	laboratory	2
communists	communist	3
frustrations	frustration	3
transparency	transparency	3
niches	niche	4
artists	artist	1
outset	outset	1
satire	satire	1
tableau	tableau	2
malaise	malaise	1
painkillers	painkiller	1
rites	rite	2
glove	glove	3
investigations	investigation	2
game	game	14
hunting	hunting	10
legend	legend	2
rsum	rsum	0
glossary	glossary	1
finesse	finesse	1
scientists	scientist	1
raindrop	raindrop	1
toxin	toxin	1
workshops	workshop	2
velocity	velocity	1
intervals	interval	4
sample	sample	4
hazard	hazard	6
singles	single	10
breakout	breakout	1
wisps	wisp	4
drawer	drawer	3
defiance	defiance	3
poets	poet	1
landowner	landowner	1
archipelago	archipelago	1
guide	guide	11
fidelity	fidelity	2
craft	craft	6
concessions	concession	3
vases	vas	3
preparation	preparation	8
notes	note	13
psychosis	psychosis	1
mulch	mulch	2
carrots	carrot	4
coasts	coast	5
ribs	rib	8
submissions	submission	7
convictions	conviction	2
grape	grape	3
movements	movement	11
debacle	debacle	3
tiles	tile	4
toxicity	toxicity	2
atom	atom	2
valve	valve	5
weavers	weaver	2
tad	tad	1
plaid	plaid	1
waggons	waggon	2
certificate	certificate	4
segregation	segregation	3
fouls	foul	16
graphs	graph	3
tents	tent	3
nature	nature	5
synthesis	synthesis	3
lumber	lumber	4
observer	observer	2
seedlings	seedling	1
meadow	meadow	1
dust	dust	7
holster	holster	2
reflex	reflex	2
bulbs	bulb	6
jobs	job	17
matrices	matrix	6
ballots	ballot	3
checklist	checklist	1
testament	testament	4
ambitions	ambition	3
tourists	tourist	1
informants	informant	2
choreographer	choreographer	1
music	music	5
company	company	10
clients	client	3
rules	rule	19
mockery	mockery	3
closet	closet	5
dislike	dislike	3
healers	healer	1
scalp	scalp	3
visibility	visibility	3
havoc	havoc	1
raft	raft	5
scourge	scourge	6
hill	hill	6
knight	knight	3
compression	compression	4
translations	translation	7
cavity	cavity	4
radicals	radical	11
repentance	repentance	1
session	session	4
yearbook	yearbook	2
wildfire	wildfire	1
gardenings	gardening	2
boyfriend	boyfriend	1
absence	absence	4
calibration	calibration	1
processors	processor	3
migraine	migraine	1
tracts	tract	4
expense	expense	4
whirlpool	whirlpool	2
luminosity	luminosity	1
potters	potter	4
analogue	analogue	2
mindset	mindset	1
councils	council	3
readiness	readiness	4
hip	hip	6
swaps	swap	3
landslide	landslide	2
rank	rank	13
robberies	robbery	2
defeats	defeat	4
durability	durability	1
section	section	15
assessment	assessment	4
terminology	terminology	1
hospitality	hospitality	1
health	health	2
cellophane	cellophane	1
jasmine	jasmine	1
premiere	premiere	4
chests	chest	4
rectums	rectum	1
vodka	vodka	1
pairing	pairing	7
dynasty	dynasty	1
mischief	mischief	2
triad	triad	4
management	management	2
bill	bill	13
spool	spool	3
ulcer	ulcer	1
dunes	dune	1
dogma	dogma	2
fox	fox	10
diameter	diameter	2
knee-cap	knee-cap	0
tanks	tank	8
droppings	droppings	1
slavery	slavery	3
effect	effect	8
crack	crack	24
magic	magic	3
credit	credit	13
population	population	5
treetops	treetop	1
responses	response	7
spells	spell	10
rugby	rugby	1
townspeople	townspeople	1
yogurt	yogurt	1
malnutrition	malnutrition	1
shallows	shallow	6
realities	reality	4
hymns	hymn	3
exposure	exposure	10
acquaintance	acquaintance	3
vine	vine	1
prejudices	prejudice	3
estrogen	estrogen	1
rudder	rudder	2
clamour	clamour	3
crystals	crystal	6
slacks	slack	17
italics	italic	5
brunch	brunch	2
sideline	sideline	4
whiskey	whiskey	1
linoleum	linoleum	1
servant	servant	2
waiver	waiver	1
glass	glass	12
product	product	6
disobedience	disobedience	2
antimatter	antimatter	1
individuality	individuality	2
yoghurt	yoghurt	1
default	default	5
payback	payback	2
blender	blender	1
brigade	brigade	2
trainer	trainer	2
solace	solace	4
editor	editor	2
automobiles	automobile	2
penalty	penalty	4
cologne	cologne	2
heroism	heroism	1
slug	slug	10
postures	posture	6
calendar	calendar	4
syrup	syrup	1
academics	academic	4
investigator	investigator	3
bench	bench	9
bathrooms	bathroom	2
fate	fate	4
underworld	underworld	2
fictions	fiction	2
internment	internment	3
twig	twig	3
throttle	throttle	5
car	car	5
appetizer	appetizer	1
areas	area	6
pilot	pilot	8
delegates	delegate	3
judgments	judgment	7
anecdotes	anecdote	1
decline	decline	11
swagger	swagger	6
gavel	gavel	1
annuities	annuity	1
couples	couple	9
tunic	tunic	2
jaws	jaw	7
passengers	passenger	1
freshman	freshman	3
contact	contact	11
fee	fee	3
coils	coil	9
limp	limp	5
trio	trio	5
captivity	captivity	2
symposium	symposium	1
characteristics	characteristic	5
trend	trend	5
attribute	attribute	4
protections	protection	7
caregiver	caregiver	2
empires	empire	5
willow	willow	2
coverage	coverage	3
wisdom	wisdom	5
motorcycles	motorcycle	2
likelihood	likelihood	1
relics	relic	2
journalist	journalist	2
occupation	occupation	5
caterpillar	caterpillar	2
caricatures	caricature	2
record	record	13
coauthor	coauthor	1
insurrection	insurrection	1
parking	parking	4
braille	braille	3
publishers	publisher	3
poison	poison	7
merries	merries	0
whistles	whistle	11
bubble	bubble	9
housekeeping	housekeeping	2
tales	tale	2
countenance	countenance	4
wreath	wreath	1
tandem	tandem	3
crabs	crab	11
robots	robot	1
output	output	6
butter	butter	3
imitation	imitation	5
viewpoint	viewpoint	2
traces	trace	14
deadlock	deadlock	1
warning	warning	8
foyer	foyer	1
cells	cell	7
mugs	mug	5
intermediary	intermediary	1
query	query	2
bang	bang	12
tests	test	13
mob	mob	4
gland	gland	1
shopping	shopping	6
absenteeism	absenteeism	1
disparity	disparity	1
detectives	detective	2
saturation	saturation	4
butterfly	butterfly	5
latex	latex	2
dangers	danger	4
tombs	tomb	1
accountants	accountant	1
sea	sea	3
snowstorms	snowstorm	1
subpoena	subpoena	2
menace	menace	5
sociologists	sociologist	1
chandelier	chandelier	1
meteor	meteor	2
euphoria	euphoria	1
committee	committee	2
breezes	breeze	4
supplement	supplement	6
lichen	lichen	2
anathema	anathema	2
preference	preference	4
observatory	observatory	2
climates	climate	2
muscle	muscle	6
calves	calf	4
gene	gene	1
swans	swan	4
islands	island	2
acoustics	acoustic	2
strand	strand	9
grandfathers	grandfather	1
reports	report	13
legacies	legacy	1
eddos	eddo	1
complications	complication	5
tensions	tension	6
nighttime	nighttime	1
strangers	stranger	5
comedian	comedian	2
acquittal	acquittal	1
mittens	mitten	1
munitions	munition	4
dose	dose	6
images	image	11
privacy	privacy	2
skeletons	skeleton	4
congratulations	congratulation	2
aftermath	aftermath	2
crane	crane	6
stock	stock	27
mitt	mitt	2
commander	commander	4
fingerprint	fingerprint	4
dwellers	dweller	1
riders	rider	4
reputation	reputation	3
endorsement	endorsement	5
aristocracy	aristocracy	2
champ	champ	3
rabies	rabies	1
tobacco	tobacco	2
happies	happies	0
gas	gas	8
bankers	banker	2
fountain	fountain	4
tutor	tutor	3
tile	tile	4
reinforcement	reinforcement	5
warrior	warrior	1
embodiment	embodiment	3
target	target	6
field	field	21
handset	handset	1
guests	guest	4
indication	indication	5
elasticity	elasticity	1
schemes	scheme	7
staffs	staff	8
archaeologist	archaeologist	1
locks	lock	15
grower	grower	1
devils	devil	7
assurances	assurance	4
frost	frost	8
numbness	numbness	2
pears	pear	2
racket	racket	7
vineyards	vineyard	1
detour	detour	2
conditions	condition	13
republics	republic	2
disruption	disruption	4
archetype	archetype	1
fillets	fillet	7
blindness	blindness	1
monsoon	monsoon	3
shutter	shutter	3
trail	trail	8
raiders	raider	2
cash	cash	4
abyss	abyss	2
strawberry	strawberry	3
shootout	shootout	1
toolbox	toolbox	1
struggle	struggle	7
squirrel	squirrel	2
scallops	scallop	9
phenomena	phenomenon	2
journalists	journalist	2
discretion	discretion	5
burner	burner	2
speed	speed	10
drawings	drawing	42
melon	melon	2
futility	futility	1
haves	have	20
byproduct	byproduct	2
accolades	accolade	1
traction	traction	2
regimen	regimen	1
companion	companion	4
alfalfa	alfalfa	2
outbursts	outburst	3
park	park	8
inflation	inflation	4
subsidy	subsidy	1
focus	focus	12
respiration	respiration	3
equations	equation	3
tags	tag	10
chips	chip	14
bulk	bulk	5
kilometre	kilometre	1
ditch	ditch	8
switches	switch	14
negation	negation	3
commissioner	commissioner	2
approval	approval	4
pavilion	pavilion	1
subscriptions	subscription	4
transactions	transaction	1
share	share	10
forces	force	19
insulation	insulation	3
blackboard	blackboard	1
pharynx	pharynx	1
picnic	picnic	4
sawdust	sawdust	1
shutdown	shutdown	1
togetherness	togetherness	1
easel	easel	1
sleep	sleep	6
omelette	omelette	1
emergencies	emergency	3
cornerback	cornerback	1
poll	poll	9
artillery	artillery	3
quantity	quantity	3
supplier	supplier	1
sociologist	sociologist	1
canes	cane	4
censure	censure	3
bureau	bureau	2
adequacy	adequacy	2
bronze	bronze	6
blister	blister	6
mistakes	mistake	5
turkeys	turkey	5
grasslands	grassland	1
fridge	fridge	1
endeavours	endeavour	3
holiday	holiday	3
gust	gust	1
parasites	parasite	2
papers	paper	9
thrill	thrill	7
fats	fat	9
arcs	arc	4
amounts	amount	7
checkpoint	checkpoint	1
northwest	northwest	7
nights	night	8
craze	craze	5
vouchers	voucher	3
graphite	graphite	1
tools	tool	8
outlet	outlet	4
herald	herald	5
oculis	oculis	0
rations	ration	4
continuity	continuity	3
prouds	prouds	0
graph	graph	3
strata	stratum	3
hikes	hike	5
jackets	jacket	7
visor	visor	2
tin	tin	7
participants	participant	2
calibre	calibre	2
miners	miner	1
formulations	formulation	3
order	order	24
mayhem	mayhem	2
fluke	fluke	5
coercion	coercion	2
compass	compass	7
description	description	3
crocodile	crocodile	1
entourage	entourage	1
cords	cord	6
creations	creation	6
roadblock	roadblock	2
morning	morning	4
delusion	delusion	3
lady	lady	3
occurrences	occurrence	2
wealth	wealth	4
rant	rant	3
bloom	bloom	7
stealth	stealth	1
peep	peep	7
fisherman	fisherman	1
poles	pole	13
bargains	bargain	4
mold	mold	14
lawsuits	lawsuit	1
intelligentsia	intelligentsia	1
checkbook	checkbook	1
capabilities	capability	3
jab	jab	6
laps	lap	11
activist	activist	2
saplings	sapling	1
vigil	vigil	3
bus	bus	7
tribes	tribe	4
occupant	occupant	1
fiber	fiber	5
tranquility	tranquility	3
positives	positive	13
comedies	comedy	2
negotiator	negotiator	1
objective	objective	6
rangers	ranger	3
barrier	barrier	3
decoration	decoration	3
windmills	windmill	2
cocktails	cocktail	2
hangover	hangover	3
aficionados	aficionado	2
airing	airing	9
minorities	minority	3
consciousness	consciousness	2
neurons	neuron	1
brother	brother	5
vice-president	vice-president	0
texts	text	4
buffer	buffer	10
server	server	4
bandage	bandage	3
obesity	obesity	1
viewpoints	viewpoint	2
southers	souther	1
crook	crook	4
re-election	re-election	0
abortion	abortion	2
mould	mould	11
contractors	contractor	4
dialysis	dialysis	1
lumps	lump	6
pound	pound	22
bookcase	bookcase	1
norm	norm	2
parable	parable	2
shirt	shirt	2
snapper	snapper	6
synagogues	synagogue	1
pea	pea	3
operations	operation	11
masterpiece	masterpiece	2
languages	language	6
interface	interface	4
ravages	ravage	3
pita	pita	1
adviser	adviser	1
weight	weight	10
mascot	mascot	1
databases	database	1
totalitarianism	totalitarianism	2
shop	shop	7
intellect	intellect	3
rotunda	rotunda	2
stories	story	6
sweetness	sweetness	4
seasoning	seasoning	5
generator	generator	4
link	link	13
canons	canon	6
sinus	sinus	3
blackmail	blackmail	3
inspiration	inspiration	6
prospect	prospect	7
catarrhs	catarrh	1
discontent	discontent	3
anthology	anthology	1
coupling	coupling	7
pains	pain	7
wits	wit	3
reminders	reminder	3
retina	retina	1
slide	slide	10
canvas	canvas	10
glitter	glitter	3
verification	verification	2
artifice	artifice	1
assumptions	assumption	7
bullshit	bullshit	2
kite	kite	8
brakes	brake	7
veggie	veggie	1
souther	souther	1
legislator	legislator	1
coefficient	coefficient	1
x-rays	x-ray	4
cookies	cooky	2
hometown	hometown	1
physicians	physician	1
addict	addict	3
feds	fed	13
prevention	prevention	1
mole	mole	6
punt	punt	6
profiling	profiling	3
tapestry	tapestry	3
labor	labor	10
deserts	desert	4
laundering	laundering	3
goggles	goggles	2
tubs	tub	3
pillars	pillar	5
self-reliance	self-reliance	1
hopelessness	hopelessness	1
oranges	orange	6
carousel	carousel	2
fares	fare	6
sojourn	sojourn	2
elk	elk	3
envy	envy	4
disturbance	disturbance	7
mill	mill	9
vocabulary	vocabulary	3
echo	echo	9
genius	genius	5
receptors	receptor	2
seniority	seniority	2
eyes	eye	6
people	people	6
trafficking	trafficking	2
slums	slum	2
lecturer	lecturer	2
exec	exec	1
hens	hen	4
oversight	oversight	3
parish	parish	2
fatigues	fatigue	6
colon	colon	5
strategies	strategy	2
greeting	greeting	5
story	story	6
quarry	quarry	4
know-how	know-how	1
settlement	settlement	7
bout	bout	4
chestnut	chestnut	7
lobe	lobe	4
machinery	machinery	2
headmaster	headmaster	1
technologies	technology	2
emus	emu	2
hoot	hoot	5
vegetables	vegetable	2
quantities	quantity	3
tape	tape	8
folklore	folklore	1
magnets	magnet	2
combo	combo	1
buttermilk	buttermilk	1
patriots	patriot	1
sentiments	sentiment	2
casserole	casserole	2
compliance	compliance	3
photographer	photographer	1
magnitude	magnitude	3
bait	bait	5
palates	palate	1
ballpark	ballpark	2
gyms	gym	1
quotient	quotient	2
gods	god	4
sham	sham	5
scrutiny	scrutiny	2
protesters	protester	2
motorcars	motorcar	1
battery	battery	7
quilt	quilt	3
responsiveness	responsiveness	2
doves	dove	8
expertise	expertise	1
pigments	pigment	5
linguistics	linguistics	2
piano	piano	4
socialism	socialism	2
supplies	supply	7
musings	musing	3
scorer	scorer	3
video	video	4
hobby	hobby	3
males	male	6
worship	worship	5
guys	guy	5
windstorm	windstorm	1
manipulations	manipulation	2
skid	skid	7
mind	mind	13
vest	vest	7
vicinity	vicinity	1
nutshell	nutshell	1
coding	coding	5
motherhood	motherhood	1
erection	erection	3
appointment	appointment	6
personality	personality	2
offices	office	7
catfish	catfish	3
bite	bite	13
drains	drain	8
sticker	sticker	4
clamps	clamp	3
weakness	weakness	5
foot	foot	14
difference	difference	5
institution	institution	5
practicum	practicum	0
neighbourhood	neighbourhood	2
celebrity	celebrity	2
bartender	bartender	1
spikes	spike	17
flowers	flower	4
parka	parka	1
tar	tar	3
scars	scar	3
mechanism	mechanism	5
missile	missile	2
fork	fork	9
tabletop	tabletop	1
stress	stress	8
poise	poise	7
renown	renown	1
creeks	creek	2
exports	export	4
ferns	fern	1
auction	auction	3
sanctuary	sanctuary	3
declaration	declaration	6
perspiration	perspiration	2
euro	euro	1
seasons	season	6
pastors	pastor	2
co-author	co-author	1
designer	designer	5
reprieve	reprieve	6
meteors	meteor	2
negligence	negligence	2
grievance	grievance	3
gynaecologist	gynaecologist	1
builder	builder	3
crust	crust	4
norms	norm	2
barrel	barrel	6
suitcase	suitcase	1
bees	bee	2
healthcare	healthcare	1
cuisine	cuisine	1
grizzlies	grizzly	2
fontanelle	fontanelle	1
fact	fact	4
meetings	meeting	19
competition	competition	4
cobalt	cobalt	1
musket	musket	1
rabbi	rabbi	2
shapes	shape	11
fugitives	fugitive	3
county	county	2
tension	tension	6
packs	pack	22
engineering	engineering	5
gel	gel	4
guidebook	guidebook	1
dynamics	dynamic	4
promotion	promotion	4
consistency	consistency	4
jersey	jersey	5
revisionist	revisionist	1
cartoon	cartoon	3
volts	volt	1
zealots	zealot	2
collector	collector	4
colouring	colouring	9
wildlife	wildlife	1
bath	bath	7
contributor	contributor	2
grid	grid	5
poetry	poetry	2
cancer	cancer	5
studios	studio	3
duo	duo	4
beards	beard	6
mutilation	mutilation	1
muse	muse	3
brushes	brush	15
virtues	virtue	4
sect	sect	2
propeller	propeller	1
era	era	3
heroin	heroin	1
averages	average	12
bike	bike	3
decadence	decadence	1
liar	liar	1
interdependence	interdependence	1
error	error	7
tow	tow	2
comptroller	comptroller	1
perennials	perennial	4
supermarkets	supermarket	1
emmet	emmet	1
gasp	gasp	2
sauce	sauce	4
watercolour	watercolour	5
function	function	10
modality	modality	4
destruction	destruction	3
gamut	gamut	2
revisions	revision	3
kingdom	kingdom	6
inaction	inaction	1
firemen	fireman	4
customer	customer	1
florist	florist	2
east	east	7
guinea	guinea	4
promoter	promoter	2
stroll	stroll	2
blizzard	blizzard	2
coalition	coalition	3
platforms	platform	5
breast-feeding	breast-feeding	0
nitrogen	nitrogen	1
porcelain	porcelain	1
freight	freight	5
reform	reform	9
interference	interference	5
stuffing	stuffing	9
corrosion	corrosion	2
pinnacle	pinnacle	5
novelists	novelist	1
volatility	volatility	3
flirtation	flirtation	1
supper	supper	2
liquidity	liquidity	3
improvement	improvement	3
knots	knot	10
otitis	otitis	1
supporters	supporter	5
ambassador	ambassador	2
attackers	attacker	1
ppm	ppm	0
stockpile	stockpile	3
abs	ab	4
horsemen	horseman	2
inexperience	inexperience	1
pancake	pancake	1
self-pity	self-pity	1
nun	nun	3
composer	composer	1
patties	patty	3
classifications	classification	4
tuna	tuna	4
facedown	facedown	0
ladders	ladder	4
war	war	5
navigator	navigator	3
spasms	spasm	2
astronomy	astronomy	1
robbery	robbery	2
roundup	roundup	3
profusion	profusion	1
serenity	serenity	2
ears	ear	5
stratosphere	stratosphere	1
sewage	sewage	1
geek	geek	2
decrees	decree	3
options	option	3
shopkeeper	shopkeeper	1
privileges	privilege	4
football	football	2
acceptance	acceptance	7
blackout	blackout	5
newlyweds	newlywed	1
buttocks	buttock	1
commander-in-chief	commander-in-chief	0
insurgency	insurgency	1
ambulances	ambulance	1
foresight	foresight	2
enthusiasm	enthusiasm	3
hatred	hatred	1
flamenco	flamenco	2
bunk	bunk	9
veranda	veranda	1
secrets	secret	14
improvements	improvement	3
thump	thump	5
self-confidence	self-confidence	1
sclerosis	sclerosis	1
launcher	launcher	2
cliche	cliche	1
tyranny	tyranny	2
peace	peace	5
gunfire	gunfire	1
eyelid	eyelid	1
failures	failure	7
prairies	prairie	1
loop	loop	15
conservatives	conservative	7
membership	membership	2
niece	niece	1
page	page	9
plumes	plume	9
hybrids	hybrid	4
translator	translator	3
bottoms	bottom	12
explanation	explanation	3
meantime	meantime	2
preferences	preference	4
motels	motel	1
ginger	ginger	6
document	document	6
crucifix	crucifix	2
salon	salon	3
depth	depth	6
architects	architect	1
crustacean	crustacean	2
precinct	precinct	1
ransom	ransom	4
slang	slang	5
footage	footage	2
chocolates	chocolate	3
insipidities	insipidity	2
ponies	pony	5
guerrilla	guerrilla	1
lesson	lesson	4
passion	passion	7
cartilages	cartilage	1
monograph	monograph	1
memoir	memoir	2
gays	gay	7
atoms	atom	2
broiler	broiler	2
accusations	accusation	2
reunions	reunion	2
snowfalls	snowfall	1
alpha	alpha	4
banana	banana	2
magicians	magician	2
death	death	8
irises	iris	3
bush	bush	9
rooftops	rooftop	1
grenade	grenade	1
buses	bus	7
backbones	backbone	5
intrusions	intrusion	5
lures	lure	4
vibration	vibration	4
interactions	interaction	2
predisposition	predisposition	3
delegate	delegate	3
attendants	attendant	5
estrangement	estrangement	2
acquiescence	acquiescence	2
tale	tale	2
temperatures	temperature	2
vets	vet	6
illumination	illumination	5
detritus	detritus	2
broadcast	broadcast	5
neighbors	neighbor	4
lap	lap	11
kid	kid	7
missionary	missionary	3
cannibalism	cannibalism	1
civilization	civilization	4
aircraft	aircraft	1
additions	addition	6
ease	ease	9
cloth	cloth	1
resort	resort	6
tower	tower	4
hordes	horde	3
thing	thing	12
homes	home	17
variance	variance	7
foreground	foreground	3
chess	chess	2
kitten	kitten	2
puberty	puberty	1
embryo	embryo	2
rhubarb	rhubarb	2
snakes	snake	8
timing	timing	7
airports	airport	1
testing	testing	10
exterior	exterior	3
gender	gender	2
shits	shit	8
mannequin	mannequin	2
silicon	silicon	1
blocks	block	28
booty	booty	1
obligation	obligation	5
fairness	fairness	4
spark	spark	8
charm	charm	8
watercolor	watercolor	5
schedule	schedule	4
specter	specter	2
merits	merit	3
piracy	piracy	2
twigs	twig	3
binder	binder	4
gig	gig	6
resonance	resonance	5
pact	pact	1
recession	recession	5
earring	earring	1
salesperson	salesperson	1
ads	ad	2
plank	plank	5
domain	domain	5
pie	pie	2
subsidiary	subsidiary	3
ferocity	ferocity	1
wives	wife	1
hairdresser	hairdresser	1
nothin	nothin	0
omission	omission	4
gums	gum	10
spurt	spurt	3
sobriety	sobriety	4
porter	porter	8
corners	corner	14
attention	attention	6
cowardice	cowardice	1
barley	barley	2
staggers	stagger	5
contracts	contract	12
funerals	funeral	1
ser	ser	0
bolts	bolt	16
futures	future	7
chops	chop	11
notch	notch	6
township	township	1
authors	author	3
cherry	cherry	5
posse	posse	1
curricula	curriculum	1
encore	encore	2
cadre	cadre	2
refrain	refrain	3
models	model	16
tomorrows	tomorrow	3
accent	accent	7
gusto	gusto	1
outlaw	outlaw	4
costar	costar	0
cranberry	cranberry	2
pressures	pressure	9
schoolgirl	schoolgirl	1
bile	bile	1
devil	devil	7
rhythm	rhythm	5
rebate	rebate	5
films	film	7
turnout	turnout	7
chancellor	chancellor	3
habit	habit	7
chord	chord	4
standardization	standardization	3
ranch	ranch	2
ether	ether	4
undertaking	undertaking	7
spines	spine	5
fart	fart	2
fisheries	fishery	1
notepad	notepad	1
brownies	brownie	3
architect	architect	1
gymnastics	gymnastics	1
productions	production	8
coalitions	coalition	3
inventor	inventor	1
itinerary	itinerary	3
ruling	ruling	9
doorways	doorway	1
radiance	radiance	3
platter	platter	2
sentiment	sentiment	2
anguish	anguish	4
droves	drove	25
soul	soul	5
planetarium	planetarium	3
misfortune	misfortune	2
obscenity	obscenity	3
delinquency	delinquency	3
braids	braid	5
cocoon	cocoon	3
gravel	gravel	4
curtains	curtain	3
drift	drift	17
dropout	dropout	2
burners	burner	2
captains	captain	8
precaution	precaution	3
streets	street	5
community	community	6
harbinger	harbinger	2
cocoanuts	cocoanut	1
plea	plea	3
incidence	incidence	2
ore	ore	2
slaying	slaying	2
stairwell	stairwell	1
millimetres	millimetre	1
bouquets	bouquet	2
pasts	past	6
forecast	forecast	4
horde	horde	3
perch	perch	10
plum	plum	5
tart	tart	5
accelerator	accelerator	4
menses	menses	1
stepmother	stepmother	1
recipes	recipe	1
leftist	leftist	2
thrift	thrift	2
luncheon	luncheon	1
gal	gal	3
ammunition	ammunition	3
shades	shade	13
emmets	emmet	1
peek	peek	2
skins	skin	10
labels	label	9
responsibility	responsibility	3
lads	lad	2
rigs	rig	11
severance	severance	2
manufacturing	manufacturing	5
dictionary	dictionary	1
bones	bone	6
dyes	dye	2
expatriate	expatriate	3
harness	harness	6
lot	lot	9
managers	manager	2
flannel	flannel	3
defendants	defendant	1
gowns	gown	6
idol	idol	3
rafters	rafter	3
ego	ego	3
paddle	paddle	10
pebbles	pebble	1
merchants	merchant	1
crows	crow	9
spectator	spectator	2
award	award	5
veggies	veggie	1
ecosystem	ecosystem	1
reconnaissance	reconnaissance	1
commodity	commodity	1
clamor	clamor	5
investment	investment	6
chapel	chapel	2
citrus	citrus	2
handout	handout	2
raindrops	raindrop	1
relief	relief	11
spokeswoman	spokeswoman	1
lid	lid	3
brow	brow	3
junta	junta	1
sparrow	sparrow	2
apparatus	apparatus	2
stain	stain	9
jolt	jolt	4
levee	levee	3
charity	charity	5
eyelashes	eyelash	1
sprigs	sprig	2
drapes	drape	7
bounds	bound	27
clause	clause	2
monologue	monologue	3
principles	principle	6
conclusions	conclusion	9
concern	concern	7
homework	homework	1
morphology	morphology	4
persecution	persecution	1
planner	planner	2
hungers	hunger	5
counselors	counselor	3
sewing	sewing	4
fiancee	fiancee	1
influence	influence	8
underbrush	underbrush	1
dread	dread	3
inattention	inattention	1
bachelor	bachelor	3
misconception	misconception	1
buffers	buffer	10
sins	sin	8
anaesthesia	anaesthesia	1
ferries	ferry	5
recommendations	recommendation	3
sort	sort	6
pants	pant	5
places	place	32
feelings	feeling	19
puffs	puff	17
girlfriend	girlfriend	2
disagreements	disagreement	3
bumps	bump	8
credo	credo	1
pomegranate	pomegranate	2
variations	variation	11
racetrack	racetrack	1
receptions	reception	5
theologians	theologian	1
jewelry	jewelry	1
leap	leap	8
sunflowers	sunflower	1
budgeting	budgeting	1
castles	castle	5
microphone	microphone	1
programme	programme	9
collapses	collapse	11
format	format	5
wad	wad	5
shuttles	shuttle	4
tubing	tubing	5
arts	art	4
haul	haul	4
bud	bud	4
pixel	pixel	1
affairs	affair	3
merit	merit	3
affidavit	affidavit	1
gales	gale	1
reel	reel	9
cascade	cascade	5
footsteps	footstep	3
capsules	capsule	9
springboard	springboard	2
spots	spot	20
conversation	conversation	1
control	control	19
raisins	raisin	1
hospitals	hospital	2
dashboard	dashboard	2
pets	pet	7
anuran	anuran	2
auctions	auction	3
experiments	experiment	5
gentleman	gentleman	2
copper	copper	6
pits	pit	14
anxiety	anxiety	2
benefactor	benefactor	1
sleet	sleet	2
cargo	cargo	1
projects	project	14
referee	referee	5
contractions	contraction	4
commercials	commercial	4
nut	nut	8
arrogance	arrogance	1
heft	heft	3
senators	senator	1
vignette	vignette	3
consumers	consumer	1
banquet	banquet	4
agents	agent	6
naivete	naivete	1
partners	partner	5
materialism	materialism	2
devotion	devotion	4
regulars	regular	17
songs	song	6
biomass	biomass	2
waterfall	waterfall	1
outlines	outline	6
newness	newness	1
porn	porn	1
dusk	dusk	2
airflow	airflow	1
chimpanzees	chimpanzee	1
sustenance	sustenance	3
humanists	humanist	6
scooter	scooter	5
exhaust	exhaust	7
trooper	trooper	4
ban	ban	9
herds	herd	6
olfaction	olfaction	1
patron	patron	3
narrators	narrator	1
crater	crater	3
concerns	concern	7
waste	waste	16
marriage	marriage	4
reed	reed	5
depression	depression	10
foreigner	foreigner	2
judgement	judgement	7
nail	nail	10
outcome	outcome	2
resiliency	resiliency	2
cutters	cutter	6
engine	engine	4
fishings	fishing	4
gurus	guru	3
acid	acid	5
biker	biker	0
novice	novice	2
prayer	prayer	5
forts	fort	5
reunion	reunion	2
execs	exec	1
flakes	flake	6
hatchery	hatchery	1
curfew	curfew	3
companies	company	10
leaks	leak	9
habitat	habitat	1
plankton	plankton	1
children	child	4
kicker	kicker	1
index	index	8
ranching	ranching	2
resident	resident	4
ecstasy	ecstasy	3
simplicity	simplicity	5
defence	defence	11
gift	gift	5
mucosa	mucosa	1
walls	wall	9
vibe	vibe	1
bully	bully	5
rulers	ruler	2
farce	farce	3
duty	duty	3
capitals	capital	11
station	station	6
tits	tit	3
bruise	bruise	5
carb	carb	0
pike	pike	5
hurdles	hurdle	4
brownie	brownie	3
onset	onset	2
limbs	limb	6
illusion	illusion	4
sprays	spray	9
sofa	sofa	1
cheddar	cheddar	2
chromosomes	chromosome	1
bathrobe	bathrobe	1
sus	sus	1
avenues	avenue	2
strokes	stroke	16
analysis	analysis	6
stucco	stucco	3
loads	load	14
licence	licence	4
circumstance	circumstance	4
borrowers	borrower	1
rods	rod	6
broadcasts	broadcast	5
judiciary	judiciary	2
shortcuts	shortcut	1
skipper	skipper	4
margarine	margarine	1
limits	limit	9
sentences	sentence	4
metabolism	metabolism	2
creator	creator	2
natives	native	7
power	power	10
prosecution	prosecution	3
sceptic	sceptic	1
roof	roof	5
spittles	spittle	1
courses	course	13
hostilities	hostility	4
fraction	fraction	4
ordinances	ordinance	3
lanes	lane	2
ecclesiology	ecclesiology	1
sigh	sigh	4
apocalypse	apocalypse	2
ingredient	ingredient	3
sergeant	sergeant	3
issuer	issuer	1
parachute	parachute	2
biology	biology	3
elbow	elbow	7
worlds	world	9
evidence	evidence	6
guns	gun	8
revision	revision	3
file	file	9
disgrace	disgrace	4
gang	gang	5
decoys	decoy	3
rabbits	rabbit	4
inquiry	inquiry	3
shaft	shaft	14
matter	matter	7
gospel	gospel	5
moderator	moderator	4
embassies	embassy	2
stall	stall	14
putt	putt	3
mon	mon	3
responsibilities	responsibility	3
crowds	crowd	6
cruelty	cruelty	3
individuals	individual	6
blizzards	blizzard	2
schema	schema	2
snacks	snack	2
ale	ale	1
ion	ion	1
clusters	cluster	3
genetics	genetics	1
thoroughfare	thoroughfare	1
revelations	revelation	4
monitors	monitor	9
mecca	mecca	2
virtuoso	virtuoso	3
snarl	snarl	7
geography	geography	1
antiques	antique	7
precipitation	precipitation	6
temple	temple	4
enclosure	enclosure	4
susceptibility	susceptibility	1
science	science	2
transfusion	transfusion	2
trunks	trunk	5
faucet	faucet	1
laureate	laureate	2
torso	torso	1
repetitions	repetition	3
rebates	rebate	5
sidewalk	sidewalk	1
associates	associate	9
discrimination	discrimination	2
innocence	innocence	3
buns	bun	1
coconut	coconut	3
policeman	policeman	1
introspection	introspection	1
recess	recess	8
critiques	critique	3
channel	channel	11
goose	goose	6
congregations	congregation	3
tinnitus	tinnitus	1
worm	worm	5
bouquet	bouquet	2
roadways	roadway	1
opinion	opinion	6
bankruptcy	bankruptcy	3
scallions	scallion	2
anthem	anthem	2
ramp	ramp	8
heaven	heaven	2
lefty	lefty	2
brew	brew	3
abduction	abduction	2
watering	watering	6
flame	flame	4
offerings	offering	17
foreskins	foreskin	2
connotations	connotation	2
feud	feud	2
farmers	farmer	3
songwriter	songwriter	1
complaint	complaint	5
beauties	beauty	3
hotline	hotline	0
rookie	rookie	1
salesmen	salesman	1
kingdoms	kingdom	6
juror	juror	1
diva	diva	1
fuselage	fuselage	1
divination	divination	3
envelopes	envelope	6
attendant	attendant	5
skies	sky	2
shores	shore	5
gum	gum	10
ear	ear	5
laboratories	laboratory	2
mothers	mother	7
millennium	millennium	3
reeds	reed	5
cricket	cricket	3
intrusion	intrusion	5
papa	papa	1
pleasure	pleasure	5
fat	fat	9
learning	learning	8
cane	cane	4
shrines	shrine	2
compilation	compilation	2
pail	pail	2
adoption	adoption	3
literature	literature	4
flint	flint	4
impression	impression	9
scams	scam	2
precautions	precaution	3
liquid	liquid	11
mercury	mercury	4
greenery	greenery	1
air-conditioning	air-conditioning	2
trades	trade	12
dominance	dominance	4
computer	computer	2
ditches	ditch	8
estuary	estuary	1
jewel	jewel	3
berry	berry	4
craftsmen	craftsman	3
canvases	canvas	10
letter	letter	8
residues	residue	2
stranger	stranger	5
dill	dill	2
grave	grave	8
scaffolding	scaffolding	2
caretakers	caretaker	2
nuns	nun	3
drinker	drinker	2
chard	chard	2
eulogy	eulogy	2
teens	teen	2
answer	answer	15
shore	shore	5
creature	creature	3
pension	pension	2
escalator	escalator	2
pantry	pantry	1
allegiance	allegiance	2
socialisation	socialisation	3
cavalry	cavalry	2
atheists	atheist	2
credibility	credibility	1
custody	custody	3
flood	flood	10
cable	cable	8
intent	intent	3
shed	shed	6
pulpit	pulpit	1
hut	hut	2
bystander	bystander	1
trustee	trustee	2
interrogations	interrogation	4
vineyard	vineyard	1
veal	veal	1
flip	flip	18
fallout	fallout	2
outcry	outcry	3
pearl	pearl	4
cables	cable	8
rat	rat	11
narratives	narrative	2
curve	curve	10
delay	delay	6
stamp	stamp	18
overtime	overtime	3
tragedies	tragedy	2
pelter	pelter	2
barbecue	barbecue	4
venture	venture	6
aspirin	aspirin	1
disclosures	disclosure	1
treasure	treasure	6
soaps	soap	4
bottle	bottle	5
medics	medic	2
janitor	janitor	1
bye	bye	2
autonomy	autonomy	2
currency	currency	3
autumn	autumn	1
intention	intention	3
pick-up	pick-up	0
doctorate	doctorate	1
meltdown	meltdown	2
breeder	breeder	1
valet	valet	2
races	race	10
subjects	subject	15
downtime	downtime	1
riot	riot	6
aroma	aroma	2
landowners	landowner	1
implements	implement	4
burlap	burlap	1
acceptability	acceptability	1
saddle	saddle	9
juniors	junior	7
toys	toy	8
heartburn	heartburn	1
jar	jar	8
mesh	mesh	9
slogans	slogan	1
kneecaps	kneecap	2
membrane	membrane	2
butt	butt	12
flare	flare	15
awards	award	5
breast	breast	7
dress	dress	21
enforcement	enforcement	1
crown	crown	16
elves	elf	2
sexes	sex	6
overlay	overlay	6
accounts	account	14
bookstore	bookstore	1
ahold	ahold	0
admonition	admonition	2
hiker	hiker	1
refractor	refractor	0
rhymes	rhyme	4
election	election	4
tally	tally	7
grooves	groove	5
allowances	allowance	7
tenement	tenement	1
precipitations	precipitation	6
summons	summons	8
sprouts	sprout	4
smirk	smirk	2
labs	lab	1
diaphragm	diaphragm	4
mum	mum	4
grandparent	grandparent	1
work	work	34
broom	broom	5
lingo	lingo	1
strawberries	strawberry	3
behest	behest	1
dumpster	dumpster	1
failure	failure	7
gale	gale	1
garden	garden	4
repair	repair	8
line	line	36
dispute	dispute	4
typology	typology	1
logging	logging	3
soda	soda	2
tram	tram	4
chasm	chasm	1
surrender	surrender	6
zeal	zeal	3
prosecutions	prosecution	3
taxes	tax	5
race	race	10
extortion	extortion	3
supply	supply	7
trees	tree	7
questions	question	11
purists	purist	1
retiree	retiree	1
clams	clam	4
temp	temp	1
gardens	garden	4
cereal	cereal	4
battlefields	battlefield	1
relatives	relative	4
nuance	nuance	1
epiphany	epiphany	2
codes	code	5
hipbone	hipbone	1
casualty	casualty	4
phrase	phrase	6
creatures	creature	3
shaker	shaker	3
solvents	solvent	3
accession	accession	7
supervision	supervision	1
sperm	sperm	1
defamation	defamation	2
fauna	fauna	2
specificity	specificity	2
recreation	recreation	2
artichokes	artichoke	2
magnet	magnet	2
flanks	flank	5
actors	actor	2
sellers	seller	1
hills	hill	6
noun	noun	2
consumer	consumer	1
fervour	fervour	2
indices	index	8
policing	policing	1
assertion	assertion	2
definition	definition	2
sketch	sketch	6
obsession	obsession	2
outgrowth	outgrowth	3
townhouse	townhouse	0
distributions	distribution	4
spoils	spoil	11
pancreas	pancreas	1
planet	planet	3
professor	professor	1
innings	inning	1
gestures	gesture	4
vow	vow	3
redo	redo	2
vet	vet	6
bikes	bike	3
feeling	feeling	19
nectar	nectar	3
chaplain	chaplain	1
tweed	tweed	2
gusts	gust	1
cuttings	cutting	54
springs	spring	11
shopper	shopper	2
todays	today	4
grant	grant	15
infant	infant	1
categorization	categorization	3
rating	rating	13
root	root	14
salute	salute	9
competency	competency	1
landmarks	landmark	4
days	day	10
cruises	cruise	5
wester	wester	2
lettering	lettering	4
prosecutors	prosecutor	1
buff	buff	8
inclinations	inclination	8
beds	bed	13
turtles	turtle	4
broadcaster	broadcaster	2
parameters	parameter	4
footnotes	footnote	2
psyche	psyche	3
tango	tango	3
brain	brain	7
speech	speech	8
gasps	gasp	2
wine	wine	4
sketches	sketch	6
defecations	defecation	1
buds	bud	4
province	province	2
vitamins	vitamin	1
scout	scout	5
importance	importance	2
labourers	labourer	1
prosciutto	prosciutto	1
thigh	thigh	2
girth	girth	3
lilies	lily	1
tray	tray	1
forebears	forebear	1
arenas	arena	4
assassin	assassin	2
philanthropy	philanthropy	1
troupe	troupe	1
invention	invention	3
antiquity	antiquity	3
belief	belief	2
legislation	legislation	2
lbs	lb	1
shriek	shriek	3
scepticism	scepticism	1
readership	readership	1
loaf	loaf	4
polygraph	polygraph	1
crab	crab	11
needle	needle	6
tact	tact	1
credence	credence	2
sender	sender	2
signal	signal	6
antenna	antenna	3
catchers	catcher	2
menu	menu	4
coordination	coordination	4
packages	package	4
baseline	baseline	3
armchair	armchair	1
journals	journal	5
centimeters	centimeter	1
efficacy	efficacy	1
timer	timer	3
attachment	attachment	7
excesses	excess	5
anytime	anytime	0
foundations	foundation	7
phalanx	phalanx	3
jurists	jurist	2
wharf	wharf	6
manicure	manicure	3
telescope	telescope	3
settlements	settlement	7
personalities	personality	2
artefact	artefact	1
pheasant	pheasant	2
assent	assent	2
deed	deed	2
assembly	assembly	6
malpractice	malpractice	2
delirium	delirium	2
question	question	11
carnage	carnage	1
perfume	perfume	4
recoil	recoil	6
stretcher	stretcher	4
hurricanes	hurricane	1
plantings	planting	9
seclusion	seclusion	2
funnel	funnel	4
leather	leather	2
brunette	brunette	2
lion	lion	4
oyster	oyster	4
envelope	envelope	6
commandos	commando	2
strike	strike	27
deficiencies	deficiency	2
circulation	circulation	6
violinist	violinist	1
bliss	bliss	1
case	case	22
arm	arm	8
tripod	tripod	1
hull	hull	7
practices	practice	10
vinyl	vinyl	2
worshipers	worshiper	2
settlers	settler	3
fashion	fashion	5
chairmen	chairman	2
refinement	refinement	5
diaper	diaper	2
juncture	juncture	3
yesterday	yesterday	4
meadows	meadow	1
shorthand	shorthand	2
quarterback	quarterback	3
dishes	dish	8
meter	meter	6
space	space	10
lupus	lupus	2
fairy	fairy	2
pilots	pilot	8
constellation	constellation	2
mother	mother	7
drums	drum	9
tone	tone	15
witness	witness	7
tariff	tariff	2
topping	topping	12
elders	elder	4
creativity	creativity	1
restriction	restriction	3
democracy	democracy	3
risks	risk	6
planter	planter	3
instruments	instrument	9
ingenuity	ingenuity	2
invitation	invitation	2
adults	adult	4
dots	dot	8
boon	boon	2
cranberries	cranberry	2
foothills	foothill	1
pant	pant	5
gingerbread	gingerbread	1
tornado	tornado	2
toads	toad	1
planks	plank	5
handicap	handicap	6
electrode	electrode	1
colonies	colony	6
cardinal	cardinal	6
havens	haven	2
menopause	menopause	1
chefs	chef	1
trace	trace	14
inferences	inference	1
elimination	elimination	5
ulcers	ulcer	1
spies	spy	6
cardinals	cardinal	6
clump	clump	7
layer	layer	6
victimisation	victimisation	1
reporters	reporter	1
toll	toll	5
housework	housework	1
miles	mile	8
slap	slap	4
helper	helper	2
body	body	12
rents	rent	9
gall	gall	8
thoughts	thought	17
tab	tab	5
takeoff	takeoff	4
religiosity	religiosity	1
romances	romance	10
fontanels	fontanel	1
dependents	dependent	7
termination	termination	5
beret	beret	1
lake	lake	3
doorman	doorman	1
identity	identity	4
commando	commando	2
strain	strain	20
courage	courage	1
measles	measles	1
filaments	filament	4
issues	issue	16
heavyweight	heavyweight	5
windpipe	windpipe	1
mosque	mosque	1
surcharge	surcharge	8
calculators	calculator	2
ash	ash	4
tortoise	tortoise	1
sage	sage	5
housewife	housewife	1
twinge	twinge	5
fiasco	fiasco	1
push-ups	push-ups	0
bracelets	bracelet	2
graduate	graduate	6
theyre	theyre	0
eyelash	eyelash	1
transition	transition	7
hive	hive	6
sibling	sibling	1
zoo	zoo	1
sadness	sadness	3
saints	saint	5
lace	lace	7
gallery	gallery	7
bulge	bulge	5
species	specie	1
blight	blight	3
critic	critic	3
leader	leader	2
knot	knot	10
legitimacy	legitimacy	2
gunner	gunner	1
face	face	22
breakers	breaker	3
accommodation	accommodation	6
drugstore	drugstore	1
midsection	midsection	1
schedules	schedule	4
bondages	bondage	3
deliberation	deliberation	5
bays	bay	10
wheel	wheel	11
statesmen	statesman	1
plow	plow	4
goddess	goddess	1
powder	powder	5
bowl	bowl	12
letters	letter	8
catalog	catalog	4
bark	bark	9
arrivals	arrival	3
precedents	precedent	5
motors	motor	5
pup	pup	3
trivia	trivia	2
grandpa	grandpa	1
ions	ion	1
height	height	4
savior	savior	2
marshmallows	marshmallow	1
employer	employer	1
labour	labour	7
storytellers	storyteller	2
project	project	14
seams	seam	4
craftsmanship	craftsmanship	1
attractions	attraction	5
ravine	ravine	1
fossil	fossil	3
pupil	pupil	3
supporter	supporter	5
reasoning	reasoning	5
robe	robe	4
subordinates	subordinate	7
mechanisms	mechanism	5
monitor	monitor	9
unit	unit	6
adultery	adultery	1
trade	trade	12
senses	sens	2
conveyor	conveyor	2
pouch	pouch	6
appropriateness	appropriateness	2
breach	breach	5
nomads	nomad	1
licencing	licencing	1
spas	spa	3
robber	robber	1
self-determination	self-determination	2
inches	inch	3
diplomats	diplomat	2
centuries	century	2
dwarf	dwarf	5
underarms	underarms	0
screens	screen	16
backbone	backbone	5
farmhouse	farmhouse	1
artisans	artisan	1
hiatus	hiatus	3
grades	grade	13
stubbornness	stubbornness	2
talent	talent	2
stumps	stump	8
marchers	marcher	3
mozzarella	mozzarella	1
wellness	wellness	1
inclination	inclination	8
outhouse	outhouse	1
receptor	receptor	2
contribution	contribution	5
lock	lock	15
trousers	trouser	2
substitution	substitution	2
uncertainty	uncertainty	2
bloodstream	bloodstream	1
transmission	transmission	5
generalisations	generalisation	4
governance	governance	2
claw	claw	8
pest	pest	4
howls	howl	7
rationalization	rationalization	5
sorcery	sorcery	1
six-year-old	six-year-old	0
endeavors	endeavor	3
detective	detective	2
freeways	freeway	1
hell	hell	6
deals	deal	22
consequences	consequence	3
cusp	cusp	3
reactions	reaction	7
happinesses	happiness	2
dishwasher	dishwasher	2
traveller	traveller	1
salt	salt	9
drain	drain	8
breaker	breaker	3
convention	convention	5
conduct	conduct	8
exile	exile	4
branches	branch	8
shipment	shipment	2
inequities	inequity	1
separation	separation	9
primaries	primary	9
parallels	parallel	8
apprenticeship	apprenticeship	1
alloy	alloy	4
inhabitants	inhabitant	1
airplanes	airplane	1
waves	wave	14
hippies	hippy	1
topography	topography	2
magistrate	magistrate	1
murmurs	murmur	6
limelight	limelight	2
aviation	aviation	4
input	input	5
indifference	indifference	4
glut	glut	3
conception	conception	4
librarian	librarian	1
cacophony	cacophony	2
charters	charter	5
crusade	crusade	4
compatibility	compatibility	2
primates	primate	2
lands	land	18
protector	protector	1
habits	habit	7
vent	vent	7
ketchup	ketchup	1
outs	out	17
elites	elite	2
set-up	set-up	0
qualifier	qualifier	2
times	time	15
affection	affection	1
humanity	humanity	3
gravy	gravy	3
propositions	proposition	6
roads	road	2
minimalist	minimalist	4
king	king	10
outing	outing	5
storefront	storefront	1
conquest	conquest	3
tract	tract	4
cube	cube	7
collision	collision	3
scowl	scowl	2
sportsmen	sportsman	1
voucher	voucher	3
restructuring	restructuring	1
labourer	labourer	1
luster	luster	3
boxer	boxer	4
carbohydrate	carbohydrate	1
father-in-law	father-in-law	1
lives	life	14
contests	contest	3
butts	butt	12
scrotum	scrotum	1
gymnasium	gymnasium	2
ballroom	ballroom	1
stimulation	stimulation	4
causes	cause	7
guards	guard	14
vegetation	vegetation	4
homecoming	homecoming	2
breed	breed	6
stones	stone	16
apex	apex	2
acreage	acreage	1
name	name	15
halves	half	6
acclaim	acclaim	3
sight	sight	9
squares	square	25
cocktail	cocktail	2
tails	tail	11
lists	list	7
pints	pint	3
homogeneity	homogeneity	2
trout	trout	2
electrician	electrician	1
pony	pony	5
snake	snake	8
parents	parent	3
framework	framework	3
cooperatives	cooperative	5
script	script	4
hygiene	hygiene	2
beverage	beverage	1
increase	increase	7
puzzle	puzzle	4
godfather	godfather	2
imperfections	imperfection	1
shellfish	shellfish	2
kitchen	kitchen	1
cyclist	cyclist	1
fishes	fish	6
embarrassment	embarrassment	4
commands	command	12
heel	heel	11
testosterone	testosterone	1
injunction	injunction	2
slots	slot	8
emperor	emperor	4
morals	moral	3
criteria	criterion	2
apes	ape	5
needles	needle	6
opponents	opponent	3
sensations	sensation	5
faiths	faith	4
finder	finder	3
eyesight	eyesight	1
match	match	19
pressure	pressure	9
diplomas	diploma	1
grader	grader	1
payday	payday	1
inspectors	inspector	2
diet	diet	6
gurney	gurney	1
maneuvers	maneuver	8
pedestrians	pedestrian	2
captives	captive	5
alarm	alarm	6
ribbons	ribbon	4
piles	pile	11
consultations	consultation	3
cellar	cellar	3
penguin	penguin	1
gaze	gaze	2
persistence	persistence	3
uproar	uproar	2
shortages	shortage	2
mammals	mammal	1
flurry	flurry	4
ways	way	13
examiners	examiner	2
goddesses	goddess	1
blueprint	blueprint	3
literacy	literacy	1
cheeses	cheese	4
misdeeds	misdeed	1
celibacy	celibacy	2
expansion	expansion	4
selections	selection	5
billboard	billboard	1
embroidery	embroidery	2
finger	finger	7
pile	pile	11
applause	applause	1
charms	charm	8
watermelon	watermelon	2
government	government	4
placement	placement	3
multiples	multiple	2
lime	lime	8
insect	insect	2
anthrax	anthrax	2
supplementation	supplementation	2
paintings	painting	8
senator	senator	1
employers	employer	1
femur	femur	1
sludge	sludge	2
mister	mister	1
surveillance	surveillance	1
relay	relay	7
hearth	hearth	3
inhalation	inhalation	2
event	event	4
splash	splash	13
discharge	discharge	20
spacecraft	spacecraft	1
plethora	plethora	1
puppet	puppet	3
whims	whim	2
redundancy	redundancy	4
deprivation	deprivation	3
panic	panic	4
imports	import	8
melodies	melody	2
deer	deer	1
ghosts	ghost	7
tightrope	tightrope	1
normalisation	normalisation	1
recital	recital	5
superstition	superstition	1
fuse	fuse	6
camper	camper	2
strings	string	17
presence	presence	6
seals	seal	15
captain	captain	8
defense	defense	12
fame	fame	2
nerd	nerd	2
effectiveness	effectiveness	2
scoreboard	scoreboard	1
protectionism	protectionism	1
price	price	9
lobes	lobe	4
rats	rat	11
knowledge	knowledge	1
coke	coke	4
parole	parole	4
dialect	dialect	1
colour	colour	15
swimmer	swimmer	2
midst	midst	1
anniversary	anniversary	1
systems	system	9
sacraments	sacrament	1
clearing	clearing	27
directors	director	5
cubicle	cubicle	3
setbacks	setback	1
couture	couture	1
reward	reward	8
exhibits	exhibit	6
purchases	purchase	5
kinds	kind	4
convertible	convertible	6
score	score	18
pore	pore	4
tester	tester	2
hospitalisation	hospitalisation	1
brink	brink	3
marvel	marvel	3
floor	floor	12
violets	violet	3
skeleton	skeleton	4
residence	residence	4
reprisals	reprisal	1
wartime	wartime	1
fellows	fellow	7
soldiers	soldier	3
chapters	chapter	5
advocate	advocate	4
gravity	gravity	3
comets	comet	1
gilt	gilt	3
comrade	comrade	3
bracelet	bracelet	2
fundraising	fundraising	1
triumphs	triumph	6
nipples	nipple	2
choice	choice	5
performance	performance	5
volunteers	volunteer	7
valuables	valuable	3
passageway	passageway	2
sequins	sequin	1
floorboards	floorboard	2
stride	stride	5
profitability	profitability	1
duel	duel	3
patio	patio	1
laissez-faire	laissez-faire	1
dates	date	13
ruts	rut	5
acne	acne	1
spokesman	spokesman	1
otters	otter	2
performers	performer	1
trait	trait	1
fliers	flier	3
paradox	paradox	1
tent	tent	3
circuits	circuit	8
shimmer	shimmer	3
manual	manual	5
tears	tear	9
dove	dove	8
teammate	teammate	1
pictures	picture	12
neighbour	neighbour	4
tradition	tradition	2
teak	teak	2
implication	implication	5
acidities	acidity	3
femininity	femininity	1
carpeting	carpeting	4
locality	locality	1
rush	rush	16
refunds	refund	3
memoirs	memoir	2
venues	venue	2
stud	stud	7
litres	litre	1
derision	derision	2
victory	victory	1
collarbones	collarbone	1
millionaire	millionaire	1
originality	originality	2
lack	lack	2
bibliography	bibliography	1
cachet	cachet	3
feasts	feast	7
politics	politics	5
accuser	accuser	1
necks	neck	6
impulses	impulse	6
astronauts	astronaut	1
brutality	brutality	2
slack	slack	17
entryway	entryway	1
racer	racer	4
rainwater	rainwater	1
boy	boy	4
vertigo	vertigo	1
talks	talk	11
golfers	golfer	1
borough	borough	2
censorship	censorship	2
dissertation	dissertation	1
den	den	4
regeneration	regeneration	4
powders	powder	5
hacker	hacker	4
occurrence	occurrence	2
belly	belly	6
fiance	fiance	1
warranty	warranty	1
coat	coat	6
stakes	stake	10
playback	playback	2
policemen	policeman	1
secretary	secretary	4
contradiction	contradiction	3
midsummer	midsummer	1
treaties	treaty	1
adage	adage	1
ouster	ouster	3
witnesses	witness	7
neutrality	neutrality	3
confessional	confessional	1
fermentation	fermentation	2
skeptic	skeptic	1
finger-tips	finger-tips	0
oil	oil	6
multiplication	multiplication	3
sermons	sermon	2
accessory	accessory	5
semantics	semantics	2
genes	gene	1
chronicle	chronicle	2
showdown	showdown	1
paradoxes	paradox	1
glasses	glass	12
sorrow	sorrow	5
pillar	pillar	5
beef	beef	4
transplantation	transplantation	2
noise	noise	7
anaemia	anaemia	2
progression	progression	3
specifications	specification	4
urbanization	urbanization	2
rejection	rejection	4
permission	permission	2
swamp	swamp	4
writings	writing	15
importation	importation	2
diagnoses	diagnosis	1
fluid	fluid	7
boundaries	boundary	3
voter	voter	1
appraisal	appraisal	3
solicitor	solicitor	2
com	com	0
plague	plague	7
plaques	plaque	2
cone	cone	5
bombshell	bombshell	3
aggression	aggression	5
reflexes	reflex	2
laptop	laptop	1
dentists	dentist	1
affiliations	affiliation	2
catheter	catheter	1
qualifications	qualification	3
chromosome	chromosome	1
skylight	skylight	1
superiority	superiority	4
mentality	mentality	2
crib	crib	8
instrumentation	instrumentation	4
traffic	traffic	6
eons	eon	3
merchant	merchant	1
toothpick	toothpick	1
expenses	expense	4
sword	sword	1
pulsar	pulsar	1
merchandise	merchandise	2
celebrations	celebration	3
comp	comp	1
steak	steak	1
thanks	thanks	3
scores	score	18
instruction	instruction	4
gadget	gadget	1
reptiles	reptile	1
closures	closure	8
reindeer	reindeer	1
drug	drug	3
spittle	spittle	1
fission	fission	2
pear	pear	2
rodents	rodent	1
quarantine	quarantine	3
motor	motor	5
arson	arson	1
opposites	opposite	11
leadership	leadership	4
hilt	hilt	1
steam	steam	7
alarms	alarm	6
editing	editing	5
breastfeeding	breastfeeding	1
ignorance	ignorance	1
twitch	twitch	6
musician	musician	2
orchard	orchard	1
council	council	3
formula	formula	7
grunt	grunt	4
trepidation	trepidation	1
toaster	toaster	2
attorney	attorney	1
booklet	booklet	1
honeymoon	honeymoon	3
presentation	presentation	7
imposition	imposition	2
repression	repression	3
millimeters	millimeter	1
type	type	8
dresser	dresser	5
post	post	23
giveaway	giveaway	3
pendant	pendant	3
villa	villa	4
lifetime	lifetime	1
visa	visa	3
litmus	litmus	1
stoop	stoop	8
tulips	tulip	1
storytelling	storytelling	0
utility	utility	8
direction	direction	9
cord	cord	6
attacker	attacker	1
deformity	deformity	2
judges	judge	7
jeans	jean	2
quotas	quota	3
solo	solo	7
airlock	airlock	1
wayside	wayside	1
passport	passport	3
frontiers	frontier	3
practice	practice	10
coup	coup	2
audiences	audience	4
gesture	gesture	4
bob	bob	12
moderation	moderation	4
brute	brute	3
paradigm	paradigm	4
psychology	psychology	1
tenets	tenet	1
executions	execution	7
brother-in-law	brother-in-law	1
determinants	determinant	4
meal	meal	3
woes	woe	2
loophole	loophole	2
perfectionist	perfectionist	1
swell	swell	11
piece	piece	18
gutters	gutter	8
droplets	droplet	1
grenades	grenade	1
budget	budget	3
uniformity	uniformity	2
sizes	size	9
courtesy	courtesy	3
preservation	preservation	4
investments	investment	6
squeal	squeal	3
ecologist	ecologist	1
penis	penis	1
perseverance	perseverance	2
oesophagus	oesophagus	1
opposition	opposition	8
coma	coma	3
interrogation	interrogation	4
hints	hint	6
guitars	guitar	1
salience	salience	1
ambiguities	ambiguity	2
exponential	exponential	2
ovaries	ovary	2
crimes	crime	2
coastline	coastline	1
tablecloth	tablecloth	1
presumption	presumption	4
nation-states	nation-states	0
son	son	2
psychologist	psychologist	1
jeweler	jeweler	2
tactic	tactic	1
fabrication	fabrication	5
massages	massage	3
devices	device	5
chance	chance	9
intensity	intensity	4
posture	posture	6
meringue	meringue	1
calf	calf	4
genre	genre	4
investigators	investigator	3
limit	limit	9
commitments	commitment	5
chute	chute	3
despair	despair	3
videos	video	4
marketplace	marketplace	2
pretest	pretest	0
vampires	vampire	1
borrower	borrower	1
magnetism	magnetism	2
facilities	facility	5
pocket	pocket	11
ruby	ruby	4
preparations	preparation	8
liter	liter	1
nanny	nanny	2
latch	latch	3
germs	germ	3
guardians	guardian	1
gorge	gorge	4
thyme	thyme	2
impediment	impediment	2
diversity	diversity	2
slider	slider	4
cohorts	cohort	3
grown-ups	grown-ups	0
desserts	dessert	1
harp	harp	5
pastor	pastor	2
competitor	competitor	1
cornerstone	cornerstone	3
tap	tap	20
condemnation	condemnation	5
candy	candy	2
extent	extent	2
bars	bar	19
ambush	ambush	3
sparks	spark	8
travesty	travesty	3
banking	banking	10
legislatures	legislature	1
archdiocese	archdiocese	1
cocoyams	cocoyam	2
ton	ton	2
snipers	sniper	1
creation	creation	6
waterways	waterway	2
grate	grate	8
plan	plan	7
fleece	fleece	6
radon	radon	1
princes	prince	1
interest	interest	10
flaw	flaw	4
puppies	puppy	2
pebble	pebble	1
hike	hike	5
acronym	acronym	1
shacks	shack	3
commentators	commentator	2
felonies	felony	1
physicist	physicist	1
reggae	reggae	1
cafe	cafe	1
constituent	constituent	6
darling	darling	3
screwdriver	screwdriver	2
surgeon	surgeon	1
grading	grading	7
chat	chat	4
haircut	haircut	2
country	country	5
dramas	drama	4
trove	trove	1
guardian	guardian	1
physics	physic	1
posterity	posterity	2
violence	violence	3
yen	yen	3
flooring	flooring	4
bruises	bruise	5
tips	tip	14
distinctiveness	distinctiveness	2
cousins	cousin	1
potholes	pothole	1
sale	sale	5
locus	locus	3
deck	deck	7
limbo	limbo	3
cape	cape	2
rabbit	rabbit	4
rooms	room	5
programming	programming	4
substitute	substitute	9
chimneys	chimney	2
masking	masking	8
cannons	cannon	8
adoptions	adoption	3
orders	order	24
pathway	pathway	2
manhunt	manhunt	1
summits	summit	4
payment	payment	3
peat	peat	1
thread	thread	9
examiner	examiner	2
cruiser	cruiser	3
railway	railway	2
tissues	tissue	3
cohesion	cohesion	3
jumble	jumble	6
tightness	tightness	5
salsa	salsa	1
profession	profession	4
house	house	14
heartache	heartache	1
exiles	exile	4
taster	taster	1
center	center	23
dreamer	dreamer	3
ray	ray	10
pecans	pecan	3
plums	plum	5
printer	printer	3
commons	common	10
replacement	replacement	6
inconsistency	inconsistency	2
thickets	thicket	1
manifestations	manifestation	5
houses	house	14
buckle	buckle	5
uranium	uranium	1
cannon	cannon	8
wrap	wrap	7
manifesto	manifesto	1
dredging	dredging	3
fatalities	fatality	2
suspects	suspect	6
apples	apple	2
hunger	hunger	5
cal	cal	0
legs	leg	9
chassis	chassis	3
mood	mood	3
molecules	molecule	2
sky	sky	2
immigration	immigration	2
multiplicity	multiplicity	2
graduates	graduate	6
misunderstandings	misunderstanding	3
charade	charade	2
pharmacist	pharmacist	1
sled	sled	2
routes	route	5
pornography	pornography	1
brands	brand	10
listener	listener	1
planters	planter	3
ivy	ivy	1
rim	rim	8
wrongdoing	wrongdoing	2
effluent	effluent	2
moles	mole	6
ripple	ripple	4
puppy	puppy	2
insomnia	insomnia	1
ground	ground	30
shards	shard	1
carpenters	carpenter	2
frown	frown	2
celery	celery	2
truth	truth	5
drumming	drumming	4
comforts	comfort	9
notoriety	notoriety	1
disgust	disgust	3
aggregation	aggregation	2
education	education	6
hour	hour	4
nebula	nebula	4
knockout	knockout	3
barbershop	barbershop	1
word	word	11
anchor	anchor	5
incense	incense	4
district	district	2
sanction	sanction	7
elegance	elegance	2
bulimia	bulimia	2
fillings	filling	15
extermination	extermination	2
pins	pin	15
antibiotics	antibiotic	2
sociology	sociology	1
squeak	squeak	3
sleets	sleet	2
sourness	sourness	3
circus	circus	6
elm	elm	2
babe	babe	2
invisibility	invisibility	1
sock	sock	3
parentheses	parenthesis	2
forearm	forearm	2
names	name	15
summit	summit	4
wavelength	wavelength	2
surprises	surprise	6
zenith	zenith	1
botanist	botanist	1
auditor	auditor	3
mucous	mucous	1
enigma	enigma	2
housing	housing	5
regions	region	5
karma	karma	1
fists	fist	1
brunt	brunt	1
marshes	marsh	3
governor	governor	2
gramme	gramme	1
noses	nose	14
lockout	lockout	1
efficiency	efficiency	2
fugitive	fugitive	3
teaching	teaching	5
monastery	monastery	1
selection	selection	5
suites	suite	4
moss	moss	1
sack	sack	13
rattle	rattle	5
silk	silk	2
incursions	incursion	3
flourishes	flourish	8
revulsion	revulsion	1
pirate	pirate	5
asparagus	asparagus	2
photos	photo	1
dais	dais	1
toenails	toenail	2
improvisation	improvisation	3
abilities	ability	2
streaks	streak	7
peach	peach	5
reforms	reform	9
factories	factory	1
excavation	excavation	4
trance	trance	3
palace	palace	4
flashlight	flashlight	1
ranks	rank	13
ear-hole	ear-hole	0
conduit	conduit	1
diffusion	diffusion	4
sons	son	2
manifestation	manifestation	5
thralls	thrall	2
spectators	spectator	2
role	role	4
barrage	barrage	3
stocking	stocking	9
automation	automation	3
damage	damage	7
jungle	jungle	3
ponytail	ponytail	1
vistas	vista	1
bookshelf	bookshelf	1
coccyx	coccyx	1
roster	roster	1
sinner	sinner	1
saga	saga	1
tuition	tuition	2
burial	burial	2
parsley	parsley	2
nuances	nuance	1
innovators	innovator	1
marketer	marketer	1
financing	financing	3
textbook	textbook	2
originals	original	6
greetings	greeting	5
references	reference	11
fluctuations	fluctuation	3
exam	exam	1
divers	diver	3
ant	ant	1
floriculture	floriculture	1
remnant	remnant	2
spoonful	spoonful	1
chol	chol	0
intercom	intercom	1
handcuffs	handcuff	2
chin	chin	3
canning	canning	2
bagel	bagel	1
multitude	multitude	3
characterization	characterization	3
bats	bat	10
conglomerate	conglomerate	4
onions	onion	3
mourners	mourner	1
shafts	shaft	14
oaks	oak	2
problems	problem	3
cabin	cabin	4
fish	fish	6
condo	condo	1
detainee	detainee	1
hallmarks	hallmark	2
simulation	simulation	4
moguls	mogul	3
competitions	competition	4
owl	owl	1
menhaden	menhaden	1
encounter	encounter	9
sabbatical	sabbatical	3
skewers	skewer	2
commentary	commentary	1
inheritance	inheritance	4
causality	causality	1
grants	grant	15
pounding	pounding	11
pounds	pound	22
impediments	impediment	2
worries	worry	8
lunches	lunch	3
professionals	professional	8
bug	bug	7
layers	layer	6
vitality	vitality	4
smokers	smoker	3
blocs	bloc	1
juveniles	juvenile	3
edifice	edifice	1
compartment	compartment	2
potency	potency	4
primacy	primacy	1
zebra	zebra	1
outsider	outsider	2
sores	sore	4
platinum	platinum	1
destination	destination	3
nursing	nursing	8
marginalisation	marginalisation	1
pelvis	pelvis	2
convoy	convoy	4
demonstrations	demonstration	5
tigers	tiger	2
tattoos	tattoo	4
sleigh	sleigh	2
softness	softness	10
ants	ant	1
rosters	roster	1
halo	halo	3
basics	basic	6
filter	filter	5
animal	animal	2
graffiti	graffiti	2
vinegar	vinegar	2
honours	honour	7
seniors	senior	5
fertilizer	fertilizer	1
procurement	procurement	1
attendance	attendance	3
ozone	ozone	1
torpedo	torpedo	8
conversion	conversion	9
controls	control	19
amendment	amendment	2
blisters	blister	6
dunk	dunk	4
bands	band	15
libel	libel	3
delivery	delivery	7
slot	slot	8
statistic	statistic	1
stroke	stroke	16
overuse	overuse	2
thorns	thorn	3
centerpiece	centerpiece	2
sunscreen	sunscreen	1
chimes	chime	2
ecology	ecology	2
culture	culture	8
algebra	algebra	1
liberalization	liberalization	1
heirs	heir	2
curses	curse	9
mills	mill	9
fennel	fennel	4
carpet	carpet	5
violators	violator	2
alcoholics	alcoholic	3
clip	clip	11
onboard	onboard	0
hammock	hammock	2
tarp	tarp	1
mansion	mansion	2
cul-de-sac	cul-de-sac	0
advocacy	advocacy	1
destroyer	destroyer	2
derailleur	derailleur	0
mangrove	mangrove	1
canoes	canoe	2
banner	banner	4
pumpkins	pumpkin	2
leagues	league	4
bitterness	bitterness	4
mist	mist	4
gulf	gulf	3
farming	farming	6
airlines	airline	2
card	card	13
mentor	mentor	2
piers	pier	3
populism	populism	1
flick	flick	12
skull	skull	1
turtle	turtle	4
maltreatment	maltreatment	1
thoraxes	thorax	3
pool	pool	11
inscriptions	inscription	3
pillow	pillow	2
critics	critic	3
bidding	bidding	9
artifacts	artifact	1
cloak	cloak	5
bytes	byte	1
pelters	pelter	2
legacy	legacy	1
coupon	coupon	2
intensification	intensification	2
richness	richness	7
subversion	subversion	2
pane	pane	3
alcove	alcove	1
friction	friction	3
banjo	banjo	1
donations	donation	2
member	member	5
camel	camel	1
rationale	rationale	1
struggles	struggle	7
errors	error	7
molestation	molestation	2
bro	bro	0
tarts	tart	5
admirers	admirer	3
seeds	seed	13
hooker	hooker	5
campaign	campaign	7
headband	headband	1
yardage	yardage	1
cock	cock	8
ethos	ethos	1
portrait	portrait	2
track	track	16
expletive	expletive	2
batch	batch	4
colony	colony	6
advantages	advantage	4
forays	foray	4
beer	beer	1
lapse	lapse	9
murderer	murderer	1
balloons	balloon	4
database	database	1
infidelity	infidelity	1
mile	mile	8
venom	venom	2
landlords	landlord	1
algorithm	algorithm	1
fielder	fielder	2
statute	statute	2
kind	kind	4
rebound	rebound	5
specimen	specimen	2
subtleties	subtlety	2
proliferation	proliferation	2
districts	district	2
caravan	caravan	3
linkage	linkage	4
mourning	mourning	5
hinge	hinge	3
hemisphere	hemisphere	3
vanguard	vanguard	3
proportion	proportion	7
sweater	sweater	2
politician	politician	3
kidnapping	kidnapping	2
income	income	1
valleys	valley	1
kangaroos	kangaroo	1
skill	skill	2
furs	fur	3
hogs	hog	4
behaviours	behaviour	4
whales	whale	3
deluge	deluge	6
slices	slice	10
expenditure	expenditure	3
thermos	thermos	1
sidelines	sideline	4
euros	euro	1
requirements	requirement	3
loner	loner	1
transcription	transcription	5
oppression	oppression	3
socket	socket	3
chemicals	chemical	3
festival	festival	2
scorn	scorn	4
patch	patch	13
plains	plain	11
lightnings	lightning	2
storage	storage	6
clutch	clutch	10
ballot	ballot	3
instances	instance	3
debut	debut	5
computing	computing	3
sticks	stick	25
landlady	landlady	1
victim	victim	2
predecessors	predecessor	2
melodrama	melodrama	1
visits	visit	13
rectangle	rectangle	1
hospital	hospital	2
trench	trench	9
boarding	boarding	6
waterfowl	waterfowl	1
mirage	mirage	2
congestion	congestion	2
productivity	productivity	2
stance	stance	2
halter	halter	6
paths	path	4
garage	garage	3
unity	unity	3
faculty	faculty	2
cervix	cervix	2
icons	icon	3
highlands	highland	2
messaging	messaging	4
shares	share	10
crushes	crush	12
tennis	tennis	1
pulse	pulse	7
stores	store	6
sill	sill	2
vomit	vomit	4
geese	goose	6
dung	dung	3
offences	offence	5
aerobics	aerobics	1
profanity	profanity	1
opium	opium	1
tribunal	tribunal	1
cassettes	cassette	1
cradle	cradle	10
sands	sand	4
recessions	recession	5
hint	hint	6
servitude	servitude	1
salmonella	salmonella	1
spirit	spirit	9
college	college	3
proclamation	proclamation	2
keynote	keynote	5
kines	kine	1
grain	grain	15
scanner	scanner	4
transportation	transportation	6
correction	correction	7
bedroom	bedroom	1
mediator	mediator	1
railroads	railroad	5
propriety	propriety	1
misbehaviour	misbehaviour	1
sherry	sherry	1
festivals	festival	2
lore	lore	1
provenance	provenance	1
blunders	blunder	4
accordion	accordion	1
mailman	mailman	1
beast	beast	2
buyer	buyer	1
occupants	occupant	1
biota	biota	1
fragility	fragility	2
mower	mower	1
digits	digit	3
drone	drone	7
talker	talker	1
pigment	pigment	5
afterthought	afterthought	2
pandani	pandani	0
straits	strait	3
measure	measure	13
fusion	fusion	7
cliff	cliff	1
tenet	tenet	1
calories	calorie	2
transgressions	transgression	3
nuts	nut	8
depreciation	depreciation	3
suns	sun	7
aerosol	aerosol	2
pairs	pair	9
curiosity	curiosity	2
awakening	awakening	4
reflector	reflector	2
substrate	substrate	4
starter	starter	7
subconscious	subconscious	2
mound	mound	6
frames	frame	17
vacations	vacation	3
spell	spell	10
nightmares	nightmare	2
cuscuses	cuscus	1
exploitation	exploitation	2
eagle	eagle	6
http	http	1
earmarks	earmark	3
tongs	tongs	1
antelope	antelope	1
lovers	lover	3
diabetes	diabetes	1
swivel	swivel	2
website	website	1
devaluation	devaluation	2
irons	iron	6
journey	journey	3
months	month	2
fray	fray	3
unpredictability	unpredictability	3
syntax	syntax	3
legislature	legislature	1
cuff	cuff	4
techniques	technique	2
peas	pea	3
theft	theft	1
equality	equality	2
teachers	teacher	2
communities	community	6
assimilation	assimilation	6
whaling	whaling	1
cases	case	22
violin	violin	1
coca	coca	3
pyramids	pyramid	7
bandwagon	bandwagon	2
restitution	restitution	3
distributors	distributor	4
seduction	seduction	2
salientian	salientian	2
jihad	jihad	2
paint	paint	7
remedies	remedy	4
shallot	shallot	3
feasibility	feasibility	1
brewery	brewery	1
adolescence	adolescence	2
ascendancy	ascendancy	1
aspen	aspen	1
gloss	gloss	8
holidays	holiday	3
endeavour	endeavour	3
closeness	closeness	6
institutes	institute	3
idiot	idiot	1
attic	attic	5
squatters	squatter	4
flux	flux	11
doughnuts	doughnut	2
doings	doings	14
cam	cam	2
bread	bread	3
organism	organism	2
inefficiency	inefficiency	1
terrace	terrace	5
psi	psi	2
scripts	script	4
contraption	contraption	1
chains	chain	12
walkers	walker	6
clothing	clothing	4
resources	resource	3
righteousness	righteousness	1
passions	passion	7
theater	theater	3
euphemism	euphemism	1
glitch	glitch	1
clothesline	clothesline	1
torture	torture	7
zoom	zoom	5
pity	pity	4
sportsmanship	sportsmanship	1
stereo	stereo	3
dispatch	dispatch	9
til	til	0
oxide	oxide	1
woman	woman	4
prisoners	prisoner	1
buckets	bucket	4
supermarket	supermarket	1
briefing	briefing	2
north-south	north-south	0
initials	initial	3
pines	pine	3
adherents	adherent	2
competitors	competitor	1
audition	audition	3
bell	bell	11
infection	infection	7
pacifist	pacifist	2
disguise	disguise	4
apartheid	apartheid	1
dad	dad	1
sob	sob	4
chain	chain	12
freedoms	freedom	2
hillside	hillside	1
symmetry	symmetry	3
milk	milk	7
yardstick	yardstick	2
grudge	grudge	3
goals	goal	4
voyage	voyage	3
shortcut	shortcut	1
exchange	exchange	17
marshals	marshal	6
eve	eve	4
ratios	ratio	2
founders	founder	7
sagebrush	sagebrush	1
urines	urine	1
breakup	breakup	2
audacity	audacity	2
tonic	tonic	9
incinerator	incinerator	1
ethnicity	ethnicity	1
novices	novice	2
top	top	22
cockroaches	cockroach	1
armor	armor	4
orientation	orientation	6
maturity	maturity	3
cities	city	3
otter	otter	2
bedspread	bedspread	1
juices	juice	4
heads	head	42
precincts	precinct	1
delight	delight	5
philosophers	philosopher	2
cinema	cinema	2
backcountry	backcountry	0
peril	peril	5
genie	genie	1
foreboding	foreboding	4
savages	savage	8
porches	porch	1
moan	moan	2
spaghetti	spaghetti	2
quiz	quiz	2
flashlights	flashlight	1
vantage	vantage	2
urn	urn	2
tide	tide	6
connexion	connexion	6
therapist	therapist	1
crutches	crutch	2
offence	offence	5
cigarette	cigarette	1
origin	origin	6
candour	candour	2
applicability	applicability	1
spasm	spasm	2
conditioning	conditioning	6
earlobes	earlobe	1
prudence	prudence	2
silicone	silicone	1
hatches	hatch	8
vegan	vegan	1
artist	artist	1
suitability	suitability	1
mural	mural	2
crafts	craft	6
backpacks	backpack	2
wrist	wrist	1
suspension	suspension	7
wizard	wizard	3
legions	legion	5
fella	fella	1
crooks	crook	4
dictators	dictator	3
inning	inning	1
subsistence	subsistence	3
smugglers	smuggler	1
rout	rout	6
claim	claim	11
sandwich	sandwich	3
child	child	4
protocol	protocol	3
crowns	crown	16
beetle	beetle	6
cabaret	cabaret	2
vegs	veg	1
premises	premise	4
hoax	hoax	2
adjective	adjective	4
initiative	initiative	3
audience	audience	4
injustice	injustice	2
participation	participation	2
alienation	alienation	4
tribesmen	tribesman	1
mitigation	mitigation	3
maverick	maverick	3
pump	pump	11
muck	muck	5
foie	foie	0
tidbits	tidbit	1
dock	dock	12
composers	composer	1
fluidity	fluidity	2
gist	gist	2
beggars	beggar	3
city	city	3
studs	stud	7
disco	disco	3
masks	mask	9
attitude	attitude	4
thefts	theft	1
libraries	library	5
connectedness	connectedness	2
revelation	revelation	4
romance	romance	10
swarms	swarm	4
spectacle	spectacle	3
misbehavior	misbehavior	1
loneliness	loneliness	3
mediocrity	mediocrity	2
hearsay	hearsay	2
doors	door	5
nominee	nominee	1
careers	career	3
overtones	overtone	2
soil	soil	5
retirement	retirement	3
accuracy	accuracy	2
bunker	bunker	6
partnership	partnership	3
hangar	hangar	1
lentils	lentil	3
virginity	virginity	1
sling	sling	9
synergy	synergy	1
slaughterhouse	slaughterhouse	1
repository	repository	3
sovereignty	sovereignty	3
chagrin	chagrin	2
underside	underside	1
dragon	dragon	4
regiments	regiment	4
dive	dive	7
cheeks	cheek	5
canon	canon	6
unions	union	13
jackpot	jackpot	2
rumor	rumor	2
militancy	militancy	1
gaps	gap	7
heck	heck	0
subtext	subtext	0
bargaining	bargaining	3
cheers	cheer	7
reservoir	reservoir	4
vector	vector	4
daughter-in-law	daughter-in-law	1
beholder	beholder	1
ships	ship	6
secretary-general	secretary-general	0
factors	factor	10
straw	straw	7
rubles	ruble	2
therapists	therapist	1
recipients	recipient	2
appeals	appeal	9
lustre	lustre	3
dumplings	dumpling	2
driftwood	driftwood	1
trenches	trench	9
reserve	reserve	11
apathy	apathy	2
businessmen	businessmen	2
entries	entry	6
oestrogen	oestrogen	1
brilliance	brilliance	3
journal	journal	5
academia	academia	1
northerlies	northerly	4
warden	warden	1
excerpts	excerpt	2
daycare	daycare	1
tapes	tape	8
bat	bat	10
collection	collection	4
liabilities	liability	3
gauges	gauge	11
stretch	stretch	20
pumps	pump	11
title	title	12
essence	essence	4
flower	flower	4
perfumes	perfume	4
fortitude	fortitude	1
indie	indie	3
mercy	mercy	5
items	item	6
corral	corral	4
representation	representation	10
infield	infield	1
noose	noose	4
expressions	expression	9
antennas	antenna	3
sport	sport	9
realisation	realisation	6
martini	martini	1
pulp	pulp	7
beets	beet	2
engraving	engraving	7
vote	vote	10
person	person	3
innocents	innocent	8
referral	referral	3
league	league	4
sacrament	sacrament	1
blessings	blessing	9
cyanide	cyanide	2
mistreatment	mistreatment	1
printout	printout	1
manuals	manual	5
persona	persona	2
intimacy	intimacy	3
court	court	14
shears	shear	6
thraldom	thraldom	1
drip	drip	5
floors	floor	12
martyrdom	martyrdom	2
off-season	off-season	1
mahogany	mahogany	3
jacket	jacket	7
density	density	2
grouse	grouse	4
batteries	battery	7
fund	fund	9
mentors	mentor	2
capital	capital	11
dragons	dragon	4
design	design	14
photograph	photograph	3
bedtime	bedtime	1
outskirts	outskirt	1
mommy	mommy	1
condom	condom	1
snow	snow	6
octopus	octopus	2
homeowners	homeowner	1
adversaries	adversary	1
constituencies	constituency	1
hedge	hedge	7
civility	civility	2
smear	smear	8
namesake	namesake	1
countrymen	countryman	2
lineages	lineage	5
superhero	superhero	0
pork	pork	2
installation	installation	3
chores	chore	1
albums	album	2
universe	universe	3
ornamentation	ornamentation	3
wrists	wrist	1
bleach	bleach	5
gondola	gondola	3
soot	soot	2
histories	history	5
scholarships	scholarship	2
complexion	complexion	6
potter	potter	4
twists	twist	23
morphine	morphine	1
groundwork	groundwork	3
youngster	youngster	1
microscope	microscope	1
parenthood	parenthood	1
hairline	hairline	2
fear	fear	8
mosquitoes	mosquito	1
anarchy	anarchy	1
chilli	chilli	1
suicide	suicide	2
dancers	dancer	2
acknowledgement	acknowledgement	2
clatter	clatter	2
tribute	tribute	3
steel	steel	5
books	book	15
second	second	15
patterns	pattern	10
speeds	speed	10
insipidity	insipidity	2
cameraman	cameraman	1
parlor	parlor	2
courtship	courtship	1
officials	official	7
encouragement	encouragement	3
facilitators	facilitator	1
experimentation	experimentation	2
lovemaking	lovemaking	1
colleges	college	3
photosynthesis	photosynthesis	1
detention	detention	2
tier	tier	5
sip	sip	2
meteorite	meteorite	1
shaman	shaman	1
citizenry	citizenry	1
tyrant	tyrant	3
skater	skater	1
entities	entity	1
fin	fin	9
gathering	gathering	13
emancipation	emancipation	1
opportunity	opportunity	1
signs	sign	20
workmen	workman	1
bicycle	bicycle	2
insurgents	insurgent	3
shifts	shift	23
generation	generation	7
whistle	whistle	11
contractor	contractor	4
vista	vista	1
remnants	remnant	2
oregano	oregano	2
exclamation	exclamation	3
filtration	filtration	2
solidarity	solidarity	1
blitz	blitz	3
nonproliferation	nonproliferation	1
serpent	serpent	3
incident	incident	4
garments	garment	2
martyrs	martyr	4
demonstration	demonstration	5
folk	folk	4
researcher	researcher	1
breakthrough	breakthrough	3
breadfruits	breadfruit	2
privilege	privilege	4
regalia	regalia	2
pathways	pathway	2
felons	felon	2
metal	metal	4
baroque	baroque	4
brat	brat	2
chart	chart	5
fillet	fillet	7
pointer	pointer	4
polenta	polenta	1
universality	universality	1
paperwork	paperwork	1
cabins	cabin	4
costs	cost	5
agony	agony	2
pepper	pepper	6
outsiders	outsider	2
perversion	perversion	3
harmony	harmony	5
lines	line	36
almonds	almond	2
crux	crux	2
syringes	syrinx	2
groups	group	5
regents	regent	3
container	container	1
fragrance	fragrance	2
lumbar	lumbar	1
battlefield	battlefield	1
handful	handful	2
one-of-a-kind	one-of-a-kind	0
magnesium	magnesium	1
rate	rate	7
basketball	basketball	2
rhetoric	rhetoric	4
imaginations	imagination	3
snort	snort	6
fans	fan	7
bindings	binding	16
propulsion	propulsion	2
candidate	candidate	2
hunt	hunt	15
pitfalls	pitfall	2
identifications	identification	5
villas	villa	4
chemist	chemist	2
ripples	ripple	4
smoke	smoke	10
emissions	emission	5
eagles	eagle	6
constitution	constitution	5
scroll	scroll	3
relationship	relationship	4
gentleness	gentleness	2
countries	country	5
amplitude	amplitude	3
exclusion	exclusion	4
refugee	refugee	1
cropland	cropland	0
fatigue	fatigue	6
medicines	medicine	5
punches	punch	6
package	package	4
attributes	attribute	4
quarter	quarter	18
manure	manure	2
bowling	bowling	6
palette	palette	3
tombstone	tombstone	1
carving	carving	6
ment	ment	0
architecture	architecture	4
flea	flea	1
advancement	advancement	3
murphies	murphy	1
liners	liner	4
giants	giant	8
fingerprints	fingerprint	4
hours	hour	4
pueblo	pueblo	3
winner	winner	3
medley	medley	1
fruition	fruition	3
nominees	nominee	1
honey	honey	4
boar	boar	2
inventories	inventory	6
ties	tie	18
permanence	permanence	1
breathing	breathing	11
inevitability	inevitability	1
extradition	extradition	1
crease	crease	7
essentials	essential	6
pearls	pearl	4
ruse	ruse	1
inflammation	inflammation	4
paws	paw	4
graduation	graduation	4
euthanasia	euthanasia	1
headdress	headdress	1
financier	financier	2
murder	murder	3
legalisation	legalisation	1
argument	argument	7
fronds	frond	1
athleticism	athleticism	1
choices	choice	5
disarray	disarray	3
vendor	vendor	1
rainfall	rainfall	1
deeds	deed	2
reformer	reformer	2
man	man	13
modem	modem	1
squalls	squall	4
appendix	appendix	2
obstruction	obstruction	5
grill	grill	4
rape	rape	5
citation	citation	6
mowers	mower	1
specification	specification	4
catwalk	catwalk	2
sedans	sedan	2
successors	successor	3
periodicals	periodical	2
distress	distress	6
refineries	refinery	1
projection	projection	10
bed	bed	13
brass	brass	7
barber	barber	3
perfection	perfection	3
surfers	surfer	1
quagmire	quagmire	1
rumour	rumour	2
variants	variant	6
moments	moment	6
scrap	scrap	7
finale	finale	3
papaya	papaya	2
emerald	emerald	3
onlookers	onlooker	1
rooster	rooster	1
mining	mining	4
windows	window	8
ceremonies	ceremony	3
personification	personification	3
instincts	instinct	2
schoolchildren	schoolchildren	0
communion	communion	3
warheads	warhead	1
cosmology	cosmology	2
cockpit	cockpit	3
arena	arena	4
dwelling	dwelling	6
mathematician	mathematician	1
fascism	fascism	1
bamboo	bamboo	2
explosion	explosion	7
hops	hop	9
isolation	isolation	5
scrolls	scroll	3
crayons	crayon	2
feta	feta	0
guise	guise	1
collapse	collapse	11
patches	patch	13
loser	loser	3
orbits	orbit	6
achievements	achievement	1
weed	weed	4
pills	pill	5
skunk	skunk	5
realism	realism	5
violation	violation	5
proponents	proponent	1
pencils	pencil	5
nomination	nomination	3
ladies	lady	3
way	way	13
blossoms	blossom	4
burrow	burrow	2
giggle	giggle	2
shortage	shortage	2
eras	era	3
series	series	7
manila	manila	2
ammonia	ammonia	2
slaughter	slaughter	5
installment	installment	4
barges	barge	3
honeys	honey	4
peanut	peanut	5
celebration	celebration	3
relaxation	relaxation	7
overhang	overhang	3
moonlight	moonlight	2
prosperity	prosperity	2
locals	local	5
painter	painter	4
divinity	divinity	4
thieves	thief	1
church	church	5
concussion	concussion	2
chairs	chair	7
scholarship	scholarship	2
weekday	weekday	1
sanitation	sanitation	2
circumcision	circumcision	3
fortress	fortress	1
crackdown	crackdown	1
overcoat	overcoat	2
coaster	coaster	3
woodland	woodland	1
subjectivity	subjectivity	1
wards	ward	8
arsenic	arsenic	2
ridicule	ridicule	3
mango	mango	2
mainstay	mainstay	3
boil	boil	7
dews	dew	1
treatise	treatise	1
debates	debate	6
humanities	humanity	3
stubbles	stubble	2
intrigue	intrigue	4
survivor	survivor	3
apple	apple	2
sulfur	sulfur	2
bullying	bullying	4
subscriber	subscriber	3
protectors	protector	1
visitor	visitor	1
surname	surname	1
flights	flight	12
manhood	manhood	3
pipeline	pipeline	2
reporter	reporter	1
shelf	shelf	2
biles	bile	1
hardness	hardness	5
complaints	complaint	5
installations	installation	3
seminaries	seminary	2
orchids	orchid	1
queue	queue	4
bride	bride	3
puzzlement	puzzlement	1
luminaries	luminary	1
license	license	5
schoolhouse	schoolhouse	1
polio	polio	1
disclaimer	disclaimer	2
close-up	close-up	0
angling	angling	6
cataracts	cataract	2
climate	climate	2
willows	willow	2
accommodations	accommodation	6
condensation	condensation	6
broadcasting	broadcasting	5
transformations	transformation	5
riches	rich	13
sisters	sister	4
tees	tee	5
prototypes	prototype	1
skin	skin	10
scientist	scientist	1
pupils	pupil	3
steroid	steroid	2
mandates	mandate	6
experimenter	experimenter	2
deans	dean	4
styles	style	12
significance	significance	3
convent	convent	2
throats	throat	4
spontaneity	spontaneity	1
exploration	exploration	3
ridges	ridge	11
whereabouts	whereabouts	1
stomach	stomach	6
wake	wake	9
connexions	connexion	6
serpents	serpent	3
funding	funding	8
vagaries	vagary	1
limo	limo	1
shrug	shrug	2
crush	crush	12
jog	jog	9
ice-cream	ice-cream	0
conservatism	conservatism	1
recorders	recorder	4
pews	pew	1
semblance	semblance	3
reductions	reduction	3
signatures	signature	5
condolences	condolence	1
fates	fate	4
execution	execution	7
wrath	wrath	2
mushroom	mushroom	7
dialog	dialog	3
twine	twine	5
discomfort	discomfort	2
basins	basin	5
hem	hem	4
tube	tube	9
palaces	palace	4
watercolors	watercolor	5
scouts	scout	5
twin	twin	9
aluminium	aluminium	1
hierarchies	hierarchy	2
color	color	15
townships	township	1
spokesperson	spokesperson	1
wing	wing	12
frog	frog	4
insulin	insulin	1
intricacies	intricacy	1
latte	latte	1
watchdog	watchdog	2
adjectives	adjective	4
iris	iris	3
pigeons	pigeon	1
percussion	percussion	4
trash	trash	6
weve	weve	0
communication	communication	3
barracks	barrack	4
farms	farm	4
voices	voice	13
vision	vision	5
label	label	9
bacterium	bacterium	1
elephant	elephant	2
carnivores	carnivore	2
lover	lover	3
sweat	sweat	5
dent	dent	4
beams	beam	13
brackets	bracket	7
upholstery	upholstery	2
telephone	telephone	3
depths	depth	6
floods	flood	10
shyness	shyness	1
map	map	8
abstractions	abstraction	6
reliance	reliance	2
physiology	physiology	2
spinach	spinach	2
advisors	advisor	1
enclosures	enclosure	4
recordings	recording	8
max	max	1
transmitter	transmitter	3
groove	groove	5
clock	clock	2
links	link	13
roommate	roommate	1
elaboration	elaboration	5
nipple	nipple	2
diagnosis	diagnosis	1
inquiries	inquiry	3
superstar	superstar	1
anemia	anemia	3
interests	interest	10
trimmings	trimming	12
crate	crate	3
formality	formality	3
stigma	stigma	4
majesty	majesty	1
photographs	photograph	3
inequalities	inequality	1
elections	election	4
commission	commission	12
seizure	seizure	4
rivalry	rivalry	1
advice	advice	1
collaborator	collaborator	3
dedication	dedication	5
corpse	corpse	1
swine	swine	1
temptation	temptation	3
generalizations	generalization	4
scraps	scrap	7
genera	genus	2
takeover	takeover	2
tissue	tissue	3
extinction	extinction	6
restaurant	restaurant	1
morale	morale	2
yuan	yuan	2
carp	carp	3
apparition	apparition	4
affinity	affinity	7
bravery	bravery	2
scalps	scalp	3
sinuses	sinus	3
director	director	5
entitlement	entitlement	1
asbestos	asbestos	1
bidder	bidder	2
shackles	shackle	4
box	box	13
instructor	instructor	1
census	census	2
antitrust	antitrust	1
replacements	replacement	6
shoulders	shoulder	8
hunk	hunk	2
camouflage	camouflage	5
tummy	tummy	2
fairies	fairy	2
candlelight	candlelight	1
spades	spade	4
ideas	idea	5
media	medium	13
leisure	leisure	2
interrupts	interrupt	5
epidemic	epidemic	2
pen	pen	6
sleeper	sleeper	9
auditorium	auditorium	1
recollection	recollection	3
unease	unease	2
specialisation	specialisation	3
admission	admission	4
splendour	splendour	2
physique	physique	2
horse	horse	6
rider	rider	4
lane	lane	2
publisher	publisher	3
authorship	authorship	2
warnings	warning	8
caches	cache	4
truths	truth	5
pizza	pizza	1
wardrobe	wardrobe	3
centres	centre	11
rum	rum	3
spray	spray	9
classification	classification	4
mizzles	mizzle	2
assemblage	assemblage	4
perpetrator	perpetrator	1
transistor	transistor	1
din	din	4
approaches	approach	14
weave	weave	5
plane	plane	9
malt	malt	7
lamps	lamp	2
phosphate	phosphate	2
droughts	drought	2
eels	eel	2
tornadoes	tornado	2
vegetable	vegetable	2
bond	bond	14
permits	permit	6
swaths	swath	2
rampage	rampage	2
diner	diner	3
bangs	bang	12
kine	kine	1
guidelines	guideline	3
hairstyle	hairstyle	1
nutmeg	nutmeg	2
mornings	morning	4
antics	antic	3
bead	bead	6
all_english_count_data	all_english_count_data	0
autopsy	autopsy	2
surroundings	surroundings	6
surgeons	surgeon	1
monster	monster	5
epithets	epithet	2
panel	panel	10
operators	operator	5
biscuits	biscuit	2
nurses	nurse	7
currents	current	4
material	material	11
battles	battle	4
documentary	documentary	3
varieties	variety	6
sonar	sonar	1
snapshot	snapshot	1
subway	subway	2
porch	porch	1
chiles	chile	2
triplets	triplet	3
actor	actor	2
stages	stage	10
homers	homer	6
conductor	conductor	4
saloon	saloon	3
assignment	assignment	6
neck	neck	6
backlash	backlash	3
headquarters	headquarters	4
jurors	juror	1
bloc	bloc	1
farmland	farmland	2
pendulum	pendulum	1
technology	technology	2
nutrients	nutrient	3
benevolence	benevolence	3
ovens	oven	1
fetus	fetus	1
weathers	weather	6
creators	creator	2
adventure	adventure	3
swan	swan	4
goldfish	goldfish	1
slit	slit	6
producer	producer	3
honors	honor	7
pottery	pottery	3
factions	faction	2
peaches	peach	5
duration	duration	3
hegemony	hegemony	1
waiter	waiter	2
residences	residence	4
predictor	predictor	3
ligament	ligament	2
in-laws	in-law	1
storey	storey	1
twinkle	twinkle	4
couch	couch	4
myriad	myriad	3
passage	passage	10
backdrop	backdrop	1
calculations	calculation	3
boom	boom	10
vowels	vowel	2
reunification	reunification	1
pin	pin	15
outbreak	outbreak	1
equivalence	equivalence	3
paragraphs	paragraph	4
narration	narration	3
racism	racism	2
dismay	dismay	4
designation	designation	3
sweets	sweet	16
ointment	ointment	2
diploma	diploma	1
junction	junction	5
descendants	descendant	3
keys	key	21
veracity	veracity	1
minivan	minivan	1
bail	bail	7
hooks	hook	20
terrors	terror	4
incompetence	incompetence	2
contagion	contagion	3
pager	pager	1
gun	gun	8
planets	planet	3
anus	anus	1
jets	jet	9
milestone	milestone	2
physician	physician	1
rituals	ritual	5
skills	skill	2
hug	hug	3
kidneys	kidney	1
paradise	paradise	2
triangle	triangle	5
doughnut	doughnut	2
junk	junk	3
deviation	deviation	5
shooter	shooter	5
wasp	wasp	2
authorities	authority	7
groin	groin	4
napes	nape	1
gras	gras	0
explosions	explosion	7
skim	skim	10
boat	boat	3
toilet	toilet	4
mediums	medium	13
straps	strap	8
drinks	drink	10
descriptions	description	3
tang	tang	7
desks	desk	1
boulevard	boulevard	1
paneling	paneling	3
gossip	gossip	5
spice	spice	5
litre	litre	1
outfit	outfit	4
poster	poster	3
turbine	turbine	1
cypress	cypress	2
normalization	normalization	1
diver	diver	3
pioneers	pioneer	5
meditation	meditation	2
units	unit	6
emigrants	emigrant	1
methane	methane	1
optics	optic	3
owners	owner	2
spate	spate	3
attachments	attachment	7
sacrifices	sacrifice	9
oven	oven	1
filings	filing	9
mask	mask	9
element	element	7
prom	prom	1
affront	affront	2
renters	renter	2
well-being	well-being	1
claws	claw	8
boobs	boob	3
plant	plant	10
felony	felony	1
export	export	4
favouritism	favouritism	2
rebel	rebel	5
pens	pen	6
shrieks	shriek	3
excursions	excursion	2
masculinity	masculinity	2
compositions	composition	9
colds	cold	16
smog	smog	1
fanatic	fanatic	2
risk	risk	6
pad	pad	11
expert	expert	3
saffron	saffron	3
enrichment	enrichment	2
spy	spy	6
corner	corner	14
reassurance	reassurance	1
recourse	recourse	2
beads	bead	6
barrels	barrel	6
lasagna	lasagna	2
continuation	continuation	4
grounds	ground	30
coffee	coffee	4
showers	shower	11
turbulence	turbulence	3
windowsill	windowsill	1
fright	fright	2
rooftop	rooftop	1
longitude	longitude	1
authorization	authorization	4
tank	tank	8
avocado	avocado	3
rides	ride	16
logs	log	7
throngs	throng	2
dispositions	disposition	4
bow	bow	14
desktop	desktop	2
consumption	consumption	4
heater	heater	2
zucchini	zucchini	2
programmer	programmer	1
e-mail	e-mail	2
cigars	cigar	1
tax	tax	5
sponsors	sponsor	5
hoods	hood	11
exercise	exercise	10
tune	tune	5
territories	territory	3
weekend	weekend	2
mutiny	mutiny	2
forms	form	23
catcher	catcher	2
shoreline	shoreline	1
canyon	canyon	1
glow	glow	12
discharges	discharge	20
perjury	perjury	1
brick	brick	2
implantation	implantation	3
skyscraper	skyscraper	1
sighting	sighting	3
neutrino	neutrino	1
grandchild	grandchild	1
inkling	inkling	1
sequel	sequel	2
caffeine	caffeine	1
saucer	saucer	4
break	break	75
alliances	alliance	5
authority	authority	7
spree	spree	2
plywood	plywood	1
chalkboard	chalkboard	1
doll	doll	2
arc	arc	4
batches	batch	4
perils	peril	5
cleaners	cleaner	21
extract	extract	10
societies	society	4
concealment	concealment	3
caption	caption	4
analog	analog	2
souvenir	souvenir	2
setback	setback	1
drawback	drawback	1
backwater	backwater	2
slivers	sliver	5
taters	tater	1
chrome	chrome	3
pliers	plier	1
verse	verse	5
aunt	aunt	1
defect	defect	5
believers	believer	2
herring	herring	2
influx	influx	1
widows	widow	2
achievement	achievement	1
publicity	publicity	2
moths	moth	1
facts	fact	4
substances	substance	7
interruption	interruption	3
vaccinations	vaccination	2
vampire	vampire	1
bungalow	bungalow	1
empathy	empathy	1
executives	executive	4
easterlies	easterly	4
panes	pane	3
borders	border	10
aquarium	aquarium	1
founder	founder	7
pediatrics	pediatrics	1
classes	class	9
mattress	mattress	1
row	row	8
smile	smile	3
lull	lull	5
storms	storm	8
nitrate	nitrate	2
doctrines	doctrine	1
traitor	traitor	2
summertime	summertime	1
semesters	semester	2
invertebrates	invertebrate	2
alertness	alertness	3
inventory	inventory	6
cove	cove	2
trigger	trigger	5
limousine	limousine	1
sprinter	sprinter	1
weights	weight	10
rhythms	rhythm	5
brewing	brewing	3
abolition	abolition	1
pennies	penny	2
ramps	ramp	8
desire	desire	6
storeys	storey	1
poisons	poison	7
televisions	television	3
copies	copy	8
newsletter	newsletter	1
behemoth	behemoth	2
eyepiece	eyepiece	1
relationships	relationship	4
steamer	steamer	5
brains	brain	7
magician	magician	2
cue	cue	5
groyne	groyne	1
fruit	fruit	5
kangaroo	kangaroo	1
repertory	repertory	3
preponderance	preponderance	3
prodigy	prodigy	3
mercenaries	mercenary	4
mussels	mussel	2
stubble	stubble	2
interplay	interplay	1
carvings	carving	6
retention	retention	3
manners	manner	3
monkeys	monkey	4
university	university	3
retaliation	retaliation	1
battle	battle	4
credential	credential	1
truce	truce	1
madman	madman	1
orphan	orphan	5
speculators	speculator	2
wipers	wiper	3
midnight	midnight	1
encampment	encampment	3
refuge	refuge	4
splendor	splendor	2
drones	drone	7
foil	foil	8
deceit	deceit	3
temples	temple	4
annuals	annual	4
arrest	arrest	6
socks	sock	3
assessments	assessment	4
boyhood	boyhood	1
universities	university	3
slalom	slalom	2
inferiority	inferiority	3
clerks	clerk	3
homage	homage	1
earnings	earnings	4
deflation	deflation	3
counter	counter	13
miscarriage	miscarriage	2
camping	camping	4
encyclopaedia	encyclopaedia	1
ophidians	ophidian	1
joke	joke	6
globes	globe	3
epidemiologist	epidemiologist	1
hunter	hunter	4
ranges	range	17
min	min	3
warehouses	warehouse	2
bureaucrats	bureaucrat	1
earrings	earring	1
pals	pal	2
capitalists	capitalist	4
friendliness	friendliness	2
pores	pore	4
concierge	concierge	1
rationalism	rationalism	3
surges	surge	8
sewers	sewer	3
treason	treason	3
microbes	microbe	1
caution	caution	5
metro	metro	1
manufacturers	manufacturer	2
cease-fire	cease-fire	1
affliction	affliction	3
coconuts	coconut	3
deathbed	deathbed	2
cultures	culture	8
killers	killer	4
sparkle	sparkle	7
derby	derby	1
platters	platter	2
vintage	vintage	2
dues	due	7
electors	elector	2
vaults	vault	6
eaters	eater	2
dormitories	dormitory	2
markets	market	9
feature	feature	8
bison	bison	1
specialists	specialist	2
invocation	invocation	4
observation	observation	5
blankets	blanket	6
corpus	corpus	3
equity	equity	3
lungs	lung	1
innards	innards	1
dolphin	dolphin	2
methods	method	2
flop	flop	9
glacier	glacier	1
number	number	17
organizer	organizer	3
textbooks	textbook	2
chants	chant	3
accusation	accusation	2
reconstruction	reconstruction	4
patina	patina	1
vessel	vessel	3
rumps	rump	3
visions	vision	5
co-workers	co-worker	1
corridors	corridor	1
prison	prison	2
hangout	hangout	1
imagination	imagination	3
object	object	7
eyeglasses	eyeglass	1
representations	representation	10
buzzer	buzzer	2
cartilage	cartilage	1
strides	stride	5
defences	defence	11
swimming	swimming	8
harvests	harvest	6
exuberance	exuberance	2
vandalism	vandalism	1
flooding	flooding	5
suitor	suitor	1
schoolteacher	schoolteacher	1
blast	blast	16
cheekbones	cheekbone	1
bay	bay	10
solids	solid	18
czar	czar	2
rapport	rapport	1
nationalists	nationalist	3
trunk	trunk	5
turkey	turkey	5
boots	boot	9
trucks	truck	3
hulls	hull	7
prop	prop	4
colleagues	colleague	2
tutors	tutor	3
consulate	consulate	1
punk	punk	6
domains	domain	5
opera	opera	3
earlobe	earlobe	1
spatula	spatula	2
digit	digit	3
intercourse	intercourse	2
confessions	confession	5
patent	patent	7
advocates	advocate	4
palate	palate	1
fibres	fibre	4
sausage	sausage	2
associations	association	8
rationalisation	rationalisation	5
barns	barn	2
correlations	correlation	3
quota	quota	3
rock	rock	9
blockade	blockade	6
causation	causation	1
onion	onion	3
magazines	magazine	6
rice	rice	5
stab	stab	6
heat	heat	11
neglect	neglect	9
subsidiaries	subsidiary	3
contemporaries	contemporary	4
hen	hen	4
attraction	attraction	5
gash	gash	4
edge	edge	10
weddings	wedding	5
precursor	precursor	3
vultures	vulture	2
aeroplanes	aeroplane	1
cilantro	cilantro	2
warships	warship	1
touchdown	touchdown	2
convergence	convergence	4
buildings	building	14
handbaskets	handbasket	1
chatter	chatter	8
shuffling	shuffling	5
romanticism	romanticism	3
quads	quad	4
things	thing	12
spin	spin	13
mosquito	mosquito	1
iodine	iodine	2
sheep	sheep	3
polyester	polyester	3
extravagance	extravagance	3
sidekick	sidekick	1
booth	booth	4
valor	valor	1
bells	bell	11
tongues	tongue	10
snails	snail	3
underpants	underpants	1
pesto	pesto	1
testicle	testicle	1
writer	writer	2
documentation	documentation	3
bribes	bribe	2
progeny	progeny	1
wearer	wearer	1
adventurer	adventurer	2
review	review	15
sleeves	sleeve	2
instructors	instructor	1
rafts	raft	5
quilts	quilt	3
tokens	token	5
cartel	cartel	1
sediments	sediment	3
genitals	genitals	1
territory	territory	3
excerpt	excerpt	2
villages	village	3
cont	cont	0
disarmament	disarmament	1
jargon	jargon	3
fundamentalism	fundamentalism	1
organisation	organisation	7
tour	tour	4
disciples	disciple	1
practises	practises	3
sales	sale	5
dashes	dash	12
dominion	dominion	3
solitude	solitude	3
representative	representative	7
exasperation	exasperation	2
marches	march	14
incision	incision	2
rebuttal	rebuttal	2
mechanics	mechanic	3
mutations	mutation	3
colt	colt	2
shoulder	shoulder	8
law	law	7
renegade	renegade	4
performer	performer	1
commentaries	commentary	1
aerial	aerial	4
mystique	mystique	1
burials	burial	2
villains	villain	2
congress	congress	4
pardon	pardon	5
trot	trot	7
fever	fever	2
creditors	creditor	1
sofas	sofa	1
answers	answer	15
peacetime	peacetime	1
malice	malice	2
planes	plane	9
forehead	forehead	2
details	detail	7
kneecap	kneecap	2
carcass	carcass	1
brandy	brandy	1
pawn	pawn	5
charisma	charisma	1
mustache	mustache	1
monument	monument	3
divergence	divergence	4
excision	excision	4
parties	party	6
camels	camel	1
whirl	whirl	9
betrayal	betrayal	2
sites	site	4
placenta	placenta	2
rag	rag	11
note	note	13
settee	settee	2
atmosphere	atmosphere	6
phone	phone	4
champagne	champagne	2
denominator	denominator	1
swing	swing	22
excrement	excrement	1
extremes	extreme	6
campers	camper	2
videotapes	videotape	3
stepfather	stepfather	1
reflection	reflection	8
kiln	kiln	1
speaker	speaker	3
recurrence	recurrence	1
sculpture	sculpture	4
sentencing	sentencing	1
numbers	number	17
tendons	tendon	1
neighbourhoods	neighbourhood	2
regrets	regret	5
chloride	chloride	2
opinions	opinion	6
acorns	acorn	1
sapiens	sapiens	1
shortstop	shortstop	2
fighter	fighter	3
earphones	earphone	1
poet	poet	1
disk	disk	5
bales	bale	3
rebellion	rebellion	2
scribe	scribe	5
omissions	omission	4
disadvantage	disadvantage	2
prototype	prototype	1
matters	matter	7
constitutions	constitution	5
missionaries	missionary	3
adaptability	adaptability	1
contraception	contraception	1
misdemeanour	misdemeanour	1
vegetarians	vegetarian	1
firm	firm	14
contours	contour	4
vapours	vapour	2
delays	delay	6
defeat	defeat	4
shuttle	shuttle	4
compensation	compensation	3
painters	painter	4
headline	headline	3
crystal	crystal	6
positioning	positioning	4
rollers	roller	7
devotees	devotee	1
fights	fight	9
ambition	ambition	3
gratification	gratification	2
hardwood	hardwood	1
seating	seating	9
prophecy	prophecy	2
veg	veg	1
limitations	limitation	5
trek	trek	4
detergent	detergent	3
animation	animation	6
durations	duration	3
anurans	anuran	2
psychiatrist	psychiatrist	1
keyboards	keyboard	2
email	email	2
disappointment	disappointment	2
self-defense	self-defense	1
disclosure	disclosure	1
gigs	gig	6
corporations	corporation	2
gunshot	gunshot	1
tarragon	tarragon	2
spade	spade	4
spectre	spectre	2
dialogue	dialogue	4
timetable	timetable	2
detection	detection	4
incineration	incineration	1
tirade	tirade	1
redistribution	redistribution	1
inflexion	inflexion	1
rpm	rpm	1
upbringing	upbringing	2
prerequisite	prerequisite	2
coals	coal	5
breakfast	breakfast	3
region	region	5
interior	interior	8
eyeball	eyeball	2
instrument	instrument	9
turmoil	turmoil	3
micro	micro	1
oxygen	oxygen	1
employee	employee	1
system	system	9
vents	vent	7
contrary	contrary	7
rectangles	rectangle	1
mortar	mortar	4
wig	wig	2
antlers	antler	1
stools	stool	8
denomination	denomination	3
depiction	depiction	4
math	math	1
containers	container	1
dialects	dialect	1
journeys	journey	3
heritage	heritage	4
lemons	lemon	5
memos	memo	1
complexity	complexity	1
dignity	dignity	3
sauna	sauna	1
supremacy	supremacy	1
examinations	examination	5
chamber	chamber	6
kettle	kettle	4
cub	cub	4
dispenser	dispenser	2
confederation	confederation	3
farmer	farmer	3
kids	kid	7
motif	motif	3
walker	walker	6
nonsense	nonsense	3
vindication	vindication	2
drink	drink	10
teacher	teacher	2
marks	mark	30
floodwaters	floodwaters	0
ancestors	ancestor	1
chorus	chorus	7
cavern	cavern	3
eye	eye	6
tanker	tanker	2
scarves	scarf	5
medication	medication	2
dean	dean	4
flush	flush	18
nexus	nexus	2
uneasiness	uneasiness	5
carpenter	carpenter	2
disparities	disparity	1
steelhead	steelhead	0
men	men	12
renewal	renewal	3
bomb	bomb	5
jam	jam	11
eclipse	eclipse	3
tongue	tongue	10
doses	dos	18
keyboard	keyboard	2
effluvium	effluvium	1
quandary	quandary	2
reviewers	reviewer	2
requirement	requirement	3
apprehension	apprehension	4
handbags	handbag	1
ratings	rating	13
care	care	11
crescendo	crescendo	3
cycles	cycle	11
carrot	carrot	4
pencil	pencil	5
involvement	involvement	5
stronghold	stronghold	1
infants	infant	1
lows	low	16
icebergs	iceberg	2
schools	school	10
cavities	cavity	4
inmates	inmate	3
imagery	imagery	1
tasting	tasting	9
crackle	crackle	6
faction	faction	2
spam	spam	3
secrecy	secrecy	2
cupboards	cupboard	1
liberalisation	liberalisation	1
north	north	9
grief	grief	2
sauces	sauce	4
mage	mage	0
rule	rule	19
desegregation	desegregation	1
amplification	amplification	3
subset	subset	1
exhibitions	exhibition	2
pastures	pasture	4
cocoa	cocoa	2
clinician	clinician	1
regression	regression	4
edict	edict	2
sink	sink	13
intestine	intestine	1
latitudes	latitude	4
observations	observation	5
foreclosure	foreclosure	1
suppression	suppression	4
fondness	fondness	3
cravings	craving	3
hotel	hotel	1
sign	sign	20
abatement	abatement	2
mixes	mix	9
relish	relish	4
defenses	defense	12
coincidence	coincidence	3
faculties	faculty	2
perimeter	perimeter	3
verdicts	verdict	1
descent	descent	6
stationery	stationery	1
ass	as	10
rights	right	36
van	van	5
guy	guy	5
doorstep	doorstep	1
aids	aid	6
turban	turban	2
chairperson	chairperson	1
pickle	pickle	3
voltage	voltage	2
squadron	squadron	3
ventilation	ventilation	4
gallon	gallon	2
afoul	afoul	1
rainforest	rainforest	1
slats	slat	3
empowerment	empowerment	1
sabre	sabre	4
autograph	autograph	3
navigation	navigation	3
bayonet	bayonet	2
cans	can	8
sermon	sermon	2
spokes	spoke	7
canopy	canopy	4
resection	resection	1
clubhouse	clubhouse	1
drizzles	drizzle	3
farewell	farewell	2
parody	parody	4
writers	writer	2
orthodoxy	orthodoxy	2
amazement	amazement	1
penance	penance	3
creed	creed	2
conceit	conceit	5
understanding	understanding	10
omen	omen	3
masses	mass	11
beginning	beginning	16
camp	camp	12
tear	tear	9
steward	steward	5
verdict	verdict	1
pancakes	pancake	1
proof	proof	12
drop-off	drop-off	3
all_token_count_data	all_token_count_data	0
heresy	heresy	2
pecan	pecan	3
self-consciousness	self-consciousness	2
caviar	caviar	1
hero	hero	7
rims	rim	8
room	room	5
bosom	bosom	8
vacancy	vacancy	2
kilogrammes	kilogrammes	0
biases	bias	5
platoon	platoon	3
royalties	royalty	2
hemorrhage	hemorrhage	2
puff	puff	17
rite	rite	2
perceptions	perception	5
penny	penny	2
fragrances	fragrance	2
span	span	7
cornstarch	cornstarch	1
husbands	husband	2
eviction	eviction	2
makeup	makeup	3
protagonists	protagonist	2
birthright	birthright	3
mouth	mouth	11
plastics	plastic	5
donkeys	donkey	2
sailboat	sailboat	1
pint	pint	3
parks	park	8
kin	kin	3
counsel	counsel	3
transformation	transformation	5
collateral	collateral	5
punctuation	punctuation	3
foolishness	foolishness	3
contents	content	10
savoriness	savoriness	1
sails	sail	7
slump	slump	6
camps	camp	12
fire	fire	18
strengths	strength	9
evacuation	evacuation	3
contempt	contempt	4
fanatics	fanatic	2
ailments	ailment	1
autos	auto	1
controversies	controversy	1
granny	granny	3
analyses	analysis	6
schoolwork	schoolwork	1
fries	fry	6
apricots	apricot	3
diversions	diversion	3
prayers	prayer	5
wholeness	wholeness	2
detractors	detractor	1
throat	throat	4
obituary	obituary	1
seaside	seaside	1
tortilla	tortilla	1
nutritionist	nutritionist	1
chase	chase	7
fears	fear	8
cats	cat	10
therapy	therapy	1
distribution	distribution	4
examination	examination	5
aftertastes	aftertaste	1
dividend	dividend	3
employees	employee	1
grimace	grimace	2
spleens	spleen	2
fortunes	fortune	4
cayenne	cayenne	3
scale	scale	18
ham	ham	5
grocery	grocery	2
intoxication	intoxication	3
wagons	wagon	5
criminality	criminality	1
chauffeur	chauffeur	2
pet	pet	7
injections	injection	3
expenditures	expenditure	3
seat-bone	seat-bone	0
speakers	speaker	3
lawlessness	lawlessness	2
momma	momma	1
cocaine	cocaine	1
victor	victor	2
itch	itch	7
fringe	fringe	8
determination	determination	5
seam	seam	4
babysitter	babysitter	1
leggings	legging	1
observance	observance	4
vaccines	vaccine	1
jewellery	jewellery	1
money	money	3
troll	troll	11
commuter	commuter	2
annihilation	annihilation	2
overalls	overall	4
genome	genome	1
terminals	terminal	9
compost	compost	2
expectancy	expectancy	2
hinges	hinge	3
range	range	17
cork	cork	7
venue	venue	2
arrival	arrival	3
base	base	30
property	property	5
salts	salt	9
illnesses	illness	1
moons	moon	9
pasture	pasture	4
balconies	balcony	2
saucers	saucer	4
article	article	5
outcomes	outcome	2
victims	victim	2
rioting	rioting	3
perestroika	perestroika	1
hospice	hospice	2
contingency	contingency	2
propaganda	propaganda	1
nests	nest	9
bogey	bogey	4
pesticide	pesticide	1
governments	government	4
accountant	accountant	1
imperatives	imperative	4
findings	finding	19
deference	deference	3
skirmish	skirmish	2
spindle	spindle	5
lengths	length	5
athletics	athletics	3
brake	brake	7
benches	bench	9
dumbbell	dumbbell	2
fashions	fashion	5
pew	pew	1
brine	brine	3
braid	braid	5
amendments	amendment	2
revolver	revolver	2
lightness	lightness	6
mastery	mastery	3
shoe	shoe	5
insights	insight	4
likeness	likeness	3
arse	arse	2
underwriting	underwriting	2
conversions	conversion	9
disregard	disregard	5
tastings	tasting	9
clamp	clamp	3
distrust	distrust	3
genesis	genesis	2
flip-flops	flip-flop	5
cola	cola	7
contestants	contestant	2
indications	indication	5
spectra	spectrum	2
disinfectant	disinfectant	2
catastrophes	catastrophe	3
mortgages	mortgage	2
doom	doom	4
headphones	headphone	1
pragmatism	pragmatism	2
impossibility	impossibility	2
thighs	thigh	2
moulds	mould	11
cartridges	cartridge	4
mattresses	mattress	1
villagers	villager	1
groom	groom	6
versions	version	6
upkeep	upkeep	2
arrangement	arrangement	6
finances	finance	5
checks	check	38
honour	honour	7
beaches	beach	2
questionnaires	questionnaire	1
gauge	gauge	11
success	success	4
tundra	tundra	1
strips	strip	19
apron	apron	4
bitch	bitch	6
hog	hog	4
misconduct	misconduct	4
seats	seat	16
phosphorus	phosphorus	2
deposits	deposit	12
domination	domination	2
resumption	resumption	1
colonialism	colonialism	1
gases	gas	8
obligations	obligation	5
circuit	circuit	8
workbench	workbench	1
hues	hue	3
finality	finality	1
blacks	black	22
sunshine	sunshine	3
equivalent	equivalent	3
decency	decency	2
upheaval	upheaval	4
courier	courier	1
procreation	procreation	1
editorials	editorial	3
resignation	resignation	3
alerts	alert	7
lavender	lavender	3
purposes	purpose	5
probability	probability	2
iceberg	iceberg	2
cushions	cushion	4
motorist	motorist	1
norther	norther	1
redress	redress	3
beau	beau	2
intestines	intestine	1
deity	deity	1
uptake	uptake	2
idealism	idealism	3
hosts	host	11
types	type	8
ambivalence	ambivalence	1
forecasts	forecast	4
nobility	nobility	3
establishment	establishment	7
initiatives	initiative	3
fort	fort	5
revolution	revolution	3
steps	step	21
training	training	13
backside	backside	2
ultimatum	ultimatum	1
petroleum	petroleum	1
castle	castle	5
birthday	birthday	2
peaks	peak	8
rubbish	rubbish	3
peak	peak	8
archaeology	archaeology	1
junkie	junkie	2
scholars	scholar	3
priority	priority	2
surface	surface	10
parishes	parish	2
drivers	driver	5
waffles	waffle	2
trailer	trailer	4
che	che	0
breadfruit	breadfruit	2
festivities	festivity	1
taboos	taboo	5
learner	learner	2
angles	angle	8
clarity	clarity	2
dumps	dump	10
gutter	gutter	8
nonfiction	nonfiction	1
skulls	skull	1
odds	odds	2
contributors	contributor	2
rigidity	rigidity	2
atheist	atheist	2
neutrons	neutron	1
subdivisions	subdivision	5
recitation	recitation	4
prostate	prostate	2
mall	mall	2
rigor	rigor	3
scream	scream	6
theatre	theatre	3
shadows	shadow	12
traitors	traitor	2
clavicles	clavicle	1
commissions	commission	12
borderline	borderline	2
guarantees	guarantee	7
dairy	dairy	1
incorporation	incorporation	3
rye	rye	3
headaches	headache	2
scalpel	scalpel	1
angel	angel	4
pneumonia	pneumonia	1
agency	agency	5
rocks	rock	9
flock	flock	7
abuses	abuse	7
alligator	alligator	3
figs	fig	4
slave	slave	4
shale	shale	1
loan	loan	3
dimension	dimension	6
whites	white	25
language	language	6
drizzle	drizzle	3
amino	amino	2
unanimity	unanimity	1
rpg	rpg	0
feather	feather	7
dryness	dryness	3
populations	population	5
gunpoint	gunpoint	1
caterpillars	caterpillar	2
senate	senate	2
filth	filth	4
etiquette	etiquette	1
snail	snail	3
vaginas	vagina	1
encryption	encryption	1
swirls	swirl	3
aromas	aroma	2
cardio	cardio	0
suspicion	suspicion	4
disturbances	disturbance	7
annoyance	annoyance	5
rapes	rape	5
flares	flare	15
rut	rut	5
noodle	noodle	2
colonists	colonist	1
waterfront	waterfront	1
increments	increment	2
predictions	prediction	2
prerogatives	prerogative	1
dowry	dowry	1
atrocity	atrocity	2
criterion	criterion	2
curb	curb	8
procedure	procedure	4
choir	choir	4
inroads	inroad	2
corollary	corollary	2
visitation	visitation	3
sums	sum	8
unhappiness	unhappiness	2
predictability	predictability	1
wizards	wizard	3
assailant	assailant	1
appointee	appointee	2
gate	gate	7
quail	quail	3
terror	terror	4
clover	clover	1
aspiration	aspiration	4
conclusion	conclusion	9
throng	throng	2
dreams	dream	8
load	load	14
astronomer	astronomer	1
blanks	blank	8
digestion	digestion	3
prosthesis	prosthesis	1
suckers	sucker	7
embassy	embassy	2
brochures	brochure	1
pedestrian	pedestrian	2
dualism	dualism	1
attainment	attainment	3
healing	healing	5
realist	realist	3
fieldwork	fieldwork	1
sand	sand	4
ideals	ideal	5
hatch	hatch	8
pattern	pattern	10
accidents	accident	2
wallets	wallet	1
to-do	to-do	1
asset	asset	1
classics	classic	5
siding	siding	3
appointees	appointee	2
frying	frying	4
pismire	pismire	1
acquisition	acquisition	4
grade	grade	13
jokes	joke	6
phlegms	phlegm	3
guts	gut	5
dolls	doll	2
crumbs	crumb	6
networking	networking	1
rocket	rocket	7
mosques	mosque	1
standby	standby	3
casings	casing	5
silverware	silverware	1
hardship	hardship	3
instructions	instruction	4
flounder	flounder	4
attempt	attempt	4
derivatives	derivative	5
mogul	mogul	3
imperialism	imperialism	3
wilderness	wilderness	4
identification	identification	5
par	par	3
cocoanut	cocoanut	1
smoothness	smoothness	5
concepts	concept	1
cob	cob	4
comparison	comparison	3
coveralls	coverall	1
formations	formation	7
motion	motion	8
trends	trend	5
pinks	pink	7
producers	producer	3
relativity	relativity	2
imbalance	imbalance	2
cycle	cycle	11
airliner	airliner	1
squid	squid	2
departures	departure	3
shortcomings	shortcoming	1
father	father	9
cent	cent	2
armpits	armpit	1
hors	hors	0
rot	rot	5
adherence	adherence	2
mortality	mortality	2
crap	crap	3
overflow	overflow	4
contemplation	contemplation	2
inclusion	inclusion	4
stripes	stripe	6
acceleration	acceleration	3
jails	jail	2
daisies	daisy	1
applicant	applicant	1
hoops	hoop	5
aides	aide	2
proposition	proposition	6
receipts	receipt	4
fertilizers	fertilizer	1
prices	price	9
stagnation	stagnation	2
cobblestone	cobblestone	2
log	log	7
craftsman	craftsman	3
groans	groan	2
radio	radio	5
subsystem	subsystem	1
grouping	grouping	5
mixture	mixture	5
proverb	proverb	1
dosage	dosage	2
lava	lava	1
batting	batting	7
bottom	bottom	12
registry	registry	1
impressions	impression	9
abstraction	abstraction	6
abuse	abuse	7
nostril	nostril	1
panties	panty	1
yard	yard	9
profile	profile	7
aura	aura	3
kilometres	kilometre	1
polarisation	polarisation	2
drawers	drawer	3
competitiveness	competitiveness	1
dizziness	dizziness	1
scrub	scrub	6
mailbox	mailbox	2
conservation	conservation	3
inventions	invention	3
blob	blob	2
emphasis	emphasis	4
stature	stature	2
scar	scar	3
raid	raid	6
axle	axle	1
sway	sway	6
port	port	14
alignment	alignment	4
segments	segment	4
dissatisfaction	dissatisfaction	1
ensemble	ensemble	5
foundation	foundation	7
blade	blade	9
info	info	1
aeroplane	aeroplane	1
anecdote	anecdote	1
cottage	cottage	1
diamonds	diamond	6
coronation	coronation	1
licensing	licensing	1
nuggets	nugget	1
guerrillas	guerrilla	1
prey	prey	4
treadmill	treadmill	3
vernacular	vernacular	3
loans	loan	3
antagonism	antagonism	4
transfers	transfer	15
frenzy	frenzy	1
nostalgia	nostalgia	1
train	train	17
buffalo	buffalo	5
crunch	crunch	7
web	web	8
molars	molar	5
cupboard	cupboard	1
servings	serving	17
indictment	indictment	2
commune	commune	4
drum	drum	9
printing	printing	8
railing	railing	12
cures	cure	5
troop	troop	6
acquaintances	acquaintance	3
fitness	fitness	4
mobs	mob	4
rift	rift	3
serum	serum	1
sugar	sugar	4
herbicides	herbicide	1
museum	museum	1
molasses	molasses	1
reflux	reflux	2
jitters	jitter	2
solicitation	solicitation	3
primate	primate	2
vertebrates	vertebrate	2
ballerina	ballerina	1
jigsaw	jigsaw	2
rumors	rumor	2
vein	vein	6
winter	winter	2
cell	cell	7
jig	jig	5
scoring	scoring	8
attitudes	attitude	4
bouts	bout	4
overview	overview	1
eyewitness	eyewitness	2
information	information	5
bono	bono	0
populace	populace	1
sneaker	sneaker	2
kilometers	kilometer	1
tribunals	tribunal	1
assassins	assassin	2
procession	procession	3
catalyst	catalyst	2
flags	flag	12
slipper	slipper	2
coating	coating	7
hamstring	hamstring	3
kick	kick	14
repercussions	repercussion	2
sitcoms	sitcom	2
lawns	lawn	1
reproduction	reproduction	5
retailers	retailer	1
gym	gym	1
motivator	motivator	1
love	love	10
customs	custom	5
thresholds	threshold	5
meteorologist	meteorologist	1
clapboard	clapboard	2
jurisdiction	jurisdiction	2
margin	margin	6
anesthesia	anesthesia	1
purchasers	purchaser	1
lymph	lymph	1
eyelids	eyelid	1
sickness	sickness	3
waterway	waterway	2
husband	husband	2
jurist	jurist	2
beet	beet	2
circles	circle	11
quartet	quartet	5
woodlands	woodland	1
promotions	promotion	4
containment	containment	3
prejudice	prejudice	3
pathology	pathology	2
conceptualization	conceptualization	2
coin	coin	3
streams	stream	10
centrality	centrality	1
trophies	trophy	2
restoration	restoration	7
grasses	grass	11
diagram	diagram	2
clot	clot	5
helpers	helper	2
vanilla	vanilla	5
brothels	brothel	1
departments	department	3
whisker	whisker	3
spectroscopy	spectroscopy	1
syllabus	syllabus	1
totn	totn	0
discoveries	discovery	4
leukaemia	leukaemia	1
symbols	symbol	2
markings	marking	19
bonus	bonus	2
recognition	recognition	8
loft	loft	8
malls	mall	2
prick	prick	11
avail	avail	4
classmate	classmate	1
pier	pier	3
efforts	effort	4
humidity	humidity	1
grips	grip	10
sunlight	sunlight	1
feats	feat	1
monoxide	monoxide	1
blacktop	blacktop	2
spectacles	spectacle	3
layoff	layoff	1
cauliflower	cauliflower	2
diabetics	diabetic	3
counterpoint	counterpoint	3
eagerness	eagerness	2
pitch	pitch	22
slippers	slipper	2
paranoia	paranoia	1
analogy	analogy	3
troubles	trouble	11
halls	hall	13
hunts	hunt	15
tack	tack	12
campground	campground	1
wheels	wheel	11
dependency	dependency	3
building	building	14
filmmaker	filmmaker	1
explosives	explosive	4
oysters	oyster	4
preoccupation	preoccupation	3
orgasm	orgasm	1
handshake	handshake	1
mosaics	mosaic	7
world	world	9
aperture	aperture	3
melanoma	melanoma	1
appliance	appliance	2
persons	person	3
interpreter	interpreter	4
respect	respect	9
safety	safety	6
cult	cult	5
grime	grime	2
graces	grace	9
crayon	crayon	2
demolition	demolition	2
set	set	45
length	length	5
lowland	lowland	2
scent	scent	6
killings	killing	19
contacts	contact	11
scents	scent	6
brim	brim	4
exercises	exercise	10
skiff	skiff	1
immunity	immunity	4
cues	cue	5
passivity	passivity	2
vernix	vernix	1
mountaintop	mountaintop	0
decoy	decoy	3
artery	artery	2
deviations	deviation	5
paralysis	paralysis	1
peacock	peacock	2
snowballs	snowball	6
bundle	bundle	7
rainfalls	rainfall	1
heyday	heyday	1
dresses	dress	21
spike	spike	17
stimuli	stimulus	1
directory	directory	2
spacing	spacing	3
drunkenness	drunkenness	3
feces	feces	1
islanders	islander	1
submission	submission	7
press	press	23
galaxy	galaxy	3
depot	depot	2
accounting	accounting	9
great-grandmother	great-grandmother	0
conundrum	conundrum	1
mastectomy	mastectomy	1
table	table	8
aspects	aspect	5
accords	accord	6
smoker	smoker	3
constitutionality	constitutionality	0
winters	winter	2
provinces	province	2
truck	truck	3
photon	photon	1
halftime	halftime	1
compromise	compromise	5
dough	dough	2
heights	height	4
commanders	commander	4
operating	operating	9
forgiveness	forgiveness	2
highway	highway	1
connections	connection	9
snowfield	snowfield	1
memories	memory	5
decomposition	decomposition	5
spaces	space	10
sockets	socket	3
lobsters	lobster	2
cuts	cut	70
caliber	caliber	2
hassle	hassle	3
dial	dial	6
paw	paw	4
interviewers	interviewer	1
pointers	pointer	4
oddity	oddity	3
stabilization	stabilization	2
shoppers	shopper	2
admiral	admiral	2
carriage	carriage	5
repairs	repair	8
plaintiff	plaintiff	1
fires	fire	18
playwright	playwright	1
shops	shop	7
fittings	fitting	15
shape	shape	11
pocketbook	pocketbook	4
presentations	presentation	7
nets	net	12
receiver	receiver	6
extras	extra	7
suggestions	suggestion	6
sculptor	sculptor	2
stalks	stalk	8
pasta	pasta	2
phase	phase	6
drinkers	drinker	2
candidacy	candidacy	1
vices	vice	2
armour	armour	4
petition	petition	3
dilution	dilution	2
foreman	foreman	2
syphilis	syphilis	1
southeaster	southeaster	3
consolidation	consolidation	3
generosity	generosity	2
differences	difference	5
peers	peer	3
adolescents	adolescent	5
lessons	lesson	4
joystick	joystick	2
cabbage	cabbage	4
demo	demo	2
treatment	treatment	4
offender	offender	1
bolt	bolt	16
polygamy	polygamy	1
tempo	tempo	2
shiver	shiver	4
wherewithal	wherewithal	1
trust	trust	12
hypothesis	hypothesis	3
wood	wood	8
fullback	fullback	3
gaol	gaol	2
void	void	8
formats	format	5
stems	stem	10
client	client	3
countryside	countryside	1
operator	operator	5
brothel	brothel	1
measurement	measurement	1
patriarch	patriarch	4
fragmentation	fragmentation	4
behavior	behavior	4
adapter	adapter	2
cut-off	cut-off	0
tumour	tumour	1
defender	defender	2
co-owner	co-owner	0
mackerel	mackerel	2
murders	murder	3
dollars	dollar	4
cages	cage	6
repellent	repellent	6
starvation	starvation	2
remedy	remedy	4
precedence	precedence	3
shade	shade	13
build-up	build-up	0
tomography	tomography	1
ethic	ethic	2
meningitis	meningitis	1
moose	moose	1
wombs	womb	1
tuxedo	tuxedo	1
gambler	gambler	2
basket	basket	4
slum	slum	2
groins	groin	4
cervixes	cervix	2
sheath	sheath	3
hum	hum	7
bins	bin	4
rep	rep	2
knee-caps	knee-caps	0
tom	tom	3
prohibitions	prohibition	5
aggressiveness	aggressiveness	3
diapers	diaper	2
arbiter	arbiter	2
resource	resource	3
drill	drill	9
polo	polo	2
backyard	backyard	1
dictatorship	dictatorship	1
successor	successor	3
problem	problem	3
plate	plate	16
theatres	theatre	3
boycott	boycott	2
pot	pot	10
gut	gut	5
dew	dew	1
neighborhoods	neighborhood	4
bridge	bridge	12
counters	counter	13
shrubs	shrub	1
policy	policy	3
decentralization	decentralization	2
glory	glory	4
maps	map	8
protagonist	protagonist	2
soap	soap	4
emotion	emotion	1
sitcom	sitcom	2
livelihoods	livelihood	1
metaphor	metaphor	1
upheavals	upheaval	4
prerequisites	prerequisite	2
caller	caller	9
ceiling	ceiling	4
windstorms	windstorm	1
artefacts	artefact	1
flap	flap	11
cowboy	cowboy	3
validity	validity	3
travelers	traveler	1
centralization	centralization	2
aerospace	aerospace	1
cleanliness	cleanliness	2
tomatoes	tomato	2
mountainside	mountainside	1
recorder	recorder	4
ebb	ebb	5
master	master	15
rowing	rowing	2
moms	mom	1
trifle	trifle	6
pox	pox	2
theme	theme	6
penicillin	penicillin	1
response	response	7
inmate	inmate	3
basis	basis	3
contract	contract	12
shift	shift	23
burger	burger	2
poisoning	poisoning	7
novels	novel	4
hearts	heart	10
boulder	boulder	2
scan	scan	9
flair	flair	3
stereotyping	stereotyping	1
archaeologists	archaeologist	1
irregularities	irregularity	4
entitlements	entitlement	1
accessories	accessory	5
lattice	lattice	3
lapel	lapel	1
lust	lust	3
handlebar	handlebar	1
vacation	vacation	3
grounding	grounding	14
empire	empire	5
blinds	blind	10
cancers	cancer	5
singers	singer	3
status	status	2
genus	genus	2
deadline	deadline	1
listing	listing	7
solutions	solution	5
starboard	starboard	3
tourism	tourism	1
icon	icon	3
sequences	sequence	7
fishermen	fisherman	1
vase	vase	1
cones	cone	5
fingertip	fingertip	1
whiff	whiff	8
badges	badge	3
relocation	relocation	2
buttons	button	9
constituents	constituent	6
sunburn	sunburn	3
misinformation	misinformation	1
co-star	co-star	3
endowment	endowment	3
stone	stone	16
situations	situation	5
holder	holder	3
warlords	warlord	1
summers	summer	3
cloud	cloud	14
lifeguard	lifeguard	1
trick	trick	8
chairwoman	chairwoman	1
good-bye	good-bye	1
cloths	cloth	1
insertion	insertion	2
ratification	ratification	1
faucets	faucet	1
subject	subject	15
signals	signal	6
tempers	temper	9
stadium	stadium	1
caucus	caucus	2
streak	streak	7
protocols	protocol	3
fowl	fowl	4
watershed	watershed	3
storm	storm	8
grinder	grinder	4
gardening	gardening	2
folds	fold	12
accreditation	accreditation	1
gambling	gambling	3
parting	parting	7
agriculture	agriculture	4
rainwaters	rainwater	1
flora	flora	2
vastness	vastness	1
flag	flag	12
hopper	hopper	5
reticence	reticence	1
hubris	hubris	1
keeper	keeper	2
mantel	mantel	1
whirlwinds	whirlwind	1
interviewer	interviewer	1
revolutions	revolution	3
avoidance	avoidance	1
biographies	biography	1
chest	chest	4
citizenship	citizenship	2
brooch	brooch	2
voyages	voyage	3
nest	nest	9
energy	energy	7
collusion	collusion	2
divide	divide	8
resurrection	resurrection	2
convoys	convoy	4
displacement	displacement	7
semiconductors	semiconductor	2
correspondent	correspondent	3
battleground	battleground	1
membranes	membrane	2
antennae	antenna	3
freighter	freighter	1
proceedings	proceeding	6
sec	sec	4
timber	timber	5
balance	balance	16
leases	lease	7
clone	clone	4
plantation	plantation	3
porridge	porridge	1
playgrounds	playground	2
nightclubs	nightclub	1
interpretations	interpretation	4
poachers	poacher	3
duet	duet	5
reason	reason	9
annexation	annexation	2
caveat	caveat	2
afternoons	afternoon	2
chemists	chemist	2
colonisation	colonisation	1
diaries	diary	2
pests	pest	4
wand	wand	4
vocation	vocation	2
hormone	hormone	1
lounge	lounge	4
ape	ape	5
danger	danger	4
bonnet	bonnet	3
liner	liner	4
garb	garb	2
breaches	breach	5
masters	master	15
inertia	inertia	2
uprisings	uprising	9
innovations	innovation	3
duality	duality	3
cigarettes	cigarette	1
insides	inside	10
size	size	9
herb	herb	2
footnote	footnote	2
paces	pace	10
temptations	temptation	3
whos	who	1
maxim	maxim	2
prelude	prelude	4
creep	creep	8
hamburger	hamburger	2
favorites	favorite	5
roses	rose	21
differentiation	differentiation	3
sanctions	sanction	7
waitress	waitress	2
dinosaurs	dinosaur	1
prisons	prison	2
gypsy	gypsy	3
buggy	buggy	3
maintenance	maintenance	5
whale	whale	3
hand	hand	16
darkness	darkness	6
gold	gold	7
wings	wing	12
bathroom	bathroom	2
clinics	clinic	3
fabrics	fabric	2
chop	chop	11
circumference	circumference	3
self-respect	self-respect	1
hatchet	hatchet	2
snows	snow	6
harm	harm	4
horses	horse	6
ache	ache	4
volume	volume	6
mike	mike	1
taro	taro	3
sophomore	sophomore	2
archive	archive	2
gadgets	gadget	1
processes	process	13
freaks	freak	3
tunnels	tunnel	4
frosting	frosting	5
plough	plough	4
vests	vest	7
coolness	coolness	4
scheduling	scheduling	3
bureaucracy	bureaucracy	3
coupe	coupe	1
defenders	defender	2
fundamentals	fundamental	5
misrepresentation	misrepresentation	2
lump	lump	6
vertebrae	vertebra	1
fury	fury	4
groynes	groyne	1
pumpkin	pumpkin	2
panelling	panelling	3
bubbles	bubble	9
residue	residue	2
concept	concept	1
compartments	compartment	2
sanctity	sanctity	1
decks	deck	7
variation	variation	11
development	development	9
coordinator	coordinator	1
anxieties	anxiety	2
infections	infection	7
sandpaper	sandpaper	2
analyst	analyst	3
messages	message	5
self-expression	self-expression	1
maids	maid	2
challenge	challenge	9
pussy	pussy	3
projector	projector	2
butler	butler	3
bid	bid	10
chair	chair	7
salmon	salmon	5
identities	identity	4
engineer	engineer	4
folders	folder	2
thug	thug	1
sync	sync	1
flexibility	flexibility	3
hardware	hardware	3
jaw	jaw	7
bust	bust	10
humility	humility	2
boomer	boomer	1
railroad	railroad	5
parade	parade	5
starlight	starlight	1
trajectory	trajectory	1
designs	design	14
consideration	consideration	6
families	family	8
clavicle	clavicle	1
services	service	18
wreckage	wreckage	1
orchards	orchard	1
concert	concert	3
plaque	plaque	2
chicks	chick	2
mules	mule	2
pride	pride	6
lieutenants	lieutenant	4
sneer	sneer	4
parchment	parchment	2
bowels	bowel	1
kiosk	kiosk	1
rail	rail	15
fools	fool	7
defendant	defendant	1
records	record	13
grandmother	grandmother	1
handler	handler	3
southwest	southwest	7
zoos	zoo	1
misgivings	misgiving	4
beauty	beauty	3
artisan	artisan	1
piston	piston	2
axe	axe	3
fling	fling	7
adventures	adventure	3
respondent	respondent	3
fest	fest	0
bourgeoisie	bourgeoisie	1
necklace	necklace	1
residuals	residual	3
appointments	appointment	6
aesthetics	aesthetic	4
orgy	orgy	3
strip	strip	19
swordfish	swordfish	2
remorse	remorse	1
kilograms	kilogram	1
advertising	advertising	4
clitoris	clitoris	1
pts	pt	1
rotation	rotation	4
twilight	twilight	4
violations	violation	5
statistics	statistic	1
murals	mural	2
browns	brown	8
cauldron	cauldron	1
vestibule	vestibule	2
stairway	stairway	1
intentions	intention	3
jelly	jelly	4
trails	trail	8
sterling	sterling	2
childbirth	childbirth	1
diligence	diligence	3
bows	bow	14
bums	bum	7
users	user	3
network	network	6
year	year	4
delights	delight	5
fan	fan	7
ceramics	ceramic	2
furnaces	furnace	1
steering	steering	6
bingo	bingo	1
ministry	ministry	4
academy	academy	4
bamboos	bamboo	2
exertion	exertion	1
slumber	slumber	3
accomplishments	accomplishment	2
position	position	18
shareholders	shareholder	1
fir	fir	2
diesel	diesel	2
tinge	tinge	4
theaters	theater	3
cross-section	cross-section	1
barricades	barricade	5
articles	article	5
analysts	analyst	3
carnival	carnival	3
babies	baby	8
palm	palm	5
batrachian	batrachian	2
son-in-law	son-in-law	1
assemblies	assembly	6
chairmanship	chairmanship	1
secretaries	secretary	4
incarceration	incarceration	1
dislocation	dislocation	3
sunset	sunset	5
creams	cream	8
mysteries	mystery	2
sedan	sedan	2
sinks	sink	13
relativism	relativism	1
northeast	northeast	7
visas	visa	3
memory	memory	5
cleric	cleric	1
kilometer	kilometer	1
episodes	episode	4
collage	collage	2
jugs	jug	4
huts	hut	2
coyote	coyote	3
skateboard	skateboard	2
mortals	mortal	5
smack	smack	12
mouths	mouth	11
yams	yam	4
caddie	caddie	2
bags	bag	14
trainees	trainee	1
rally	rally	10
footing	footing	6
beaver	beaver	8
libido	libido	1
reinforcements	reinforcement	5
dynamite	dynamite	2
mice	mouse	6
diplomat	diplomat	2
medicine	medicine	5
firmness	firmness	4
assurance	assurance	4
stateroom	stateroom	1
urbanisation	urbanisation	2
intruders	intruder	1
nave	nave	1
engagements	engagement	7
knife	knife	4
debit	debit	2
critique	critique	3
creek	creek	2
fender	fender	4
females	female	5
pretense	pretense	5
participant	participant	2
yoga	yoga	2
mph	mph	2
kindness	kindness	3
tributary	tributary	4
timeline	timeline	1
remembrance	remembrance	2
staging	staging	9
fathers	father	9
bucket	bucket	4
trolley	trolley	1
arthritis	arthritis	1
pools	pool	11
cattles	cattle	1
takeout	takeout	3
hare	hare	3
mausoleum	mausoleum	1
chopsticks	chopstick	1
fighters	fighter	3
goods	good	27
wiring	wiring	7
trial	trial	6
cross	cross	16
complexes	complex	5
scratch	scratch	17
plates	plate	16
combat	combat	3
restraint	restraint	6
excursion	excursion	2
task	task	4
dryer	dryer	17
boxers	boxer	4
wrestlers	wrestler	1
mishaps	mishap	2
beliefs	belief	2
correctness	correctness	2
hooves	hoof	4
radius	radius	5
lineman	lineman	4
militants	militant	4
denominations	denomination	3
thunder	thunder	7
tick	tick	8
shrine	shrine	2
seawater	seawater	1
bureaucrat	bureaucrat	1
shallots	shallot	3
paycheck	paycheck	1
embers	ember	1
mankind	mankind	1
livers	liver	5
usage	usage	3
sprinkler	sprinkler	1
impulse	impulse	6
similarities	similarity	2
attorneys	attorney	1
sequence	sequence	7
ball	ball	13
tops	top	22
yawn	yawn	3
eligibility	eligibility	1
modules	module	4
solvent	solvent	3
testimonies	testimony	3
aspect	aspect	5
period	period	7
bran	bran	2
indulgence	indulgence	5
tunes	tune	5
breeze	breeze	4
effects	effect	8
monuments	monument	3
draft	draft	14
nightmare	nightmare	2
diarrhoea	diarrhoea	1
entomologist	entomologist	1
parlance	parlance	1
bases	base	30
cheekbone	cheekbone	1
spear	spear	4
constellations	constellation	2
charcoal	charcoal	6
beatings	beating	25
dissent	dissent	6
humiliation	humiliation	4
jigs	jig	5
narcotic	narcotic	4
oars	oar	1
mismatch	mismatch	2
symptoms	symptom	2
mines	mine	4
cannabis	cannabis	2
swarm	swarm	4
rentals	rental	4
lender	lender	1
occupations	occupation	5
protein	protein	1
possession	possession	7
rack	rack	18
redemption	redemption	3
piping	piping	11
moderates	moderate	10
minors	minor	11
tantrums	tantrum	1
desires	desire	6
mixer	mixer	4
defection	defection	2
blush	blush	4
aka	aka	0
fall	fall	44
island	island	2
marbles	marble	4
utilization	utilization	2
polymer	polymer	1
class	class	9
correlation	correlation	3
trilogy	trilogy	1
repetition	repetition	3
shrimp	shrimp	4
underdog	underdog	1
pigeon	pigeon	1
sediment	sediment	3
worms	worm	5
tricks	trick	8
spheres	sphere	7
frame	frame	17
liver	liver	5
workday	workday	2
marquee	marquee	2
radios	radio	5
replay	replay	6
toddlers	toddler	1
growl	growl	2
completion	completion	2
blazer	blazer	1
sophistication	sophistication	5
practitioners	practitioner	1
sewer	sewer	3
individualism	individualism	3
bluff	bluff	7
practicality	practicality	1
newsprint	newsprint	1
conformity	conformity	5
girl	girl	5
larynx	larynx	1
reverie	reverie	2
bandages	bandage	3
processor	processor	3
stair	stair	1
trumpet	trumpet	4
gasoline	gasoline	1
famine	famine	2
compulsion	compulsion	3
admirer	admirer	3
orphanages	orphanage	2
matches	match	19
acknowledgment	acknowledgment	3
poppy	poppy	1
retreat	retreat	11
bristles	bristle	6
comedians	comedian	2
dip	dip	23
cutter	cutter	6
singer	singer	3
railings	railing	12
home	home	17
inception	inception	1
industry	industry	3
mast	mast	4
felon	felon	2
prism	prism	2
blasphemy	blasphemy	2
strategy	strategy	2
emblem	emblem	2
grams	gram	2
catastrophe	catastrophe	3
goat	goat	4
lapses	lapse	9
vendors	vendor	1
sulphur	sulphur	2
migration	migration	4
injury	injury	5
coffin	coffin	2
constituency	constituency	1
bedding	bedding	7
chore	chore	1
sandals	sandal	1
orchid	orchid	1
brood	brood	6
compounds	compound	11
downpour	downpour	1
ticker	ticker	3
stanza	stanza	1
blur	blur	7
homestead	homestead	4
stylist	stylist	2
jurisdictions	jurisdiction	2
skirts	skirt	8
mandible	mandible	1
shepherds	shepherd	4
municipalities	municipality	2
mess	mess	8
sodium	sodium	1
indicators	indicator	4
mineral	mineral	3
tendencies	tendency	4
virus	virus	3
survival	survival	3
rust	rust	8
street	street	5
sabotage	sabotage	2
amphitheatre	amphitheatre	2
canteen	canteen	5
colleague	colleague	2
incontinence	incontinence	2
altruism	altruism	1
amphitheater	amphitheater	2
trustees	trustee	2
pros	pro	4
closure	closure	8
jars	jar	8
parrots	parrot	3
diamond	diamond	6
puddles	puddle	12
rigours	rigour	3
boardwalk	boardwalk	1
joy	joy	4
meats	meat	3
soups	soup	4
clues	clue	3
antidote	antidote	1
snout	snout	3
recruitment	recruitment	1
awareness	awareness	2
angst	angst	1
reorganization	reorganization	2
dime	dime	2
esophagus	esophagus	1
fronts	front	13
lookout	lookout	4
biography	biography	1
emptiness	emptiness	4
purview	purview	1
brisket	brisket	1
silt	silt	2
sinners	sinner	1
agility	agility	1
tug	tug	9
flattery	flattery	1
axis	axis	6
curators	curator	1
contestant	contestant	2
providers	provider	2
swords	sword	1
assortment	assortment	2
melons	melon	2
stabilisation	stabilisation	2
suspensions	suspension	7
show	show	16
dictum	dictum	2
collaborators	collaborator	3
soils	soil	5
looting	looting	3
notation	notation	3
token	token	5
opener	opener	3
streetcar	streetcar	1
sorority	sorority	1
malfunction	malfunction	2
accomplice	accomplice	1
obscurity	obscurity	3
inlet	inlet	2
husks	husk	3
bone	bone	6
blueberries	blueberry	2
inn	inn	1
bellows	bellow	4
madness	madness	5
scum	scum	3
nourishment	nourishment	2
garrison	garrison	4
skirmishes	skirmish	2
narcotics	narcotic	4
plumbing	plumbing	7
functions	function	10
mountains	mountain	2
laborer	laborer	1
implant	implant	4
workings	working	33
securities	security	9
formulation	formulation	3
shorts	short	23
baritone	baritone	4
haunches	haunch	2
taros	taro	3
racks	rack	18
enamel	enamel	5
rash	rash	4
dioxide	dioxide	1
nemesis	nemesis	2
irritation	irritation	7
ankles	ankle	1
pundits	pundit	1
form	form	23
jeweller	jeweller	2
psycho	psycho	1
meds	med	1
edition	edition	4
culmination	culmination	4
controversy	controversy	1
flecks	fleck	3
duke	duke	2
volcanoes	volcano	2
cloves	clove	7
feast	feast	7
terrier	terrier	1
revitalization	revitalization	1
furnishings	furnishing	5
flyers	flyer	4
awkwardness	awkwardness	5
pack	pack	22
crutch	crutch	2
epilepsy	epilepsy	1
lunch	lunch	3
buttock	buttock	1
culpability	culpability	1
stomaches	stomach	6
cyber	cyber	0
grapes	grape	3
anonymity	anonymity	1
resettlement	resettlement	1
crest	crest	7
decade	decade	2
doc	doc	2
insurer	insurer	1
heaves	heave	14
necrosis	necrosis	1
helicopter	helicopter	1
nicknames	nickname	3
hound	hound	3
driveway	driveway	1
avatar	avatar	2
voodoo	voodoo	4
disbelief	disbelief	2
floats	float	16
discrepancy	discrepancy	2
characterizations	characterization	3
wallet	wallet	1
distraction	distraction	4
tail	tail	11
headache	headache	2
pariah	pariah	1
attacks	attack	15
cassette	cassette	1
sensuality	sensuality	1
dye	dye	2
abundance	abundance	3
mixtures	mixture	5
village	village	3
lawyer	lawyer	1
exploits	exploit	4
terpsichores	terpsichore	2
occasions	occasion	6
pro-choice	pro-choice	1
infringement	infringement	2
birth	birth	6
cliches	cliche	1
trans	trans	0
spirituality	spirituality	2
peg	peg	10
anorexia	anorexia	1
animosity	animosity	1
monies	monies	0
wrapper	wrapper	3
grandparents	grandparent	1
courthouse	courthouse	2
woods	wood	8
positions	position	18
pope	pope	2
chick	chick	2
ministries	ministry	4
asylum	asylum	2
siblings	sibling	1
bin	bin	4
breath	breath	5
agent	agent	6
scales	scale	18
coatings	coating	7
program	program	10
blood	blood	6
lotion	lotion	2
bombing	bombing	4
uniforms	uniform	6
stench	stench	1
plantations	plantation	3
summer	summer	3
horseback	horseback	3
clay	clay	5
necessity	necessity	2
cocoyam	cocoyam	2
howl	howl	7
plastic	plastic	5
update	update	4
gifts	gift	5
traders	trader	1
pedals	pedal	5
injuries	injury	5
asthma	asthma	1
velvet	velvet	3
deficits	deficit	4
nose	nose	14
quarrel	quarrel	3
brace	brace	13
westers	wester	2
ropes	rope	4
oratory	oratory	1
annuity	annuity	1
weariness	weariness	1
thunders	thunder	7
rupture	rupture	4
speculation	speculation	4
slaves	slave	4
term	term	8
waterfalls	waterfall	1
quiver	quiver	7
caricature	caricature	2
fishers	fisher	2
commencement	commencement	3
radiator	radiator	3
microorganisms	microorganism	1
powers	power	10
monk	monk	2
value	value	11
deduction	deduction	6
cylinders	cylinder	4
crates	crate	3
wrecks	wreck	5
office	office	7
threads	thread	9
forest	forest	3
guitar	guitar	1
drugs	drug	3
uprising	uprising	9
teapot	teapot	1
umbrella	umbrella	4
proteins	protein	1
specialty	specialty	3
fairway	fairway	3
uncles	uncle	2
statues	statue	1
exit	exit	6
bondage	bondage	3
rounds	round	25
debate	debate	6
joints	joint	13
neighborhood	neighborhood	4
marginalization	marginalization	1
compliments	compliment	3
biographer	biographer	1
operation	operation	11
administrators	administrator	3
liberals	liberal	7
glands	gland	1
expeditions	expedition	5
quotations	quotation	4
campaigns	campaign	7
orchestra	orchestra	2
justice	justice	4
preface	preface	2
narrator	narrator	1
diameters	diameter	2
lecture	lecture	5
jus	jus	0
protests	protest	6
shrapnel	shrapnel	1
flour	flour	3
exodus	exodus	2
redhead	redhead	3
aches	ache	4
roles	role	4
nervousness	nervousness	3
illness	illness	1
wake-up	wake-up	0
appetisers	appetiser	1
vibrations	vibration	4
downside	downside	1
mildew	mildew	3
spine	spine	5
channels	channel	11
catalogue	catalogue	4
microscopy	microscopy	1
treaty	treaty	1
