word,predictor,coefficient,p_val,warnings_m1,warnings_m2
snow,avgmonth_tmp,-1.1817593744535815,9.744988235175555e-20,,
winter,avgmonth_tmp,-0.7977934650649233,3.1834252640155318e-12,,
berry,avgmonth_tmp,-0.7732626236928168,4.679527929175987e-10,,
ice,avgmonth_tmp,-0.6729449126648067,7.930302713161366e-9,,
summer,avgmonth_tmp,-0.622308310112029,9.899076881735103e-10,,
seal,avgmonth_tmp,-0.5794807876276479,NA,Model convergence problem; non-positive-definite Hessian matrix. See vignette('troubleshooting'),
lake,avgmonth_tmp,-0.5546523153078085,8.647783097287913e-7,,
cliff,avgmonth_tmp,-0.5306339612687061,7.921893308269532e-6,,
fur,avgmonth_tmp,-0.4877569138975759,4.936612267368338e-7,,
bay,avgmonth_tmp,-0.4866235408649404,0.0056263029466028704,,
tent,avgmonth_tmp,-0.46275819979750027,5.1604930284514044e-5,,
translation,avgmonth_tmp,-0.45789712080176403,NA,"Model convergence problem; non-positive-definite Hessian matrix. See vignette('troubleshooting');Model convergence problem; singular convergence (7). See vignette('troubleshooting'), help('diagnose')",
coat,avgmonth_tmp,-0.45193261890152586,3.6340811012895324e-5,,
kettle,avgmonth_tmp,-0.44671042733129224,0.0020628303084293345,,
mountain,avgmonth_tmp,-0.44132050399815026,5.7669053679148684e-5,,
slope,avgmonth_tmp,-0.4277233835133809,1.8949210696902628e-4,,
text,avgmonth_tmp,-0.3987378299271196,0.019072346221833514,,
trail,avgmonth_tmp,-0.3824091596016465,0.006764074057769057,,
goose,avgmonth_tmp,-0.37641763973551384,0.002099563127137807,,
moss,avgmonth_tmp,-0.373773241389378,0.0016043161149695091,,
gut,avgmonth_tmp,-0.3526385702858834,0.01091449332339524,,
fog,avgmonth_tmp,-0.3516440559281521,7.746872735974499e-6,,
vocabulary,avgmonth_tmp,-0.34352226264534297,0.0231030535180704,,
spring,avgmonth_tmp,-0.33372017271946386,3.10249998113113e-8,,
neglect,avgmonth_tmp,-0.3334945121014421,0.008394624067473207,,
arrow,avgmonth_tmp,-0.3334523676354827,0.0043662404011901934,,
weather,avgmonth_tmp,-0.33130960441513685,1.1514879238319666e-4,,
sewing,avgmonth_tmp,-0.327388575833126,0.0029843590862213146,,
valley,avgmonth_tmp,-0.3261186059393161,7.010806473264381e-4,,
vowel,avgmonth_tmp,-0.3239811255666399,NA,Model convergence problem; non-positive-definite Hessian matrix. See vignette('troubleshooting'),
fox,avgmonth_tmp,-0.3235019918515227,0.01033609142480495,,
shaft,avgmonth_tmp,-0.32051048303225876,0.040820593335704335,,
syllable,avgmonth_tmp,-0.3204869189449524,0.013222472016292848,,
axe,avgmonth_tmp,-0.3051959437738372,0.003792943446677862,,
talk,avgmonth_tmp,-0.2963859876478659,0.0215938060541505,,
dialect,avgmonth_tmp,-0.2956073770011849,0.0206385919216874,,
board,avgmonth_tmp,-0.2946066398465007,0.002582964832956553,,
garment,avgmonth_tmp,-0.29410418751200235,0.02685242187895746,,
example,avgmonth_tmp,-0.2930689965157667,0.06276036921777395,,
slide,avgmonth_tmp,-0.2909415556311986,0.002978727757080957,,
blanket,avgmonth_tmp,-0.28684275134769754,0.01505500330108749,,
daughter-in-law,avgmonth_tmp,-0.2803167826313697,0.031156159167164355,,
index,avgmonth_tmp,-0.2799231379368946,0.013885507165391796,,
loop,avgmonth_tmp,-0.27838505211288983,0.03332429758562261,,
nickname,avgmonth_tmp,-0.27134065591572804,0.03543292983931229,,
element,avgmonth_tmp,-0.27019119406415415,0.21054978382937223,,
journey,avgmonth_tmp,-0.2681380036089111,0.01577343699187342,,
doubt,avgmonth_tmp,-0.2671522398076357,0.0033107853685404136,,
collection,avgmonth_tmp,-0.2606826637518371,0.08844113111888123,,
strap,avgmonth_tmp,-0.2605435650213903,0.0017704518415809576,,
pronunciation,avgmonth_tmp,-0.25914821962286694,NA,Model convergence problem; non-positive-definite Hessian matrix. See vignette('troubleshooting'),
wedge,avgmonth_tmp,-0.2506993179829268,0.01317075018984309,,
dog,avgmonth_tmp,-0.24949520586258925,3.411359832694223e-4,,
track,avgmonth_tmp,-0.2466414356615941,0.02959977630210612,,
spear,avgmonth_tmp,-0.243435786979252,0.0411793924700885,,
layer,avgmonth_tmp,-0.24252697046289265,0.008734967283585209,,
contrary,avgmonth_tmp,-0.24230538225803971,0.01483146140066052,,
loss,avgmonth_tmp,-0.24126583727328874,0.017082431468937145,,
wool,avgmonth_tmp,-0.2397093928428662,0.04756158223268435,,
exception,avgmonth_tmp,-0.23952394834639718,0.0445560965747214,"Model convergence problem; singular convergence (7). See vignette('troubleshooting'), help('diagnose')",
pace,avgmonth_tmp,-0.23817407381537933,0.016970147719613485,,
direction,avgmonth_tmp,-0.23674950330279024,2.5967846623921017e-4,,
clothing,avgmonth_tmp,-0.23650795966286614,0.063487517872410415,,
marrow,avgmonth_tmp,-0.23587989181441735,0.006355616067324137,,
sheep,avgmonth_tmp,-0.23586638099068524,0.024000660013290005,,
attempt,avgmonth_tmp,-0.232943411272846,0.002690820707447198,,
mood,avgmonth_tmp,-0.23134636856742913,0.04107521082447412,,
introduction,avgmonth_tmp,-0.2299657672466645,0.007269001408772033,,
rock,avgmonth_tmp,-0.22991790669010848,0.005337646776752163,,
difference,avgmonth_tmp,-0.22780159348549942,NA,Model convergence problem; non-positive-definite Hessian matrix. See vignette('troubleshooting'),
comparison,avgmonth_tmp,-0.22753935306416817,0.00510360304666014,,
description,avgmonth_tmp,-0.22494358259184966,NA,,Model convergence problem; non-positive-definite Hessian matrix. See vignette('troubleshooting')
stuff,avgmonth_tmp,-0.22414518079850326,0.008699521655504453,,
wrinkle,avgmonth_tmp,-0.22131721017256273,0.042056142584724426,,
pin,avgmonth_tmp,-0.22109392394235663,0.08768150488794679,,
howl,avgmonth_tmp,-0.2198094271923357,0.011794042464715274,,
hill,avgmonth_tmp,-0.21820858310025645,0.002961533714048438,,
system,avgmonth_tmp,-0.2177456201483428,0.03359923004152246,"Model convergence problem; singular convergence (7). See vignette('troubleshooting'), help('diagnose')","Model convergence problem; singular convergence (7). See vignette('troubleshooting'), help('diagnose')"
trace,avgmonth_tmp,-0.2159325890307274,0.015060758901658818,,
quiver,avgmonth_tmp,-0.2157855525867034,0.058172303147999635,,
pond,avgmonth_tmp,-0.21303824702318508,NA,Model convergence problem; non-positive-definite Hessian matrix. See vignette('troubleshooting'),
tale,avgmonth_tmp,-0.20914307796256779,0.08330871167280313,,
volume,avgmonth_tmp,-0.20825450274278642,0.08043196064967746,,
blaze,avgmonth_tmp,-0.20740992498720276,0.04561832497070505,,
evidence,avgmonth_tmp,-0.20616057207734084,0.062463970989812725,,
prey,avgmonth_tmp,-0.20530696792907346,0.10741459280996805,,
fact,avgmonth_tmp,-0.20358156016988146,0.00574150374870407,,
stake,avgmonth_tmp,-0.20333225435230357,0.022072951476936276,,
bed,avgmonth_tmp,-0.20262057741259634,1.713609411320455e-4,,
flap,avgmonth_tmp,-0.20220105532960836,0.016908529822821327,,
skin,avgmonth_tmp,-0.20131942225949584,0.0029279758087047006,,
wind,avgmonth_tmp,-0.19976569352934104,3.7501564397400533e-4,,
list,avgmonth_tmp,-0.19928823855546554,0.036017899124938565,,
shore,avgmonth_tmp,-0.19853760338951273,0.11769678822948655,,
butter,avgmonth_tmp,-0.19666882073704484,0.10243922315021867,,
ward,avgmonth_tmp,-0.19635604917785623,0.1566463272290463,,
bug,avgmonth_tmp,-0.19623906206845365,0.12183468054509577,,
club,avgmonth_tmp,-0.19496055881916766,0.036645835516653805,,
grease,avgmonth_tmp,-0.19424608053785716,0.04587921579158875,,
swimming,avgmonth_tmp,-0.1942318468647543,NA,Model convergence problem; non-positive-definite Hessian matrix. See vignette('troubleshooting'),
camp,avgmonth_tmp,-0.19384954105374516,0.150436755984739,,
rib,avgmonth_tmp,-0.19207542264071417,0.005913733702168644,,
bladder,avgmonth_tmp,-0.19122864422792057,0.009589801650579061,,
advantage,avgmonth_tmp,-0.18918472778854184,0.08560868756389435,,
bullet,avgmonth_tmp,-0.1885720158066791,0.0831061657154727,,
extent,avgmonth_tmp,-0.18823658058039192,0.044018054539382505,,
bucket,avgmonth_tmp,-0.18773803637928968,0.04793984215664981,,
culture,avgmonth_tmp,-0.18673347248402677,0.06564199522589258,,
log,avgmonth_tmp,-0.18619619654903366,0.03753477578160496,,
card,avgmonth_tmp,-0.1860345444855586,0.23093104744410647,,
speed,avgmonth_tmp,-0.18565382411275524,0.04021605370898774,,
distinction,avgmonth_tmp,-0.1852434845050928,0.09520526301249548,,
circumstance,avgmonth_tmp,-0.1851073564389772,0.0200404452228526,,
eagle,avgmonth_tmp,-0.18310391425333683,0.05514665000544356,,
footprint,avgmonth_tmp,-0.182733290148285,NA,Model convergence problem; non-positive-definite Hessian matrix. See vignette('troubleshooting'),
range,avgmonth_tmp,-0.18207222595198205,0.0592261988418814,,
river,avgmonth_tmp,-0.18051700854587877,0.02990816406231194,,
daylight,avgmonth_tmp,-0.18018382385447024,0.12274810074300625,,
combination,avgmonth_tmp,-0.17999200912860344,0.2725845248248342,,
barrel,avgmonth_tmp,-0.17927215655491935,0.16487273360903745,,
circle,avgmonth_tmp,-0.17799623048404645,NA,"Model convergence problem; non-positive-definite Hessian matrix. See vignette('troubleshooting');Model convergence problem; singular convergence (7). See vignette('troubleshooting'), help('diagnose')",Model convergence problem; non-positive-definite Hessian matrix. See vignette('troubleshooting')
hug,avgmonth_tmp,-0.176790298278638,0.08597760820543486,,
earring,avgmonth_tmp,-0.17648096688205026,0.22809609661089142,,
formation,avgmonth_tmp,-0.17466988871249828,0.0369634469396396,,
peak,avgmonth_tmp,-0.17463280603886372,0.09580176076915023,,
hail,avgmonth_tmp,-0.1744876483292208,0.09309741642426368,,
fern,avgmonth_tmp,-0.17412494033999512,0.2883143493599424,,
calf,avgmonth_tmp,-0.17263245048734055,0.006733173752516066,,
beam,avgmonth_tmp,-0.17226208092326456,0.15613658853912896,,
curl,avgmonth_tmp,-0.17119666299871605,0.058917397760647375,"failed to invert Hessian from numDeriv::jacobian(), falling back to internal vcov estimate;Model convergence problem; singular convergence (7). See vignette('troubleshooting'), help('diagnose')",
account,avgmonth_tmp,-0.17116684882730251,0.08845232419843559,,
view,avgmonth_tmp,-0.16821988912450783,0.005905512462763708,,
hunting,avgmonth_tmp,-0.16766508793596369,0.12237301902347737,,
sister-in-law,avgmonth_tmp,-0.1671312101470107,0.07544015687262184,,
rattle,avgmonth_tmp,-0.1659628578003593,0.15349069088107475,,
gas,avgmonth_tmp,-0.16579384301972475,0.345095812164192,,
supply,avgmonth_tmp,-0.1651188301724813,NA,Model convergence problem; non-positive-definite Hessian matrix. See vignette('troubleshooting'),
service,avgmonth_tmp,-0.16491015805999795,0.12165245302935244,,
choice,avgmonth_tmp,-0.16490378501246472,0.09137205398631167,,
grammar,avgmonth_tmp,-0.16482840267630341,0.09826584235643746,,
sight,avgmonth_tmp,-0.16435285777017705,0.01337845337268273,,
rake,avgmonth_tmp,-0.16397494836405493,NA,Model convergence problem; non-positive-definite Hessian matrix. See vignette('troubleshooting'),
plug,avgmonth_tmp,-0.16259971424385647,0.1416544107977606,,
bread,avgmonth_tmp,-0.16211736321295422,0.08646120796191342,,
waterfall,avgmonth_tmp,-0.16103668701616483,NA,Model convergence problem; non-positive-definite Hessian matrix. See vignette('troubleshooting'),Model convergence problem; non-positive-definite Hessian matrix. See vignette('troubleshooting')
door,avgmonth_tmp,-0.16048008287474913,0.003975621369471506,,
splinter,avgmonth_tmp,-0.15949774877567674,NA,Model convergence problem; non-positive-definite Hessian matrix. See vignette('troubleshooting'),
nostril,avgmonth_tmp,-0.1572589989256695,0.03851677774905373,,
feature,avgmonth_tmp,-0.15596802857065362,0.052824854587962565,,
window,avgmonth_tmp,-0.15541563958579963,0.07711869502792569,,
opportunity,avgmonth_tmp,-0.15538519143936158,0.10932372715307535,,
nephew,avgmonth_tmp,-0.1545555920306589,0.090482672524409,,
paint,avgmonth_tmp,-0.15452941541619133,0.05761369332204878,,
absence,avgmonth_tmp,-0.15357147627229667,0.03802689999211278,,
rifle,avgmonth_tmp,-0.15328156154848896,0.25074097894744496,,
tool,avgmonth_tmp,-0.15281239097330634,0.12765593177913262,,
benefit,avgmonth_tmp,-0.15278595132585931,0.12611306665059385,,
dwelling,avgmonth_tmp,-0.15230079326220852,0.2432562307049401,,
material,avgmonth_tmp,-0.1498795841842696,0.021374687700767878,,
limb,avgmonth_tmp,-0.14929427469457543,NA,Model convergence problem; non-positive-definite Hessian matrix. See vignette('troubleshooting'),
rush,avgmonth_tmp,-0.14870552392935651,0.149084698316673,,
travel,avgmonth_tmp,-0.14863447169839733,NA,Model convergence problem; non-positive-definite Hessian matrix. See vignette('troubleshooting'),
mount,avgmonth_tmp,-0.1478744612026577,0.08443301828678347,,
niece,avgmonth_tmp,-0.1478073634317522,0.11392330641034665,,
hunt,avgmonth_tmp,-0.14778361765949918,0.10105316767455297,,
handkerchief,avgmonth_tmp,-0.1473604200486241,0.17618364099126677,,
shelf,avgmonth_tmp,-0.14705702164512235,0.14957231149653252,,
brother-in-law,avgmonth_tmp,-0.14704799909283506,NA,Model convergence problem; non-positive-definite Hessian matrix. See vignette('troubleshooting'),
enclosure,avgmonth_tmp,-0.14689839813852063,0.23983961652833544,,
tar,avgmonth_tmp,-0.1468633310185046,0.3181449509900733,,
shape,avgmonth_tmp,-0.14523846235489618,NA,Model convergence problem; non-positive-definite Hessian matrix. See vignette('troubleshooting'),
hammer,avgmonth_tmp,-0.14519856521037325,0.0535295161472664,,
north,avgmonth_tmp,-0.14501542718781443,0.15234031659241,,
spy,avgmonth_tmp,-0.14434865126788593,0.12394970828461059,,
disgust,avgmonth_tmp,-0.14254015822311392,0.15778974687070024,,
sake,avgmonth_tmp,-0.14245655115154948,0.2970271148842182,,
cap,avgmonth_tmp,-0.14236777358247985,0.12290897852553034,,
residence,avgmonth_tmp,-0.1422862972263278,0.2359625402361374,,
son-in-law,avgmonth_tmp,-0.14032598548009445,0.13841525602581845,,
frame,avgmonth_tmp,-0.1398883789074727,0.022700742925821464,,
entry,avgmonth_tmp,-0.1397772742234014,0.4256010477742621,,
herd,avgmonth_tmp,-0.1390396723995529,0.18852428024325324,,
nature,avgmonth_tmp,-0.13680757824606915,0.08427695509573999,,
position,avgmonth_tmp,-0.13661542398282184,0.07408832413320184,,
butt,avgmonth_tmp,-0.13649833160739072,0.08988813199465247,,
shelter,avgmonth_tmp,-0.1364560069865205,0.09936702000252565,,
stone,avgmonth_tmp,-0.13574741600055854,0.05076916235802104,,
detail,avgmonth_tmp,-0.13384110576174685,0.10811178522387058,,
horse,avgmonth_tmp,-0.13266683879081878,0.30129207514457285,,
hop,avgmonth_tmp,-0.1325859398568747,NA,Model convergence problem; non-positive-definite Hessian matrix. See vignette('troubleshooting'),Model convergence problem; non-positive-definite Hessian matrix. See vignette('troubleshooting')
chance,avgmonth_tmp,-0.13186570743313325,NA,Model convergence problem; non-positive-definite Hessian matrix. See vignette('troubleshooting'),
copper,avgmonth_tmp,-0.13174305953704452,0.22156023819050583,,
ridge,avgmonth_tmp,-0.13168560941547766,0.2729811200882669,,
wine,avgmonth_tmp,-0.13066211724412366,0.3434186005918692,,
project,avgmonth_tmp,-0.12992607446694285,0.06653393179835206,"Model convergence problem; singular convergence (7). See vignette('troubleshooting'), help('diagnose')","Model convergence problem; singular convergence (7). See vignette('troubleshooting'), help('diagnose')"
mist,avgmonth_tmp,-0.12877439089201143,0.06906797872409484,,
content,avgmonth_tmp,-0.1287293784118636,0.050750427006519584,,
sink,avgmonth_tmp,-0.1285086932879129,0.05345310343998233,,
heel,avgmonth_tmp,-0.1280048715223474,0.005304090972528312,,
spark,avgmonth_tmp,-0.1275820277133757,0.01618470669521345,,
joy,avgmonth_tmp,-0.12717527105047907,0.2713922916634514,,
wood,avgmonth_tmp,-0.12696963374889533,0.019184954188740447,,
hurry,avgmonth_tmp,-0.12677184303444766,0.051606655450049686,,
temper,avgmonth_tmp,-0.12658886927654403,0.27530043766023277,,
shed,avgmonth_tmp,-0.12635173254022772,0.1304762392778806,,
edge,avgmonth_tmp,-0.12634714805968228,0.05432815659059373,,
foot,avgmonth_tmp,-0.12468994899360607,0.011218078902635271,,
cousin,avgmonth_tmp,-0.1243703152297877,0.24655121117509882,,
belt,avgmonth_tmp,-0.12431626636298089,0.049648924115210526,,
instrument,avgmonth_tmp,-0.12414199084642565,0.19754694474944692,,
others,avgmonth_tmp,-0.12405525247777173,NA,,Model convergence problem; non-positive-definite Hessian matrix. See vignette('troubleshooting')
hawk,avgmonth_tmp,-0.12298043143032082,0.21985408173262166,,
author,avgmonth_tmp,-0.12270503059852582,0.24549745993435795,,
tea,avgmonth_tmp,-0.12266936178515213,0.26970741236860735,,
steel,avgmonth_tmp,-0.12262669946543066,0.2115931064217803,,
canoe,avgmonth_tmp,-0.12251422909078737,0.6636994141794172,,
strength,avgmonth_tmp,-0.12186351953725572,0.1127842865808807,,
lack,avgmonth_tmp,-0.12183650786226255,0.11341078625324048,,
information,avgmonth_tmp,-0.12121463431473405,0.1794487963513709,,
beard,avgmonth_tmp,-0.12105694712011174,0.010751959871577815,,
record,avgmonth_tmp,-0.12003023049824142,0.3925213424030084,,
flight,avgmonth_tmp,-0.11938913493706882,0.2067769748668365,,
wound,avgmonth_tmp,-0.11912146785601013,0.08999949369864448,,
bottom,avgmonth_tmp,-0.11840119410401738,0.04182272549490019,,
dough,avgmonth_tmp,-0.11824069623540889,0.3641276497774991,,
sling,avgmonth_tmp,-0.11732160437246539,0.2457484835920172,,
reflection,avgmonth_tmp,-0.11709868262376921,0.25560282385560157,,
cow,avgmonth_tmp,-0.116918293046197,0.23961024229056024,,
scream,avgmonth_tmp,-0.11651629735306523,0.11545433741230143,,
noise,avgmonth_tmp,-0.11648171812438389,0.06910570961692106,,
bead,avgmonth_tmp,-0.11587592095231491,0.258177992887828,,
dish,avgmonth_tmp,-0.11561792377999856,0.4031451847289851,,
bridge,avgmonth_tmp,-0.11427471877601815,0.1284819510268054,,
box,avgmonth_tmp,-0.1139635051844075,0.10325465941133648,,
breeze,avgmonth_tmp,-0.11354977985399105,0.17824202272851852,,
pit,avgmonth_tmp,-0.11240571100732992,0.1582692083959047,,
needle,avgmonth_tmp,-0.11172349363199827,0.09544606745637971,,
difficulty,avgmonth_tmp,-0.11156877121296851,0.18665566410172002,,
alphabet,avgmonth_tmp,-0.1114377713230388,0.4696091752355345,,
evening,avgmonth_tmp,-0.11121722121214435,NA,"Model convergence problem; non-positive-definite Hessian matrix. See vignette('troubleshooting');Model convergence problem; singular convergence (7). See vignette('troubleshooting'), help('diagnose')",Model convergence problem; non-positive-definite Hessian matrix. See vignette('troubleshooting')
stroke,avgmonth_tmp,-0.11119990648156218,0.37229987864746594,,
air,avgmonth_tmp,-0.11068076914465129,0.007476873925723101,,
dislike,avgmonth_tmp,-0.10946523765153261,0.23990329588589634,,
room,avgmonth_tmp,-0.10911931046472786,0.13715920172317014,,
shovel,avgmonth_tmp,-0.1078133413103267,0.33487071227314413,,
gathering,avgmonth_tmp,-0.10744186349626605,NA,,Model convergence problem; non-positive-definite Hessian matrix. See vignette('troubleshooting')
steam,avgmonth_tmp,-0.10735347816877869,0.21967104927553266,,
future,avgmonth_tmp,-0.10734108359622428,0.0950669687515709,,
leather,avgmonth_tmp,-0.10666363113133075,0.25083963973309503,,
scent,avgmonth_tmp,-0.10643460856028,0.12245967712963932,,
quarter,avgmonth_tmp,-0.10613634281383655,0.3264480955962316,,
candle,avgmonth_tmp,-0.10608749295955273,0.40765748592998197,,
shoe,avgmonth_tmp,-0.10566009671617221,0.22078955020087057,,
smoke,avgmonth_tmp,-0.1054822588792828,0.037411919955727624,,
store,avgmonth_tmp,-0.10519900062326039,0.16754393352296132,,
agent,avgmonth_tmp,-0.10472946120122044,0.3031594887060306,,
ocean,avgmonth_tmp,-0.10464269207542551,0.35134976914521354,,
bar,avgmonth_tmp,-0.10433098424292181,0.3014436231321852,,
meat,avgmonth_tmp,-0.10379654880117678,0.1396933687865721,,
potato,avgmonth_tmp,-0.10275852791398088,0.3720367895626155,,
ink,avgmonth_tmp,-0.1026182868688175,0.4201595050671141,,
backbone,avgmonth_tmp,-0.10230453895262157,0.2983379758937321,,
horn,avgmonth_tmp,-0.10221026623395629,0.20240374635867137,,
fear,avgmonth_tmp,-0.10128288924778096,0.1498105141263842,,
purse,avgmonth_tmp,-0.10110297353193444,0.49795638676546805,,
pocket,avgmonth_tmp,-0.09980405639987311,0.2751463423482944,,
stream,avgmonth_tmp,-0.09966129881769921,0.37663328525483936,,
strand,avgmonth_tmp,-0.0995533365031947,0.4192723742192642,,
mouse,avgmonth_tmp,-0.09888147073071361,0.16505020094987763,,
guest,avgmonth_tmp,-0.09872624130351332,0.44117985832896833,,
gall,avgmonth_tmp,-0.09821906960356548,0.440752652154296,,
stab,avgmonth_tmp,-0.09769467613798406,0.21910601937838461,,
shield,avgmonth_tmp,-0.09700877356661824,0.4022550702423832,,
load,avgmonth_tmp,-0.09698867091812748,0.15009477617448208,,
opinion,avgmonth_tmp,-0.0962812318584478,0.3671985945633552,,
stagger,avgmonth_tmp,-0.09553213928632946,0.22022460773659938,,
ghost,avgmonth_tmp,-0.09483075097462121,0.30801267701667384,,
chin,avgmonth_tmp,-0.09405252315317698,0.10652039367316295,,
rot,avgmonth_tmp,-0.09354999692120508,0.40657301413642216,,
table,avgmonth_tmp,-0.09212478927122542,0.22320715509242248,,
west,avgmonth_tmp,-0.09191450432975187,0.2715675323207091,,
sand,avgmonth_tmp,-0.09191347977003919,0.2850861582243713,,
bell,avgmonth_tmp,-0.0919089378236567,0.30440209595734075,,
mushroom,avgmonth_tmp,-0.09104604849298081,0.5121143902461145,,
flea,avgmonth_tmp,-0.09006327946951233,0.31407830469640396,,
skull,avgmonth_tmp,-0.0891622464339319,0.09361416757849148,,
forest,avgmonth_tmp,-0.0891286222385124,0.45100172123784354,,
toy,avgmonth_tmp,-0.08884068292261794,0.3348296129576174,,
muscle,avgmonth_tmp,-0.08830371143668757,0.2778371954943027,,
glance,avgmonth_tmp,-0.08712073417106274,0.392475893891026,,
issue,avgmonth_tmp,-0.0864942883529849,0.42511922391241963,,
care,avgmonth_tmp,-0.08634809924308907,0.05025170227379833,,
hunter,avgmonth_tmp,-0.08627712690628433,0.4708459766782389,,
fold,avgmonth_tmp,-0.08599249607959794,0.23673162357329786,,
cross,avgmonth_tmp,-0.08475159755743969,0.05975337400593191,,
bump,avgmonth_tmp,-0.08464943825979339,0.39884971920795576,,
spoon,avgmonth_tmp,-0.08423090866012399,0.23642704776107798,,
power,avgmonth_tmp,-0.08421254529037432,0.22960343548125672,,
louse,avgmonth_tmp,-0.08335815725186295,0.36709564857724464,,
gun,avgmonth_tmp,-0.0833267330027796,0.39227308828128593,,
fun,avgmonth_tmp,-0.08301022419273409,0.3029886169299224,,
envy,avgmonth_tmp,-0.08253189809800364,0.4268527315238864,,
council,avgmonth_tmp,-0.08199559717756262,0.46485149597572123,,
glue,avgmonth_tmp,-0.081638882810564,0.3785011671901492,,
flag,avgmonth_tmp,-0.08134894129384868,0.4400473652525124,,
coast,avgmonth_tmp,-0.08104264783757324,0.6273627923996261,,
game,avgmonth_tmp,-0.08084013885402198,0.322912234139197,,
march,avgmonth_tmp,-0.08073545200115238,0.27260076987593435,,
kick,avgmonth_tmp,-0.0804334104080719,0.2560857434150132,,
strip,avgmonth_tmp,-0.08037202557334165,0.2602141048172293,,
church,avgmonth_tmp,-0.08034482357922959,0.5449371789943834,,
burden,avgmonth_tmp,-0.08016776282996757,0.3359195943523748,,
suit,avgmonth_tmp,-0.08007321189511553,0.5327650854011221,,
dream,avgmonth_tmp,-0.07987743278540735,0.1087301841409286,,
breath,avgmonth_tmp,-0.07901242547294406,0.13916792264345884,,
breathing,avgmonth_tmp,-0.07900470574283883,0.2804639084449049,,
brush,avgmonth_tmp,-0.07874316869594958,0.3904593301879006,,
habit,avgmonth_tmp,-0.07814353478171589,0.36847116624047876,,
print,avgmonth_tmp,-0.07761142646960277,0.4684055329464402,,
sky,avgmonth_tmp,-0.07740276503384101,0.23310948064192025,,
excrement,avgmonth_tmp,-0.07737109580380579,0.4251705918974881,,
burst,avgmonth_tmp,-0.07728373260975187,0.3340639397824598,,
apple,avgmonth_tmp,-0.07727069031917706,0.41729049546310487,,
urge,avgmonth_tmp,-0.0770047684150429,0.5036556899054792,,
grief,avgmonth_tmp,-0.07674168845795364,0.5612481347540663,,
thought,avgmonth_tmp,-0.0763063626004408,0.47613679391721253,,
comment,avgmonth_tmp,-0.07610836560797513,0.4712029368712686,,
bark,avgmonth_tmp,-0.07608197378280768,0.3486424908456732,,
connection,avgmonth_tmp,-0.07468208135331995,0.3735158846974343,,
iron,avgmonth_tmp,-0.07457179952808005,0.3082716136627381,,
spill,avgmonth_tmp,-0.07379107900431706,0.4429172214185604,,
hell,avgmonth_tmp,-0.07369244964594018,0.5751771160073521,"Model convergence problem; singular convergence (7). See vignette('troubleshooting'), help('diagnose')",
mouth,avgmonth_tmp,-0.07267662783855507,0.11990380558862371,,
flock,avgmonth_tmp,-0.07264958876105258,0.5098088412783479,,
band,avgmonth_tmp,-0.07259792497922667,0.37179680973076545,,
figure,avgmonth_tmp,-0.07256916786509296,0.5575725024554872,,
regret,avgmonth_tmp,-0.07228662403614053,0.5277689594322462,,
error,avgmonth_tmp,-0.07216380373394568,0.48891153609769333,,
thrust,avgmonth_tmp,-0.07147625471028052,0.5820496335381822,,
ash,avgmonth_tmp,-0.07105764199262929,0.24428386410607503,,
sleep,avgmonth_tmp,-0.07104688252739472,0.22466426101806403,,
tongue,avgmonth_tmp,-0.07071295919428187,0.11271877005773152,"Model convergence problem; singular convergence (7). See vignette('troubleshooting'), help('diagnose')",
plane,avgmonth_tmp,-0.07069705916240376,0.47088850420206996,,
knife,avgmonth_tmp,-0.07059788606720066,0.24254334906888245,,
series,avgmonth_tmp,-0.07053214346871087,0.4093091193012986,,
slice,avgmonth_tmp,-0.07022798797337121,0.4622882572399406,,
tape,avgmonth_tmp,-0.06973780055284662,0.6076292983494428,,
south,avgmonth_tmp,-0.06967408978172357,0.48289734738452844,,
nose,avgmonth_tmp,-0.06966840363651709,0.1597032631046315,,
usage,avgmonth_tmp,-0.06961415608066025,0.5550948742795149,,"failed to invert Hessian from numDeriv::jacobian(), falling back to internal vcov estimate"
belly,avgmonth_tmp,-0.06954514368633649,0.2975237708346111,,
pleasure,avgmonth_tmp,-0.06904598589556975,0.5725541435330566,,
route,avgmonth_tmp,-0.06876270347968626,NA,,Model convergence problem; non-positive-definite Hessian matrix. See vignette('troubleshooting')
distance,avgmonth_tmp,-0.06857605755678525,0.24565890055768957,,
bone,avgmonth_tmp,-0.06855967818749557,NA,Model convergence problem; non-positive-definite Hessian matrix. See vignette('troubleshooting'),
condition,avgmonth_tmp,-0.06820902399651596,NA,"Model convergence problem; singular convergence (7). See vignette('troubleshooting'), help('diagnose')",Model convergence problem; non-positive-definite Hessian matrix. See vignette('troubleshooting')
rim,avgmonth_tmp,-0.06783477236377072,0.6339619791533005,,
territory,avgmonth_tmp,-0.06721569494305632,0.48488098545769187,,"Model convergence problem; singular convergence (7). See vignette('troubleshooting'), help('diagnose')"
prick,avgmonth_tmp,-0.06716594402064263,0.3859793453373808,,
voice,avgmonth_tmp,-0.06660985968853216,0.32606671959443717,,
interest,avgmonth_tmp,-0.0664904354749761,0.43905496502646224,,
motion,avgmonth_tmp,-0.06608257838502296,0.550433952635649,,
bow,avgmonth_tmp,-0.06607535629447381,NA,Model convergence problem; non-positive-definite Hessian matrix. See vignette('troubleshooting'),
file,avgmonth_tmp,-0.06585698602871444,0.47015775244500235,,
history,avgmonth_tmp,-0.06557724995035857,0.541183640023227,,
guard,avgmonth_tmp,-0.06522210508495364,0.3602552773369988,,
grant,avgmonth_tmp,-0.06497002928955653,0.5713780679553627,,
owl,avgmonth_tmp,-0.06483095472248789,0.4430733691577614,,
tear,avgmonth_tmp,-0.06478275253532007,0.14254232400813044,,
second,avgmonth_tmp,-0.06473043870316311,0.35373502105385923,,
laughter,avgmonth_tmp,-0.06456181825826361,0.45717379127603713,,
relation,avgmonth_tmp,-0.06440388604044849,0.42873227497953836,,
hem,avgmonth_tmp,-0.06428885402142442,0.5060203160772314,,
party,avgmonth_tmp,-0.06427726301910792,0.4859245007592762,,
land,avgmonth_tmp,-0.06411732952983167,0.233704923724769,,
extension,avgmonth_tmp,-0.06359233212228685,NA,Model convergence problem; non-positive-definite Hessian matrix. See vignette('troubleshooting'),Model convergence problem; non-positive-definite Hessian matrix. See vignette('troubleshooting')
tongs,avgmonth_tmp,-0.06353346338148609,0.6329211533584861,,
thumb,avgmonth_tmp,-0.06304009163223935,0.26367092811266174,,
arm,avgmonth_tmp,-0.06293539420989415,0.22141558134535302,,
fork,avgmonth_tmp,-0.0625320722074149,0.3765560737191231,,
thigh,avgmonth_tmp,-0.0624515015716461,0.422665177771372,,
arrangement,avgmonth_tmp,-0.06240283651705938,0.5789639037040362,,
echo,avgmonth_tmp,-0.06230672844219214,0.6081961150497436,,
symbol,avgmonth_tmp,-0.06156097451283668,0.5472804654978842,,
hunger,avgmonth_tmp,-0.06106701439680504,0.3911912452637416,,
cream,avgmonth_tmp,-0.061032671244903955,0.6947668934891739,,
injury,avgmonth_tmp,-0.061011999295302946,0.5297045970618658,,
chop,avgmonth_tmp,-0.06075520610559874,0.5062923242780648,,
being,avgmonth_tmp,-0.060429387709133545,0.6095302908250784,,
shower,avgmonth_tmp,-0.06016189777196652,NA,Model convergence problem; non-positive-definite Hessian matrix. See vignette('troubleshooting'),
bag,avgmonth_tmp,-0.05920257495061663,0.4644850366630098,,
thanks,avgmonth_tmp,-0.059175484731758286,0.4857124330184801,,
report,avgmonth_tmp,-0.05810277201318777,0.4141249938689988,,
faith,avgmonth_tmp,-0.0580880581501761,0.6280508133291067,"Model convergence problem; singular convergence (7). See vignette('troubleshooting'), help('diagnose')",
clothes,avgmonth_tmp,-0.05791446747435631,NA,Model convergence problem; non-positive-definite Hessian matrix. See vignette('troubleshooting'),Model convergence problem; non-positive-definite Hessian matrix. See vignette('troubleshooting')
patch,avgmonth_tmp,-0.05744391498529813,0.4446719901331776,,
accident,avgmonth_tmp,-0.05737081929451188,0.49646829903077866,,
beginning,avgmonth_tmp,-0.05606333797212761,0.2861751129248978,,
flow,avgmonth_tmp,-0.055594244063268745,0.3478905860958948,,
cord,avgmonth_tmp,-0.0555928056645244,0.3440159896197252,"Model convergence problem; singular convergence (7). See vignette('troubleshooting'), help('diagnose')",
inch,avgmonth_tmp,-0.05543527009830843,0.6986365916945183,,
cheek,avgmonth_tmp,-0.05503406406968655,NA,Model convergence problem; non-positive-definite Hessian matrix. See vignette('troubleshooting'),"Model convergence problem; singular convergence (7). See vignette('troubleshooting'), help('diagnose')"
curve,avgmonth_tmp,-0.05488452692233333,0.5606301545373106,,
puff,avgmonth_tmp,-0.05483707212385834,NA,Model convergence problem; non-positive-definite Hessian matrix. See vignette('troubleshooting'),
wave,avgmonth_tmp,-0.05443526105832017,0.4283731540563048,,
pity,avgmonth_tmp,-0.05356975493900822,NA,Model convergence problem; non-positive-definite Hessian matrix. See vignette('troubleshooting'),
bank,avgmonth_tmp,-0.053556047664444995,0.448007547145784,,
team,avgmonth_tmp,-0.05294841790803545,0.6089333563913921,,
structure,avgmonth_tmp,-0.0529030505733258,0.5932394615920837,"Model convergence problem; singular convergence (7). See vignette('troubleshooting'), help('diagnose')","Model convergence problem; singular convergence (7). See vignette('troubleshooting'), help('diagnose')"
division,avgmonth_tmp,-0.05278540326445776,0.5890056330921978,,
sorrow,avgmonth_tmp,-0.05232629756940819,0.6233644822561603,,
wing,avgmonth_tmp,-0.05185781504790918,0.36413165649427187,,
drill,avgmonth_tmp,-0.05172449603857205,0.6753315424309349,,
loan,avgmonth_tmp,-0.05159845942879775,0.6542428748767493,,
foundation,avgmonth_tmp,-0.0514690220620653,0.65729826364950406,,
knee,avgmonth_tmp,-0.05130818664831497,0.3652245342240562,,
agreement,avgmonth_tmp,-0.051001498849363815,0.5633149495391958,,
health,avgmonth_tmp,-0.050821888041074285,0.5109056339139361,,
train,avgmonth_tmp,-0.05031163259074425,0.6441968950614513,,
space,avgmonth_tmp,-0.05016757131883744,0.4781217951480052,,
surface,avgmonth_tmp,-0.04972734858608095,0.5699810460866754,,
devil,avgmonth_tmp,-0.049637441917960844,0.7057157111931043,,
pattern,avgmonth_tmp,-0.04960634965182816,0.5748222781899791,,
scratch,avgmonth_tmp,-0.049491263910022135,0.4378538384455534,,
moment,avgmonth_tmp,-0.04871543296622403,0.6269796827452659,,
bandage,avgmonth_tmp,-0.0486457125820009,0.488114430340148,,
property,avgmonth_tmp,-0.04860552463321712,0.6405959644382426,,
bench,avgmonth_tmp,-0.048378347984603456,0.6733616754488896,,
progress,avgmonth_tmp,-0.0473360288433845,0.6279557740197568,,
vehicle,avgmonth_tmp,-0.04697130504913272,0.6918515210289896,,
doorway,avgmonth_tmp,-0.04671448652507084,0.675390518077761,,
jerk,avgmonth_tmp,-0.04644873380563922,0.6769708843869295,,
boat,avgmonth_tmp,-0.046076323223011924,0.6924359027580156,,
pine,avgmonth_tmp,-0.04605793672010978,0.7275288701402213,,
hole,avgmonth_tmp,-0.04603997281065626,0.42529823110794573,,
kiss,avgmonth_tmp,-0.045689191506043496,NA,Model convergence problem; non-positive-definite Hessian matrix. See vignette('troubleshooting'),Model convergence problem; non-positive-definite Hessian matrix. See vignette('troubleshooting')
trap,avgmonth_tmp,-0.04470117907705566,0.6226654783215234,,
repair,avgmonth_tmp,-0.04443934219615444,0.5980405390285247,,
hand,avgmonth_tmp,-0.043512748296268756,0.29076668027605274,,
presence,avgmonth_tmp,-0.042189007392823004,0.6401388442299027,,
visit,avgmonth_tmp,-0.042071364421314934,0.5408520486171986,,
storm,avgmonth_tmp,-0.04155605322389666,0.45708627257404566,,"failed to invert Hessian from numDeriv::jacobian(), falling back to internal vcov estimate"
teaching,avgmonth_tmp,-0.04150641401816092,NA,,"Model convergence problem; non-positive-definite Hessian matrix. See vignette('troubleshooting');Model convergence problem; singular convergence (7). See vignette('troubleshooting'), help('diagnose')"
neck,avgmonth_tmp,-0.041418261287085194,0.35394764131868356,,
hat,avgmonth_tmp,-0.04120675099386799,0.6770726730274828,,
dot,avgmonth_tmp,-0.041115989705324284,0.7482339293270764,,
duck,avgmonth_tmp,-0.040774426384163634,0.6096919151893269,,
protection,avgmonth_tmp,-0.0402816235476931,0.692318029263022,,
partner,avgmonth_tmp,-0.04022325410001614,NA,Model convergence problem; non-positive-definite Hessian matrix. See vignette('troubleshooting'),Model convergence problem; non-positive-definite Hessian matrix. See vignette('troubleshooting')
aspect,avgmonth_tmp,-0.03969533577463113,0.6981242733208081,,
tail,avgmonth_tmp,-0.038739372107947215,0.5056683363644416,,
company,avgmonth_tmp,-0.0384904683672439,0.6955796886315115,,
leak,avgmonth_tmp,-0.03843197743984459,0.6154569501124167,,
chest,avgmonth_tmp,-0.038285562972182594,0.5219947237650246,,
neighbor,avgmonth_tmp,-0.03825507641267216,0.7050184588341254,,
society,avgmonth_tmp,-0.03808805184731149,0.7734412460164996,,
floor,avgmonth_tmp,-0.03801869403497552,0.6615388171584505,,
channel,avgmonth_tmp,-0.037896940685912955,0.7621860193861342,,
braid,avgmonth_tmp,-0.03761905050351655,0.7169885076131073,,
smile,avgmonth_tmp,-0.03711599416000897,0.6080416366473503,,
rule,avgmonth_tmp,-0.03691364384916585,0.661312669366418,,
fire,avgmonth_tmp,-0.03682582868672089,0.5351585126337621,,
wheel,avgmonth_tmp,-0.03592782246728761,0.7086031935406171,,
feather,avgmonth_tmp,-0.03567888799064783,0.5799201509999469,,
gift,avgmonth_tmp,-0.03509725993096229,0.6988046896464295,,
cry,avgmonth_tmp,-0.03456939596403807,0.6815435735152628,,
forehead,avgmonth_tmp,-0.034542499021186876,0.4872516920480303,,
cloud,avgmonth_tmp,-0.03449697814959548,0.570097995664804,,
intention,avgmonth_tmp,-0.03394277091587417,0.746749655355148,,
tone,avgmonth_tmp,-0.033898057138209384,0.8690780516508908,,
east,avgmonth_tmp,-0.03359857194684802,0.6601789420433591,,
row,avgmonth_tmp,-0.03350366854460274,0.6633059994523309,,
reason,avgmonth_tmp,-0.03324963927725596,NA,Model convergence problem; non-positive-definite Hessian matrix. See vignette('troubleshooting'),Model convergence problem; non-positive-definite Hessian matrix. See vignette('troubleshooting')
fat,avgmonth_tmp,-0.0327520218725942,0.6096469277518283,,
tobacco,avgmonth_tmp,-0.03209237007093224,0.7368233034449321,,
importance,avgmonth_tmp,-0.031885872975540935,1,"Model convergence problem; singular convergence (7). See vignette('troubleshooting'), help('diagnose')","Model convergence problem; singular convergence (7). See vignette('troubleshooting'), help('diagnose')"
foam,avgmonth_tmp,-0.03172789998159071,NA,Model convergence problem; non-positive-definite Hessian matrix. See vignette('troubleshooting'),
page,avgmonth_tmp,-0.031557741459063704,1,,
sweat,avgmonth_tmp,-0.03129408892370518,0.6409310069764287,,
bruise,avgmonth_tmp,-0.030874264843165602,0.6571749443407278,,
ear,avgmonth_tmp,-0.030783897499713775,0.4921538074584249,,
treatment,avgmonth_tmp,-0.03037399503324351,NA,Model convergence problem; non-positive-definite Hessian matrix. See vignette('troubleshooting'),Model convergence problem; non-positive-definite Hessian matrix. See vignette('troubleshooting')
button,avgmonth_tmp,-0.030345494149013795,0.7530096878365887,,
island,avgmonth_tmp,-0.03018447454240083,0.8719023857553366,,
splash,avgmonth_tmp,-0.030132593730247646,0.7433329420246346,,
equivalent,avgmonth_tmp,-0.03002571109136466,0.6693483197853475,,
polish,avgmonth_tmp,-0.02997736848547066,0.7397103447076088,,
paw,avgmonth_tmp,-0.029773765123229292,NA,Model convergence problem; non-positive-definite Hessian matrix. See vignette('troubleshooting'),
nipple,avgmonth_tmp,-0.0294866530037,NA,Model convergence problem; non-positive-definite Hessian matrix. See vignette('troubleshooting'),"failed to invert Hessian from numDeriv::jacobian(), falling back to internal vcov estimate"
heat,avgmonth_tmp,-0.02931139738161129,0.5768165169227678,,
revenge,avgmonth_tmp,-0.02903207891597224,0.7538689275284334,,
nod,avgmonth_tmp,-0.028857360746790652,NA,,"Model convergence problem; non-positive-definite Hessian matrix. See vignette('troubleshooting');Model convergence problem; singular convergence (7). See vignette('troubleshooting'), help('diagnose')"
stranger,avgmonth_tmp,-0.028655143384422106,0.7705330321005325,,
dirt,avgmonth_tmp,-0.027930248697375242,0.6612469317121399,,
exercise,avgmonth_tmp,-0.027745847505349523,0.7853127988838257,,
portion,avgmonth_tmp,-0.02763694404052537,0.7639247001128919,,
payment,avgmonth_tmp,-0.027383479387170777,0.8057856661020099,,
intestine,avgmonth_tmp,-0.02708603554147993,0.7048552784908948,,
force,avgmonth_tmp,-0.026782317871704046,0.6989760713406025,,
dwarf,avgmonth_tmp,-0.026600703192495544,0.8231078216725017,,
border,avgmonth_tmp,-0.0264726141374714,0.7709612855195449,,
fight,avgmonth_tmp,-0.02616594716116939,0.659314939568438,,
liver,avgmonth_tmp,-0.02605141977415762,0.6660884850516634,,
memory,avgmonth_tmp,-0.02585037803208753,0.7982226777962421,,
nail,avgmonth_tmp,-0.025776653959503192,0.542955005118241,,
age,avgmonth_tmp,-0.02557986367126237,0.6379438673620862,,
site,avgmonth_tmp,-0.025567040515073025,0.8196586233834717,,
abuse,avgmonth_tmp,-0.025123705080877128,0.839412252064177,,
spade,avgmonth_tmp,-0.024947943198656276,0.816248139540245,,
happiness,avgmonth_tmp,-0.024243652291937895,0.8145124022604662,,
tune,avgmonth_tmp,-0.024237693116957046,0.8489570770251099,,
basin,avgmonth_tmp,-0.023836414264312142,0.8354099688067217,,
bite,avgmonth_tmp,-0.023692700476458956,0.6878180786341096,,
scissors,avgmonth_tmp,-0.023679604518577643,0.8375186427627728,,
grass,avgmonth_tmp,-0.023561944380142363,0.7494266468817731,,
stripe,avgmonth_tmp,-0.023447242091040415,0.8000594708978785,,
effort,avgmonth_tmp,-0.022698166949381846,0.8097948196980402,,
exchange,avgmonth_tmp,-0.02255011495185593,0.739843138153696,,
discussion,avgmonth_tmp,-0.02230017284510861,0.7849936460862625,,
laugh,avgmonth_tmp,-0.022059502604832713,0.7300837769123012,,
event,avgmonth_tmp,-0.021414519410831744,0.7865117692687654,,
grandmother,avgmonth_tmp,-0.020895184703543044,0.8231076650017252,,
story,avgmonth_tmp,-0.02083985545875923,0.8072196226418822,,
grip,avgmonth_tmp,-0.02062542305984953,0.8325737258695769,,
misfortune,avgmonth_tmp,-0.02021879155309223,0.843496920458239,,
cure,avgmonth_tmp,-0.020072533463909487,0.8127106060935365,,
bloom,avgmonth_tmp,-0.019762728661975048,0.8220178325943898,,
process,avgmonth_tmp,-0.01951095920022343,NA,"Model convergence problem; singular convergence (7). See vignette('troubleshooting'), help('diagnose')",Model convergence problem; non-positive-definite Hessian matrix. See vignette('troubleshooting')
danger,avgmonth_tmp,-0.01915954645082965,0.8504693671882703,,
news,avgmonth_tmp,-0.018516911673740387,0.8280315099873394,,
wall,avgmonth_tmp,-0.018414397863609377,0.7975674041134774,,
shin,avgmonth_tmp,-0.018091141843491688,0.8590567073195442,,
origin,avgmonth_tmp,-0.017189568616436075,0.8524100909080529,,
praise,avgmonth_tmp,-0.016906362584490606,0.8643829583164712,,
balance,avgmonth_tmp,-0.01684674681687581,NA,Model convergence problem; non-positive-definite Hessian matrix. See vignette('troubleshooting'),
jam,avgmonth_tmp,-0.01678219751082345,0.9021875345563559,,
situation,avgmonth_tmp,-0.01673145107627291,0.5865724535835176,,
hip,avgmonth_tmp,-0.01642028752163843,0.840043436151746,,
sack,avgmonth_tmp,-0.016330476181005183,0.8760515024358971,,
thread,avgmonth_tmp,-0.016321300078569863,0.8482300008645298,,
construction,avgmonth_tmp,-0.016102133385526924,0.8631817172422326,,
approach,avgmonth_tmp,-0.015865403751023466,0.8390533803628488,,
pair,avgmonth_tmp,-0.015839534965796022,0.830394564808618,,
brain,avgmonth_tmp,-0.015823765864047098,0.791352452389506,,
oath,avgmonth_tmp,-0.01508964579347657,0.9058092618615889,,
friendship,avgmonth_tmp,-0.015054023679102652,0.9035989217748739,,
purpose,avgmonth_tmp,-0.014930303811340515,NA,Model convergence problem; non-positive-definite Hessian matrix. See vignette('troubleshooting'),
chip,avgmonth_tmp,-0.014842504540788554,0.8698561144745763,,
water,avgmonth_tmp,-0.014837271171861363,0.7361443414847711,,
student,avgmonth_tmp,-0.014020133275306495,0.9106295581780148,,
slap,avgmonth_tmp,-0.013873133645724496,0.8939494284253514,,
war,avgmonth_tmp,-0.013725007476982203,0.8689591959480194,,
skill,avgmonth_tmp,-0.013261799459780423,NA,Model convergence problem; non-positive-definite Hessian matrix. See vignette('troubleshooting'),
bait,avgmonth_tmp,-0.013156535819861079,0.9083449423918817,,
advice,avgmonth_tmp,-0.012975151162325454,0.8696507384526542,,
cluster,avgmonth_tmp,-0.012818056770939848,NA,Model convergence problem; non-positive-definite Hessian matrix. See vignette('troubleshooting'),
orphan,avgmonth_tmp,-0.01242170560564615,NA,Model convergence problem; non-positive-definite Hessian matrix. See vignette('troubleshooting'),
growl,avgmonth_tmp,-0.012412766027305394,0.9101908621832453,,
spell,avgmonth_tmp,-0.012199213477712273,0.9110118483394009,,
timber,avgmonth_tmp,-0.01192583321595683,0.9352873953136542,,
boundary,avgmonth_tmp,-0.011762289302004054,0.9032110826705777,,
staff,avgmonth_tmp,-0.01175192971772082,0.9229784097031961,,
rash,avgmonth_tmp,-0.011703502533782264,0.6513004553393703,,"Model convergence problem; singular convergence (7). See vignette('troubleshooting'), help('diagnose')"
enemy,avgmonth_tmp,-0.011607514296432912,0.9101799899061395,,
ship,avgmonth_tmp,-0.011284307027394424,0.9388368150120646,,
earth,avgmonth_tmp,-0.010900257039879154,0.8716172506404279,,
squirrel,avgmonth_tmp,-0.010692699135436416,0.9415167033567174,,
mill,avgmonth_tmp,-0.010565731624172837,0.9482246168540224,,
heart,avgmonth_tmp,-0.009666670240700897,0.8700801109836854,,
pressure,avgmonth_tmp,-0.009513636680423987,0.9039774141516194,,
towel,avgmonth_tmp,-0.009360095819120897,0.9117252104155513,,
district,avgmonth_tmp,-0.009333420723055659,0.950948339002129,,
country,avgmonth_tmp,-0.009201535863337733,0.9225211635073749,,
explanation,avgmonth_tmp,-0.009196895818247081,0.9158009226125814,,
cup,avgmonth_tmp,-0.00905818348555076,0.8896935570175148,,
comfort,avgmonth_tmp,-0.008951969561970355,0.9326822167157957,,
lip,avgmonth_tmp,-0.00875851162008208,0.8650461657609758,,
ram,avgmonth_tmp,-0.008614763288565707,0.9570150500448212,,
source,avgmonth_tmp,-0.008439455109476949,0.9047530548153186,,
corner,avgmonth_tmp,-0.008096549793229288,0.876189722326137,,
pillow,avgmonth_tmp,-0.007992064595351915,0.9316972826223012,,
quarrel,avgmonth_tmp,-0.007784716560047358,0.9318100383059904,,
rest,avgmonth_tmp,-0.007752474745289712,0.8791460812342409,,
copy,avgmonth_tmp,-0.007455741525562626,0.9107227185222205,,
leg,avgmonth_tmp,-0.007426367254899122,0.9007224011524939,,
reference,avgmonth_tmp,-0.007119548969887352,0.9526105589982081,,
soil,avgmonth_tmp,-0.006792582161333822,0.9398494786363947,,
bolt,avgmonth_tmp,-0.006739341536233303,0.9504663201950875,,
claw,avgmonth_tmp,-0.006035247423940972,0.9306424273319008,,
pinch,avgmonth_tmp,-0.004933592182981585,0.9444304084886814,,
development,avgmonth_tmp,-0.004110753082242472,NA,"Model convergence problem; non-positive-definite Hessian matrix. See vignette('troubleshooting');Model convergence problem; singular convergence (7). See vignette('troubleshooting'), help('diagnose')",
creature,avgmonth_tmp,-0.0032909526851659866,0.9644519420097466,,
delay,avgmonth_tmp,-0.002695374404612283,0.9790986950655581,,
fence,avgmonth_tmp,-0.002637561519100714,0.976040119609293,,
pad,avgmonth_tmp,-0.0025252537435006624,0.9817984905917093,,
fireplace,avgmonth_tmp,-0.0020722977683366724,0.9865350650821554,,
smoking,avgmonth_tmp,-0.002017235084780714,0.9821278835827292,,
trip,avgmonth_tmp,-0.00182503151461991,0.9818751158318512,,
mistake,avgmonth_tmp,-0.0013704742364443931,0.9797263899964049,,
eye,avgmonth_tmp,-0.0013508919614935286,0.9710742976887851,,
kin,avgmonth_tmp,-0.0010910571785679626,0.9938284104419737,,
seat,avgmonth_tmp,-9.752557041020891e-4,0.9892775235919343,,
beer,avgmonth_tmp,-7.107309358034262e-4,0.9965859244172306,,
tendon,avgmonth_tmp,-4.3878267694938265e-4,0.9973330432161119,,
arrival,avgmonth_tmp,-2.000114230803748e-4,0.9987284099221553,,
bear,avgmonth_tmp,-7.767406494518053e-5,1,,
twig,avgmonth_tmp,0.0010471204860440528,NA,,NA/NaN function evaluation;NA/NaN function evaluation;Model convergence problem; non-positive-definite Hessian matrix. See vignette('troubleshooting')
finger,avgmonth_tmp,0.0013613881577467,NA,Model convergence problem; non-positive-definite Hessian matrix. See vignette('troubleshooting'),
string,avgmonth_tmp,0.0014164789392337531,0.9838732869809552,,
milk,avgmonth_tmp,0.0014999860925490596,0.9852248421141412,,
occasion,avgmonth_tmp,0.0015572354900383252,0.9859906616652911,,
whisper,avgmonth_tmp,0.0015830146281228174,0.9765869040513843,,
limp,avgmonth_tmp,0.0016712694781605252,0.982159815329517,,NA/NaN function evaluation
dust,avgmonth_tmp,0.0017832950620152795,0.9730592466721365,,
attention,avgmonth_tmp,0.001820006128151544,0.9756749567263957,,
whistle,avgmonth_tmp,0.002160988871024846,0.9737915194851563,,
weapon,avgmonth_tmp,0.004407690881355961,0.9377618638271749,,
soot,avgmonth_tmp,0.004433953225960529,0.9578528218044615,,
gravel,avgmonth_tmp,0.004558469866312099,0.9526892455025575,,
warrior,avgmonth_tmp,0.004811621354910712,0.973079243762683,,
question,avgmonth_tmp,0.00549111293392081,0.9082232891842017,,
map,avgmonth_tmp,0.005794891383039827,0.9584099415592452,,"Model convergence problem; singular convergence (7). See vignette('troubleshooting'), help('diagnose')"
waste,avgmonth_tmp,0.005945593046138132,0.9460989499213172,,
relationship,avgmonth_tmp,0.00606359185483054,0.9504416203730737,,
tube,avgmonth_tmp,0.006360116168466802,0.9516420355049003,,
pipe,avgmonth_tmp,0.006513315324359931,0.9396782057948985,,
pile,avgmonth_tmp,0.00688129862562887,0.9198136969296805,,
witness,avgmonth_tmp,0.0070121581471386555,0.9460460516928723,,
scar,avgmonth_tmp,0.00711832116716508,0.9332806232659197,,
joint,avgmonth_tmp,0.007245282223254472,0.9310518875170302,,
stink,avgmonth_tmp,0.007402765349059101,0.9448653165429772,,
clock,avgmonth_tmp,0.007609423386959732,0.9503046760674052,,
angel,avgmonth_tmp,0.007813680587089835,0.944126594090567,,
angle,avgmonth_tmp,0.007993290467888268,0.9315609242970961,,
pole,avgmonth_tmp,0.008118357238896392,0.9115531465305498,,
stack,avgmonth_tmp,0.009199408682404379,0.9568380611526834,,
match,avgmonth_tmp,0.009252134978802985,0.8839128058726032,,
demand,avgmonth_tmp,0.009750798329451405,0.9398423502013816,,
toilet,avgmonth_tmp,0.009962038649476715,0.9406737997080614,,
contact,avgmonth_tmp,0.010235582176068013,0.8892428103090045,,
interior,avgmonth_tmp,0.010353140295723448,0.9284691137472783,,
elbow,avgmonth_tmp,0.010419331205290438,0.8793311711585261,,
sunrise,avgmonth_tmp,0.010692253485844412,0.9090650245174302,,
exclamation,avgmonth_tmp,0.011062351598073752,0.9421370527102214,,
aim,avgmonth_tmp,0.011305312815171087,0.8946256358743832,,
hen,avgmonth_tmp,0.011363265458679734,0.9046290259579827,,
region,avgmonth_tmp,0.01141394748153629,0.9136764651198847,,
conversation,avgmonth_tmp,0.011526618001216469,0.8800456393211248,,
cat,avgmonth_tmp,0.011934031653534875,0.875363347981469,,
chair,avgmonth_tmp,0.012188881816592261,0.8860440507219195,,
taste,avgmonth_tmp,0.012225879496865657,0.8295883717144922,,
feeling,avgmonth_tmp,0.01233834164639848,0.864264085603329,,
rust,avgmonth_tmp,0.012626003829184232,0.882232333182574,,
beach,avgmonth_tmp,0.012814649765951933,0.9520226313282062,,
hair,avgmonth_tmp,0.012900544920899717,0.7705155557481873,,
rag,avgmonth_tmp,0.013001602983929253,0.8945250137252884,,
effect,avgmonth_tmp,0.013158291734204663,0.8842637746979487,,
rope,avgmonth_tmp,0.013827492616501902,0.8178253155978975,,
eyelash,avgmonth_tmp,0.013921791376317605,0.9050257142813379,,
university,avgmonth_tmp,0.014007174921021664,0.9206524797571298,,
companion,avgmonth_tmp,0.014196841846581296,0.8952729725373272,,
span,avgmonth_tmp,0.014853070432922087,0.927957774957972,,
paddle,avgmonth_tmp,0.015389378682744561,0.919071869112314,,
earthquake,avgmonth_tmp,0.015559159042838997,0.864788359747524,,
pebble,avgmonth_tmp,0.015581875063512237,NA,"Model convergence problem; singular convergence (7). See vignette('troubleshooting'), help('diagnose')",Model convergence problem; non-positive-definite Hessian matrix. See vignette('troubleshooting')
bull,avgmonth_tmp,0.01573002387883069,0.8793133946540063,,
trick,avgmonth_tmp,0.015742077213680438,0.8511207141097655,,
influence,avgmonth_tmp,0.0163598871125565,0.8678119298227382,,
bush,avgmonth_tmp,0.016419671569387798,0.8759724431018261,,
lock,avgmonth_tmp,0.01667780542505817,0.8096529805467023,,
basis,avgmonth_tmp,0.017489911897247926,NA,"Model convergence problem; singular convergence (7). See vignette('troubleshooting'), help('diagnose')","Model convergence problem; non-positive-definite Hessian matrix. See vignette('troubleshooting');Model convergence problem; singular convergence (7). See vignette('troubleshooting'), help('diagnose')"
weight,avgmonth_tmp,0.018016027204208522,0.7570660005661632,,
crown,avgmonth_tmp,0.018187863042374516,0.770719165461662,,
learning,avgmonth_tmp,0.018259007658952362,0.8072081914807828,,
roar,avgmonth_tmp,0.018637063126891732,NA,,Model convergence problem; non-positive-definite Hessian matrix. See vignette('troubleshooting')
messenger,avgmonth_tmp,0.019113794577900738,0.8484240372781716,,
spit,avgmonth_tmp,0.0192368901006298,0.7541208872364525,,
sweep,avgmonth_tmp,0.01935324288663447,0.6545789811481785,,
target,avgmonth_tmp,0.019365276960890968,0.7973533633016247,,
lid,avgmonth_tmp,0.01983279198144534,0.7932069646028146,,
car,avgmonth_tmp,0.020232851420164708,0.8871683297987725,,
share,avgmonth_tmp,0.020309819723103067,0.7908356675867865,,
pet,avgmonth_tmp,0.020323845604738346,0.8670565876764502,,
length,avgmonth_tmp,0.020520600120977395,0.7888617333018283,,
unit,avgmonth_tmp,0.0206562380786841,0.8459672645085892,,
spouse,avgmonth_tmp,0.020682176728940814,0.8949685270589578,,
bill,avgmonth_tmp,0.020855913420947666,0.8712721746542972,,
knot,avgmonth_tmp,0.021211500505023587,0.7732763784059906,,
peace,avgmonth_tmp,0.021587302730970682,0.8215482733790004,,
shoulder,avgmonth_tmp,0.02177383260947057,0.8233170405663726,,
evil,avgmonth_tmp,0.02210234163314338,0.8037362112429516,,
plate,avgmonth_tmp,0.022126936634185534,0.7863636144783991,,
swarm,avgmonth_tmp,0.02217307342346867,NA,Model convergence problem; non-positive-definite Hessian matrix. See vignette('troubleshooting'),
book,avgmonth_tmp,0.022224944375364552,0.7469845377018154,,
luck,avgmonth_tmp,0.022880016225498484,0.8287368993192785,,
shirt,avgmonth_tmp,0.023162407899382783,0.8255264789129447,,
lady,avgmonth_tmp,0.023314880119920767,0.8794657769064743,,
greeting,avgmonth_tmp,0.023736642688196457,0.8272367462025464,,
tag,avgmonth_tmp,0.023787213918741976,0.8697141708836108,,
one,avgmonth_tmp,0.023932458059298813,0.8154408007369975,,
contribution,avgmonth_tmp,0.02396910076301152,0.8106026859555941,,
deposit,avgmonth_tmp,0.02406707248669498,0.8323593183395115,,
dam,avgmonth_tmp,0.02411118112877758,0.8531976472765282,,
glass,avgmonth_tmp,0.024176075785377265,0.7506375520084384,,
shiver,avgmonth_tmp,0.02438570107332502,0.6706388714381533,"Model convergence problem; singular convergence (7). See vignette('troubleshooting'), help('diagnose')","Model convergence problem; singular convergence (7). See vignette('troubleshooting'), help('diagnose')"
overflow,avgmonth_tmp,0.024638749666373447,0.7304641759346898,,
patience,avgmonth_tmp,0.024784522549950012,0.8351142747023264,,
like,avgmonth_tmp,0.02489954854525746,0.6154325205584357,,
tie,avgmonth_tmp,0.025063128668248454,0.6692431062128349,,
swell,avgmonth_tmp,0.025560811719140087,0.6704008107597225,,
shadow,avgmonth_tmp,0.025612280550810385,0.6682689380503033,,
drink,avgmonth_tmp,0.025991687571443645,0.610234863187996,,
answer,avgmonth_tmp,0.0264411000278734,0.6965908602183056,,
coal,avgmonth_tmp,0.026446890443603422,0.746341023595701,,
religion,avgmonth_tmp,0.02676795908185433,0.8182254954800259,,
hoe,avgmonth_tmp,0.027011337653146752,0.9036256355881548,,
whip,avgmonth_tmp,0.02724076659449731,0.7573226735381029,,
yawn,avgmonth_tmp,0.027466024214814037,0.6841420802407778,,
soup,avgmonth_tmp,0.02788699281101453,0.8177573298547185,,
wrist,avgmonth_tmp,0.028164771099080135,0.6754080888864817,,
stump,avgmonth_tmp,0.028241059355052046,NA,,Model convergence problem; non-positive-definite Hessian matrix. See vignette('troubleshooting')
fault,avgmonth_tmp,0.028456700487202957,0.7915911975867899,,
lung,avgmonth_tmp,0.02881226588024623,0.691726389113902,,
characteristic,avgmonth_tmp,0.028812735150075246,NA,Model convergence problem; non-positive-definite Hessian matrix. See vignette('troubleshooting'),
value,avgmonth_tmp,0.028900307157971896,0.7061149430539516,,
passage,avgmonth_tmp,0.02944434137422386,0.7777393383794048,,
ride,avgmonth_tmp,0.029977736277001156,0.8089843352179277,,
sip,avgmonth_tmp,0.030339589685341097,NA,,Model convergence problem; non-positive-definite Hessian matrix. See vignette('troubleshooting')
sun,avgmonth_tmp,0.030416900500186313,0.555489303474723,,
cave,avgmonth_tmp,0.03055348691047547,0.6848914281169086,,
width,avgmonth_tmp,0.03060494766224372,0.7524058855414772,,
salt,avgmonth_tmp,0.030965502064778536,0.5094410017141445,,
queen,avgmonth_tmp,0.031225849101192544,0.7657795238567073,,
thirst,avgmonth_tmp,0.03131963293460708,0.720745178850398,,
quantity,avgmonth_tmp,0.03169086177977721,0.7544088161100687,,
statement,avgmonth_tmp,0.03209596452224998,NA,"Model convergence problem; singular convergence (7). See vignette('troubleshooting'), help('diagnose')",Model convergence problem; non-positive-definite Hessian matrix. See vignette('troubleshooting')
harm,avgmonth_tmp,0.032349022592927164,0.7290485025798391,,
publication,avgmonth_tmp,0.032388089888864255,0.7934724382538301,,
excuse,avgmonth_tmp,0.03256447044138888,0.7373994615918653,,
fright,avgmonth_tmp,0.032991552231216144,NA,Model convergence problem; non-positive-definite Hessian matrix. See vignette('troubleshooting'),Model convergence problem; non-positive-definite Hessian matrix. See vignette('troubleshooting')
reward,avgmonth_tmp,0.03307748958112309,0.7741263250711794,,
dawn,avgmonth_tmp,0.03332118354617274,0.556405953841679,,
deed,avgmonth_tmp,0.03361022845173962,0.8277412993919191,,
idea,avgmonth_tmp,0.03419261277680586,0.6740873440573742,,
ladder,avgmonth_tmp,0.03425732322711028,0.599272484944956,,
guide,avgmonth_tmp,0.034313797637507054,0.6250506668709858,,
wake,avgmonth_tmp,0.034393137280993656,0.6340369751066431,,
penis,avgmonth_tmp,0.03499354164103575,0.7201361266624885,,
quality,avgmonth_tmp,0.0356126258090961,0.6958155208405935,,
death,avgmonth_tmp,0.03589602763549165,0.59496820573782,,
hum,avgmonth_tmp,0.03611867752042676,1,,
gossip,avgmonth_tmp,0.03655189550757859,0.6464080502679261,,
hut,avgmonth_tmp,0.03675279733626324,0.7946070894944836,,
path,avgmonth_tmp,0.03714652786181778,0.6696321504889596,,
handful,avgmonth_tmp,0.03715219403266099,0.7614373628762932,,
vein,avgmonth_tmp,0.03779300014840092,0.5465405342865863,,
fashion,avgmonth_tmp,0.03796431066211615,NA,"Model convergence problem; non-positive-definite Hessian matrix. See vignette('troubleshooting');Model convergence problem; singular convergence (7). See vignette('troubleshooting'), help('diagnose')","Model convergence problem; singular convergence (7). See vignette('troubleshooting'), help('diagnose')"
trade,avgmonth_tmp,0.03797032326170713,0.7028582518279283,,
growth,avgmonth_tmp,0.038437458593443566,0.6968627322181943,,
anger,avgmonth_tmp,0.03863018470122311,0.6064560592407953,,
sieve,avgmonth_tmp,0.03970639321118137,0.7334392659459739,,
bowl,avgmonth_tmp,0.039994807660919486,0.5188771524345865,,"Model convergence problem; singular convergence (7). See vignette('troubleshooting'), help('diagnose')"
goodness,avgmonth_tmp,0.040341290869290954,0.6886495637468779,,
movement,avgmonth_tmp,0.04052735546850563,0.580199564595432,,
transport,avgmonth_tmp,0.04065963393497343,NA,"Model convergence problem; non-positive-definite Hessian matrix. See vignette('troubleshooting');Model convergence problem; false convergence (8). See vignette('troubleshooting'), help('diagnose')","Model convergence problem; non-positive-definite Hessian matrix. See vignette('troubleshooting');Model convergence problem; singular convergence (7). See vignette('troubleshooting'), help('diagnose')"
mother-in-law,avgmonth_tmp,0.04074449919605864,0.6936683454609637,,
moon,avgmonth_tmp,0.040873530063744404,0.42418975744358384,,
lap,avgmonth_tmp,0.04124755701725667,0.7657030859333291,,
affection,avgmonth_tmp,0.0417895742777942,0.6818777920756695,,
flesh,avgmonth_tmp,0.041886503905005694,0.5993730472806921,,
item,avgmonth_tmp,0.042140693893782506,0.6895078213332455,,
existence,avgmonth_tmp,0.042162700064943354,0.7071954690047106,,
smear,avgmonth_tmp,0.04229784942238425,0.7226188945851291,,
sum,avgmonth_tmp,0.04278729404662884,0.7966239888752409,,
basket,avgmonth_tmp,0.043336867018014036,0.6878376665157259,,
substitute,avgmonth_tmp,0.043617713478078406,0.6866705301531725,,
nurse,avgmonth_tmp,0.04389224188746803,0.5395122264952414,,
dusk,avgmonth_tmp,0.0442810341295732,0.4895565283196271,,
bubble,avgmonth_tmp,0.04454416376299433,0.5494241912224826,,
flour,avgmonth_tmp,0.04473494593126099,0.6380059829202794,,
divide,avgmonth_tmp,0.04480277683110002,0.5043727303119829,,
vision,avgmonth_tmp,0.045169226593000024,0.5156204750468776,,
bundle,avgmonth_tmp,0.0453240085268737,0.5434301189173625,,
plank,avgmonth_tmp,0.04545983805179784,0.6697877706676308,,
ring,avgmonth_tmp,0.045474770389135624,0.42860118507333217,,
dive,avgmonth_tmp,0.045664708593387976,0.647339555173486,,
drizzle,avgmonth_tmp,0.045974717573268806,0.5748623019996335,,
settlement,avgmonth_tmp,0.04625538415188976,NA,,Model convergence problem; non-positive-definite Hessian matrix. See vignette('troubleshooting')
jail,avgmonth_tmp,0.04652728346865798,0.7024717085542228,,
ball,avgmonth_tmp,0.046825316857083084,0.48106478425871485,,
sheath,avgmonth_tmp,0.047043543250856155,0.6560970618198702,,
silver,avgmonth_tmp,0.047485620425369336,0.6676588080921066,,
minute,avgmonth_tmp,0.04766092690672739,0.5685783759172762,,
ache,avgmonth_tmp,0.047845235740691196,0.5018748121146593,,
fist,avgmonth_tmp,0.04800057089792397,0.5440800942523086,,
possession,avgmonth_tmp,0.04813462707274999,0.49250877158716094,,
height,avgmonth_tmp,0.048185120163480546,0.48722108330405833,"failed to invert Hessian from numDeriv::jacobian(), falling back to internal vcov estimate",
surprise,avgmonth_tmp,0.048456171858345685,0.5980640655528154,,
task,avgmonth_tmp,0.048640372660904714,0.5965084049587751,,
teeth,avgmonth_tmp,0.04964085145297446,0.3047327906343814,,
tooth,avgmonth_tmp,0.04965346647680277,0.47435490110005296,,
animal,avgmonth_tmp,0.04972598205517623,0.45060171618532435,,
damage,avgmonth_tmp,0.05028899930248984,0.6045872572635744,,
lily,avgmonth_tmp,0.050343269564017266,0.67800143340887,,
aunt,avgmonth_tmp,0.05142959186581116,0.5961557267376103,,
widower,avgmonth_tmp,0.05200411772171495,0.5443058364572206,,
vessel,avgmonth_tmp,0.052084010824531804,0.6972081038226747,,
heap,avgmonth_tmp,0.052385546956577704,0.6265857996401045,,
rainbow,avgmonth_tmp,0.053334468760855666,0.5054699503764445,,
liquid,avgmonth_tmp,0.05372765780230366,0.5249730300277722,,
blood,avgmonth_tmp,0.0537308790191011,0.14431784362872666,,
experience,avgmonth_tmp,0.05411874396296152,0.46901190014003624,,
signal,avgmonth_tmp,0.05414738398224114,0.6073700651188737,,
sunset,avgmonth_tmp,0.05422996589153354,0.6127597558824691,,
boil,avgmonth_tmp,0.05436248223225152,0.20512751733886886,,
hour,avgmonth_tmp,0.05438587722178623,0.6448738878512863,,
beak,avgmonth_tmp,0.054409196084532985,NA,"Model convergence problem; singular convergence (7). See vignette('troubleshooting'), help('diagnose')",Model convergence problem; non-positive-definite Hessian matrix. See vignette('troubleshooting')
paper,avgmonth_tmp,0.05456559455927269,0.4957434529735494,,
rod,avgmonth_tmp,0.05475826906009231,0.6127582727290485,,
knowledge,avgmonth_tmp,0.05484850165427209,0.34799369118435763,,
tip,avgmonth_tmp,0.054886926981370085,0.30243882980169895,,
bird,avgmonth_tmp,0.05582038099191624,0.3620946728129056,,
reed,avgmonth_tmp,0.05595757894225829,0.6308862735908034,,
peel,avgmonth_tmp,0.05637790338310944,0.4811998258366899,,
dew,avgmonth_tmp,0.057255785416428374,0.28471727891884163,"Model convergence problem; singular convergence (7). See vignette('troubleshooting'), help('diagnose')",
ornament,avgmonth_tmp,0.0574088456688443,0.6789556079389709,,
appearance,avgmonth_tmp,0.05746500203179995,0.4456819727716449,,
mud,avgmonth_tmp,0.057677225335912595,0.35902073977276194,,
judge,avgmonth_tmp,0.05776116196753979,0.5424220583967784,,
rain,avgmonth_tmp,0.058133231154157444,0.2715822004974999,,
command,avgmonth_tmp,0.058632866351872745,NA,,Model convergence problem; non-positive-definite Hessian matrix. See vignette('troubleshooting')
infant,avgmonth_tmp,0.05894797263720809,NA,Model convergence problem; non-positive-definite Hessian matrix. See vignette('troubleshooting'),
vomit,avgmonth_tmp,0.059312220283261996,0.2107820428638827,,
jar,avgmonth_tmp,0.059569059439423276,0.6934229811680813,,
attack,avgmonth_tmp,0.06011444615051086,0.35267385769055293,,
sin,avgmonth_tmp,0.06020750576941829,0.6843201240955981,,
office,avgmonth_tmp,0.06028416063210086,0.5802541082866147,,
branch,avgmonth_tmp,0.06034869898542962,0.3740114228280623,,
picture,avgmonth_tmp,0.060682672347771485,0.5137833732400936,,
truth,avgmonth_tmp,0.060972750329758255,0.36471523243279913,,
bowel,avgmonth_tmp,0.06102400773231303,0.4940589878926367,,
firewood,avgmonth_tmp,0.061234193526196745,0.6233826322566284,,
stamp,avgmonth_tmp,0.061243837181197656,0.3363821423343072,,
relative,avgmonth_tmp,0.061665143831100847,0.5238026191539543,,
mustache,avgmonth_tmp,0.0621983461724245,0.4323284464209284,,
plan,avgmonth_tmp,0.06229402769674774,NA,,Model convergence problem; non-positive-definite Hessian matrix. See vignette('troubleshooting')
depression,avgmonth_tmp,0.06235565988837745,0.5187591486745414,,
prayer,avgmonth_tmp,0.06288482310008107,0.636028978962311,,
road,avgmonth_tmp,0.06346726368135269,0.3302977993830738,,
display,avgmonth_tmp,0.06349064448055368,1,,
worker,avgmonth_tmp,0.0638433245051764,0.43938439759810705,,
coffee,avgmonth_tmp,0.06388860948335962,0.6808269933890415,,
slack,avgmonth_tmp,0.06394579653574728,NA,Model convergence problem; non-positive-definite Hessian matrix. See vignette('troubleshooting'),
cabbage,avgmonth_tmp,0.06435558748382554,0.6159547267721868,,
fool,avgmonth_tmp,0.06444951877303959,0.49157357419937986,,
temple,avgmonth_tmp,0.06456913318532582,0.6190630999672899,,
itch,avgmonth_tmp,0.06473891743656823,0.44263592965735926,,
desert,avgmonth_tmp,0.06516189764332475,0.6081505143565872,,
spin,avgmonth_tmp,0.0656809559912607,NA,,Model convergence problem; non-positive-definite Hessian matrix. See vignette('troubleshooting')
expression,avgmonth_tmp,0.06603079968363137,NA,,Model convergence problem; non-positive-definite Hessian matrix. See vignette('troubleshooting')
practice,avgmonth_tmp,0.06605400579540467,0.3355973580607183,,
shame,avgmonth_tmp,0.06626316350077016,0.41215319762700725,,
belief,avgmonth_tmp,0.06672532055950056,0.5742434748126335,,
morning,avgmonth_tmp,0.06686251135720832,0.1174462573207133,"Model convergence problem; singular convergence (7). See vignette('troubleshooting'), help('diagnose')","Model convergence problem; singular convergence (7). See vignette('troubleshooting'), help('diagnose')"
engine,avgmonth_tmp,0.06694472433372743,0.6747522605669009,,
throat,avgmonth_tmp,0.06745780782616417,0.2273036862873412,,
crow,avgmonth_tmp,0.06776042803259176,0.46797236024915767,,
understanding,avgmonth_tmp,0.06848550730633088,0.42055979008885963,,
diarrhea,avgmonth_tmp,0.06863914428623143,NA,Model convergence problem; non-positive-definite Hessian matrix. See vignette('troubleshooting'),
butcher,avgmonth_tmp,0.06882991651808479,0.566497377504836,,
flame,avgmonth_tmp,0.06898127193481843,0.27416896136141616,,
star,avgmonth_tmp,0.06900621776184741,NA,Model convergence problem; non-positive-definite Hessian matrix. See vignette('troubleshooting'),
famine,avgmonth_tmp,0.06907260201104574,NA,,Model convergence problem; non-positive-definite Hessian matrix. See vignette('troubleshooting')
liar,avgmonth_tmp,0.06913731333983444,0.3773611295074743,,
assistance,avgmonth_tmp,0.0696710625919131,0.41424788449151756,,
eyebrow,avgmonth_tmp,0.06967444386574968,0.29414668462321425,,
mole,avgmonth_tmp,0.07011564157321544,NA,Model convergence problem; non-positive-definite Hessian matrix. See vignette('troubleshooting'),Model convergence problem; non-positive-definite Hessian matrix. See vignette('troubleshooting')
stomach,avgmonth_tmp,0.07021275740863803,0.25228409699474946,,
love,avgmonth_tmp,0.07031457867005773,0.227223446314708,,
egg,avgmonth_tmp,0.07083145866431102,0.1490691227504624,,
couple,avgmonth_tmp,0.07129304732073609,NA,Model convergence problem; non-positive-definite Hessian matrix. See vignette('troubleshooting'),Model convergence problem; non-positive-definite Hessian matrix. See vignette('troubleshooting')
meal,avgmonth_tmp,0.07149898658645723,0.5005347110882199,,
yard,avgmonth_tmp,0.07168797074213319,0.5433694078077547,,
concern,avgmonth_tmp,0.07200089813849113,0.45874345459631927,,
breast,avgmonth_tmp,0.07248939213185969,0.13135655029720764,,
master,avgmonth_tmp,0.07255843838173671,NA,,Model convergence problem; non-positive-definite Hessian matrix. See vignette('troubleshooting')
pant,avgmonth_tmp,0.07336480049223132,NA,,Model convergence problem; non-positive-definite Hessian matrix. See vignette('troubleshooting')
collapse,avgmonth_tmp,0.07373917646958797,NA,Model convergence problem; non-positive-definite Hessian matrix. See vignette('troubleshooting'),
abdomen,avgmonth_tmp,0.07381497472096936,0.4594972483480852,,
necklace,avgmonth_tmp,0.07437297650440852,0.2884852981721894,,
omen,avgmonth_tmp,0.07437939540205585,0.5760464009526062,,
goat,avgmonth_tmp,0.07449238473618515,0.5006350442555181,,
struggle,avgmonth_tmp,0.07499007302662876,0.4963695551239402,,
promise,avgmonth_tmp,0.075026738041048,0.31788375621284826,"Model convergence problem; singular convergence (7). See vignette('troubleshooting'), help('diagnose')",
corpse,avgmonth_tmp,0.07503473059121617,0.3539692975772072,,
spray,avgmonth_tmp,0.07503696311061389,0.48984844584141235,,
moth,avgmonth_tmp,0.07504172165708253,0.3103572379975025,,
moan,avgmonth_tmp,0.07520010200691754,NA,Model convergence problem; non-positive-definite Hessian matrix. See vignette('troubleshooting'),
household,avgmonth_tmp,0.07524932802068701,0.5657296135977982,,
village,avgmonth_tmp,0.07565733424961076,0.6349858096508502,,
mix,avgmonth_tmp,0.07589132094791454,0.14345507883813918,,
tribe,avgmonth_tmp,0.07622435487910614,0.5847323164105791,,
grandfather,avgmonth_tmp,0.07623548492737448,0.4215003675043485,,
trouble,avgmonth_tmp,0.07629347140061182,0.40681493473386754,,
comb,avgmonth_tmp,0.07745187654834194,0.469223929549336,,
thief,avgmonth_tmp,0.07814994976922376,0.3250924294686053,,
trouser,avgmonth_tmp,0.07858535539140385,0.4279238612402515,,
leap,avgmonth_tmp,0.07884971995847798,0.4105508457816458,,
servant,avgmonth_tmp,0.07885550321538727,0.4747130331209381,,
chase,avgmonth_tmp,0.08000842811567158,0.3163249980022057,,
player,avgmonth_tmp,0.08042309834400636,0.4714448012467695,,
limit,avgmonth_tmp,0.08055527607100764,0.4370197079308116,,
cavity,avgmonth_tmp,0.08095768506412163,NA,,Model convergence problem; non-positive-definite Hessian matrix. See vignette('troubleshooting')
midnight,avgmonth_tmp,0.08138681889342378,0.3828307483949531,,
success,avgmonth_tmp,0.081610348242334,0.4199611783507508,,
pool,avgmonth_tmp,0.08190243687228868,0.396901651108567,,
emotion,avgmonth_tmp,0.08237359608507609,0.5264690029186407,,
prisoner,avgmonth_tmp,0.08256940509007824,0.4434086899315386,,
context,avgmonth_tmp,0.08319905236078722,0.553867540189279,,
desire,avgmonth_tmp,0.08380025744263249,0.2736601154401126,,
function,avgmonth_tmp,0.08422174651955869,0.38110351266427084,,
decoration,avgmonth_tmp,0.08522144907959162,0.49438740453574764,,
race,avgmonth_tmp,0.08570001779116414,0.3871234694250941,,
illness,avgmonth_tmp,0.08622309764630193,0.3628384015430931,,
bible,avgmonth_tmp,0.08637953502423487,0.5709118682044857,,
pain,avgmonth_tmp,0.08778572229760995,0.10617436863422948,,
plow,avgmonth_tmp,0.08785325846030179,0.47269207877918595,,
entrance,avgmonth_tmp,0.08797663331607929,0.3729435006125979,,
tradition,avgmonth_tmp,0.08810050982878652,0.2636360247641839,,"Model convergence problem; singular convergence (7). See vignette('troubleshooting'), help('diagnose')"
gold,avgmonth_tmp,0.08895479353662514,0.4239975882864313,,
friend,avgmonth_tmp,0.08910245809431415,NA,Model convergence problem; non-positive-definite Hessian matrix. See vignette('troubleshooting'),
trim,avgmonth_tmp,0.0891726966414087,NA,,"Model convergence problem; non-positive-definite Hessian matrix. See vignette('troubleshooting');Model convergence problem; singular convergence (7). See vignette('troubleshooting'), help('diagnose')"
silence,avgmonth_tmp,0.08985093956247436,0.379683407744985,,
spine,avgmonth_tmp,0.09001009257883678,0.3688681137699345,,
music,avgmonth_tmp,0.09052210135602104,0.41434474626693196,,
crush,avgmonth_tmp,0.09101641244552075,0.21343402201178344,,
meeting,avgmonth_tmp,0.09101892475243013,0.33034568255412367,,
drum,avgmonth_tmp,0.09105699375625712,0.3361215335832849,,
toe,avgmonth_tmp,0.0914091505867599,0.1823661388146326,,
search,avgmonth_tmp,0.0915548269899483,0.32432484004981615,,
cattle,avgmonth_tmp,0.09230123661637671,0.4870767688842027,,
punch,avgmonth_tmp,0.09236081975745626,0.4471458328897593,,
contrast,avgmonth_tmp,0.09242549517915258,0.408777653702404,,
pat,avgmonth_tmp,0.09249838001125835,0.5284392124569767,,
sway,avgmonth_tmp,0.09301896169810614,NA,Model convergence problem; non-positive-definite Hessian matrix. See vignette('troubleshooting'),
trust,avgmonth_tmp,0.09350400946465857,0.3649734402692901,,
chain,avgmonth_tmp,0.09381883579554658,0.20872960284114175,,
kidney,avgmonth_tmp,0.0938300633467501,0.19214009747153046,,
food,avgmonth_tmp,0.09389083602015635,0.1093709953837406,,
lord,avgmonth_tmp,0.09465727069179611,0.5292929605534514,,
wealth,avgmonth_tmp,0.09509567355132705,0.3866444051372242,,
descendant,avgmonth_tmp,0.09519843140679833,0.3662636872698487,,
custom,avgmonth_tmp,0.09539536950485017,0.277799595258061,,
consequence,avgmonth_tmp,0.09621290521360623,NA,Model convergence problem; non-positive-definite Hessian matrix. See vignette('troubleshooting'),
wink,avgmonth_tmp,0.09676400689003377,0.3649670726493711,,
navel,avgmonth_tmp,0.09703008501144139,NA,Model convergence problem; non-positive-definite Hessian matrix. See vignette('troubleshooting'),
lump,avgmonth_tmp,0.09730712087570181,0.30916704655118976,,
whirlwind,avgmonth_tmp,0.09788143144514064,0.2861396421383085,,
study,avgmonth_tmp,0.0982934173868828,0.3696651911497995,,
parent,avgmonth_tmp,0.09850579058799488,0.20062119031947515,,
teacher,avgmonth_tmp,0.09855092167827552,NA,,Model convergence problem; non-positive-definite Hessian matrix. See vignette('troubleshooting')
mercy,avgmonth_tmp,0.0987123697815229,0.3976225698343429,,
spittle,avgmonth_tmp,0.09881859376935863,NA,"Model convergence problem; singular convergence (7). See vignette('troubleshooting'), help('diagnose')",Model convergence problem; non-positive-definite Hessian matrix. See vignette('troubleshooting')
sap,avgmonth_tmp,0.09953921058841861,0.31869903576572073,,
cough,avgmonth_tmp,0.0997325943200598,0.14395413173780397,,
result,avgmonth_tmp,0.09995796522723255,0.21717352779479987,,
twin,avgmonth_tmp,0.09998189295866959,0.2001387790824313,,
hatch,avgmonth_tmp,0.10007828249050368,NA,,Model convergence problem; non-positive-definite Hessian matrix. See vignette('troubleshooting')
respect,avgmonth_tmp,0.10016692184596024,0.17763135305497013,,
ease,avgmonth_tmp,0.1003304008109735,0.2747871755255707,,
grain,avgmonth_tmp,0.10044366688067789,0.4353650614686245,,
duty,avgmonth_tmp,0.10119298127213505,0.41652844582522097,,
design,avgmonth_tmp,0.10174620328447775,0.27066282218854526,,
completion,avgmonth_tmp,0.10225811553635906,0.43330816057686944,,
soul,avgmonth_tmp,0.10235411694738623,0.3210682200744451,,
gum,avgmonth_tmp,0.10242890123549939,0.2427429621809334,,
defeat,avgmonth_tmp,0.10308739279414209,0.4041726182927446,,
straw,avgmonth_tmp,0.1042867201325784,0.40139311461350047,,
womb,avgmonth_tmp,0.10428775866757727,0.2324709553850304,,
gap,avgmonth_tmp,0.10473148941990858,0.463862255559205,,
officer,avgmonth_tmp,0.10558839701102808,0.3477393370823611,,
web,avgmonth_tmp,0.1061807803042626,0.1662177852789803,,
sugar,avgmonth_tmp,0.10647110219595232,0.1833727670086046,,
firm,avgmonth_tmp,0.1066502102624795,0.22589784810294034,,
pencil,avgmonth_tmp,0.10696933279694293,0.34609494195159274,,
spirit,avgmonth_tmp,0.10775665646979915,0.24688806293608595,,
business,avgmonth_tmp,0.10783622121254714,0.33138902704224293,,
soldier,avgmonth_tmp,0.1081989501672173,0.4788676712002726,,
god,avgmonth_tmp,0.10853664550408837,0.3249010510087631,,
frog,avgmonth_tmp,0.10869800075659998,0.1862571096796566,,
drain,avgmonth_tmp,0.10888731760623657,0.3265820960593194,,
mat,avgmonth_tmp,0.10951913264833411,0.33038571885838686,,
armpit,avgmonth_tmp,0.10959331898588708,NA,,Model convergence problem; non-positive-definite Hessian matrix. See vignette('troubleshooting')
area,avgmonth_tmp,0.11006259818887844,0.42571082877432714,,
eyelid,avgmonth_tmp,0.11012884329033118,0.15089654889567447,,
nest,avgmonth_tmp,0.11156693939076207,0.10779781546352862,,
darkness,avgmonth_tmp,0.11194057875889628,0.23560403803765623,,
thunder,avgmonth_tmp,0.11206184234908259,0.040280081688829524,,
container,avgmonth_tmp,0.11216433182235996,0.38380331095282993,,
aid,avgmonth_tmp,0.112239862242901,0.26468888665886353,,
garden,avgmonth_tmp,0.11230145726012578,0.3612293585240386,,
flash,avgmonth_tmp,0.11257662366308976,NA,,Model convergence problem; non-positive-definite Hessian matrix. See vignette('troubleshooting')
body,avgmonth_tmp,0.11348136281705039,0.028512385612356396,,
community,avgmonth_tmp,0.11395567138045412,0.2641748725678362,,
rite,avgmonth_tmp,0.11397270266034137,0.4372769048622585,,
fin,avgmonth_tmp,0.11435234162491224,0.23928866976646054,,
worm,avgmonth_tmp,0.11507969669973762,0.01664492606199919,,
speaker,avgmonth_tmp,0.11531850304944985,0.2778271953928927,,
test,avgmonth_tmp,0.11532921224107234,0.08177214373513099,,
brand,avgmonth_tmp,0.11543842876091136,0.3748173206450427,,
mate,avgmonth_tmp,0.11563592440040724,0.28201689182728495,,
singer,avgmonth_tmp,0.11606093857668993,0.31357684344912723,,
argument,avgmonth_tmp,0.11657072988212902,0.0960039048770531,"Model convergence problem; singular convergence (7). See vignette('troubleshooting'), help('diagnose')",
pop,avgmonth_tmp,0.1168137846078894,0.4635577866590886,,
building,avgmonth_tmp,0.11705202554617815,0.1038235427658749,,
bracelet,avgmonth_tmp,0.11758668404607486,0.31428782172627273,,
foreigner,avgmonth_tmp,0.11778553934740803,NA,Model convergence problem; non-positive-definite Hessian matrix. See vignette('troubleshooting'),
nation,avgmonth_tmp,0.11856267024411397,0.37784415322420317,,
groan,avgmonth_tmp,0.11867502100505616,NA,,"Model convergence problem; non-positive-definite Hessian matrix. See vignette('troubleshooting');Model convergence problem; singular convergence (7). See vignette('troubleshooting'), help('diagnose')"
lightning,avgmonth_tmp,0.119073508803995,0.08283796618491047,,
punishment,avgmonth_tmp,0.1203181273418703,0.2928077262747493,,
shade,avgmonth_tmp,0.12092635980630839,0.04964658674958669,,
honor,avgmonth_tmp,0.12118540368495452,0.2668624046550007,,
birth,avgmonth_tmp,0.12157740739850888,0.027368293534091488,,
jaw,avgmonth_tmp,0.12190353339779142,0.05904047372177596,,
pan,avgmonth_tmp,0.12350635639814432,0.24129941834269722,,
core,avgmonth_tmp,0.12372811315861998,0.3055150205940062,,
mourning,avgmonth_tmp,0.12447421524281166,0.180772438627294,,
photograph,avgmonth_tmp,0.1245380778774743,0.2031986562557422,,
sea,avgmonth_tmp,0.12478193933642685,0.3955422288017896,,
activity,avgmonth_tmp,0.1255379247198705,0.23434139501782328,,
size,avgmonth_tmp,0.12578414348630895,0.059144102583113124,,
skirt,avgmonth_tmp,0.12580893024933898,0.20290829118421286,,
shop,avgmonth_tmp,0.12583393101419693,0.33132230719295114,,
bat,avgmonth_tmp,0.12595168808851043,0.0481702033587331,,"Model convergence problem; singular convergence (7). See vignette('troubleshooting'), help('diagnose')"
adult,avgmonth_tmp,0.12643381629403433,0.25292988711211245,,
bath,avgmonth_tmp,0.1264486603728664,0.2594752695612367,,
torch,avgmonth_tmp,0.12693465193443199,0.18554396916231553,,
smell,avgmonth_tmp,0.1269496360979301,0.017003928073326274,,
blister,avgmonth_tmp,0.1270861696964135,0.18530188963434094,,
claim,avgmonth_tmp,0.12773293222177665,0.2938536275480979,,
wrap,avgmonth_tmp,0.12817480944374893,0.08470121866864311,,
pu,avgmonth_tmp,0.12875069584740922,0.06559995039507541,,
scale,avgmonth_tmp,0.12879017854889196,0.050124463637334485,,
wage,avgmonth_tmp,0.12897123911449582,0.20753398862053385,,
lamp,avgmonth_tmp,0.12934852164048255,0.19080083307893864,,
sheet,avgmonth_tmp,0.1301675870251895,NA,,Model convergence problem; non-positive-definite Hessian matrix. See vignette('troubleshooting')
oil,avgmonth_tmp,0.13033531940185603,0.11292192500354759,,
feast,avgmonth_tmp,0.13083225580695929,0.3390432113330801,,
variant,avgmonth_tmp,0.13098881523366834,0.5776744810456087,,
baby,avgmonth_tmp,0.1313353316254069,0.16828450568941328,,
murder,avgmonth_tmp,0.13173010260350837,0.11397293348266847,,
cooking,avgmonth_tmp,0.13175529883938597,0.11482198323876977,,
sex,avgmonth_tmp,0.13293740376058358,0.18991679124999233,,
request,avgmonth_tmp,0.13303167730873844,NA,"Model convergence problem; non-positive-definite Hessian matrix. See vignette('troubleshooting');Model convergence problem; singular convergence (7). See vignette('troubleshooting'), help('diagnose')",
contract,avgmonth_tmp,0.13374292808385907,0.1984343030681778,,
shock,avgmonth_tmp,0.13419159186715415,0.253379921068221,,
noon,avgmonth_tmp,0.13443019636797618,0.19120480251117672,,
elder,avgmonth_tmp,0.13455456342059893,0.15633301967810687,,
uncle,avgmonth_tmp,0.13498526038926367,0.11535646515351367,,
joke,avgmonth_tmp,0.13519856109400757,0.12580021954996276,,
labor,avgmonth_tmp,0.1355937511894103,0.1497595066842787,,
roof,avgmonth_tmp,0.13595657370485706,0.06295176709784174,,
intercourse,avgmonth_tmp,0.13608129898894714,0.26552385982369003,,
goal,avgmonth_tmp,0.13613368917454358,0.24252014734041225,,
ditch,avgmonth_tmp,0.1362308531195652,0.2355630314216179,,
week,avgmonth_tmp,0.13631216903336024,NA,Model convergence problem; non-positive-definite Hessian matrix. See vignette('troubleshooting'),Model convergence problem; non-positive-definite Hessian matrix. See vignette('troubleshooting')
marriage,avgmonth_tmp,0.13649427150399887,0.052052399977098,,
dung,avgmonth_tmp,0.13698141636635794,0.1992533415857813,,
charcoal,avgmonth_tmp,0.137209266204255,0.057362235154224187,,
lion,avgmonth_tmp,0.13772724643157097,0.2734642547447208,,
remainder,avgmonth_tmp,0.13859146513593132,0.09149729094070538,,
dance,avgmonth_tmp,0.13982847362843603,0.06712969923934099,,
nape,avgmonth_tmp,0.13991987010274703,0.18429270381074214,,
tin,avgmonth_tmp,0.14019675480202087,0.1428448591797431,,
butterfly,avgmonth_tmp,0.1407112776367109,0.09765113275443424,,
grave,avgmonth_tmp,0.1409155991276243,0.027357558928193134,,
anus,avgmonth_tmp,0.14110551575743852,0.07624336706805465,,
emphasis,avgmonth_tmp,0.14126121801799568,NA,"Model convergence problem; non-positive-definite Hessian matrix. See vignette('troubleshooting');Model convergence problem; singular convergence (7). See vignette('troubleshooting'), help('diagnose')",Model convergence problem; non-positive-definite Hessian matrix. See vignette('troubleshooting')
song,avgmonth_tmp,0.14155174104352378,0.04463962215730746,,
owner,avgmonth_tmp,0.14157377475616043,0.16864197519184343,,
color,avgmonth_tmp,0.14383369400426713,0.033914544654841394,,
widow,avgmonth_tmp,0.14388163080349511,0.02961017348477083,,
decision,avgmonth_tmp,0.14392861465148749,0.18050845188680528,,
trunk,avgmonth_tmp,0.14495672178253557,0.09365786413448231,,
carpenter,avgmonth_tmp,0.14533120129093732,0.323056420341317,,
mixture,avgmonth_tmp,0.14534745821384415,0.05019380257579992,,
heaven,avgmonth_tmp,0.1455233877771237,0.156028514317571,,
midday,avgmonth_tmp,0.14553185421613068,0.14800283602808212,,
flood,avgmonth_tmp,0.14577579988858572,0.008504904770495965,,
offspring,avgmonth_tmp,0.1458654993657524,0.07064719787749826,,
mucus,avgmonth_tmp,0.14590651499340396,NA,,Model convergence problem; non-positive-definite Hessian matrix. See vignette('troubleshooting')
mirror,avgmonth_tmp,0.14612987629083643,0.016449192751019075,,
pen,avgmonth_tmp,0.14671990453260228,0.20370310880329393,,
youth,avgmonth_tmp,0.14675117653505,0.12959914402386646,,
crop,avgmonth_tmp,0.1469835683536856,0.19054986301026625,,
generation,avgmonth_tmp,0.14755458490099888,0.08764724325272934,,
ankle,avgmonth_tmp,0.14887245396564602,0.0459166708154975,,
saliva,avgmonth_tmp,0.14888659332296156,0.0360071627059461,,
rumor,avgmonth_tmp,0.14998302033904676,0.2101020867805889,,
mold,avgmonth_tmp,0.1502439152235565,0.15362621083860245,,
title,avgmonth_tmp,0.15024992183348737,0.3197044700209686,,
crowd,avgmonth_tmp,0.15064609952950953,0.15720566991969834,,
location,avgmonth_tmp,0.15126823483920002,0.3613843343529875,,
visitor,avgmonth_tmp,0.15228297660501364,0.13788762799045462,,
sword,avgmonth_tmp,0.15349520235158115,0.16785980431370662,,
knuckle,avgmonth_tmp,0.1537712238909713,NA,Model convergence problem; non-positive-definite Hessian matrix. See vignette('troubleshooting'),Model convergence problem; non-positive-definite Hessian matrix. See vignette('troubleshooting')
crest,avgmonth_tmp,0.15534966574687198,0.05668742719166428,,"Model convergence problem; singular convergence (7). See vignette('troubleshooting'), help('diagnose')"
blossom,avgmonth_tmp,0.15550658362692707,0.20594681667487974,,
chick,avgmonth_tmp,0.1561784108958944,0.17953147782052212,,
thorn,avgmonth_tmp,0.15633595142339307,0.043873518741570285,,
message,avgmonth_tmp,0.15653036783531019,0.096012142000182,,
job,avgmonth_tmp,0.15672311643627426,0.05772845353491771,,
father-in-law,avgmonth_tmp,0.15749642611153825,0.09192925964726208,,
fluid,avgmonth_tmp,0.15753059697553073,0.14275550250292174,,
insult,avgmonth_tmp,0.15788548370395064,0.13518254128120383,,
wisdom,avgmonth_tmp,0.15858950110070555,0.2294842583811667,,
buttock,avgmonth_tmp,0.16166585147002663,0.04531963838023236,,
drip,avgmonth_tmp,0.16197812540568832,0.04611373347801344,,
creep,avgmonth_tmp,0.16199123594133538,0.09349418584468094,,
grandchild,avgmonth_tmp,0.16222858360110862,0.15540069097029488,,
ray,avgmonth_tmp,0.16263339900967602,0.2258649822290961,,
method,avgmonth_tmp,0.16332812207791383,0.1445109942956497,,
judgment,avgmonth_tmp,0.1638949949662846,0.22664430761083215,,
testicle,avgmonth_tmp,0.16428465706244347,0.004398414489546592,,
kid,avgmonth_tmp,0.16482949106576428,0.24378477807756965,,
bud,avgmonth_tmp,0.1660801304610435,0.10392959771754255,,
dye,avgmonth_tmp,0.16632881048058898,0.224826833630109,,
machine,avgmonth_tmp,0.16661224668408475,0.20505996974796264,,
prison,avgmonth_tmp,0.16833930901063568,0.08040924267308623,,
kitchen,avgmonth_tmp,0.16840479756272478,0.40205229365505407,,
stalk,avgmonth_tmp,0.1689750143823408,0.06373503528403712,,
instruction,avgmonth_tmp,0.1695437493105097,NA,,Model convergence problem; non-positive-definite Hessian matrix. See vignette('troubleshooting')
court,avgmonth_tmp,0.17054516376457535,0.07689780843148053,,
curse,avgmonth_tmp,0.1707155872071523,0.04995610770191241,,
bachelor,avgmonth_tmp,0.1710099264473912,0.11102911296737522,,
shine,avgmonth_tmp,0.17149195093342998,0.009194271257123444,,
cloth,avgmonth_tmp,0.1717882797320741,0.030184371884053856,,
money,avgmonth_tmp,0.17267902697914736,0.009947312386973004,,
metal,avgmonth_tmp,0.1735996969073264,0.05249973959982856,,
adultery,avgmonth_tmp,0.17480973483050827,0.1060669902271687,,
charm,avgmonth_tmp,0.17709157162128672,0.23137029973086076,,
broom,avgmonth_tmp,0.17739575360800725,0.025984627528708032,,
soap,avgmonth_tmp,0.17767348789504273,0.021947995488504037,,
pumpkin,avgmonth_tmp,0.1778849242150387,0.19728011775169169,,
control,avgmonth_tmp,0.1793516460775298,NA,Model convergence problem; non-positive-definite Hessian matrix. See vignette('troubleshooting'),
pot,avgmonth_tmp,0.1794884865317584,0.08245363997535565,,
pupil,avgmonth_tmp,0.17968734030578526,0.029410199908313756,,
increase,avgmonth_tmp,0.18018237693054284,0.022174431914459777,,
stage,avgmonth_tmp,0.18058016039242217,0.09879699019653172,,
yesterday,avgmonth_tmp,0.18190270666863714,0.025876165185765816,,
sickness,avgmonth_tmp,0.18225490423975466,0.058830315468351435,,
warning,avgmonth_tmp,0.18270321848539284,0.07755957181931329,,
wax,avgmonth_tmp,0.18271549310810353,0.04646199647677283,,
fingernail,avgmonth_tmp,0.18415283456866632,0.11891976717412515,,
organ,avgmonth_tmp,0.18417024993730607,NA,Model convergence problem; non-positive-definite Hessian matrix. See vignette('troubleshooting'),
plot,avgmonth_tmp,0.18451349506548764,0.13582014891109753,,
medicine,avgmonth_tmp,0.18479419817466775,0.03814982776257067,,
battle,avgmonth_tmp,0.18555912286638976,0.12921185491582593,,
rank,avgmonth_tmp,0.1858411477109071,0.21909281917795206,,
expert,avgmonth_tmp,0.1862436739273072,0.07845355422516948,,
poison,avgmonth_tmp,0.18635990900460636,0.013422891968321313,,
substance,avgmonth_tmp,0.18645098877587654,NA,Model convergence problem; non-positive-definite Hessian matrix. See vignette('troubleshooting'),
blade,avgmonth_tmp,0.18661174478407097,0.008328523038364653,,
date,avgmonth_tmp,0.18914671257169102,0.10544399713994206,,
ability,avgmonth_tmp,0.1894945971823607,0.04079947650966405,,
urine,avgmonth_tmp,0.19009040167299102,0.002638904578238796,,
law,avgmonth_tmp,0.1905411258181137,0.04723038740976549,,
lover,avgmonth_tmp,0.19076335209324383,0.09091970759201295,,
army,avgmonth_tmp,0.19095876997165945,0.18757218228492167,,
bottle,avgmonth_tmp,0.19106462019102013,0.007536632818468393,,
doctor,avgmonth_tmp,0.19246228959091163,0.07861774773835412,,
weave,avgmonth_tmp,0.19283853134524095,0.05378738033279033,,
permission,avgmonth_tmp,0.19293646274116083,NA,Model convergence problem; non-positive-definite Hessian matrix. See vignette('troubleshooting'),
image,avgmonth_tmp,0.1937475272540396,0.054885134111966584,,
wire,avgmonth_tmp,0.1937676502040718,0.041136321039332346,,
arrest,avgmonth_tmp,0.19434243359577033,0.2295723621534369,,
patient,avgmonth_tmp,0.19589783316785545,0.04542357180396921,,
confusion,avgmonth_tmp,0.1969363652056846,0.0672799424987129,,
waist,avgmonth_tmp,0.1976047365355817,0.009164915261182157,,
headache,avgmonth_tmp,0.19787472229800096,NA,,Model convergence problem; non-positive-definite Hessian matrix. See vignette('troubleshooting')
daytime,avgmonth_tmp,0.2005550373936131,0.09367285064251564,,
powder,avgmonth_tmp,0.2014903597109303,0.019768196653876437,,
pregnancy,avgmonth_tmp,0.20276660840547087,0.08405384893499912,,
leader,avgmonth_tmp,0.20299996791445865,NA,Model convergence problem; non-positive-definite Hessian matrix. See vignette('troubleshooting'),
grape,avgmonth_tmp,0.20415905138790424,0.12258057580767383,,
authority,avgmonth_tmp,0.20444697724288013,0.07002256896846158,,
dancer,avgmonth_tmp,0.2047835212643821,0.13729485124815585,,
conduct,avgmonth_tmp,0.2051296726913866,0.13735555075129496,,
cost,avgmonth_tmp,0.20538494486977346,0.13671716625665462,,
month,avgmonth_tmp,0.20701990003311424,0.010008265522791698,,
rubbish,avgmonth_tmp,0.20810242883973143,0.0938286897356834,,
gate,avgmonth_tmp,0.20820990554402705,0.11221965155925448,,
fortune,avgmonth_tmp,0.2082905294670286,0.07746694644125325,,
beauty,avgmonth_tmp,0.20929474007916263,0.07533338844050808,,
depth,avgmonth_tmp,0.2097621952152187,0.030272548776066614,,
ancestor,avgmonth_tmp,0.21131693524229084,0.04307484824318613,,
burial,avgmonth_tmp,0.21156968433685247,0.01248936291685662,,
preparation,avgmonth_tmp,0.21212800856100003,0.015437703575040452,,
harvest,avgmonth_tmp,0.21259843701179412,0.5134892919006053,,
king,avgmonth_tmp,0.21337480316693502,0.0620166949493477,,
cigarette,avgmonth_tmp,0.2140769408996494,0.10406831552236596,,
trumpet,avgmonth_tmp,0.21414202318928124,0.05408224833556224,,
clay,avgmonth_tmp,0.2145230006362179,0.0190908314987705,,
sting,avgmonth_tmp,0.21458940396256299,4.1453466746775125e-4,,
caterpillar,avgmonth_tmp,0.21582809923605656,0.027491033776100907,,
fishing,avgmonth_tmp,0.21649161876773432,0.11814421082925669,,
spike,avgmonth_tmp,0.2178969408990201,0.16936770812392113,,
weed,avgmonth_tmp,0.21805386075397631,0.029757166338703307,,
obligation,avgmonth_tmp,0.2187149882729176,0.07716462323544246,,
cucumber,avgmonth_tmp,0.2198661722572793,0.059165051857314105,,
flavor,avgmonth_tmp,0.22114063897191588,0.018767493439169298,,
razor,avgmonth_tmp,0.22145309362152563,0.0036738669565573073,,
group,avgmonth_tmp,0.22192375784670984,0.012504471323371036,,
herb,avgmonth_tmp,0.2232560243048157,0.10011327482221799,,
screw,avgmonth_tmp,0.2259394032875713,0.08106540350220436,,
extract,avgmonth_tmp,0.2264010871482456,0.0034583401090623497,,
dispute,avgmonth_tmp,0.22775492356747817,0.041111095002489696,,
chicken,avgmonth_tmp,0.23064487834733802,0.09370233239188022,,
coin,avgmonth_tmp,0.23143154877514388,0.023146522083569498,,
problem,avgmonth_tmp,0.23189863403911123,0.05278142492594856,,
affair,avgmonth_tmp,0.2340591415809854,0.0733283750775291,,
umbrella,avgmonth_tmp,0.23464900752447598,NA,Model convergence problem; non-positive-definite Hessian matrix. See vignette('troubleshooting'),
scoop,avgmonth_tmp,0.23471909094078605,NA,Model convergence problem; non-positive-definite Hessian matrix. See vignette('troubleshooting'),
price,avgmonth_tmp,0.2350995050299748,0.01483222147934993,,
divorce,avgmonth_tmp,0.23773825341263058,0.03256079612469333,,
behavior,avgmonth_tmp,0.2387956233736627,0.03425108349118434,,
onion,avgmonth_tmp,0.24257597102272468,0.015783587619352835,,
tomorrow,avgmonth_tmp,0.24308510040013565,0.006400280581108791,,
stool,avgmonth_tmp,0.24575799355598285,0.049883107393076796,,
scrub,avgmonth_tmp,0.2463453962142423,0.06356084069330015,,
cock,avgmonth_tmp,0.2472019362124211,0.04752661583657138,,
season,avgmonth_tmp,0.24743599616095305,0.0011318204499969574,,
bus,avgmonth_tmp,0.24803143272940545,NA,Model convergence problem; non-positive-definite Hessian matrix. See vignette('troubleshooting'),
vegetable,avgmonth_tmp,0.25042981564799566,0.027041882888150393,,
fish,avgmonth_tmp,0.25481385637863435,0.027030080823430284,,
wedding,avgmonth_tmp,0.256275261146819,0.14625348696834126,,
juice,avgmonth_tmp,0.25654776468226637,2.0323372391917266e-4,,
coil,avgmonth_tmp,0.2591587012088767,NA,Model convergence problem; non-positive-definite Hessian matrix. See vignette('troubleshooting'),
reply,avgmonth_tmp,0.2600190844481839,0.010636971235836292,,
priest,avgmonth_tmp,0.2603132650824997,0.06634551167928185,,
airplane,avgmonth_tmp,0.2607838929414768,0.05647891558610601,,
oven,avgmonth_tmp,0.2630382027559192,0.15444716741859107,,
cricket,avgmonth_tmp,0.26311334443463147,NA,Model convergence problem; non-positive-definite Hessian matrix. See vignette('troubleshooting'),
tree,avgmonth_tmp,0.2648046402806658,1.709746628416298e-5,,
odor,avgmonth_tmp,0.2652129468340766,0.023471399315911662,,
pig,avgmonth_tmp,0.2669916357552732,0.022056651482601535,,
vagina,avgmonth_tmp,0.26855537798602297,0.011394879811493144,,
sacrifice,avgmonth_tmp,0.2710002424444905,0.06872008356362283,,
clause,avgmonth_tmp,0.2710126571605894,0.04533966501624647,,
snail,avgmonth_tmp,0.27119130023354887,0.007871636010461064,,
magic,avgmonth_tmp,0.27304336902579107,0.03085531202351058,,
disease,avgmonth_tmp,0.27315808616917947,4.867744071929745e-4,,
corn,avgmonth_tmp,0.2799776196649198,0.0747452456558471,,
tick,avgmonth_tmp,0.2802152534181933,0.009948399101466391,,
spider,avgmonth_tmp,0.2821669402055027,3.9597984038295954e-4,,
government,avgmonth_tmp,0.28263197600052803,0.008745153633545043,,
bunch,avgmonth_tmp,0.2854998799104193,3.6268078662588313e-4,,
tax,avgmonth_tmp,0.2870532830594973,0.03682512590424323,,
paste,avgmonth_tmp,0.2983539903277166,0.03509663342091902,,
wasp,avgmonth_tmp,0.29846091284201,6.876080554974821e-4,,
slave,avgmonth_tmp,0.2987886787450635,0.019132355841733426,,
bee,avgmonth_tmp,0.29964647698009683,0.003429719084460758,,
debt,avgmonth_tmp,0.30227728020130906,0.003192449955301387,,
beetle,avgmonth_tmp,0.3038898262764853,0.011391844075693037,,
bang,avgmonth_tmp,0.30392119202184004,0.04527226446935474,,
police,avgmonth_tmp,0.30423235968089923,NA,"Model convergence problem; non-positive-definite Hessian matrix. See vignette('troubleshooting');Model convergence problem; singular convergence (7). See vignette('troubleshooting'), help('diagnose')",
afternoon,avgmonth_tmp,0.30667770437135733,4.804138902224996e-4,,
town,avgmonth_tmp,0.3071384649607248,0.024957369142748966,,
swamp,avgmonth_tmp,0.3071652528181551,0.019741952482226807,,
mound,avgmonth_tmp,0.30738904768989084,1.2190504357481752e-4,,
bean,avgmonth_tmp,0.3084082582603374,0.03050002338252971,,
ruler,avgmonth_tmp,0.30901480886158506,0.02908302725130918,,
dove,avgmonth_tmp,0.309488583113536,3.7594233493367686e-5,,
leaf,avgmonth_tmp,0.3115212722445336,1.5362730623908883e-5,,
response,avgmonth_tmp,0.3118378309784606,NA,,"Model convergence problem; non-positive-definite Hessian matrix. See vignette('troubleshooting');Model convergence problem; singular convergence (7). See vignette('troubleshooting'), help('diagnose')"
flower,avgmonth_tmp,0.31412010833421006,5.563155341444227e-5,,
pigeon,avgmonth_tmp,0.3148009727690188,0.001688825422445325,,
plant,avgmonth_tmp,0.3153353729306763,1.5636873016662246e-6,,
mosquito,avgmonth_tmp,0.3167288789237801,1.7263462012531182e-4,,
sore,avgmonth_tmp,0.3169618597302611,0.03135677780745439,,
honey,avgmonth_tmp,0.31710109235956163,5.440831054600098e-4,,
shell,avgmonth_tmp,0.32658478640578154,8.863320702060266e-5,,
insect,avgmonth_tmp,0.3268563511175171,NA,Model convergence problem; non-positive-definite Hessian matrix. See vignette('troubleshooting'),
hospital,avgmonth_tmp,0.32931396594038853,0.009418880830662453,,
ceremony,avgmonth_tmp,0.33097561221147687,0.0037250810540171674,,
platform,avgmonth_tmp,0.33307447534145324,0.0045674590527126115,,
worship,avgmonth_tmp,0.3338504260802751,0.010077791172934994,,
pounding,avgmonth_tmp,0.33554803710451697,0.006367218501831138,,
seed,avgmonth_tmp,0.33735771762038697,4.0458964889892625e-7,,
mortar,avgmonth_tmp,0.3387520207009222,0.003353273424887431,,
kernel,avgmonth_tmp,0.33964493533301066,0.012114575919054281,,
pod,avgmonth_tmp,0.33968720477341474,0.0010447075409002365,,
perspiration,avgmonth_tmp,0.3415276162877226,1.968137800487426e-4,,
responsibility,avgmonth_tmp,0.3421476181599287,0.006224109132315635,,
address,avgmonth_tmp,0.3452510105458354,4.949137663027642e-4,,
bride,avgmonth_tmp,0.3475761224431795,0.010523034001368184,,
ban,avgmonth_tmp,0.3479662770229219,0.06118941890416006,,
sibling,avgmonth_tmp,0.35795187945284945,0.055497812513858366,,
sale,avgmonth_tmp,0.36178858744811665,0.0033241248950354086,,
funeral,avgmonth_tmp,0.36289818710821414,0.014317430552124413,,
eel,avgmonth_tmp,0.36324771322369975,0.004512281985103814,,
molar,avgmonth_tmp,0.36822246020027516,0.0037811979786217444,,
fever,avgmonth_tmp,0.37237187341741906,8.295456593160856e-5,,
squash,avgmonth_tmp,0.37292989764847545,0.029109612215163377,,
flute,avgmonth_tmp,0.3730167284573949,0.004310225475656293,,
massage,avgmonth_tmp,0.38526579222391977,0.001244110544095982,,
cake,avgmonth_tmp,0.39544865879126934,0.002620626648682717,,
pork,avgmonth_tmp,0.3987993250188907,0.02412668065298611,,
groin,avgmonth_tmp,0.39937359488018415,8.650854133797916e-4,,
fiber,avgmonth_tmp,0.39984202712885003,3.1128293948573413e-4,,
clan,avgmonth_tmp,0.40404634185975946,0.12435404192895017,,
lime,avgmonth_tmp,0.41210049005169336,0.0076540852622779005,,
feces,avgmonth_tmp,0.41224750806412436,0.013189635227779708,,
crab,avgmonth_tmp,0.4180647306794901,0.002304130788919663,,
city,avgmonth_tmp,0.4211087199037646,0.0022868596551301403,,
rat,avgmonth_tmp,0.4260289907880831,7.520472268422136e-7,,
cane,avgmonth_tmp,0.4301537581338286,1.6544693061336683e-4,,
nut,avgmonth_tmp,0.4344281469449246,4.031415265932447e-6,,
snake,avgmonth_tmp,0.4573501180430341,1.3491756501689578e-6,,
rooster,avgmonth_tmp,0.4594742887898696,0.004928934033496422,,
ulcer,avgmonth_tmp,0.4595393781147857,5.131639317501495e-4,,
cement,avgmonth_tmp,0.4644119446676819,4.054755975341543e-4,,
ritual,avgmonth_tmp,0.46542946496972,0.0020718888635189244,,
kite,avgmonth_tmp,0.46607022735939724,0.001329537226882386,,
perfume,avgmonth_tmp,0.4760773232773324,0.002722170214092725,,
ant,avgmonth_tmp,0.47774782902464386,3.0639990994634537e-6,,
street,avgmonth_tmp,0.4784550963257995,0.0021840296085250646,,
fowl,avgmonth_tmp,0.4835873724125816,1.2652653600587911e-5,,
monkey,avgmonth_tmp,0.4843183982980127,0.0022689237514525234,,
fan,avgmonth_tmp,0.5072022660647891,5.335764628047801e-6,,
marker,avgmonth_tmp,0.5341366285983198,0.00830221853546955,,
elephant,avgmonth_tmp,0.5539253336598675,3.23651691168494e-6,,
pepper,avgmonth_tmp,0.5566932234794828,1.6111329046419976e-5,,
fruit,avgmonth_tmp,0.5788082320563438,1.4019219369789686e-14,,
shrub,avgmonth_tmp,0.5856466040654253,3.4658409109880454e-4,,
lizard,avgmonth_tmp,0.6212540621235936,2.801481556463132e-9,,
cotton,avgmonth_tmp,0.6280946993780419,3.2533767182962507e-6,,
palm,avgmonth_tmp,0.6353029075533255,5.3285636746530405e-11,,
market,avgmonth_tmp,0.6726985723247036,2.7237194847140037e-5,,
parrot,avgmonth_tmp,0.7091338759068876,4.522681872221651e-7,,
rice,avgmonth_tmp,0.7138413369584099,4.38171142642419e-5,,
vine,avgmonth_tmp,0.7599878548703216,4.69988034765377e-7,,
crocodile,avgmonth_tmp,0.8698269531932997,1.299127052779756e-7,,
turtle,avgmonth_tmp,0.9355776776952461,3.887890741824798e-9,,
banana,avgmonth_tmp,1.0672997022677158,1.0625650838422636e-11,,
bamboo,avgmonth_tmp,1.0783887393405758,9.96797656558116e-9,,
yam,avgmonth_tmp,1.0892558077177783,3.8974914179220304e-7,,
text,maxmonth_pre,-0.5735996552989789,7.818347772263623e-4,,
wool,maxmonth_pre,-0.438358539032755,NA,Model convergence problem; non-positive-definite Hessian matrix. See vignette('troubleshooting'),
summer,maxmonth_pre,-0.4380058678178484,2.0704089807823807e-6,,
horse,maxmonth_pre,-0.4067332548541237,6.251324683017009e-5,,
dough,maxmonth_pre,-0.3972751574140678,NA,Model convergence problem; non-positive-definite Hessian matrix. See vignette('troubleshooting'),
squash,maxmonth_pre,-0.3784043112412717,0.01576458350304275,,
singer,maxmonth_pre,-0.37325200798336394,NA,Model convergence problem; non-positive-definite Hessian matrix. See vignette('troubleshooting'),
car,maxmonth_pre,-0.3704320032400702,NA,Model convergence problem; non-positive-definite Hessian matrix. See vignette('troubleshooting'),
nickname,maxmonth_pre,-0.36847692972016466,0.006486410736268889,,
ice,maxmonth_pre,-0.34369872766668086,5.641930133141758e-4,,
sheep,maxmonth_pre,-0.3377533370533607,1.1387880525679677e-4,,
berry,maxmonth_pre,-0.32064923880559826,0.005822885976457261,,
entry,maxmonth_pre,-0.3198708475643817,0.050685030562580655,,
engine,maxmonth_pre,-0.3184229412263977,0.0167665054644237,,
bucket,maxmonth_pre,-0.31740703409251847,0.004953258128625566,,
bus,maxmonth_pre,-0.31193908453844016,0.053374873292499826,,
toilet,maxmonth_pre,-0.3090792960198874,0.006350689855920647,,
speed,maxmonth_pre,-0.3063981235356596,4.4077703244962545e-4,,
student,maxmonth_pre,-0.3052807265845619,0.011004191855504898,"Model convergence problem; singular convergence (7). See vignette('troubleshooting'), help('diagnose')",
snow,maxmonth_pre,-0.2978340454967609,0.023335947449335273,,
winter,maxmonth_pre,-0.2891567973351371,0.005556115310932972,,
butcher,maxmonth_pre,-0.28484068363860604,0.02408182734927835,,
leather,maxmonth_pre,-0.2806908822284153,2.6401353333407776e-4,,
translation,maxmonth_pre,-0.27964288426647627,0.011367055252697553,,
team,maxmonth_pre,-0.26655029313398415,0.01782562345502158,,
strap,maxmonth_pre,-0.2613213122521766,0.004093786929876565,"failed to invert Hessian from numDeriv::jacobian(), falling back to internal vcov estimate;Model convergence problem; singular convergence (7). See vignette('troubleshooting'), help('diagnose')",
description,maxmonth_pre,-0.26050193075435735,NA,,Model convergence problem; non-positive-definite Hessian matrix. See vignette('troubleshooting')
marrow,maxmonth_pre,-0.2533201154582311,0.004077267465816965,,
kid,maxmonth_pre,-0.24977443340961458,0.06734739684975746,,
culture,maxmonth_pre,-0.24108715668392094,0.015310925623690456,,
desert,maxmonth_pre,-0.23967815303158155,0.022954024695372506,,
quiver,maxmonth_pre,-0.23908442356411783,0.015397471646430568,,
spill,maxmonth_pre,-0.23884033104791352,0.010419924580030056,,
partner,maxmonth_pre,-0.23510952729187848,NA,,Model convergence problem; non-positive-definite Hessian matrix. See vignette('troubleshooting')
volume,maxmonth_pre,-0.2308063218204402,0.01100243637163092,,
neglect,maxmonth_pre,-0.23015955502568147,NA,Model convergence problem; non-positive-definite Hessian matrix. See vignette('troubleshooting'),
clothing,maxmonth_pre,-0.22946685610690468,0.015789956244465976,,
problem,maxmonth_pre,-0.2290699873218348,0.026919401067365768,,
pronunciation,maxmonth_pre,-0.2281070391557743,0.03480348201016373,,
card,maxmonth_pre,-0.2271643755853037,0.05534331704694075,,
camp,maxmonth_pre,-0.226221453318992,0.047988074014402415,,
fur,maxmonth_pre,-0.2260712956806259,0.021739065389364653,,
envy,maxmonth_pre,-0.21968670236658894,0.025297522219306385,,
loss,maxmonth_pre,-0.21381760689713655,0.013947602722901032,,
coat,maxmonth_pre,-0.21277751958400462,0.027409139305320806,,
wrinkle,maxmonth_pre,-0.2095282871964386,0.036078929675762254,,
blanket,maxmonth_pre,-0.20780805496654864,0.04493284560025565,,
brand,maxmonth_pre,-0.20652256791351709,0.03827494857491607,"Model convergence problem; singular convergence (7). See vignette('troubleshooting'), help('diagnose')",
bullet,maxmonth_pre,-0.20464240758401087,0.042061178674968974,,
ride,maxmonth_pre,-0.20290708977557018,0.0275851089114773,,
shovel,maxmonth_pre,-0.2015636726854106,0.04777265788549152,,
pace,maxmonth_pre,-0.1957634231541612,0.05102871988323687,,
rush,maxmonth_pre,-0.19536024024700802,0.028223501840084667,,
cream,maxmonth_pre,-0.1944723151064603,0.16770396066001816,,
tea,maxmonth_pre,-0.194059309065995,0.04835860710012903,,
treatment,maxmonth_pre,-0.19174708457470424,NA,,Model convergence problem; non-positive-definite Hessian matrix. See vignette('troubleshooting')
list,maxmonth_pre,-0.1914671157359743,0.04634340684102092,,
coffee,maxmonth_pre,-0.1897200620307146,0.15303411668061842,,
sack,maxmonth_pre,-0.18736407205257294,0.028598497465541224,,
rifle,maxmonth_pre,-0.18622261382655547,0.12478351053890345,,
table,maxmonth_pre,-0.18303468927325237,0.0159338966515279,,
trouser,maxmonth_pre,-0.1820855627721306,0.085170764834618,,
shoe,maxmonth_pre,-0.1812093072451736,0.01160719579962682,,
wheel,maxmonth_pre,-0.17983313666351625,0.018309156397035287,,
tool,maxmonth_pre,-0.1788800959263886,0.025150261690057036,,
bug,maxmonth_pre,-0.17541100464430706,0.14072348559848932,,
daughter-in-law,maxmonth_pre,-0.17533411051730136,0.07418351392744268,,
accident,maxmonth_pre,-0.17493195681645796,0.0352889745051068,,
gas,maxmonth_pre,-0.17433140341259826,0.18303419212170546,,
community,maxmonth_pre,-0.17261506208346356,0.04312076997595606,,
stuff,maxmonth_pre,-0.17203453219597825,0.0520351204659964,,
formation,maxmonth_pre,-0.17059382555766386,0.054262308874923504,"Model convergence problem; singular convergence (7). See vignette('troubleshooting'), help('diagnose')",
stagger,maxmonth_pre,-0.16803559198377765,0.03629705033711139,"Model convergence problem; singular convergence (7). See vignette('troubleshooting'), help('diagnose')",
flour,maxmonth_pre,-0.16758717520046346,0.03746605458584767,,
absence,maxmonth_pre,-0.16752905335398227,0.03886321958805463,,
travel,maxmonth_pre,-0.16641544301855604,NA,Model convergence problem; non-positive-definite Hessian matrix. See vignette('troubleshooting'),
clause,maxmonth_pre,-0.16633825602011196,0.2369491418140652,,
plane,maxmonth_pre,-0.16630518369989966,0.050136533814321725,,
syllable,maxmonth_pre,-0.164205882618738,0.1801175811482079,,
injury,maxmonth_pre,-0.16198926084795887,0.11028340784540643,,
tendon,maxmonth_pre,-0.16108050520489756,0.15296243766586332,,
mouse,maxmonth_pre,-0.1608061729939995,0.02270092556512541,,
punch,maxmonth_pre,-0.16066934457189885,0.13499814904260204,,
tape,maxmonth_pre,-0.16061936510457517,0.20384351886790197,,
university,maxmonth_pre,-0.1602352032907898,0.11188242087196841,,
skill,maxmonth_pre,-0.15934172098192884,0.0805054683204834,,
button,maxmonth_pre,-0.15844052568512784,0.05644589204811623,,
smear,maxmonth_pre,-0.15784284826517733,0.12506775300900233,,
slide,maxmonth_pre,-0.15758136759192623,0.05117169412435247,,
mountain,maxmonth_pre,-0.15733579576317117,0.06615150172550703,,
expert,maxmonth_pre,-0.15673286367698905,0.14274702089849414,,
muscle,maxmonth_pre,-0.1565083535492909,NA,Model convergence problem; non-positive-definite Hessian matrix. See vignette('troubleshooting'),
thigh,maxmonth_pre,-0.15591262776678888,0.008732699578761258,,
bump,maxmonth_pre,-0.15589467155611567,0.10748466144467446,,
grief,maxmonth_pre,-0.1558238177465702,0.15320012826766724,,
information,maxmonth_pre,-0.15580521174595385,0.05758720143598068,,
sand,maxmonth_pre,-0.15570451265410895,0.012266139734519184,,
police,maxmonth_pre,-0.15480141866527386,0.20743404722979136,,
eagle,maxmonth_pre,-0.15447975706280231,0.07276395096909637,,
obligation,maxmonth_pre,-0.15376230683578018,0.20123231093844637,,
fact,maxmonth_pre,-0.15279907595083697,0.05791297881693509,,
lack,maxmonth_pre,-0.151959839254802,0.01912537790704139,,
cake,maxmonth_pre,-0.15194863158790312,0.14993828150463764,,
cliff,maxmonth_pre,-0.15117152720456456,0.1632570385046687,,
print,maxmonth_pre,-0.1502586988429395,0.12094696491871938,,
drip,maxmonth_pre,-0.15009407929455884,0.04534463282836935,,
music,maxmonth_pre,-0.14895373108741838,0.15597836507878482,,
mount,maxmonth_pre,-0.14816936673927084,0.10389631296098722,,
wine,maxmonth_pre,-0.14694201312475308,0.26513049571141767,,
polish,maxmonth_pre,-0.14673111712985593,0.1029564356096039,,
milk,maxmonth_pre,-0.1448504963628276,0.024411243973302126,,
grammar,maxmonth_pre,-0.1444680102152844,0.1689941199212465,,
teaching,maxmonth_pre,-0.1416044495583515,NA,,"Model convergence problem; non-positive-definite Hessian matrix. See vignette('troubleshooting');Model convergence problem; singular convergence (7). See vignette('troubleshooting'), help('diagnose')"
purse,maxmonth_pre,-0.14069826189846424,0.17561141221788676,,
swimming,maxmonth_pre,-0.14059343669697513,0.11382840245585896,,
pocket,maxmonth_pre,-0.1399389595236102,0.0618689614320091,,
item,maxmonth_pre,-0.13915553740215972,0.20257647347828414,,
goal,maxmonth_pre,-0.13772785028368137,0.21907111505666996,,
benefit,maxmonth_pre,-0.13769742258918022,0.15597155175650462,,
splash,maxmonth_pre,-0.13731824554305141,0.10671620734072979,,
dish,maxmonth_pre,-0.13673424785379482,0.06452159020160701,,
mist,maxmonth_pre,-0.13669730169396108,0.05098718878774949,,
mercy,maxmonth_pre,-0.13662482921325714,0.19946041504698392,,
barrel,maxmonth_pre,-0.13635224491017595,0.19352192340972185,,
glue,maxmonth_pre,-0.13628954061983203,0.10394338103913467,,
fox,maxmonth_pre,-0.13535212336177083,0.23658180519304164,,
thirst,maxmonth_pre,-0.13511539685478632,0.06223043365619583,,
harm,maxmonth_pre,-0.13416074296540287,0.1358972181853183,,
nation,maxmonth_pre,-0.1340540094612032,0.28743443287571396,,
drill,maxmonth_pre,-0.13390350783087474,0.18981915470514632,,
player,maxmonth_pre,-0.13286301228115716,0.2501301194682109,,
feature,maxmonth_pre,-0.13105111392265148,0.11456401913251414,"Model convergence problem; singular convergence (7). See vignette('troubleshooting'), help('diagnose')",
sister-in-law,maxmonth_pre,-0.12986302821845652,0.15655771846736743,,
evidence,maxmonth_pre,-0.12936579643247087,0.16236913518090082,,
construction,maxmonth_pre,-0.12921649282322206,0.16948061289799926,NA/NaN function evaluation,
deed,maxmonth_pre,-0.12920858691603748,0.270544050609564,,
suit,maxmonth_pre,-0.12876798033064382,0.2256258463915365,,
garment,maxmonth_pre,-0.12827149559240877,0.2545485480490332,,
title,maxmonth_pre,-0.1278015954395947,0.2971868467609008,,
attempt,maxmonth_pre,-0.1267088247128474,0.08877496730047947,,
doctor,maxmonth_pre,-0.12660681581908179,0.1726979059653651,,
prey,maxmonth_pre,-0.12634371011382928,0.19323892570236076,,
rash,maxmonth_pre,-0.1259888488030787,NA,Model convergence problem; non-positive-definite Hessian matrix. See vignette('troubleshooting'),"Model convergence problem; singular convergence (7). See vignette('troubleshooting'), help('diagnose')"
goose,maxmonth_pre,-0.12593339912959417,0.22431410110768454,,
distinction,maxmonth_pre,-0.12515577997997204,0.28122601240943984,,
rock,maxmonth_pre,-0.12514032655252005,0.0653036318035127,,
opinion,maxmonth_pre,-0.12488998283729175,0.19961084464237033,,
store,maxmonth_pre,-0.12405506334695465,0.04412906879995832,,
pet,maxmonth_pre,-0.12393239277647584,0.2255800436699404,,
aspect,maxmonth_pre,-0.12390486273659176,NA,Model convergence problem; non-positive-definite Hessian matrix. See vignette('troubleshooting'),
guide,maxmonth_pre,-0.12345439578789642,0.07293950318192076,,
paste,maxmonth_pre,-0.12342240055240228,0.2970198609129722,,
game,maxmonth_pre,-0.12259693369991694,0.0881033403191932,,
remainder,maxmonth_pre,-0.12213368520181281,0.16514788558586938,,
scream,maxmonth_pre,-0.12146086748247688,0.12773094050567474,,
calf,maxmonth_pre,-0.12118018929481787,0.03399010200146611,,
flap,maxmonth_pre,-0.12100588259839226,0.14330885952088235,,
room,maxmonth_pre,-0.12093584355424422,0.08690157019177229,,
stink,maxmonth_pre,-0.12048395231573135,0.1171027820471506,"Model convergence problem; singular convergence (7). See vignette('troubleshooting'), help('diagnose')",
curl,maxmonth_pre,-0.12044511405175176,0.13886497920884167,,
detail,maxmonth_pre,-0.12011113536555001,0.17301005919937143,,
intention,maxmonth_pre,-0.11997897632947689,0.18477672208550627,,
herd,maxmonth_pre,-0.11990995809579764,0.17097658280232403,,
south,maxmonth_pre,-0.11905088006727246,NA,Model convergence problem; non-positive-definite Hessian matrix. See vignette('troubleshooting'),
shirt,maxmonth_pre,-0.11871698084544108,NA,Model convergence problem; non-positive-definite Hessian matrix. See vignette('troubleshooting'),
curve,maxmonth_pre,-0.11845409693230227,0.2110291437820829,,
width,maxmonth_pre,-0.11825943426615729,0.16791247282125854,,
report,maxmonth_pre,-0.11824170629493308,NA,Model convergence problem; non-positive-definite Hessian matrix. See vignette('troubleshooting'),
study,maxmonth_pre,-0.1182353105527107,0.17887683173692975,,
loop,maxmonth_pre,-0.11565012717519925,0.295386551315903,,
sewing,maxmonth_pre,-0.11546584929180768,0.21552931050678267,,
staff,maxmonth_pre,-0.11482597935614514,NA,Model convergence problem; non-positive-definite Hessian matrix. See vignette('troubleshooting'),
rooster,maxmonth_pre,-0.11433747110054676,0.419101327866253,,
bread,maxmonth_pre,-0.11433267380620747,0.13082792033740714,,
nostril,maxmonth_pre,-0.11311736865747601,0.12242225953515469,,
warrior,maxmonth_pre,-0.11294932754673698,0.4358731027736746,,
wedding,maxmonth_pre,-0.11227892944763596,0.4058678653528327,,
agent,maxmonth_pre,-0.11227536397770113,0.26359623348186656,,
trace,maxmonth_pre,-0.1120220750559733,0.21527553788714984,,
creature,maxmonth_pre,-0.1119179269064452,0.13933094232231127,,
kitchen,maxmonth_pre,-0.11177356957042063,0.3104168293700132,,
cousin,maxmonth_pre,-0.11163879619106368,NA,Model convergence problem; non-positive-definite Hessian matrix. See vignette('troubleshooting'),
train,maxmonth_pre,-0.11072949574336699,0.19241988901473378,,
cow,maxmonth_pre,-0.11064921069567454,0.14256058978321157,,
steam,maxmonth_pre,-0.11016141483052486,0.15300838712024167,,
grease,maxmonth_pre,-0.10978340023737738,0.21820547202405857,,
window,maxmonth_pre,-0.10933895870507461,0.12127309770905141,,
air,maxmonth_pre,-0.10755219616518968,0.013384297186642496,,
whip,maxmonth_pre,-0.1068379262156435,0.1491678774290463,,
coal,maxmonth_pre,-0.10615260679443274,0.1179680123146411,,
gall,maxmonth_pre,-0.10594027568798485,0.26838693227020793,,
basin,maxmonth_pre,-0.10548287734987524,0.26667806512283826,,
spring,maxmonth_pre,-0.10547067611578088,0.038765773898053295,,
issue,maxmonth_pre,-0.10501919693265441,0.2685449905127485,,
business,maxmonth_pre,-0.10441305320059176,0.2368057744248803,,
fun,maxmonth_pre,-0.10433025049302147,0.21441277991701943,,
valley,maxmonth_pre,-0.10416819567690881,0.20707775548350144,,
route,maxmonth_pre,-0.10392239026669174,NA,"Model convergence problem; singular convergence (7). See vignette('troubleshooting'), help('diagnose')",Model convergence problem; non-positive-definite Hessian matrix. See vignette('troubleshooting')
pant,maxmonth_pre,-0.10295542088574627,NA,,Model convergence problem; non-positive-definite Hessian matrix. See vignette('troubleshooting')
glass,maxmonth_pre,-0.1020491290529784,0.1007755463953474,,
patient,maxmonth_pre,-0.1012699664353695,0.3030367773511018,,
liquid,maxmonth_pre,-0.09975721691644848,0.15316032429365856,,
bed,maxmonth_pre,-0.09953111445464605,0.029081546149221107,,
machine,maxmonth_pre,-0.09943096845603908,0.3592005476445277,,
grant,maxmonth_pre,-0.09941105257170381,0.38877169252437116,,
candle,maxmonth_pre,-0.09893130575476963,0.3467068849641977,,
shop,maxmonth_pre,-0.09887269114011221,0.3685673591252852,,
memory,maxmonth_pre,-0.0984900813736079,0.27210615288648093,,
needle,maxmonth_pre,-0.09799534600752399,0.0739434642370061,,
greeting,maxmonth_pre,-0.09779564261811062,0.274645172607101,,
payment,maxmonth_pre,-0.09755453579136586,0.33821098116298837,,
mill,maxmonth_pre,-0.09742284825797469,0.3947449476500255,,
meat,maxmonth_pre,-0.09700716206386249,0.10080001571010394,,
burden,maxmonth_pre,-0.09671123891621017,0.2586615291541164,"Model convergence problem; singular convergence (7). See vignette('troubleshooting'), help('diagnose')",
teacher,maxmonth_pre,-0.09554365807039714,NA,,Model convergence problem; non-positive-definite Hessian matrix. See vignette('troubleshooting')
quarter,maxmonth_pre,-0.09546935291189272,0.30696992488098784,,
district,maxmonth_pre,-0.09509591851297851,0.4760781118472909,,
concern,maxmonth_pre,-0.09494287320472343,0.33179772244862304,,
goat,maxmonth_pre,-0.09490215224990171,0.27852860554829456,,
nape,maxmonth_pre,-0.09438446627463726,0.3212430223458379,,
hurry,maxmonth_pre,-0.09413169955489223,0.13082171915926172,,
record,maxmonth_pre,-0.09367213376260192,0.33721341102974695,,
cure,maxmonth_pre,-0.09338786053798065,0.21724744545212638,,
doubt,maxmonth_pre,-0.09326209506136893,0.2568304672239361,,
file,maxmonth_pre,-0.09294234097849292,0.2563691796380201,,
comment,maxmonth_pre,-0.09166443091491688,0.4132017693174191,,
layer,maxmonth_pre,-0.09140263890641505,0.30889340875722765,,
fog,maxmonth_pre,-0.09136983261881797,0.23557700583451746,,
puff,maxmonth_pre,-0.0912564104186466,NA,Model convergence problem; non-positive-definite Hessian matrix. See vignette('troubleshooting'),
dialect,maxmonth_pre,-0.09117951486688787,0.4523211152975708,,
descendant,maxmonth_pre,-0.09087100564605857,0.38878910540477085,,
rattle,maxmonth_pre,-0.08964645920282314,0.39627624519937876,,
butter,maxmonth_pre,-0.0892957244540648,0.4097837033088539,,
kiss,maxmonth_pre,-0.0889624057282752,NA,,Model convergence problem; non-positive-definite Hessian matrix. See vignette('troubleshooting')
command,maxmonth_pre,-0.08774906922979783,NA,Model convergence problem; non-positive-definite Hessian matrix. See vignette('troubleshooting'),Model convergence problem; non-positive-definite Hessian matrix. See vignette('troubleshooting')
explanation,maxmonth_pre,-0.0876549835688964,0.3211527428142309,,
eyelash,maxmonth_pre,-0.08728815575847645,0.16201191581116078,,
hoe,maxmonth_pre,-0.08701675207503803,0.4709616500623087,,
orphan,maxmonth_pre,-0.08692719785821229,0.20144143716047397,,
attack,maxmonth_pre,-0.08649826796326947,0.17347431594946572,,
structure,maxmonth_pre,-0.086074096652185475,0.3570247793753186,"Model convergence problem; singular convergence (7). See vignette('troubleshooting'), help('diagnose')","Model convergence problem; singular convergence (7). See vignette('troubleshooting'), help('diagnose')"
owner,maxmonth_pre,-0.08567429455427844,0.2772959031207388,,
aid,maxmonth_pre,-0.08520811244118734,NA,Model convergence problem; non-positive-definite Hessian matrix. See vignette('troubleshooting'),
apple,maxmonth_pre,-0.08483929900733518,0.29389228819292085,,
ball,maxmonth_pre,-0.08413817382095985,0.13140801625201085,,
choice,maxmonth_pre,-0.08403137454205102,0.3401456359274534,,
bone,maxmonth_pre,-0.08377417684669874,NA,Model convergence problem; non-positive-definite Hessian matrix. See vignette('troubleshooting'),
handkerchief,maxmonth_pre,-0.08325888168942235,0.3792404515931493,,
pile,maxmonth_pre,-0.08305298084341739,0.1440183334359143,,
cloud,maxmonth_pre,-0.08274031055963998,0.1487795520151013,,
value,maxmonth_pre,-0.08253257385462368,0.17999816992981094,,
visitor,maxmonth_pre,-0.08252082859628247,0.3877922772852413,,
damage,maxmonth_pre,-0.08193978179686671,0.3624879512739852,,
rag,maxmonth_pre,-0.0812457612927777,0.3380669787466163,,
dwelling,maxmonth_pre,-0.08058500966383056,0.480306984531496,,
settlement,maxmonth_pre,-0.0801554674815346,NA,,Model convergence problem; non-positive-definite Hessian matrix. See vignette('troubleshooting')
adult,maxmonth_pre,-0.07991846834863046,0.3144482871526235,,
talk,maxmonth_pre,-0.0796333135025055,NA,Model convergence problem; non-positive-definite Hessian matrix. See vignette('troubleshooting'),
bible,maxmonth_pre,-0.07950011519641705,0.5972467060368899,,
element,maxmonth_pre,-0.07949687988898198,0.5755553193345317,,
metal,maxmonth_pre,-0.07931246191319367,0.3077683811931866,,
footprint,maxmonth_pre,-0.07930168994359969,0.31414537168136025,,
stab,maxmonth_pre,-0.0792069366829029,0.31252811366403194,,
country,maxmonth_pre,-0.07840409579837092,0.31193542642175126,,
star,maxmonth_pre,-0.0778347479015694,0.12317670878612881,"Model convergence problem; singular convergence (7). See vignette('troubleshooting'), help('diagnose')",
gold,maxmonth_pre,-0.07771797424608974,0.3900231324090812,,
lady,maxmonth_pre,-0.07749816779933164,0.5226832783476835,,
control,maxmonth_pre,-0.07746473799443876,0.3086212243019457,,
vein,maxmonth_pre,-0.07679968658063648,0.47797871358469957,,
prayer,maxmonth_pre,-0.07565786241660279,0.4422264471139993,,
territory,maxmonth_pre,-0.07565490880035697,NA,"Model convergence problem; non-positive-definite Hessian matrix. See vignette('troubleshooting');Model convergence problem; singular convergence (7). See vignette('troubleshooting'), help('diagnose')","Model convergence problem; singular convergence (7). See vignette('troubleshooting'), help('diagnose')"
lion,maxmonth_pre,-0.07528426219597109,0.4992030137283281,,
usage,maxmonth_pre,-0.07488891652023863,0.5368284694429927,,"failed to invert Hessian from numDeriv::jacobian(), falling back to internal vcov estimate"
herb,maxmonth_pre,-0.07484774054375043,0.5452741379822073,,
burial,maxmonth_pre,-0.07445848746097164,0.4082947079030383,,
grandmother,maxmonth_pre,-0.07404817271280537,NA,Model convergence problem; non-positive-definite Hessian matrix. See vignette('troubleshooting'),
worker,maxmonth_pre,-0.07399136004973055,0.38638268105017876,,
insult,maxmonth_pre,-0.07371797114665216,0.4070456436448043,,
date,maxmonth_pre,-0.07327641797543848,0.36912542749199634,,
care,maxmonth_pre,-0.07312994372691489,0.07987102088073454,,
future,maxmonth_pre,-0.07296632414250484,0.27178834406603847,,
comfort,maxmonth_pre,-0.07244259155210697,0.4305813756237016,,
bowl,maxmonth_pre,-0.0715302850130741,0.3836264293914732,,"Model convergence problem; singular convergence (7). See vignette('troubleshooting'), help('diagnose')"
slap,maxmonth_pre,-0.07124196684580839,0.4011197593185513,,
devil,maxmonth_pre,-0.07116941473076671,0.5491467096638087,,
daytime,maxmonth_pre,-0.0692144243626976,0.4718998202316169,,
pupil,maxmonth_pre,-0.06920354381475108,0.36394141965890525,,
container,maxmonth_pre,-0.06885647259456709,0.5463327022504233,,
shock,maxmonth_pre,-0.06864674860125336,0.48708387210219817,,
nurse,maxmonth_pre,-0.0682655908759886,0.35398997813227184,,
chain,maxmonth_pre,-0.06761426537779167,NA,Model convergence problem; non-positive-definite Hessian matrix. See vignette('troubleshooting'),
intestine,maxmonth_pre,-0.06760185614441015,0.3197523490952907,,
wound,maxmonth_pre,-0.06752911731110076,0.2581827983760558,,
introduction,maxmonth_pre,-0.06751288731159037,0.4643316734568775,,
silver,maxmonth_pre,-0.06684298758984912,0.4428366449806661,,
rake,maxmonth_pre,-0.06669113718508085,0.388893127121146,"Model convergence problem; singular convergence (7). See vignette('troubleshooting'), help('diagnose')",
symbol,maxmonth_pre,-0.06655842372815282,0.509940965719507,,
context,maxmonth_pre,-0.06631998816591073,0.527980569271499,,
brother-in-law,maxmonth_pre,-0.06610555346665138,NA,Model convergence problem; non-positive-definite Hessian matrix. See vignette('troubleshooting'),
pebble,maxmonth_pre,-0.06593553534943389,NA,,Model convergence problem; non-positive-definite Hessian matrix. See vignette('troubleshooting')
fright,maxmonth_pre,-0.0652837665975453,NA,Model convergence problem; non-positive-definite Hessian matrix. See vignette('troubleshooting'),Model convergence problem; non-positive-definite Hessian matrix. See vignette('troubleshooting')
space,maxmonth_pre,-0.06516671827814999,0.25941557507442303,,
grave,maxmonth_pre,-0.06504716704590373,0.3364240513872585,,
hour,maxmonth_pre,-0.06457667807574563,0.35101309180132517,,
experience,maxmonth_pre,-0.06423223494291627,0.3863145605932554,,
fork,maxmonth_pre,-0.06416872509381646,0.3190365145284236,,
niece,maxmonth_pre,-0.06391139599734777,0.42110400695633887,,
supply,maxmonth_pre,-0.06357513123655845,0.46263080406597834,,
trust,maxmonth_pre,-0.06342974139692692,0.47541053377203013,,
oven,maxmonth_pre,-0.06317390762596316,0.7147109794152011,,
beard,maxmonth_pre,-0.06287227631882213,0.24325931651790797,,
plug,maxmonth_pre,-0.0628248058089958,0.5022103542635941,,
desire,maxmonth_pre,-0.0624653714421898,0.34057029881637835,,
cigarette,maxmonth_pre,-0.06223200251133741,0.5987159151667142,,
flag,maxmonth_pre,-0.06200451861751163,0.5035936537770066,,
council,maxmonth_pre,-0.06172595065508323,0.5849182699772733,,
band,maxmonth_pre,-0.0616911973949637,0.4414624444024091,,
abdomen,maxmonth_pre,-0.06131157718134418,0.5233434482511605,,
pad,maxmonth_pre,-0.06123563511393569,0.5276842058248082,,
like,maxmonth_pre,-0.06103111995056841,0.16969597361002325,,
kettle,maxmonth_pre,-0.06052452856495311,0.6211687626156593,,
exception,maxmonth_pre,-0.060249762064125384,0.6095809373827763,,
enclosure,maxmonth_pre,-0.0602071821207443,0.5402003118631928,,
lid,maxmonth_pre,-0.05999214497065478,0.40026661423227516,,
crop,maxmonth_pre,-0.059927589957791,0.4841035338231169,,
interest,maxmonth_pre,-0.059836905030955984,0.4268448172484381,,
arrow,maxmonth_pre,-0.059701099589985575,0.5251575416343146,,
dog,maxmonth_pre,-0.05916793428668838,0.3187675014670936,,
heel,maxmonth_pre,-0.05878732314406296,0.33751069417923457,,
limb,maxmonth_pre,-0.05868241123567473,0.42858328385006333,,
signal,maxmonth_pre,-0.05840786171776641,0.49245002670636295,,
hail,maxmonth_pre,-0.05839441633260199,0.4776447829999632,,
approach,maxmonth_pre,-0.05773402733051667,0.4672941569956737,,
pine,maxmonth_pre,-0.05703553531656313,0.6039531870758028,,
knowledge,maxmonth_pre,-0.056972390300481575,0.3514717355414766,,
transport,maxmonth_pre,-0.056462937378772816,NA,"Model convergence problem; singular convergence (7). See vignette('troubleshooting'), help('diagnose')","Model convergence problem; non-positive-definite Hessian matrix. See vignette('troubleshooting');Model convergence problem; singular convergence (7). See vignette('troubleshooting'), help('diagnose')"
liver,maxmonth_pre,-0.05642684015991828,0.3642793952639807,,
chair,maxmonth_pre,-0.05617885695666698,0.42251723072857317,,
whisper,maxmonth_pre,-0.05614377697095171,0.3325807238187409,,
misfortune,maxmonth_pre,-0.05604407278130666,0.5074182324676426,,
age,maxmonth_pre,-0.05577780416072631,NA,Model convergence problem; non-positive-definite Hessian matrix. See vignette('troubleshooting'),
pin,maxmonth_pre,-0.0557054039839485,0.5563572465861478,,
evening,maxmonth_pre,-0.05561753029128706,NA,,Model convergence problem; non-positive-definite Hessian matrix. See vignette('troubleshooting')
airplane,maxmonth_pre,-0.05557570006763547,0.6083632157122277,,
rust,maxmonth_pre,-0.05470402451596675,0.44633685518560595,,
howl,maxmonth_pre,-0.054682125781019796,0.5023656725225476,,
sweat,maxmonth_pre,-0.05462010870917108,0.4193284819385082,,
saliva,maxmonth_pre,-0.05461049278366798,0.3890462646934632,,
brain,maxmonth_pre,-0.05446610083594385,0.35448829435644913,,
limit,maxmonth_pre,-0.05426814222453471,0.5408276983548731,,
hut,maxmonth_pre,-0.05404677511271004,0.6243357136137071,,
tongue,maxmonth_pre,-0.054037393230131736,0.15314116167539574,,
success,maxmonth_pre,-0.05269715079343075,0.5643347573496876,,
reason,maxmonth_pre,-0.0524069709897535,NA,,Model convergence problem; non-positive-definite Hessian matrix. See vignette('troubleshooting')
assistance,maxmonth_pre,-0.05181196261940306,0.5127322753565435,,
scratch,maxmonth_pre,-0.051310478775788926,0.37510591481078787,,
bruise,maxmonth_pre,-0.05044483257740917,0.4872513403779191,,
bolt,maxmonth_pre,-0.05037081716166084,0.5689091502787315,,
animal,maxmonth_pre,-0.04978426398447457,0.3529401194474647,,
limp,maxmonth_pre,-0.04973489323306537,0.4940426226321041,,NA/NaN function evaluation
heart,maxmonth_pre,-0.049641323460621674,0.37748954292681136,,
belt,maxmonth_pre,-0.0491324678278075,0.42400638499226234,,
page,maxmonth_pre,-0.04898720316360757,0.6847979910558487,,
behavior,maxmonth_pre,-0.048966328769965164,0.5698584514055489,,
copy,maxmonth_pre,-0.048761268879628915,NA,"Model convergence problem; non-positive-definite Hessian matrix. See vignette('troubleshooting');Model convergence problem; singular convergence (7). See vignette('troubleshooting'), help('diagnose')",
emotion,maxmonth_pre,-0.0487456708865954,0.6392764925072039,,
bandage,maxmonth_pre,-0.048700008899634585,0.5271620924803175,,
spouse,maxmonth_pre,-0.048615564411852115,0.7141300459933627,,
argument,maxmonth_pre,-0.04860176710039414,0.49456751682600875,,
breath,maxmonth_pre,-0.048443590688480226,0.31886413993491275,,
onion,maxmonth_pre,-0.048438808309376705,0.5499692158087964,,
residence,maxmonth_pre,-0.047985929652168545,0.64778258091172225,,
completion,maxmonth_pre,-0.04771695503709225,0.61310555575683,,
leader,maxmonth_pre,-0.047629942591251424,0.5327098092558822,,
position,maxmonth_pre,-0.047262479535737006,0.4762437055750667,,
relationship,maxmonth_pre,-0.04719809410625566,0.5880653357033002,,
arm,maxmonth_pre,-0.047038390681276694,0.2629903411788501,,
relative,maxmonth_pre,-0.0468534724796243,0.5824674772477567,,
servant,maxmonth_pre,-0.046795355799332645,0.5990973168089282,,
yard,maxmonth_pre,-0.046717853310558236,0.6257928296916019,,
dislike,maxmonth_pre,-0.046656995419621664,0.6203705722983694,,
baby,maxmonth_pre,-0.04665060155383768,0.5683701834622013,,
cave,maxmonth_pre,-0.046643859866836904,0.48974008837428906,,
service,maxmonth_pre,-0.04658387431212307,0.580396928215074,,
stroke,maxmonth_pre,-0.046533658823637324,0.6321401040657624,,
fingernail,maxmonth_pre,-0.04605274776427088,0.666897857034258,,
toy,maxmonth_pre,-0.04567874747051537,0.6067923605145961,,
repair,maxmonth_pre,-0.0456358741419642,0.5236527455315457,,
honey,maxmonth_pre,-0.04540767991382738,0.5436577245332,,
plan,maxmonth_pre,-0.04538679178578343,NA,Model convergence problem; non-positive-definite Hessian matrix. See vignette('troubleshooting'),Model convergence problem; non-positive-definite Hessian matrix. See vignette('troubleshooting')
gut,maxmonth_pre,-0.04508098215869054,NA,Model convergence problem; non-positive-definite Hessian matrix. See vignette('troubleshooting'),
illness,maxmonth_pre,-0.044849704424358205,0.5599518471628322,,
difference,maxmonth_pre,-0.04482369930463549,0.5759000541362692,,
backbone,maxmonth_pre,-0.04482211886677308,0.6177226371375171,,
temple,maxmonth_pre,-0.044732519302828115,0.7203471637448158,,
location,maxmonth_pre,-0.04456583361641382,0.7452522168564072,,
direction,maxmonth_pre,-0.044218123650794076,0.47793527483589193,,
quality,maxmonth_pre,-0.044109355255918664,0.5833869797902169,,
divorce,maxmonth_pre,-0.044026952078780345,0.6139811338750473,,
rib,maxmonth_pre,-0.043938291891501544,0.4473648196016531,,
material,maxmonth_pre,-0.043873916833615786,0.5003959918984338,,
cord,maxmonth_pre,-0.04377832736253463,NA,"Model convergence problem; non-positive-definite Hessian matrix. See vignette('troubleshooting');Model convergence problem; singular convergence (7). See vignette('troubleshooting'), help('diagnose')",
grain,maxmonth_pre,-0.043605930972391425,0.6758513600645244,,
cement,maxmonth_pre,-0.04344698053982648,0.7119226843859012,,
gravel,maxmonth_pre,-0.04324787830296544,0.587740947049585,,
moment,maxmonth_pre,-0.0431899108180646,0.624239716580882,,
jail,maxmonth_pre,-0.042781158632749956,0.6430875656867098,,
mix,maxmonth_pre,-0.04268493132492127,0.3729111482469492,,
view,maxmonth_pre,-0.04249758772522874,0.5046805627224339,,
spoon,maxmonth_pre,-0.04240765458007391,0.5426103295022523,,
history,maxmonth_pre,-0.04240538499191315,0.636402315181434,,
grape,maxmonth_pre,-0.04237961159050633,0.683208560189641,,
horn,maxmonth_pre,-0.04217418364318488,0.4824499104390783,,
harvest,maxmonth_pre,-0.042081782710824335,0.6145741199251225,,
thanks,maxmonth_pre,-0.042051091174100816,0.6080919220307772,,
board,maxmonth_pre,-0.04201690426631554,0.6129919110806867,,
sink,maxmonth_pre,-0.04154018658525302,0.5011250449797322,,
opportunity,maxmonth_pre,-0.04130882507494146,0.6225119765347441,,
gossip,maxmonth_pre,-0.04115327314863832,0.5908489582075411,,
lake,maxmonth_pre,-0.04088703849143144,0.6737419978682874,,
pillow,maxmonth_pre,-0.04063050910045128,NA,Model convergence problem; non-positive-definite Hessian matrix. See vignette('troubleshooting'),
messenger,maxmonth_pre,-0.04060934361229097,0.6579051885002618,,
queen,maxmonth_pre,-0.04055241523221948,0.6550988219123672,,
burst,maxmonth_pre,-0.040471836264197675,0.575474802620495,,
breathing,maxmonth_pre,-0.04041091654077708,0.5794321136982304,,
shower,maxmonth_pre,-0.040354406395776025,0.593643614176851,,
poison,maxmonth_pre,-0.040212097943231793,0.5438447617899509,,
effort,maxmonth_pre,-0.039659988849383133,0.6099110722690845,,
smoke,maxmonth_pre,-0.039228838235513847,0.3702644953972762,,
chance,maxmonth_pre,-0.03922711932816814,0.6897823974087234,,
hunt,maxmonth_pre,-0.03907611579762738,0.6205482699660821,,
drink,maxmonth_pre,-0.03904805973317138,0.38975633097970314,,
spin,maxmonth_pre,-0.03895798691342681,NA,,Model convergence problem; non-positive-definite Hessian matrix. See vignette('troubleshooting')
balance,maxmonth_pre,-0.03881087936833838,NA,Model convergence problem; non-positive-definite Hessian matrix. See vignette('troubleshooting'),
sky,maxmonth_pre,-0.03867078731931017,0.46386010644526154,,
mistake,maxmonth_pre,-0.03854733680749201,0.49720314102832136,,
journey,maxmonth_pre,-0.038329162955903336,0.6744907646089889,,
hat,maxmonth_pre,-0.03819363648647676,0.6064387285707188,,
hole,maxmonth_pre,-0.0381454568320759,0.3760529382291961,,
health,maxmonth_pre,-0.03768581819916497,NA,Model convergence problem; non-positive-definite Hessian matrix. See vignette('troubleshooting'),
god,maxmonth_pre,-0.03746054825267569,0.6759483677403169,,
leap,maxmonth_pre,-0.037328142807103455,0.6722697451541589,,
squirrel,maxmonth_pre,-0.03711608098236784,0.7720005118739818,,
soup,maxmonth_pre,-0.037103002242785246,0.7069555879268626,,
statement,maxmonth_pre,-0.036800945104216415,NA,"Model convergence problem; non-positive-definite Hessian matrix. See vignette('troubleshooting');Model convergence problem; singular convergence (7). See vignette('troubleshooting'), help('diagnose')",Model convergence problem; non-positive-definite Hessian matrix. See vignette('troubleshooting')
job,maxmonth_pre,-0.03674715287591873,0.6705658725752668,,
clothes,maxmonth_pre,-0.03657358302931788,NA,,Model convergence problem; non-positive-definite Hessian matrix. See vignette('troubleshooting')
nipple,maxmonth_pre,-0.03652871214616065,0.5313964653750647,,"failed to invert Hessian from numDeriv::jacobian(), falling back to internal vcov estimate"
arrival,maxmonth_pre,-0.03614252447981689,0.6921980256128697,,
function,maxmonth_pre,-0.035866416822907955,NA,Model convergence problem; non-positive-definite Hessian matrix. See vignette('troubleshooting'),
iron,maxmonth_pre,-0.0357002593642989,0.5684857987895223,,
nature,maxmonth_pre,-0.03567512780039215,0.6169121058248497,,
religion,maxmonth_pre,-0.03566509743818914,0.7318079907288019,,
possession,maxmonth_pre,-0.0354716006169494,0.5896333261384095,,
ability,maxmonth_pre,-0.03538918845934922,0.6879994657073827,,
sin,maxmonth_pre,-0.035317004102151335,NA,Model convergence problem; non-positive-definite Hessian matrix. See vignette('troubleshooting'),
paint,maxmonth_pre,-0.035062419862413485,0.633904701113247,,
bell,maxmonth_pre,-0.034932215689697656,0.6188249662970161,,
ditch,maxmonth_pre,-0.03486214390349559,0.6998245433792148,,
clay,maxmonth_pre,-0.03465215219849268,0.6540213902943534,,
trim,maxmonth_pre,-0.034503499029817336,NA,,"Model convergence problem; non-positive-definite Hessian matrix. See vignette('troubleshooting');Model convergence problem; singular convergence (7). See vignette('troubleshooting'), help('diagnose')"
heat,maxmonth_pre,-0.034438815070942715,0.4950334044776473,,
wage,maxmonth_pre,-0.034392350300513456,0.6969551312677443,,
wind,maxmonth_pre,-0.03395587489205991,0.45994947551770127,,
exclamation,maxmonth_pre,-0.03389709451115462,0.756894802004718,,
event,maxmonth_pre,-0.033796388406848635,0.6592315477634282,,
party,maxmonth_pre,-0.03343028620412646,0.6884521278490142,,
decision,maxmonth_pre,-0.03317595270775164,0.7263968760172774,,
mixture,maxmonth_pre,-0.03281348020515542,0.6629571253331082,,
regret,maxmonth_pre,-0.0327316657204859,0.7027970182580231,,
area,maxmonth_pre,-0.03263560560393221,0.7565982101971332,,
tar,maxmonth_pre,-0.032454017753150134,0.794074576025192,,
range,maxmonth_pre,-0.03229817721758315,0.7225030127198647,,
money,maxmonth_pre,-0.03203142084029571,0.6203746189313292,,
shaft,maxmonth_pre,-0.03187109547281857,0.7840189993599602,,
race,maxmonth_pre,-0.031631848861982545,0.6962596820595495,,
knee,maxmonth_pre,-0.03159674184871615,0.5240308782955642,,
conversation,maxmonth_pre,-0.03125159869557621,0.6651730328388765,,
skull,maxmonth_pre,-0.030675263473012047,0.5915236624274579,,
understanding,maxmonth_pre,-0.030616768368945002,0.6864772504460737,,
cup,maxmonth_pre,-0.030599775450932606,0.6268770949809445,,
cost,maxmonth_pre,-0.030541385614122667,0.7547012852511955,,
combination,maxmonth_pre,-0.030523135159986992,0.822662871144287,,
weather,maxmonth_pre,-0.03039537023290763,0.6735011423277841,,
error,maxmonth_pre,-0.030059313181952263,0.7369334790568376,,
household,maxmonth_pre,-0.029653061807739505,0.7730991072945124,,
soul,maxmonth_pre,-0.02936188568261714,0.7427206700392059,,
existence,maxmonth_pre,-0.02934447324478342,0.7521608368373817,,
soil,maxmonth_pre,-0.028934976108084366,0.6652148747276095,,
blood,maxmonth_pre,-0.02880782539491697,0.4347923336725686,,
mate,maxmonth_pre,-0.028807684662306605,0.768308680689178,,
picture,maxmonth_pre,-0.028742767439299266,0.702972307072151,,
whirlwind,maxmonth_pre,-0.028561802423985712,0.7055258487250781,,
index,maxmonth_pre,-0.028445785649801096,0.7979412059558992,,
rest,maxmonth_pre,-0.028147315333739882,0.5337340607906823,,
connection,maxmonth_pre,-0.027376471886631212,0.7570261521515083,,
process,maxmonth_pre,-0.02725503655603717,NA,"Model convergence problem; singular convergence (7). See vignette('troubleshooting'), help('diagnose')",Model convergence problem; non-positive-definite Hessian matrix. See vignette('troubleshooting')
friendship,maxmonth_pre,-0.026944151974069925,0.7935611387935371,,
cry,maxmonth_pre,-0.0267372634274182,0.75426161523786,,
tomorrow,maxmonth_pre,-0.026080209145517473,0.7493691157541251,,
massage,maxmonth_pre,-0.025711685266581293,0.8170574089953649,,
border,maxmonth_pre,-0.025658043884173157,0.7315175634143122,,
shed,maxmonth_pre,-0.02556652813822838,0.6790398480809724,,
darkness,maxmonth_pre,-0.025547401184931755,0.7643379889231392,,
response,maxmonth_pre,-0.0254595170992392,NA,,"Model convergence problem; non-positive-definite Hessian matrix. See vignette('troubleshooting');Model convergence problem; singular convergence (7). See vignette('troubleshooting'), help('diagnose')"
design,maxmonth_pre,-0.025416978152040325,NA,Model convergence problem; non-positive-definite Hessian matrix. See vignette('troubleshooting'),
joy,maxmonth_pre,-0.02520418449256847,0.7900662006847746,,
ash,maxmonth_pre,-0.024883185091728252,0.6509957257994503,,
bracelet,maxmonth_pre,-0.024517459180421395,0.8012546796656321,,
visit,maxmonth_pre,-0.02429359157433436,0.6945291539214054,,
question,maxmonth_pre,-0.02389421994992313,0.6254239756493885,,
content,maxmonth_pre,-0.023751479267237054,0.8321116975377097,,
agreement,maxmonth_pre,-0.023610723475302048,0.7273791226227563,,
office,maxmonth_pre,-0.0235881809424813,0.8069760568556822,,
method,maxmonth_pre,-0.023333513820495005,0.8400670366831149,,
skin,maxmonth_pre,-0.02319349020829388,0.6404847478174429,,
situation,maxmonth_pre,-0.023131985409354627,NA,Model convergence problem; non-positive-definite Hessian matrix. See vignette('troubleshooting'),
infant,maxmonth_pre,-0.023012097066346923,0.7745484070099934,,
gap,maxmonth_pre,-0.0228897227546149,0.8166359646663163,,
molar,maxmonth_pre,-0.022869361276278227,0.8163254338980827,,
skirt,maxmonth_pre,-0.022700513368289835,0.8195984195180996,,
weapon,maxmonth_pre,-0.022332710788756403,0.6970195156062192,,
liar,maxmonth_pre,-0.02232688526071059,0.780464169604457,,
club,maxmonth_pre,-0.02225874642708178,0.8170389006519977,,
ear,maxmonth_pre,-0.0219580301591735,0.5954261609307556,,
system,maxmonth_pre,-0.02183951004575708,0.8249694103684321,,"Model convergence problem; singular convergence (7). See vignette('troubleshooting'), help('diagnose')"
north,maxmonth_pre,-0.02169920374731126,0.8006531641240203,,
scent,maxmonth_pre,-0.021424495334511105,0.7643334674864725,"Model convergence problem; singular convergence (7). See vignette('troubleshooting'), help('diagnose')",
trouble,maxmonth_pre,-0.0213025649017352,0.7713505834817219,,
circle,maxmonth_pre,-0.021185837434144133,NA,,Model convergence problem; non-positive-definite Hessian matrix. See vignette('troubleshooting')
plow,maxmonth_pre,-0.02106651458359316,0.8246913646196734,,
extension,maxmonth_pre,-0.020990736884936318,NA,,Model convergence problem; non-positive-definite Hessian matrix. See vignette('troubleshooting')
organ,maxmonth_pre,-0.020154193777679984,0.8131826397999313,,
judge,maxmonth_pre,-0.019502484857731518,0.8325949873558228,,
chick,maxmonth_pre,-0.019267121876751798,0.8489305182490305,,
pole,maxmonth_pre,-0.01925563334315031,0.7643560156851381,,
spade,maxmonth_pre,-0.019248180033233277,0.849887179753699,,
brush,maxmonth_pre,-0.018972068401130103,0.7903846733117493,,
foot,maxmonth_pre,-0.018849872996026747,0.627645207777669,,
court,maxmonth_pre,-0.01850162218343836,0.8163581074721895,,
wisdom,maxmonth_pre,-0.01836928609148596,0.8630346766507675,,
dusk,maxmonth_pre,-0.01828985657514074,0.7850494547537484,,
building,maxmonth_pre,-0.018084628403659733,0.7735616843025064,,
stranger,maxmonth_pre,-0.017988973924197606,0.8282365178342546,,
chest,maxmonth_pre,-0.01789127681012329,0.7105664986433119,,
moan,maxmonth_pre,-0.017319488328296946,0.8243214282037855,,
project,maxmonth_pre,-0.017104751846694778,0.8177821357119712,"Model convergence problem; singular convergence (7). See vignette('troubleshooting'), help('diagnose')","Model convergence problem; singular convergence (7). See vignette('troubleshooting'), help('diagnose')"
tale,maxmonth_pre,-0.01700252719353012,0.8825090751141497,,
earth,maxmonth_pre,-0.0169615367814672,0.7671553953906889,,
angel,maxmonth_pre,-0.016870175163859455,0.8817533247890597,,
power,maxmonth_pre,-0.01682910516151381,0.8010466635334957,,
east,maxmonth_pre,-0.016765294652533718,0.8219191943134925,,
seal,maxmonth_pre,-0.01674867796289252,0.8791066084026178,,
core,maxmonth_pre,-0.01644681370420319,0.8607756282546299,,
door,maxmonth_pre,-0.016417971933222218,0.6980408280167775,,
force,maxmonth_pre,-0.016363958601617982,0.771393916565504,,
smoking,maxmonth_pre,-0.016358306714582282,0.8432390571500062,,
city,maxmonth_pre,-0.016148238601468547,0.8804641477204241,,
variant,maxmonth_pre,-0.015831809811429384,0.9425633271776467,,
vocabulary,maxmonth_pre,-0.015804046846948264,0.9042150795765642,,
hammer,maxmonth_pre,-0.015783562182050234,0.7966572738929314,,
mole,maxmonth_pre,-0.015473241351445875,NA,,Model convergence problem; non-positive-definite Hessian matrix. See vignette('troubleshooting')
flight,maxmonth_pre,-0.014934479098081295,0.8678572846772774,,
laughter,maxmonth_pre,-0.014720130026465456,0.8465560286382282,,
tax,maxmonth_pre,-0.01471651027298933,0.8899011566377044,,
trip,maxmonth_pre,-0.014618434235089028,0.8425028637883798,,
struggle,maxmonth_pre,-0.01461198183098142,0.8738649005457986,,
vomit,maxmonth_pre,-0.01398188043044633,0.7617917825258349,,
bite,maxmonth_pre,-0.0137395021419197,0.7623225118757689,,
custom,maxmonth_pre,-0.013507662150650983,0.8509171082905798,,
decoration,maxmonth_pre,-0.013370785599882765,0.8900784667135568,,
flame,maxmonth_pre,-0.01329755406893451,0.8243146455771109,,
groan,maxmonth_pre,-0.01313944183147463,NA,,"Model convergence problem; non-positive-definite Hessian matrix. See vignette('troubleshooting');Model convergence problem; singular convergence (7). See vignette('troubleshooting'), help('diagnose')"
comparison,maxmonth_pre,-0.013114771598435583,0.8793154729027702,,
sugar,maxmonth_pre,-0.01305547085736622,0.8560280891448849,,
parent,maxmonth_pre,-0.012805146453000581,NA,Model convergence problem; non-positive-definite Hessian matrix. See vignette('troubleshooting'),
track,maxmonth_pre,-0.012704443222193756,0.8777822677921034,,
fortune,maxmonth_pre,-0.012629153747337916,0.8929696478620168,,
truth,maxmonth_pre,-0.012363779536308078,NA,Model convergence problem; non-positive-definite Hessian matrix. See vignette('troubleshooting'),
cattle,maxmonth_pre,-0.012325729942129403,0.904301273766646,,
pressure,maxmonth_pre,-0.012097104933892835,NA,Model convergence problem; non-positive-definite Hessian matrix. See vignette('troubleshooting'),
society,maxmonth_pre,-0.012063941841926863,0.91393146815775,,
second,maxmonth_pre,-0.011930303456725778,0.8161447124820428,,
shadow,maxmonth_pre,-0.011847582717497574,0.8316837970943,,
lock,maxmonth_pre,-0.011834075359328487,0.8379274030761665,,
strength,maxmonth_pre,-0.01131030016394238,0.8565071274659183,,
advice,maxmonth_pre,-0.011175868963625692,0.8699041645380375,,
equivalent,maxmonth_pre,-0.010546786034491464,0.885027434199521,,
goodness,maxmonth_pre,-0.010149514919682152,0.9218780052556822,,
vehicle,maxmonth_pre,-0.009884110652725129,0.9307854540137956,,
soldier,maxmonth_pre,-0.009644983487684389,0.9014214903267065,,
anger,maxmonth_pre,-0.009586610613703594,0.8735727354418683,,
itch,maxmonth_pre,-0.008977938251634713,0.9095756114548073,,
pit,maxmonth_pre,-0.008489008918691032,0.9038919842861267,,
jerk,maxmonth_pre,-0.008306508907843355,0.9428280860259823,,
scissors,maxmonth_pre,-0.00822370065860211,0.9095669586049983,,
authority,maxmonth_pre,-0.008184624244696188,0.9265489132909169,,
spark,maxmonth_pre,-0.008015473705241865,NA,Model convergence problem; non-positive-definite Hessian matrix. See vignette('troubleshooting'),
afternoon,maxmonth_pre,-0.007919885368165685,0.915941709063462,,
stone,maxmonth_pre,-0.00791260686219546,0.8864893936795543,,
rank,maxmonth_pre,-0.007777315085739139,0.9445984171535093,,
match,maxmonth_pre,-0.007774769409279849,0.8971066172439548,,
purpose,maxmonth_pre,-0.007573692832353519,0.8959956677084285,,
copper,maxmonth_pre,-0.007241726775592122,0.9326823604184804,,
bull,maxmonth_pre,-0.00721859338468655,0.9288479045402347,,
food,maxmonth_pre,-0.007139668267833414,0.8777269549163069,,
trick,maxmonth_pre,-0.006841885620549772,0.9348744278488889,,
wedge,maxmonth_pre,-0.006719703061543961,0.9491753631283736,,
example,maxmonth_pre,-0.006610806863615862,0.9582546467676332,,
hug,maxmonth_pre,-0.006302899028671433,0.9421092857846035,,
nephew,maxmonth_pre,-0.00619751896815792,0.9369358586882668,,
others,maxmonth_pre,-0.006021624494763477,NA,,Model convergence problem; non-positive-definite Hessian matrix. See vignette('troubleshooting')
mirror,maxmonth_pre,-0.005992146705386682,0.92116631852046,,
scar,maxmonth_pre,-0.005941303340906775,0.9287073542527331,,
origin,maxmonth_pre,-0.0058069561688475066,0.9475807554726396,,
ache,maxmonth_pre,-0.005677801915500415,0.9323849760774006,,
sling,maxmonth_pre,-0.005396174892860765,0.9531181399700722,,
land,maxmonth_pre,-0.005333628029969423,0.9152402863539136,,
publication,maxmonth_pre,-0.0053130531565276995,0.956971891547605,,
demand,maxmonth_pre,-0.005164698362149467,0.9617925464375082,,
silence,maxmonth_pre,-0.005120673765142786,0.9595722951824354,,
thorn,maxmonth_pre,-0.005058892340612488,0.9338460138462104,,
patience,maxmonth_pre,-0.005032575944429775,0.9614767209365922,,
prison,maxmonth_pre,-0.004579209739495003,0.9568516576415829,,
axe,maxmonth_pre,-0.004522633677901887,0.9556291176859653,,
task,maxmonth_pre,-0.004360014637933192,0.9601588463210549,,
knife,maxmonth_pre,-0.004312132917208112,0.9313806772810115,,
chicken,maxmonth_pre,-0.004170985653697085,0.9696608842065433,,
officer,maxmonth_pre,-0.004113562527088331,0.9711734738528185,,
pity,maxmonth_pre,-0.003653258653947204,1,,
depression,maxmonth_pre,-0.002753951136729094,0.9741745560000242,,
hunter,maxmonth_pre,-0.0023988603692695672,0.9802402401363127,,
kidney,maxmonth_pre,-0.0023749623449862475,0.9702425890525075,,
hunger,maxmonth_pre,-0.0023466448493388308,0.9705147019826719,,
strip,maxmonth_pre,-0.0023403079458124143,0.9720071754027619,,
dust,maxmonth_pre,-0.0020671668300407263,0.9664550445556843,,
fear,maxmonth_pre,-0.0018348741892433094,0.9745147179195459,,
bladder,maxmonth_pre,-0.0017522986097263371,0.9801573038658872,,
source,maxmonth_pre,-0.001682343882810931,0.9799201794282828,,
hop,maxmonth_pre,-0.0016224783486502728,NA,,Model convergence problem; non-positive-definite Hessian matrix. See vignette('troubleshooting')
tobacco,maxmonth_pre,-0.0015330023413318596,0.9829731059319702,,
weight,maxmonth_pre,-0.0014560754824271775,0.976805929330048,,
month,maxmonth_pre,-0.0013028938082098194,0.9837616579790566,,
coast,maxmonth_pre,-0.0011563961549804626,0.9939130018467794,,
drizzle,maxmonth_pre,-9.57024393199373e-4,0.9907157285389817,,
beauty,maxmonth_pre,-8.454186426128697e-4,0.9928152633731109,,
eyebrow,maxmonth_pre,-7.91537317790291e-4,0.9905356341902372,,
kick,maxmonth_pre,-7.284028764684469e-4,0.990883466791237,,
dream,maxmonth_pre,-7.159524696034801e-4,0.9881352413219093,,
excrement,maxmonth_pre,-6.031829354493355e-4,0.9948664536696115,,
condition,maxmonth_pre,-4.6866867922268167e-4,NA,"Model convergence problem; singular convergence (7). See vignette('troubleshooting'), help('diagnose')",Model convergence problem; non-positive-definite Hessian matrix. See vignette('troubleshooting')
reward,maxmonth_pre,-4.2687349347106157e-4,0.9964444727924506,,
intercourse,maxmonth_pre,-3.5439627932734683e-4,0.997224284537763,,
seat,maxmonth_pre,-2.533397132843381e-4,0.9966446050551935,,
rubbish,maxmonth_pre,-2.2692262208149857e-4,0.9982200462202909,,
sieve,maxmonth_pre,-1.1830120679319465e-4,0.9989506768450016,,
ease,maxmonth_pre,-6.152580394690324e-5,0.9884198356531471,,
army,maxmonth_pre,-5.4496285429332426e-5,0.9996193298118536,,
urge,maxmonth_pre,1.9339741096767517e-4,0.9983506278933996,,
hunting,maxmonth_pre,2.796250532947628e-4,0.9974392958271704,,
rot,maxmonth_pre,4.094383310133347e-4,0.9964235063001741,,
learning,maxmonth_pre,4.482505810271091e-4,0.9951141228256949,,
sleep,maxmonth_pre,6.265435289030115e-4,0.9881653274900497,,
tear,maxmonth_pre,9.747263431003492e-4,0.9813312661360302,,
fight,maxmonth_pre,0.0010761506709893883,0.9816069747408026,,
nest,maxmonth_pre,0.0015565754015275546,0.9789447029955742,,
pumpkin,maxmonth_pre,0.0016359822013164186,0.9887677905692728,,
nose,maxmonth_pre,0.0017055850054651404,0.9684514331043904,,
box,maxmonth_pre,0.0018390564014279743,0.9767850017176768,,
voice,maxmonth_pre,0.002199612499114016,0.9666631199555971,,
bottle,maxmonth_pre,0.0027327365139333793,0.9674144136852366,,
hell,maxmonth_pre,0.002797717315782096,0.9801867746053724,,
boat,maxmonth_pre,0.0028109425794249506,0.9763873626899777,,
presence,maxmonth_pre,0.0028548376072811896,0.9712982502991349,,
storm,maxmonth_pre,0.003231097138642217,0.9552313787180386,,"failed to invert Hessian from numDeriv::jacobian(), falling back to internal vcov estimate"
mouth,maxmonth_pre,0.0032630042034359277,0.9397565431498169,,
braid,maxmonth_pre,0.0032991306217804166,0.9711051257062397,,
comb,maxmonth_pre,0.003533855471659915,0.9574410148593061,,
hair,maxmonth_pre,0.003757354415959995,0.9156051471694633,,
witness,maxmonth_pre,0.0037965394217155174,0.963514830513162,,
praise,maxmonth_pre,0.0038630225836214682,0.9592159653714,,
slope,maxmonth_pre,0.004794507723556157,0.9568067547112258,,
penis,maxmonth_pre,0.005266281210315382,0.9507637049530636,,
prick,maxmonth_pre,0.0053279718230309575,0.945472376939834,,
basis,maxmonth_pre,0.005587117340062344,NA,"Model convergence problem; non-positive-definite Hessian matrix. See vignette('troubleshooting');Model convergence problem; singular convergence (7). See vignette('troubleshooting'), help('diagnose')","Model convergence problem; non-positive-definite Hessian matrix. See vignette('troubleshooting');Model convergence problem; singular convergence (7). See vignette('troubleshooting'), help('diagnose')"
sex,maxmonth_pre,0.005836185050532656,0.9453686323722292,,
sale,maxmonth_pre,0.006382248528924798,0.9483124831750211,,
gathering,maxmonth_pre,0.0067366404208274965,NA,Model convergence problem; non-positive-definite Hessian matrix. See vignette('troubleshooting'),Model convergence problem; non-positive-definite Hessian matrix. See vignette('troubleshooting')
flow,maxmonth_pre,0.006866904024651629,0.9092224622311899,,
attention,maxmonth_pre,0.0072381910355072705,0.8887663020490444,,
twin,maxmonth_pre,0.007335577345550319,0.912169437151611,,
noon,maxmonth_pre,0.007363038397835807,0.9244099796019158,,
waste,maxmonth_pre,0.007394154239104709,0.9229365630783173,,
danger,maxmonth_pre,0.0074424619567871044,0.9301856476901543,,
inch,maxmonth_pre,0.007631142024590148,0.9599200653023041,,
peace,maxmonth_pre,0.007789209298535529,0.9206217898488301,,
stomach,maxmonth_pre,0.007840780149060356,0.8849225178937504,,
hip,maxmonth_pre,0.008182351264235967,0.9053890568152415,,
mold,maxmonth_pre,0.008333408589984503,0.9192569411082372,,
vessel,maxmonth_pre,0.00866375506552153,0.9349507608452328,,
tribe,maxmonth_pre,0.008748422427672205,0.9466235539083253,,
pond,maxmonth_pre,0.00876488444440015,0.919046239862119,,
series,maxmonth_pre,0.008839639139263923,0.9190309847042925,,
rumor,maxmonth_pre,0.009233959538911098,0.9292242885118454,,
shade,maxmonth_pre,0.009238537572967278,0.8577895108536862,,
overflow,maxmonth_pre,0.00952876145695801,0.8969768973620867,,
pattern,maxmonth_pre,0.009753654320809086,0.9124671704909372,,
wake,maxmonth_pre,0.009870610445603917,0.8823881902840235,,
account,maxmonth_pre,0.009905360813750876,0.9087670684789086,,
breeze,maxmonth_pre,0.009917541735353471,0.9117429247418273,,
fat,maxmonth_pre,0.009969830992403533,0.8387804275347969,,
tent,maxmonth_pre,0.01036164524591145,0.9267294274497054,,
love,maxmonth_pre,0.010378967904187039,0.8306588777091207,,
scoop,maxmonth_pre,0.010615783908395683,0.9044375108341354,,
government,maxmonth_pre,0.010627938356186712,0.9168323776881668,,
paper,maxmonth_pre,0.010677176848947935,0.8708482474143423,,
oath,maxmonth_pre,0.010828617975102704,0.915522191698708,,
group,maxmonth_pre,0.010936306780274834,0.8858736941694865,,
hill,maxmonth_pre,0.011075304642193069,0.8823206845501961,,
pinch,maxmonth_pre,0.011306309440695106,0.8672367839004739,,
meal,maxmonth_pre,0.011400269419471021,0.8686993090575936,,
abuse,maxmonth_pre,0.01172689722380105,0.9093555583495909,,
pair,maxmonth_pre,0.011758977289354773,0.8563432773813602,,
sorrow,maxmonth_pre,0.012326476516593972,0.8959770915107823,,
defeat,maxmonth_pre,0.012387039751524501,0.9036610970728743,,
mustache,maxmonth_pre,0.01245234612674216,NA,Model convergence problem; non-positive-definite Hessian matrix. See vignette('troubleshooting'),
distance,maxmonth_pre,0.012567844996518729,0.8098722673267122,,
cough,maxmonth_pre,0.013356479311813715,0.830048961650701,,
leg,maxmonth_pre,0.013617728645840495,0.7723954850829508,,
reference,maxmonth_pre,0.013680072231611124,0.8854376632320388,,
neck,maxmonth_pre,0.013714183796761589,0.7378723898721509,,
pencil,maxmonth_pre,0.013815360218745288,0.8829139827721071,,
towel,maxmonth_pre,0.013910138797338246,0.8661780258508363,,
road,maxmonth_pre,0.013996275429218162,0.814949907227745,,
guest,maxmonth_pre,0.014745880454502246,0.885612723715145,,
pool,maxmonth_pre,0.014874082325436279,0.8443189194289731,,
belief,maxmonth_pre,0.014899207337518467,0.8747910260724318,,
feces,maxmonth_pre,0.015109975548085497,0.8823689883662347,,
shelf,maxmonth_pre,0.015192394547465923,0.8736403777453633,,
bath,maxmonth_pre,0.015458236440776575,0.8833758429756893,,
corner,maxmonth_pre,0.015544664896915219,0.7289885616123912,,
photograph,maxmonth_pre,0.015654379339836454,0.8778628174072483,,
evil,maxmonth_pre,0.015660891260719075,0.8330648103275148,,
elbow,maxmonth_pre,0.015854126564821498,0.7882885189883845,,
wire,maxmonth_pre,0.016126636786845283,0.8470022170537312,,
war,maxmonth_pre,0.01629311418101571,0.8283479156027873,,
test,maxmonth_pre,0.016326012847319146,0.7646642522650963,"Model convergence problem; singular convergence (7). See vignette('troubleshooting'), help('diagnose')",
cap,maxmonth_pre,0.01654422554626801,0.8245754139022636,,
peel,maxmonth_pre,0.016722460061572315,0.7952099836519868,,
fold,maxmonth_pre,0.01710296332713583,0.8078412889094282,,
hem,maxmonth_pre,0.017220476061677065,0.8589635628959389,,
water,maxmonth_pre,0.017407299865701442,0.621328563055088,,
taste,maxmonth_pre,0.017735520765259142,0.725132093224129,,
heaven,maxmonth_pre,0.017898465339414703,0.8224027720785456,,
exchange,maxmonth_pre,0.018234403205145733,0.7847010143106229,,
discussion,maxmonth_pre,0.018878418926922328,0.8205461333249412,,
excuse,maxmonth_pre,0.018889672136472215,0.8374648412799504,,
tooth,maxmonth_pre,0.018918902216198158,0.7057078928492634,,
answer,maxmonth_pre,0.019200048399346012,0.7115590295055733,,
aunt,maxmonth_pre,0.019396469076119457,0.813769319594463,,
appearance,maxmonth_pre,0.019512541101205372,0.7697081468411258,,
forehead,maxmonth_pre,0.01965921268301091,0.6963983731887027,,
shiver,maxmonth_pre,0.019705253276279085,0.7321388229277346,,"Model convergence problem; singular convergence (7). See vignette('troubleshooting'), help('diagnose')"
gift,maxmonth_pre,0.019832214670955646,0.7766491140379144,,
eye,maxmonth_pre,0.019953342625177322,0.562476003089795,"Model convergence problem; singular convergence (7). See vignette('troubleshooting'), help('diagnose')",
beginning,maxmonth_pre,0.020100559369809347,NA,Model convergence problem; non-positive-definite Hessian matrix. See vignette('troubleshooting'),
mourning,maxmonth_pre,0.020787262357260285,0.8418475590415093,,
advantage,maxmonth_pre,0.02089490622512113,0.8340725871931597,,
chase,maxmonth_pre,0.02112684197554016,0.7608643675133131,,
bridge,maxmonth_pre,0.02122277733118798,0.7569945587837252,,
morning,maxmonth_pre,0.021311292327853993,0.5891418038007007,"Model convergence problem; singular convergence (7). See vignette('troubleshooting'), help('diagnose')","Model convergence problem; singular convergence (7). See vignette('troubleshooting'), help('diagnose')"
habit,maxmonth_pre,0.02139449857938599,0.7991321291936077,,
ankle,maxmonth_pre,0.021394642607602463,0.7472386572928065,,
shelter,maxmonth_pre,0.021563166950152268,0.7420497884768181,,
meeting,maxmonth_pre,0.02194116899229143,0.7821435938042023,,
grandfather,maxmonth_pre,0.02208337470237279,0.7823993052921393,,
buttock,maxmonth_pre,0.022378217241960256,0.7512689096938897,,
master,maxmonth_pre,0.022451499718199364,NA,,Model convergence problem; non-positive-definite Hessian matrix. See vignette('troubleshooting')
flea,maxmonth_pre,0.0225160355594848,1,,
circumstance,maxmonth_pre,0.022972564986582393,0.781126331252513,,
spray,maxmonth_pre,0.023049716313225777,0.8194121972764806,,
growl,maxmonth_pre,0.02305285742266456,0.8109581241208306,,
march,maxmonth_pre,0.023090828680445853,0.7661239974945522,,
foundation,maxmonth_pre,0.02325459427195445,0.8025674756202159,,
lover,maxmonth_pre,0.023366556664077973,0.8310257171610864,,
instrument,maxmonth_pre,0.023499479189996453,0.7557138633000082,,
collapse,maxmonth_pre,0.023576042625590415,0.7508119113499874,,
property,maxmonth_pre,0.023802146495555752,0.7707711109272535,,
contrast,maxmonth_pre,0.024039121412130635,NA,Model convergence problem; non-positive-definite Hessian matrix. See vignette('troubleshooting'),
bean,maxmonth_pre,0.024143933315527392,0.7975073747318173,,
diarrhea,maxmonth_pre,0.02427826430942513,0.7178645859419808,,
arrangement,maxmonth_pre,0.024497819275606927,0.7831138317650198,NA/NaN function evaluation,
street,maxmonth_pre,0.02467199629331859,0.836544407987688,,
blaze,maxmonth_pre,0.0247901075703403,0.8004202086213487,,
ritual,maxmonth_pre,0.024987787318678033,0.8691653904390604,,
corn,maxmonth_pre,0.025003927728039266,0.820377619346147,,
necklace,maxmonth_pre,0.02509113446314669,0.7332519893496017,,
screw,maxmonth_pre,0.025280345160705445,0.8044272639355965,,
knot,maxmonth_pre,0.02547318073271986,0.6689789689681452,,
slice,maxmonth_pre,0.02547836828662071,0.7641629599557188,,
caterpillar,maxmonth_pre,0.02576388603438608,0.7727818450303876,,
mother-in-law,maxmonth_pre,0.025771440060045434,0.7712248783941358,,
difficulty,maxmonth_pre,0.026174574494908356,0.7259804304157269,,
movement,maxmonth_pre,0.026194802113308446,NA,Model convergence problem; non-positive-definite Hessian matrix. See vignette('troubleshooting'),
slave,maxmonth_pre,0.026210278757259575,0.7966486514797965,,
quarrel,maxmonth_pre,0.026219038129808917,0.7272919482155966,,
hand,maxmonth_pre,0.026327412835875346,0.4506445445744246,,
bank,maxmonth_pre,0.026366788687384755,0.6586177863426779,,
guard,maxmonth_pre,0.026419846508955753,0.6533397084564729,,
thumb,maxmonth_pre,0.026430304239188677,0.6442891817792225,,
gate,maxmonth_pre,0.0265269358083489,0.7912345343170234,,
charm,maxmonth_pre,0.026619650695840588,0.8316685771722405,,
offspring,maxmonth_pre,0.026671737938282834,0.7535677411569043,,
minute,maxmonth_pre,0.026699320266724197,0.7417120331348352,,
armpit,maxmonth_pre,0.026805728217776076,NA,,Model convergence problem; non-positive-definite Hessian matrix. See vignette('troubleshooting')
claim,maxmonth_pre,0.02784767613040494,0.7980691220069193,,
fist,maxmonth_pre,0.028531509297586587,0.6828643874515866,,
pipe,maxmonth_pre,0.02868681304361931,0.6699163359873085,,
bird,maxmonth_pre,0.028807441065304897,0.5415326075947756,,
anus,maxmonth_pre,0.028810798501206332,0.7156285793796268,,
friend,maxmonth_pre,0.028937067881335553,0.5661910915727444,,
neighbor,maxmonth_pre,0.029025077836656168,0.7418961077941356,,
labor,maxmonth_pre,0.029572682691602625,0.7025509418298344,,
bubble,maxmonth_pre,0.029651100300400315,0.6638456282559752,,
progress,maxmonth_pre,0.030101324891231074,0.7400931769441025,,
permission,maxmonth_pre,0.030209904426252706,0.6725505495090495,,
coin,maxmonth_pre,0.030837392778911617,0.7194801824644717,,
bloom,maxmonth_pre,0.03144359675154982,0.705817496240277,,
sunrise,maxmonth_pre,0.03182704112261982,0.7211214698488241,,
shine,maxmonth_pre,0.032175604945636115,0.6315731962885247,,
motion,maxmonth_pre,0.03221354813264326,0.6919959951648392,,
request,maxmonth_pre,0.032513297924453316,0.6438580334935798,,
spit,maxmonth_pre,0.03281213317788413,0.5438285849072287,,
importance,maxmonth_pre,0.033832556697811024,0.6920428825536773,"Model convergence problem; singular convergence (7). See vignette('troubleshooting'), help('diagnose')","Model convergence problem; singular convergence (7). See vignette('troubleshooting'), help('diagnose')"
aim,maxmonth_pre,0.03396155511808358,0.6571227916404042,,
bag,maxmonth_pre,0.034549424651978605,0.5849582769964263,,
yawn,maxmonth_pre,0.03455078703284443,0.5937382230573595,,
dirt,maxmonth_pre,0.03470770226858208,0.5499433942661972,,
steel,maxmonth_pre,0.03512914067922435,0.709209183582731,,
figure,maxmonth_pre,0.03530185711092038,0.692639156498548,,
contribution,maxmonth_pre,0.035405579997894086,0.696692055523424,,
wrap,maxmonth_pre,0.03543166246349182,0.5266650520536716,,
map,maxmonth_pre,0.036166133157203614,0.7501361415212853,,"Model convergence problem; singular convergence (7). See vignette('troubleshooting'), help('diagnose')"
twig,maxmonth_pre,0.03624572829314414,NA,,NA/NaN function evaluation;NA/NaN function evaluation;Model convergence problem; non-positive-definite Hessian matrix. See vignette('troubleshooting')
disgust,maxmonth_pre,0.03633664753211705,0.6956268381608217,,
monkey,maxmonth_pre,0.036419682913677705,0.7683103473436647,,
cat,maxmonth_pre,0.0367963041864629,0.527781093580139,,
web,maxmonth_pre,0.03686041517977084,0.6009894286574302,,
spine,maxmonth_pre,0.036892267891434294,0.6599277562906997,,
spy,maxmonth_pre,0.037300582835681016,0.6108922540397165,,
disease,maxmonth_pre,0.037580484206717946,0.5626682749416643,,
lip,maxmonth_pre,0.03758732620977044,0.42258831978855144,,
division,maxmonth_pre,0.037706896393692034,0.6938866390158961,,
roar,maxmonth_pre,0.03771371703272921,NA,,Model convergence problem; non-positive-definite Hessian matrix. See vignette('troubleshooting')
seed,maxmonth_pre,0.03797260877813471,0.5112899458698277,,
pop,maxmonth_pre,0.03799005270794204,0.7489078719427871,,
hospital,maxmonth_pre,0.03811942354114773,0.7224910646173756,,
beer,maxmonth_pre,0.03827028095511297,0.7700473668919431,,
contact,maxmonth_pre,0.038542359858965966,0.6070513640193284,"Model convergence problem; singular convergence (7). See vignette('troubleshooting'), help('diagnose')",
author,maxmonth_pre,0.038760798333268745,0.720683155227891,,
throat,maxmonth_pre,0.03895138557738551,0.4362870829306085,,
tradition,maxmonth_pre,0.03936401566764228,0.5834412797261922,,"Model convergence problem; singular convergence (7). See vignette('troubleshooting'), help('diagnose')"
entrance,maxmonth_pre,0.03978177014929334,0.6068253858310224,,
perfume,maxmonth_pre,0.039859336790994127,0.7112543072322451,,
result,maxmonth_pre,0.03991722114427959,0.5624302640851303,,
bottom,maxmonth_pre,0.03998496836835338,0.4735188369544922,,
lightning,maxmonth_pre,0.04041085690052786,0.4531220139367545,,
speaker,maxmonth_pre,0.04075410650784378,0.6404089851954634,,
birth,maxmonth_pre,0.040805653858678764,0.3622714577243234,,
respect,maxmonth_pre,0.04102555307831425,0.5225505728958454,,
thief,maxmonth_pre,0.041187902656046424,0.5385468963813662,,
flock,maxmonth_pre,0.04178729686299338,0.6425411179862317,,
trade,maxmonth_pre,0.04196679329273711,0.6058622655969379,,
lamp,maxmonth_pre,0.042016732426233244,0.5882820732192964,,
famine,maxmonth_pre,0.04202703521442545,NA,,Model convergence problem; non-positive-definite Hessian matrix. See vignette('troubleshooting')
branch,maxmonth_pre,0.04211036452228569,0.39828875865359353,,
height,maxmonth_pre,0.04237487071659116,0.5083214106364746,,
faith,maxmonth_pre,0.042412751620982715,0.6869233033601957,,
tongs,maxmonth_pre,0.042882514812963145,0.6952956274605182,,
swamp,maxmonth_pre,0.042884329643306886,0.7175955193729776,,
shape,maxmonth_pre,0.042907799106233185,0.4425416134303731,,
delay,maxmonth_pre,0.04294010691638681,0.6077407001609685,,
tube,maxmonth_pre,0.04304802615846747,NA,Model convergence problem; non-positive-definite Hessian matrix. See vignette('troubleshooting'),
owl,maxmonth_pre,0.04351005468793197,0.5225940041805488,,
law,maxmonth_pre,0.04355831288549601,0.5945210361932031,,
rule,maxmonth_pre,0.043849852909453216,0.5483489368693719,,
youth,maxmonth_pre,0.04406807757841342,0.595161983418598,,
chin,maxmonth_pre,0.04443843754413044,0.49860171683105803,,
pregnancy,maxmonth_pre,0.04459096165037411,0.6352546780682116,,
span,maxmonth_pre,0.04482716253906346,0.7132838876158207,,
instruction,maxmonth_pre,0.04482975045777,NA,,Model convergence problem; non-positive-definite Hessian matrix. See vignette('troubleshooting')
claw,maxmonth_pre,0.044953785457710324,0.46062678514161265,,
shrub,maxmonth_pre,0.04503773712519646,0.7108468445022876,,
book,maxmonth_pre,0.04517487393917618,0.4732877880318158,,
chip,maxmonth_pre,0.04531776667462209,0.5646161063105505,,
news,maxmonth_pre,0.045319572777535073,NA,Model convergence problem; non-positive-definite Hessian matrix. See vignette('troubleshooting'),
thought,maxmonth_pre,0.04538340499566009,0.6673527785515166,,
size,maxmonth_pre,0.045643584996757185,0.43105847496216976,,
crush,maxmonth_pre,0.0459925078155583,0.5215102329364762,,
dawn,maxmonth_pre,0.04618935211127851,0.41997809101219247,,
moth,maxmonth_pre,0.04637393522739952,0.512228513702466,,
crowd,maxmonth_pre,0.04645716325766619,0.5640490266800015,,
wing,maxmonth_pre,0.046902892875110264,0.3148909481314768,,
fire,maxmonth_pre,0.046907479648348245,0.29196383860333774,,
midnight,maxmonth_pre,0.046998758437553856,0.5563706932581935,,
teeth,maxmonth_pre,0.04720866703257849,0.2777923250310723,,
whistle,maxmonth_pre,0.047362327558696314,0.4662250413464848,,
region,maxmonth_pre,0.04736434878538318,0.6271028646704767,,
load,maxmonth_pre,0.04780653419380338,0.44278203657049287,,
west,maxmonth_pre,0.048098122384268124,0.5481279555698038,,
happiness,maxmonth_pre,0.04826455295408689,NA,Model convergence problem; non-positive-definite Hessian matrix. See vignette('troubleshooting'),
navel,maxmonth_pre,0.048271949306206895,NA,"Model convergence problem; non-positive-definite Hessian matrix. See vignette('troubleshooting');Model convergence problem; singular convergence (7). See vignette('troubleshooting'), help('diagnose')",
noise,maxmonth_pre,0.048278042222075775,0.36543398023331575,,
beam,maxmonth_pre,0.04852666675596176,0.569490804625971,,
surface,maxmonth_pre,0.04915549647922416,0.520926258178721,,
bill,maxmonth_pre,0.04950471508071292,0.624923346483885,,
dew,maxmonth_pre,0.0499604208970124,0.34842400200239443,,
womb,maxmonth_pre,0.050343330042966275,0.47813265916222386,,
firm,maxmonth_pre,0.0505749770100181,0.512459058266603,,
pain,maxmonth_pre,0.05060293482522716,0.2842318159702234,,
relation,maxmonth_pre,0.05080967730481824,0.4628612731570432,,
target,maxmonth_pre,0.05082198177758929,0.5669352881076462,,
trail,maxmonth_pre,0.05084579220543157,0.6429290800485294,,
fever,maxmonth_pre,0.051119299572690485,0.4751995201851623,,
dove,maxmonth_pre,0.05115050431531445,NA,Model convergence problem; non-positive-definite Hessian matrix. See vignette('troubleshooting'),
exercise,maxmonth_pre,0.05116836198270595,0.5969181336936313,,
company,maxmonth_pre,0.051230762735607505,0.5759179502013029,,
blade,maxmonth_pre,0.051254664151557584,0.4611454743398164,,
thread,maxmonth_pre,0.05247202764911176,0.4288996978364156,,
prisoner,maxmonth_pre,0.0531824338781654,0.5383953942011079,,
ghost,maxmonth_pre,0.0542011953164743,0.5066235435424927,,
sunset,maxmonth_pre,0.05439052238416595,NA,Model convergence problem; non-positive-definite Hessian matrix. See vignette('troubleshooting'),
strand,maxmonth_pre,0.05483990550610434,0.6028593730618961,,
powder,maxmonth_pre,0.055096830115713785,0.4373532966634929,,
heap,maxmonth_pre,0.05513378203387204,0.5000685016451453,,
rainbow,maxmonth_pre,0.05515965000287532,0.3982197823349753,,
week,maxmonth_pre,0.055408163752570364,NA,Model convergence problem; non-positive-definite Hessian matrix. See vignette('troubleshooting'),Model convergence problem; non-positive-definite Hessian matrix. See vignette('troubleshooting')
nail,maxmonth_pre,0.05553855379336507,0.328207705472058,,
boil,maxmonth_pre,0.05592661729031139,NA,Model convergence problem; non-positive-definite Hessian matrix. See vignette('troubleshooting'),
creep,maxmonth_pre,0.05600777032111429,0.4737126192574827,,
sibling,maxmonth_pre,0.05612368944567762,0.7167452431579772,,
pu,maxmonth_pre,0.05681365831351216,0.39352537396957166,,
corpse,maxmonth_pre,0.057198706415621824,0.4289339170826803,,
egg,maxmonth_pre,0.05732802974418106,0.18467535973503105,,
laugh,maxmonth_pre,0.05744709263099842,0.2492829017486231,,
headache,maxmonth_pre,0.05747086783764407,NA,,Model convergence problem; non-positive-definite Hessian matrix. See vignette('troubleshooting')
edge,maxmonth_pre,0.05752241789705771,0.2394168774561948,,
hawk,maxmonth_pre,0.05817880745259634,0.4932061145811213,,
stamp,maxmonth_pre,0.05877898209298729,0.3468068906198337,,
debt,maxmonth_pre,0.05883564804124186,0.46550206404737804,,
omen,maxmonth_pre,0.05927395913955418,0.6051894584276118,,
foreigner,maxmonth_pre,0.059390334135947825,0.5612549429553026,,
feather,maxmonth_pre,0.059742485143161904,0.23816386539766043,,
cavity,maxmonth_pre,0.05999660924515212,NA,,Model convergence problem; non-positive-definite Hessian matrix. See vignette('troubleshooting')
luck,maxmonth_pre,0.060121565667608234,0.4890662360018296,,
lung,maxmonth_pre,0.060178284791005066,NA,Model convergence problem; non-positive-definite Hessian matrix. See vignette('troubleshooting'),
hen,maxmonth_pre,0.060331316183077736,0.4990192292461865,,
spear,maxmonth_pre,0.060619910286264046,0.4763359446136163,,
development,maxmonth_pre,0.060812389469029095,0.45229104676804777,"Model convergence problem; singular convergence (7). See vignette('troubleshooting'), help('diagnose')",
louse,maxmonth_pre,0.06088031360297311,0.4522354332265924,,
surprise,maxmonth_pre,0.06125416836677756,0.402417533356887,,
butt,maxmonth_pre,0.06142686713504045,0.4047662893046478,,
bud,maxmonth_pre,0.061429427795118514,0.4989619756885277,,
color,maxmonth_pre,0.06166238046154036,0.24061176759994748,,
flute,maxmonth_pre,0.06178392540317657,0.5159101894986013,,
one,maxmonth_pre,0.06202598431270162,0.5166765030063316,,
town,maxmonth_pre,0.06216441940281522,0.5622361320460676,,
scale,maxmonth_pre,0.06226497267442946,0.2732279783832175,,
confusion,maxmonth_pre,0.06227932616887344,0.52573460913974,,
wall,maxmonth_pre,0.062392228015697326,0.2594684424526797,,
being,maxmonth_pre,0.0625625509112834,0.5909755987322026,,
shoulder,maxmonth_pre,0.0626915525806784,0.12827155527883638,,
sweep,maxmonth_pre,0.06279020667940616,0.16014426021135422,,
moon,maxmonth_pre,0.06279041721557588,0.17795162791529792,,
share,maxmonth_pre,0.06300828256205737,0.2888842990891294,,
father-in-law,maxmonth_pre,0.06305760118622156,0.41485561691913,,
story,maxmonth_pre,0.06337670508675865,0.2949925921538532,,
fluid,maxmonth_pre,0.06352072875436866,0.5272488616630497,,
thunder,maxmonth_pre,0.06363372176801087,0.15830204496341282,,
ring,maxmonth_pre,0.0637605109924444,0.217880840726331,,
scrub,maxmonth_pre,0.06396988835705174,0.5487694040690098,,
stake,maxmonth_pre,0.06407009699811787,NA,Model convergence problem; non-positive-definite Hessian matrix. See vignette('troubleshooting'),
uncle,maxmonth_pre,0.06437302517851362,0.39683258743460925,,
crow,maxmonth_pre,0.06440432305084824,0.36404417556579666,,
shield,maxmonth_pre,0.06442495453134778,0.45410857076185535,,
dye,maxmonth_pre,0.06458526047059036,0.4168191721169774,,
sum,maxmonth_pre,0.06517266559651742,0.6207555330519245,,
sight,maxmonth_pre,0.0652594284311772,0.3324998496749591,,
charcoal,maxmonth_pre,0.06532340428726845,0.3534101184177692,,
ocean,maxmonth_pre,0.06584638123134996,0.5425628469012974,,
message,maxmonth_pre,0.06589105431746525,0.35069781540972017,,
feeling,maxmonth_pre,0.06611254370453085,0.31865592679248794,,
mushroom,maxmonth_pre,0.06642560653402639,0.5507059848881726,,
soap,maxmonth_pre,0.06667901841657245,0.3176362530666838,,
oil,maxmonth_pre,0.06673139282481207,0.2704852512000204,,
death,maxmonth_pre,0.06680232096558895,0.2328744816383356,,
tail,maxmonth_pre,0.06689786522104664,0.14795988527284068,,
murder,maxmonth_pre,0.06696316763209105,0.4233877527456125,,
contract,maxmonth_pre,0.067185578704648,0.44761077540690086,,
row,maxmonth_pre,0.06721750517088523,0.2415194496083895,,
alphabet,maxmonth_pre,0.06724450427503041,0.5219717381776969,,
smile,maxmonth_pre,0.06742688971864046,0.33241601270035204,,
rope,maxmonth_pre,0.06759556593797263,0.17031706499068458,,
portion,maxmonth_pre,0.0677005849927635,0.36994888684440486,,
stalk,maxmonth_pre,0.0677109044325717,0.3989479949306979,,
weed,maxmonth_pre,0.06771711545110595,0.36571948779551455,,
swell,maxmonth_pre,0.06810447288712462,0.2735161546380826,,
couple,maxmonth_pre,0.06857887547058329,NA,,Model convergence problem; non-positive-definite Hessian matrix. See vignette('troubleshooting')
dispute,maxmonth_pre,0.06874168332380878,0.4743046006853732,,
lump,maxmonth_pre,0.06918793536533625,0.38387092968923214,,
son-in-law,maxmonth_pre,0.0692316444501033,0.3756200711361144,,
straw,maxmonth_pre,0.06935946078951674,0.4810709147095273,,
bowel,maxmonth_pre,0.0695611515953809,0.4048417113709972,,
river,maxmonth_pre,0.06969919002423244,0.39597568083229306,,
trunk,maxmonth_pre,0.07025512766352107,0.26694850752306115,,
breast,maxmonth_pre,0.07048083159783075,0.12077016017058753,,
earring,maxmonth_pre,0.07062882196930355,0.5244283362874249,,
fashion,maxmonth_pre,0.07094668108456186,0.36468580899021286,,"Model convergence problem; singular convergence (7). See vignette('troubleshooting'), help('diagnose')"
influence,maxmonth_pre,0.0710168321339219,0.4125325441522369,,
channel,maxmonth_pre,0.07114820281923259,0.570252578622181,,
wave,maxmonth_pre,0.07173987156728774,0.24207343483158555,,
sheath,maxmonth_pre,0.07179287641522375,0.374731219323938,,
warning,maxmonth_pre,0.07184042326445847,0.3382146567095832,,
yesterday,maxmonth_pre,0.07199791509089216,0.2993678653927601,,
promise,maxmonth_pre,0.07216843122743136,0.23981911756978902,,
garden,maxmonth_pre,0.07235785448757509,0.4572559416401101,,
duty,maxmonth_pre,0.07256200312436682,0.45612725048305225,,
church,maxmonth_pre,0.07257375037761682,0.5376883759312331,,
vowel,maxmonth_pre,0.07258771122770892,0.5368116300165988,"Model convergence problem; singular convergence (7). See vignette('troubleshooting'), help('diagnose')",
site,maxmonth_pre,0.07269785430557985,0.5195212224006241,,
cross,maxmonth_pre,0.07282588178262496,0.0818047757786946,,
peak,maxmonth_pre,0.07316290001030577,0.4042279908348941,,
extent,maxmonth_pre,0.07374715818069869,0.34706476588609037,,
depth,maxmonth_pre,0.07387729892776766,0.3039729620670045,,
gun,maxmonth_pre,0.07394961021428949,0.3701531041220508,,
wood,maxmonth_pre,0.07403944286120992,0.10004291459519803,,
practice,maxmonth_pre,0.07426233833778328,0.26416192981359937,,
sword,maxmonth_pre,0.07473094722469169,0.4336196706077179,,
elder,maxmonth_pre,0.07473815920493879,0.3859163914638282,,
activity,maxmonth_pre,0.07582531853109829,0.4064276330090629,,
salt,maxmonth_pre,0.07591960854987205,0.05517448545104743,,
body,maxmonth_pre,0.07628150818703336,0.09174228560904292,,
potato,maxmonth_pre,0.076523662732902,0.40686017812860364,,
spell,maxmonth_pre,0.07664013505237004,0.45494796413329786,,
daylight,maxmonth_pre,0.07670361767578579,0.42025141348934497,,
grass,maxmonth_pre,0.0769696894093418,0.15631630742600428,,
flood,maxmonth_pre,0.0770994744350661,0.17060387329390536,,
chop,maxmonth_pre,0.07724318627426192,0.33841235000592423,,
expression,maxmonth_pre,0.07790142292328349,NA,,Model convergence problem; non-positive-definite Hessian matrix. See vignette('troubleshooting')
testicle,maxmonth_pre,0.0779752444125765,0.18760376126439748,,
widow,maxmonth_pre,0.078418419130519,0.23026311204357797,,
companion,maxmonth_pre,0.07857289637020437,0.4211490535475951,,
duck,maxmonth_pre,0.07865159023430927,0.2094373546496735,,
ward,maxmonth_pre,0.07941675607491802,0.4415352312484146,,
loan,maxmonth_pre,0.07948795740355678,0.3878699096627629,,
paddle,maxmonth_pre,0.07956189403799344,0.5320595594479307,,
kite,maxmonth_pre,0.07960468253458229,0.5198123990911648,,
widower,maxmonth_pre,0.07963271784961376,0.3245970965320997,,
dive,maxmonth_pre,0.0797003845852671,NA,Model convergence problem; non-positive-definite Hessian matrix. See vignette('troubleshooting'),
joint,maxmonth_pre,0.07986995825984587,0.4500545406333084,,
belly,maxmonth_pre,0.07987596835120528,0.24656782684595788,,
bear,maxmonth_pre,0.07992847263654297,NA,Model convergence problem; non-positive-definite Hessian matrix. See vignette('troubleshooting'),
affair,maxmonth_pre,0.08001046477777106,0.46438798651668994,,
rim,maxmonth_pre,0.08034278969167316,0.36545849650118784,,
characteristic,maxmonth_pre,0.08097272773691455,0.2970431823118398,,
stack,maxmonth_pre,0.08120546501129888,0.46410285871147716,,
finger,maxmonth_pre,0.08269831090618635,NA,Model convergence problem; non-positive-definite Hessian matrix. See vignette('troubleshooting'),
frame,maxmonth_pre,0.08285710617727673,0.20247869127359303,,
conduct,maxmonth_pre,0.08321901566767584,0.4538463955925719,,
divide,maxmonth_pre,0.08341056648434333,0.14225101906364557,,
ant,maxmonth_pre,0.0836936932435476,0.32405366855099277,,
emphasis,maxmonth_pre,0.08472720394836583,NA,,Model convergence problem; non-positive-definite Hessian matrix. See vignette('troubleshooting')
bead,maxmonth_pre,0.08498550421160478,0.3143805863147333,,
drain,maxmonth_pre,0.08505017966043507,0.32198316268238514,,
spider,maxmonth_pre,0.08578307726474618,0.19635844955805398,,
slack,maxmonth_pre,0.08715156598278616,NA,Model convergence problem; non-positive-definite Hessian matrix. See vignette('troubleshooting'),
jar,maxmonth_pre,0.08782567007837178,0.4436065561654958,,
shame,maxmonth_pre,0.08867670217459878,0.16068063492102194,,
insect,maxmonth_pre,0.08880789948591332,0.20887750893751436,,
wasp,maxmonth_pre,0.08958655040448245,0.28832785121693955,,
fireplace,maxmonth_pre,0.09012281376125686,0.4367001202792443,,
cucumber,maxmonth_pre,0.09025557694693341,0.44954866038734304,,
ladder,maxmonth_pre,0.09026952013926595,0.2508433037191458,,
stump,maxmonth_pre,0.09052678898755716,NA,,Model convergence problem; non-positive-definite Hessian matrix. See vignette('troubleshooting')
foam,maxmonth_pre,0.09064999107069104,0.13437268118912282,,
ancestor,maxmonth_pre,0.09120917768217102,0.36100125344428435,,
pot,maxmonth_pre,0.0914430252070345,0.2634824006006727,,
fence,maxmonth_pre,0.09164299619365476,0.17503135096604205,,
gum,maxmonth_pre,0.09240045168545971,0.18152791763877124,,
paw,maxmonth_pre,0.09241284717881353,NA,Model convergence problem; non-positive-definite Hessian matrix. See vignette('troubleshooting'),
nod,maxmonth_pre,0.09270995890162849,NA,,"Model convergence problem; non-positive-definite Hessian matrix. See vignette('troubleshooting');Model convergence problem; singular convergence (7). See vignette('troubleshooting'), help('diagnose')"
collection,maxmonth_pre,0.09272357155553669,0.4020821532725974,,
mound,maxmonth_pre,0.09277377010199477,0.26677375650993845,,
vision,maxmonth_pre,0.09285010023319151,0.16374451822538497,,
bench,maxmonth_pre,0.09303764264762883,0.381653076433848,,
honor,maxmonth_pre,0.09319245559647978,0.28118924553568736,,
sun,maxmonth_pre,0.09335028212424461,0.03328970871059835,,
splinter,maxmonth_pre,0.09384835605621904,0.2701528805272209,,
shore,maxmonth_pre,0.093861356260961,0.3260730847884266,,
snake,maxmonth_pre,0.0938692125108387,0.22144413889479989,,
bow,maxmonth_pre,0.0939330741684629,0.090945686923188,,
beetle,maxmonth_pre,0.09403085395080527,0.29656928291577617,,
rain,maxmonth_pre,0.0940312603614863,0.021165897771889375,,
ruler,maxmonth_pre,0.09412267481933945,0.4183581779616065,,
shin,maxmonth_pre,0.09420109257353348,0.34838780207204806,,
weave,maxmonth_pre,0.09435836217406479,0.19435439933665133,,
increase,maxmonth_pre,0.09457423761946651,0.11444810139502783,,
passage,maxmonth_pre,0.09553796855099864,0.2976343095450469,,
bar,maxmonth_pre,0.0963167807046475,0.23750500972871524,,
blister,maxmonth_pre,0.0969803152210412,0.20731012009974656,,
cheek,maxmonth_pre,0.09698556737895798,0.09422381976246998,,"Model convergence problem; singular convergence (7). See vignette('troubleshooting'), help('diagnose')"
occasion,maxmonth_pre,0.09698797042691744,0.19513957452449887,,
swarm,maxmonth_pre,0.09744338345781992,0.27791492136522505,,
length,maxmonth_pre,0.09788173405710707,0.11022671041177906,,
enemy,maxmonth_pre,0.09881891584466386,0.22441653338398146,,
string,maxmonth_pre,0.099287142783557,0.05932441184950295,,
dwarf,maxmonth_pre,0.09967539709825178,0.2836967512214083,,
wax,maxmonth_pre,0.10012124988905079,0.18483842028459066,,
beak,maxmonth_pre,0.10042172619403301,NA,Model convergence problem; non-positive-definite Hessian matrix. See vignette('troubleshooting'),Model convergence problem; non-positive-definite Hessian matrix. See vignette('troubleshooting')
tin,maxmonth_pre,0.1006142050801961,0.2108828128402367,,
effect,maxmonth_pre,0.10159366011855421,0.1971792846855834,,
fool,maxmonth_pre,0.10159773595168482,0.2197713661691433,,
tick,maxmonth_pre,0.10322151013166635,0.27557344160627156,,
carpenter,maxmonth_pre,0.1036170996701771,0.2784010571445991,,
angle,maxmonth_pre,0.1038821838946405,0.31790937793268814,,
lap,maxmonth_pre,0.1042662553829277,0.2250636872129449,,
fault,maxmonth_pre,0.10493981818884286,0.2326479124948806,,
clock,maxmonth_pre,0.10758915598855756,0.2721175051668169,,
cabbage,maxmonth_pre,0.10773166919127382,0.33779736296217333,,
idea,maxmonth_pre,0.10822958481856099,0.24914940568567026,,
boundary,maxmonth_pre,0.10836055325499536,0.1421287623608066,,
bee,maxmonth_pre,0.10840864984008965,0.22888787795137716,,
rod,maxmonth_pre,0.10890881738465476,0.2541511103358436,,
razor,maxmonth_pre,0.10901208075600968,0.14935548759464587,,
tune,maxmonth_pre,0.10924472171134787,0.31701875743723607,,
deposit,maxmonth_pre,0.10932988567069357,0.2122641785512472,,
firewood,maxmonth_pre,0.10993687121997842,0.2232123695985316,,
curse,maxmonth_pre,0.11013740182172073,0.11320803965881299,,
flash,maxmonth_pre,0.11049071939652194,NA,,Model convergence problem; non-positive-definite Hessian matrix. See vignette('troubleshooting')
floor,maxmonth_pre,0.1104943298751587,0.13298164514694594,,
protection,maxmonth_pre,0.11092354607950385,0.18154888091967228,,
medicine,maxmonth_pre,0.11146974494456106,0.12111058639405514,,
knuckle,maxmonth_pre,0.11325761070424786,NA,,Model convergence problem; non-positive-definite Hessian matrix. See vignette('troubleshooting')
patch,maxmonth_pre,0.11328773968962942,NA,Model convergence problem; non-positive-definite Hessian matrix. See vignette('troubleshooting'),
generation,maxmonth_pre,0.11363275687512801,0.1435140501093175,,
search,maxmonth_pre,0.11364269099129895,NA,Model convergence problem; non-positive-definite Hessian matrix. See vignette('troubleshooting'),
joke,maxmonth_pre,0.11454528895163921,0.12420561422300039,,
sheet,maxmonth_pre,0.11524963827792305,NA,Model convergence problem; non-positive-definite Hessian matrix. See vignette('troubleshooting'),Model convergence problem; non-positive-definite Hessian matrix. See vignette('troubleshooting')
price,maxmonth_pre,0.1154304220476222,0.11490862169794605,,
stripe,maxmonth_pre,0.11566076501477125,NA,Model convergence problem; non-positive-definite Hessian matrix. See vignette('troubleshooting'),
ulcer,maxmonth_pre,0.11578677826104079,0.2797002137645178,,
leak,maxmonth_pre,0.11590114689492069,NA,Model convergence problem; non-positive-definite Hessian matrix. See vignette('troubleshooting'),
grip,maxmonth_pre,0.11657350323661768,0.18462301941132112,,
ram,maxmonth_pre,0.11933495390592387,0.3637344923595455,,
pat,maxmonth_pre,0.1196182979130057,0.36673806433127376,,
contrary,maxmonth_pre,0.11995852196973991,NA,Model convergence problem; non-positive-definite Hessian matrix. See vignette('troubleshooting'),
pigeon,maxmonth_pre,0.11998561513122137,0.14778807017140735,,
wrist,maxmonth_pre,0.12040664240085899,0.0684187843502804,,
dung,maxmonth_pre,0.12044734258237279,0.17505039860373797,,
plate,maxmonth_pre,0.12086864839483627,0.06547526403607003,,
song,maxmonth_pre,0.12102412472943667,0.057496733178711734,,
magic,maxmonth_pre,0.1216011421708222,0.26830037618122393,,
pleasure,maxmonth_pre,0.12191004979147284,0.2168624856666358,,
bachelor,maxmonth_pre,0.12226933635307227,0.2677662155310378,,
lord,maxmonth_pre,0.12239325626823047,0.3188845416712536,,
extract,maxmonth_pre,0.12276249460524934,0.1308345420626311,,
urine,maxmonth_pre,0.12288798952485314,0.02469298447635639,,
sea,maxmonth_pre,0.12335874579368677,0.30671148272464116,,
tip,maxmonth_pre,0.12368697346294252,NA,Model convergence problem; non-positive-definite Hessian matrix. See vignette('troubleshooting'),
fishing,maxmonth_pre,0.12372452517579761,0.2405615635699004,,
plant,maxmonth_pre,0.12381626748504712,0.031271592855686266,,
kernel,maxmonth_pre,0.12416028289996575,0.3408795547895912,,
grandchild,maxmonth_pre,0.12462350424899063,0.16633785408820365,,
trap,maxmonth_pre,0.12469298491387276,0.08903961179192356,,
image,maxmonth_pre,0.12620151554986037,0.15120147518000285,,
rite,maxmonth_pre,0.1265437455682386,0.3300521261203568,,
temper,maxmonth_pre,0.12678258884283364,0.17865907212211402,,
mood,maxmonth_pre,0.12689021659005012,0.27607810274631905,,
blossom,maxmonth_pre,0.1271895530648423,0.18427386116183,,
vagina,maxmonth_pre,0.1276100169940828,0.1742195674590427,,
reed,maxmonth_pre,0.12809223714163098,0.20942728135170471,,
timber,maxmonth_pre,0.1283771387621764,0.30016466868226266,,
mud,maxmonth_pre,0.12864461479510703,0.01608590158299142,,
pod,maxmonth_pre,0.1291561064603882,0.10354430002067783,,
crown,maxmonth_pre,0.12935727084381463,0.16449973458451758,,
glance,maxmonth_pre,0.1300755832138508,0.15890749727610481,,
stool,maxmonth_pre,0.1302235515256342,0.18975751250421455,,
ship,maxmonth_pre,0.13034555743344864,0.3020337115620808,,
cock,maxmonth_pre,0.1313316132586432,0.17635158091378397,,
priest,maxmonth_pre,0.1314678829062087,0.2272786719224915,,
plank,maxmonth_pre,0.131482736342966,0.11767243736547409,,
eyelid,maxmonth_pre,0.13240832313322393,NA,Model convergence problem; non-positive-definite Hessian matrix. See vignette('troubleshooting'),
thrust,maxmonth_pre,0.13289447088522752,0.30917055412010025,,
flesh,maxmonth_pre,0.13425580738163131,0.025267738385203395,,
mortar,maxmonth_pre,0.13439962821016938,0.10726744832174648,,
wink,maxmonth_pre,0.13451659433527072,0.07409954457987461,,
fiber,maxmonth_pre,0.13485247300327866,0.11949641070327136,,
hatch,maxmonth_pre,0.13516061840746385,NA,,Model convergence problem; non-positive-definite Hessian matrix. See vignette('troubleshooting')
midday,maxmonth_pre,0.13649010606381315,NA,Model convergence problem; non-positive-definite Hessian matrix. See vignette('troubleshooting'),
tie,maxmonth_pre,0.13674879845632373,0.005996449684791833,,
island,maxmonth_pre,0.13756609116004215,0.3187317721419529,,
path,maxmonth_pre,0.13827710445709276,0.043525057540844424,,
marker,maxmonth_pre,0.13863553112659593,0.41390503408593143,,
revenge,maxmonth_pre,0.13913519138192157,0.11730433618663227,,
stage,maxmonth_pre,0.13990387464050658,0.08229587586870256,,
spittle,maxmonth_pre,0.1404668885491168,NA,,Model convergence problem; non-positive-definite Hessian matrix. See vignette('troubleshooting')
toe,maxmonth_pre,0.1405875295969298,0.030110228849131903,,
battle,maxmonth_pre,0.1410870019094066,0.16447469403045034,,
coil,maxmonth_pre,0.14134809350613037,0.08121701905538226,"Model convergence problem; singular convergence (7). See vignette('troubleshooting'), help('diagnose')",
fruit,maxmonth_pre,0.14179549564204635,0.006816908151838676,,
bark,maxmonth_pre,0.1432374817263623,0.017143600265971507,,
vegetable,maxmonth_pre,0.14341210113986236,0.08776883086768221,,
smell,maxmonth_pre,0.1436095302381978,0.002821724304990567,,
substance,maxmonth_pre,0.1437249130070077,0.11782409300679715,,
bundle,maxmonth_pre,0.14384049132236923,0.020358503180918676,,
reply,maxmonth_pre,0.14404463116559876,0.0895065367348622,,
jaw,maxmonth_pre,0.14435365854560997,0.02190551058905823,,
sway,maxmonth_pre,0.14451709452102302,0.05980076916208811,,
arrest,maxmonth_pre,0.14492854591240392,0.11447386468699648,,
perspiration,maxmonth_pre,0.14502183287147122,0.08966062961976207,,
mosquito,maxmonth_pre,0.14553850534037577,0.04784469796261152,,
waterfall,maxmonth_pre,0.1459246301601049,NA,Model convergence problem; non-positive-definite Hessian matrix. See vignette('troubleshooting'),Model convergence problem; non-positive-definite Hessian matrix. See vignette('troubleshooting')
lily,maxmonth_pre,0.14598493194506004,0.21242147633382671,,
interior,maxmonth_pre,0.14645659678369147,0.18015615893038073,,
unit,maxmonth_pre,0.14758778359319574,0.17910965924732852,,
butterfly,maxmonth_pre,0.1483008639461466,0.04557298106909574,,
wealth,maxmonth_pre,0.14848568696692166,0.07083399308834278,,
spike,maxmonth_pre,0.14988072487932516,0.16956671571659937,,
lizard,maxmonth_pre,0.1518038987178218,0.039765465387084066,,
broom,maxmonth_pre,0.15346134706478723,0.01568163346345026,,
earthquake,maxmonth_pre,0.15400722007021078,0.03500867629208703,,
kin,maxmonth_pre,0.1543102792100183,0.2271913670636736,,
groin,maxmonth_pre,0.15535442403341193,0.09848431242305516,,
log,maxmonth_pre,0.15668468453505835,0.050082291584352644,,
spirit,maxmonth_pre,0.15713730713686183,0.03451567051254834,,
worship,maxmonth_pre,0.15747912067774303,0.13432804317272548,,
drum,maxmonth_pre,0.15846328098906387,0.039257634113973136,,
worm,maxmonth_pre,0.15865494114387577,8.990161365951499e-4,,
cotton,maxmonth_pre,0.1590084394708013,0.12331613777409829,,
cooking,maxmonth_pre,0.15905402366808863,0.017885170037159163,,
sting,maxmonth_pre,0.15939521073894394,0.009113946220484438,,
tree,maxmonth_pre,0.16022693696428794,8.414011544675956e-4,,
ink,maxmonth_pre,0.16120253794157738,0.1227231301551389,,
responsibility,maxmonth_pre,0.16137173300994437,0.15735084157852108,,
hum,maxmonth_pre,0.1619988163521606,0.11132309951127624,,
pen,maxmonth_pre,0.1621759175464348,0.077930287956514,,
odor,maxmonth_pre,0.16226267575126976,0.0592403860064331,,
beach,maxmonth_pre,0.1624262775858601,0.3005632287438519,,
juice,maxmonth_pre,0.16287076546802917,0.004219924210019135,,
king,maxmonth_pre,0.163270917273842,0.11890489251994381,,
marriage,maxmonth_pre,0.1633242676690924,0.005436571081767048,,
dot,maxmonth_pre,0.1643042753335392,0.14316409263379998,,
crest,maxmonth_pre,0.16438209095325262,0.03441030828776624,,"Model convergence problem; singular convergence (7). See vignette('troubleshooting'), help('diagnose')"
dance,maxmonth_pre,0.16515052058475257,0.00881135914392456,,
bush,maxmonth_pre,0.16542060642955156,0.03441173068745847,,
pounding,maxmonth_pre,0.1664565021214225,0.10628504595083578,,
parrot,maxmonth_pre,0.16663219699572632,0.1086943507391495,,
substitute,maxmonth_pre,0.16705512717949278,0.12819758145940294,,
trumpet,maxmonth_pre,0.16738776153016746,0.10069101242937456,,
sake,maxmonth_pre,0.16786567674052474,0.14637764772983555,,
funeral,maxmonth_pre,0.16871853859185326,0.17372145963990637,,
address,maxmonth_pre,0.16933184128896553,0.05475770815848986,,
frog,maxmonth_pre,0.17084630936873418,0.02080068565607577,,
turtle,maxmonth_pre,0.17099197938068217,0.16959480793546175,,
forest,maxmonth_pre,0.17303512185653175,0.05937019429861467,,
ridge,maxmonth_pre,0.17397850782851756,0.03442779321797958,,
cloth,maxmonth_pre,0.17485963661639245,0.0058818629350427575,,
bride,maxmonth_pre,0.18149394709091352,0.08429073398806912,,
sap,maxmonth_pre,0.18210186106482357,0.035711577235065954,,
shell,maxmonth_pre,0.1834734976495816,0.008907226466961342,,
sip,maxmonth_pre,0.1848019304851957,NA,,Model convergence problem; non-positive-definite Hessian matrix. See vignette('troubleshooting')
growth,maxmonth_pre,0.18521243912183805,0.022569638960747478,,
cluster,maxmonth_pre,0.18544181892134554,0.02923860658640112,"Model convergence problem; singular convergence (7). See vignette('troubleshooting'), help('diagnose')",
adultery,maxmonth_pre,0.18578685633482683,0.0324901552354903,,
doorway,maxmonth_pre,0.1860529963041151,0.06128041338379306,,
flavor,maxmonth_pre,0.19038026681094158,0.04548239170529207,,
reflection,maxmonth_pre,0.19174428462233978,0.02620395094808298,,
ornament,maxmonth_pre,0.1928806888384229,0.12101053608969062,,
punishment,maxmonth_pre,0.19560938588327367,0.019981676226271918,,
pepper,maxmonth_pre,0.19721893454796743,0.04402133138905101,,
tag,maxmonth_pre,0.19779421066044087,0.16274832341493436,,
ceremony,maxmonth_pre,0.2000159731440209,0.054936775469737985,,
torch,maxmonth_pre,0.200300127386086,0.009770138635719232,,
mucus,maxmonth_pre,0.2007226701036783,NA,,Model convergence problem; non-positive-definite Hessian matrix. See vignette('troubleshooting')
moss,maxmonth_pre,0.20407152832549477,0.02905065875211713,,
pan,maxmonth_pre,0.20525660194230694,0.00987447965854944,,
affection,maxmonth_pre,0.20559316927747498,0.01696795079708329,,
bang,maxmonth_pre,0.2090428835454555,0.11645226836331307,,
bait,maxmonth_pre,0.2091267205323668,0.022515393809828206,,
stream,maxmonth_pre,0.2104017991266959,0.01733204059832149,,
waist,maxmonth_pre,0.2106673616825059,0.002231792703191867,,
roof,maxmonth_pre,0.2106764082867462,3.7789847679071736e-4,,
umbrella,maxmonth_pre,0.21096639309279694,0.005860038871003253,,
cane,maxmonth_pre,0.2116582548362818,0.018869620270292643,,
pork,maxmonth_pre,0.2122036761560912,0.11241366874735066,,
basket,maxmonth_pre,0.21785577751152163,0.004028578543432734,,
season,maxmonth_pre,0.21908856829327827,8.80349373976609e-5,,
leaf,maxmonth_pre,0.22094085239894795,1.2560046011747647e-4,,
mat,maxmonth_pre,0.2213864238559962,0.012131057882187705,,
display,maxmonth_pre,0.2220176781514654,0.021547528484882363,,
bunch,maxmonth_pre,0.22512085775796317,9.104100226447545e-4,,
consequence,maxmonth_pre,0.22680509025348977,0.013948508823450643,,
flower,maxmonth_pre,0.2268602413045768,7.541937691384853e-4,,
sacrifice,maxmonth_pre,0.22939653669674004,0.05342874977255018,,
market,maxmonth_pre,0.23057062293653538,0.05015956287512321,,
quantity,maxmonth_pre,0.2306769520409415,0.008452858344928503,,
dancer,maxmonth_pre,0.2321454252137197,NA,Model convergence problem; non-positive-definite Hessian matrix. See vignette('troubleshooting'),
jam,maxmonth_pre,0.23606193098369388,0.07232052331056778,,
pig,maxmonth_pre,0.23733239131269324,0.008691181185104127,,
nut,maxmonth_pre,0.23804336920418429,0.003037093184690005,,
palm,maxmonth_pre,0.2385116511018158,0.0024976360329316753,,
lime,maxmonth_pre,0.24211081531240716,0.027824516450505436,,
handful,maxmonth_pre,0.24287436922643588,0.01695718424296435,,
soot,maxmonth_pre,0.2436098672598857,7.536540930516258e-4,,
feast,maxmonth_pre,0.24435512863141026,0.0170885582803383,,
fan,maxmonth_pre,0.24539324015372624,0.0061175511381233285,,
tone,maxmonth_pre,0.24750382176695607,0.1276798200296791,,
ray,maxmonth_pre,0.24810268832637275,0.017239724304947242,,
judgment,maxmonth_pre,0.2498823072981377,0.02351505124840855,,
plot,maxmonth_pre,0.2536533554182902,0.004047218226626746,,
rat,maxmonth_pre,0.25675525665504884,3.935517812418763e-4,,
fin,maxmonth_pre,0.26154444757468476,0.0067825546296374955,,
bay,maxmonth_pre,0.2640357774443652,0.06203696004242486,,
preparation,maxmonth_pre,0.26440972596163204,NA,Model convergence problem; non-positive-definite Hessian matrix. See vignette('troubleshooting'),
eel,maxmonth_pre,0.2683228828155412,0.008118581511386684,,
fish,maxmonth_pre,0.27033477247388066,0.001404418212543752,,
vine,maxmonth_pre,0.2738497457073561,0.019214823471863256,,
village,maxmonth_pre,0.275093682393576,0.03057314066358799,,
bat,maxmonth_pre,0.2774369246447357,1.0958709530449887e-5,,"Model convergence problem; singular convergence (7). See vignette('troubleshooting'), help('diagnose')"
cricket,maxmonth_pre,0.2779239717217652,5.070846750554734e-4,"Model convergence problem; singular convergence (7). See vignette('troubleshooting'), help('diagnose')",
dam,maxmonth_pre,0.2920966954228094,0.003333323610564465,,
echo,maxmonth_pre,0.29210210789654106,2.66254519219722e-4,,
sickness,maxmonth_pre,0.2934256322107331,1.5528145538378445e-4,,
sore,maxmonth_pre,0.29388167538854587,0.015130724549311856,,
elephant,maxmonth_pre,0.29465654468721,0.002644213890640011,,
fern,maxmonth_pre,0.29957963185633,0.021791663170382312,,
crocodile,maxmonth_pre,0.31399705916258097,0.00817506815729651,,
banana,maxmonth_pre,0.33417987661194026,0.006246217778627856,,
fowl,maxmonth_pre,0.3472219562540193,7.402664268137184e-4,,
snail,maxmonth_pre,0.3478997751840161,4.3846863774703055e-4,,
crab,maxmonth_pre,0.35661426197237,6.258721214431124e-4,,
clan,maxmonth_pre,0.3572903641132806,0.05176684264251612,,
platform,maxmonth_pre,0.36623168104770326,4.4574809232530597e-4,,
rice,maxmonth_pre,0.4365190146770938,0.0023404352056918334,,
ban,maxmonth_pre,0.442214798732309,0.0043141181184216575,,
canoe,maxmonth_pre,0.480008178037928,0.017332373636920844,,
bamboo,maxmonth_pre,0.5548843931768086,6.482250844918065e-6,,
yam,maxmonth_pre,0.6694679717853559,9.594518944552427e-6,,
bamboo,maxmonth_wnd,-0.5796963665218516,1.5023983499818959e-6,,
rice,maxmonth_wnd,-0.5333224295971486,1.0341179328444305e-4,,
crocodile,maxmonth_wnd,-0.46078795477410406,8.332095315803152e-5,,
ritual,maxmonth_wnd,-0.44557455845169675,0.004518417281000601,,
omen,maxmonth_wnd,-0.4351733986467464,5.956296753083803e-5,,
bang,maxmonth_wnd,-0.42578378467764977,6.661048880096073e-4,,
container,maxmonth_wnd,-0.3690441331841164,9.374711701630275e-4,,
mushroom,maxmonth_wnd,-0.3644839922918484,0.0042455193900501,,
unit,maxmonth_wnd,-0.3522691863078967,2.1871706636224792e-4,,
yam,maxmonth_wnd,-0.3479757208524681,0.027176364824730032,,
dam,maxmonth_wnd,-0.3304888716419407,0.0012510035518179118,,
sibling,maxmonth_wnd,-0.32289776638518575,0.04248552714744469,,
pounding,maxmonth_wnd,-0.3204366608971928,0.0014616354288477633,,
monkey,maxmonth_wnd,-0.31415680327555207,0.008954707535420927,,
market,maxmonth_wnd,-0.3022836313647617,0.006438981058218431,,
parrot,maxmonth_wnd,-0.298689921363054,0.0020664024252314587,,
snake,maxmonth_wnd,-0.296622391838891,6.252419863825566e-5,,
pepper,maxmonth_wnd,-0.296331693670654,0.0014422206606939743,,
area,maxmonth_wnd,-0.29589697329756287,0.0035156494782253955,,
ant,maxmonth_wnd,-0.2914092811631048,2.7448470027976497e-4,,
stalk,maxmonth_wnd,-0.2908304756795631,1.0247616883391348e-4,,
frog,maxmonth_wnd,-0.28772880990287625,9.163754632863948e-5,,
ban,maxmonth_wnd,-0.2868109005784319,0.08137504468847831,,
mortar,maxmonth_wnd,-0.2852744872206997,6.055399475234471e-4,,
sap,maxmonth_wnd,-0.28083124737814247,5.802950549709137e-4,,
soot,maxmonth_wnd,-0.2751659747501822,2.67066069827502e-4,,
flavor,maxmonth_wnd,-0.27228127048058787,0.003747742745449569,,
ulcer,maxmonth_wnd,-0.2721550840324716,0.014415119287919742,,
bachelor,maxmonth_wnd,-0.268227152992646,NA,Model convergence problem; non-positive-definite Hessian matrix. See vignette('troubleshooting'),
rite,maxmonth_wnd,-0.2680504803652966,0.06685284976325002,,
charm,maxmonth_wnd,-0.2676840003068,0.02504618590491627,,
pod,maxmonth_wnd,-0.2656887056411285,0.0015710622211652535,,
length,maxmonth_wnd,-0.2653995045268533,4.3501066955824846e-6,,
reed,maxmonth_wnd,-0.2606476188148779,0.023379721175452856,,
palm,maxmonth_wnd,-0.2576111361795155,6.270895246665351e-4,,
feces,maxmonth_wnd,-0.25683647298810997,0.010476845879597105,,
magic,maxmonth_wnd,-0.2548900390754741,0.024180812997815392,,
debt,maxmonth_wnd,-0.25475888677331604,7.456755931145466e-4,,
lizard,maxmonth_wnd,-0.25455708720037784,3.063652772537827e-4,,
vine,maxmonth_wnd,-0.24810985702255015,0.026477038292974944,,
seed,maxmonth_wnd,-0.2414386606645463,1.5920610416976036e-5,,
harvest,maxmonth_wnd,-0.24085004246400463,0.002171230766901833,,
cane,maxmonth_wnd,-0.24073678450664687,0.005427383389947671,,
bee,maxmonth_wnd,-0.2386624852577417,0.006991501483249868,,
snail,maxmonth_wnd,-0.238517317358672,0.012066481144472984,,
marker,maxmonth_wnd,-0.23664296429000675,0.1655391226518002,,
sip,maxmonth_wnd,-0.23489295212156672,NA,,Model convergence problem; non-positive-definite Hessian matrix. See vignette('troubleshooting')
handful,maxmonth_wnd,-0.23044794064287524,0.025159523987370074,,
bracelet,maxmonth_wnd,-0.22650451329571472,0.013110273432702036,,
substance,maxmonth_wnd,-0.22485477901939055,0.015410653007602904,,
corpse,maxmonth_wnd,-0.22484726689164683,0.0029588825822878732,"Model convergence problem; singular convergence (7). See vignette('troubleshooting'), help('diagnose')",
fiber,maxmonth_wnd,-0.22441043981855233,0.007770516172290795,,
preparation,maxmonth_wnd,-0.2218106360737586,0.006973349360173036,,
banana,maxmonth_wnd,-0.22153532705806092,0.07756309901191423,,
massage,maxmonth_wnd,-0.21966395382986326,0.03240067614010615,,
path,maxmonth_wnd,-0.21843326912944208,0.001265634739192306,,
spirit,maxmonth_wnd,-0.2183101561773174,0.002137409732789249,,
fruit,maxmonth_wnd,-0.21700425166624054,9.320924141000225e-6,,
squirrel,maxmonth_wnd,-0.21579517857046318,0.08431509251011358,,
decoration,maxmonth_wnd,-0.21032976841421056,0.0194387387175867,,
contrast,maxmonth_wnd,-0.21013096013069754,0.08667215471344059,,
mother-in-law,maxmonth_wnd,-0.2095670946290851,0.017480022476021186,,
burial,maxmonth_wnd,-0.20655029479952774,0.019316513749476436,,
insect,maxmonth_wnd,-0.20002928414588567,0.0024548424777452098,,
chick,maxmonth_wnd,-0.1975878915548696,0.040552729315955494,,
mold,maxmonth_wnd,-0.19714340608738187,0.01115034815536702,,
waist,maxmonth_wnd,-0.19512837791093293,0.004763366782383262,,
blade,maxmonth_wnd,-0.19402245769542115,0.0014872662894538547,,
firewood,maxmonth_wnd,-0.19243731659731012,0.03293907932899827,,
stage,maxmonth_wnd,-0.19237753043561015,0.015591567723509944,,
spouse,maxmonth_wnd,-0.19139980351343747,0.1255075395430337,,
ability,maxmonth_wnd,-0.18998650546405976,0.039343816888703566,,
vegetable,maxmonth_wnd,-0.18854900659597684,0.024161053542607308,,
platform,maxmonth_wnd,-0.18838815042334273,0.04875494859523528,,
site,maxmonth_wnd,-0.18368156622877302,0.09562191767329122,,
dove,maxmonth_wnd,-0.1834909934154893,NA,Model convergence problem; non-positive-definite Hessian matrix. See vignette('troubleshooting'),
hut,maxmonth_wnd,-0.18299392302487474,0.113577939024979,,
buttock,maxmonth_wnd,-0.182190011228605,0.00846447126734137,,
sacrifice,maxmonth_wnd,-0.18176996116012606,0.12559035028417212,,
roof,maxmonth_wnd,-0.181667026861939,0.0010086367453199113,,
mosquito,maxmonth_wnd,-0.1811170620145788,0.0070971492254882,,
mound,maxmonth_wnd,-0.1806751937779268,0.02999724962138015,,
mucus,maxmonth_wnd,-0.1804837168086654,NA,,Model convergence problem; non-positive-definite Hessian matrix. See vignette('troubleshooting')
leaf,maxmonth_wnd,-0.1803593627460504,0.001123719655183432,,
sting,maxmonth_wnd,-0.1792631097100236,0.0032743379820405856,,
plant,maxmonth_wnd,-0.17630969415788525,0.0010352644475627062,,
worm,maxmonth_wnd,-0.176163039123606,NA,Model convergence problem; non-positive-definite Hessian matrix. See vignette('troubleshooting'),
plate,maxmonth_wnd,-0.17614685362357768,0.00681495553483438,,
jar,maxmonth_wnd,-0.1743084992772181,0.13477126459094213,,
cucumber,maxmonth_wnd,-0.17423005651457948,0.08226569035564674,,
branch,maxmonth_wnd,-0.17367356548523935,1.6945212393995327e-4,,
kernel,maxmonth_wnd,-0.17317912802347488,0.14517452781532905,,
price,maxmonth_wnd,-0.17204906503278625,0.011611065670444886,,
penis,maxmonth_wnd,-0.17163178580364322,NA,Model convergence problem; non-positive-definite Hessian matrix. See vignette('troubleshooting'),
responsibility,maxmonth_wnd,-0.17153873435559938,0.1144286159860371,,
string,maxmonth_wnd,-0.17153419666808908,4.4273697811248575e-4,,
vagina,maxmonth_wnd,-0.16907766690781023,0.06916001195690635,,
trap,maxmonth_wnd,-0.16803003433873193,0.016850539655686593,,
river,maxmonth_wnd,-0.16782278062183506,0.03880061237631761,,
basket,maxmonth_wnd,-0.1675208316076702,0.022008561095669767,,
tobacco,maxmonth_wnd,-0.1671850960580429,0.013509412540401389,,
grain,maxmonth_wnd,-0.165573486756574,0.10529322149934933,,
group,maxmonth_wnd,-0.16502703265199192,0.021553474650346155,,
experience,maxmonth_wnd,-0.16468486243724234,NA,Model convergence problem; non-positive-definite Hessian matrix. See vignette('troubleshooting'),
anus,maxmonth_wnd,-0.16440376115206645,0.024558433023315167,,
metal,maxmonth_wnd,-0.1639774298725018,0.033891929611701864,,
marriage,maxmonth_wnd,-0.16368089241663278,0.005719937245450865,,
father-in-law,maxmonth_wnd,-0.16228467702978147,0.04620650268062321,,
nut,maxmonth_wnd,-0.1605929384866864,0.040792530433945165,,
sieve,maxmonth_wnd,-0.1601418208136388,0.07297612932986376,,
extract,maxmonth_wnd,-0.1600197104633127,0.05692678896564471,,
powder,maxmonth_wnd,-0.1597741058369846,0.01839490569646776,,
plank,maxmonth_wnd,-0.15811474708899545,0.06496673764421705,,
uncle,maxmonth_wnd,-0.15786420056942113,0.0408559231563601,,
sore,maxmonth_wnd,-0.1577167911285672,0.20363418747406187,,
activity,maxmonth_wnd,-0.15697362175546367,0.058959822128085294,,
caterpillar,maxmonth_wnd,-0.15573774150784928,0.06438585726775042,,
poison,maxmonth_wnd,-0.15486362127634268,0.009378700244198648,,
tree,maxmonth_wnd,-0.15381061560295373,6.584983854065579e-4,,
rat,maxmonth_wnd,-0.15358974236568096,0.02250443075773115,,
lump,maxmonth_wnd,-0.15332064628544048,0.07593381749369717,,
trunk,maxmonth_wnd,-0.15324636516858414,0.009231940045820473,,
fowl,maxmonth_wnd,-0.15172639308515123,0.17003085838495682,,
mat,maxmonth_wnd,-0.1515332164215596,0.0977247854900533,,
lime,maxmonth_wnd,-0.15094782339890572,0.15779506586360548,,
garden,maxmonth_wnd,-0.1498673451049805,0.10774163476164969,,
cooking,maxmonth_wnd,-0.14951259075021306,0.020546580999866903,,
ridge,maxmonth_wnd,-0.14928483139184062,0.058465098660869824,,
widower,maxmonth_wnd,-0.14914381922039205,0.05349644894916974,,
thorn,maxmonth_wnd,-0.14838125476033082,0.018525860326359427,,
midday,maxmonth_wnd,-0.1481720156075481,0.11352843121251356,,
rot,maxmonth_wnd,-0.146485867370411,0.09355303697300438,,
thumb,maxmonth_wnd,-0.14630031547271963,0.00812579258426487,,
location,maxmonth_wnd,-0.14407629865554014,0.30554222849857043,,
spittle,maxmonth_wnd,-0.14268226849514562,NA,Model convergence problem; non-positive-definite Hessian matrix. See vignette('troubleshooting'),Model convergence problem; non-positive-definite Hessian matrix. See vignette('troubleshooting')
sheath,maxmonth_wnd,-0.14257973834943205,0.04528626457642645,,
mud,maxmonth_wnd,-0.14237488212920452,0.007864005393068583,,
loop,maxmonth_wnd,-0.14182132263209024,0.1643396105225361,,
sickness,maxmonth_wnd,-0.14019040279776598,0.07859079344922441,,
being,maxmonth_wnd,-0.14019031897084303,0.2330170122248068,,
patient,maxmonth_wnd,-0.13936993973952283,0.1454053150994149,,
address,maxmonth_wnd,-0.13935453656180247,0.10203573835190857,,
hole,maxmonth_wnd,-0.13914772547684026,5.855345286638776e-4,,
ancestor,maxmonth_wnd,-0.1387478613840971,0.12608085193545732,,
existence,maxmonth_wnd,-0.138591778555653,0.14943966229633757,,
wood,maxmonth_wnd,-0.13805511977694768,0.0016388022849478095,,
earthquake,maxmonth_wnd,-0.1372924296915362,0.05756998347222742,,
weave,maxmonth_wnd,-0.13677789085359837,0.052474459912316085,,
chicken,maxmonth_wnd,-0.1364867351536798,0.2137322943910524,,
bar,maxmonth_wnd,-0.13622164767663184,0.11306171096559338,,
influence,maxmonth_wnd,-0.13605047388614844,0.12659284339941249,,
obligation,maxmonth_wnd,-0.1353993307528084,0.21758590030800018,,
wedge,maxmonth_wnd,-0.13414707162618078,0.18135464478657556,,
hunter,maxmonth_wnd,-0.13403517467004894,0.16509793304230488,,
jaw,maxmonth_wnd,-0.13363591570960287,0.028850380893321547,,
skin,maxmonth_wnd,-0.13309998503840884,0.007037839808439567,,
hum,maxmonth_wnd,-0.13287886704475924,0.21640104639222255,,
diarrhea,maxmonth_wnd,-0.13254177772127962,0.035198286640424785,,
blanket,maxmonth_wnd,-0.13207247829412164,0.18124739317976615,,
pig,maxmonth_wnd,-0.13125988911427167,0.14648740430662016,,
liquid,maxmonth_wnd,-0.13054763065427616,0.046959514568936156,,
wasp,maxmonth_wnd,-0.13026391851137845,0.11043865603175897,,
grass,maxmonth_wnd,-0.13022526657566882,0.01489048676000538,,
tube,maxmonth_wnd,-0.12848567030979338,0.18444617286296566,,
joke,maxmonth_wnd,-0.12830132603298533,0.07337593378518227,,
harm,maxmonth_wnd,-0.12798353594076778,0.11713437150976326,,
spider,maxmonth_wnd,-0.12789673196432386,0.04433959405407985,,
trouser,maxmonth_wnd,-0.1276451142896599,0.15042630020309847,,
saliva,maxmonth_wnd,-0.1268280728075729,0.04263283907673428,,
louse,maxmonth_wnd,-0.12599300627562143,0.12642874964729198,,
response,maxmonth_wnd,-0.12584362111544703,NA,,"Model convergence problem; non-positive-definite Hessian matrix. See vignette('troubleshooting');Model convergence problem; singular convergence (7). See vignette('troubleshooting'), help('diagnose')"
perspiration,maxmonth_wnd,-0.12555554462665644,NA,Model convergence problem; non-positive-definite Hessian matrix. See vignette('troubleshooting'),
illness,maxmonth_wnd,-0.12547506477133177,0.10335570210976239,,
earring,maxmonth_wnd,-0.12467061391106123,0.24010632123277698,,
size,maxmonth_wnd,-0.12462723275995854,0.02046639212120706,,
smear,maxmonth_wnd,-0.12433018904027159,0.21016920727616553,,
quantity,maxmonth_wnd,-0.12309136162628867,0.22769204319494674,,
pregnancy,maxmonth_wnd,-0.12300120144346008,0.16576322784059458,,
money,maxmonth_wnd,-0.12275861828054674,NA,Model convergence problem; non-positive-definite Hessian matrix. See vignette('troubleshooting'),
cavity,maxmonth_wnd,-0.12259602906154231,NA,,Model convergence problem; non-positive-definite Hessian matrix. See vignette('troubleshooting')
promise,maxmonth_wnd,-0.12254363076206966,0.03250077861029044,,
trail,maxmonth_wnd,-0.12217170459356995,0.2702696545914531,,
color,maxmonth_wnd,-0.12209733655845674,0.012145625738601158,,
pu,maxmonth_wnd,-0.12177707015805957,0.06990828822761244,,
owner,maxmonth_wnd,-0.12173087308870843,0.13058807711741757,,
pot,maxmonth_wnd,-0.12163231422864927,0.13766843482800573,,
fingernail,maxmonth_wnd,-0.1210866329834972,0.2228087311308028,,
nest,maxmonth_wnd,-0.12097405888372542,0.03355882090881646,,
medicine,maxmonth_wnd,-0.12078310694568727,0.0748249013046925,,
pan,maxmonth_wnd,-0.12074371016785176,0.15326962113398382,,
deposit,maxmonth_wnd,-0.12028906230172388,NA,Model convergence problem; non-positive-definite Hessian matrix. See vignette('troubleshooting'),
plot,maxmonth_wnd,-0.12006033059639412,0.19063151440225273,,
collapse,maxmonth_wnd,-0.1187837117761811,0.11073221878432248,,
cotton,maxmonth_wnd,-0.11869160915599158,0.22046341464857522,,
kidney,maxmonth_wnd,-0.1181475928487967,0.05954823584160421,,
contact,maxmonth_wnd,-0.11728518672603648,0.1243095046868216,,
growth,maxmonth_wnd,-0.11708220868338852,0.13780845840106443,,
molar,maxmonth_wnd,-0.11483448809679939,0.2207047470680768,,
straw,maxmonth_wnd,-0.1143952736697589,0.25566845722657894,,
finger,maxmonth_wnd,-0.11426263673802621,0.0074896477447926255,,
shoulder,maxmonth_wnd,-0.11408516135577859,0.0030024966167805202,,
dispute,maxmonth_wnd,-0.11395144988076149,0.23262108260072212,,
result,maxmonth_wnd,-0.1134194518796953,0.10362532841113306,,
power,maxmonth_wnd,-0.11330153267247658,0.07474664627289375,,
dusk,maxmonth_wnd,-0.11320521384801971,0.08209959716798089,,
tomorrow,maxmonth_wnd,-0.1131156228154725,0.14047354153420555,,
season,maxmonth_wnd,-0.11289860746244541,0.04701526613825241,,
testicle,maxmonth_wnd,-0.11262786919104575,NA,Model convergence problem; non-positive-definite Hessian matrix. See vignette('troubleshooting'),
cock,maxmonth_wnd,-0.11258895911648291,0.2467487006422366,,
control,maxmonth_wnd,-0.11241315471743366,0.2538233199999609,,
skirt,maxmonth_wnd,-0.11234142106925288,0.193736867990772,,
test,maxmonth_wnd,-0.11190438593655032,0.05161797514343374,,
width,maxmonth_wnd,-0.11156499762514842,0.1497985108150069,,
problem,maxmonth_wnd,-0.11135764939655027,0.29827749043988705,,
rain,maxmonth_wnd,-0.11055354907239621,0.006969498758873054,,
payment,maxmonth_wnd,-0.11051255576910422,0.23218319544527435,,
throat,maxmonth_wnd,-0.11020290140697545,0.01900403363885786,,
adult,maxmonth_wnd,-0.1095532987971243,0.15320841828835283,,
plan,maxmonth_wnd,-0.10932681748342159,NA,,Model convergence problem; non-positive-definite Hessian matrix. See vignette('troubleshooting')
bud,maxmonth_wnd,-0.10918932552685874,0.19428195924191624,,
beak,maxmonth_wnd,-0.10872111952050899,NA,"Model convergence problem; singular convergence (7). See vignette('troubleshooting'), help('diagnose')",Model convergence problem; non-positive-definite Hessian matrix. See vignette('troubleshooting')
wax,maxmonth_wnd,-0.10869151823680492,0.17439613486674127,,
beam,maxmonth_wnd,-0.1084250384525869,0.17903235504482568,,
smoking,maxmonth_wnd,-0.10819787627755159,0.19611608690113355,,
body,maxmonth_wnd,-0.10810176965268851,0.01477326912971227,,
cluster,maxmonth_wnd,-0.10788314789846909,NA,Model convergence problem; non-positive-definite Hessian matrix. See vignette('troubleshooting'),
pile,maxmonth_wnd,-0.10695380906821773,0.04671675032049129,,
swamp,maxmonth_wnd,-0.10681306990890076,0.34750965868048356,,
bark,maxmonth_wnd,-0.10677472890761924,0.06774809736902239,,
forest,maxmonth_wnd,-0.10437522488720667,0.2339604823395423,,
flame,maxmonth_wnd,-0.10434848224224093,0.05776990280678618,,
generation,maxmonth_wnd,-0.10408837083719909,0.1623179055625017,,
twig,maxmonth_wnd,-0.10347002118436793,NA,"Model convergence problem; singular convergence (7). See vignette('troubleshooting'), help('diagnose')",NA/NaN function evaluation;NA/NaN function evaluation;Model convergence problem; non-positive-definite Hessian matrix. See vignette('troubleshooting')
paste,maxmonth_wnd,-0.10336098893555745,0.3669263768637353,,
knot,maxmonth_wnd,-0.10303644845172262,0.06945185543216192,,
fireplace,maxmonth_wnd,-0.10257487840977113,0.3642733758761405,,
beetle,maxmonth_wnd,-0.10174024677461486,0.23630623551536575,,
roar,maxmonth_wnd,-0.10149831797631112,NA,Model convergence problem; non-positive-definite Hessian matrix. See vignette('troubleshooting'),Model convergence problem; non-positive-definite Hessian matrix. See vignette('troubleshooting')
tip,maxmonth_wnd,-0.10139582429457496,0.06933587032115028,"Model convergence problem; singular convergence (7). See vignette('troubleshooting'), help('diagnose')",
arrow,maxmonth_wnd,-0.10066636233542874,0.2608197576436362,,
drizzle,maxmonth_wnd,-0.09989794122391736,0.22752720638498392,,
death,maxmonth_wnd,-0.09986824329197311,0.07538346260438632,,
lip,maxmonth_wnd,-0.0994042586858923,0.028683219228499014,,
knowledge,maxmonth_wnd,-0.0984500692816248,NA,Model convergence problem; non-positive-definite Hessian matrix. See vignette('troubleshooting'),
region,maxmonth_wnd,-0.09839843367537447,NA,Model convergence problem; non-positive-definite Hessian matrix. See vignette('troubleshooting'),
strip,maxmonth_wnd,-0.09829542343470277,0.11686184801520232,,
animal,maxmonth_wnd,-0.09824801278060273,0.06080459405469632,,
urine,maxmonth_wnd,-0.09807355016706092,0.07558653384341858,,
moment,maxmonth_wnd,-0.09803018007307798,0.23128591589388486,,
content,maxmonth_wnd,-0.09801839582843237,NA,Model convergence problem; non-positive-definite Hessian matrix. See vignette('troubleshooting'),
city,maxmonth_wnd,-0.09790118971014383,0.3320128427614082,,
prey,maxmonth_wnd,-0.09776010547474842,0.33002250372054975,,
parent,maxmonth_wnd,-0.09759373997893257,0.13054692614509816,,
intention,maxmonth_wnd,-0.09701995862630088,0.2652711015429569,,
talk,maxmonth_wnd,-0.09536780206476875,0.4183988433107406,,
flesh,maxmonth_wnd,-0.09533980074734104,0.1274620614508028,,
hatch,maxmonth_wnd,-0.09517473869933209,NA,,Model convergence problem; non-positive-definite Hessian matrix. See vignette('troubleshooting')
yesterday,maxmonth_wnd,-0.09508566358665492,0.1721677734041196,,
pet,maxmonth_wnd,-0.09490921380724404,0.3217633540119327,,
bag,maxmonth_wnd,-0.09461942047150608,0.12737368304885727,,
corn,maxmonth_wnd,-0.09391574263271249,0.38058477658774087,,
search,maxmonth_wnd,-0.09339539395762189,0.13810833344731924,,
widow,maxmonth_wnd,-0.09228022141724415,0.1424715061213698,,
butterfly,maxmonth_wnd,-0.09220068186822523,0.2090937623357169,,
dirt,maxmonth_wnd,-0.09205807170688264,0.11526726418956748,,
leader,maxmonth_wnd,-0.09157287920109694,NA,Model convergence problem; non-positive-definite Hessian matrix. See vignette('troubleshooting'),
shell,maxmonth_wnd,-0.09147320096841965,0.16686990824439343,,
bride,maxmonth_wnd,-0.09115644090320076,0.37785668388116783,,
companion,maxmonth_wnd,-0.09100259232471464,0.3474117875560121,,
regret,maxmonth_wnd,-0.0902796374978172,0.28483423922554857,,
shrub,maxmonth_wnd,-0.09015833835329007,0.44460561498895085,,
coin,maxmonth_wnd,-0.0895667596412799,0.31691837142880575,,
dancer,maxmonth_wnd,-0.08952623558471132,0.480564299454666,,
bird,maxmonth_wnd,-0.08868929570248596,0.05067576339775872,,
clan,maxmonth_wnd,-0.08845567103207219,0.6273079378364337,,
lap,maxmonth_wnd,-0.08764380744335248,0.3143293555194611,,
vision,maxmonth_wnd,-0.08750265983933879,0.18559506118222013,,
gap,maxmonth_wnd,-0.08727922158756522,0.4499155169606888,,
potato,maxmonth_wnd,-0.08706107003408428,0.3306628746958262,,
headache,maxmonth_wnd,-0.086906983734363,NA,,Model convergence problem; non-positive-definite Hessian matrix. See vignette('troubleshooting')
coil,maxmonth_wnd,-0.08673011527336774,0.24827372840317763,"Model convergence problem; singular convergence (7). See vignette('troubleshooting'), help('diagnose')",
fan,maxmonth_wnd,-0.08664698461216645,0.3581769680609367,,
slope,maxmonth_wnd,-0.08616233474196465,0.26618120806081336,"Model convergence problem; singular convergence (7). See vignette('troubleshooting'), help('diagnose')",
cigarette,maxmonth_wnd,-0.08584393779374472,0.43301983567597535,,
pipe,maxmonth_wnd,-0.08567906976832873,0.16475004749560998,,
bench,maxmonth_wnd,-0.08561150669903494,0.37834870104397483,,
blossom,maxmonth_wnd,-0.08521434685639276,0.3477083742559852,,
elephant,maxmonth_wnd,-0.08518756187983983,0.3721366467131579,,
spoon,maxmonth_wnd,-0.08508615389686766,0.17483986164605714,,
depression,maxmonth_wnd,-0.08483040485602802,NA,Model convergence problem; non-positive-definite Hessian matrix. See vignette('troubleshooting'),
jam,maxmonth_wnd,-0.08467695005529911,0.5195737521706064,,
mixture,maxmonth_wnd,-0.08463765412184379,NA,Model convergence problem; non-positive-definite Hessian matrix. See vignette('troubleshooting'),
honey,maxmonth_wnd,-0.08420060870524003,0.2643899851680023,,
luck,maxmonth_wnd,-0.08395870070756022,0.31010582539358444,,
ram,maxmonth_wnd,-0.08394112067574488,0.5329976004193361,,
adultery,maxmonth_wnd,-0.0835798379986799,0.37075090885765555,,
doorway,maxmonth_wnd,-0.08233522147590912,0.39738259551600424,,
wealth,maxmonth_wnd,-0.08228513847538725,0.3000365730450467,,
taste,maxmonth_wnd,-0.08210716858634,0.08609616862390446,,
frame,maxmonth_wnd,-0.08194769023845337,0.2292635025223442,,
pain,maxmonth_wnd,-0.08180831350480398,0.06513582011979434,,
village,maxmonth_wnd,-0.08172773426864957,0.5138354027256637,,
crop,maxmonth_wnd,-0.08139797424315151,0.32525521930678586,,
ladder,maxmonth_wnd,-0.08130211128250782,0.18849749170655036,,
ankle,maxmonth_wnd,-0.08119081225855147,0.17532111187249347,,
development,maxmonth_wnd,-0.08105809579438202,NA,"Model convergence problem; non-positive-definite Hessian matrix. See vignette('troubleshooting');Model convergence problem; singular convergence (7). See vignette('troubleshooting'), help('diagnose')",
lid,maxmonth_wnd,-0.08030484984834535,0.22565562489001684,,
surprise,maxmonth_wnd,-0.0802764819494155,0.2390729972415409,,
lung,maxmonth_wnd,-0.07998184089748706,0.2088457358763229,,
divorce,maxmonth_wnd,-0.07985286170508345,NA,Model convergence problem; non-positive-definite Hessian matrix. See vignette('troubleshooting'),
appearance,maxmonth_wnd,-0.07962439697615802,0.23389924134543635,,
mourning,maxmonth_wnd,-0.07954964073088021,0.39666487820714474,,
demand,maxmonth_wnd,-0.07928023552947167,0.45869845492817374,,
stream,maxmonth_wnd,-0.07904873382330045,0.3722615684110461,,
rim,maxmonth_wnd,-0.07836795478882275,0.3951091184873749,,
flood,maxmonth_wnd,-0.07832393705486929,0.16794270449282953,,
crest,maxmonth_wnd,-0.07830048657072403,0.3260016677688399,"Model convergence problem; singular convergence (7). See vignette('troubleshooting'), help('diagnose')","Model convergence problem; singular convergence (7). See vignette('troubleshooting'), help('diagnose')"
drum,maxmonth_wnd,-0.07811840138508536,0.3140739847185625,,
wrist,maxmonth_wnd,-0.07798057363758465,0.18561001181287518,,
flash,maxmonth_wnd,-0.07783043232401149,NA,,Model convergence problem; non-positive-definite Hessian matrix. See vignette('troubleshooting')
smile,maxmonth_wnd,-0.0773848432980348,0.24556725131013388,,
elder,maxmonth_wnd,-0.07732030082887713,0.38614147855210873,,
idea,maxmonth_wnd,-0.07683161760677089,0.3513567395325422,,
attack,maxmonth_wnd,-0.07682758440030882,0.2240197724115044,,
sorrow,maxmonth_wnd,-0.0763411330790591,0.40362824629958916,,
grandchild,maxmonth_wnd,-0.07620236812541496,0.3993959346502438,,
squash,maxmonth_wnd,-0.07575312834523704,0.5858346072708138,,
design,maxmonth_wnd,-0.0756032525556388,NA,Model convergence problem; non-positive-definite Hessian matrix. See vignette('troubleshooting'),
angle,maxmonth_wnd,-0.07510541188634126,0.382905418063311,,
firm,maxmonth_wnd,-0.07435968952011907,0.35214793414760526,,
movement,maxmonth_wnd,-0.07405317617244016,0.2411589076014265,"Model convergence problem; singular convergence (7). See vignette('troubleshooting'), help('diagnose')",
scrub,maxmonth_wnd,-0.0739335056810004,0.47924311149330195,,
trust,maxmonth_wnd,-0.07386915810252821,0.3809662616297772,,
wall,maxmonth_wnd,-0.0738031945432679,0.16517005876315694,,
society,maxmonth_wnd,-0.07377787891400833,0.5041580529495422,,
source,maxmonth_wnd,-0.073556322152834,0.27837512860503355,,
birth,maxmonth_wnd,-0.07349909786574353,0.11096856538276854,,
stamp,maxmonth_wnd,-0.07334843773996887,0.25202545787203534,,
spine,maxmonth_wnd,-0.07282599919642875,0.35027328970795824,,
instrument,maxmonth_wnd,-0.0727700004092738,0.32436154026489844,,
bite,maxmonth_wnd,-0.0725861089433943,0.08551752492414498,,
leak,maxmonth_wnd,-0.07248468093087726,0.29324877900407637,,
cure,maxmonth_wnd,-0.07248147692232655,0.35359484398155216,,
system,maxmonth_wnd,-0.07160078721657463,0.4429888057738968,,"Model convergence problem; singular convergence (7). See vignette('troubleshooting'), help('diagnose')"
spike,maxmonth_wnd,-0.07133880700233243,0.4823296055361086,,
curse,maxmonth_wnd,-0.07108848097370354,0.3006993604553095,,
thought,maxmonth_wnd,-0.07088170237043342,0.4615955140226532,,
stomach,maxmonth_wnd,-0.0707223641822661,0.1785044029724433,,
juice,maxmonth_wnd,-0.07069540461309422,NA,Model convergence problem; non-positive-definite Hessian matrix. See vignette('troubleshooting'),
height,maxmonth_wnd,-0.07062214141405838,0.23296131957112406,,
exclamation,maxmonth_wnd,-0.07056969711330656,0.49939932995620606,,
wing,maxmonth_wnd,-0.07038926279779135,0.13022426627684383,,
limit,maxmonth_wnd,-0.07037978846231288,0.4069685361263514,,
pity,maxmonth_wnd,-0.07016617056749841,NA,Model convergence problem; non-positive-definite Hessian matrix. See vignette('troubleshooting'),
braid,maxmonth_wnd,-0.0701059928478562,0.4282417865072474,,
floor,maxmonth_wnd,-0.0692286335513925,0.33132419869966323,,
lightning,maxmonth_wnd,-0.06917816635645878,0.19805302666731356,,
boil,maxmonth_wnd,-0.0684584775821311,0.09635200781703536,,
hat,maxmonth_wnd,-0.06845479483364986,0.3568117906269707,,
lamp,maxmonth_wnd,-0.06842020080172041,0.37322388951553226,,
thrust,maxmonth_wnd,-0.06832713723715178,0.6000136615777271,,
pole,maxmonth_wnd,-0.06820841185318073,0.25625250142059386,,
armpit,maxmonth_wnd,-0.06817181676544044,NA,,Model convergence problem; non-positive-definite Hessian matrix. See vignette('troubleshooting')
relation,maxmonth_wnd,-0.06788920378680074,0.32149964804086684,,
breast,maxmonth_wnd,-0.06783606262599465,0.10640833165090437,,
grip,maxmonth_wnd,-0.06763840296774282,0.4165773158260879,,
pond,maxmonth_wnd,-0.06721514254871115,0.42674968789438805,,
ceremony,maxmonth_wnd,-0.06709817872960827,0.5277056408414146,,
breathing,maxmonth_wnd,-0.06652027111305227,0.32646102452178616,,
ring,maxmonth_wnd,-0.06603203586460792,0.18140380103827744,,
hair,maxmonth_wnd,-0.06578626818905436,0.0535079368807918,,
shine,maxmonth_wnd,-0.0657821240741826,0.317340519370254,,
eyebrow,maxmonth_wnd,-0.06550792572668075,0.2834415920432249,,
target,maxmonth_wnd,-0.06550091867746918,0.3818896153114704,,
crush,maxmonth_wnd,-0.06532629795724076,0.34922695991701047,,
fluid,maxmonth_wnd,-0.0653137758433947,0.5442842747989647,,
rope,maxmonth_wnd,-0.06486923683141284,0.17104609388134767,,
shaft,maxmonth_wnd,-0.06486267068333951,0.561069995282102,,
pattern,maxmonth_wnd,-0.06467037284303966,0.49702693921298063,,
sunset,maxmonth_wnd,-0.06399062302016603,NA,Model convergence problem; non-positive-definite Hessian matrix. See vignette('troubleshooting'),
splinter,maxmonth_wnd,-0.06395970426063627,0.5023647642408223,,
neck,maxmonth_wnd,-0.06376198659143911,0.10778791484567728,,
slave,maxmonth_wnd,-0.06363596321298916,0.5028556161915895,,
quiver,maxmonth_wnd,-0.06329048538465266,0.4987536823470114,,
photograph,maxmonth_wnd,-0.06256353540481488,0.49664616066526934,,
signal,maxmonth_wnd,-0.06230139538878432,0.4411645272385894,,
water,maxmonth_wnd,-0.06221944386638503,0.0689929944394909,,
transport,maxmonth_wnd,-0.06220606581063867,NA,"Model convergence problem; non-positive-definite Hessian matrix. See vignette('troubleshooting');Model convergence problem; singular convergence (7). See vignette('troubleshooting'), help('diagnose')","Model convergence problem; non-positive-definite Hessian matrix. See vignette('troubleshooting');Model convergence problem; singular convergence (7). See vignette('troubleshooting'), help('diagnose')"
intercourse,maxmonth_wnd,-0.06167669766403803,0.5157923499663511,,
arrangement,maxmonth_wnd,-0.061320729860852685,0.4411041138172895,,
sum,maxmonth_wnd,-0.061306301113602434,0.6375435526628974,,
bubble,maxmonth_wnd,-0.060871825750594986,0.3459842534487047,NA/NaN function evaluation,
stripe,maxmonth_wnd,-0.06036195532885436,0.44968411875963027,NA/NaN function evaluation,
fin,maxmonth_wnd,-0.06011810473327932,0.5301915994795601,,
chase,maxmonth_wnd,-0.060093416620064934,0.3605276929203457,,
layer,maxmonth_wnd,-0.059834560271116805,0.4746809014339888,,
tie,maxmonth_wnd,-0.05973946583409749,0.2353055030396484,,
charcoal,maxmonth_wnd,-0.059169862560211665,0.4023196209410525,,
creature,maxmonth_wnd,-0.05914671169776215,0.43883235270703536,,
fear,maxmonth_wnd,-0.0587205659044896,0.3208755964391253,,
lover,maxmonth_wnd,-0.05854811574284363,0.594307823339194,,
division,maxmonth_wnd,-0.058353895657220455,0.5190166533164224,,
truth,maxmonth_wnd,-0.057788833138757094,NA,Model convergence problem; non-positive-definite Hessian matrix. See vignette('troubleshooting'),
equivalent,maxmonth_wnd,-0.05765240492324474,0.42277705712979674,,
sugar,maxmonth_wnd,-0.057475576280011806,0.42332866599300145,,
whirlwind,maxmonth_wnd,-0.05735213149022097,0.44114571173844075,,
fever,maxmonth_wnd,-0.0573270194342501,0.39323433410289566,,
groan,maxmonth_wnd,-0.05697847634912954,NA,,"Model convergence problem; non-positive-definite Hessian matrix. See vignette('troubleshooting');Model convergence problem; singular convergence (7). See vignette('troubleshooting'), help('diagnose')"
swarm,maxmonth_wnd,-0.056881623788605756,0.5013298338005606,,
daytime,maxmonth_wnd,-0.056802503205041315,NA,Model convergence problem; non-positive-definite Hessian matrix. See vignette('troubleshooting'),
slap,maxmonth_wnd,-0.056713303994213184,0.45966736412549186,,
hunting,maxmonth_wnd,-0.05647680344480336,0.5074649782103287,,
offspring,maxmonth_wnd,-0.056413119704400556,0.4626629920041825,,
peel,maxmonth_wnd,-0.056280609137475436,0.3765892630928708,,
prison,maxmonth_wnd,-0.05611417562859465,0.46873897712773405,,
month,maxmonth_wnd,-0.05587184737309709,0.37464019901490225,,
track,maxmonth_wnd,-0.05577137848493158,0.45832850228313854,,
fortune,maxmonth_wnd,-0.055640197520968326,0.5174314321635906,,
skill,maxmonth_wnd,-0.055241750347594216,NA,Model convergence problem; non-positive-definite Hessian matrix. See vignette('troubleshooting'),
image,maxmonth_wnd,-0.05521739478902047,0.5178344926101619,,
flute,maxmonth_wnd,-0.05467155908235805,0.5500837877349486,,
entrance,maxmonth_wnd,-0.05465403478139021,0.4833401079266309,,
cat,maxmonth_wnd,-0.054336277944720054,0.3223752011532255,,
fern,maxmonth_wnd,-0.053296901651093395,0.6749147176368063,,
dung,maxmonth_wnd,-0.05276252994285386,0.5586976534032223,,
smell,maxmonth_wnd,-0.05270867731710728,0.2890527633134967,,
beauty,maxmonth_wnd,-0.05240775733775059,0.5571906272482142,,
expression,maxmonth_wnd,-0.05228820872479193,NA,,Model convergence problem; non-positive-definite Hessian matrix. See vignette('troubleshooting')
son-in-law,maxmonth_wnd,-0.051954376241288215,0.5490207187600171,,
fashion,maxmonth_wnd,-0.051933236903406274,0.5130379111495454,,"Model convergence problem; singular convergence (7). See vignette('troubleshooting'), help('diagnose')"
teeth,maxmonth_wnd,-0.05166858688484005,0.21594321920371096,,
cricket,maxmonth_wnd,-0.05154369856375617,NA,Model convergence problem; non-positive-definite Hessian matrix. See vignette('troubleshooting'),
bow,maxmonth_wnd,-0.051312119369404476,0.29333966494540087,,
food,maxmonth_wnd,-0.05104978223370396,0.2565468329393984,,
coffee,maxmonth_wnd,-0.050929959296298816,0.6648079504062914,,
swell,maxmonth_wnd,-0.05081080400860319,NA,Model convergence problem; non-positive-definite Hessian matrix. See vignette('troubleshooting'),
permission,maxmonth_wnd,-0.050763655333308386,0.4419143739096567,,
thunder,maxmonth_wnd,-0.05072801657625626,0.2247494880148797,,
plow,maxmonth_wnd,-0.050621332522653086,0.5991261819332716,,
tin,maxmonth_wnd,-0.050613792976597675,0.5860935887659766,,
dust,maxmonth_wnd,-0.0504042729593804,0.30165027470005845,,
stake,maxmonth_wnd,-0.05023243787800672,0.572576709396342,,
mouth,maxmonth_wnd,-0.05016539999346216,0.23131719134873258,,
song,maxmonth_wnd,-0.05016137276062413,0.43769601946033454,,
ornament,maxmonth_wnd,-0.05003270596386962,0.6709600671185059,,
remainder,maxmonth_wnd,-0.04992727452250078,0.5509304553932073,,
slack,maxmonth_wnd,-0.04992518199645326,0.5503116041829026,,
dot,maxmonth_wnd,-0.04958016568352664,0.6468435006751062,,
hawk,maxmonth_wnd,-0.0494397902485366,0.560541637177527,,
broom,maxmonth_wnd,-0.04927378493710452,0.42367772799443587,,
teaching,maxmonth_wnd,-0.049067537306454585,NA,,"Model convergence problem; non-positive-definite Hessian matrix. See vignette('troubleshooting');Model convergence problem; singular convergence (7). See vignette('troubleshooting'), help('diagnose')"
job,maxmonth_wnd,-0.0490566552565913,0.5238388248501316,,
smoke,maxmonth_wnd,-0.04891515209302632,0.2576349910001375,,
misfortune,maxmonth_wnd,-0.0484943370470571,0.5401970788309831,,
item,maxmonth_wnd,-0.048486906000110505,0.6601239146593673,,
effect,maxmonth_wnd,-0.04843036661074133,0.5410567519585503,,
eyelid,maxmonth_wnd,-0.04838140654102163,0.49353560876831687,,
figure,maxmonth_wnd,-0.04828508310500343,0.6034794514953781,,
dog,maxmonth_wnd,-0.04825985238776687,0.41507689849048957,,
hill,maxmonth_wnd,-0.048188188630669905,0.5103749032443798,,
gift,maxmonth_wnd,-0.048187124670411884,0.4746103062448475,,
protection,maxmonth_wnd,-0.04745990393096038,0.5555254342729912,,
overflow,maxmonth_wnd,-0.047317460413737154,0.5204720554883563,,
pool,maxmonth_wnd,-0.047119667368823136,0.49976621429244195,,
shame,maxmonth_wnd,-0.04706958346316813,0.4428112352938519,,
enemy,maxmonth_wnd,-0.04705688092790831,0.5212179755942977,,
soul,maxmonth_wnd,-0.0465108656238042,0.5941574579915389,,
ray,maxmonth_wnd,-0.04629174911790685,0.6622000294155223,,
warning,maxmonth_wnd,-0.0457452319700291,0.5511336555744734,,
aunt,maxmonth_wnd,-0.045313638613638026,0.5897477082812426,,
flower,maxmonth_wnd,-0.04469287390655197,0.4913075693792135,,
settlement,maxmonth_wnd,-0.044527435584567905,NA,Model convergence problem; non-positive-definite Hessian matrix. See vignette('troubleshooting'),Model convergence problem; non-positive-definite Hessian matrix. See vignette('troubleshooting')
mirror,maxmonth_wnd,-0.04447168219782223,0.40788769020268745,,
kite,maxmonth_wnd,-0.04439295095215494,0.7179857376706658,,
hen,maxmonth_wnd,-0.04422844370591731,0.6131076927158067,,
leg,maxmonth_wnd,-0.04385936209300994,0.35401447329510016,,
cap,maxmonth_wnd,-0.04336824160101524,0.5524157502383826,,
chest,maxmonth_wnd,-0.04304581744663405,0.35674705376646465,,
load,maxmonth_wnd,-0.04292101386503768,0.47860335747324906,,
goat,maxmonth_wnd,-0.042904053993079824,0.6179020665409473,,
edge,maxmonth_wnd,-0.0427994798014646,0.3634588785680643,,
tooth,maxmonth_wnd,-0.04277442209607803,0.3558874998779061,,
sway,maxmonth_wnd,-0.042739303037738714,0.5647441923284082,,
bullet,maxmonth_wnd,-0.042508393605441896,0.6477808017570669,,
rod,maxmonth_wnd,-0.04187154094402925,0.6726896310331126,,
fire,maxmonth_wnd,-0.041847705350593914,0.31626830318708976,,
cake,maxmonth_wnd,-0.04144443874183563,0.671234514425136,,
elbow,maxmonth_wnd,-0.041293847841819914,0.46077973857582943,,
blister,maxmonth_wnd,-0.04127452685693272,0.5608399377304754,,
occasion,maxmonth_wnd,-0.040936500374736395,0.5959913990579009,,
shadow,maxmonth_wnd,-0.04078062391095319,0.43637791045746976,,
cry,maxmonth_wnd,-0.04007109321370283,0.656324440275632,,
bottle,maxmonth_wnd,-0.04001552403909501,0.5313448936872315,,
navel,maxmonth_wnd,-0.04000199448202437,NA,Model convergence problem; non-positive-definite Hessian matrix. See vignette('troubleshooting'),
heat,maxmonth_wnd,-0.03998059902649716,0.4476078737541381,,
mustache,maxmonth_wnd,-0.03990169872076707,0.5701784953195403,,
reply,maxmonth_wnd,-0.03965357805013372,0.6499201721186935,,
surface,maxmonth_wnd,-0.03951176098915935,0.5974220823060488,,
pinch,maxmonth_wnd,-0.039213055552720505,0.5069898422339967,,
structure,maxmonth_wnd,-0.03920307266516892,0.6620876857937062,"Model convergence problem; singular convergence (7). See vignette('troubleshooting'), help('diagnose')","Model convergence problem; singular convergence (7). See vignette('troubleshooting'), help('diagnose')"
scale,maxmonth_wnd,-0.03918992342049337,0.4650851223036764,,
infant,maxmonth_wnd,-0.03915329007307,0.6210225908657754,,
kitchen,maxmonth_wnd,-0.03865854731099349,0.6868639246849947,,
claw,maxmonth_wnd,-0.03832638352788392,0.5173672526484251,,
insult,maxmonth_wnd,-0.03803549303825786,0.657811560650433,,
meat,maxmonth_wnd,-0.03801552562998697,0.5173807941619393,,
dance,maxmonth_wnd,-0.03763828269552943,0.583852130262713,,
prick,maxmonth_wnd,-0.037534496039458284,0.6361648383618943,,
owl,maxmonth_wnd,-0.037451316819242575,0.5759452168323312,,
tick,maxmonth_wnd,-0.036973327349569735,0.6955866935474286,,
practice,maxmonth_wnd,-0.03686521101051531,0.5546721904742385,,
wound,maxmonth_wnd,-0.0363163385728949,0.505442582831409,,
shelf,maxmonth_wnd,-0.03625915468467057,0.6735847144577732,,
hem,maxmonth_wnd,-0.03613667981793295,0.7226647182909156,,
pat,maxmonth_wnd,-0.03581833104098939,0.7862138533908969,,
chop,maxmonth_wnd,-0.0357835508626376,0.6594501424092782,,
ear,maxmonth_wnd,-0.03576335198198083,0.3621307776950339,,
grave,maxmonth_wnd,-0.03566935331656571,0.608107780205817,,
joint,maxmonth_wnd,-0.03531808564445065,0.6774979955694852,,
knife,maxmonth_wnd,-0.03514044453831034,0.4655639192594147,,
display,maxmonth_wnd,-0.03507176559138597,NA,Model convergence problem; non-positive-definite Hessian matrix. See vignette('troubleshooting'),
claim,maxmonth_wnd,-0.0350448382944767,0.736466693721348,,
depth,maxmonth_wnd,-0.03470998920306696,0.6020462627456704,,
moth,maxmonth_wnd,-0.03412587607187251,0.6191731715565336,,
cabbage,maxmonth_wnd,-0.03374762795231465,0.77021657313813,,
airplane,maxmonth_wnd,-0.03334093315819935,NA,Model convergence problem; non-positive-definite Hessian matrix. See vignette('troubleshooting'),
force,maxmonth_wnd,-0.03330040395397216,0.5401691584166861,,
trouble,maxmonth_wnd,-0.03288517359745162,0.655867278310476,,
grandfather,maxmonth_wnd,-0.03261978955872454,0.6918745444181955,,
bat,maxmonth_wnd,-0.03180185734196908,0.6340590646574619,,"Model convergence problem; singular convergence (7). See vignette('troubleshooting'), help('diagnose')"
clay,maxmonth_wnd,-0.03177946829854817,0.6886068377162694,,
exchange,maxmonth_wnd,-0.031439759367249305,0.5894520885164837,,
salt,maxmonth_wnd,-0.031391852887812884,NA,"Model convergence problem; non-positive-definite Hessian matrix. See vignette('troubleshooting');Model convergence problem; singular convergence (7). See vignette('troubleshooting'), help('diagnose')",
necklace,maxmonth_wnd,-0.031303765454310066,0.6442179481213496,,
whip,maxmonth_wnd,-0.031217873512195193,0.6447731117917859,,
value,maxmonth_wnd,-0.031013028714889534,0.5942179004763393,,
noon,maxmonth_wnd,-0.03093641578205266,0.6905464670788433,,
basin,maxmonth_wnd,-0.030933156905233,0.7239205011670236,,
spin,maxmonth_wnd,-0.030931302767958045,NA,,Model convergence problem; non-positive-definite Hessian matrix. See vignette('troubleshooting')
strand,maxmonth_wnd,-0.030906066122888553,0.765511308097007,,
bridge,maxmonth_wnd,-0.03086161461368566,0.6413125235622861,,
waterfall,maxmonth_wnd,-0.030803512478101508,NA,Model convergence problem; non-positive-definite Hessian matrix. See vignette('troubleshooting'),Model convergence problem; non-positive-definite Hessian matrix. See vignette('troubleshooting')
interior,maxmonth_wnd,-0.030603120625218628,0.7663767814613516,,
tail,maxmonth_wnd,-0.03056129596353809,0.494782306506244,,
umbrella,maxmonth_wnd,-0.030542296160538454,0.6887346952803071,,
evil,maxmonth_wnd,-0.030061686974160368,0.6891516695886877,,
plug,maxmonth_wnd,-0.029835791443635056,0.7230597599068033,,
reflection,maxmonth_wnd,-0.029695845095971382,0.7178047432326883,,
nod,maxmonth_wnd,-0.029312010352612373,NA,Model convergence problem; non-positive-definite Hessian matrix. See vignette('troubleshooting'),"Model convergence problem; non-positive-definite Hessian matrix. See vignette('troubleshooting');Model convergence problem; singular convergence (7). See vignette('troubleshooting'), help('diagnose')"
hand,maxmonth_wnd,-0.02884377666689082,0.410813522448553,,
route,maxmonth_wnd,-0.0288277479037315,NA,Model convergence problem; non-positive-definite Hessian matrix. See vignette('troubleshooting'),Model convergence problem; non-positive-definite Hessian matrix. See vignette('troubleshooting')
agreement,maxmonth_wnd,-0.02847611496990576,0.6572355014707606,,
abdomen,maxmonth_wnd,-0.028278399539901,0.743286627316519,,
confusion,maxmonth_wnd,-0.02810620439010415,0.7714564020308916,,
singer,maxmonth_wnd,-0.02761649400731684,0.7730022940501418,,
position,maxmonth_wnd,-0.027483441721128297,0.6713033601002715,,
wage,maxmonth_wnd,-0.027333366525422172,0.7459415820385997,,
flour,maxmonth_wnd,-0.026888013998177727,0.7398312954598879,,
clothing,maxmonth_wnd,-0.026574713611913443,NA,Model convergence problem; non-positive-definite Hessian matrix. See vignette('troubleshooting'),
soup,maxmonth_wnd,-0.025742163901810118,0.7805168387091389,,
urge,maxmonth_wnd,-0.0256896782504018,0.7668941002695671,,
soil,maxmonth_wnd,-0.025635698858253633,0.6656420982819552,,
cheek,maxmonth_wnd,-0.025543478499902114,0.5573450033863278,,"Model convergence problem; singular convergence (7). See vignette('troubleshooting'), help('diagnose')"
argument,maxmonth_wnd,-0.025539178584887603,0.7152903806345625,,
tag,maxmonth_wnd,-0.025151945802076015,NA,Model convergence problem; non-positive-definite Hessian matrix. See vignette('troubleshooting'),
dew,maxmonth_wnd,-0.024940432536710733,0.6546326420837829,,
itch,maxmonth_wnd,-0.024928554064533832,0.71724100422664006,,
paw,maxmonth_wnd,-0.02489413089088803,NA,Model convergence problem; non-positive-definite Hessian matrix. See vignette('troubleshooting'),
egg,maxmonth_wnd,-0.024558658520239307,0.5677573903342842,,
stump,maxmonth_wnd,-0.02451996621666932,NA,,Model convergence problem; non-positive-definite Hessian matrix. See vignette('troubleshooting')
onion,maxmonth_wnd,-0.024221162842246957,0.7609254537106996,,
prayer,maxmonth_wnd,-0.02406221720603323,0.791258328208811,,
delay,maxmonth_wnd,-0.024036209030037104,0.773146121037665,,
divide,maxmonth_wnd,-0.02381517579141826,0.7076641501216449,,
wrap,maxmonth_wnd,-0.023793296426474993,0.6480560296425236,,
brush,maxmonth_wnd,-0.023780723512399918,0.7040318014730863,,
guide,maxmonth_wnd,-0.02353054896734622,0.7103863354720652,,
fault,maxmonth_wnd,-0.023030508020266103,0.7870845323154464,,
forehead,maxmonth_wnd,-0.022963968212896035,0.6268012153688799,,
turtle,maxmonth_wnd,-0.02238283272465464,0.8467319627066896,,
mix,maxmonth_wnd,-0.021844186807842433,0.6392052413630968,,
belt,maxmonth_wnd,-0.021827246805252602,0.7039460827044748,,
leap,maxmonth_wnd,-0.021536520344190027,0.79330257373367,,
emotion,maxmonth_wnd,-0.021319409692685604,0.822639228556565,,
share,maxmonth_wnd,-0.02102222689488482,0.7212606990190706,,
bull,maxmonth_wnd,-0.020753711753034677,0.8038549736787791,,
afternoon,maxmonth_wnd,-0.020616629749518584,0.770505485065484,,
hell,maxmonth_wnd,-0.020586383460897376,0.8419598321469833,,
gall,maxmonth_wnd,-0.02053683667194773,0.8264210318683801,,
chain,maxmonth_wnd,-0.020504778501458622,0.7490887305399626,,
blood,maxmonth_wnd,-0.020461097829482352,NA,Model convergence problem; non-positive-definite Hessian matrix. See vignette('troubleshooting'),
fist,maxmonth_wnd,-0.020299782937622635,0.7566644990817728,,
shiver,maxmonth_wnd,-0.02015705936851377,0.7204071497153216,,"Model convergence problem; singular convergence (7). See vignette('troubleshooting'), help('diagnose')"
dye,maxmonth_wnd,-0.020138580068414076,0.787885924449867,,
rooster,maxmonth_wnd,-0.020066904285077476,0.8797181667729937,,
intestine,maxmonth_wnd,-0.019958110577845533,0.7568830414032064,,
pigeon,maxmonth_wnd,-0.019754960933136587,0.8065517878041184,,
chance,maxmonth_wnd,-0.019270609401573147,0.8193863323079076,,
murder,maxmonth_wnd,-0.019245817815660506,0.840466887405707,,
axe,maxmonth_wnd,-0.01919547647993327,0.8046625286764529,,
excuse,maxmonth_wnd,-0.019095667028829876,0.8244265644905809,,
tax,maxmonth_wnd,-0.01902322110506679,0.8479731651862202,,
bead,maxmonth_wnd,-0.018846975469965006,0.822047474812085,,
disease,maxmonth_wnd,-0.01882296945074878,0.7720453139859,,
darkness,maxmonth_wnd,-0.018531019825104324,0.8126785054416574,,
womb,maxmonth_wnd,-0.01791857992360561,0.8025213725602449,,
knee,maxmonth_wnd,-0.017588322724522956,0.7129524099739306,,
distance,maxmonth_wnd,-0.017504136529090393,0.7318335150365957,,
bush,maxmonth_wnd,-0.01735004529115349,0.8244994617605644,,
chin,maxmonth_wnd,-0.017045122122119526,NA,Model convergence problem; non-positive-definite Hessian matrix. See vignette('troubleshooting'),
strength,maxmonth_wnd,-0.01688074255429955,0.7702243282496685,,
speaker,maxmonth_wnd,-0.016201065758603448,0.8488481866907639,,
perfume,maxmonth_wnd,-0.016176088755687525,0.8663129255050998,,
trade,maxmonth_wnd,-0.016113456005764498,0.8341966781442283,,
conversation,maxmonth_wnd,-0.016100370088977547,0.8082168062296142,,
feeling,maxmonth_wnd,-0.015319881206949042,0.7999128319206538,,
pit,maxmonth_wnd,-0.015164295036360909,0.8275484391373056,,
rumor,maxmonth_wnd,-0.014977432366311442,0.8770334350262009,,
sun,maxmonth_wnd,-0.01486662480848646,0.735368436549602,,
quality,maxmonth_wnd,-0.014402204516269054,0.8595428054579344,,
groin,maxmonth_wnd,-0.014172834156993074,0.8866646505898416,,
ash,maxmonth_wnd,-0.014074053778504887,0.7872354770308325,,
eye,maxmonth_wnd,-0.013623142567553375,0.6734634252920796,,
attention,maxmonth_wnd,-0.013301373782941777,0.7933994043763852,,
sweat,maxmonth_wnd,-0.013184477647849415,0.8253736187058921,,
bottom,maxmonth_wnd,-0.013064821719263408,0.8202975607907258,,
sister-in-law,maxmonth_wnd,-0.013060041441080299,0.8903012989887849,,
belly,maxmonth_wnd,-0.01303668699417683,0.853089400978277,,
shin,maxmonth_wnd,-0.013015637959443193,0.8943139969544212,,
symbol,maxmonth_wnd,-0.012938265306390232,0.8940920997536477,,
bone,maxmonth_wnd,-0.012547693305891765,0.7685386277241747,,
hip,maxmonth_wnd,-0.012433314041572163,0.8490057006384683,,
entry,maxmonth_wnd,-0.012234601543226796,0.9379077879365518,,
reward,maxmonth_wnd,-0.012141673396816186,0.8910589444671484,,
lily,maxmonth_wnd,-0.011957275061899659,0.9085594140604561,,
law,maxmonth_wnd,-0.011558168689634322,0.8915929969276624,,
request,maxmonth_wnd,-0.011272030287074835,0.8777861393660412,,
arrest,maxmonth_wnd,-0.011260097320844107,0.8870507175239505,"Model convergence problem; singular convergence (7). See vignette('troubleshooting'), help('diagnose')",
sweep,maxmonth_wnd,-0.011225621243793525,0.7975645975706539,,
nipple,maxmonth_wnd,-0.011104117435244703,0.8455809029138962,,"failed to invert Hessian from numDeriv::jacobian(), falling back to internal vcov estimate"
log,maxmonth_wnd,-0.011096453994928004,0.8920612630757937,,
residence,maxmonth_wnd,-0.01080728323459952,0.9109879623215346,,
moon,maxmonth_wnd,-0.010493581963163977,0.8087025591497292,,
kick,maxmonth_wnd,-0.010323468606311415,0.8745323061030582,,
absence,maxmonth_wnd,-0.010215447961728854,0.8931494290369248,,
beginning,maxmonth_wnd,-0.010152566643724907,0.8298084785426754,,
ache,maxmonth_wnd,-0.010028279964366315,0.8715969016782547,,
process,maxmonth_wnd,-0.009955842261801953,NA,"Model convergence problem; singular convergence (7). See vignette('troubleshooting'), help('diagnose')",Model convergence problem; non-positive-definite Hessian matrix. See vignette('troubleshooting')
rainbow,maxmonth_wnd,-0.009797170034437853,0.8701445497272599,,
issue,maxmonth_wnd,-0.009622885502734307,0.9185770124583074,,
advice,maxmonth_wnd,-0.009547636912308638,0.8804422469400882,,
desire,maxmonth_wnd,-0.008825950541514499,0.8971244971842256,,
arm,maxmonth_wnd,-0.008686385137804066,0.8354331056922678,,
map,maxmonth_wnd,-0.008496709992925695,0.9417405814948774,,"Model convergence problem; singular convergence (7). See vignette('troubleshooting'), help('diagnose')"
button,maxmonth_wnd,-0.008120622677887036,0.9137567294059448,,
cloth,maxmonth_wnd,-0.007964621988716815,0.8970539373628188,,
earth,maxmonth_wnd,-0.007443000940453182,0.8917706788193323,,
sex,maxmonth_wnd,-0.007436926465629865,0.9238842936777202,,
mouse,maxmonth_wnd,-0.007432447171951867,0.9059818234537226,,
bean,maxmonth_wnd,-0.00713602127372808,0.9384108286696543,,
wink,maxmonth_wnd,-0.0064122263129037455,0.9330365487561532,,
friend,maxmonth_wnd,-0.00634425064181326,0.9035593190665201,,
flow,maxmonth_wnd,-0.006188753533829538,0.9087506286411208,,
aim,maxmonth_wnd,-0.005906381552850078,0.934754860104218,,
flea,maxmonth_wnd,-0.005431881944286108,0.9481725161064604,,
baby,maxmonth_wnd,-0.005406093349857133,0.9440080277176569,,
weight,maxmonth_wnd,-0.0048536705919399944,0.9202237453814949,,
approach,maxmonth_wnd,-0.004751776946013518,0.9478131177993578,,
second,maxmonth_wnd,-0.004451875357476685,0.9318353689337247,,
portion,maxmonth_wnd,-0.004014018310511494,0.9603908197594684,,
rifle,maxmonth_wnd,-0.0037531261213103045,0.9731715091124922,,
shade,maxmonth_wnd,-0.0032257124317004223,0.9496341720012116,,
situation,maxmonth_wnd,-0.0028823063218704676,0.6153230362439068,,
shirt,maxmonth_wnd,-0.002625756246660615,NA,Model convergence problem; non-positive-definite Hessian matrix. See vignette('troubleshooting'),
thread,maxmonth_wnd,-0.0023421787387704744,0.9714721553786576,,
rest,maxmonth_wnd,-0.0023214800225457694,0.9576694534885418,,
instruction,maxmonth_wnd,-0.0017579523310473056,NA,,Model convergence problem; non-positive-definite Hessian matrix. See vignette('troubleshooting')
shape,maxmonth_wnd,-0.0014105399763891158,0.9789262735538049,,
lake,maxmonth_wnd,1.5946193136724872e-4,0.9986688883103748,,
business,maxmonth_wnd,3.788634884707712e-4,0.996436520184241,,
pair,maxmonth_wnd,4.7320165057194763e-4,0.9940554765243249,,
eyelash,maxmonth_wnd,6.306209438111134e-4,0.9930770575503757,,
puff,maxmonth_wnd,0.0011966214778453927,1,,
mistake,maxmonth_wnd,0.001262401956578546,0.9821072352176892,,
increase,maxmonth_wnd,0.0014573775369939028,0.9818526259767523,,
bundle,maxmonth_wnd,0.0018771791426784215,0.9736639512771661,,
noise,maxmonth_wnd,0.0019260427284607466,0.9701319812897982,,
priest,maxmonth_wnd,0.0023343313253109976,0.9819372872395246,,
behavior,maxmonth_wnd,0.0029578840255239567,0.9727394363123086,,
horn,maxmonth_wnd,0.0030293449621608347,0.9608477018423467,,
punishment,maxmonth_wnd,0.003073366994642308,0.9714952321496515,,
possession,maxmonth_wnd,0.003088745853296611,0.9606904519353162,,
advantage,maxmonth_wnd,0.003242471009473654,0.9728376185298337,,
odor,maxmonth_wnd,0.0035204659914859484,0.9701832559364115,,
liver,maxmonth_wnd,0.003969359999699629,0.945990891469451,,
dwarf,maxmonth_wnd,0.004327634702141373,0.9684378044993633,,
gum,maxmonth_wnd,0.004397176411014029,0.9481787276804032,,
relationship,maxmonth_wnd,0.0044181203289103705,0.9567390413574342,,
polish,maxmonth_wnd,0.0044425499938388095,0.9567324283626694,,
copper,maxmonth_wnd,0.00454295488995354,0.9570459957152163,,
brand,maxmonth_wnd,0.005034450323465839,0.9540132255198551,,
effort,maxmonth_wnd,0.005232638424325586,0.9442979732213888,,
ease,maxmonth_wnd,0.005312622730960051,0.9481243889607355,,
sky,maxmonth_wnd,0.005483572218524082,0.9128603875800031,,
judgment,maxmonth_wnd,0.005596599638425882,0.9588100136941563,,
candle,maxmonth_wnd,0.00564479966196989,0.9535706011699966,,
laughter,maxmonth_wnd,0.0057335645568761156,0.9390034521871375,,
rash,maxmonth_wnd,0.005952226125808348,NA,"Model convergence problem; non-positive-definite Hessian matrix. See vignette('troubleshooting');Model convergence problem; singular convergence (7). See vignette('troubleshooting'), help('diagnose')","Model convergence problem; singular convergence (7). See vignette('troubleshooting'), help('diagnose')"
ink,maxmonth_wnd,0.006139490428413104,0.9502845660927022,,
hunt,maxmonth_wnd,0.006763066725132031,0.9263337211457862,,
cord,maxmonth_wnd,0.006994198323225999,0.9089236153124631,,
property,maxmonth_wnd,0.007102917863334989,0.9264371264852046,,
milk,maxmonth_wnd,0.007252025092684082,0.9090126554536152,,
razor,maxmonth_wnd,0.007392486466659031,0.9175845294035024,,
cross,maxmonth_wnd,0.00740150847583378,NA,Model convergence problem; non-positive-definite Hessian matrix. See vignette('troubleshooting'),
comment,maxmonth_wnd,0.007514588120364719,0.944297358486175,,
emphasis,maxmonth_wnd,0.007683098869853662,NA,,Model convergence problem; non-positive-definite Hessian matrix. See vignette('troubleshooting')
mountain,maxmonth_wnd,0.007826658001265167,0.9243172891476629,,
disgust,maxmonth_wnd,0.008097797785774028,0.9257304133951724,,
anger,maxmonth_wnd,0.008182395324908913,0.8927846428758298,,
splash,maxmonth_wnd,0.008313214697281553,0.9123413451383866,,
echo,maxmonth_wnd,0.008328025683127066,0.9273017499083575,,
thief,maxmonth_wnd,0.008569242535823035,0.9021953168481435,,
series,maxmonth_wnd,0.008680101248752884,0.920970272679268,,
bear,maxmonth_wnd,0.009739956647279627,0.9035543191881478,,
revenge,maxmonth_wnd,0.009845189384570598,0.9056195268938523,,
hammer,maxmonth_wnd,0.009873015308902203,0.849924689647432,,
visitor,maxmonth_wnd,0.010027908256490508,0.9053896606954874,,
valley,maxmonth_wnd,0.010032892569071234,0.8978056185376804,,
interest,maxmonth_wnd,0.010315975504412328,0.8856180589784599,,
knuckle,maxmonth_wnd,0.01047345737996628,NA,Model convergence problem; non-positive-definite Hessian matrix. See vignette('troubleshooting'),Model convergence problem; non-positive-definite Hessian matrix. See vignette('troubleshooting')
drip,maxmonth_wnd,0.01061379439054388,0.8740012424339854,,
whisper,maxmonth_wnd,0.010634222717421886,0.8486755876819034,,
dawn,maxmonth_wnd,0.01065142910179927,0.8417477588743761,,
tear,maxmonth_wnd,0.011307042957088816,0.778863375609008,,
pleasure,maxmonth_wnd,0.011311115302611507,0.9055043670717994,,
pocket,maxmonth_wnd,0.01153134875388579,0.869371138203908,,
hour,maxmonth_wnd,0.01166366056257514,0.8530196191412659,,
scoop,maxmonth_wnd,0.011688357855041819,0.8991361184605343,,
tone,maxmonth_wnd,0.011908485300315843,0.945681897564709,,
purpose,maxmonth_wnd,0.01205714196679092,NA,Model convergence problem; non-positive-definite Hessian matrix. See vignette('troubleshooting'),
enclosure,maxmonth_wnd,0.012061813027945874,0.897248939945331,,
basis,maxmonth_wnd,0.012168826900550156,NA,"Model convergence problem; singular convergence (7). See vignette('troubleshooting'), help('diagnose')","Model convergence problem; non-positive-definite Hessian matrix. See vignette('troubleshooting');Model convergence problem; singular convergence (7). See vignette('troubleshooting'), help('diagnose')"
soap,maxmonth_wnd,0.012594744558103802,0.8432130611922944,,
tongue,maxmonth_wnd,0.012733064102634034,0.7354391021073179,,
mill,maxmonth_wnd,0.012786489773775857,0.9036319699824734,,
rust,maxmonth_wnd,0.012803617713042262,0.8538197936995489,,
page,maxmonth_wnd,0.012830234377439164,0.8918308497620312,,
assistance,maxmonth_wnd,0.013571142346728566,0.870758161112759,,
blaze,maxmonth_wnd,0.013582515683527982,0.8807725430692477,,
substitute,maxmonth_wnd,0.013710088512469897,0.8859379849790388,,
yawn,maxmonth_wnd,0.013765790147344479,0.8275729325141682,,
trace,maxmonth_wnd,0.014277403768296447,0.8666904292372984,,
foundation,maxmonth_wnd,0.014395156429043522,0.8614346986081456,,
soldier,maxmonth_wnd,0.014708756897683896,0.8447123917576784,,
spit,maxmonth_wnd,0.015006761301848252,0.7707375977910443,,
success,maxmonth_wnd,0.015279741160324038,0.8551913443778396,,
shock,maxmonth_wnd,0.015317149582112671,0.8742076708369485,,
gut,maxmonth_wnd,0.015378528143901737,NA,Model convergence problem; non-positive-definite Hessian matrix. See vignette('troubleshooting'),
window,maxmonth_wnd,0.015644333180362555,0.8196410365878046,,
goodness,maxmonth_wnd,0.01611152160488116,NA,Model convergence problem; non-positive-definite Hessian matrix. See vignette('troubleshooting'),
bump,maxmonth_wnd,0.016663243168520497,0.8492836224344287,,
guard,maxmonth_wnd,0.016670937586859523,0.7583053105869755,,
seal,maxmonth_wnd,0.016737596580974765,0.8695112853463552,,
fence,maxmonth_wnd,0.016786309884483253,0.7973273506601001,,
variant,maxmonth_wnd,0.01734747571194148,0.9412029650741139,,
slice,maxmonth_wnd,0.01743359480829652,0.827222712551026,,
sale,maxmonth_wnd,0.017441111695373372,0.8436350755001703,,
voice,maxmonth_wnd,0.017613310784882347,0.7375587183876391,,
visit,maxmonth_wnd,0.018048020287832083,0.7587116617345876,,
information,maxmonth_wnd,0.018610032502334593,0.8104836269735766,,
tradition,maxmonth_wnd,0.01861744260188087,0.7271438649669932,,"Model convergence problem; singular convergence (7). See vignette('troubleshooting'), help('diagnose')"
repair,maxmonth_wnd,0.01862802432712335,0.7782531499889581,,
sheet,maxmonth_wnd,0.018800890492782787,NA,,Model convergence problem; non-positive-definite Hessian matrix. See vignette('troubleshooting')
like,maxmonth_wnd,0.019055064285622845,0.6743883263469062,,
nose,maxmonth_wnd,0.01921713981304726,0.6396857595307336,,
cloud,maxmonth_wnd,0.01932666247711619,0.7294007148076149,,
sling,maxmonth_wnd,0.01959991880261407,0.8259314117604689,,
territory,maxmonth_wnd,0.019842595053583476,0.8395368476715371,,"Model convergence problem; singular convergence (7). See vignette('troubleshooting'), help('diagnose')"
teacher,maxmonth_wnd,0.019957122730265304,NA,NA/NaN function evaluation;NA/NaN function evaluation;NA/NaN function evaluation;NA/NaN function evaluation,Model convergence problem; non-positive-definite Hessian matrix. See vignette('troubleshooting')
damage,maxmonth_wnd,0.020390840596783092,NA,Model convergence problem; non-positive-definite Hessian matrix. See vignette('troubleshooting'),
grandmother,maxmonth_wnd,0.02041313824680834,0.8019283816081239,,
core,maxmonth_wnd,0.020617400856283753,0.8069048665329195,,
circle,maxmonth_wnd,0.02074332380319652,NA,,Model convergence problem; non-positive-definite Hessian matrix. See vignette('troubleshooting')
hunger,maxmonth_wnd,0.021052040413959867,0.7299398823536495,,
room,maxmonth_wnd,0.021304225755418234,0.755490915535603,,
shelter,maxmonth_wnd,0.021584081621257516,0.7352808154407662,,
gun,maxmonth_wnd,0.0216225662755922,0.7887027617448338,,
rag,maxmonth_wnd,0.02173212908451085,0.8052266196109458,,
religion,maxmonth_wnd,0.021822178200361295,0.8270282682455802,,
comb,maxmonth_wnd,0.0220266921227112,0.7406048538052016,,
corner,maxmonth_wnd,0.022085450441425285,0.6328704332924938,,
completion,maxmonth_wnd,0.02224038525142119,0.7967817439345063,,
story,maxmonth_wnd,0.022542889367453845,0.6910436228397742,,
ditch,maxmonth_wnd,0.02259524454817531,0.7975542472683603,,
twin,maxmonth_wnd,0.022635197399311094,0.7287649642273738,,
presence,maxmonth_wnd,0.02320888412912589,0.7580233854088219,,
bladder,maxmonth_wnd,0.023392113356484983,0.7207630257174371,,
pressure,maxmonth_wnd,0.0235639284795397,0.770454949852352,,
drink,maxmonth_wnd,0.023602266239904766,0.5921857455342819,,
clause,maxmonth_wnd,0.023674877631682214,NA,Model convergence problem; non-positive-definite Hessian matrix. See vignette('troubleshooting'),
scratch,maxmonth_wnd,0.02379819777090643,0.6641677074395526,,
curve,maxmonth_wnd,0.024264106620987096,0.7786201721560146,,
crow,maxmonth_wnd,0.02478162724627073,0.7169550969210781,,
fight,maxmonth_wnd,0.025073630129373182,0.5915360056640686,,
difficulty,maxmonth_wnd,0.025411302485792837,0.7297543508154849,,
heart,maxmonth_wnd,0.025479046380704737,0.6351342867850089,,
injury,maxmonth_wnd,0.025590920734231564,0.8173515144702275,,
web,maxmonth_wnd,0.025698704095735016,0.7062783095873671,,
gas,maxmonth_wnd,0.025854634022577358,NA,Model convergence problem; non-positive-definite Hessian matrix. See vignette('troubleshooting'),
foam,maxmonth_wnd,0.02597348312249502,0.6354076662430377,,
contribution,maxmonth_wnd,0.02610824064752069,0.7548539729934245,,
scream,maxmonth_wnd,0.02698461789632305,NA,Model convergence problem; non-positive-definite Hessian matrix. See vignette('troubleshooting'),
sin,maxmonth_wnd,0.027385153838942303,0.8174555027790669,,
praise,maxmonth_wnd,0.02749172898098159,0.7072222671874219,,
future,maxmonth_wnd,0.02751418516139101,0.6629272598278624,,
grape,maxmonth_wnd,0.027838938322246827,0.7759818011394725,,
gossip,maxmonth_wnd,0.027986172528365542,NA,Model convergence problem; non-positive-definite Hessian matrix. See vignette('troubleshooting'),
patience,maxmonth_wnd,0.028861367646681287,0.7686332953756613,,
breath,maxmonth_wnd,0.028885635438690473,0.5484368947785709,,
kin,maxmonth_wnd,0.0289004153101571,0.8186575097794871,,
feast,maxmonth_wnd,0.02937294243164401,0.7658854231107266,,
bus,maxmonth_wnd,0.029749012474055148,0.7999344403445431,,
jerk,maxmonth_wnd,0.029873754548266195,0.7701738489682083,,
bunch,maxmonth_wnd,0.029986856116586295,NA,Model convergence problem; non-positive-definite Hessian matrix. See vignette('troubleshooting'),
household,maxmonth_wnd,0.030125313159651772,0.7597596505702175,,
condition,maxmonth_wnd,0.030195513992880004,NA,,Model convergence problem; non-positive-definite Hessian matrix. See vignette('troubleshooting')
duty,maxmonth_wnd,0.03048641476156641,0.7451374716572281,,
feather,maxmonth_wnd,0.030813438225838007,0.5078479483246905,,
progress,maxmonth_wnd,0.030895815411035685,0.7251473334277684,,
border,maxmonth_wnd,0.03117703906425911,0.6810853854415071,,
pant,maxmonth_wnd,0.031178039712857108,NA,,Model convergence problem; non-positive-definite Hessian matrix. See vignette('troubleshooting')
heaven,maxmonth_wnd,0.03163350443393014,0.655386555442303,,
combination,maxmonth_wnd,0.03199967595269135,0.8224241879743767,,
organ,maxmonth_wnd,0.03207065725778934,0.7150072790916603,,
dough,maxmonth_wnd,0.03226582072608304,0.7396959168432805,,
wire,maxmonth_wnd,0.03231402242271654,0.6886624373018086,,
toy,maxmonth_wnd,0.03236571753370412,0.7019671303944734,,
envy,maxmonth_wnd,0.032385512439597704,0.7244165261839074,,
lord,maxmonth_wnd,0.032756020809800564,0.7764978359688739,,
dream,maxmonth_wnd,0.03303834265016218,0.47207229412216267,,
ride,maxmonth_wnd,0.03357968255551347,0.6803575827519762,,
news,maxmonth_wnd,0.03379036261007159,0.5918595814313963,,
police,maxmonth_wnd,0.03387727275651005,0.7593082977294636,,
detail,maxmonth_wnd,0.03428118237382501,0.6912959010886037,,
torch,maxmonth_wnd,0.034333960662067356,0.632323610240483,,
footprint,maxmonth_wnd,0.03476869594472726,0.6436215249909163,,
picture,maxmonth_wnd,0.03491967956037302,0.6298674066804048,,
learning,maxmonth_wnd,0.03494464711299417,0.6092446934817907,,
loan,maxmonth_wnd,0.035066911623023916,0.6885007231667104,,
iron,maxmonth_wnd,0.03522306440881341,0.5652393846344286,,
scissors,maxmonth_wnd,0.036128680478621306,0.6005072807382333,,
balance,maxmonth_wnd,0.03618606486672863,NA,Model convergence problem; non-positive-definite Hessian matrix. See vignette('troubleshooting'),
faith,maxmonth_wnd,0.03658284806503818,0.6938860381648032,,
eel,maxmonth_wnd,0.037294530294047,0.7040995369546218,,
lion,maxmonth_wnd,0.03732974454157346,0.7175936520410713,,
date,maxmonth_wnd,0.03762717977533674,0.6222057175841857,,
bolt,maxmonth_wnd,0.0378612883926229,0.6517215824326102,,
stack,maxmonth_wnd,0.037884870712020714,0.7235580900453861,,
span,maxmonth_wnd,0.037892597108746186,0.7550422571254547,,
expert,maxmonth_wnd,0.03808890419028392,0.7218591108685818,,
steam,maxmonth_wnd,0.038139372417008446,0.5755318926157535,,
hurry,maxmonth_wnd,0.03814101602857742,0.5142723726969665,,
fish,maxmonth_wnd,0.03825283896477378,0.6391816985742816,,
others,maxmonth_wnd,0.038294577320135886,NA,,Model convergence problem; non-positive-definite Hessian matrix. See vignette('troubleshooting')
clothes,maxmonth_wnd,0.03856092067251535,NA,,Model convergence problem; non-positive-definite Hessian matrix. See vignette('troubleshooting')
hop,maxmonth_wnd,0.03861643723641474,NA,,Model convergence problem; non-positive-definite Hessian matrix. See vignette('troubleshooting')
comfort,maxmonth_wnd,0.038740694809654065,0.6701787972634775,,
foot,maxmonth_wnd,0.03881085084581986,0.3004524915590745,,
sink,maxmonth_wnd,0.03895124057173405,0.5130149018534443,,
thigh,maxmonth_wnd,0.03896064206997095,0.487703638834722,,
butt,maxmonth_wnd,0.03960094815365173,0.6023108643900482,,
needle,maxmonth_wnd,0.04013566622490814,0.41778445619035975,,
couple,maxmonth_wnd,0.04049456492229269,NA,,Model convergence problem; non-positive-definite Hessian matrix. See vignette('troubleshooting')
brother-in-law,maxmonth_wnd,0.04059764032145763,0.6711138202660051,,
project,maxmonth_wnd,0.04077470201904668,0.5775119780693277,,"Model convergence problem; singular convergence (7). See vignette('troubleshooting'), help('diagnose')"
bowl,maxmonth_wnd,0.040898112629977085,0.7573502594635008,,"Model convergence problem; singular convergence (7). See vignette('troubleshooting'), help('diagnose')"
pop,maxmonth_wnd,0.04092107306734023,0.7216053152229576,,
vehicle,maxmonth_wnd,0.040991045349897816,0.7003911380706742,,
star,maxmonth_wnd,0.041129057356749626,0.38714546176118997,,
fool,maxmonth_wnd,0.041193088518565145,0.5909402083549073,,
shed,maxmonth_wnd,0.04139935131929714,0.49732698907117934,,
peak,maxmonth_wnd,0.04209945296302687,0.619183909829605,,
midnight,maxmonth_wnd,0.04240264842008505,0.5852913807649008,,
message,maxmonth_wnd,0.042450081885644336,0.5382263921715811,,
ward,maxmonth_wnd,0.04268770908768436,0.6713662540896213,,
coal,maxmonth_wnd,0.04272678649579748,0.5242012604917535,,
patch,maxmonth_wnd,0.04289060774107579,0.5289507716471948,,
descendant,maxmonth_wnd,0.04306920703763469,0.6464940490886121,,
bait,maxmonth_wnd,0.04310377745696906,0.6155590247516836,,
fat,maxmonth_wnd,0.043343782109680123,0.39523304901971795,,
trim,maxmonth_wnd,0.04371047050968113,NA,"Model convergence problem; non-positive-definite Hessian matrix. See vignette('troubleshooting');Model convergence problem; singular convergence (7). See vignette('troubleshooting'), help('diagnose')","Model convergence problem; non-positive-definite Hessian matrix. See vignette('troubleshooting');Model convergence problem; singular convergence (7). See vignette('troubleshooting'), help('diagnose')"
scar,maxmonth_wnd,0.04385013562665934,0.4442903099369465,,
glance,maxmonth_wnd,0.04389920559192245,0.6109420184189241,,
waste,maxmonth_wnd,0.044305012505368634,0.5539248439630884,,
bank,maxmonth_wnd,0.04438445646338725,0.5187806620564229,,
orphan,maxmonth_wnd,0.04440607519495757,0.4986304749790056,,
heel,maxmonth_wnd,0.04519528331257802,0.3641194168734898,,
wedding,maxmonth_wnd,0.04573024740861781,0.7213080496269729,,
stone,maxmonth_wnd,0.04595740653997397,0.37083521773355704,,
burst,maxmonth_wnd,0.04641782038102113,0.550625773871772,,
friendship,maxmonth_wnd,0.046470159416906534,0.6534013413922041,,
respect,maxmonth_wnd,0.046727806050502294,0.47832797152501,,
duck,maxmonth_wnd,0.04692015550638912,0.4352283346730904,,
door,maxmonth_wnd,0.04704745811422129,0.2725574092923502,,
pupil,maxmonth_wnd,0.04724407317991237,0.5293767280059233,,
question,maxmonth_wnd,0.047258300199884085,0.33522590633865973,,
care,maxmonth_wnd,0.04729193128675879,0.2857721535647255,,
happiness,maxmonth_wnd,0.04730256508152748,0.5989238595437404,,
laugh,maxmonth_wnd,0.04757016748441236,0.3209664179880859,,
vein,maxmonth_wnd,0.04757759351454445,0.4611616476235115,,
weapon,maxmonth_wnd,0.04774103804230275,NA,Model convergence problem; non-positive-definite Hessian matrix. See vignette('troubleshooting'),
muscle,maxmonth_wnd,0.047892292043523264,0.47607601222104284,,
chip,maxmonth_wnd,0.048291606088975196,0.5366045166003579,,
tongs,maxmonth_wnd,0.04836727983954899,0.5908652702155456,,
drain,maxmonth_wnd,0.048417215783676436,0.5896814463926646,,
sand,maxmonth_wnd,0.048456167419107216,0.4238037593300722,,
street,maxmonth_wnd,0.04847791409333991,0.6429935730048734,,
cement,maxmonth_wnd,0.0485767601284114,0.6185026560682477,,
storm,maxmonth_wnd,0.04862211198908707,0.4118290820279274,"Model convergence problem; singular convergence (7). See vignette('troubleshooting'), help('diagnose')","failed to invert Hessian from numDeriv::jacobian(), falling back to internal vcov estimate"
struggle,maxmonth_wnd,0.048992388018660495,0.5809263391253247,,
air,maxmonth_wnd,0.049070447774141254,NA,Model convergence problem; non-positive-definite Hessian matrix. See vignette('troubleshooting'),
affair,maxmonth_wnd,0.04915121011243123,0.6401461114035258,,
limp,maxmonth_wnd,0.049213949096649647,0.40005542782093184,,NA/NaN function evaluation
one,maxmonth_wnd,0.04947731838684641,0.60623975858011,,
title,maxmonth_wnd,0.05018463183530118,0.6631880465312586,,
boundary,maxmonth_wnd,0.050545119479971846,0.47435330370796064,,
vessel,maxmonth_wnd,0.05101538851020338,0.6228068782382311,,
pen,maxmonth_wnd,0.05109953523887707,0.5769151898940191,,
cave,maxmonth_wnd,0.0511725779750093,0.45049206254011287,,
defeat,maxmonth_wnd,0.05159791645153058,0.5747563502143433,,
honor,maxmonth_wnd,0.053205454003354656,0.5249666139107915,,
conduct,maxmonth_wnd,0.05344120010693109,0.6154514761273151,,
quarrel,maxmonth_wnd,0.053655704062878104,0.45141668196590007,,
discussion,maxmonth_wnd,0.05378225823306104,0.5189554096264111,,
lock,maxmonth_wnd,0.053963584433394864,0.32118618031526547,,
rule,maxmonth_wnd,0.054508332847636884,0.45724358914414415,,
paddle,maxmonth_wnd,0.05484258212623388,0.6286821406531026,,
worship,maxmonth_wnd,0.05486985039752621,0.6053226676313301,,
fold,maxmonth_wnd,0.05491226156026672,0.4070106594913445,,
circumstance,maxmonth_wnd,0.055054079147464505,0.5086856141848515,,
backbone,maxmonth_wnd,0.05525672491749627,0.5034057138319554,,
fright,maxmonth_wnd,0.05563521643421235,NA,,Model convergence problem; non-positive-definite Hessian matrix. See vignette('troubleshooting')
road,maxmonth_wnd,0.05605899071989118,0.3475948638797772,,
growl,maxmonth_wnd,0.05705932047779079,0.5268140581178622,,
extension,maxmonth_wnd,0.057279774041799986,NA,Model convergence problem; non-positive-definite Hessian matrix. See vignette('troubleshooting'),Model convergence problem; non-positive-definite Hessian matrix. See vignette('troubleshooting')
row,maxmonth_wnd,0.05737314389485179,0.32877220549584757,,
worker,maxmonth_wnd,0.05741924336069267,0.45628767065709785,,
wine,maxmonth_wnd,0.05766034834663135,0.6399486720426104,,
tendon,maxmonth_wnd,0.05776287670531499,0.6004158620959523,,
bloom,maxmonth_wnd,0.057798436331040495,0.4673135477805685,,
pace,maxmonth_wnd,0.05782367236347424,0.5253593688892219,,
extent,maxmonth_wnd,0.05824360683315127,0.4757923126522829,,
tool,maxmonth_wnd,0.058396805013461305,0.43309511864296046,,
pencil,maxmonth_wnd,0.058741221925663986,0.5020860074460998,,
age,maxmonth_wnd,0.05876205305733877,0.24017341486650953,,
scent,maxmonth_wnd,0.059242007743685744,0.4086524741376233,,
herb,maxmonth_wnd,0.059262380021602626,0.6311952902748625,,
building,maxmonth_wnd,0.05942908222897292,0.28064702162175126,,
opportunity,maxmonth_wnd,0.05990893504463812,0.437249745183091,,
community,maxmonth_wnd,0.06040930111927888,0.5139176456090659,,
spell,maxmonth_wnd,0.06062224321375963,0.525465785125731,,
sleep,maxmonth_wnd,0.060841994329664216,0.13408211263231776,,
lack,maxmonth_wnd,0.06103189587846306,0.3369564231676695,,
wake,maxmonth_wnd,0.061133823183349444,0.3705070878671977,,
comparison,maxmonth_wnd,0.06113545276476246,0.46687594936353644,,
space,maxmonth_wnd,0.06135864068036205,0.26359148226255097,,
cup,maxmonth_wnd,0.06156279411639598,0.31204716187594983,,
crowd,maxmonth_wnd,0.06166620554716325,0.42322844041508767,,
concern,maxmonth_wnd,0.06210618405058874,0.5179065989591457,,
train,maxmonth_wnd,0.06214846871557129,0.43275236344746143,,
wrinkle,maxmonth_wnd,0.0624018018583241,0.47694164139948464,,
vomit,maxmonth_wnd,0.06296986478097469,0.16399602965128993,,
loss,maxmonth_wnd,0.06316779724147226,0.46043686136704803,,
fork,maxmonth_wnd,0.06329805110986293,0.2869600195851525,,
bruise,maxmonth_wnd,0.06331954627916396,0.3800945754776932,,
belief,maxmonth_wnd,0.06362891317108245,0.4606303792686075,,
neglect,maxmonth_wnd,0.06367056700987109,0.489338543882868,,
week,maxmonth_wnd,0.06373194062479783,NA,,Model convergence problem; non-positive-definite Hessian matrix. See vignette('troubleshooting')
function,maxmonth_wnd,0.0638287944329221,0.5155025184292429,,
doubt,maxmonth_wnd,0.06383900825228277,0.42093665255968965,,
copy,maxmonth_wnd,0.06398291714717748,0.33810982846555354,,
cousin,maxmonth_wnd,0.06399697897918263,0.44243641875148293,,
creep,maxmonth_wnd,0.06409784582621383,0.4661627242632764,,
nail,maxmonth_wnd,0.06433526213458417,0.10106991193204791,,
nostril,maxmonth_wnd,0.06477465785445742,0.35398204421737667,,
spear,maxmonth_wnd,0.064802642964824,0.4205758123445294,,
study,maxmonth_wnd,0.06497179168076377,0.44966903038495154,,
heap,maxmonth_wnd,0.06503147085607926,0.4395848402043893,,
spade,maxmonth_wnd,0.0651331275972901,0.502658375935432,,
arrival,maxmonth_wnd,0.06538424699025858,0.4336236589956842,,
passage,maxmonth_wnd,0.0657054426017649,0.45012928155307663,,
view,maxmonth_wnd,0.06575156397451529,0.3052059300944767,,
index,maxmonth_wnd,0.06600765875594447,0.5636926152082785,,
answer,maxmonth_wnd,0.06604622236487559,0.24271896312284183,,
machine,maxmonth_wnd,0.06695123779713133,0.5088087301459873,,
stranger,maxmonth_wnd,0.06702543707825846,0.40171955556896677,,
bill,maxmonth_wnd,0.06734554404554395,0.5036753303485196,,
nephew,maxmonth_wnd,0.06750802225749433,0.37943464205868166,,
pad,maxmonth_wnd,0.06760380769453006,0.47020369845510984,,
motion,maxmonth_wnd,0.06786842400540583,0.3842465213345029,,
bug,maxmonth_wnd,0.06823872195369128,0.5448520738687179,,
trick,maxmonth_wnd,0.06872010692846008,0.36332667476262,,
crab,maxmonth_wnd,0.06884243516653299,0.49222233854885344,,
shield,maxmonth_wnd,0.06891503355229046,0.3791594610415885,,
deed,maxmonth_wnd,0.06911866662929758,0.5114045824258744,,
skull,maxmonth_wnd,0.06937060630750737,0.2093789150330247,,
gate,maxmonth_wnd,0.06942225649228301,0.4831357549015973,,
limb,maxmonth_wnd,0.06942532949841398,NA,Model convergence problem; non-positive-definite Hessian matrix. See vignette('troubleshooting'),
moan,maxmonth_wnd,0.069541814942352,0.3619648401434723,,
store,maxmonth_wnd,0.06992772531249176,0.20932732343852425,,
rubbish,maxmonth_wnd,0.0699364588640093,0.4498077728000484,,
bath,maxmonth_wnd,0.07046557199697366,0.4590579082197773,,
table,maxmonth_wnd,0.0704733795316892,0.3245882325851046,,
morning,maxmonth_wnd,0.07080965150648397,0.05740501577213426,"Model convergence problem; singular convergence (7). See vignette('troubleshooting'), help('diagnose')","Model convergence problem; singular convergence (7). See vignette('troubleshooting'), help('diagnose')"
statement,maxmonth_wnd,0.07131291839119676,NA,"Model convergence problem; singular convergence (7). See vignette('troubleshooting'), help('diagnose')",Model convergence problem; non-positive-definite Hessian matrix. See vignette('troubleshooting')
calf,maxmonth_wnd,0.07144767634642414,0.20155100275349988,,
weed,maxmonth_wnd,0.0726701533980406,0.3091204497468724,,
glue,maxmonth_wnd,0.07313785311486676,0.3525215977870937,,
direction,maxmonth_wnd,0.0732535601503,0.22789290307828178,,
trip,maxmonth_wnd,0.07354077473672399,0.3007191297582182,,
whistle,maxmonth_wnd,0.07354160745552994,0.18616611864256594,,
silver,maxmonth_wnd,0.07385217654319907,0.38839770742504715,,
sight,maxmonth_wnd,0.07438162175591541,0.2647178001237217,,
origin,maxmonth_wnd,0.07439544833278466,0.3920720296725682,,
tar,maxmonth_wnd,0.07518059426636306,0.5460741436765469,,
range,maxmonth_wnd,0.07602462709803803,0.38021915171738385,,
command,maxmonth_wnd,0.07608043549664999,NA,,Model convergence problem; non-positive-definite Hessian matrix. See vignette('troubleshooting')
mount,maxmonth_wnd,0.07743169969239186,0.3495021278061577,,
kid,maxmonth_wnd,0.07788231286848915,0.5383188477806283,,
sack,maxmonth_wnd,0.07794385100075539,0.33780373382962153,,
bandage,maxmonth_wnd,0.07805730747114122,0.29219308669732946,"Model convergence problem; singular convergence (7). See vignette('troubleshooting'), help('diagnose')",
west,maxmonth_wnd,0.07813341315796236,0.29913023860763654,,
stool,maxmonth_wnd,0.0787542628966206,0.4281819780754278,,
steel,maxmonth_wnd,0.07885370638978856,0.37971491972529575,,
dive,maxmonth_wnd,0.07895986014374579,0.274405740148721,,
habit,maxmonth_wnd,0.0795127549801383,0.34274683457414223,,
treatment,maxmonth_wnd,0.080072664797029,NA,"Model convergence problem; non-positive-definite Hessian matrix. See vignette('troubleshooting');Model convergence problem; singular convergence (7). See vignette('troubleshooting'), help('diagnose')",Model convergence problem; non-positive-definite Hessian matrix. See vignette('troubleshooting')
government,maxmonth_wnd,0.08058793132691508,0.4145854067945731,,
aid,maxmonth_wnd,0.08064362892639401,NA,Model convergence problem; non-positive-definite Hessian matrix. See vignette('troubleshooting'),
error,maxmonth_wnd,0.08105025773837217,0.3081031086027492,,
reason,maxmonth_wnd,0.08138387417587116,NA,,Model convergence problem; non-positive-definite Hessian matrix. See vignette('troubleshooting')
rattle,maxmonth_wnd,0.08167731895793352,0.3388363491485913,,
shore,maxmonth_wnd,0.08189300598445809,0.3702632389669225,,
sewing,maxmonth_wnd,0.08228408355197588,0.2794044291493552,,
nature,maxmonth_wnd,0.08275269398471381,0.2662561523567177,,
master,maxmonth_wnd,0.08275496063085654,NA,,Model convergence problem; non-positive-definite Hessian matrix. See vignette('troubleshooting')
gold,maxmonth_wnd,0.08312375798287691,0.3423702725588314,,
crown,maxmonth_wnd,0.08398591437869213,0.19880901832456022,,
method,maxmonth_wnd,0.08401714814218904,0.41031797794522673,,
example,maxmonth_wnd,0.08405983523045575,0.5225956551728413,,
book,maxmonth_wnd,0.08442254596806635,0.16479469705499,,
player,maxmonth_wnd,0.08452349192223214,0.41981940969716863,,
army,maxmonth_wnd,0.08513184842202655,0.4652487316743059,,
event,maxmonth_wnd,0.08551019934336568,0.23875435157941577,,
music,maxmonth_wnd,0.0858655056830021,0.35356772882025994,,
labor,maxmonth_wnd,0.08593965064052349,0.2528773431649453,,
health,maxmonth_wnd,0.08610600797547774,0.18222271440815604,,
war,maxmonth_wnd,0.08635045344109026,0.22184167800921978,,
description,maxmonth_wnd,0.08685420363481126,NA,,Model convergence problem; non-positive-definite Hessian matrix. See vignette('troubleshooting')
beer,maxmonth_wnd,0.08815229888752575,0.5047848118248209,,
paper,maxmonth_wnd,0.0885887871624134,0.1780828345286125,,
drill,maxmonth_wnd,0.0888250158203157,0.3259008880344436,,
custom,maxmonth_wnd,0.0888337942156868,0.21319995170374828,,
glass,maxmonth_wnd,0.0888414801039522,0.12159586344321241,,
ruler,maxmonth_wnd,0.0888581340003527,0.3925470482058424,,
stroke,maxmonth_wnd,0.08961126648413995,0.31041723773861996,,
famine,maxmonth_wnd,0.08961506891550826,NA,,Model convergence problem; non-positive-definite Hessian matrix. See vignette('troubleshooting')
construction,maxmonth_wnd,0.08979856288989288,NA,Model convergence problem; non-positive-definite Hessian matrix. See vignette('troubleshooting'),
gravel,maxmonth_wnd,0.0898587110514944,0.20118237594652794,,
contract,maxmonth_wnd,0.09017396915264064,0.27195641755598676,,
report,maxmonth_wnd,0.0902952260035428,0.20262653968273503,,
stab,maxmonth_wnd,0.09029784590227442,0.20981290405605807,,
file,maxmonth_wnd,0.09101242166667568,0.20361246038803776,,
ball,maxmonth_wnd,0.09259573720169836,0.08911198979236935,,
task,maxmonth_wnd,0.09325482547811846,0.2751288759460129,,
bowel,maxmonth_wnd,0.09339126964821996,0.3343625648355956,,
oil,maxmonth_wnd,0.0934608636777169,0.11630952643020435,,
university,maxmonth_wnd,0.09360580614162288,0.3681515657136174,,
fog,maxmonth_wnd,0.09388021098628979,0.19222497353482362,,
relative,maxmonth_wnd,0.09407145598888673,0.2566504205760571,,
rank,maxmonth_wnd,0.09417434406749527,0.3669964688509565,,
thanks,maxmonth_wnd,0.09439574634471003,0.21479412565474215,,
rush,maxmonth_wnd,0.09474666136330168,0.2673655573556992,,
niece,maxmonth_wnd,0.09499373709462988,0.2273633286796607,,
eagle,maxmonth_wnd,0.09520845064077497,0.22962898108751523,,
race,maxmonth_wnd,0.09560602881317147,0.18909694382091133,,
stuff,maxmonth_wnd,0.09576824947074278,0.24902453482573467,,
difference,maxmonth_wnd,0.09580537691321674,0.18909509898262142,,
rib,maxmonth_wnd,0.09681094001029537,0.07080135025384199,,
marrow,maxmonth_wnd,0.09683430095578444,0.2149210769611918,,
wave,maxmonth_wnd,0.09700397416971396,0.10594202567053362,,
wisdom,maxmonth_wnd,0.09827918136883987,0.30458083105091416,,
consequence,maxmonth_wnd,0.09928666529935654,0.326695568218026,,
love,maxmonth_wnd,0.09937066465480777,0.05101632594643359,"Model convergence problem; singular convergence (7). See vignette('troubleshooting'), help('diagnose')",
decision,maxmonth_wnd,0.09937711027182006,0.2732328473157248,,
travel,maxmonth_wnd,0.09978998660905083,0.104256091456067,,
cost,maxmonth_wnd,0.09985444073497912,0.24939861439419425,,
bell,maxmonth_wnd,0.10026579750529692,0.11844382131167486,,
exercise,maxmonth_wnd,0.10044979217688371,0.2833580706642769,,
handkerchief,maxmonth_wnd,0.10074805468247018,0.23558943209048694,,
town,maxmonth_wnd,0.10118428423619726,0.31226110502243276,,
silence,maxmonth_wnd,0.10169122920609552,0.28155248232028096,,
match,maxmonth_wnd,0.10173138362123985,0.060109277307541446,,
excrement,maxmonth_wnd,0.10174925834588432,0.25883678318208264,,
temple,maxmonth_wnd,0.10197908127147458,0.3638897704105545,,
land,maxmonth_wnd,0.10231569476769459,0.03677647200636325,,
danger,maxmonth_wnd,0.10241355875482758,0.26170081838273807,,
brain,maxmonth_wnd,0.10328901697716235,0.05638328806390485,,
joy,maxmonth_wnd,0.10370344322744142,0.2602940101762447,,
butcher,maxmonth_wnd,0.10377630999729621,0.3036257276996962,,
rock,maxmonth_wnd,0.10402262167716704,0.10863710855784449,,
bed,maxmonth_wnd,0.10402485647452474,0.019981607084261107,,
slide,maxmonth_wnd,0.1041453390581694,0.1331423560293716,,
rake,maxmonth_wnd,0.10434964866899239,0.17785935567422206,"Model convergence problem; singular convergence (7). See vignette('troubleshooting'), help('diagnose')",
memory,maxmonth_wnd,0.10446126321158714,0.20479326663484418,,
spring,maxmonth_wnd,0.10480626523483201,0.04788370731003917,,
king,maxmonth_wnd,0.1048622187029524,0.28475657381259745,,
supply,maxmonth_wnd,0.10495951591827792,0.19965106119508697,,
hug,maxmonth_wnd,0.10516021032302936,0.21543313265525793,,
material,maxmonth_wnd,0.10557539725417436,0.2122641382721645,,
band,maxmonth_wnd,0.10633071984638669,0.16321745723837308,,
towel,maxmonth_wnd,0.10636072269677771,NA,Model convergence problem; non-positive-definite Hessian matrix. See vignette('troubleshooting'),
context,maxmonth_wnd,0.10647130729082815,0.3103140282826843,"Model convergence problem; singular convergence (7). See vignette('troubleshooting'), help('diagnose')",
dislike,maxmonth_wnd,0.10671826337413846,0.20312290022848437,,
flight,maxmonth_wnd,0.10768380879414081,0.1936605290141543,,
pebble,maxmonth_wnd,0.10858147044523951,NA,,Model convergence problem; non-positive-definite Hessian matrix. See vignette('troubleshooting')
trumpet,maxmonth_wnd,0.10864338086204882,0.26857706319599584,,
volume,maxmonth_wnd,0.10867049211503464,0.21888993190779343,,
court,maxmonth_wnd,0.10886965960958445,0.13646180095610827,,
record,maxmonth_wnd,0.1091745196498779,0.2035985296471739,,
evening,maxmonth_wnd,0.1091939119618331,NA,,Model convergence problem; non-positive-definite Hessian matrix. See vignette('troubleshooting')
history,maxmonth_wnd,0.10919835304738842,0.19660865469367356,,
spy,maxmonth_wnd,0.10934802779186649,0.07814986294970534,,
channel,maxmonth_wnd,0.10937688491769014,0.35561337467737947,,
shower,maxmonth_wnd,0.10958109494474146,0.13488934378096626,,
seat,maxmonth_wnd,0.11010580639064488,0.047208620642764085,,
pillow,maxmonth_wnd,0.11070610475194494,0.05533223513890226,,
moss,maxmonth_wnd,0.11115965906968626,0.217197745677865,,
witness,maxmonth_wnd,0.11171265148636948,0.1440704947165384,,
introduction,maxmonth_wnd,0.11191491235307617,0.17363084331298542,,
characteristic,maxmonth_wnd,0.11273283393158667,0.15671115248680156,"Model convergence problem; singular convergence (7). See vignette('troubleshooting'), help('diagnose')",
chair,maxmonth_wnd,0.11300695100200382,0.07776376285120294,,
fact,maxmonth_wnd,0.11300971219799731,0.1478141030506931,,
yard,maxmonth_wnd,0.11368355584240336,0.16398747399487618,,
element,maxmonth_wnd,0.11425004984616285,0.4051147429740254,,
choice,maxmonth_wnd,0.11447272094017691,0.14834824642226768,,
accident,maxmonth_wnd,0.11465255821289018,0.11645725124785435,,
fun,maxmonth_wnd,0.11485115298788949,0.15953582646472736,,
evidence,maxmonth_wnd,0.11564802753111617,0.20250200667780352,,
neighbor,maxmonth_wnd,0.11650261614802314,0.16531858458139131,,
grease,maxmonth_wnd,0.11690005712100628,0.16971197554403866,,
east,maxmonth_wnd,0.1191602454022069,0.08443944707799365,,
journey,maxmonth_wnd,0.11981900043768846,0.1719133541455706,,
gathering,maxmonth_wnd,0.12017615736709386,NA,"Model convergence problem; singular convergence (7). See vignette('troubleshooting'), help('diagnose')",Model convergence problem; non-positive-definite Hessian matrix. See vignette('troubleshooting')
meal,maxmonth_wnd,0.12049665671665924,0.06602248910095382,,
wind,maxmonth_wnd,0.12124907782593763,0.007660983418582903,,
benefit,maxmonth_wnd,0.12146185505186166,0.2365124232284704,,
ghost,maxmonth_wnd,0.12171898476456411,0.12120297311760587,,
attempt,maxmonth_wnd,0.12189950918990035,0.07737020041148178,,
toilet,maxmonth_wnd,0.12204832764387806,0.24012354291240662,,
flock,maxmonth_wnd,0.12264741729604484,0.1533210039964177,,
guest,maxmonth_wnd,0.1231125026281359,0.18838963179344584,,
punch,maxmonth_wnd,0.1235576105589226,0.20525557677873393,,
cough,maxmonth_wnd,0.12403886729134594,0.025874207722174736,,
camp,maxmonth_wnd,0.1241724228173709,0.2509050041352654,,
pumpkin,maxmonth_wnd,0.12441753966378215,0.25900770216579466,,
shovel,maxmonth_wnd,0.12452507957913883,0.1284952469925605,,
battle,maxmonth_wnd,0.12543571370661083,0.19248293286654442,,
hospital,maxmonth_wnd,0.12553160603085176,0.18227907055447612,,
god,maxmonth_wnd,0.12604611894890416,0.13291066393668563,,
culture,maxmonth_wnd,0.12615787548943883,0.20408310979008398,,
hail,maxmonth_wnd,0.12620354240486462,0.11745773220081537,,
stink,maxmonth_wnd,0.12784901242234195,0.08136867583314468,"Model convergence problem; singular convergence (7). See vignette('troubleshooting'), help('diagnose')",
country,maxmonth_wnd,0.128220069195204,0.09052014112387441,,
nation,maxmonth_wnd,0.12900114517460026,0.2396192872890237,,
dwelling,maxmonth_wnd,0.12943847359364774,0.22650590096871878,,
funeral,maxmonth_wnd,0.13034789794619,0.3057913297615548,,
affection,maxmonth_wnd,0.13131219336492506,0.232808041370187,,
beard,maxmonth_wnd,0.1332991508350089,0.005045075128199604,,
cattle,maxmonth_wnd,0.13389479227736337,0.1844143675447123,,
company,maxmonth_wnd,0.13540244313587146,0.10537619264062843,,
goal,maxmonth_wnd,0.13584358405354788,0.18279768087850987,,
liar,maxmonth_wnd,0.13598889568415187,0.16191414223578915,,
box,maxmonth_wnd,0.13660074807426403,0.02010838554979719,,
angel,maxmonth_wnd,0.13730304697424256,0.17117233067707996,,
devil,maxmonth_wnd,0.13767118954921354,0.21341026612328842,,
fishing,maxmonth_wnd,0.1382546683451737,0.16746544912079198,,
servant,maxmonth_wnd,0.138318371118286,0.10843657499536605,,
agent,maxmonth_wnd,0.13849441428030054,0.16461251010694405,,
speed,maxmonth_wnd,0.13858551864283386,0.06108615965914068,"Model convergence problem; singular convergence (7). See vignette('troubleshooting'), help('diagnose')",
alphabet,maxmonth_wnd,0.13989061206504746,0.17862892135384575,,
spray,maxmonth_wnd,0.14037865312198233,0.10678642474521892,,
sunrise,maxmonth_wnd,0.14156761294025108,0.10940615905310055,,
translation,maxmonth_wnd,0.14162500901361158,0.18573780111475158,,
formation,maxmonth_wnd,0.14217958242099604,NA,Model convergence problem; non-positive-definite Hessian matrix. See vignette('troubleshooting'),
inch,maxmonth_wnd,0.1424321408276815,0.2564409785734854,,
nurse,maxmonth_wnd,0.14251415438655604,0.03858394276798693,,
aspect,maxmonth_wnd,0.1428569338075502,NA,Model convergence problem; non-positive-definite Hessian matrix. See vignette('troubleshooting'),
minute,maxmonth_wnd,0.1433230613895217,0.06398672588402858,,
toe,maxmonth_wnd,0.14388839437557627,0.029027912967502546,,
screw,maxmonth_wnd,0.14423522453865492,0.11128788877475317,,
feature,maxmonth_wnd,0.14518262944943353,0.10831519856936488,"Model convergence problem; singular convergence (7). See vignette('troubleshooting'), help('diagnose')",
spark,maxmonth_wnd,0.1451880847729065,0.008396895789640044,,
timber,maxmonth_wnd,0.14530501022621228,0.20987896102073983,,
party,maxmonth_wnd,0.14548483257798828,0.06055422191382516,,
flap,maxmonth_wnd,0.14598791724116456,NA,Model convergence problem; non-positive-definite Hessian matrix. See vignette('troubleshooting'),
dialect,maxmonth_wnd,0.14600145123594546,0.22901365539241947,,
wheel,maxmonth_wnd,0.14614032546426864,0.043164089582557845,,
district,maxmonth_wnd,0.14650620923460714,0.24383831513723656,,
daughter-in-law,maxmonth_wnd,0.14657830232012678,0.13377195041030004,,
spill,maxmonth_wnd,0.1471016400310048,0.08618698615981193,,
game,maxmonth_wnd,0.1474983195513254,0.026518939278918203,,
burden,maxmonth_wnd,0.147533999622038,0.14274981257831373,,
stagger,maxmonth_wnd,0.14869311838275903,0.05799281196898287,,
peace,maxmonth_wnd,0.14903881663916163,0.04943559879919593,,
importance,maxmonth_wnd,0.15036253696001592,0.053549414801542544,,"Model convergence problem; singular convergence (7). See vignette('troubleshooting'), help('diagnose')"
messenger,maxmonth_wnd,0.15057506727313194,0.05979992813258203,,
bread,maxmonth_wnd,0.1512960523817386,0.024568177798952946,,
partner,maxmonth_wnd,0.1514739339736081,NA,,Model convergence problem; non-positive-definite Hessian matrix. See vignette('troubleshooting')
nape,maxmonth_wnd,0.15228697873473318,0.07317384550375568,,
judge,maxmonth_wnd,0.15279097240235667,0.08547999295557021,,
curl,maxmonth_wnd,0.15407110872809424,0.1703632123066749,"failed to invert Hessian from numDeriv::jacobian(), falling back to internal vcov estimate",
north,maxmonth_wnd,0.15414609694193576,0.07034439054419137,,
plane,maxmonth_wnd,0.15460422459802164,0.04591190155608796,,
carpenter,maxmonth_wnd,0.15484518629090838,0.07023574015664429,,
understanding,maxmonth_wnd,0.15487113833441093,0.03789110736615198,,
garment,maxmonth_wnd,0.15528804878465752,0.1281812306096377,,
clock,maxmonth_wnd,0.15573900351758094,0.09506851612315334,,
pin,maxmonth_wnd,0.15699786983165132,0.09343727186098694,,
kettle,maxmonth_wnd,0.15707117848558158,0.15571995911028064,,
vocabulary,maxmonth_wnd,0.15740896043784963,0.2229185848595049,,
board,maxmonth_wnd,0.15880567694655426,0.04477190291213619,,
strap,maxmonth_wnd,0.15901296841050022,0.06733637326971599,,
doctor,maxmonth_wnd,0.15926719527096397,0.05521815963383481,,
paint,maxmonth_wnd,0.16009880979261842,0.024479949518688756,,
tune,maxmonth_wnd,0.16076923401799906,0.12290530167218988,,
hoe,maxmonth_wnd,0.1607795262982573,0.17451971929639995,,
cow,maxmonth_wnd,0.16245879104292682,0.02388063411133365,,
publication,maxmonth_wnd,0.16262725189442032,0.10973939267328368,,
connection,maxmonth_wnd,0.16278105605493332,0.052728862349596665,,
weather,maxmonth_wnd,0.16293611388191703,0.011654416132401941,,
mole,maxmonth_wnd,0.16534996336246244,NA,Model convergence problem; non-positive-definite Hessian matrix. See vignette('troubleshooting'),Model convergence problem; non-positive-definite Hessian matrix. See vignette('troubleshooting')
thirst,maxmonth_wnd,0.16546617071218506,0.02604378548398119,,
service,maxmonth_wnd,0.1654964755503703,0.03608520154063645,,
explanation,maxmonth_wnd,0.16681431052636278,0.03432478922928559,,
mercy,maxmonth_wnd,0.1692608372585048,0.06691091644874236,,
march,maxmonth_wnd,0.16991131110451513,0.00965638468435099,,
breeze,maxmonth_wnd,0.17049867472703087,0.05887308656623564,,
suit,maxmonth_wnd,0.1711352409854921,0.08442540004534504,,
goose,maxmonth_wnd,0.17165514363900605,0.07224882015128399,,
grief,maxmonth_wnd,0.17314647443738304,0.09783810324628914,,
temper,maxmonth_wnd,0.17361466548426185,0.06626029114069992,,
herd,maxmonth_wnd,0.17465890958072633,0.044369638930477365,,
mist,maxmonth_wnd,0.1752296592637797,0.011141770278188178,,
fox,maxmonth_wnd,0.17553718674626945,0.09931223214969946,,
engine,maxmonth_wnd,0.17651002487572137,0.0828262997430057,,
contrary,maxmonth_wnd,0.17673936892337308,0.0559523873976789,,
sword,maxmonth_wnd,0.17757619566527302,0.05456224824906549,,
purse,maxmonth_wnd,0.1787350841132187,0.03912765760331946,,
greeting,maxmonth_wnd,0.17949399373280595,0.026427628134300406,,
dish,maxmonth_wnd,0.17972639780385918,0.005401907261096101,,
authority,maxmonth_wnd,0.17995261964741122,0.03560410217462716,,
author,maxmonth_wnd,0.18096250963289795,0.07353810136977264,,
vowel,maxmonth_wnd,0.18142461721843633,0.10801745813177566,"Model convergence problem; singular convergence (7). See vignette('troubleshooting'), help('diagnose')",
bucket,maxmonth_wnd,0.18201707451362817,0.033326347282769564,,
tale,maxmonth_wnd,0.18213713967891088,0.08838345126470613,,
flag,maxmonth_wnd,0.18309431811117644,0.032417915367329866,,
collection,maxmonth_wnd,0.18354590505561558,0.09253042912051583,,
mate,maxmonth_wnd,0.1846624748524034,0.09984920830363989,,
apple,maxmonth_wnd,0.18565991570196938,0.017568376899587252,,
shoe,maxmonth_wnd,0.18675759597266098,0.006315838804264178,,
south,maxmonth_wnd,0.19065994159283456,0.030746606645575717,,
oath,maxmonth_wnd,0.19078646598706125,0.036594184743576445,,
nickname,maxmonth_wnd,0.19266676547953354,0.1328878139270559,,
list,maxmonth_wnd,0.19397453269774298,0.027659402626671256,,
desert,maxmonth_wnd,0.19399634249743547,0.05536290802757756,,
opinion,maxmonth_wnd,0.19708473133793114,0.032552804422295196,,
student,maxmonth_wnd,0.19941359184959478,0.049354996639363664,,
print,maxmonth_wnd,0.19979433286338377,0.02963504219874105,,
prisoner,maxmonth_wnd,0.20017522939378415,0.024026009916287318,,
swimming,maxmonth_wnd,0.20039415576493008,NA,Model convergence problem; non-positive-definite Hessian matrix. See vignette('troubleshooting'),
berry,maxmonth_wnd,0.20128176306198256,0.059543129508733285,,
tribe,maxmonth_wnd,0.20166138538079223,0.11152190880409008,,
account,maxmonth_wnd,0.2049433787068803,0.0151712347474745,,
abuse,maxmonth_wnd,0.206777319590334,0.03380315784852547,,
tape,maxmonth_wnd,0.2073564727270769,0.059765891548744,,
shop,maxmonth_wnd,0.20838195988785765,0.0479398312557637,,
leather,maxmonth_wnd,0.20892550523664555,0.005671933439150154,,
kiss,maxmonth_wnd,0.20895408165815865,NA,,Model convergence problem; non-positive-definite Hessian matrix. See vignette('troubleshooting')
card,maxmonth_wnd,0.21151553893996106,0.06227549099818134,,
quarter,maxmonth_wnd,0.21394349974699595,0.006821088133732585,,
jail,maxmonth_wnd,0.2149769880156801,0.020027147807240686,,
sheep,maxmonth_wnd,0.2152913195288358,0.00949388836912775,,
barrel,maxmonth_wnd,0.2173405051834543,0.01489557842411005,,
cliff,maxmonth_wnd,0.217535903709573,0.037590202237012336,,
queen,maxmonth_wnd,0.21786094602500536,0.009858243498206853,,
pork,maxmonth_wnd,0.22109271877073958,0.084951903361975,,
meeting,maxmonth_wnd,0.2218923460486757,0.002993263451685461,,
officer,maxmonth_wnd,0.22605628630926247,0.027314339850983624,,
howl,maxmonth_wnd,0.22812250257421068,0.004397519107841733,"Model convergence problem; singular convergence (7). See vignette('troubleshooting'), help('diagnose')",
club,maxmonth_wnd,0.2307683987335925,NA,Model convergence problem; non-positive-definite Hessian matrix. See vignette('troubleshooting'),
grant,maxmonth_wnd,0.23253197410125745,0.013132945056560942,,
office,maxmonth_wnd,0.23300073744294184,0.008721224047571204,,
butter,maxmonth_wnd,0.23376207781414055,0.009911025673283275,,
boat,maxmonth_wnd,0.23701408310665664,0.008727445937958878,,
mood,maxmonth_wnd,0.23867025124181326,0.041038814806891755,,
lady,maxmonth_wnd,0.2396878203495216,0.032797745980949394,,
bay,maxmonth_wnd,0.24166550377881832,0.10149296225111172,,
beach,maxmonth_wnd,0.2432552104282584,0.0794327837336216,,
pine,maxmonth_wnd,0.24364175924772996,0.03096864687612443,,
horse,maxmonth_wnd,0.24558850320890857,0.013178550600723855,,
foreigner,maxmonth_wnd,0.24799063529612375,0.02011520930795451,,
youth,maxmonth_wnd,0.2513058563410973,0.0011515176140417878,,
fur,maxmonth_wnd,0.2521420725402353,0.006420919825206355,,
tent,maxmonth_wnd,0.2528797741615637,0.013898509281930487,,
sake,maxmonth_wnd,0.2546735355925836,0.02497946101547342,,
sea,maxmonth_wnd,0.2604134061199464,0.023290320509507648,,
daylight,maxmonth_wnd,0.2615447645993196,0.003036090482255208,,
staff,maxmonth_wnd,0.2639041963809956,0.0109323341434184,,
coat,maxmonth_wnd,0.2658157317770025,0.003516889720464622,,
ocean,maxmonth_wnd,0.2682672123427041,0.0087976024589621,,
distinction,maxmonth_wnd,0.27140281267914645,0.005125939993092882,,
usage,maxmonth_wnd,0.2789792932138882,0.023581786397900064,,"failed to invert Hessian from numDeriv::jacobian(), falling back to internal vcov estimate"
syllable,maxmonth_wnd,0.2818699283649605,0.014313649597668184,,
reference,maxmonth_wnd,0.2820557567920354,0.005155539431462864,,
tea,maxmonth_wnd,0.28555414871637536,0.0021923805902143542,,
ship,maxmonth_wnd,0.28596888360629447,0.012519182548355087,,
warrior,maxmonth_wnd,0.2862770035878523,0.021985302652980727,,
exception,maxmonth_wnd,0.2864039983685362,0.00437585601487596,,
text,maxmonth_wnd,0.2972453000131425,0.038429793902915975,,
wool,maxmonth_wnd,0.3006696568576079,0.0029843167728358304,,
team,maxmonth_wnd,0.301348517356048,0.004015999583778836,,
church,maxmonth_wnd,0.3154912549491814,0.0015835151676138655,,
coast,maxmonth_wnd,0.32507536890255473,0.009926006480701213,,
summer,maxmonth_wnd,0.3280252716956251,3.585341012384263e-4,,
council,maxmonth_wnd,0.3282409629773834,7.793720801344008e-4,,
island,maxmonth_wnd,0.3461214284074314,0.006141306609007464,,
grammar,maxmonth_wnd,0.34922815261325413,5.042790850063915e-4,,
ice,maxmonth_wnd,0.35133739230505345,3.21357749824946e-5,,
car,maxmonth_wnd,0.35656416890720516,0.002677551207840369,,
oven,maxmonth_wnd,0.35670567127934494,0.017740055535073438,,
bible,maxmonth_wnd,0.38653765300382387,0.004696525796313089,,
winter,maxmonth_wnd,0.38807711545942425,9.349980334419696e-6,,
cream,maxmonth_wnd,0.3928884030665061,5.956872813184252e-4,,
pronunciation,maxmonth_wnd,0.39818698639819416,3.2319492283820126e-5,,
canoe,maxmonth_wnd,0.40661601019477944,0.02918361884307051,,
snow,maxmonth_wnd,0.4701711570048495,1.0026758767302315e-4,,
canoe,population,-0.8822768551014949,2.989836359081345e-6,,
variant,population,-0.6186603383956988,6.235417870397694e-4,,
island,population,-0.5752090003881207,1.8871046639563914e-5,,
sibling,population,-0.53490280166331,5.63051514912038e-4,,
location,population,-0.4685097722709335,0.0013816046151138306,,
spouse,population,-0.44677378654503563,0.005154639342853065,,
marker,population,-0.4238124281304869,0.01619823599629546,,
daylight,population,-0.4217200449650851,6.582997215277936e-5,,
context,population,-0.4136564684013288,5.140325013342015e-5,"failed to invert Hessian from numDeriv::jacobian(), falling back to internal vcov estimate",
beach,population,-0.40417871728907906,0.007536848155107262,,
contrast,population,-0.39706418801355486,5.287182373039736e-5,,
one,population,-0.3823725967959025,4.261325353000893e-6,,
gut,population,-0.3815645836812727,NA,Model convergence problem; non-positive-definite Hessian matrix. See vignette('troubleshooting'),
fox,population,-0.37319953819856483,7.769429612834088e-4,,
hunting,population,-0.349177480105405,6.488602969790767e-5,,
reference,population,-0.348561245753515,3.383837813349128e-4,,
clause,population,-0.3477199148848181,0.011845061664403661,,
hip,population,-0.3378523157319617,4.175087490655913e-8,,
berry,population,-0.33047874977804736,0.003572742012016286,,
crab,population,-0.32581304066240935,0.0030923112552778994,,
area,population,-0.3183005768644017,0.002226249195849901,,
clan,population,-0.3158253792179711,0.0988901187838149,,
village,population,-0.30972166756631875,0.018875756324003526,,
speaker,population,-0.3084721909748396,3.0879874758021756e-4,,
swamp,population,-0.30725217431143187,0.0075660144855938544,,
swimming,population,-0.3060265239220082,NA,Model convergence problem; non-positive-definite Hessian matrix. See vignette('troubleshooting'),
cream,population,-0.3040109399371813,0.014275710583233394,,
armpit,population,-0.303916450645529,NA,,Model convergence problem; non-positive-definite Hessian matrix. See vignette('troubleshooting')
example,population,-0.301510221126189,0.01634821874756313,,
turtle,population,-0.29974061180139394,0.013530888703075776,,
daytime,population,-0.29531518641524734,9.056535850674192e-4,,
log,population,-0.29477526304941304,2.808771761418431e-4,,
fish,population,-0.2879547326048193,5.088661912313153e-4,,
owl,population,-0.2866945493891424,3.406148158018387e-5,,
paddle,population,-0.2798185387941016,0.015478976604882913,,
spine,population,-0.2796155580439109,4.6853998058228027e-4,,
text,population,-0.27814257559024885,0.05092017395609277,,
backbone,population,-0.27606883916937514,0.0010994312862223844,,
bait,population,-0.2723099311972049,NA,Model convergence problem; non-positive-definite Hessian matrix. See vignette('troubleshooting'),
information,population,-0.26972667425225944,0.0013694130068405714,,
fingernail,population,-0.26905802832904974,0.006564433100776751,,
fern,population,-0.2679537000887526,0.038288316750107895,,
belly,population,-0.2672133034149343,6.123481048637925e-5,,
brother-in-law,population,-0.2666279553991718,0.02349163964407382,,
site,population,-0.266230959162049,0.010539394418259945,,
arrow,population,-0.26515580851583753,0.005231448519346142,,
fur,population,-0.264720812750005,0.004116562977041333,,
coast,population,-0.2626177073793417,0.05404153378507689,,
fishing,population,-0.2618425502575022,0.012356669305818314,,
flesh,population,-0.2561917096328004,6.83685354075793e-5,,
eagle,population,-0.2551644453783705,NA,Model convergence problem; non-positive-definite Hessian matrix. See vignette('troubleshooting'),
lake,population,-0.2529930591162322,0.00602477085336528,,
ghost,population,-0.24909660224679958,0.0016121255360188721,,
nephew,population,-0.24654293697781335,0.0017544332012355895,,
chop,population,-0.2463401662909876,0.001253847547833931,,
ritual,population,-0.24504862647944983,0.19740354850707975,,
daughter-in-law,population,-0.24305871068897764,0.006990365414659586,,
sister-in-law,population,-0.24198831776311389,0.015202365754885207,,
vowel,population,-0.24066108491055907,0.03314317583460689,,
construction,population,-0.2365693825494564,0.011064274977935324,,
shore,population,-0.23474984495545062,0.0098874095473018,,
series,population,-0.23320427657813725,NA,"Model convergence problem; non-positive-definite Hessian matrix. See vignette('troubleshooting');Model convergence problem; singular convergence (7). See vignette('troubleshooting'), help('diagnose')",
container,population,-0.23295180957096168,0.03293466771812215,,
feces,population,-0.23251193183402932,0.028780688430672056,,
dog,population,-0.23195894386705013,0.0017381474544535074,,
hunt,population,-0.23070971093986833,0.0018015769958833906,,
penis,population,-0.22905109576402305,0.004976573088211517,,
cliff,population,-0.22848206572412502,0.03576997594446479,,
grease,population,-0.22570296679660035,0.009477701875510393,,
item,population,-0.22388128358972748,0.03359132800511247,,
entry,population,-0.22219698438020807,0.1709997393051652,,
bush,population,-0.2220969416607744,0.005989285025766934,,
rainbow,population,-0.22119540815032995,7.022164733422059e-4,,
surface,population,-0.2205956244107692,0.002133877445839358,,
niece,population,-0.2204070099205724,0.00744409274153876,,
snow,population,-0.21929105660443643,0.0868207342119255,,
sore,population,-0.2190270206855014,0.14390119444769947,,
eyebrow,population,-0.21861502494197724,2.1249639336088963e-4,,
marrow,population,-0.21807282952083415,0.00797979299632867,,
north,population,-0.21724899418800428,0.010207531990454781,,
rock,population,-0.21570778546209626,0.0022332435180000758,,
footprint,population,-0.2140947200473892,0.005340258988063624,,
skin,population,-0.2132922189733168,7.686255589510169e-6,,
fire,population,-0.21130633915358166,2.5647732740553044e-7,,
south,population,-0.21057489141057562,0.03716416879657832,,
spear,population,-0.2102362579689456,0.01534108258113257,,
winter,population,-0.20794325091211055,0.04541969503812911,,
structure,population,-0.20429431482708799,NA,"Model convergence problem; non-positive-definite Hessian matrix. See vignette('troubleshooting');Model convergence problem; singular convergence (7). See vignette('troubleshooting'), help('diagnose')","Model convergence problem; singular convergence (7). See vignette('troubleshooting'), help('diagnose')"
wake,population,-0.2041700841947029,0.0021719606626304103,,
adult,population,-0.20140333825772744,0.010752888562937242,,
camp,population,-0.20120002285526037,0.07032578292165818,,
earthquake,population,-0.20063564984044624,0.011996697958279266,,
index,population,-0.20012091809369234,0.05635954138731748,,
tape,population,-0.19917233786478147,0.0974138924081984,,
usage,population,-0.19636871834531375,0.101168707951029,,"failed to invert Hessian from numDeriv::jacobian(), falling back to internal vcov estimate"
trail,population,-0.1937257119498812,0.07828846247300965,,
grandchild,population,-0.18946375443785884,0.03284852069825636,,
grandfather,population,-0.18907908827889022,0.025769351540182756,,
group,population,-0.18837728619120667,0.01099458429465608,,
diarrhea,population,-0.18790125569022717,0.0017931754727002168,,
formation,population,-0.1876138278061336,0.03139445586900648,,
knee,population,-0.18512046758422035,3.5450797524372865e-4,,
meat,population,-0.18159753178745147,0.0019669047793051636,,
baby,population,-0.18096953144163905,0.024803695195051,,
wing,population,-0.1804511274915807,2.971519386220229e-4,,
ancestor,population,-0.1796879813159413,0.043740965921959835,,
throat,population,-0.17847673001104286,1.4286233382567113e-4,,
uncle,population,-0.1782634299145892,0.012933330740371413,,
cigarette,population,-0.177009693145006,0.10407678863972092,,
mourning,population,-0.17605220009031247,0.03767752359676037,,
dive,population,-0.1751705475150118,0.019854929276894626,,
creature,population,-0.1750779305637531,0.09914915183192943,,
bug,population,-0.1748277372538773,0.09475808809966901,,
shell,population,-0.17361388262698144,0.010139047409152438,,
bark,population,-0.17352157960835102,0.005722447630701481,,
chase,population,-0.1731433053241062,0.00688896225268549,,
rib,population,-0.17157781913315814,0.001941166303379975,,
son-in-law,population,-0.17077203889214132,0.05581414231264219,,
howl,population,-0.1693705874928659,0.04812010304745491,,
club,population,-0.1679112660846681,0.03936870615469279,,
pattern,population,-0.16771115402585726,0.032648298287792143,,
fog,population,-0.16714860618147895,0.025269122973623707,,
magic,population,-0.16705242972053214,0.1466449397424389,,
travel,population,-0.16602164587300702,0.005621720282459824,,
cloud,population,-0.16536463953465666,0.003409618345676599,,
oven,population,-0.16516924594108473,0.30823885241191445,,
sea,population,-0.16387973110360066,0.14692327787797593,,
bone,population,-0.16184965574137833,2.0633885885764023e-4,"Model convergence problem; singular convergence (7). See vignette('troubleshooting'), help('diagnose')",
ocean,population,-0.1611362085659352,0.11408275207069962,,
territory,population,-0.1602776911001663,NA,"Model convergence problem; non-positive-definite Hessian matrix. See vignette('troubleshooting');Model convergence problem; singular convergence (7). See vignette('troubleshooting'), help('diagnose')","Model convergence problem; singular convergence (7). See vignette('troubleshooting'), help('diagnose')"
function,population,-0.16002554079224546,0.09613131391674533,,
chest,population,-0.15995220064690663,0.0012405441628221127,,
discussion,population,-0.1581968074261291,0.05486608189742242,,
sky,population,-0.15663983707450194,0.001763415754016829,,
sap,population,-0.15548179242372728,0.05937821668659847,,
dance,population,-0.15500185540819766,0.02313118632291049,,
tea,population,-0.15418103694529878,0.10244084977671718,,
trip,population,-0.1531401801567402,0.035566523715551544,,
smoke,population,-0.1525004640829692,5.320250554060237e-4,,
material,population,-0.15183118200043386,0.019826552109927717,,
cheek,population,-0.1513333449554616,4.405497753057612e-4,"Model convergence problem; singular convergence (7). See vignette('troubleshooting'), help('diagnose')","Model convergence problem; singular convergence (7). See vignette('troubleshooting'), help('diagnose')"
firewood,population,-0.15088592795036185,0.1002872357400434,,
bite,population,-0.14914453443203635,0.0010270622666643497,,
sand,population,-0.14910620612579376,0.016139923828297764,,
axe,population,-0.14873967960203288,0.06144536880009939,,
translation,population,-0.14833915343556203,0.1410918227135534,,
grammar,population,-0.1463161067229765,0.14753718579636238,,
food,population,-0.14612741372569918,0.0010205573204413565,,
quiver,population,-0.14595586648931988,0.15863704292633501,,
spit,population,-0.14555140102270456,0.006393299998721121,,
song,population,-0.14536889653058746,0.02216358846989154,,
process,population,-0.1436980433157412,NA,"Model convergence problem; non-positive-definite Hessian matrix. See vignette('troubleshooting');Model convergence problem; singular convergence (7). See vignette('troubleshooting'), help('diagnose')",Model convergence problem; non-positive-definite Hessian matrix. See vignette('troubleshooting')
sex,population,-0.1432680435671087,NA,Model convergence problem; non-positive-definite Hessian matrix. See vignette('troubleshooting'),
muscle,population,-0.1430169504392574,0.03912894637547264,"Model convergence problem; singular convergence (7). See vignette('troubleshooting'), help('diagnose')",
description,population,-0.14259154751507694,NA,,Model convergence problem; non-positive-definite Hessian matrix. See vignette('troubleshooting')
wave,population,-0.1423383366202885,0.014352071014390962,,
louse,population,-0.14204315186550856,0.11792682629034232,,
eyelash,population,-0.13981915081364926,NA,Model convergence problem; non-positive-definite Hessian matrix. See vignette('troubleshooting'),
arm,population,-0.13839833028051418,7.047495489752063e-4,,
paint,population,-0.13770954497400104,0.07425511767176497,,
intestine,population,-0.13705996829853836,0.03184931660589032,,
fork,population,-0.13702317240410036,0.034035148304403955,,
weather,population,-0.13700223919720295,0.04182144746764139,,
track,population,-0.13673519701451703,0.08775432715590092,,
sleep,population,-0.13599561017726547,6.463627093164411e-4,,
torch,population,-0.13563398143965824,0.05329501946130871,,
wind,population,-0.13499267361254766,0.005207057569289884,,
weave,population,-0.13379246023749977,0.12556143468818848,,
nose,population,-0.13358086915081036,0.0011796871555844433,,
elbow,population,-0.13351546836702247,0.021677695113095558,,
cave,population,-0.13059255051914778,0.17847334178484892,,
spirit,population,-0.12981105916317154,0.0748733617732709,,
garden,population,-0.12886753998684833,0.19031621381621436,,
nest,population,-0.12852603631101628,0.032805814959187295,,
generation,population,-0.12814296922182275,0.09713092797462539,,
bottom,population,-0.12782107554840433,0.011146714176835344,,
star,population,-0.12747564271255202,0.00876492866325414,,
bladder,population,-0.1274214099303976,0.04732350704863705,,
vagina,population,-0.12709875376855798,0.17454783106981642,,
ash,population,-0.1264059137380889,0.01607486846305122,,
leg,population,-0.126265065735222,0.005761124645711694,,
breeze,population,-0.12615338110650107,0.11734462086534542,,
mouth,population,-0.12584012820215884,0.0017479816363066222,,
photograph,population,-0.12397740042394269,0.1796756198828542,,
west,population,-0.12395891440829437,0.11005188105331265,,
reflection,population,-0.12393215698026346,0.16076886941829993,,
lily,population,-0.12387744330511426,0.2838237825987224,,
partner,population,-0.12300905975384797,NA,,Model convergence problem; non-positive-definite Hessian matrix. See vignette('troubleshooting')
river,population,-0.12219005807379649,0.11638393225332862,,
neck,population,-0.12163476448913994,0.0013114888337745715,,
moss,population,-0.12111308409852345,0.18315674281024455,,
basket,population,-0.1206674267006869,0.1300100847852483,,
tail,population,-0.12060067149442227,0.011880081305993443,,
element,population,-0.12000122358093776,0.3606404486073873,,
spider,population,-0.11901115463758549,0.06923533646160687,,
combination,population,-0.11865024441635266,0.46403820199821627,,
stink,population,-0.11805039522253727,0.09043902841842937,,
braid,population,-0.11784418303134768,0.21708270497487378,,
aspect,population,-0.11705173335948774,0.25248098208778536,,
chin,population,-0.1168692947329775,NA,Model convergence problem; non-positive-definite Hessian matrix. See vignette('troubleshooting'),
whistle,population,-0.11679410934037332,0.041397926437571966,,
feature,population,-0.1166737327193876,0.1508589891621968,,
source,population,-0.1156669994248458,NA,Model convergence problem; non-positive-definite Hessian matrix. See vignette('troubleshooting'),
story,population,-0.11466797129127533,0.04949471007563373,"Model convergence problem; singular convergence (7). See vignette('troubleshooting'), help('diagnose')",
father-in-law,population,-0.11440071503123404,0.16965461872652982,,
vocabulary,population,-0.11373398743133811,0.3669847737832119,,
gall,population,-0.11338266765137552,0.19615200410110123,,
water,population,-0.11324910963433954,0.0025687967710542837,,
feather,population,-0.11315611089396962,0.02394083568618906,,
yawn,population,-0.11224364268190776,0.10343537460568598,,
peel,population,-0.11199368623772409,0.07563819792523781,,
knife,population,-0.1117179252804762,0.01862096465406088,,
shaft,population,-0.11045987632140374,0.317353203669165,,
toy,population,-0.10920013059296366,0.21625711383893698,,
whisper,population,-0.10896966294804801,NA,Model convergence problem; non-positive-definite Hessian matrix. See vignette('troubleshooting'),
stab,population,-0.10852666597482469,0.1399058541123516,,
exclamation,population,-0.10842038649855455,0.29591478531296583,,
leaf,population,-0.10838487614121937,0.058449218756554934,,
cry,population,-0.106311973204787,0.22159201319638538,,
bubble,population,-0.10536917791653902,0.09373307409400017,,
direction,population,-0.10529747555211812,0.08935913074750315,,
egg,population,-0.10523703122476363,0.011466882701185989,,
activity,population,-0.10456742726629908,0.22041582159985454,,
doorway,population,-0.10449573507851635,0.2704069858809151,,
smell,population,-0.10433385634100484,0.0285527084766432,,
range,population,-0.10415249585947492,0.2345192375154111,,
spray,population,-0.10405644488123977,0.2495581722768126,,
core,population,-0.10375196827543111,0.2199932051023706,,
shoulder,population,-0.10311510820373727,0.009673257552830232,,
testicle,population,-0.10204424020717058,0.10723492488272789,,
shade,population,-0.10176580954273527,0.06308932171692129,,
pole,population,-0.10156278992242003,0.08272665011986301,,
spark,population,-0.10108898473294224,0.061085108393574554,,
path,population,-0.10085209133930863,0.1635081937324663,,
sun,population,-0.10063795261338128,0.016346679519667794,,
relationship,population,-0.09987895358072196,0.24926323560768154,,
cousin,population,-0.09913049916676317,0.27355224360741426,,
slide,population,-0.09892751215024821,0.17686203870544495,,
mosquito,population,-0.09874496779191122,0.15214637155318317,,
stripe,population,-0.09855563370576001,0.2257515700220135,,
fright,population,-0.09844350460378236,NA,"Model convergence problem; non-positive-definite Hessian matrix. See vignette('troubleshooting');Model convergence problem; singular convergence (7). See vignette('troubleshooting'), help('diagnose')",Model convergence problem; non-positive-definite Hessian matrix. See vignette('troubleshooting')
kin,population,-0.09814882496146476,0.4492983424527555,,
community,population,-0.09767739321988722,0.24191131295256255,,
thought,population,-0.09758928444643487,0.31670123659891114,,
pronunciation,population,-0.09727425555910942,0.3817945802836242,,
nut,population,-0.09723016560003378,0.2236056729621473,,
toilet,population,-0.0966612319761872,0.35496547118660554,,
tip,population,-0.09598472712784069,0.07217909398128505,,
foam,population,-0.09568788990245884,0.06533589657529056,,
buttock,population,-0.09494342663163134,0.17584703662388773,,
sweat,population,-0.0946163166459423,0.11303422677172056,,
mat,population,-0.09457025828123841,0.32778254131281936,,
flea,population,-0.09443444794916477,0.2190304017425768,"Model convergence problem; singular convergence (7). See vignette('troubleshooting'), help('diagnose')",
shadow,population,-0.09439071763641223,0.06780853372812885,,
spring,population,-0.09411747859806224,0.07254591922658864,,
navel,population,-0.09394704920847217,0.10864503126651019,,
approach,population,-0.09385181637784609,0.1772338750785964,,
trunk,population,-0.09338626983742128,0.1346215134120274,,
wood,population,-0.09338490169452954,0.04700851145225668,,
cabbage,population,-0.09296467161960875,0.44639267068054933,,
like,population,-0.09253432227135222,0.03776400949096719,,
bucket,population,-0.09241064124508508,0.27445717589131907,,
fireplace,population,-0.09167382738927138,0.38858882278048046,,
steam,population,-0.09158573716765318,0.1760084264628934,,
limb,population,-0.09121275421375845,0.18412331029537557,,
breath,population,-0.09119981717780172,0.06542284703766366,,
butterfly,population,-0.09101279479442348,0.2590696727048509,,
mother-in-law,population,-0.09012850742879516,0.370763100979908,,
grandmother,population,-0.08959233500699187,0.24849572083452687,,
bag,population,-0.08827621543271338,0.17040500115664295,,
fin,population,-0.08818786725373995,0.3520368718089823,,
blanket,population,-0.08801601861787199,0.38020722112431765,,
interior,population,-0.08737281776197801,0.4125497178638238,,
route,population,-0.08730110532960977,NA,,Model convergence problem; non-positive-definite Hessian matrix. See vignette('troubleshooting')
spill,population,-0.08659700593035195,1,,
scoop,population,-0.086082136717673,0.34385799745195594,,
comment,population,-0.08600214594254854,NA,Model convergence problem; non-positive-definite Hessian matrix. See vignette('troubleshooting'),
necklace,population,-0.08578103131011033,0.1983794436371419,,
vomit,population,-0.08568775335778823,0.04765520834093694,,
branch,population,-0.08562983347830645,0.07578194408281741,,
tie,population,-0.08535351851838964,0.08776173305461654,,
kidney,population,-0.08523247541626476,0.18029393271548408,,
nostril,population,-0.08491023656218236,0.2942481354105967,,
tendon,population,-0.08465614949872971,0.45224716508845153,,
apple,population,-0.08452970058724305,0.29491827609345245,,
list,population,-0.08403029116963633,0.330195239688879,,
platform,population,-0.08387405716571725,0.40336663709468035,,
laugh,population,-0.08336809327665216,0.09509694589589066,,
culture,population,-0.08226072503120421,0.39185524112299747,,
dirt,population,-0.0820192357014621,0.1792019620459067,,
detail,population,-0.08176707188185224,NA,Model convergence problem; non-positive-definite Hessian matrix. See vignette('troubleshooting'),
dislike,population,-0.08022096340826833,0.3192188928923692,,
bow,population,-0.08016742409962782,0.1769483485983521,,
bank,population,-0.07989411615852736,0.16583530244531866,,
forehead,population,-0.07958384371074059,0.09391434055349943,,
university,population,-0.07952314085316556,0.4436910998924308,,
hair,population,-0.07911786304212341,0.020744039230583988,,
symbol,population,-0.07900303213811635,0.4202374159694342,,
kid,population,-0.07876015853200358,0.5323594532201563,,
lip,population,-0.07856571534415219,0.07586237616028091,,
body,population,-0.07742146539407051,0.07861378732546044,,
itch,population,-0.07729715162051022,0.24229404038968447,,
headache,population,-0.07653904906037874,NA,,Model convergence problem; non-positive-definite Hessian matrix. See vignette('troubleshooting')
liver,population,-0.07607234628942292,0.18864453619977278,,
coal,population,-0.07595304424947898,0.3138759033090011,,
pounding,population,-0.07506855514112523,0.45847367062037553,,
thigh,population,-0.07496862880820661,0.19691678591006556,,
ant,population,-0.0747730113573858,0.3660245155754723,,
decoration,population,-0.07437423139332563,0.4544198403037437,,
claw,population,-0.0743735922768593,0.2240190094977954,,
circle,population,-0.07394009922729936,NA,,Model convergence problem; non-positive-definite Hessian matrix. See vignette('troubleshooting')
aunt,population,-0.07387470967680428,0.3759616722550967,,
system,population,-0.07333497923012702,0.42256411092700175,,"Model convergence problem; singular convergence (7). See vignette('troubleshooting'), help('diagnose')"
brain,population,-0.07260982060594251,0.18303465311258318,,
potato,population,-0.07252951930159177,0.4307356212533138,,
east,population,-0.07247832809372011,0.3217046633302255,,
noise,population,-0.07163921718286129,0.20503878944668008,,
groin,population,-0.07112394125034258,NA,Model convergence problem; non-positive-definite Hessian matrix. See vignette('troubleshooting'),
cooking,population,-0.07086809501442776,0.2756909808811518,,
elder,population,-0.07058878945934664,0.42905037324115064,,
vine,population,-0.07035110929524602,0.5647871206733766,,
introduction,population,-0.07032523903209291,0.3818358921707665,,
position,population,-0.07012784137705416,0.25551177572341977,,
gathering,population,-0.06963880027061985,NA,Model convergence problem; non-positive-definite Hessian matrix. See vignette('troubleshooting'),Model convergence problem; non-positive-definite Hessian matrix. See vignette('troubleshooting')
chip,population,-0.06930650206855628,0.39700883025805755,,
drip,population,-0.06875094100809043,0.31846566614031135,,
wrap,population,-0.06868231362231887,0.20063003681578112,,
rattle,population,-0.06822183607958503,0.4373491709827307,,
bird,population,-0.06818517118577141,0.15190860130862416,,
duck,population,-0.06785646253225988,0.2851092130120052,,
string,population,-0.06730702326662708,0.20862834960367513,,
development,population,-0.06697113516797557,0.42477119345740405,"Model convergence problem; singular convergence (7). See vignette('troubleshooting'), help('diagnose')",
squash,population,-0.0668824449436809,0.6247196690355427,,
motion,population,-0.06660367061247294,0.38537572376721285,,
cluster,population,-0.06607073753782002,NA,"Model convergence problem; non-positive-definite Hessian matrix. See vignette('troubleshooting');Model convergence problem; singular convergence (7). See vignette('troubleshooting'), help('diagnose')",
hole,population,-0.06582511905094893,0.1360938473749652,,
toe,population,-0.06548590945084065,0.2964448295999357,,
hand,population,-0.06526642272339422,0.06251248265344735,,
shirt,population,-0.06450043171781207,NA,Model convergence problem; non-positive-definite Hessian matrix. See vignette('troubleshooting'),
kettle,population,-0.0643542409103374,0.5717463296091695,,
event,population,-0.06359993749405213,0.3669946856038013,,
darkness,population,-0.06336176898384989,0.43540861525092467,,
mountain,population,-0.06238307040347334,0.4674358733361656,,
moth,population,-0.06204398034107341,0.3745140537447242,,
finger,population,-0.06171415984960141,0.13880337360601933,,
picture,population,-0.06120129742380929,0.41421283459582126,,
beard,population,-0.06116329311523096,0.19378970058748793,,
taste,population,-0.06096530382634699,0.1707439601830416,,
church,population,-0.06077476095877995,0.5739044953402572,,
plug,population,-0.060592608918359006,0.510208933077853,,
bear,population,-0.06051276301465924,0.4561092060601931,,
widower,population,-0.06045442245182802,0.44064849700170816,,
bump,population,-0.060441443289389274,0.5210003204419763,,
lack,population,-0.06042622854991502,0.37420579688696065,,
prey,population,-0.06039306836980427,0.5723816919815029,,
second,population,-0.06037470831712252,0.3148185150185351,,
anus,population,-0.05978712449065788,0.43994360948932243,,
flap,population,-0.05962152422711386,0.47500890818474684,,
tooth,population,-0.05918472525712564,0.2234633961881685,,
molar,population,-0.058895153473605244,0.5818652235137347,,
tar,population,-0.0586278915802465,0.670969194673014,,
breast,population,-0.05862379877625935,0.16988974539371413,,
caterpillar,population,-0.05818918310775216,0.4836938586463775,,
web,population,-0.05808529488384709,0.4242807889396119,,
frog,population,-0.05661226244432297,0.43646543467671506,,
stump,population,-0.05592250615255666,NA,,Model convergence problem; non-positive-definite Hessian matrix. See vignette('troubleshooting')
wrist,population,-0.05540455650082437,0.3481218024554429,,
hawk,population,-0.05522026579260722,0.5139050018905805,,
kick,population,-0.05501344054009724,0.41122087112899497,,
mushroom,population,-0.0529139139538707,0.6675861046958581,,
dream,population,-0.052849477520756964,0.24911889946354282,,
waterfall,population,-0.052675898416215096,NA,,Model convergence problem; non-positive-definite Hessian matrix. See vignette('troubleshooting')
boat,population,-0.05179257581854157,0.5713147303280601,,
bread,population,-0.05172213877460625,0.4508524778263239,,
hill,population,-0.051591174089051964,0.45813577746119444,,
sink,population,-0.05136761876121977,0.3756282997328568,,
eel,population,-0.05070124693937122,0.6201694737225888,,
splash,population,-0.0505025931746457,0.5170723328008717,,
pile,population,-0.050155189587089595,0.3535207323644759,,
storm,population,-0.049285650691970835,0.38740681587429115,,"failed to invert Hessian from numDeriv::jacobian(), falling back to internal vcov estimate"
extension,population,-0.04918548406850484,NA,Model convergence problem; non-positive-definite Hessian matrix. See vignette('troubleshooting'),Model convergence problem; non-positive-definite Hessian matrix. See vignette('troubleshooting')
shiver,population,-0.047790952413912166,0.41104145762978633,"Model convergence problem; singular convergence (7). See vignette('troubleshooting'), help('diagnose')","Model convergence problem; singular convergence (7). See vignette('troubleshooting'), help('diagnose')"
flower,population,-0.04715633360587065,0.46615480836712486,,
leak,population,-0.046957912325615,0.49342863716411484,,
target,population,-0.04650759993848216,NA,Model convergence problem; non-positive-definite Hessian matrix. See vignette('troubleshooting'),
fat,population,-0.04602179413152587,0.3627227207492821,,
question,population,-0.0459638261591017,0.3402289814780636,,
ankle,population,-0.04596137189762651,0.4607636328586269,,
moon,population,-0.04592863543377043,NA,Model convergence problem; non-positive-definite Hessian matrix. See vignette('troubleshooting'),
stomach,population,-0.04574802440862463,0.3827357915574519,,
trap,population,-0.04573793535639051,0.5633035176119767,,
bead,population,-0.04563780539627272,0.6045602132854935,,
jaw,population,-0.04555179325378849,0.44294570335878675,,
signal,population,-0.045195461013123335,0.6251884118572892,,
hail,population,-0.04515934786535821,0.5809335185792078,,
flame,population,-0.044999646447028196,0.4475105890830432,,
pig,population,-0.04438665923669464,0.643523960578378,,
eye,population,-0.044240172017679213,0.17954860477810264,,
devil,population,-0.04422354957031649,0.7021303152281941,,
shovel,population,-0.042506946779145516,0.6142829853410663,,
tree,population,-0.0421032716236194,0.37284095451817534,,
feeling,population,-0.04166082150167654,0.5101738433718898,"Model convergence problem; singular convergence (7). See vignette('troubleshooting'), help('diagnose')",
jerk,population,-0.0411823834077281,0.6895783809751068,,
tongue,population,-0.04045089277729252,NA,Model convergence problem; non-positive-definite Hessian matrix. See vignette('troubleshooting'),
dove,population,-0.03954786359730643,0.6217444831747152,,
cup,population,-0.03934187742702068,0.5758429113807699,,
distance,population,-0.038922533057393904,0.4659871942569036,,
plant,population,-0.03842286959169622,0.48491272803442054,,
stage,population,-0.036962945899792515,0.6691500497140791,,
accident,population,-0.03659741528201365,0.6353618352329142,,
lightning,population,-0.035504578899101226,0.5277008367562037,,
shape,population,-0.034713052163479856,0.512266850233889,,
abdomen,population,-0.03403014151758442,0.6901162780087721,,
tomorrow,population,-0.03385164700467344,0.6658537938562046,,
pu,population,-0.03375347275818947,0.5847176557538689,,
contact,population,-0.03366303292069866,0.6535325872937089,,
pool,population,-0.03361358306631965,0.6416774157275306,,
game,population,-0.03352740229928048,0.6228508662086913,,
drink,population,-0.033064434284720036,0.45374063717756236,,
beak,population,-0.03303852982947804,NA,,Model convergence problem; non-positive-definite Hessian matrix. See vignette('troubleshooting')
hunter,population,-0.03170389483903694,0.7570962766872508,,
vein,population,-0.031401541352038535,0.584111314857497,,
airplane,population,-0.030918156966201184,0.764386314264723,,
belt,population,-0.030596709109192825,0.6113270996832126,,
whirlwind,population,-0.030578204137298063,0.7049692324348802,,
slope,population,-0.030500764151758248,0.6916323272262768,,
ray,population,-0.030449794264915713,0.7874237661610219,,
tobacco,population,-0.03029023156645216,0.6705603394377895,,
fiber,population,-0.030221430574634285,0.7302861621821394,,
bed,population,-0.030148892505147965,0.4951805512853531,,
mucus,population,-0.030048900218923338,NA,Model convergence problem; non-positive-definite Hessian matrix. See vignette('troubleshooting'),Model convergence problem; non-positive-definite Hessian matrix. See vignette('troubleshooting')
insect,population,-0.029364357304744352,0.6574677413847878,,
rain,population,-0.029169013185052974,0.49332966450873167,,
ache,population,-0.02873143659502556,0.6503432727312888,,
boil,population,-0.027986262363946406,0.46922070012282513,,
tongs,population,-0.027950704111046876,0.7831529131059338,,
pigeon,population,-0.02792058879328134,0.7418544436742804,,
gravel,population,-0.02774353797831227,0.7350836131925087,,
scent,population,-0.02683843689445315,0.7040344837500152,,
brush,population,-0.026331661429123823,0.6936437923674356,,
map,population,-0.025960901103608963,0.8159627682080965,,"Model convergence problem; singular convergence (7). See vignette('troubleshooting'), help('diagnose')"
mouse,population,-0.025762070457332756,NA,Model convergence problem; non-positive-definite Hessian matrix. See vignette('troubleshooting'),
morning,population,-0.025325380012428334,NA,Model convergence problem; non-positive-definite Hessian matrix. See vignette('troubleshooting'),"Model convergence problem; singular convergence (7). See vignette('troubleshooting'), help('diagnose')"
characteristic,population,-0.0245572045833907,0.7559029194660531,"Model convergence problem; singular convergence (7). See vignette('troubleshooting'), help('diagnose')",
publication,population,-0.024349883120119462,0.8137698923713035,,
widow,population,-0.023761684855361218,0.6974528226866218,,
coil,population,-0.023699123494099267,0.7528842371243805,"Model convergence problem; singular convergence (7). See vignette('troubleshooting'), help('diagnose')",
flash,population,-0.023613315643438836,NA,,Model convergence problem; non-positive-definite Hessian matrix. See vignette('troubleshooting')
knuckle,population,-0.023284004528461563,NA,Model convergence problem; non-positive-definite Hessian matrix. See vignette('troubleshooting'),Model convergence problem; non-positive-definite Hessian matrix. See vignette('troubleshooting')
smoking,population,-0.02325913222377841,0.7642199728278593,,
spoon,population,-0.02309269044865216,0.7101778634611252,,
purse,population,-0.022734425255306234,0.8128831624469472,,
being,population,-0.022678078745762838,0.8380639363650956,,
scar,population,-0.022493081414173426,0.7189763246683992,,
sunrise,population,-0.02231733208402785,0.7951266509826368,,
clothing,population,-0.02175820379283442,0.804407128153635,,
scratch,population,-0.021599616339405443,0.6987772996038621,,
soup,population,-0.02115138747660943,0.8251486568573071,,
cross,population,-0.021015968141483148,0.583147545365603,,
shelter,population,-0.020789984803441214,0.7638998295119914,,
stone,population,-0.019514102089337966,0.7165561330125967,,
skirt,population,-0.01860095265778029,0.835044495951119,,
excrement,population,-0.018241226357104633,0.8385536148771454,,
sweep,population,-0.017201702095755205,NA,Model convergence problem; non-positive-definite Hessian matrix. See vignette('troubleshooting'),
blood,population,-0.01718765169973183,NA,Model convergence problem; non-positive-definite Hessian matrix. See vignette('troubleshooting'),
afternoon,population,-0.01695112993153733,0.8211190370373698,,
sugar,population,-0.015923755430518216,0.83665097618417,,
gas,population,-0.01566978968718962,0.9046219178431337,,
ice,population,-0.01560282833246532,0.8595951617304504,,
distinction,population,-0.015581796280625556,0.8780945213911849,,
teeth,population,-0.015117915624026295,0.7187279533879303,,
figure,population,-0.014891534008730419,0.8695982546222145,,
sling,population,-0.01481013387379496,0.8716557595948727,,
banana,population,-0.014298208864825966,0.9147015284019128,,
pant,population,-0.014102201149613396,NA,,Model convergence problem; non-positive-definite Hessian matrix. See vignette('troubleshooting')
collection,population,-0.013421276484118772,0.8992936098758296,,
snail,population,-0.013408886670885517,0.8829155028811647,,
hug,population,-0.0133037598602815,0.8762992206883496,,
mirror,population,-0.013037336717355113,0.8221805865052487,"Model convergence problem; singular convergence (7). See vignette('troubleshooting'), help('diagnose')",
summer,population,-0.011216896641701373,0.9039052119279363,,
argument,population,-0.011070132707229119,NA,Model convergence problem; non-positive-definite Hessian matrix. See vignette('troubleshooting'),
dawn,population,-0.010702983753376562,0.8398647360846629,,
strip,population,-0.010398648643373481,0.8684535476271449,,
edge,population,-0.00970158813543745,0.8428528772205404,,
moan,population,-0.00904886771730492,0.9056831412097394,,
foot,population,-0.009042579980531715,0.8162574355508688,,
mud,population,-0.008887427652971704,0.8742377586905472,,
sewing,population,-0.007880597564928088,0.9231961726391358,,
animal,population,-0.007128545592681763,0.89211794276365175,,
rope,population,-0.0067794137663786036,0.8887829868543649,,
yesterday,population,-0.006691550714788156,0.9255252714168125,,
blade,population,-0.006607905312553577,0.9172337281388757,,
hop,population,-0.006385969345577934,NA,,Model convergence problem; non-positive-definite Hessian matrix. See vignette('troubleshooting')
wasp,population,-0.006096587223835265,0.9393454297816953,,
view,population,-0.005124841290797654,0.9358105440930465,,
tear,population,-0.0039525916755175795,0.9208436697666974,,
drill,population,-0.0037105938092353518,0.9683660552711217,,
kiss,population,-0.0034741394902236817,NA,,Model convergence problem; non-positive-definite Hessian matrix. See vignette('troubleshooting')
gum,population,-0.0034115861208731005,0.9616851795877669,,
lizard,population,-0.0032683717201690094,0.9663913044452652,,
breathing,population,-0.002838106447597453,NA,"Model convergence problem; non-positive-definite Hessian matrix. See vignette('troubleshooting');Model convergence problem; singular convergence (7). See vignette('troubleshooting'), help('diagnose')",
grass,population,-0.002502391148477809,0.964486237486486,,
situation,population,-0.0023279556265662347,0.615651453598052,,
scrub,population,-0.0021261715914722445,0.9851637048933124,,
car,population,-0.0020811425185806197,0.9869383451507097,,
absence,population,-0.0015209424729161467,NA,Model convergence problem; non-positive-definite Hessian matrix. See vignette('troubleshooting'),
fluid,population,-0.0014976297964197996,0.9897989176832555,,
thorn,population,-0.001280917338412527,0.9850117222212128,,
pillow,population,-5.388852840081086e-4,0.9926227227985432,,
needle,population,-4.2512670995613295e-4,0.9934190043260691,,
length,population,-3.171407914142333e-4,0.9958704833841654,,
sunset,population,3.7189158289108534e-4,0.9959710104372945,,
beetle,population,5.831454542124114e-4,0.9948363729817605,,
dialect,population,6.816482584711601e-4,0.9955804836882451,,
fight,population,6.967904013752169e-4,0.9894275045166431,,
greeting,population,7.698371124060249e-4,0.9932594513564938,,
skull,population,8.241833521614512e-4,0.9882284212605364,,
corner,population,0.0010728706783910394,0.9812707986866949,,
emotion,population,0.0011748000296147108,0.991342027809908,,
engine,population,0.001400615210166525,0.9901608536559138,,
future,population,0.0016745342984392474,0.9781444571770833,,
pine,population,0.0017040554417373122,0.988395681580864,,
burst,population,0.0017139031250408307,0.9828308621776972,,
ear,population,0.0018540470663486954,0.9614979230117262,,
earth,population,0.0027057987625012515,0.9616695929398695,,
goose,population,0.002756587042132595,0.9779810098006851,,
saliva,population,0.0028130851355245264,0.9638516219614142,,
goal,population,0.0030193125346918872,0.9776076320082285,,
cane,population,0.003536935142196116,0.9684571126191861,,
calf,population,0.0035479299991069218,0.9537542749731426,,
thunder,population,0.004344381547238259,0.9222085902969632,,
dew,population,0.004884704738373716,NA,Model convergence problem; non-positive-definite Hessian matrix. See vignette('troubleshooting'),
poison,population,0.005723134279084089,0.9268040617379939,,
mist,population,0.005727992599363062,0.9394574849233821,,
coffee,population,0.006061052513761995,0.9596718376388687,,
syllable,population,0.006815703011268418,0.9580529852333856,,
worm,population,0.0070198178958015955,0.8832053641623113,,
bus,population,0.007095308102952186,0.9566850216118103,"Model convergence problem; singular convergence (7). See vignette('troubleshooting'), help('diagnose')",
limp,population,0.0072316052455115385,0.9019701719514392,,NA/NaN function evaluation
massage,population,0.007348439799819409,0.9444834541095705,,
channel,population,0.007755385253774822,0.9507572956717811,,
jam,population,0.008435122576879964,0.9494199198631931,,
vehicle,population,0.0088280581577903465,0.9340526872390451,,
beginning,population,0.009092654896567019,0.8463062205001715,,
cough,population,0.009153309403538083,0.8763639877343253,,
relative,population,0.009456681632856602,0.9134188812902909,,
dancer,population,0.009563721354876169,0.9364412951950655,,
fun,population,0.010443280680615768,NA,Model convergence problem; non-positive-definite Hessian matrix. See vignette('troubleshooting'),
basis,population,0.010531159558089202,NA,"Model convergence problem; non-positive-definite Hessian matrix. See vignette('troubleshooting');Model convergence problem; singular convergence (7). See vignette('troubleshooting'), help('diagnose')","Model convergence problem; non-positive-definite Hessian matrix. See vignette('troubleshooting');Model convergence problem; singular convergence (7). See vignette('troubleshooting'), help('diagnose')"
land,population,0.01076056482353892,0.8204542086419172,,
clothes,population,0.010814503988139684,NA,,Model convergence problem; non-positive-definite Hessian matrix. See vignette('troubleshooting')
thumb,population,0.010905511653316598,0.8308443689715467,,
wink,population,0.011191771338993243,0.8857000589838965,,
stream,population,0.011927910793072653,0.8984666789001783,,
parent,population,0.012156434797613252,0.8520387496848336,,
nipple,population,0.013019514630567436,NA,Model convergence problem; non-positive-definite Hessian matrix. See vignette('troubleshooting'),"failed to invert Hessian from numDeriv::jacobian(), falling back to internal vcov estimate"
ridge,population,0.01354169601568472,0.8728950059222422,,
squirrel,population,0.015046975535327188,0.9035830914123527,,
movement,population,0.015152548938217937,NA,Model convergence problem; non-positive-definite Hessian matrix. See vignette('troubleshooting'),
broom,population,0.015427635637632171,0.8226787514769639,,
fruit,population,0.01701065629023345,0.7525537873924507,,
curl,population,0.017067026295303985,0.8328662014561018,,
cavity,population,0.01718502549056253,NA,,Model convergence problem; non-positive-definite Hessian matrix. See vignette('troubleshooting')
forest,population,0.017191868073586858,0.8499260185451738,,
odor,population,0.01751452458504773,0.8409965499474611,,
dusk,population,0.01756928566844511,0.7839080906473382,,
liquid,population,0.018014571361100844,0.7899152650014386,,
origin,population,0.018475846524383017,0.8859556358020891,,
splinter,population,0.02004524442411187,NA,Model convergence problem; non-positive-definite Hessian matrix. See vignette('troubleshooting'),
behavior,population,0.020674205494882164,0.8289070108403579,,
nail,population,0.02072811132844592,0.5974007288213891,,
pencil,population,0.02077449546418505,0.8183243978674487,,
message,population,0.021827491570730516,0.7711362467578603,,
stuff,population,0.022173096506205765,0.7888603798099689,,
expression,population,0.023151980959093824,NA,,Model convergence problem; non-positive-definite Hessian matrix. See vignette('troubleshooting')
store,population,0.02332119611417144,0.6845188472730486,,
heat,population,0.023845348967006637,0.6465232210541298,,
shine,population,0.024034195212317387,0.7144251915483998,,
reason,population,0.024852352605987723,NA,Model convergence problem; non-positive-definite Hessian matrix. See vignette('troubleshooting'),Model convergence problem; non-positive-definite Hessian matrix. See vignette('troubleshooting')
pity,population,0.025127233532373918,0.6475209877969789,,
heel,population,0.025504820776027323,0.8273021083588629,,
hat,population,0.025639942286209638,0.7283451299849891,,
midnight,population,0.02616078264067214,0.7379858595410702,,
vision,population,0.02642793889054804,0.6922361588907724,,
emphasis,population,0.026428273186989478,NA,,Model convergence problem; non-positive-definite Hessian matrix. See vignette('troubleshooting')
smile,population,0.026650114999702056,0.6887601697414305,,
patch,population,0.026717623172572924,0.6871953713748153,,
talk,population,0.027117063436626423,0.8251227381286572,,
table,population,0.027222839490371013,0.713677221030634,,
bandage,population,0.027987817970863093,NA,"Model convergence problem; non-positive-definite Hessian matrix. See vignette('troubleshooting');Model convergence problem; singular convergence (7). See vignette('troubleshooting'), help('diagnose')",
bunch,population,0.028527870105094114,0.6590269513517535,,
presence,population,0.02894516611553816,0.7161626873896668,,
bundle,population,0.02898263779840436,0.6238292842883174,,
treatment,population,0.02924153391928389,NA,Model convergence problem; non-positive-definite Hessian matrix. See vignette('troubleshooting'),Model convergence problem; non-positive-definite Hessian matrix. See vignette('troubleshooting')
cat,population,0.029273330105660075,0.5895204649312629,,
blaze,population,0.029772695303469262,0.7500342610638342,,
twig,population,0.029932471276499725,NA,,NA/NaN function evaluation;NA/NaN function evaluation;Model convergence problem; non-positive-definite Hessian matrix. See vignette('troubleshooting')
pinch,population,0.030329548715748233,0.6120643276202238,,
womb,population,0.03130472487490148,0.6930034450604475,,
twin,population,0.03186361937724892,0.6581325216762193,,
swell,population,0.03205232058736551,0.55261603647820845,,
beer,population,0.03268780251482991,0.8087337917422994,,
birth,population,0.034647409707194377,0.5086179325362649,,
copy,population,0.03676373550567689,0.5844606211437275,,
friend,population,0.03719864467094799,0.4258958555441136,,
possession,population,0.03724682993891396,0.556840762156823,,
echo,population,0.03798619868133673,0.6700905579678189,,
nape,population,0.038590315023571166,0.6778418459302327,,
flow,population,0.039227913465223516,0.4632542454798748,,
comparison,population,0.03923885589262419,0.6584081379882647,,
teaching,population,0.03958951068598187,NA,"Model convergence problem; non-positive-definite Hessian matrix. See vignette('troubleshooting');Model convergence problem; singular convergence (7). See vignette('troubleshooting'), help('diagnose')","Model convergence problem; non-positive-definite Hessian matrix. See vignette('troubleshooting');Model convergence problem; singular convergence (7). See vignette('troubleshooting'), help('diagnose')"
paper,population,0.03964783348565298,0.5412731995471852,,
rat,population,0.03984085999021825,0.5716061940912528,,
seed,population,0.03986731947174459,0.5040070838552418,,
lap,population,0.040230057081225463,0.6135745243721042,,
sting,population,0.04026997088299391,0.5254224677892437,,
error,population,0.04028213876755761,0.632884844003791,,
settlement,population,0.04142865666910149,NA,,Model convergence problem; non-positive-definite Hessian matrix. See vignette('troubleshooting')
pit,population,0.04186968866356229,0.5847443780566722,,
urine,population,0.04208869179187217,0.5058680087350906,,
slack,population,0.042215739070927384,0.610765404640295,,
snake,population,0.042476489280856226,0.5936706666796085,,
door,population,0.04260482335780824,0.3418968821720381,,
fear,population,0.0428992329764001,0.4870384929038047,,
mate,population,0.04329741767283708,0.6474220509097106,,
bowl,population,0.04348412980378334,0.4914613814326795,"Model convergence problem; singular convergence (7). See vignette('troubleshooting'), help('diagnose')","Model convergence problem; singular convergence (7). See vignette('troubleshooting'), help('diagnose')"
connection,population,0.0439343192806481,0.6074288778146517,,
power,population,0.044039795879391164,0.48207458455735913,,
hurry,population,0.044349087729433793,0.45661158560003856,,
knot,population,0.04474297401032179,0.46071893212157394,,
exception,population,0.04573765139693613,0.655166324748253,,
juice,population,0.0459927086521952,0.456688257235451,,
growth,population,0.046222153256474253,0.5776192291012358,,
difference,population,0.04658333939312679,0.536087925596043,,
bruise,population,0.04672415691104789,0.5154134269256634,,
weapon,population,0.04682708908632096,0.41338594607218165,,
infant,population,0.04721885148748716,0.5526839553392038,,
soil,population,0.04724060633686169,0.46448751156812373,,
file,population,0.047604590464850174,0.5262303838785324,,
pet,population,0.04966468671724357,0.6144738264249392,,
condition,population,0.04975079457858324,NA,,Model convergence problem; non-positive-definite Hessian matrix. See vignette('troubleshooting')
stagger,population,0.04977280528004082,0.5339342056658698,,
space,population,0.049878921428081036,0.39141983932380103,,
roof,population,0.05159226890917642,0.38530832623210565,,
chair,population,0.05193094601947965,0.4430846807890385,,
groan,population,0.05270579603118936,NA,,"Model convergence problem; non-positive-definite Hessian matrix. See vignette('troubleshooting');Model convergence problem; singular convergence (7). See vignette('troubleshooting'), help('diagnose')"
pocket,population,0.05279188495909801,0.4475907476363852,,
charcoal,population,0.053254366757663686,0.4208290289823727,,
growl,population,0.05329801269053658,0.5856101168243584,,
ornament,population,0.053612069971314374,0.669084718121409,,
comb,population,0.05362952716491233,0.41801530897473316,,
jail,population,0.05367177643586219,0.5932605990349554,,
seal,population,0.05375644387141195,0.6206631238116618,,
inch,population,0.05384389512703581,0.7100182114663742,,
waist,population,0.05404573950179381,0.44061378669175144,,
color,population,0.054772371884400775,0.2942554032285395,,
shed,population,0.054814563199246005,0.41414115058778733,,
dust,population,0.05506095921161463,0.2479493950561982,,
valley,population,0.055312687180116754,0.4990559798467489,,
palm,population,0.05545727342841826,0.48595913565478366,,
orphan,population,0.055586192686241334,0.4532687619793624,,
design,population,0.055603861420732356,NA,Model convergence problem; non-positive-definite Hessian matrix. See vignette('troubleshooting'),
voice,population,0.05572311755361684,0.26198582578407614,,
plane,population,0.05622715229667638,0.5317774573934283,,
surprise,population,0.05641336005904101,0.4202645034065209,,
tent,population,0.056705269379328654,0.5833204454786716,,
rifle,population,0.058216100327108576,0.6313380838445491,,
yam,population,0.058471019237005886,0.7197469073438167,,
rest,population,0.05855068889867151,0.19938669288089697,,
attention,population,0.05940341877640232,0.2363261205001404,,
crush,population,0.059441450220254335,0.3860250593339543,,
injury,population,0.05956292471607585,0.5254267208835932,,
season,population,0.059574139622354264,0.3125247406088936,,
address,population,0.0602043991677578,0.4969172519608318,,
boundary,population,0.06028752001964376,0.4312542423836014,,
pressure,population,0.061147274586648225,0.44647807433743275,,
pipe,population,0.0611980748392879,0.34261933712044634,,
glass,population,0.06124652106070341,0.28759578124889457,,
cap,population,0.0616798027381381,NA,Model convergence problem; non-positive-definite Hessian matrix. See vignette('troubleshooting'),
liar,population,0.06174766818474855,0.3872992156378978,,
pin,population,0.06196419074664022,0.5065806219330693,,
sight,population,0.06208387525221877,0.3800526942045308,,
height,population,0.06231205597170198,0.3015080343762972,,
scale,population,0.062375000145332635,0.26066353195301833,,
mound,population,0.06244149375267426,0.4388500015683206,,
air,population,0.06274622211235362,0.14615696437062028,,
hammer,population,0.06282959675578709,0.27977860696874146,,
handkerchief,population,0.06299687364161888,0.4737604865435406,,
spell,population,0.06332357241319513,0.5007787605480738,,
nickname,population,0.06360870265001121,0.6175856349999918,,
drum,population,0.0637118024929055,0.43475620317833336,,
lock,population,0.06383812558075516,0.2791342635378581,,
mortar,population,0.06385122947738399,0.48890861644986633,,
slap,population,0.0656742606155622,0.3974461598837386,,
grave,population,0.06592697374357338,0.2531498653155298,,
bat,population,0.06656950377631798,NA,"Model convergence problem; non-positive-definite Hessian matrix. See vignette('troubleshooting');Model convergence problem; singular convergence (7). See vignette('troubleshooting'), help('diagnose')","Model convergence problem; singular convergence (7). See vignette('troubleshooting'), help('diagnose')"
war,population,0.06706231883246334,0.34597965685523735,,
glue,population,0.06750628040745235,0.41697350953122264,,
slice,population,0.06777571977898879,0.3892272041781905,,
disgust,population,0.06792744442521002,0.45015449086334003,,
razor,population,0.06838754587757341,0.36240458252812496,,
butcher,population,0.06889754228338209,0.48624336821058695,,
desert,population,0.06913117597280405,0.5261360179423621,,
famine,population,0.07014676643188318,NA,,Model convergence problem; non-positive-definite Hessian matrix. See vignette('troubleshooting')
substance,population,0.07017329335371138,0.46115614773214,,
meal,population,0.07086800653518627,0.31001115150136754,,
heart,population,0.07126999642626368,0.17352319281552575,,
flood,population,0.07171054539584153,0.20110397008567793,,
content,population,0.0718503857265411,0.21838677831657727,,
team,population,0.07198430110922299,0.49855852872285605,,
care,population,0.07253630056313944,0.08066949754730676,,
mix,population,0.07275788827870755,0.11806412199703421,,
race,population,0.07277982223807712,0.3320844275352232,,
loan,population,0.07322607975505528,0.41054287079877144,,
evening,population,0.07365806840451881,NA,,Model convergence problem; non-positive-definite Hessian matrix. See vignette('troubleshooting')
shelf,population,0.07393754243066415,0.40132493191894625,,
flock,population,0.07405708839537238,0.42340725215951036,,
joint,population,0.0751306414738093,0.33640239106806236,,
pain,population,0.07620871158741634,0.08430532901432362,,
rust,population,0.07639854215671059,0.3327890289070622,,
load,population,0.07660163357990162,0.2021192355989492,,
exchange,population,0.07702586668916266,0.22385873519068486,,
shoe,population,0.07728500024954439,0.26100215684746103,,
others,population,0.07739209599879492,NA,,Model convergence problem; non-positive-definite Hessian matrix. See vignette('troubleshooting')
ball,population,0.077484771487836,0.13737042212276243,,
spin,population,0.07836161086815524,NA,,Model convergence problem; non-positive-definite Hessian matrix. See vignette('troubleshooting')
pair,population,0.07855625470530493,0.22791437822745075,,
sack,population,0.0793575873956471,0.3603867858792868,,
eyelid,population,0.07943701140757718,0.24611378357060926,,
bottle,population,0.0796568843165122,0.21185627596621096,,
pregnancy,population,0.08152141313103091,0.40757750926658565,,
mustache,population,0.08159999962379738,0.3117672036722443,,
tool,population,0.08180944484255791,0.27951931041147876,,
hatch,population,0.08190401082491454,NA,Model convergence problem; non-positive-definite Hessian matrix. See vignette('troubleshooting'),Model convergence problem; non-positive-definite Hessian matrix. See vignette('troubleshooting')
pebble,population,0.08203660833579807,NA,,Model convergence problem; non-positive-definite Hessian matrix. See vignette('troubleshooting')
puff,population,0.08204419387856433,0.3061466308477358,,
hospital,population,0.08233833713346891,0.41101728920886205,,
study,population,0.08255689627556465,0.35194944090234537,,
statement,population,0.08271816168737475,NA,"Model convergence problem; singular convergence (7). See vignette('troubleshooting'), help('diagnose')",Model convergence problem; non-positive-definite Hessian matrix. See vignette('troubleshooting')
board,population,0.08283658009666808,0.31823676214202906,,
method,population,0.08295579858270229,0.39639851264508746,,
rooster,population,0.08314552065857073,0.5339977033814767,,
frame,population,0.0833053382345778,0.2654466147790457,,
illness,population,0.08378141243402779,0.2888114555183321,,
thanks,population,0.08388256982518004,0.29204079538248057,,
crest,population,0.08398273089379903,NA,"Model convergence problem; non-positive-definite Hessian matrix. See vignette('troubleshooting');Model convergence problem; singular convergence (7). See vignette('troubleshooting'), help('diagnose')","Model convergence problem; singular convergence (7). See vignette('troubleshooting'), help('diagnose')"
bridge,population,0.08506300976354077,0.2007265605545206,,
test,population,0.08563505341899295,0.224424962969559,"Model convergence problem; singular convergence (7). See vignette('troubleshooting'), help('diagnose')",
council,population,0.08629794834018312,0.3859822822106684,,
problem,population,0.08679059488567818,0.42031358321592804,,
month,population,0.08756021237801886,0.20096185800466748,,
salt,population,0.08877734142346771,0.040958614406908206,,
volume,population,0.08953699565232646,0.33135891219867303,,
button,population,0.08981635825490744,0.2237931430790955,,
punch,population,0.08999309033243826,0.3680389189892277,,
earring,population,0.0900029119688623,0.4089850832091903,,
divide,population,0.09014305161686471,0.08981784709913519,,
crown,population,0.09035288572128433,0.1625283467804494,,
idea,population,0.09053056984907626,0.2650981065259875,,
death,population,0.09067405597297404,0.10467903160682622,,
building,population,0.09152729317608756,NA,Model convergence problem; non-positive-definite Hessian matrix. See vignette('troubleshooting'),
dish,population,0.09171774366444654,0.1596235814699655,,
page,population,0.09198585454378903,0.303079663016144,,
oil,population,0.09217821247180444,0.1468972479615138,,
insult,population,0.09228642043681763,0.3045913362733433,,
warrior,population,0.09250063179700867,0.48490859645559986,,
rubbish,population,0.09271422463189477,0.34652290505393296,,
equivalent,population,0.09317137556887464,0.19716892246962392,,
spike,population,0.09335781515472127,0.4141157539238574,,
dwelling,population,0.09397564245120298,0.4076556849381856,,
couple,population,0.09408931187537158,NA,,Model convergence problem; non-positive-definite Hessian matrix. See vignette('troubleshooting')
visit,population,0.0943985090818243,0.11000484980816724,,
result,population,0.09458229140416637,0.15995668499077179,,
spittle,population,0.09477993975483102,NA,"Model convergence problem; non-positive-definite Hessian matrix. See vignette('troubleshooting');Model convergence problem; singular convergence (7). See vignette('troubleshooting'), help('diagnose')",Model convergence problem; non-positive-definite Hessian matrix. See vignette('troubleshooting')
bullet,population,0.09582606530516005,0.30926261742385797,,
damage,population,0.09606125248454665,0.26763612195042896,,
overflow,population,0.09629234795430834,0.18954205424157267,,
joke,population,0.09645217344848668,0.18107253579369134,,
remainder,population,0.09671782534358875,NA,Model convergence problem; non-positive-definite Hessian matrix. See vignette('troubleshooting'),
scissors,population,0.09673116228337061,0.13442744726987155,,
shield,population,0.09682205353019309,0.2737977559420507,,
fence,population,0.09699381617031412,0.15084580190405028,,
fan,population,0.09701358913528399,0.33341863280851775,,
lung,population,0.0970532960161746,0.12552477771528478,,
intercourse,population,0.09823468278920221,0.3147923103144391,,
messenger,population,0.09846966997372261,NA,Model convergence problem; non-positive-definite Hessian matrix. See vignette('troubleshooting'),
curve,population,0.0985970954702261,0.2576092907628149,,
mistake,population,0.09926450291977244,0.07268134351426692,,
milk,population,0.09986384035278822,0.13058294638029347,,
doubt,population,0.0999340737537616,0.22318216013599929,,
appearance,population,0.10035314150623108,0.14973966835139346,,
revenge,population,0.10052911625759615,0.22996555593580095,,
foundation,population,0.10061777920232252,0.29840812794828453,,
anger,population,0.101114049979587,0.10570034430702255,,
pan,population,0.10120960994867212,0.26418673467436377,,
mole,population,0.10130915590459726,NA,,Model convergence problem; non-positive-definite Hessian matrix. See vignette('troubleshooting')
nature,population,0.10160083929426861,0.19474440243345553,,
swarm,population,0.10169844646163084,NA,"Model convergence problem; non-positive-definite Hessian matrix. See vignette('troubleshooting');Model convergence problem; singular convergence (7). See vignette('troubleshooting'), help('diagnose')",
knowledge,population,0.1018620926593729,0.08364630811737828,,
cord,population,0.10218509985638376,0.09066832210594693,,
respect,population,0.10275146145409314,0.13415443511874722,,
attempt,population,0.10313506621300901,0.18350968293189684,,
collapse,population,0.10313892944401931,0.19585950888165085,,
medicine,population,0.1032088129104569,0.13669072381340516,,
screw,population,0.10342303201371741,0.2906156386736412,,
wound,population,0.10366996430406963,0.0591278128362007,,
cucumber,population,0.10367003909698197,0.3073336069083702,,
fact,population,0.10374464367183052,0.20672171276031373,,
purpose,population,0.10404688564222896,0.05814879567525184,,
week,population,0.10430874266976328,NA,Model convergence problem; non-positive-definite Hessian matrix. See vignette('troubleshooting'),Model convergence problem; non-positive-definite Hessian matrix. See vignette('troubleshooting')
record,population,0.10485239965396363,0.25874846664880635,,
unit,population,0.1054282223166452,0.28671095416586984,,
towel,population,0.10620625570259341,0.16420651732501412,,
depression,population,0.1065655251750093,0.2259411393385393,,
completion,population,0.1066830368844167,0.23005777842123945,,
layer,population,0.10681796211842964,0.2150019488762982,,
horn,population,0.10727043074037054,0.09290355749482614,,
evidence,population,0.10805407000587401,0.3054113694626618,,
search,population,0.10829955001631285,0.057078483951856523,,
speed,population,0.10836390473300456,0.16595557859160984,,
warning,population,0.10926434506893119,0.14886629881711458,,
road,population,0.10930973142574721,0.07677319209710085,,
rake,population,0.1098174647959454,0.21658767642481935,,
strap,population,0.10985236541191515,0.30089302804015033,,
corpse,population,0.11054130747557471,0.2637124184834544,,
leader,population,0.11072789868752284,NA,Model convergence problem; non-positive-definite Hessian matrix. See vignette('troubleshooting'),
clay,population,0.11095272643911476,0.1414634958685129,,
bloom,population,0.11123187959640476,0.1633214472337499,,
nurse,population,0.11171326792219119,0.099738118322439,,
wire,population,0.11179230637666973,0.19018176395260522,,
gun,population,0.11252892338743754,0.16158420539650298,,
grip,population,0.11416777612253812,0.1839478598500661,,
request,population,0.11485681897776918,0.07646677480070035,,
image,population,0.11544236913099828,0.23922156552957724,,
floor,population,0.11550618317096702,0.1157593500103764,,
blister,population,0.11577070379248494,0.11375066291220326,,
strength,population,0.11647722804430538,NA,Model convergence problem; non-positive-definite Hessian matrix. See vignette('troubleshooting'),
bay,population,0.11754347034062992,0.4222233995922779,,
gap,population,0.1180816172999043,0.30146040753796916,,
response,population,0.11831491407162686,NA,,"Model convergence problem; non-positive-definite Hessian matrix. See vignette('troubleshooting');Model convergence problem; singular convergence (7). See vignette('troubleshooting'), help('diagnose')"
entrance,population,0.11853292093195593,0.13669113311815406,,
thirst,population,0.11854120996109996,0.1433542056233006,,
pop,population,0.11858108139553931,0.2898741790709479,,
guide,population,0.11870666662789714,0.05963551253852335,,
shame,population,0.11881823193496109,0.05974573725520383,,
police,population,0.11886095095718492,0.29247809367085387,"Model convergence problem; singular convergence (7). See vignette('troubleshooting'), help('diagnose')",
match,population,0.11890188748295412,0.030191354630857946,,
shin,population,0.11907738987518361,0.22836960114087562,,
whip,population,0.11918091380186034,0.09232885168513355,,
ship,population,0.1198553712047394,0.3134584412249568,,
crow,population,0.12024159032365518,0.08370681218106511,,
sway,population,0.12027811515690949,0.10575854557247984,,
size,population,0.12081063587331599,0.03224488130620693,,
murder,population,0.12101177929032171,0.1196653689430506,,
feast,population,0.12149613834258538,0.2533673950315146,,
temple,population,0.12172497610619938,0.29879046083601585,,
tribe,population,0.12217449332466736,0.32672331610682587,,
midday,population,0.1223018993810551,0.2282599223866635,,
relation,population,0.12288524072192783,0.07341090558675625,,
bill,population,0.12336278673616358,0.21966786729476492,,
sickness,population,0.12357394909831022,0.13762646744532592,,
fold,population,0.12413103231060967,0.0452064821399661,,
hunger,population,0.1241917397477822,0.08361615840566325,,
offspring,population,0.12465386594517407,0.08373521140045874,,
meeting,population,0.12490396987709969,0.10949901976401326,,
extent,population,0.12539143227946004,0.14856942913729299,,
love,population,0.12559525941889768,0.015394714587214703,,
gift,population,0.12583971069971928,0.08243948652322414,,
march,population,0.12610222717019293,0.08596701996042182,,
news,population,0.1262308272678079,0.039320411854022935,,
answer,population,0.12658700342809326,0.02748730762585859,,
ladder,population,0.12700081357326182,0.03776513002291471,,
hem,population,0.12713171597718934,0.19410931541220536,,
praise,population,0.12757999368712575,0.1069537545451721,,
weight,population,0.1277078685062142,0.009941287243443571,,
stake,population,0.12784453365971984,NA,Model convergence problem; non-positive-definite Hessian matrix. See vignette('troubleshooting'),
existence,population,0.12811969094388007,0.21163178894315976,,
mixture,population,0.12944872103191424,0.08896625474246622,,
supply,population,0.12954950633716494,0.11048778034274559,,
peak,population,0.12989485619655577,0.15220699652530845,,
soap,population,0.13007082446933754,0.05063635996810435,,
lamp,population,0.1312310720407876,0.11366749122473664,,
band,population,0.13167491269846238,0.07527314027271494,,
company,population,0.13221775690122317,0.12118074197621785,,
job,population,0.13328102447570414,0.11635188582589973,,
herd,population,0.1332870934970271,0.15823887704378048,,
pork,population,0.135451912947238,0.3236231821080104,,
arrival,population,0.13546233319828552,0.11628936058896122,,
attack,population,0.13548985467037714,0.01912219983137872,,
mount,population,0.13571617865957333,0.09106821713497894,,
beam,population,0.1359494144655198,0.13388077420477187,,
success,population,0.13648605658489588,0.14181575401751767,,
contrary,population,0.13708725006441433,NA,Model convergence problem; non-positive-definite Hessian matrix. See vignette('troubleshooting'),
descendant,population,0.13724607537465994,0.1606444811359484,,
basin,population,0.1380314172849354,0.1517085709631259,,
candle,population,0.13820583547118742,0.1796305006929286,,
depth,population,0.13867305813838773,0.09751948095848319,,
tick,population,0.1387111137266215,0.15992244695469632,,
skill,population,0.1387192167142193,0.1276087890267979,,
history,population,0.1389405174603,0.14661277916706353,,
vegetable,population,0.13901735893645864,0.12725763265878043,,
preparation,population,0.13940135796311062,0.10133918100108202,,
force,population,0.13997874842942346,0.018290466167005526,,
chicken,population,0.14014450169831802,0.19190590448090067,,
metal,population,0.14024922868046197,0.09509104214832577,,
bracelet,population,0.140410912584822,0.16110942771230302,,
honey,population,0.14079503567062876,0.07571685570937853,,
command,population,0.1408910404100265,NA,Model convergence problem; non-positive-definite Hessian matrix. See vignette('troubleshooting'),Model convergence problem; non-positive-definite Hessian matrix. See vignette('troubleshooting')
cure,population,0.14110843832876327,0.05646190107389184,,
project,population,0.1420327958740156,0.1239804361535227,,"Model convergence problem; singular convergence (7). See vignette('troubleshooting'), help('diagnose')"
butter,population,0.14310769305199986,0.1439244346278888,,
fist,population,0.14329329276918423,0.02110039585544856,,
trumpet,population,0.14382962142104633,0.15434069693490646,,
truth,population,0.14423343089827137,0.02094822377369023,,
belief,population,0.14469128332524947,0.1427933963380955,,
circumstance,population,0.1453049975367299,NA,"Model convergence problem; non-positive-definite Hessian matrix. See vignette('troubleshooting');Model convergence problem; singular convergence (7). See vignette('troubleshooting'), help('diagnose')",
scream,population,0.1454470379235499,0.06520152079585155,,
ride,population,0.14548949955677828,0.08629909046320443,,
region,population,0.1455056292663755,0.1605075854633965,,
ward,population,0.14575472644972556,0.17009809789639396,,
plate,population,0.14584276164855273,0.03332699851321802,,
paw,population,0.14665568483281707,0.14840069943205894,,
onion,population,0.1467825524632381,0.07591341847118054,,
passage,population,0.14702535915919615,0.1019014645577134,,
lion,population,0.14740456339252062,0.17798094895054714,,
sip,population,0.14742947213467672,NA,"Model convergence problem; non-positive-definite Hessian matrix. See vignette('troubleshooting');Model convergence problem; singular convergence (7). See vignette('troubleshooting'), help('diagnose')",Model convergence problem; non-positive-definite Hessian matrix. See vignette('troubleshooting')
portion,population,0.1476485564919905,0.07533706382872125,,
drain,population,0.1484058159652954,0.07983644877527725,,
kite,population,0.14868180769412204,0.2657885462248958,,
worker,population,0.14958268407866104,0.0480308939799648,,
trouser,population,0.1499599169364124,0.08712376021981333,,
dough,population,0.15072019359803993,0.1346770107122538,,
chick,population,0.15108261004627088,0.10263188409703182,,
flour,population,0.1511631778497052,0.05990474821565683,,
effort,population,0.15151693798770763,0.06522427432431464,,
influence,population,0.15155543965572035,0.13329245419932162,,
fever,population,0.15234183303911367,0.032577356911169114,,
visitor,population,0.1532353237416098,0.07411269258183241,,
perfume,population,0.153305201348689,0.13447194521987485,,
author,population,0.15335870108461294,0.11480823092109353,,
wall,population,0.1534946116088166,0.006808528330023635,,
stamp,population,0.1540142189804176,0.01850600583500068,,
money,population,0.15433816774111808,0.010626487893236242,,
wrinkle,population,0.1558565621722403,0.08247539764190173,,
aim,population,0.15588734407631125,0.04033668540805499,,
nod,population,0.1561894463846884,NA,,"Model convergence problem; non-positive-definite Hessian matrix. See vignette('troubleshooting');Model convergence problem; singular convergence (7). See vignette('troubleshooting'), help('diagnose')"
rash,population,0.15803211133087317,0.026319925158805022,,"Model convergence problem; singular convergence (7). See vignette('troubleshooting'), help('diagnose')"
butt,population,0.15867296067678213,0.03393009526553285,,
stranger,population,0.15932843927498452,0.04541717846808821,,
pond,population,0.1605268448897176,0.04393496102534034,,
abuse,population,0.16149115459815222,0.11444098932052406,,
bee,population,0.16166970465187658,0.07511950126151574,,
singer,population,0.162161987145497,0.0989598276865258,,
teacher,population,0.16275820816451853,NA,,Model convergence problem; non-positive-definite Hessian matrix. See vignette('troubleshooting')
repair,population,0.1642828333761997,0.033768958696519455,,
barrel,population,0.1648885393676931,0.08833240138585739,,
ceremony,population,0.16568550203522442,0.13760467646757446,,
creep,population,0.16595961917996,0.03741551299517911,,
quality,population,0.16739511681403796,0.04799156366809973,,
sheet,population,0.16761392342536638,NA,,Model convergence problem; non-positive-definite Hessian matrix. See vignette('troubleshooting')
issue,population,0.1677529653194357,0.13107677175713076,,
silver,population,0.16786472644768075,0.06397013091168817,,
instruction,population,0.16837939033219676,NA,,Model convergence problem; non-positive-definite Hessian matrix. See vignette('troubleshooting')
dung,population,0.16868577507259044,0.09945435327729647,,
bamboo,population,0.16889093004434966,0.23529133630083968,,
arrangement,population,0.16903130189740645,NA,Model convergence problem; non-positive-definite Hessian matrix. See vignette('troubleshooting'),
grape,population,0.1700873789239673,0.09184744703549244,,
wedge,population,0.1705724150813439,0.08177433065085596,,
choice,population,0.17069732301091303,0.038362516509310454,,
flavor,population,0.1716902081712013,0.08431259713921554,,
sheep,population,0.17185366107057654,0.05400097014623156,,
glance,population,0.17237270829526344,0.042437148094255486,,
angle,population,0.17450854656456619,0.04599859278596056,,
tradition,population,0.1756305716884136,0.030384295509984244,"Model convergence problem; singular convergence (7). See vignette('troubleshooting'), help('diagnose')","Model convergence problem; singular convergence (7). See vignette('troubleshooting'), help('diagnose')"
gossip,population,0.1759318272163006,0.017107171542621858,,
regret,population,0.1762292337878725,0.05743864850670305,,
shower,population,0.17683876276450483,NA,Model convergence problem; non-positive-definite Hessian matrix. See vignette('troubleshooting'),
dam,population,0.17707076753587897,0.09699938546745232,,
umbrella,population,0.1770714834251612,0.028229271921190624,,
cricket,population,0.1774316802036946,0.032789391449640305,,
contribution,population,0.17771792150196683,0.03770836858845207,,
hut,population,0.17910711198581494,0.12717600172607219,,
rot,population,0.1792909481272763,0.0438858052812481,,
curse,population,0.17988720748479056,NA,Model convergence problem; non-positive-definite Hessian matrix. See vignette('troubleshooting'),
pot,population,0.18089531622258034,0.033415254259549325,,
doctor,population,0.18121417460976896,0.04386384599007191,,
row,population,0.18128082764620912,NA,Model convergence problem; non-positive-definite Hessian matrix. See vignette('troubleshooting'),
enemy,population,0.18246684784143788,0.019010299049933167,,
chain,population,0.18292838609898784,0.0031017439423996593,,
leather,population,0.18297226180968254,0.028507279808340422,,
promise,population,0.183108806282557,NA,Model convergence problem; non-positive-definite Hessian matrix. See vignette('troubleshooting'),
mercy,population,0.18322310327291752,0.07795105736243846,,
seat,population,0.1835016351838514,0.0016003169021590947,,
leap,population,0.18355873703193712,0.05090448766431575,,
rush,population,0.18448549580009116,0.029814729682346892,,
experience,population,0.18469364270296554,0.01042854533489337,,
minute,population,0.18565536442702416,0.015997186874749957,,
ink,population,0.18699958917149054,0.06155726061015439,,
society,population,0.18750170910686328,0.11075696592028507,,
peace,population,0.18914432966984102,0.020844482333425587,,
permission,population,0.18930711475075804,0.003501922227121211,,
copper,population,0.18992321388465846,0.07247449744833448,,
expert,population,0.1904092346388804,NA,Model convergence problem; non-positive-definite Hessian matrix. See vignette('troubleshooting'),
weed,population,0.1906034584649504,0.012696069681647184,,
pod,population,0.1907117157021409,NA,Model convergence problem; non-positive-definite Hessian matrix. See vignette('troubleshooting'),
sieve,population,0.1908661050162967,0.06300733138858387,,
blossom,population,0.19096933457402787,0.05324580833605666,,
stalk,population,0.1915717276187126,0.009715044465521131,,
trade,population,0.19180380217238435,0.017589123914075678,,
powder,population,0.1925457498262902,0.004233177927647724,,
heap,population,0.19341585297944672,0.023587701338875607,,
tale,population,0.19401238285961778,0.07237787956197925,,
flute,population,0.19566908307542116,0.04707556203973874,,
practice,population,0.19621233443865593,NA,Model convergence problem; non-positive-definite Hessian matrix. See vignette('troubleshooting'),
age,population,0.19706145595614485,2.862702172298563e-5,,
box,population,0.19756855809011398,0.0011436691150928286,,
understanding,population,0.19761114691848788,0.011995559976777693,,
tag,population,0.1976974336594903,NA,Model convergence problem; non-positive-definite Hessian matrix. See vignette('troubleshooting'),
noon,population,0.19829919776383675,0.011218078547059822,,
plan,population,0.19836375941100542,NA,,Model convergence problem; non-positive-definite Hessian matrix. See vignette('troubleshooting')
soldier,population,0.19874662727077944,0.004786872612668718,,
steel,population,0.19902832660125683,0.06256104809745122,,
share,population,0.19912340824074737,5.575580597444852e-4,,
rule,population,0.19916481610968767,0.013630939415155767,,
assistance,population,0.19932324342132365,NA,Model convergence problem; non-positive-definite Hessian matrix. See vignette('troubleshooting'),
timber,population,0.19946090050038442,0.09876830958771517,,
bell,population,0.20057311580430207,0.0028061960605009983,,
soul,population,0.20059901214527995,0.024713632040135585,,
task,population,0.20136540206400655,0.022621828321348167,,
harm,population,0.20154506369450767,0.012501886890051677,,
luck,population,0.2016941493280127,0.02453140152529047,,
burden,population,0.20175010387074307,0.017684050075717755,,
comfort,population,0.2017776016982177,0.055203950995713,,
cement,population,0.20236633055437234,0.06184712484634279,,
strand,population,0.20377399556022782,0.05491128385832846,,
lump,population,0.20385307048853896,0.014800937680659484,,
drizzle,population,0.20419394761772602,0.015269063963032898,,
service,population,0.20433955393581865,0.015202312002404381,,
wool,population,0.20489509190851748,0.05442426753207695,,
youth,population,0.20491718822563726,0.01616990422462867,,
effect,population,0.20492130880080137,0.009066083755513644,"failed to invert Hessian from numDeriv::jacobian(), falling back to internal vcov estimate",
hour,population,0.20592555483423305,NA,Model convergence problem; non-positive-definite Hessian matrix. See vignette('troubleshooting'),
conversation,population,0.20660541991724998,0.002058994995646111,,
dot,population,0.20673891069878733,0.06977545011025492,,
window,population,0.20694020681247272,0.003213682044139558,,
brand,population,0.2071244478886968,0.02086828386588406,,
increase,population,0.20775190143484298,0.001996787874069321,,
explanation,population,0.20827406344490323,0.004305706383958962,,
sheath,population,0.20831724135887777,0.01310443790064195,,
rag,population,0.20896084048521363,0.015503588703111065,,
clock,population,0.20929874212610908,0.03297302838434931,,
heaven,population,0.20948357897733325,0.0074837773738937255,,
fashion,population,0.21028876452738043,0.00829602118269401,"Model convergence problem; singular convergence (7). See vignette('troubleshooting'), help('diagnose')","Model convergence problem; singular convergence (7). See vignette('troubleshooting'), help('diagnose')"
agreement,population,0.21053959634475256,0.006547859877659365,,
thread,population,0.21137457208222393,0.001886053089720853,,
enclosure,population,0.2122034274251943,0.04641123105322599,,
bible,population,0.21237464512974213,0.09515656838084695,,
report,population,0.2130696536907175,NA,Model convergence problem; non-positive-definite Hessian matrix. See vignette('troubleshooting'),
ability,population,0.21374711927718162,0.015007975940270032,,
owner,population,0.21383167187103647,0.007787418684869757,,
wax,population,0.215150939871804,0.011788415509265862,,
intention,population,0.21544235350841842,0.013269315775905174,,
pat,population,0.2163788918716709,0.09105767696383128,,
bench,population,0.21641849267133645,0.03501802493104601,,
stroke,population,0.2169427760977626,0.020774995667585294,,
rod,population,0.2177895804366329,0.04534182279097557,,
moment,population,0.21810570240400637,0.01587410068340317,,
crowd,population,0.21836682354761242,0.004222576445987315,,
marriage,population,0.2187369210394251,3.9927658641562006e-4,,
date,population,0.2195189988923191,0.004697957529180609,,
wisdom,population,0.22007894428758853,0.04348675833446155,,
transport,population,0.22008861305129915,NA,,"Model convergence problem; non-positive-definite Hessian matrix. See vignette('troubleshooting');Model convergence problem; singular convergence (7). See vignette('troubleshooting'), help('diagnose')"
coat,population,0.22057598354303534,0.023703603221299146,,
urge,population,0.2211459615930609,0.02041672101474209,,
trick,population,0.2221392922758382,0.0027359131996322105,,
control,population,0.22351236605570318,0.0029310838360947986,,
perspiration,population,0.2236388229557415,NA,Model convergence problem; non-positive-definite Hessian matrix. See vignette('troubleshooting'),
affection,population,0.22497645442477945,0.011287358127384082,,
trim,population,0.2257735235419906,NA,"Model convergence problem; non-positive-definite Hessian matrix. See vignette('troubleshooting');Model convergence problem; singular convergence (7). See vignette('troubleshooting'), help('diagnose')","Model convergence problem; non-positive-definite Hessian matrix. See vignette('troubleshooting');Model convergence problem; singular convergence (7). See vignette('troubleshooting'), help('diagnose')"
guard,population,0.22698261956776128,4.456208492787967e-5,,
book,population,0.2274246909512632,NA,Model convergence problem; non-positive-definite Hessian matrix. See vignette('troubleshooting'),
pepper,population,0.2280610731690859,0.02261116596356901,,
claim,population,0.22831277867438746,0.026799173150026903,,
player,population,0.22925141482865757,0.031046235194751193,,
goodness,population,0.22935605870766473,NA,Model convergence problem; non-positive-definite Hessian matrix. See vignette('troubleshooting'),
learning,population,0.22941991512157434,7.007014561012911e-4,,
card,population,0.22945544790912378,0.04424329074614598,,
lady,population,0.2303846820122585,0.04604574948358053,,
pumpkin,population,0.23051996559471685,0.040653502343933653,,
ram,population,0.23110849013958637,0.10961642133936196,,
ring,population,0.2312448331425166,1.2959028908921688e-06,,
student,population,0.23190227909916694,NA,Model convergence problem; non-positive-definite Hessian matrix. See vignette('troubleshooting'),
agent,population,0.23364088181344386,0.032551952571470436,,
roar,population,0.23379116209479364,NA,Model convergence problem; non-positive-definite Hessian matrix. See vignette('troubleshooting'),Model convergence problem; non-positive-definite Hessian matrix. See vignette('troubleshooting')
neighbor,population,0.2338493468944751,0.009582387581024001,,
benefit,population,0.2341333505946231,0.013586042103781608,,
instrument,population,0.2345857395457803,0.0014070597481124015,,
struggle,population,0.23465114987407773,0.017519334407828515,,
health,population,0.23488826696667978,1.4571983709285732e-4,"Model convergence problem; singular convergence (7). See vignette('troubleshooting'), help('diagnose')",
spade,population,0.2353859201863232,0.014977229452663445,,
excuse,population,0.23628881224251347,0.007224501431170969,,
display,population,0.23674582259097138,0.02654759002898345,,
prick,population,0.23688586083420862,0.0032009756866129228,,
staff,population,0.2374006957113642,0.03803815833399477,,
width,population,0.23842392995204198,0.005960568202707343,,
memory,population,0.2388858998083371,0.006185973691322887,,
interest,population,0.23912784146498609,7.078606468972675e-4,,
quarter,population,0.2402674465396862,0.003837193376830878,,
trace,population,0.24052191354801847,0.005631527305704709,,
handful,population,0.24124273259362794,0.015654903561368533,,
bolt,population,0.2422780725132948,0.0062065188545669045,,
dye,population,0.24269209970946945,9.85120343530182e-4,,
division,population,0.24285813667754252,0.0031427058018080605,,
crocodile,population,0.24347134155240296,0.06645675422563102,,
grant,population,0.24446928209546137,0.01319442690885745,,
polish,population,0.24451782492358193,0.0032944147111254223,,
party,population,0.24501786664718977,0.0031864623627973258,,
advice,population,0.24532158670902549,3.7542346385701134e-4,,
stack,population,0.24537557282182396,0.02375384601714227,,
guest,population,0.24545515098036205,0.021926488548168477,,
opportunity,population,0.24592650019118945,0.002246962624608767,,
household,population,0.24608390175118341,0.023755831714236057,,
exercise,population,0.24641292441548202,0.03872615681258635,,
yard,population,0.24676322102924975,0.004807686198499297,,
soot,population,0.2475357687501482,0.0013706205788894794,,
firm,population,0.2480379383305332,0.0019419062548230977,,
importance,population,0.24812619700239955,NA,"Model convergence problem; non-positive-definite Hessian matrix. See vignette('troubleshooting');Model convergence problem; singular convergence (7). See vignette('troubleshooting'), help('diagnose')","Model convergence problem; singular convergence (7). See vignette('troubleshooting'), help('diagnose')"
shock,population,0.24833583681868235,0.013906542368744492,,
fowl,population,0.24889032978629239,0.01783478420101503,,
account,population,0.24942253329177533,0.003961712080990065,,
vessel,population,0.25004246761420207,0.02239735679346238,,
cow,population,0.25024133865601705,0.001257988965532562,,
difficulty,population,0.2503164788911753,4.444250252152963e-4,,
hum,population,0.2513888749636538,0.02997788355062919,,
plank,population,0.252025374004106,0.010322689678211544,,
protection,population,0.2522156647089329,0.004398163698619635,,
office,population,0.2523082972404252,0.007252155163545491,,
harvest,population,0.2523761164750349,0.0034024830437248857,,
flight,population,0.253016585375699,0.0016809739947190136,,
extract,population,0.2532284277927939,NA,Model convergence problem; non-positive-definite Hessian matrix. See vignette('troubleshooting'),
lover,population,0.2545118447936905,0.017208663846681026,,
smear,population,0.2556546001101377,0.007873825445802608,,
lid,population,0.2566850766978693,7.77970659234183e-5,,
queen,population,0.25690391225671805,0.003737423855438146,,
funeral,population,0.2584558086746461,0.0430498561988576,,
burial,population,0.25862110513276193,0.001609831925706322,,
country,population,0.2602070470042827,0.0014172283366167087,,
consequence,population,0.2606711181455283,0.016115796313837253,,
laughter,population,0.26102001586933066,2.559853404239281e-4,,
cloth,population,0.26174189575198914,1.113170385826285e-4,,
witness,population,0.2638015681983816,0.0019442376362783795,,
confusion,population,0.26474589968466333,0.024547354808928896,,
bud,population,0.2650247474658053,NA,Model convergence problem; non-positive-definite Hessian matrix. See vignette('troubleshooting'),
concern,population,0.26648477329494596,0.0028154757050657298,,
pen,population,0.26693875676877654,0.0180318021530271,,
corn,population,0.26790357684362454,0.015571678267603611,,
parrot,population,0.2680096545723038,0.01408436465318682,,
rice,population,0.2687577114074319,0.05426665873589309,,
dwarf,population,0.26887200514794446,0.0019144803532367468,,
opinion,population,0.26899153725854497,0.00464654305164836,,
pad,population,0.27001591848647155,0.013808106313429734,,
habit,population,0.2704129850911304,7.959604788475472e-4,,
hell,population,0.270685424471616,0.0060219826301751885,,
angel,population,0.27068723736782363,0.00727582757534616,,
goat,population,0.2708015293198902,0.003299296231817363,,
reply,population,0.2712933881138195,0.006433045707215192,,
span,population,0.27133274778960115,0.027402212553469505,,
tin,population,0.27141013420441423,0.012829105061695524,"Model convergence problem; singular convergence (7). See vignette('troubleshooting'), help('diagnose')",
ban,population,0.27247186978660765,0.14006350095317707,,
desire,population,0.2725900135745015,5.567409940601434e-5,,
sorrow,population,0.2727995635573895,0.0034515754981548972,,
danger,population,0.2744116856912313,7.937579947411865e-4,,
patient,population,0.27442679100795997,0.002245905455564827,,
border,population,0.27523326159221767,NA,"Model convergence problem; non-positive-definite Hessian matrix. See vignette('troubleshooting');Model convergence problem; singular convergence (7). See vignette('troubleshooting'), help('diagnose')",
misfortune,population,0.27653790144301627,0.002157687478105402,,
ease,population,0.27685758304872055,0.003638893325029157,,
evil,population,0.27749456473533923,3.9075165659417524e-4,,
pace,population,0.2777268374430135,0.0029575647305690655,,
iron,population,0.2782494847011826,1.0175422632052603e-5,,
honor,population,0.27856038466224836,0.002334707060353274,,
arrest,population,0.2787484989977052,0.001712573849752155,,
value,population,0.2795067487895761,5.469531029101756e-5,,
bar,population,0.28158858750782856,0.0010813227204586467,,
journey,population,0.28180534215687836,0.0029592965930994764,,
spy,population,0.2819165684314775,7.271530039436441e-5,,
grief,population,0.2823625235080475,0.01493902168169105,,
organ,population,0.2832443071582109,NA,Model convergence problem; non-positive-definite Hessian matrix. See vignette('troubleshooting'),
bull,population,0.2835275172384931,5.583631913795528e-4,,
god,population,0.2835729181671618,0.0018453608496585725,,
waste,population,0.28374999013592217,1.6254298642239272e-4,,
plot,population,0.2840319345521497,0.002242926809457396,,
rite,population,0.28435097915322577,0.0887134109849395,,
pleasure,population,0.28527247711672044,0.004331748870094558,,
fool,population,0.2862368792664823,7.279476800194865e-4,,
custom,population,0.286631602838845,8.284730157709655e-5,,
bowel,population,0.287088685243389,6.699011224184965e-4,"Model convergence problem; singular convergence (7). See vignette('troubleshooting'), help('diagnose')",
occasion,population,0.2873433854228244,2.1335747502615392e-4,,
pupil,population,0.2891882631428575,NA,Model convergence problem; non-positive-definite Hessian matrix. See vignette('troubleshooting'),
affair,population,0.29040797552465547,0.009629570634444855,,
mood,population,0.291123635071789,0.011328787850235826,,
master,population,0.2922545039656365,NA,,Model convergence problem; non-positive-definite Hessian matrix. See vignette('troubleshooting')
reed,population,0.2929857286095486,0.013365854914039185,,
bean,population,0.2945763284854484,0.001959521961236131,,
wheel,population,0.29483787727698774,1.1102891916078765e-4,,
prayer,population,0.2959463102991474,0.0015532756881299942,,
divorce,population,0.2970157743416512,NA,Model convergence problem; non-positive-definite Hessian matrix. See vignette('troubleshooting'),
law,population,0.2977862804941576,3.9656428858615933e-4,,
bang,population,0.2980728021655844,0.026293237479572486,,
government,population,0.29833128609738674,0.0016109982898956622,,
defeat,population,0.29885543672475584,0.006371174691487376,,
adultery,population,0.2992468329890253,6.022459019175754e-4,,
fortune,population,0.3001184592678974,0.0017411870026790316,,
obligation,population,0.3006430572575033,0.016526532321381848,,
dispute,population,0.3012185199743728,0.005748263047183173,,
quantity,population,0.3013869311840738,5.642279112502343e-4,,
contract,population,0.30335143417267285,3.2980314724896355e-4,,
officer,population,0.3036964933662016,0.002583028896642431,,
room,population,0.3041781068155433,4.540818332215915e-6,,
property,population,0.30657002877002687,8.530769946344981e-5,,
foreigner,population,0.30874851320071695,0.0010050872219190866,,
hen,population,0.30898727257692676,3.077169903421331e-4,,
nation,population,0.31046773455292864,0.006049726195767362,,
lime,population,0.31053896745655674,0.010373164471546617,,
silence,population,0.31126618132815664,5.249857217397908e-4,,
sake,population,0.3130019937237332,0.009805900520251872,,
thief,population,0.31335803326438444,3.0923468656404105e-5,,
music,population,0.3142857879596439,0.0010676742939778252,,
payment,population,0.3145083266761545,0.0013699769029328786,,
alphabet,population,0.31465838676202856,0.0025521108520846964,,
print,population,0.31516854782105197,0.0011030080760551164,,
companion,population,0.31575544215765294,6.333557773720582e-4,,
prisoner,population,0.31604441400664596,3.043227357593476e-4,,
flag,population,0.31796945933005544,6.325259807717803e-4,,
bachelor,population,0.31842953411809505,0.002201085743152482,,
tube,population,0.3186744615836123,0.004542975545914212,"Model convergence problem; singular convergence (7). See vignette('troubleshooting'), help('diagnose')",
plow,population,0.3192599909678318,0.001955367287824015,,
elephant,population,0.3206967500479483,0.0018230551361504217,,
residence,population,0.3208138770736146,8.787675264003184e-4,,
loss,population,0.32388688560475115,5.076239831507841e-4,,
thrust,population,0.32404249587020517,0.0031553117616351634,,
happiness,population,0.3255534966298402,8.994334418467106e-4,,
kitchen,population,0.3265448379996534,0.0016929256984218358,,
train,population,0.32727816716425545,9.50381480496537e-5,,
garment,population,0.3280477104934162,0.0023068529080793737,,
tune,population,0.328776568729255,0.003294144948848574,,
quarrel,population,0.3306374405481976,1.6583706661332007e-5,,
bath,population,0.33476324031770666,4.0316333881598406e-4,,
rim,population,0.3349326567931931,5.507265906835916e-4,,
kernel,population,0.33539322110613823,0.005245536740238586,,
hoe,population,0.3392295482305668,0.007508233090972147,,
faith,population,0.3395134021493573,6.685588039462955e-4,,
wine,population,0.34219745715038835,0.008932801631844602,,
wealth,population,0.34374712355208853,1.896997750525272e-4,,
substitute,population,0.344853850996046,3.8529311089963175e-4,,
judge,population,0.3450415942147399,2.8844106523145035e-5,,
wage,population,0.34515544245580104,1.605070487508382e-4,,
envy,population,0.3452700978058417,1.1145415686939691e-4,,
crop,population,0.3489271432265992,6.284316622643394e-4,,
trouble,population,0.34964047407238197,1.4027932815318543e-6,,
machine,population,0.35055320094259906,8.382831706441909e-4,,
king,population,0.35225771182491483,4.92047053212918e-4,,
ditch,population,0.35247973848016084,1.326600961101026e-4,,
prison,population,0.35468723064232194,5.834106063063598e-5,,
monkey,population,0.355507754765767,0.005182051886932659,,
bride,population,0.35790882826276776,0.0042021278811849565,,
punishment,population,0.3579775641271493,3.324921045571468e-5,,
sale,population,0.360169949646913,1.5561870972463475e-4,,
aid,population,0.3612225381519496,2.0992031065054464e-05,,
battle,population,0.3625168939890221,4.724267842000655e-4,,
carpenter,population,0.36296854984575905,6.201142295006827e-5,,
oath,population,0.367023205276336,8.552439721437237e-4,,
omen,population,0.36785160146770496,0.0010031494331484284,,
price,population,0.37088111778471405,2.656083806342726e-7,,
straw,population,0.372848886683546,5.262863365123021e-4,,
horse,population,0.3736023787535269,2.243027341596832e-4,,
labor,population,0.3738797543667528,1.0382792188794096e-5,,
responsibility,population,0.3763051761093999,5.600940165045466e-4,,
priest,population,0.3779932180658053,5.733020922452397e-4,,
joy,population,0.3801649992721438,2.4039222388957964e-4,,
mold,population,0.38075575878528145,1.0567324335746456e-6,,
shop,population,0.3826943391719852,1.6311272105150936e-4,,
suit,population,0.3861106654963542,1.9373686333435435e-4,,
reward,population,0.3864761255512856,1.2451664705305724e-4,,
rumor,population,0.38669572163517074,6.358177221396684e-5,,
shrub,population,0.38843279038102807,0.001709661174505625,,
stool,population,0.3905887561406119,2.1223471797244734e-4,,
delay,population,0.3906358522430634,8.841366155115124e-6,,
beauty,population,0.39133208782969636,3.218697106829351e-5,,
gold,population,0.39311256653229426,8.41919611164527e-6,,
disease,population,0.39994396491755224,3.407585920193932e-9,,
decision,population,0.40040277166744126,9.432976343316388e-6,,
chance,population,0.4007661562110231,2.2542189888509905e-6,,
deed,population,0.40284697359946736,6.057138654274823e-4,,
sword,population,0.4054625865803205,8.599605662426556e-5,,
slave,population,0.40626143869030007,5.3573085225311126e-5,,
fault,population,0.40992969815696745,3.143430688064747e-6,,
ruler,population,0.4133940018608978,7.252031927551388e-4,,
paste,population,0.4150685412407963,0.0023603671380460437,,
title,population,0.41599592516224454,0.001120938449917744,,
cattle,population,0.41869393820040973,4.6065524502965705e-5,,
tone,population,0.4229817014637661,0.021159171843743864,,
loop,population,0.4239822592703431,3.075698246545538e-4,,
deposit,population,0.42701482413183156,7.1612127153555105e-6,,
town,population,0.4288107244451525,2.2768462515322424e-5,,
city,population,0.4293611111544196,3.436399396999565e-5,,
advantage,population,0.4308408518653771,1.4466916724977042e-5,,
coin,population,0.4313378746218442,2.775942801542128e-6,,
neglect,population,0.4345999261039329,9.886498240154771e-6,,
gate,population,0.4351469990022985,3.2166631407838574e-5,,
authority,population,0.4380950522586286,4.27073802248301e-6,,
street,population,0.43922707118944526,1.2133842338634926e-4,,
friendship,population,0.44330909560914467,NA,Model convergence problem; non-positive-definite Hessian matrix. See vignette('troubleshooting'),
servant,population,0.44714730449879614,2.0345590993625034e-6,,
court,population,0.44916875118048216,1.0044863493287076e-7,,
sin,population,0.44945427755741063,NA,Model convergence problem; non-positive-definite Hessian matrix. See vignette('troubleshooting'),
lord,population,0.45181144065419787,2.741688675869158e-4,,
trust,population,0.4528997452220158,2.2805192365233355e-7,,
balance,population,0.45637684004788864,5.336394527860616e-7,,
rank,population,0.4672711148318186,2.2493560005805738e-5,,
religion,population,0.46910732557044804,1.2321576729946337e-6,,
progress,population,0.46966293508370577,1.1165456415840866e-7,"Model convergence problem; singular convergence (7). See vignette('troubleshooting'), help('diagnose')",
jar,population,0.47183866001443886,8.431980500317818e-5,,
patience,population,0.47338908396367574,3.423135920412481e-6,,
worship,population,0.47471509679273244,2.0280395791045903e-4,,
limit,population,0.47926781952529507,1.1802613475787656e-6,"Model convergence problem; singular convergence (7). See vignette('troubleshooting'), help('diagnose')",
demand,population,0.4823205356051282,5.781117040824397e-6,,
sum,population,0.48307552134139475,6.934731406231659e-4,,
judgment,population,0.4836482803857741,1.2243840596104136e-4,,
temper,population,0.4919920837028413,1.368223635660304e-6,,
wedding,population,0.4926135439473462,0.0016117220137538604,,
district,population,0.49335276203535133,3.3062189843518185e-4,,
duty,population,0.4937125198561752,1.3668823674126148e-6,,
cotton,population,0.5124401280380502,1.4320746448107883e-7,,
cake,population,0.5283994387672962,2.8634757620734798e-8,,
ulcer,population,0.5284900751596959,7.1808161102962355e-6,,
grain,population,0.5325169104300155,3.371121828306981e-7,,
army,population,0.5501069609142034,3.995147500079778e-5,,
debt,population,0.5541927931702246,NA,Model convergence problem; non-positive-definite Hessian matrix. See vignette('troubleshooting'),
cost,population,0.5634248966469522,4.379765934174782e-10,,
business,population,0.5701291166665234,4.197577398546735e-12,,
tax,population,0.5809939155544257,3.757562715183116e-8,,
conduct,population,0.5902593563557151,2.4951837170420513e-7,,
charm,population,0.6018285878785461,7.31515024513815e-7,,
cock,population,0.6040175969754538,1.964335499362714e-9,,
mill,population,0.6313543085085902,5.019159435223366e-9,,
sacrifice,population,0.6518484919930491,3.2669325577233185e-6,,
market,population,0.696037573680716,3.8637590145355936e-8,,
herb,population,0.765005043575381,1.7679990367378048e-14,,
berry,subsistence,-1.5111338334378122,5.693467118719298e-8,,
camp,subsistence,-1.3001126960784624,2.6620962825800386e-6,,
text,subsistence,-1.1592891368728664,0.0029589035053244088,,
entry,subsistence,-1.1276985285441927,0.012709675973482479,,
snow,subsistence,-1.0757714550515949,0.004773746646407924,,
variant,subsistence,-0.9858152186830916,0.02489249474550426,,
brother-in-law,subsistence,-0.9366970460507267,0.014724340131540932,,
shore,subsistence,-0.9310009274046664,6.188531126218593e-4,,
canoe,subsistence,-0.9221945025923994,0.08761553280145008,,
spear,subsistence,-0.9158215855554633,3.2947301613701354e-4,,
hunter,subsistence,-0.8948995617926617,1.234204297079797e-4,,
seal,subsistence,-0.8771671311034818,0.010758435046047614,,
winter,subsistence,-0.8467936991111976,0.006433638550463155,,
arrow,subsistence,-0.8215329866635828,0.002235336281536153,,
backbone,subsistence,-0.8028375451547786,5.1290100998611935e-6,,
south,subsistence,-0.8007182511303423,6.200153821482927e-4,,
desert,subsistence,-0.7711660952961404,0.004932321831820051,,
ocean,subsistence,-0.7493321627057226,0.0030227073481766116,,
one,subsistence,-0.7338544741884129,9.654859834179248e-4,,
information,subsistence,-0.722521939803132,2.0088471645377033e-4,,
contrast,subsistence,-0.7179801644703114,0.004222531628132323,,
hunting,subsistence,-0.7049414902646891,0.0025407030011619968,,
rock,subsistence,-0.6820203236041315,3.8632884413496046e-4,,
hunt,subsistence,-0.6712509582207766,9.006370195763586e-4,,
vowel,subsistence,-0.6571102237417467,0.021843478542706865,,
swimming,subsistence,-0.6565698043700523,0.0016394479197741774,,
spouse,subsistence,-0.6564428443116885,0.05486819011304779,,
combination,subsistence,-0.6528875084204631,0.03003612425801727,,
blanket,subsistence,-0.65062754761168,0.014359730010782116,,
publication,subsistence,-0.6481128623461788,0.009383350717918147,,
goose,subsistence,-0.6479895298947066,0.016664861081997502,,
trail,subsistence,-0.6465516625220535,0.023937009643980246,,
sister-in-law,subsistence,-0.6438975728517251,0.02861457375528515,,
island,subsistence,-0.6388226117571034,0.08865405824621944,,
gut,subsistence,-0.6367686427137659,0.031658467824499124,,
travel,subsistence,-0.6342844652624948,NA,Model convergence problem; non-positive-definite Hessian matrix. See vignette('troubleshooting'),
example,subsistence,-0.6096039630899659,0.0553919152468727,,
growl,subsistence,-0.6087970246944908,0.009508732566760431,,
sibling,subsistence,-0.6087644421600119,0.12949782345791452,,
north,subsistence,-0.6081111751685254,0.009818016474151018,,
kettle,subsistence,-0.6075221309929647,0.054223413560255694,,
tea,subsistence,-0.6025701618472525,0.018658044447199998,,
context,subsistence,-0.5967734341098448,0.017757502907209444,,
reflection,subsistence,-0.5910426929727526,0.008468076602185445,,
bullet,subsistence,-0.5880166176401718,0.019280160036389722,,
dialect,subsistence,-0.5850460168479956,0.051861551150024374,,
shelter,subsistence,-0.5841562154789762,4.970078531469019e-4,,
grandchild,subsistence,-0.5786172431237265,0.014352287825892387,,
fog,subsistence,-0.5778870774161792,0.001003801195107057,,
fur,subsistence,-0.5682475809646571,0.03644942524742814,,
bone,subsistence,-0.5649359325873488,3.536861214519154e-6,,
marker,subsistence,-0.5646456927698801,0.19408698824792564,,
hip,subsistence,-0.5636259828398793,0.0010130786376072204,,
pronunciation,subsistence,-0.5613552657328769,0.028537201780371915,,
tent,subsistence,-0.5546781577468237,0.05738468804212039,,
armpit,subsistence,-0.5538551338201029,NA,,Model convergence problem; non-positive-definite Hessian matrix. See vignette('troubleshooting')
translation,subsistence,-0.5534635764460616,0.03453700004392164,,
bay,subsistence,-0.5501989443637997,0.15232530376158596,,
shaft,subsistence,-0.550180758208009,0.0630881235328759,,
eagle,subsistence,-0.5473508502644312,0.026749446179532826,,
sand,subsistence,-0.5388025122450177,0.0018797396384914906,,
nostril,subsistence,-0.5362979807913036,0.007288475376796801,,
formation,subsistence,-0.5362920124270628,0.00815829043562116,,
beach,subsistence,-0.5347703753902301,0.21279044312118783,,
knee,subsistence,-0.5329803056640279,1.5482494451327638e-5,,
west,subsistence,-0.53134029468404,0.011902936203878228,,
item,subsistence,-0.5222949773526536,0.03880074973784973,,
bow,subsistence,-0.521740845692639,0.001848720607449359,,
gall,subsistence,-0.520976703087529,0.02084245702538261,,
bait,subsistence,-0.5184498819983142,0.05172731484383363,,
flesh,subsistence,-0.5137894803987868,0.001640741468226885,,
culture,subsistence,-0.5062669099593479,NA,Model convergence problem; non-positive-definite Hessian matrix. See vignette('troubleshooting'),
territory,subsistence,-0.5056350263680174,NA,Model convergence problem; non-positive-definite Hessian matrix. See vignette('troubleshooting'),"Model convergence problem; singular convergence (7). See vignette('troubleshooting'), help('diagnose')"
signal,subsistence,-0.5011246532350245,0.021220889346310053,,
shovel,subsistence,-0.497943738608734,0.013628848109041518,,
summer,subsistence,-0.49692323187572257,0.03954738766428063,,
ray,subsistence,-0.4950898300035628,0.09022818423596919,,
wind,subsistence,-0.4933099976622084,4.808327441854754e-5,,
surface,subsistence,-0.49152351709712633,0.01322594698972397,,
marrow,subsistence,-0.48990952013117817,0.013391893693745925,,
paddle,subsistence,-0.4869230089857161,0.13038220512108525,,
daylight,subsistence,-0.48101636369393885,0.05332473391817547,,
grammar,subsistence,-0.48025779527489243,0.04778408371467912,,
quiver,subsistence,-0.4748212182236902,0.042882850494855164,,
detail,subsistence,-0.47477143534064664,0.018987744376185896,,
vocabulary,subsistence,-0.4728074224460964,0.13329066321828467,,
chop,subsistence,-0.4702232088268751,0.025089073316808777,,
gathering,subsistence,-0.46792186904018845,NA,,Model convergence problem; non-positive-definite Hessian matrix. See vignette('troubleshooting')
cliff,subsistence,-0.46057766026909297,0.10839082174436902,,
lily,subsistence,-0.4515698104080797,0.1765740775541828,,
whirlwind,subsistence,-0.4515435555334984,0.01502739219458908,,
son-in-law,subsistence,-0.4514841137088823,0.043779122318177745,,
brush,subsistence,-0.4495327112123451,0.017024008905679414,,
breeze,subsistence,-0.44656649664487885,0.0316730145981838,,
cousin,subsistence,-0.44561054191462457,0.06037446974605758,,
rib,subsistence,-0.4403451499729205,0.0022209608876814853,,
usage,subsistence,-0.43782141696705695,0.1269243198931832,,"failed to invert Hessian from numDeriv::jacobian(), falling back to internal vcov estimate"
location,subsistence,-0.4347027405190612,0.23676579776062986,,
approach,subsistence,-0.43407309421024404,0.014143849619968764,,
tendon,subsistence,-0.43358707505285793,0.12184449510830947,,
paint,subsistence,-0.43087172130677787,0.0171870509924742,,
direction,subsistence,-0.42908560053105327,0.00484132831368983,,
daughter-in-law,subsistence,-0.42406937844686576,0.06421196248305842,,
niece,subsistence,-0.42289988923790184,0.05235826689123149,,
slide,subsistence,-0.41867308626044364,0.0416456294212771,,
elbow,subsistence,-0.4178134164751644,0.00801305585686759,,
spring,subsistence,-0.4131075819094947,8.990820432179489e-4,,
meat,subsistence,-0.4111549600397609,0.009328194834637217,,
fishing,subsistence,-0.41054533023412776,0.1485657861742636,,
mate,subsistence,-0.4099857333875455,0.11264117158108786,,
lake,subsistence,-0.4096355684112986,0.14726536986821342,,
bladder,subsistence,-0.40695028110748543,0.016373495150734933,,
howl,subsistence,-0.40688708583629385,0.042373061485124826,,
blaze,subsistence,-0.4062480114789881,0.09410723210154347,,
group,subsistence,-0.4056091782309498,0.0356050507263711,,
toy,subsistence,-0.4012451102697231,0.057054602410992895,,
university,subsistence,-0.4005111370815701,0.11099951727727976,,
skin,subsistence,-0.398973328578983,0.0035308738368732134,,
daytime,subsistence,-0.3977507960866424,0.060507025238289186,,
relationship,subsistence,-0.3974951185364876,0.07651786626000757,,
index,subsistence,-0.396525963441345,0.15701967257310115,,
fox,subsistence,-0.3947637611703418,0.20180877445731182,,
tape,subsistence,-0.39454951448575054,0.20194485064582368,,
owl,subsistence,-0.3936247284851204,0.02971483233101459,,
circle,subsistence,-0.393600052740894,NA,,Model convergence problem; non-positive-definite Hessian matrix. See vignette('troubleshooting')
material,subsistence,-0.3930161914983199,0.011984981134037526,,
clause,subsistence,-0.38645113543485216,0.23511145401344388,,
speaker,subsistence,-0.3858419738230668,0.09391240916290065,,
shadow,subsistence,-0.37984713018724564,0.009020687201545455,,
wave,subsistence,-0.37620974717795547,0.015256081875086574,,
introduction,subsistence,-0.37404280345600494,0.05865766915709512,,
nephew,subsistence,-0.3734050787529661,0.08078985705076533,,
foot,subsistence,-0.3733322694349372,4.263701454803437e-4,,
syllable,subsistence,-0.3713566868535587,0.2578533264465451,,
laugh,subsistence,-0.36919842673958103,0.005184129849479271,,
east,subsistence,-0.36692961938828383,0.05688934322293428,,
muscle,subsistence,-0.3664929505066458,NA,Model convergence problem; non-positive-definite Hessian matrix. See vignette('troubleshooting'),
hill,subsistence,-0.3662781296229382,0.0394765828601752,,
fright,subsistence,-0.3653382489565495,NA,"Model convergence problem; singular convergence (7). See vignette('troubleshooting'), help('diagnose')",Model convergence problem; non-positive-definite Hessian matrix. See vignette('troubleshooting')
difference,subsistence,-0.36528555304102134,0.049268770800653304,,
bark,subsistence,-0.36443825231416654,0.03435044765715583,,
fire,subsistence,-0.3633654804584458,0.002067020899972727,,
others,subsistence,-0.3556771512769917,NA,,Model convergence problem; non-positive-definite Hessian matrix. See vignette('troubleshooting')
thought,subsistence,-0.35489372862110413,0.1570136716738761,,
file,subsistence,-0.3539732597289762,0.07093248318264417,,
card,subsistence,-0.3502944096338533,0.24211938301551186,,
temple,subsistence,-0.3479719134031799,0.24212352976170964,,
footprint,subsistence,-0.3460099278207209,0.07662942168605144,,
bucket,subsistence,-0.3451857102663257,0.11175784521252642,,
eyebrow,subsistence,-0.34497417580431006,0.019789016211064187,,
extent,subsistence,-0.34497175382039114,0.11710528695186229,,
splash,subsistence,-0.3437071584847827,0.10348862828866098,,
spirit,subsistence,-0.34296262797990285,0.08214735412199903,,
description,subsistence,-0.33935467262963726,NA,,Model convergence problem; non-positive-definite Hessian matrix. See vignette('troubleshooting')
bush,subsistence,-0.33910547385820544,0.1152738401866816,,
structure,subsistence,-0.33647559598348475,NA,"Model convergence problem; non-positive-definite Hessian matrix. See vignette('troubleshooting');Model convergence problem; singular convergence (7). See vignette('troubleshooting'), help('diagnose')","Model convergence problem; singular convergence (7). See vignette('troubleshooting'), help('diagnose')"
candle,subsistence,-0.33575455048294156,0.2473146261393079,,
cry,subsistence,-0.335513534728242,0.10203964400591867,,
system,subsistence,-0.3324961132778089,0.17296144133965877,,"Model convergence problem; singular convergence (7). See vignette('troubleshooting'), help('diagnose')"
game,subsistence,-0.33199863161926474,0.059107465283053814,,
distance,subsistence,-0.3319350949481839,0.016817923447867342,,
feeling,subsistence,-0.32964255724058433,0.04485174360930787,,
bank,subsistence,-0.3288508605704855,0.016926437077216534,,
area,subsistence,-0.32522108000792693,0.24078051067327277,,
nape,subsistence,-0.3247794140100263,0.18627938925941182,,
cheek,subsistence,-0.323548254070761,NA,"Model convergence problem; non-positive-definite Hessian matrix. See vignette('troubleshooting');Model convergence problem; singular convergence (7). See vignette('troubleshooting'), help('diagnose')","Model convergence problem; singular convergence (7). See vignette('troubleshooting'), help('diagnose')"
father-in-law,subsistence,-0.32135453922600044,0.2363313098201999,,
map,subsistence,-0.320843227867797,0.23165495775684397,,"Model convergence problem; singular convergence (7). See vignette('troubleshooting'), help('diagnose')"
womb,subsistence,-0.32069971093582056,0.11367604799672987,,
arm,subsistence,-0.32028507508651605,0.005003238513061405,,
rifle,subsistence,-0.3176158513788462,0.31361318688447803,,
power,subsistence,-0.31729610019725013,0.0730802575953891,,
pad,subsistence,-0.3159923663935692,0.24075544527603282,,
toilet,subsistence,-0.3149881939251643,0.22826329440245627,,
symbol,subsistence,-0.3141826787696681,NA,Model convergence problem; non-positive-definite Hessian matrix. See vignette('troubleshooting'),
grape,subsistence,-0.3138834942018311,0.2658920887461225,,
grease,subsistence,-0.3136160218024856,0.13929913444190253,,
cloud,subsistence,-0.3135550696168614,0.030704494489550562,,
spit,subsistence,-0.3133815928792643,0.017203917960899144,,
stab,subsistence,-0.312957932449972,0.08398195468600621,,
ice,subsistence,-0.31144608232393417,0.2357177020431452,,
list,subsistence,-0.3088302671073145,0.16516945768945573,,
storm,subsistence,-0.30855231615796647,NA,Model convergence problem; non-positive-definite Hessian matrix. See vignette('troubleshooting'),"failed to invert Hessian from numDeriv::jacobian(), falling back to internal vcov estimate"
eyelash,subsistence,-0.3074003516685664,0.024910399829870068,,
fold,subsistence,-0.3071803134298205,0.11465539586407392,,
evidence,subsistence,-0.30620221245720425,0.26411318907480585,,
liver,subsistence,-0.30318729178490933,NA,Model convergence problem; non-positive-definite Hessian matrix. See vignette('troubleshooting'),
spill,subsistence,-0.30057082119876805,0.1760064029323735,,
water,subsistence,-0.29979496989750554,0.0030995464033654256,,
feature,subsistence,-0.2991368297583878,0.1340302797909421,,
discussion,subsistence,-0.2989699876802532,NA,Model convergence problem; non-positive-definite Hessian matrix. See vignette('troubleshooting'),
duck,subsistence,-0.2989492601958439,0.09059857634250269,,
track,subsistence,-0.2987211255853702,0.20091347762274606,,
orphan,subsistence,-0.2976573554476447,0.07462508124317799,,
record,subsistence,-0.2971743141392658,0.21996589882040643,,
mouse,subsistence,-0.29697809153609833,0.0687642748066578,,
parent,subsistence,-0.2946289088020024,0.11131931793098204,,
hand,subsistence,-0.29452808406274306,0.0015270953476840623,,
sight,subsistence,-0.28943141565143027,0.09025900350673897,,
exclamation,subsistence,-0.2893172936702058,0.27917758460822534,,
widower,subsistence,-0.2892914342888914,0.1528837690584934,,
burst,subsistence,-0.28886062656136813,0.11304277821460049,,
print,subsistence,-0.2886774635424981,0.276283894375594,,
aspect,subsistence,-0.2870416483117192,0.24891184387144002,,
abdomen,subsistence,-0.28672054254178747,0.2259620278742206,,
yawn,subsistence,-0.2859192275146402,0.06755993447007316,,
throat,subsistence,-0.28541443714142767,0.03726536144775215,,
display,subsistence,-0.28528565637832837,0.42337507966504534,,
louse,subsistence,-0.2815249178417913,0.19436209086936115,,
wake,subsistence,-0.2805511203886443,0.07380764940952753,,
string,subsistence,-0.28018151333693175,0.052777255949992344,,
sore,subsistence,-0.27729285237819923,0.4069251062718649,,
bump,subsistence,-0.27716901292593366,0.22597143343843296,,
leg,subsistence,-0.27703157658139094,0.02273417886685386,,
club,subsistence,-0.2768072942213367,0.16925797203236173,,
ghost,subsistence,-0.276422226556137,0.18531114388469316,,
pin,subsistence,-0.273404320140279,0.2603960870269151,,
dawn,subsistence,-0.2722576396058424,0.03321052856583317,,
chin,subsistence,-0.2715057970708266,0.04678637049543393,,
flap,subsistence,-0.2711179424531391,0.17169998440883708,,
dwelling,subsistence,-0.2701779159685565,0.377972595902126,,
view,subsistence,-0.26899203904723973,0.07740693652688718,,
site,subsistence,-0.2683240967296205,0.3232466313718113,,
river,subsistence,-0.26806416757636614,0.19804321996916954,,
belly,subsistence,-0.26728169113585104,0.1037370949134833,,
series,subsistence,-0.26672419428161737,0.2015917331565955,,
sky,subsistence,-0.26614977145444746,0.04020015552556431,,
distinction,subsistence,-0.26405456479958406,0.38002649549773565,,
fingernail,subsistence,-0.26359695558501767,0.2898879064350259,,
fluid,subsistence,-0.26113515543665805,0.37506378501993515,,
ridge,subsistence,-0.26094181031127306,0.28253777754386006,,
uncle,subsistence,-0.2603693735644263,0.21971034034851059,,
stream,subsistence,-0.2594445554512555,0.3000356916386445,,
log,subsistence,-0.2583936618953539,0.23593321002305284,,
fish,subsistence,-0.25496412726051987,0.2881308334838084,,
generation,subsistence,-0.25493929505242485,0.21796444552686606,,
axe,subsistence,-0.2540175143313107,0.2503833019126487,,
flow,subsistence,-0.25259362990925005,0.1225408719856173,,
voice,subsistence,-0.25194503521475725,0.08816542182060495,,
sack,subsistence,-0.25171959176548925,0.27038821798324114,,
channel,subsistence,-0.24962117578572404,0.48317086560474876,,
story,subsistence,-0.2495064033974278,0.13041481373426425,,
sewing,subsistence,-0.24714776947281247,0.288552736925566,,
itch,subsistence,-0.2468748108415183,0.17253176379714322,,
forehead,subsistence,-0.24671143293496609,0.03151536314463655,,
breathing,subsistence,-0.24491371427290012,NA,"Model convergence problem; non-positive-definite Hessian matrix. See vignette('troubleshooting');Model convergence problem; singular convergence (7). See vignette('troubleshooting'), help('diagnose')",
teaching,subsistence,-0.24167554763381657,NA,"Model convergence problem; non-positive-definite Hessian matrix. See vignette('troubleshooting');Model convergence problem; singular convergence (7). See vignette('troubleshooting'), help('diagnose')","Model convergence problem; non-positive-definite Hessian matrix. See vignette('troubleshooting');Model convergence problem; singular convergence (7). See vignette('troubleshooting'), help('diagnose')"
feather,subsistence,-0.24032774642390103,0.07332654539027898,,
herd,subsistence,-0.2391399487829325,0.3244184806589135,,
grandmother,subsistence,-0.23732851945608976,0.29254702040157976,,
sleep,subsistence,-0.23463102035819283,0.030876837202014326,,
relative,subsistence,-0.23455987356265287,0.30447334332750664,,
emphasis,subsistence,-0.2342283598721383,NA,,Model convergence problem; non-positive-definite Hessian matrix. See vignette('troubleshooting')
extension,subsistence,-0.23323244252313519,NA,Model convergence problem; non-positive-definite Hessian matrix. See vignette('troubleshooting'),Model convergence problem; non-positive-definite Hessian matrix. See vignette('troubleshooting')
fat,subsistence,-0.23293220842151816,0.0647381565137318,,
limb,subsistence,-0.2317431591681602,0.15744428278140835,,
kick,subsistence,-0.2311318835217287,0.14617054655706668,,
shoulder,subsistence,-0.23105416055513267,0.04517372332748123,,
heel,subsistence,-0.23066142911518475,NA,Model convergence problem; non-positive-definite Hessian matrix. See vignette('troubleshooting'),
stage,subsistence,-0.2301801370385751,0.2856497558990208,,
midnight,subsistence,-0.23017585171006116,0.2534372126420475,,
development,subsistence,-0.23014484306680746,0.25651819355444383,,
bite,subsistence,-0.2298836999467264,0.07552658816722392,,
headache,subsistence,-0.22784521529325005,NA,,Model convergence problem; non-positive-definite Hessian matrix. See vignette('troubleshooting')
cluster,subsistence,-0.22783736644399857,0.31478697527633503,,
element,subsistence,-0.22646065824492498,0.5025800683541831,,
band,subsistence,-0.22603147522821782,0.2435082459142078,,
country,subsistence,-0.2247079144925514,0.2963084744137649,,
mouth,subsistence,-0.2244468924691756,0.04643692121441377,,
spark,subsistence,-0.22308788312771038,0.09080294930150672,,
reference,subsistence,-0.22244216177930337,0.4140774073906646,,
scoop,subsistence,-0.22055166075329266,0.34247723425959614,,
village,subsistence,-0.21792092404283805,0.5548350300720639,,
partner,subsistence,-0.21685915863603653,NA,,Model convergence problem; non-positive-definite Hessian matrix. See vignette('troubleshooting')
toe,subsistence,-0.2156498603976809,0.18215919158017752,,
taste,subsistence,-0.2139114041436702,0.06859646125577494,,
process,subsistence,-0.21320376015506665,NA,,Model convergence problem; non-positive-definite Hessian matrix. See vignette('troubleshooting')
fork,subsistence,-0.21167157465893088,0.19538762020707645,,
intestine,subsistence,-0.21151701754293847,0.21070193877105378,,
chest,subsistence,-0.21074554229563977,0.10290592935580588,,
page,subsistence,-0.2102621584089363,NA,Model convergence problem; non-positive-definite Hessian matrix. See vignette('troubleshooting'),
jaw,subsistence,-0.20856582640148041,0.1597883958207396,,
source,subsistence,-0.20766119260503368,0.19904868216744356,NA/NaN function evaluation,
talk,subsistence,-0.20434868569417103,0.5761084936239171,,
soup,subsistence,-0.20430636471881622,0.42478212239327306,,
torch,subsistence,-0.20405456670022368,NA,Model convergence problem; non-positive-definite Hessian matrix. See vignette('troubleshooting'),
noise,subsistence,-0.20292458224119472,0.16868443317903503,,
exception,subsistence,-0.2009130291286145,0.4450249802123123,,
visit,subsistence,-0.19922420355603163,0.1847903070292351,,
blade,subsistence,-0.1991347891076493,0.20086549682882932,,
rush,subsistence,-0.1988929242564071,0.37373743852036595,,
thigh,subsistence,-0.19865765400739738,0.19253093145298292,,
bag,subsistence,-0.1984508095298019,0.2496879168545309,,
kin,subsistence,-0.1982067110670309,0.5357424779178729,,
container,subsistence,-0.19706016853351793,0.4787795558539423,,
news,subsistence,-0.19680224817357314,0.21031033960252407,,
web,subsistence,-0.19558102160193894,0.26827910230289165,,
urine,subsistence,-0.19407796523579154,0.21980729267934587,,
hole,subsistence,-0.19335993816777083,0.11217436869030649,,
statement,subsistence,-0.19300775306544318,NA,,Model convergence problem; non-positive-definite Hessian matrix. See vignette('troubleshooting')
tongue,subsistence,-0.19231449770856035,NA,"Model convergence problem; non-positive-definite Hessian matrix. See vignette('troubleshooting');Model convergence problem; singular convergence (7). See vignette('troubleshooting'), help('diagnose')",
rainbow,subsistence,-0.19224409676721574,0.26339510679821193,,
position,subsistence,-0.19179415906149522,0.24716420222584545,,
dive,subsistence,-0.19109915893291995,0.3826890871482988,,
weather,subsistence,-0.19109806873116397,0.33354416015175764,,
nipple,subsistence,-0.18996765354506098,NA,Model convergence problem; non-positive-definite Hessian matrix. See vignette('troubleshooting'),"failed to invert Hessian from numDeriv::jacobian(), falling back to internal vcov estimate"
foam,subsistence,-0.18960394831930624,0.1321969807826341,"Model convergence problem; singular convergence (7). See vignette('troubleshooting'), help('diagnose')",
presence,subsistence,-0.18938503147859878,0.3862426642250648,,
moss,subsistence,-0.18920031396788164,0.4885760746763815,,
design,subsistence,-0.1859649519081089,0.37098682427768565,,
navel,subsistence,-0.18496920710297837,0.1865689200471746,,
drill,subsistence,-0.1830832756344475,0.4716517818713891,,
diarrhea,subsistence,-0.18134423333571975,0.250528088289986,,
ship,subsistence,-0.180861900458671,0.5990394610759544,,
spray,subsistence,-0.17996432500162224,0.4702253668955957,,
stuff,subsistence,-0.17926152282043,0.39045758087800214,,
scent,subsistence,-0.17875416175566103,0.2948648625373761,,
paw,subsistence,-0.178345928528402,0.4741577456501326,,
breath,subsistence,-0.17706460297601143,0.1471744597759832,,
stranger,subsistence,-0.1768392456164833,0.41815925364505807,,
community,subsistence,-0.17662556182408337,0.39889390355481946,,
dream,subsistence,-0.17572900751827056,0.14522152263336793,,
garment,subsistence,-0.1757251486264219,0.5753266204083232,,
nose,subsistence,-0.1751241818842973,0.14483524552504468,,
pile,subsistence,-0.17487177962461817,0.2248569981166915,,
reason,subsistence,-0.17486348412357514,NA,,Model convergence problem; non-positive-definite Hessian matrix. See vignette('troubleshooting')
trip,subsistence,-0.17385572016668502,0.3392384881704912,,
lack,subsistence,-0.1730185727258886,0.30976725792276505,,
necklace,subsistence,-0.17092170734629314,0.2876527516585728,,
pinch,subsistence,-0.17090972471302893,0.2902845003161054,,
bottom,subsistence,-0.17004222277508277,0.20372673671690084,,
handkerchief,subsistence,-0.1678933025272901,0.4675284565091301,,
grandfather,subsistence,-0.1672290969198185,0.49964936889788303,,
pounding,subsistence,-0.1670841739625679,0.5378487527404255,,
sunrise,subsistence,-0.16592838457027273,0.44957525401886284,,
boat,subsistence,-0.16458728826435154,0.5345709247797491,,
eye,subsistence,-0.16353996853533118,0.05583852449462287,,
flour,subsistence,-0.16299021281131784,0.44485256384860816,,
waterfall,subsistence,-0.16121738965289623,NA,Model convergence problem; non-positive-definite Hessian matrix. See vignette('troubleshooting'),Model convergence problem; non-positive-definite Hessian matrix. See vignette('troubleshooting')
loan,subsistence,-0.15929181195154224,0.4691746524112989,,
gift,subsistence,-0.1590717558952311,0.44773355262056697,,
tail,subsistence,-0.15906685287666525,0.20505832887465938,,
shade,subsistence,-0.1570858473141275,0.2494855022732413,,
gravel,subsistence,-0.15645612056672517,0.391266622064359,,
baby,subsistence,-0.15625745807026412,0.46417041731874215,,
sun,subsistence,-0.15523394333359933,0.15797454570536157,,
situation,subsistence,-0.1542942660076257,NA,Model convergence problem; non-positive-definite Hessian matrix. See vignette('troubleshooting'),
stump,subsistence,-0.15403729859500673,NA,Model convergence problem; non-positive-definite Hessian matrix. See vignette('troubleshooting'),Model convergence problem; non-positive-definite Hessian matrix. See vignette('troubleshooting')
body,subsistence,-0.1533593040711876,0.18650178589908714,,
fact,subsistence,-0.14885373522604353,0.46252141733185537,,
lion,subsistence,-0.14859430708678378,0.5873379287523285,,
study,subsistence,-0.14843790870411108,0.5358051520146961,,
joint,subsistence,-0.14792577895390988,0.43846274897437,,
nature,subsistence,-0.14689302783315236,NA,Model convergence problem; non-positive-definite Hessian matrix. See vignette('troubleshooting'),
depression,subsistence,-0.14448922425402258,NA,Model convergence problem; non-positive-definite Hessian matrix. See vignette('troubleshooting'),
ornament,subsistence,-0.14401822607910977,0.6801336735869983,,
collection,subsistence,-0.1433713041816157,0.5954157383499865,,
like,subsistence,-0.1432022994589776,0.33279542193865086,,
adult,subsistence,-0.1431135285999037,0.4783699161617479,,
chase,subsistence,-0.14259595101401448,0.3933340970570286,,
whisper,subsistence,-0.14167824500819304,0.2872321979949465,,
brain,subsistence,-0.1414421725366466,0.30743171814311626,,
force,subsistence,-0.14012812053188875,0.386100746392172,,
whistle,subsistence,-0.13987223293173173,0.3246699845505725,,
song,subsistence,-0.1397843663807385,0.37134545572220107,,
thirst,subsistence,-0.13978150643713674,0.47253751527946697,,
doubt,subsistence,-0.1386608325464836,0.5524841979035492,,
thumb,subsistence,-0.13818775207087147,0.29978070704891396,,
dislike,subsistence,-0.13813545365535604,0.5071393414618349,,
wrist,subsistence,-0.1380479975770105,0.3803317561574832,,
food,subsistence,-0.13723897202552138,0.24780126888417456,,
ritual,subsistence,-0.1370619396680503,0.7038054504987038,,
edge,subsistence,-0.1358807191209601,0.31096956802858156,,
surprise,subsistence,-0.13574194443970541,0.4682862394102383,,
pregnancy,subsistence,-0.13468572669722767,0.5943747369181759,,
pillow,subsistence,-0.13389208859248256,0.3877248564824992,,
warrior,subsistence,-0.133847023615417,0.6759130455559712,,
horn,subsistence,-0.13361991395644449,0.4381959546377694,,
grass,subsistence,-0.13351724411153343,0.3778511582043,,
experience,subsistence,-0.13345361492225327,0.5537801015187128,,
smell,subsistence,-0.13156670567291553,0.30126904711338026,,
kidney,subsistence,-0.13079171753755248,0.4439338415307543,,
button,subsistence,-0.12994432854973856,0.5149853437347196,,
load,subsistence,-0.1298953815826986,0.4240032556165011,,
contact,subsistence,-0.12650701819073504,0.480536117445828,,
flea,subsistence,-0.1262354420782037,0.5911972518133277,,
creature,subsistence,-0.1253285336740248,0.4902548019159466,,
cave,subsistence,-0.12527123866207646,0.5256796077747745,,
sweat,subsistence,-0.124734231718754,0.4294982531534302,,
rake,subsistence,-0.12420095957165156,NA,Model convergence problem; non-positive-definite Hessian matrix. See vignette('troubleshooting'),
ride,subsistence,-0.1211108664584005,0.6071175436848967,,
coat,subsistence,-0.12029570928065005,0.6314309355403469,,
neck,subsistence,-0.11868656768222006,0.33468471274174727,,
race,subsistence,-0.11849645577715506,0.56838586675992675,,
moon,subsistence,-0.11745524030089863,0.325907170997756,,
attempt,subsistence,-0.116483523235684,0.5312509175645653,,
slice,subsistence,-0.11574141050814464,0.6027581427393068,,
project,subsistence,-0.11543043786831814,0.5184379234997272,,"Model convergence problem; singular convergence (7). See vignette('troubleshooting'), help('diagnose')"
revenge,subsistence,-0.11488786026695925,0.5988894168458951,,
sugar,subsistence,-0.11461481260035124,0.5263375776168424,,
leak,subsistence,-0.1145137593415154,0.5233875158367908,,
sap,subsistence,-0.11414498063999828,0.5957354111387129,,
ache,subsistence,-0.11324004801609147,0.47631051335662977,,
vision,subsistence,-0.1115013989429109,0.5073490547896399,,
smoke,subsistence,-0.11132455304404443,0.3909078224713407,,
coal,subsistence,-0.11110955302499162,0.5513707542431082,,
mat,subsistence,-0.11073403758744924,0.6806795100922364,,
lover,subsistence,-0.11068704390183563,0.7085625491669704,,
speed,subsistence,-0.11014278258353374,0.6150820649338722,,
stake,subsistence,-0.10967325496087726,0.6467301966916087,,
boil,subsistence,-0.10950899893726738,0.2572041716318542,,
pattern,subsistence,-0.10772480877562177,0.6027373285184574,,
vomit,subsistence,-0.1072269629102933,0.3331566443936286,,
shiver,subsistence,-0.10642537337082235,NA,"Model convergence problem; non-positive-definite Hessian matrix. See vignette('troubleshooting');Model convergence problem; singular convergence (7). See vignette('troubleshooting'), help('diagnose')","Model convergence problem; singular convergence (7). See vignette('troubleshooting'), help('diagnose')"
spoon,subsistence,-0.10605554097145621,0.517921004351263,,
fight,subsistence,-0.10538924051892716,0.4087914065418583,,
moth,subsistence,-0.10500611880874687,NA,Model convergence problem; non-positive-definite Hessian matrix. See vignette('troubleshooting'),
tear,subsistence,-0.10486026793628855,0.3100080960978081,,
team,subsistence,-0.10389101193000362,0.681399852866469,,
vehicle,subsistence,-0.10338507772652933,0.715383962200393,,
dish,subsistence,-0.10336196218037895,0.5364207605443859,,
star,subsistence,-0.10285332697949985,0.43154031499114237,,
depth,subsistence,-0.1024468284953924,0.637759307451809,,
echo,subsistence,-0.10152731475705212,0.6519262895942167,,
thanks,subsistence,-0.101516081797328,0.6082089936606334,,
hurry,subsistence,-0.10127463355057797,0.49934160797938326,,
cigarette,subsistence,-0.10126332342447915,0.7230956691846441,,
aunt,subsistence,-0.1011289696076132,0.6611330611736526,,
tribe,subsistence,-0.10092966423195944,0.7605711997484872,,
grip,subsistence,-0.1000325715210855,NA,Model convergence problem; non-positive-definite Hessian matrix. See vignette('troubleshooting'),
breast,subsistence,-0.09951541294630176,0.3926703251777185,,
fear,subsistence,-0.09903240403927352,0.5317861438178967,,
wing,subsistence,-0.09783654779136174,0.43379576060387837,,
ankle,subsistence,-0.09708222072780419,0.5402878508271676,,
praise,subsistence,-0.09660803170574571,0.6586505052984549,,
target,subsistence,-0.09643482386428816,0.6066363472279169,,
mount,subsistence,-0.09636281899854587,0.667590770717418,,
puff,subsistence,-0.09527842940001116,0.6204615197634382,,
engine,subsistence,-0.0938610788221634,0.777768132844558,,
motion,subsistence,-0.09251101729984244,0.6603062482332575,,
respect,subsistence,-0.09225691763121348,0.582449226433312,,
loop,subsistence,-0.09223690757628444,0.789402599509146,,
cavity,subsistence,-0.09218653355373177,NA,,Model convergence problem; non-positive-definite Hessian matrix. See vignette('troubleshooting')
shin,subsistence,-0.08735558387413611,0.7273406866661887,,
egg,subsistence,-0.08637535468993,0.45000521320390646,,
strap,subsistence,-0.08537101398130963,0.6876283704772881,,
lip,subsistence,-0.0851259614579207,0.46218542108459676,,
spine,subsistence,-0.08508366162473069,0.7069284308370397,,
decoration,subsistence,-0.0848623758712819,0.7426688637242305,,
ash,subsistence,-0.08421050352375031,0.5969911768336738,,
tie,subsistence,-0.08406230345529886,0.5203474914666817,,
accident,subsistence,-0.08404865602846609,0.6831730071498119,,
pocket,subsistence,-0.08398806120927681,0.6723152810627896,,
animal,subsistence,-0.0834907516445468,0.5517650759057204,,
curve,subsistence,-0.08258790543872915,0.7160035404120144,,
tip,subsistence,-0.08222853507904386,0.5251455721276499,,
belt,subsistence,-0.08027252128970061,0.6101164405271449,,
elder,subsistence,-0.07996715201533713,0.7251002580388618,,
staff,subsistence,-0.07862489344819516,0.7784792403813734,,
mosquito,subsistence,-0.07858629252062198,0.657784853362214,,
scratch,subsistence,-0.07827839584795475,0.6020343763729784,,
skull,subsistence,-0.07803423180134068,0.5620582858951113,,
question,subsistence,-0.07795484370348932,0.5020381101753916,,
hawk,subsistence,-0.07721306095920386,0.7245845838495187,,
hair,subsistence,-0.0751467814380675,0.4289061739613198,,
sex,subsistence,-0.0742530812700634,0.7156809658111237,,
core,subsistence,-0.07360406565328986,0.7282511183916409,,
picture,subsistence,-0.07307991857554447,0.7017950672104468,,
understanding,subsistence,-0.07118657524924289,0.7194950043341979,,
stomach,subsistence,-0.07072587138564622,0.617774389833339,,
pity,subsistence,-0.06924852164659004,0.6035864910350107,,
pair,subsistence,-0.0689349910900902,0.67200018922097,,
dirt,subsistence,-0.06871924313847452,0.6589608618703343,,
council,subsistence,-0.06867043136719532,0.7878247303642162,,
dog,subsistence,-0.06834513119545813,0.6811620967830051,,
dew,subsistence,-0.0656907680707371,0.6136627690156445,,
society,subsistence,-0.0656397670530848,0.8306256564608954,,
pole,subsistence,-0.06311551221070147,0.688036366797123,,
pit,subsistence,-0.06267062377056237,0.7501160447201304,,
smoking,subsistence,-0.059489000119588596,0.7839832909386786,,
volume,subsistence,-0.05917258083729574,0.7957380713289032,,
relation,subsistence,-0.059134822432913896,0.7364460606576959,,
test,subsistence,-0.05900202072138502,0.7178353373882281,,
smile,subsistence,-0.05884013476186895,0.7345145792683311,,
stagger,subsistence,-0.058631883983475734,0.7934691673840698,,
bandage,subsistence,-0.05833399775915109,0.7421154974406605,"failed to invert Hessian from numDeriv::jacobian(), falling back to internal vcov estimate",
construction,subsistence,-0.05750306186770855,0.8017256463560293,,
devil,subsistence,-0.05664680316955784,0.8621479122617107,,
coast,subsistence,-0.056051108627202494,0.8769029406460817,,
region,subsistence,-0.05555456814838097,0.8148411390534608,,
stink,subsistence,-0.05380352789581904,0.8098227596126163,,
shell,subsistence,-0.053145878633932414,0.7664195819544148,,
calf,subsistence,-0.05230815983712868,0.7210381927686269,,
groin,subsistence,-0.05224125786781095,0.842337816780615,,
collapse,subsistence,-0.051691710376155296,0.7779097585275916,,
clothes,subsistence,-0.05147595471681009,NA,,Model convergence problem; non-positive-definite Hessian matrix. See vignette('troubleshooting')
anus,subsistence,-0.05103831571409493,0.7851542174889425,,
comparison,subsistence,-0.05057441415754391,0.812251453640948,,
space,subsistence,-0.05048396009269546,0.7471018020332664,,
search,subsistence,-0.05020601827375409,0.7620290989528838,,
firewood,subsistence,-0.05014618414822214,0.8404523868149764,,
mountain,subsistence,-0.04860048532347706,0.8457054656181962,,
range,subsistence,-0.04537210773788082,0.8562363952097115,,
gum,subsistence,-0.04531708458753016,0.8117239876087933,,
bible,subsistence,-0.04470767588212147,0.8901403749002673,,
attention,subsistence,-0.04423642640878219,0.7238628644249276,,
strength,subsistence,-0.04395870519140144,0.8184375328051932,,
buttock,subsistence,-0.04372894007970214,0.8123511395708813,,
event,subsistence,-0.043110026526216455,0.8083218309558559,,
function,subsistence,-0.042892723520589086,0.8609003244396723,,
wood,subsistence,-0.04270830727425764,0.7329630568571206,,
contrary,subsistence,-0.04183135014381525,0.8623547064291145,,
goodness,subsistence,-0.04115221875854173,0.872015607984497,,
finger,subsistence,-0.04007759413559263,0.7345859752403565,,
sink,subsistence,-0.038883074778224135,0.8048505670702837,,
saliva,subsistence,-0.038740555176437215,0.806133391265606,,
movement,subsistence,-0.03699824552974405,NA,Model convergence problem; non-positive-definite Hessian matrix. See vignette('troubleshooting'),
season,subsistence,-0.03637252944494501,0.8242310426143477,,
braid,subsistence,-0.03565059677184747,0.8771019284280166,,
pebble,subsistence,-0.03514978275634621,NA,,Model convergence problem; non-positive-definite Hessian matrix. See vignette('troubleshooting')
teeth,subsistence,-0.03493516543457981,0.7537318864191621,,
wrap,subsistence,-0.03482520714997563,0.8209860650214489,,
bird,subsistence,-0.03409364235980146,0.7909861212143299,,
effort,subsistence,-0.03395581475515312,0.8749783803409193,,
sunset,subsistence,-0.03339118532153633,0.8520112891476691,,
caterpillar,subsistence,-0.032515967452251604,0.8880479207131252,,
crush,subsistence,-0.032506795689177186,0.8514430062680322,,
apple,subsistence,-0.032506692387947664,0.8767590858821146,,
message,subsistence,-0.031616686587586026,0.8688161840005035,,
emotion,subsistence,-0.03058065435687216,0.9055239202743581,,
bead,subsistence,-0.030277081700021417,0.8973575569702336,,
weapon,subsistence,-0.030149611454578704,0.8278491835590839,,
blossom,subsistence,-0.02980988708711517,0.9199105394579803,,
spike,subsistence,-0.02968674484632127,0.9183195558237963,,
valley,subsistence,-0.027777590633547303,0.9060817370887453,,
jam,subsistence,-0.027627392019438646,0.9315509722473811,,
flame,subsistence,-0.025696397756720807,0.8635843295800488,,
clothing,subsistence,-0.02378544334959656,0.9133204105577406,,
beard,subsistence,-0.02297695631978249,0.8495688825938073,,
error,subsistence,-0.022778528029129684,0.916858524573799,,
insult,subsistence,-0.022691823781562495,0.9195706637519042,,
flash,subsistence,-0.02230683504677444,NA,"Model convergence problem; singular convergence (7). See vignette('troubleshooting'), help('diagnose')",Model convergence problem; non-positive-definite Hessian matrix. See vignette('troubleshooting')
needle,subsistence,-0.021250255256580745,0.882615085968323,,
future,subsistence,-0.02114572681965475,0.8907515091501814,,
bruise,subsistence,-0.020984071139608453,0.9039038759364338,,
swell,subsistence,-0.020975427093859154,1,,
report,subsistence,-0.019821771459737805,0.9073959187337372,,
purpose,subsistence,-0.019414719147101914,0.8969419812403563,,
quarter,subsistence,-0.01910503844876233,0.9342460171977992,,
morning,subsistence,-0.018181060204079023,0.8684485153627163,,"Model convergence problem; singular convergence (7). See vignette('troubleshooting'), help('diagnose')"
patch,subsistence,-0.017816339378544193,0.9122905860948919,,
messenger,subsistence,-0.01715431547829237,0.9490709024849016,,
thunder,subsistence,-0.016664500107542817,0.8876336779706929,,
knuckle,subsistence,-0.015940270403565573,NA,Model convergence problem; non-positive-definite Hessian matrix. See vignette('troubleshooting'),Model convergence problem; non-positive-definite Hessian matrix. See vignette('troubleshooting')
hug,subsistence,-0.015228372781111329,0.9408615828305799,,
crowd,subsistence,-0.013805464823859621,0.9460384001207303,,
couple,subsistence,-0.013383973456601415,NA,Model convergence problem; non-positive-definite Hessian matrix. See vignette('troubleshooting'),Model convergence problem; non-positive-definite Hessian matrix. See vignette('troubleshooting')
glass,subsistence,-0.012765996145211244,0.9324362883492792,,
hop,subsistence,-0.012110094006131552,NA,,Model convergence problem; non-positive-definite Hessian matrix. See vignette('troubleshooting')
cap,subsistence,-0.010373128680181433,0.9575299951049349,,
activity,subsistence,-0.010259148926112816,0.9620963452467431,"Model convergence problem; singular convergence (7). See vignette('troubleshooting'), help('diagnose')",
horse,subsistence,-0.010209677568194405,0.970143043010712,,
plate,subsistence,-0.010130957153583873,0.9600188633609884,,
widow,subsistence,-0.00995250281300328,0.9498981242300875,,
fireplace,subsistence,-0.009238234610421447,0.9747595422364955,,
smear,subsistence,-0.00904535393703033,0.9740855848389329,,
land,subsistence,-0.008774226987547738,0.9440127477832776,,
peel,subsistence,-0.007624495076664064,0.9644245813053648,,
wedge,subsistence,-0.007276745819481353,0.9768164825797951,,
hail,subsistence,-0.007217838583706242,0.9722243323749722,,
instrument,subsistence,-0.0037930566514914406,0.9850177515268773,,
bubble,subsistence,-0.0029046141391679586,0.9863296236132061,,
lung,subsistence,-0.0027263767816231655,0.9864248872955425,,
copy,subsistence,-0.002340489718975482,0.9885506662600878,,
rain,subsistence,-0.0015502226299542825,0.9886596564164266,,
cough,subsistence,-0.0010608783706366734,0.994473565408341,,
poison,subsistence,5.9045221961771135e-5,0.9997189343245684,,
bug,subsistence,4.431482652761276e-4,0.9987898685285722,,
singer,subsistence,4.596914999650157e-4,0.9986185295390354,,
wire,subsistence,0.0030823979764826735,0.9886917622860205,,
cooking,subsistence,0.0033091460927572175,0.9847334238044809,,
floor,subsistence,0.004389486225330765,0.9819878083654972,,
characteristic,subsistence,0.006759887420300218,0.9722040268561002,,
shape,subsistence,0.006909366817721717,0.9604532945463824,,
comment,subsistence,0.007058377239609494,0.9780821761826346,,
passage,subsistence,0.00739832631921981,0.977077903634341,,
wink,subsistence,0.007734709652680409,0.9691593566887108,,
massage,subsistence,0.007865397183972575,0.9787195977397595,,
danger,subsistence,0.00961911151815208,0.9667326394264374,,
neighbor,subsistence,0.009748560608059231,0.9665133272822399,,
absence,subsistence,0.012005226250858878,0.9499548825842108,,
box,subsistence,0.013366801783143065,0.9361398329749049,,
bunch,subsistence,0.013887336440296818,0.9397773698454364,,
cross,subsistence,0.013953395044056573,NA,Model convergence problem; non-positive-definite Hessian matrix. See vignette('troubleshooting'),
paper,subsistence,0.01408344792442957,0.9353663750833875,,
shoe,subsistence,0.014092196371450457,0.9371969050845396,,
mother-in-law,subsistence,0.01594571985406136,0.9489270750689502,,
alphabet,subsistence,0.01623045681637162,0.9508875735582706,,
treatment,subsistence,0.01729881532661299,NA,,Model convergence problem; non-positive-definite Hessian matrix. See vignette('troubleshooting')
testicle,subsistence,0.018179857125002325,0.8992158720857109,,
pan,subsistence,0.018596188782104565,0.9347077903811103,,
photograph,subsistence,0.01871676700553105,0.9358487837876246,,
temper,subsistence,0.01906301849260293,0.947217234461797,,
cup,subsistence,0.019075966971347814,0.9095857947011966,,
benefit,subsistence,0.01940109721045027,0.9360687503560512,,
kiss,subsistence,0.019701822334482855,NA,,Model convergence problem; non-positive-definite Hessian matrix. See vignette('troubleshooting')
being,subsistence,0.020554782561167377,0.9415994731314771,,
butterfly,subsistence,0.021663571787009048,0.9112669703870581,,
trunk,subsistence,0.0218446813497422,0.9020096108163091,,
nail,subsistence,0.02248659139080044,0.8238660124437126,,
patience,subsistence,0.02255089129736508,0.9387491355860239,,
slave,subsistence,0.023207030803310637,0.9370922760608713,,
beginning,subsistence,0.023240480047965868,NA,Model convergence problem; non-positive-definite Hessian matrix. See vignette('troubleshooting'),
handful,subsistence,0.023899549521249803,0.9219223256015466,,
goal,subsistence,0.024065571876240255,0.9210877951609848,,
mercy,subsistence,0.02532489831655295,0.9274676386512335,,
interest,subsistence,0.026798979131324705,0.8989356697861794,,
medicine,subsistence,0.026892621238460878,0.8900997524574896,,
dusk,subsistence,0.02816497562526271,0.8580923676607867,,
overflow,subsistence,0.02891622491780637,NA,Model convergence problem; non-positive-definite Hessian matrix. See vignette('troubleshooting'),
music,subsistence,0.02929023750040366,0.917420961642542,,
heart,subsistence,0.031561084700412655,0.820206068086767,,
layer,subsistence,0.03204868016495753,0.8945396042160704,,
dancer,subsistence,0.032191364083746545,0.9122956469394924,,
dance,subsistence,0.03220000569022794,0.8540245342947733,,
doorway,subsistence,0.0331484589235918,0.8996710216764296,,
command,subsistence,0.03387346001157371,NA,Model convergence problem; non-positive-definite Hessian matrix. See vignette('troubleshooting'),Model convergence problem; non-positive-definite Hessian matrix. See vignette('troubleshooting')
shower,subsistence,0.03588503054795317,0.8392184746766211,,
route,subsistence,0.03742665610778406,NA,,Model convergence problem; non-positive-definite Hessian matrix. See vignette('troubleshooting')
odor,subsistence,0.037714808221961986,0.8614606363161146,,
circumstance,subsistence,0.03805873600006793,0.8527943138132437,,
mood,subsistence,0.03853709890589146,0.8938555622871717,,
love,subsistence,0.03898468417621373,0.7695492232564501,,
table,subsistence,0.0393038667059184,0.843165865619914,,
crab,subsistence,0.03990905459806607,0.894432773176623,,
problem,subsistence,0.040243866949064275,0.8825463405862555,,
store,subsistence,0.04034348319401404,0.7947728397079148,,
glance,subsistence,0.043075858474996544,NA,Model convergence problem; non-positive-definite Hessian matrix. See vignette('troubleshooting'),
knife,subsistence,0.04316544100655497,0.7461382728665087,,
claw,subsistence,0.04384448843105796,0.7935423575091366,,
fun,subsistence,0.04406703212842523,0.8245123749324758,,
honor,subsistence,0.04501190563527235,0.8618687053018048,,
explanation,subsistence,0.04513197295322603,0.8792558542067355,,
slap,subsistence,0.04552615243631165,0.8445177337876955,,
kite,subsistence,0.045799180740312306,0.8925159124367132,,
hunger,subsistence,0.04602755214239097,0.7827571361579062,,
disgust,subsistence,0.046737895899885785,0.8569024097255827,,
evening,subsistence,0.04692622005296289,NA,,Model convergence problem; non-positive-definite Hessian matrix. See vignette('troubleshooting')
bread,subsistence,0.04704758891455678,0.8026193680915926,,
lightning,subsistence,0.04776199329479656,0.7561170996844168,,
growth,subsistence,0.04800468018535713,0.8330531652558915,,
shed,subsistence,0.04982820434203792,0.7754507840963735,,
lady,subsistence,0.05076096537771546,0.8692059219245547,,
regret,subsistence,0.05120567083665676,0.8555355934339812,,
rule,subsistence,0.05134781078816744,0.8028800082318163,,
branch,subsistence,0.0522788350136038,0.6915130818900018,,
slope,subsistence,0.05327662318651019,0.7938468847858632,,
doctor,subsistence,0.053651558810948984,0.8241963377469913,,
blood,subsistence,0.054209119365630234,0.537072466113929,,
darkness,subsistence,0.054420969188349176,0.7996920559025742,,
room,subsistence,0.054485495342199354,0.7570549886670979,,
sweep,subsistence,0.05458816702448449,0.6121571635022374,,
chip,subsistence,0.05462775272542809,0.7844880829527033,,
sling,subsistence,0.055343798555502755,0.8026520560946954,,
rattle,subsistence,0.05660887113119162,0.8236827201380884,,
care,subsistence,0.05711523474655471,0.596807511221266,,
stone,subsistence,0.05740717654120703,0.7072430587597425,,
completion,subsistence,0.05790864883975138,0.8051426500516841,,
pain,subsistence,0.05821058330942428,0.6410125955506775,,
mistake,subsistence,0.05907494684451554,0.6596884535411792,,
hat,subsistence,0.05939716916282572,0.756645890751562,,
punch,subsistence,0.059762068614358,0.8152138735116196,,
boundary,subsistence,0.060354733623398445,0.790795781497157,,
heat,subsistence,0.06061519272247171,0.6599557167143462,,
rest,subsistence,0.062356844896799046,0.6182725660232435,,
march,subsistence,0.06323855331954993,0.7115952169379711,,
worker,subsistence,0.06346427374397905,0.7432189473910175,,
portion,subsistence,0.06348403568066435,0.7725793773466552,,
scream,subsistence,0.06388919896413557,0.7335721403960869,,
pool,subsistence,0.0659037600116802,0.7109860467637555,,
influence,subsistence,0.06668273837549901,0.8010698111333521,,
beak,subsistence,0.06730742379269639,NA,Model convergence problem; non-positive-definite Hessian matrix. See vignette('troubleshooting'),Model convergence problem; non-positive-definite Hessian matrix. See vignette('troubleshooting')
trouble,subsistence,0.0680862149677963,0.7302913755096109,,
swamp,subsistence,0.06937118304223892,0.8218279664174256,,
pressure,subsistence,0.06943948258220518,0.7235090480895028,,
towel,subsistence,0.07008142682182096,0.7236809284191513,,
ancestor,subsistence,0.07074878752965696,0.7566657555696575,,
friend,subsistence,0.0718903484609121,0.5742987746889542,,
heaven,subsistence,0.07335921129552468,0.7433497895351091,,
connection,subsistence,0.07361596616576134,0.7245955875102515,,
content,subsistence,0.07363888996876865,NA,Model convergence problem; non-positive-definite Hessian matrix. See vignette('troubleshooting'),
steam,subsistence,0.07392620893793762,0.700591974550627,,
silver,subsistence,0.0742876404976568,0.764409092091839,,
fiber,subsistence,0.07484157292849164,0.7548112278268471,,
oil,subsistence,0.07621596747151067,0.6826936361957927,,
bear,subsistence,0.07625211246229478,0.7048418841042988,,
trap,subsistence,0.07747601443931715,0.7384272111767313,,
shine,subsistence,0.0777984838030157,0.6624490854213572,,
car,subsistence,0.07886538447592194,0.8183652534478539,,
success,subsistence,0.07892377979841833,0.7519945086188318,,
wax,subsistence,0.07895458790234647,0.7127720132200143,,
feces,subsistence,0.07909674214811079,0.7585891932731633,,
wound,subsistence,0.07980509011426057,0.5911380289129562,,
guest,subsistence,0.0798420861005127,0.8110573200461936,,
nurse,subsistence,0.08010930970481493,0.6431911952443244,,
dust,subsistence,0.08023880844591944,0.5203574673549375,,
figure,subsistence,0.08042623071989835,0.7307860961013866,,
prey,subsistence,0.08084139651156778,0.7656038640060014,,
ladder,subsistence,0.0820313193225332,0.5959306841469101,,
tag,subsistence,0.08264379982968609,NA,Model convergence problem; non-positive-definite Hessian matrix. See vignette('troubleshooting'),
cream,subsistence,0.0829273251351258,0.8146894495551387,,
mourning,subsistence,0.08420124136263989,0.7140168768215186,,
wisdom,subsistence,0.08420957492976346,0.7920763465193681,,
supply,subsistence,0.08421142495758804,0.684326727432732,,
leaf,subsistence,0.08478460771144611,0.5932538715189484,,
permission,subsistence,0.08598783390898813,0.6279417553094044,,
snail,subsistence,0.08701747375119766,0.7172812621059815,,
cat,subsistence,0.08729553484890702,0.5609888531760157,,
liquid,subsistence,0.08765127359060307,0.6415379255189064,,
charcoal,subsistence,0.08981296561214677,0.6011268486168306,,
ear,subsistence,0.09000044679946921,0.3774440415164074,,
plug,subsistence,0.09080505151768764,0.7164149774755603,,
path,subsistence,0.09161105076355067,0.6341280886252789,,
spin,subsistence,0.09191278916403138,NA,,Model convergence problem; non-positive-definite Hessian matrix. See vignette('troubleshooting')
ink,subsistence,0.09271342921351661,0.7608413947767887,,
pond,subsistence,0.09285156733928819,0.6600121799760887,,
soldier,subsistence,0.09297731287179539,0.6195511052951734,,
basis,subsistence,0.09335304102283082,NA,"Model convergence problem; non-positive-definite Hessian matrix. See vignette('troubleshooting');Model convergence problem; singular convergence (7). See vignette('troubleshooting'), help('diagnose')","Model convergence problem; non-positive-definite Hessian matrix. See vignette('troubleshooting');Model convergence problem; singular convergence (7). See vignette('troubleshooting'), help('diagnose')"
foundation,subsistence,0.09344186060428629,0.7362104608237376,,
mist,subsistence,0.09401372571570357,0.5830586622145907,,
company,subsistence,0.09418083722495747,0.698840069551933,,
settlement,subsistence,0.09560967179454676,NA,,Model convergence problem; non-positive-definite Hessian matrix. See vignette('troubleshooting')
sake,subsistence,0.09663552520853166,0.7736247899513355,,
defeat,subsistence,0.09693231754020824,0.7417728786711691,,
second,subsistence,0.09714768614546644,0.4496021692751546,,
cord,subsistence,0.09722641488454176,0.5057010976173035,"Model convergence problem; singular convergence (7). See vignette('troubleshooting'), help('diagnose')",
mix,subsistence,0.09726051472928776,0.4392307292008534,,
pant,subsistence,0.09728851717435379,NA,,Model convergence problem; non-positive-definite Hessian matrix. See vignette('troubleshooting')
crow,subsistence,0.09833135310303606,0.6212978998781418,,
honey,subsistence,0.09875021941169831,0.6835117157635257,,
color,subsistence,0.09912524972197054,0.4539411490061324,,
air,subsistence,0.09962854213890474,0.36218161939893917,,
length,subsistence,0.10029326633436657,0.5648910076670731,,
argument,subsistence,0.10187650561952445,0.5494652420186826,,
door,subsistence,0.10262114919907304,0.35650662381370024,,
drip,subsistence,0.1032888780958138,0.5620167620316527,,
plane,subsistence,0.10345682626060838,0.6196565208183025,,
difficulty,subsistence,0.1047141059158967,0.6154820943389107,,
board,subsistence,0.10537357977638086,0.6427302273369393,,
hospital,subsistence,0.10547699897767973,0.6882488013327117,,
heap,subsistence,0.10611610793883824,0.6392826206731621,,
frog,subsistence,0.10614912406373667,0.587817728110404,,
waist,subsistence,0.10633865088594491,0.5765206085290409,,
excrement,subsistence,0.10643352365427047,0.6344936555782897,,
pencil,subsistence,0.1072477368362529,0.6546510207977568,,
substance,subsistence,0.10836592738511393,0.6794710912194354,,
bed,subsistence,0.10864594517604166,0.3660102982971229,,
afternoon,subsistence,0.11048100903005018,0.5545658094252695,,
enemy,subsistence,0.11053108603004219,0.6285410899885016,,
butcher,subsistence,0.11076306159694686,0.6793479628748975,,
shield,subsistence,0.11213773909225386,0.6299062222143488,,
bloom,subsistence,0.11365971571828148,0.5897000013377411,,
visitor,subsistence,0.11368643813371657,0.6288043976445146,,
attack,subsistence,0.11389581596287567,0.531240045516887,,
issue,subsistence,0.113996216369677,0.668915134828588,,
barrel,subsistence,0.11414737924052264,0.679817519909398,,
twig,subsistence,0.11441927492902007,NA,,NA/NaN function evaluation;NA/NaN function evaluation;Model convergence problem; non-positive-definite Hessian matrix. See vignette('troubleshooting')
abuse,subsistence,0.11509319611693156,0.6855336038970701,,
nest,subsistence,0.11510742256771707,0.45381820039461557,,
copper,subsistence,0.11514170934049672,0.6500068040216243,,
strand,subsistence,0.11691328169499259,0.7045916461456371,,
screw,subsistence,0.11874169510603341,0.6830960549544672,,
share,subsistence,0.11927178611799802,0.4348055009122315,,
existence,subsistence,0.11944285911756818,0.6363362231942833,,
skirt,subsistence,0.11951681631524079,0.5865350635091378,,
insect,subsistence,0.12047535882397631,0.5164717269019198,,
priest,subsistence,0.12119662023362374,0.6854629743999034,,
razor,subsistence,0.12119842396073384,0.5144213773255687,,
curl,subsistence,0.1221523879224591,0.5363696410186303,,
request,subsistence,0.12244385355474986,0.5233621088147172,,
butt,subsistence,0.12283873593815081,0.49795508898126695,,
earthquake,subsistence,0.12338310186066254,0.5478061505539641,,
war,subsistence,0.12489544209729384,0.5247970589714797,,
penis,subsistence,0.12710751458644395,0.5488763315813422,,
entrance,subsistence,0.12815732213791334,0.5437478812019112,,
plant,subsistence,0.12954582973425058,0.4068817369576584,,
vagina,subsistence,0.130489300871861,0.625367246952923,,
groan,subsistence,0.1307104852276039,NA,"Model convergence problem; singular convergence (7). See vignette('troubleshooting'), help('diagnose')","Model convergence problem; non-positive-definite Hessian matrix. See vignette('troubleshooting');Model convergence problem; singular convergence (7). See vignette('troubleshooting'), help('diagnose')"
steel,subsistence,0.13133384286982314,0.5699562675594813,,
liar,subsistence,0.13150344749619544,0.49636453732977087,,
spade,subsistence,0.13161045180242878,0.6101797761788155,,
quality,subsistence,0.1324432429870341,0.5284359413346505,,
infant,subsistence,0.1334775786116419,0.5042623280698526,,
account,subsistence,0.13378995149207754,0.5678447869844102,,
glue,subsistence,0.1338420952518392,0.5079438362946967,,
death,subsistence,0.13396357168304496,0.36867200548626317,,
curse,subsistence,0.13453284425776685,0.4847688888655967,,
answer,subsistence,0.13485285921495,0.3513198959367136,,
exchange,subsistence,0.13508982301741349,0.4611301111146586,,
promise,subsistence,0.1354770970320943,0.45581671910200305,,
wrinkle,subsistence,0.13557170210298886,0.5972047864305883,,
mustache,subsistence,0.13868217247547118,0.4759907387939206,,
dung,subsistence,0.13943091969015406,0.5757258698689023,,
sea,subsistence,0.13950841701979835,0.6633354760275486,,
flood,subsistence,0.1400482261256218,0.3033723246313165,,
stripe,subsistence,0.14039119658843519,0.5426261538242263,,
lap,subsistence,0.14126624038966631,0.5139666080005183,,
drink,subsistence,0.14139595654484843,0.23151641348940277,,
month,subsistence,0.14222245232292452,0.4089839761161447,,
sickness,subsistence,0.14245689474185258,0.4877147970070673,,
hammer,subsistence,0.1427974063609495,0.3525354099062184,,
dot,subsistence,0.14557151333188167,0.6422085792631348,,
mirror,subsistence,0.14637380992346655,NA,Model convergence problem; non-positive-definite Hessian matrix. See vignette('troubleshooting'),
oath,subsistence,0.14687168971105832,0.6259245270985309,,
interior,subsistence,0.14726397036365396,0.5901230340520838,,
flock,subsistence,0.14745570643448008,0.5655635025962197,,
mole,subsistence,0.14750348112716613,NA,Model convergence problem; non-positive-definite Hessian matrix. See vignette('troubleshooting'),Model convergence problem; non-positive-definite Hessian matrix. See vignette('troubleshooting')
journey,subsistence,0.14756711781192466,0.565142671880868,,
sheath,subsistence,0.14760083670976432,0.5302775472626836,,
tool,subsistence,0.14834890499374298,0.4399213439718356,,
greeting,subsistence,0.14854767728531382,0.5182094654419301,,
jerk,subsistence,0.14910616959438944,0.5784702256947006,,
judge,subsistence,0.14939343030418853,0.542360148326509,,
history,subsistence,0.15031896665024883,0.5415113458945839,,
plow,subsistence,0.15080525233999012,0.579230451259253,,
earth,subsistence,0.15428349565629576,0.32417128638305354,,
tooth,subsistence,0.15488854989795878,0.28141861224626397,,
equivalent,subsistence,0.1568074886457872,0.3677139351647392,,
government,subsistence,0.15688316751087802,0.6143929749573893,,
airplane,subsistence,0.15752983324931163,0.5774240813449638,,
blister,subsistence,0.15813117129852294,0.44693489192602875,,
spider,subsistence,0.15840159539572052,0.35727000910499807,,
guide,subsistence,0.1604714586332224,0.33239492449319097,,
coffee,subsistence,0.16097340165423787,0.6156581413814696,,
earring,subsistence,0.16107182620718244,0.569445349985802,,
onion,subsistence,0.16146623475208152,0.44235707017718395,,
mound,subsistence,0.16163039482445055,0.41141277533064685,,
wealth,subsistence,0.16258962886509315,0.5224665779874954,,
shelf,subsistence,0.1627814537059366,0.5042964528666182,,
judgment,subsistence,0.16309568776001962,0.6304765990979778,,
spittle,subsistence,0.16371684962042035,NA,"Model convergence problem; non-positive-definite Hessian matrix. See vignette('troubleshooting');Model convergence problem; singular convergence (7). See vignette('troubleshooting'), help('diagnose')",Model convergence problem; non-positive-definite Hessian matrix. See vignette('troubleshooting')
comfort,subsistence,0.16402532411066312,0.5308274524155473,,
bundle,subsistence,0.16405589616700367,0.4035980116831964,,
scissors,subsistence,0.16418520755066104,0.3324395197931969,,
crest,subsistence,0.16456338013765096,0.41737722673330974,"Model convergence problem; singular convergence (7). See vignette('troubleshooting'), help('diagnose')","Model convergence problem; singular convergence (7). See vignette('troubleshooting'), help('diagnose')"
gun,subsistence,0.16531327860352207,0.4692640287868592,,
scar,subsistence,0.1659357135821469,0.32920652030193787,,
platform,subsistence,0.16624251055916534,0.5461706410811673,,
nod,subsistence,0.16668458296357008,NA,,"Model convergence problem; non-positive-definite Hessian matrix. See vignette('troubleshooting');Model convergence problem; singular convergence (7). See vignette('troubleshooting'), help('diagnose')"
fin,subsistence,0.16777867663650806,0.47397565107524164,,
yesterday,subsistence,0.16780949752435786,0.34280610635766945,,
grant,subsistence,0.16813727734652156,0.5219974169358275,,
ball,subsistence,0.16899922328511327,0.2222945288178686,,
perfume,subsistence,0.1692245558142663,0.5865641685771918,,
beer,subsistence,0.16939565998640366,0.6374655730378007,,
twin,subsistence,0.16964948751431702,0.3245460977915181,,
lock,subsistence,0.16972268911729493,0.2856517039052382,,
basket,subsistence,0.1706802154044728,0.4618466913817978,,
umbrella,subsistence,0.17093271649993647,0.4924040284945381,,
anger,subsistence,0.1713670436761237,0.3138307201876582,,
rope,subsistence,0.17283109789944245,0.19441737744259455,,
adultery,subsistence,0.1729393299543016,0.4705764367926166,,
prisoner,subsistence,0.17318286218565676,0.5368052450093741,,
meeting,subsistence,0.17341419597656407,0.3983263990183266,,
leather,subsistence,0.17445482314959782,0.41083999599499493,,
flower,subsistence,0.1755901632701772,0.33261669008108596,,
lamp,subsistence,0.1761428042025832,0.44436470566564196,,
powder,subsistence,0.17840047883018517,0.33413201314837515,,
strip,subsistence,0.17841938854950343,0.28064556467868756,,
trace,subsistence,0.17987247641729576,0.4367249685747061,,
aim,subsistence,0.1802746848713104,0.3985881705642819,,
beauty,subsistence,0.1803186000951207,0.5142816826168167,,
height,subsistence,0.18152935534809223,NA,Model convergence problem; non-positive-definite Hessian matrix. See vignette('troubleshooting'),
rash,subsistence,0.18264701183415813,0.2998672499958958,"Model convergence problem; singular convergence (7). See vignette('troubleshooting'), help('diagnose')","Model convergence problem; singular convergence (7). See vignette('troubleshooting'), help('diagnose')"
appearance,subsistence,0.18296869099217897,0.32469004177798455,,
vein,subsistence,0.1836172294547563,0.2155106140121066,,
descendant,subsistence,0.18497713576221267,0.5345840568373023,,
quarrel,subsistence,0.18548421099348608,0.397525144958158,,
metal,subsistence,0.18610031234947033,0.35484926454999166,,
frame,subsistence,0.18747199693795547,0.32508305341963767,,
ward,subsistence,0.18906204225066173,0.5405926081071927,,
shop,subsistence,0.19143478840138523,0.4936769282698478,,
hatch,subsistence,0.19170838736189055,NA,,Model convergence problem; non-positive-definite Hessian matrix. See vignette('troubleshooting')
flight,subsistence,0.19210132229861332,0.4390143732112053,,
luck,subsistence,0.19225608725891924,0.41960312928637966,,
eyelid,subsistence,0.1925172297107433,0.27230110985069583,,
arrangement,subsistence,0.19254483216582974,NA,Model convergence problem; non-positive-definite Hessian matrix. See vignette('troubleshooting'),
desire,subsistence,0.1940250148402339,0.2792585413358855,,
sheet,subsistence,0.1947153053265612,NA,,Model convergence problem; non-positive-definite Hessian matrix. See vignette('troubleshooting')
shock,subsistence,0.19552148458205248,0.46539922409895074,,
potato,subsistence,0.195865732922404,0.4456205447538153,,
tobacco,subsistence,0.19593009545573584,0.35169517074878764,,
match,subsistence,0.19694418542959924,0.1952921168757103,,
mortar,subsistence,0.1974995459202821,0.4305973013808078,,
rag,subsistence,0.19840704561340966,0.36366129426265514,,
window,subsistence,0.19882571917043493,0.2865357044293872,,
idea,subsistence,0.20011289810283323,0.3708263785239545,,
pet,subsistence,0.20075085844057786,0.43160869029812265,,
ability,subsistence,0.2008582416544055,0.38894497020822494,,
wheel,subsistence,0.20108527603150503,0.32705913472750825,,
limp,subsistence,0.20124172585489003,NA,Model convergence problem; non-positive-definite Hessian matrix. See vignette('troubleshooting'),NA/NaN function evaluation
substitute,subsistence,0.20300981540073684,0.4142928110507654,,
corner,subsistence,0.2031375321858007,0.06664013970822567,,
possession,subsistence,0.2035081250540533,0.23796132882587662,,
beetle,subsistence,0.2035990252424727,0.40335599120581866,,
lizard,subsistence,0.2040971707176137,0.35504240997444414,,
importance,subsistence,0.20414595868178467,0.3569374658291552,"Model convergence problem; singular convergence (7). See vignette('troubleshooting'), help('diagnose')","Model convergence problem; singular convergence (7). See vignette('troubleshooting'), help('diagnose')"
nation,subsistence,0.20424213585904788,0.5176672444608933,,
church,subsistence,0.20437715065029644,0.4782165899807274,,
murder,subsistence,0.20446339636496194,0.3081446677289789,,
divide,subsistence,0.20774036401845375,0.15007989120420281,,
whip,subsistence,0.20808929360881168,0.2618794011437988,,
party,subsistence,0.20814599822082291,0.32449366128191875,,
inch,subsistence,0.20848421040483964,0.5754569129088785,,
player,subsistence,0.2116554993851275,0.4234845889675057,,
truth,subsistence,0.21400206476137443,0.18155787435282159,,
concern,subsistence,0.21475998763717105,0.36118965635077654,,
memory,subsistence,0.21485652672689534,0.37761427908111195,,
tar,subsistence,0.21624237274233724,0.5646145050145076,,
battle,subsistence,0.2182053047876047,0.4840013657853078,,
student,subsistence,0.21903209089522369,0.4033326010006201,,
law,subsistence,0.2199054751710328,0.3549919529592391,,
moan,subsistence,0.22011609100716614,0.24292471602372573,,
worm,subsistence,0.22289828019520985,0.06280486704081632,,
fool,subsistence,0.22342225129808202,0.2992710018505762,,
roar,subsistence,0.22469970825986482,NA,Model convergence problem; non-positive-definite Hessian matrix. See vignette('troubleshooting'),Model convergence problem; non-positive-definite Hessian matrix. See vignette('troubleshooting')
soap,subsistence,0.22679167370889602,0.1922647684690149,,
health,subsistence,0.22775184821977867,0.18074278801347204,,
sway,subsistence,0.22889601710811833,NA,Model convergence problem; non-positive-definite Hessian matrix. See vignette('troubleshooting'),
nut,subsistence,0.22949320575411997,0.26706179024921917,,
instruction,subsistence,0.23065605644882942,NA,,Model convergence problem; non-positive-definite Hessian matrix. See vignette('troubleshooting')
witness,subsistence,0.2308257881188198,0.33347368486802753,,
expression,subsistence,0.23105530398875548,NA,,Model convergence problem; non-positive-definite Hessian matrix. See vignette('troubleshooting')
value,subsistence,0.23205036608916277,0.1924597995477149,,
bridge,subsistence,0.2321575619732807,0.20844175623660607,,
preparation,subsistence,0.23256214952907472,0.3083363816962612,,
youth,subsistence,0.23530687510484333,0.2777056304644724,,
timber,subsistence,0.23565643283658777,0.46082775785151087,,
address,subsistence,0.23592649469456003,0.2800893136494704,,
unit,subsistence,0.23798782765800444,0.35809849236910496,,
mucus,subsistence,0.23800037064440066,NA,,Model convergence problem; non-positive-definite Hessian matrix. See vignette('troubleshooting')
scrub,subsistence,0.23870885560288965,0.44047477781692135,,
leap,subsistence,0.2396724373061852,0.3364654557971932,"Model convergence problem; singular convergence (7). See vignette('troubleshooting'), help('diagnose')",
excuse,subsistence,0.24030079695072368,0.319153882063571,,
tree,subsistence,0.2413349230686047,0.06669148603377793,,
struggle,subsistence,0.24271781068490933,0.34209032996819844,,
intention,subsistence,0.2429892817381646,0.32860692520059637,,
condition,subsistence,0.24435876926591263,NA,,Model convergence problem; non-positive-definite Hessian matrix. See vignette('troubleshooting')
age,subsistence,0.2471637779356713,0.035291444636940374,,
thorn,subsistence,0.2474072642516139,0.13190515919948592,,
chair,subsistence,0.2502423123040008,0.155377210109189,,
lump,subsistence,0.250564238284341,0.23225167572358088,,
drum,subsistence,0.250886294099699,0.23837863896520525,,
police,subsistence,0.2519406026768154,NA,"Model convergence problem; non-positive-definite Hessian matrix. See vignette('troubleshooting');Model convergence problem; singular convergence (7). See vignette('troubleshooting'), help('diagnose')",
gas,subsistence,0.2529933728681499,0.4692382149250407,,
drizzle,subsistence,0.25475261498310975,0.2146321998035746,,
pipe,subsistence,0.25655146667939804,0.20619067409997316,,
mud,subsistence,0.2593460246955118,0.08195592067595282,,
fist,subsistence,0.26004638450307527,0.11584824366095985,,
trim,subsistence,0.260695847226938,NA,,"Model convergence problem; non-positive-definite Hessian matrix. See vignette('troubleshooting');Model convergence problem; singular convergence (7). See vignette('troubleshooting'), help('diagnose')"
arrival,subsistence,0.2617976644874898,0.2517631373382742,,
nickname,subsistence,0.2623864116635107,0.44511219271132096,,
belief,subsistence,0.26300662545666614,0.3418629416830281,,
learning,subsistence,0.26323251548553833,0.1391755604423866,,
contribution,subsistence,0.26457544727239446,0.2746013038557955,,
peak,subsistence,0.2647573390169331,0.28986401731349326,,
sheep,subsistence,0.26485660695832075,0.2789582348307078,,
butter,subsistence,0.2653535006844241,0.35203089254486414,,
prick,subsistence,0.2654852919497425,0.17715744738936517,,
agreement,subsistence,0.26584747566499595,0.18946530078460436,,
hum,subsistence,0.2660265388665998,0.3622002697231944,,
basin,subsistence,0.2666796226649842,0.3257288586404666,,
size,subsistence,0.2695942600799326,0.0833545933997489,,
brand,subsistence,0.2707229630289611,0.30427907142140487,,
rubbish,subsistence,0.27449292683173054,0.29388238511499354,,
grave,subsistence,0.2746823614557779,0.05631697816513538,,
firm,subsistence,0.27645539919904666,0.21865434742644632,,
skill,subsistence,0.27708025242890655,0.2786914724260444,,
perspiration,subsistence,0.27739578817864274,0.29555051768636603,,
hem,subsistence,0.2778263677413346,0.24000053527975726,,
stroke,subsistence,0.27811698244272176,0.2983738511522349,,
balance,subsistence,0.27865870904645634,0.3512682381814527,,
shirt,subsistence,0.2813781943151841,0.2043420203319215,,
payment,subsistence,0.28196276447545143,0.2864015568543299,,
fault,subsistence,0.2820141099819425,0.30328282949693247,,
agent,subsistence,0.28267038156296265,0.3147779724213205,,
stamp,subsistence,0.28287316123332085,0.07019021241639155,,
trade,subsistence,0.2856619972866829,0.17837845960664728,,
birth,subsistence,0.2858819570395467,0.022170628850673862,,
custom,subsistence,0.28608732305714996,0.14508993495797193,,
trumpet,subsistence,0.286143939004851,0.30583167246087933,,
injury,subsistence,0.29094112626703894,NA,Model convergence problem; non-positive-definite Hessian matrix. See vignette('troubleshooting'),
ceremony,subsistence,0.2925296076388012,0.30536066056612327,,
ruler,subsistence,0.2927826652750539,0.41253057868824117,,
seed,subsistence,0.2928444864502126,0.10116637389443524,,
author,subsistence,0.29389023940311637,0.25346011315874173,,
vessel,subsistence,0.2941702178972002,0.3450771645288037,,
flag,subsistence,0.2960710031962134,0.25811239500763444,,
opportunity,subsistence,0.296669170681603,0.21089128375489422,,
knowledge,subsistence,0.2967756231139296,0.03239237688980351,,
result,subsistence,0.2967998168190027,0.09568715502478818,,
opinion,subsistence,0.2975030439911697,0.27290262374392776,,
mixture,subsistence,0.2987445224041417,0.1069610629311696,,
pu,subsistence,0.3010818407777431,0.07103756128237283,,
hut,subsistence,0.3011856988603684,0.3076956733408912,,
row,subsistence,0.3014101694238996,0.038542216935617366,,
leader,subsistence,0.3017420514755282,NA,Model convergence problem; non-positive-definite Hessian matrix. See vignette('troubleshooting'),
polish,subsistence,0.3019592717201098,0.17452381847169954,,
machine,subsistence,0.3019954437538215,0.28063499525835345,,
warning,subsistence,0.30200441151752483,0.11888022419749847,,
salt,subsistence,0.30272809786454846,0.0028829168567667865,,
corpse,subsistence,0.30360189753753225,0.11849491817396773,,
contract,subsistence,0.30596900711617536,0.2302431312022806,,
book,subsistence,0.3068016585214303,0.06430005954858162,,
practice,subsistence,0.3068804806419802,0.044618017021895856,,
conduct,subsistence,0.3072499519430911,0.3628378533254558,,
clay,subsistence,0.30933339290171513,0.10731563992476065,,
spell,subsistence,0.3103627651650126,0.189643378738353,,
silence,subsistence,0.31082670158062947,0.230151336509343,,
companion,subsistence,0.3128079438046662,0.20715766536615984,,
sting,subsistence,0.313354078657921,0.04893871236892208,,
kid,subsistence,0.3140966497796858,0.3670652960472887,,
thread,subsistence,0.3143878605685242,0.10592714092822673,,
expert,subsistence,0.3145555975732607,0.40997843728222394,,
servant,subsistence,0.3147406873126755,0.2514009244233831,,
habit,subsistence,0.31505739459523596,0.1401505602714057,,
bat,subsistence,0.3172040805865491,0.04097923707214879,,"Model convergence problem; singular convergence (7). See vignette('troubleshooting'), help('diagnose')"
crown,subsistence,0.3177487418050317,0.04269548315030298,,
week,subsistence,0.3186083264626674,NA,Model convergence problem; non-positive-definite Hessian matrix. See vignette('troubleshooting'),Model convergence problem; non-positive-definite Hessian matrix. See vignette('troubleshooting')
juice,subsistence,0.31875575085857677,0.044294767313179474,,
pace,subsistence,0.3197477642480829,0.19842548275995053,,
dove,subsistence,0.32040623891805436,0.08100251471098374,,
chick,subsistence,0.320773192454096,0.17655881657503575,,
thrust,subsistence,0.32124678285479347,0.32763801169108153,,
consequence,subsistence,0.32195377911695783,NA,Model convergence problem; non-positive-definite Hessian matrix. See vignette('troubleshooting'),
crocodile,subsistence,0.32382872080077146,0.3453178395492712,,
trick,subsistence,0.32525404855720447,0.10983665724894005,,
road,subsistence,0.32557717819900134,0.04923753089268926,,
weight,subsistence,0.3260809531896099,0.013413952649490468,,
grief,subsistence,0.32609233519047687,0.3052876799195058,,
spy,subsistence,0.32617283653950896,0.14637078925608868,,
oven,subsistence,0.32750014694370894,0.43125742467610606,,
turtle,subsistence,0.3282009475345908,0.3395424203281387,,
gold,subsistence,0.3308030813691596,0.17900590653110943,,
delay,subsistence,0.3320663465973924,0.1778722407124956,,
tin,subsistence,0.33269225418540965,0.1837909448879324,,
cloth,subsistence,0.3333332382317142,0.07042162258929995,,
limit,subsistence,0.33573017255983434,0.18334653850658864,,
authority,subsistence,0.33591559060189363,0.2219587260486766,,
envy,subsistence,0.33627316024827086,0.21464179117946605,,
king,subsistence,0.337193904088529,0.19664437725847467,,
pop,subsistence,0.33775507451032694,0.23535453105093737,,
joke,subsistence,0.33908906143169304,0.08088909705534421,,
tradition,subsistence,0.3407272811623067,0.09048636556124336,,"Model convergence problem; singular convergence (7). See vignette('troubleshooting'), help('diagnose')"
progress,subsistence,0.3408741445958046,0.163129145427152,,
splinter,subsistence,0.3422374033074706,0.15814809011293363,,
pleasure,subsistence,0.34259457531200616,0.24449393411718487,,
laughter,subsistence,0.3428312727568742,NA,Model convergence problem; non-positive-definite Hessian matrix. See vignette('troubleshooting'),
tomorrow,subsistence,0.3436586463866774,0.09559449629109737,,
master,subsistence,0.34637155445244877,NA,,Model convergence problem; non-positive-definite Hessian matrix. See vignette('troubleshooting')
feast,subsistence,0.34681702983308343,0.28795215283630266,,
squirrel,subsistence,0.3472929593399579,0.2827341075057381,,
eel,subsistence,0.3475104572696038,0.19336831998325263,,
moment,subsistence,0.3475669576515534,0.14164120874338107,,
affection,subsistence,0.3477881348774623,0.10223473258173198,,
pupil,subsistence,0.3481201488132703,0.02792200546294137,,
bottle,subsistence,0.34820712121195635,0.029713748396220284,,
minute,subsistence,0.34878052183320724,0.08344172114184353,,
teacher,subsistence,0.3492797899495744,NA,Model convergence problem; non-positive-definite Hessian matrix. See vignette('troubleshooting'),Model convergence problem; non-positive-definite Hessian matrix. See vignette('troubleshooting')
effect,subsistence,0.35300719910881434,0.08688243693493036,,
method,subsistence,0.35376261152616173,0.19106893132792363,,
protection,subsistence,0.35458202855420146,0.1676833953976033,,
squash,subsistence,0.35522269467780165,0.31627345149512853,,
money,subsistence,0.35578283660462473,0.024219713840217542,,
worship,subsistence,0.3573640623042909,0.2604510519744888,,
scale,subsistence,0.35771112170544006,0.011711500717569661,,
waste,subsistence,0.35827312735314265,0.09806647292622381,,
carpenter,subsistence,0.3653771996848435,0.12880533155201912,,
evil,subsistence,0.36545912074965464,0.06747728275724506,,
coil,subsistence,0.365588981265723,0.09093224274721011,"Model convergence problem; singular convergence (7). See vignette('troubleshooting'), help('diagnose')",
dispute,subsistence,0.368987913004091,0.16981025162066055,,
elephant,subsistence,0.369080754225576,0.23123776395429485,,
kitchen,subsistence,0.36968360288443414,0.20862839158650165,,
household,subsistence,0.36973311033255163,0.24505394526539057,,
famine,subsistence,0.3699877942436422,NA,,Model convergence problem; non-positive-definite Hessian matrix. See vignette('troubleshooting')
purse,subsistence,0.37046750767639886,0.15275622540847797,,
rust,subsistence,0.3716731903710809,0.07121677962124992,,
shame,subsistence,0.37321697005795423,0.03655694442273855,,
guard,subsistence,0.3733517067606036,0.0318498150938434,,
creep,subsistence,0.3760028303175545,0.06592986772379049,,
weave,subsistence,0.37609457634287097,0.04570757194121852,,
wool,subsistence,0.37684023714946996,0.1733717313773344,,
division,subsistence,0.3777630256239782,0.06970143876105477,,
pine,subsistence,0.3787501039936584,0.18244018277169885,,
urge,subsistence,0.380859541050401,0.2744615721441736,,
gap,subsistence,0.38305338387396026,0.15284260939271396,,
repair,subsistence,0.383428787517354,0.06503341691686045,,
broom,subsistence,0.3835409544643248,0.027259091018530426,,
iron,subsistence,0.3837818253799689,0.021819130804474278,,
wall,subsistence,0.386433821622175,0.021997393248601685,,
deed,subsistence,0.3877699969973569,0.2754802283859126,,
advice,subsistence,0.38881165216515345,NA,Model convergence problem; non-positive-definite Hessian matrix. See vignette('troubleshooting'),
bowl,subsistence,0.38902650239933045,0.010835144881759518,,"Model convergence problem; singular convergence (7). See vignette('troubleshooting'), help('diagnose')"
tongs,subsistence,0.38969973203675984,NA,Model convergence problem; non-positive-definite Hessian matrix. See vignette('troubleshooting'),
cricket,subsistence,0.3906998281057517,0.05653317641482218,,
joy,subsistence,0.3913421422659743,0.17204329750845432,,
conversation,subsistence,0.3932855276700018,0.02610850754341493,,
fence,subsistence,0.39576741776058527,0.034926358196017464,,
service,subsistence,0.39853924266887253,0.09010032915341917,,
date,subsistence,0.3996043259047784,0.05877185413982368,,
increase,subsistence,0.40018421188938474,0.020169772143268785,,
marriage,subsistence,0.4016230479148178,NA,Model convergence problem; non-positive-definite Hessian matrix. See vignette('troubleshooting'),
angel,subsistence,0.4023088342799215,0.1336818962050882,,
lid,subsistence,0.4042405320761059,0.027799686045807282,,
lord,subsistence,0.40458214363404055,0.27484739208279735,,
milk,subsistence,0.40553490144788173,0.02499226779780886,,
ring,subsistence,0.4062117333877529,0.0017799476449239827,,
owner,subsistence,0.4069620701397946,0.04802521182971975,,
noon,subsistence,0.4069853351215044,0.03404100736555228,,
molar,subsistence,0.40763510421965526,0.15772501097963837,,
dam,subsistence,0.4082727563279401,0.17068175332387614,,
decision,subsistence,0.408450413882117,0.15672817290279734,,
ant,subsistence,0.41243516011226355,0.0866084452451376,,
slack,subsistence,0.4137278398288997,NA,Model convergence problem; non-positive-definite Hessian matrix. See vignette('troubleshooting'),
knot,subsistence,0.4137398832739063,0.008375543343753287,,
rot,subsistence,0.4165897087556176,0.11994465205528947,,
building,subsistence,0.41726641055465946,0.011473842528534759,,
aid,subsistence,0.41879094687161456,0.07439427544393634,,
magic,subsistence,0.4217164751737074,0.13101981776606267,,
trust,subsistence,0.42197175292652567,0.08612088964952654,,
queen,subsistence,0.4225844990701428,0.06281147928117,,
span,subsistence,0.4227889015132945,0.1960371020175851,,
stack,subsistence,0.42355978109345915,0.14436919804942558,,
advantage,subsistence,0.42372119184456564,0.12676923323452555,,
extract,subsistence,0.4239030014957041,0.03860137097369373,,
task,subsistence,0.4259717888615539,0.07689407306038244,,
city,subsistence,0.4264539875403802,0.14823442434069875,,
suit,subsistence,0.42648111736257,0.13985455864333593,,
stalk,subsistence,0.4295353966398421,0.03744127272660864,,
court,subsistence,0.4296878951449133,0.06258457526815334,,
faith,subsistence,0.4301146938253215,NA,Model convergence problem; non-positive-definite Hessian matrix. See vignette('troubleshooting'),
bachelor,subsistence,0.4304015988241516,0.13968422037688352,,
loss,subsistence,0.433027573272008,0.06217570383510282,,
exercise,subsistence,0.43458699017353475,0.09753032177540094,,
punishment,subsistence,0.4363369366373925,0.11359821245638191,,
bowel,subsistence,0.43757070602055803,0.03836370101196795,,
assistance,subsistence,0.43833068689525445,0.018758142375545638,,
neglect,subsistence,0.4414330004700162,0.1997593088498473,,
burden,subsistence,0.4423097859221684,0.03452056746816459,,
god,subsistence,0.4426751884883892,0.1241192020091238,,
officer,subsistence,0.4494043834957486,0.09904989610858256,,
fruit,subsistence,0.4510091706154198,0.006604050757263952,,
soul,subsistence,0.45288046113307406,0.04662180156159742,,
straw,subsistence,0.45639544679160526,0.10738351056245977,,
misfortune,subsistence,0.4576285972052242,0.06426903436293592,,
reward,subsistence,0.4576893031620848,0.11847822390550812,,
remainder,subsistence,0.4582057963875024,0.02742913547825199,"Model convergence problem; singular convergence (7). See vignette('troubleshooting'), help('diagnose')",
meal,subsistence,0.4595440911318928,NA,Model convergence problem; non-positive-definite Hessian matrix. See vignette('troubleshooting'),
shrub,subsistence,0.4609120489272575,0.173659823327261,,
comb,subsistence,0.46263700138059444,0.01676801021243856,,
harm,subsistence,0.4661214225268622,0.02378240208827108,,
pigeon,subsistence,0.4666669998045444,0.04223828129095261,,
jail,subsistence,0.46813106550528844,0.07153322693298546,,
chance,subsistence,0.46828578547623284,0.04518347602236569,,
plan,subsistence,0.46894585973053665,NA,Model convergence problem; non-positive-definite Hessian matrix. See vignette('troubleshooting'),Model convergence problem; non-positive-definite Hessian matrix. See vignette('troubleshooting')
bracelet,subsistence,0.4703007726163428,0.08303718486949753,,
arrest,subsistence,0.47112736031297425,0.07327072671763486,,
cabbage,subsistence,0.4712573958511526,0.10747780629553871,,
sorrow,subsistence,0.47182770657063205,0.07391579645721001,,
offspring,subsistence,0.474343474983327,NA,Model convergence problem; non-positive-definite Hessian matrix. See vignette('troubleshooting'),
job,subsistence,0.4750980235371022,0.018426334288786938,"Model convergence problem; singular convergence (7). See vignette('troubleshooting'), help('diagnose')",
bill,subsistence,0.4765325792558033,0.057183976291960384,,
pod,subsistence,0.48147962364969343,0.03528112242469333,,
burial,subsistence,0.4836190489170826,0.03013893546928698,,
dwarf,subsistence,0.48778189386067416,0.03850875989485583,,
hour,subsistence,0.4899897881729073,0.008348665299741247,,
religion,subsistence,0.49013853807752034,0.0760163351640102,,
width,subsistence,0.49019635981077136,0.04669449960618571,,
trouser,subsistence,0.4915974199117173,0.038463633019018194,,
yard,subsistence,0.4916874972599659,0.051269049597275025,,
bench,subsistence,0.4933256629156749,0.08032937791975941,,
bell,subsistence,0.4934091560787205,0.005613864257503372,,
residence,subsistence,0.4934300927239791,0.06579049177070453,,
angle,subsistence,0.49512632377999166,0.02833169132838864,,
soil,subsistence,0.49582472108139125,NA,"Model convergence problem; non-positive-definite Hessian matrix. See vignette('troubleshooting');Model convergence problem; singular convergence (7). See vignette('troubleshooting'), help('diagnose')",
seat,subsistence,0.4970317464053607,0.005748006068759114,,
bud,subsistence,0.4971997894836238,0.027531290960526155,,
cattle,subsistence,0.49981987776819287,0.09725193853860732,,
clock,subsistence,0.5027911833047309,0.057285527142445745,,
swarm,subsistence,0.5040338197696704,0.044471298420174984,,
prayer,subsistence,0.5049955653818893,0.06493653998834435,,
fern,subsistence,0.5076973296392245,0.1487033287159303,,
prison,subsistence,0.510054838435413,0.03956760196134066,,
train,subsistence,0.5136539705619065,0.02502784680860027,,
gossip,subsistence,0.5145222010308416,0.019309520929813154,"Model convergence problem; singular convergence (7). See vignette('troubleshooting'), help('diagnose')",
behavior,subsistence,0.5159086402480201,0.03372055592318499,,
fan,subsistence,0.5224511110518998,0.02695651454132415,,
peace,subsistence,0.5253034024382172,0.02057491631346961,,
bee,subsistence,0.5254891079972848,0.04047061176968864,,
cure,subsistence,0.5275467528143009,0.010950514843632733,,
plank,subsistence,0.528263399451478,0.040191671630415274,,
chain,subsistence,0.529234295119571,9.87106039438707e-4,,
midday,subsistence,0.5332886650769157,0.017689734679724966,,
damage,subsistence,0.53724520525286,0.022778485731468342,,
claim,subsistence,0.5376079643662484,0.05279937214687178,,
cement,subsistence,0.542710622971269,0.05824319936845345,,
transport,subsistence,0.544565564082373,NA,Model convergence problem; non-positive-definite Hessian matrix. See vignette('troubleshooting'),"Model convergence problem; non-positive-definite Hessian matrix. See vignette('troubleshooting');Model convergence problem; singular convergence (7). See vignette('troubleshooting'), help('diagnose')"
rod,subsistence,0.5449105517278378,0.044321569531000714,,
office,subsistence,0.5453371030912061,0.03857954799423234,,
sieve,subsistence,0.5467977828064498,0.04456608841818356,,
sword,subsistence,0.5470098118092511,0.04294308893678129,,
cucumber,subsistence,0.5478843190041081,0.04230272608854493,,
response,subsistence,0.5483287716486105,NA,"Model convergence problem; non-positive-definite Hessian matrix. See vignette('troubleshooting');Model convergence problem; singular convergence (7). See vignette('troubleshooting'), help('diagnose')","Model convergence problem; non-positive-definite Hessian matrix. See vignette('troubleshooting');Model convergence problem; singular convergence (7). See vignette('troubleshooting'), help('diagnose')"
sip,subsistence,0.5514901680979627,NA,"failed to invert Hessian from numDeriv::jacobian(), falling back to internal vcov estimate;Model convergence problem; singular convergence (7). See vignette('troubleshooting'), help('diagnose')",Model convergence problem; non-positive-definite Hessian matrix. See vignette('troubleshooting')
cow,subsistence,0.5539072549626679,0.008960421383021444,,
bolt,subsistence,0.5548218367916299,0.02342845212815538,,
drain,subsistence,0.5577277723674705,0.015518105291574658,,
dye,subsistence,0.5593015825570735,0.005052954714032681,,
rice,subsistence,0.5594739574761434,0.16641116078084428,,
control,subsistence,0.5603568276083936,0.002568460797634248,,
wage,subsistence,0.5635659363528195,0.05877447039905123,,
wasp,subsistence,0.5652721385218564,0.01620351665469443,,
property,subsistence,0.5663391661669656,0.010165097714864365,,
forest,subsistence,0.5668516456409092,0.02387966995566548,,
border,subsistence,0.5673409323241398,0.013447077461878289,,
choice,subsistence,0.5678846085602093,0.011645775442347104,,
fortune,subsistence,0.5684876776978453,0.04155863344244529,,
patient,subsistence,0.5713927919393138,0.015868327362270784,,
enclosure,subsistence,0.5716163046152258,0.04515179448470367,,
roof,subsistence,0.5724552834978395,8.47922448135853e-4,,
tune,subsistence,0.5765833513017103,0.061892195532681764,,
labor,subsistence,0.5779002690836482,0.008553527423933279,,
goat,subsistence,0.5781743461080122,0.021304255636540783,,
foreigner,subsistence,0.5805810880335676,0.020797529921902504,,
intercourse,subsistence,0.5807430732392986,0.03433074933243092,,
bull,subsistence,0.5813657264226438,0.008578463721657508,,
sacrifice,subsistence,0.5836278043919442,0.09128852583340978,,
ditch,subsistence,0.5848831604528298,0.018933657777992257,,
rat,subsistence,0.5870775915656271,0.0018630152871870916,,
rumor,subsistence,0.5879411537486465,0.05617765667838342,,
mold,subsistence,0.5887539145104478,0.006586546403391199,,
reply,subsistence,0.5902354880721754,0.016645932455519766,,
quantity,subsistence,0.5913229031646874,0.012139507055419746,,
bath,subsistence,0.5924078262581257,0.02228348470083837,,
pen,subsistence,0.5956321378792183,0.05037319260086217,,
town,subsistence,0.5966993047869348,0.040182731857147914,,
friendship,subsistence,0.5985692772219107,0.026143776062594538,,
title,subsistence,0.59949294244782525,0.07641494646552496,,
flute,subsistence,0.6015948693185299,0.04301162590766705,,
image,subsistence,0.6028906302395324,0.015421496388423944,,
business,subsistence,0.6060807623017505,0.015405137964300283,,
dough,subsistence,0.6079590651165263,0.026151830021248688,,
origin,subsistence,0.6090656481913375,0.0016275440438026938,,
occasion,subsistence,0.6104909531568733,0.004621452508958255,,
thief,subsistence,0.6114007206049763,6.328701303703467e-4,,
flavor,subsistence,0.6115203679362656,0.008652137895716177,,
tax,subsistence,0.6164281523504775,0.0592628825032289,,
fashion,subsistence,0.6182234345399771,0.0018010824496856239,"Model convergence problem; singular convergence (7). See vignette('troubleshooting'), help('diagnose')","Model convergence problem; singular convergence (7). See vignette('troubleshooting'), help('diagnose')"
palm,subsistence,0.6301480463986459,0.0035094859922545837,,
beam,subsistence,0.6320276451697663,0.01319462656891021,,
tale,subsistence,0.6415139546143049,0.02380657979426497,,
disease,subsistence,0.6420868826166818,3.070236302610683e-4,,
confusion,subsistence,0.6455748179393362,0.022133150325238764,,
rite,subsistence,0.6463475187106211,0.08667649163548911,,
illness,subsistence,0.648391384674384,0.002556857146177425,,
soot,subsistence,0.658787977814607,0.0010512022548583488,,
pork,subsistence,0.6608590627005576,0.08426236881398562,,
army,subsistence,0.6608926333433628,0.053758698392979615,,
monkey,subsistence,0.6635158990039557,0.07148032559135001,,
weed,subsistence,0.664036459383994,0.004350790716922649,,
funeral,subsistence,0.6645047753446833,0.06632827043753425,,
paste,subsistence,0.6716276707118652,0.03368424854715529,,
wine,subsistence,0.6737531053852615,0.03820132957733087,,
pig,subsistence,0.6752971329149299,0.007097337209123444,,
responsibility,subsistence,0.6772342510832241,0.05140521598686862,,
cake,subsistence,0.6776292710581322,0.009364968934883562,,
stool,subsistence,0.6816649200042243,0.022275243321784783,,
tube,subsistence,0.6862260053303697,0.01780941247042618,,
fever,subsistence,0.6885548423449263,1.7942293635596612e-4,,
pat,subsistence,0.6931354732373437,0.048218303297825386,,
bar,subsistence,0.6945873555391612,0.0030557557800147076,,
happiness,subsistence,0.6992956417376902,0.006575695070865085,,
snake,subsistence,0.7002128159222542,0.0013367889174845792,,
ease,subsistence,0.7043651831621346,0.0013582030993137656,,
organ,subsistence,0.7069626206434036,8.430924986851989e-4,,
garden,subsistence,0.7146844386586907,0.007909343150709078,,
grain,subsistence,0.7204244557986155,0.009357428086884237,,
mushroom,subsistence,0.7247099399740119,0.031465222316930865,,
duty,subsistence,0.7309088538927087,0.017793502403892873,,
harvest,subsistence,0.7454712696702246,0.011959468508182521,,
gate,subsistence,0.76133059642095,0.007851316095346492,,
vegetable,subsistence,0.7649120474706183,0.0029384124503221065,,
clan,subsistence,0.7879326450854536,0.14525499239827963,,
tick,subsistence,0.7882537232075789,0.0019446121956920256,,
affair,subsistence,0.7887498499559756,0.009748636720255194,,
chicken,subsistence,0.7931787664780067,0.004582659027785805,,
reed,subsistence,0.8065031747396835,0.002728529523178509,,
street,subsistence,0.8065275646063627,0.015965404411339507,,
obligation,subsistence,0.8091882751789556,0.005610427463287879,,
hen,subsistence,0.8107112440124499,8.382457191918705e-5,"Model convergence problem; singular convergence (7). See vignette('troubleshooting'), help('diagnose')",
bang,subsistence,0.8138532341312946,0.016399814969092895,,
rim,subsistence,0.8225823399425661,5.667076985581993e-4,,
omen,subsistence,0.8252347274326118,0.007948358685581667,,
bus,subsistence,0.8271877244348674,0.009779679299257632,,
plot,subsistence,0.83291397124968,NA,Model convergence problem; non-positive-definite Hessian matrix. See vignette('troubleshooting'),
debt,subsistence,0.8337470314173114,2.0830914820336112e-4,,
coin,subsistence,0.8338220109549389,3.061281896467795e-4,,
fowl,subsistence,0.8355504404491713,0.0033679565424196045,,
pot,subsistence,0.8426494251505435,3.808692207539391e-4,,
ulcer,subsistence,0.8456773513130297,0.006717960146705892,,
bride,subsistence,0.8535091920691632,0.012879958442631548,,
hoe,subsistence,0.8537043741068167,0.025626235156622733,,
tone,subsistence,0.8543577398982944,0.07782992928514877,,
cock,subsistence,0.8625103102328808,0.004400090443386293,,
deposit,subsistence,0.8697393791591708,0.0015728906078925806,,
cotton,subsistence,0.8698160393103813,0.004978744484688426,,
sin,subsistence,0.8700788011140806,0.0030167715612979375,,
rooster,subsistence,0.8781562456674157,0.007889461257861025,,
wedding,subsistence,0.885416245063549,0.02510929412313733,,
divorce,subsistence,0.8869500368424712,0.001168670806119819,,
price,subsistence,0.8967588821575683,3.1228103180313604e-5,,
demand,subsistence,0.9389785409678991,0.0022288294637695665,,
sale,subsistence,0.9442856146549741,6.421054862633874e-4,,
sum,subsistence,0.9801795054173803,0.01599932309232798,,
jar,subsistence,0.9820878066558791,0.0017100847066269264,,
herb,subsistence,0.994468009092758,4.639757893257408e-4,,
cost,subsistence,1.007337845532527,5.856292003407382e-5,,
hell,subsistence,1.033487796685875,1.9960324372341357e-4,,
cane,subsistence,1.1017404799934558,4.483577070707385e-6,,
rank,subsistence,1.1037776972605051,9.297365692831352e-4,,
lime,subsistence,1.1052301618627982,0.001589264514134738,,
mill,subsistence,1.1174902753110207,5.354665247872869e-4,,
banana,subsistence,1.1345753217415497,7.404104103132594e-4,,
crop,subsistence,1.1382723588619654,6.554810005379425e-6,,
kernel,subsistence,1.1383624304108497,2.7996717379366e-4,,
vine,subsistence,1.1404905265672327,4.877380046078362e-4,,
yam,subsistence,1.1686190185007417,0.0076154230665748,,
pepper,subsistence,1.2152974838135147,3.1369137208996346e-5,,
ram,subsistence,1.255467391552619,0.0013740052679105065,,
bean,subsistence,1.275985632597251,8.76554478472041e-6,,
pumpkin,subsistence,1.2858637405426725,1.7725016884705306e-4,,
ban,subsistence,1.2975581872559678,0.002114702456826299,,
corn,subsistence,1.3279342260028129,6.763931720341736e-5,,
parrot,subsistence,1.3752082907796248,1.556641892533347e-6,,
charm,subsistence,1.3862788447857013,1.867260031483797e-4,,
bamboo,subsistence,1.4542826523485013,8.781564624255467e-4,,
market,subsistence,1.6508104580219602,NA,Model convergence problem; non-positive-definite Hessian matrix. See vignette('troubleshooting'),
district,subsistence,1.7341661469100553,2.9440424475253595e-6,,
