word,predictor,coefficient,p_val,warnings_m1,warnings_m2
snow,avgmonth_tmp,-0.8333959661180954,8.682854750245143e-40,,
frost,avgmonth_tmp,-0.6637611373884167,5.412297129267701e-28,,
winter,avgmonth_tmp,-0.6608489203163853,5.563260687959706e-27,,
autumn,avgmonth_tmp,-0.6385473648372604,6.780695581678252e-20,,
summer,avgmonth_tmp,-0.6261069412577327,7.761130049393259e-27,,
boot,avgmonth_tmp,-0.5838001139169963,4.944324368541902e-21,,
hay,avgmonth_tmp,-0.5764556670095968,5.508026336578918e-14,,
wagon,avgmonth_tmp,-0.5516826117812926,5.799353383487481e-9,,
chimney,avgmonth_tmp,-0.54552437971205,3.9351649616068176e-17,,
oak,avgmonth_tmp,-0.5358366969225266,9.44943711628301e-10,,
stove,avgmonth_tmp,-0.5264382219627212,2.4023479869638724e-11,,
dollar,avgmonth_tmp,-0.5234523324927771,1.183147967534129e-5,,
ice,avgmonth_tmp,-0.5100228898992158,5.784935127744851e-20,,
cheese,avgmonth_tmp,-0.5094197850589748,6.041924389761428e-13,,
apron,avgmonth_tmp,-0.48802530710570047,1.3328470264070727e-11,,
glove,avgmonth_tmp,-0.4870929248199155,6.555321259190627e-11,,
cliff,avgmonth_tmp,-0.47766842740376725,2.327325337885907e-13,,
telephone,avgmonth_tmp,-0.46610460558116795,4.336058286487256e-8,,
berry,avgmonth_tmp,-0.45261472894032706,2.673129153254443e-12,,
wolf,avgmonth_tmp,-0.45222833198499574,6.062838414991749e-15,,
hoop,avgmonth_tmp,-0.42932344737407946,6.26213199377218e-12,,
trail,avgmonth_tmp,-0.4174583034761211,8.943626791713686e-12,,
stocking,avgmonth_tmp,-0.4079198460571238,8.092661048494206e-10,,
sock,avgmonth_tmp,-0.4068180042234021,1.9405034893543774e-9,,
lace,avgmonth_tmp,-0.3858093276501215,1.039140771264616e-9,,
cloak,avgmonth_tmp,-0.38366464334274264,4.6760796993220946e-8,,
rack,avgmonth_tmp,-0.3808298908060229,2.660067068285165e-8,,
cupboard,avgmonth_tmp,-0.3807453352228239,2.161292038124621e-10,,
beer,avgmonth_tmp,-0.37519356195201325,8.461772320612901e-5,,
lard,avgmonth_tmp,-0.3722301874175035,2.8694186789039817e-7,,
whale,avgmonth_tmp,-0.36838789282390405,1.2246547252358209e-5,,
fur,avgmonth_tmp,-0.3675716657733226,5.870389825035349e-14,,
rustle,avgmonth_tmp,-0.3656867452981668,5.004671864918698e-6,,
coat,avgmonth_tmp,-0.3598775872305135,4.253573146149934e-11,,
ribbon,avgmonth_tmp,-0.35517728186895153,6.675653909097143e-8,,
moss,avgmonth_tmp,-0.3526863702160413,1.2009794176515201e-8,,
seal,avgmonth_tmp,-0.3469582527384737,3.734662619856636e-9,,
wool,avgmonth_tmp,-0.3448691311644796,1.4345599146753327e-10,,
haul,avgmonth_tmp,-0.34472019787952835,7.992882281287127e-7,,
lodge,avgmonth_tmp,-0.34236915222741887,6.318374558516267e-7,,
lunch,avgmonth_tmp,-0.341442478916825,1.5046974449838002e-7,,
valley,avgmonth_tmp,-0.34121216665251974,1.0456872373960477e-11,,
scarf,avgmonth_tmp,-0.34027339292462266,3.1236708116660247e-7,,
team,avgmonth_tmp,-0.338944729253635,3.430071188959229e-8,,
barrel,avgmonth_tmp,-0.3389424941422286,2.2130272680065892e-9,,
inn,avgmonth_tmp,-0.33504816374246515,5.270695618488959e-5,,
supper,avgmonth_tmp,-0.3335512593254136,3.9486707112749027e-7,,
pine,avgmonth_tmp,-0.3315073818317902,8.543211367131845e-7,,
rug,avgmonth_tmp,-0.32822674438794486,4.758102734344051e-6,,
gorge,avgmonth_tmp,-0.3274561226511195,2.733794283819524e-7,,
kettle,avgmonth_tmp,-0.3237065758889991,5.3439980861890806e-8,,
weather,avgmonth_tmp,-0.3201461686579844,1.9330575722596436e-12,,
train,avgmonth_tmp,-0.3178900049916536,2.221208612724585e-8,,
newspaper,avgmonth_tmp,-0.3172684179480683,3.152742201258715e-4,,
bog,avgmonth_tmp,-0.3153085060729676,2.0239285614501874e-6,,
lamb,avgmonth_tmp,-0.315161463828442,2.4316869207358286e-7,,
buck,avgmonth_tmp,-0.30906775941479775,3.4192529269559946e-6,,
pear,avgmonth_tmp,-0.3067254413926351,3.5305843029066106e-5,,
wheat,avgmonth_tmp,-0.3047782820135743,1.5377367779628696e-6,,
jacket,avgmonth_tmp,-0.3044448488723375,6.05372020116872e-6,,
skim,avgmonth_tmp,-0.3010956592524705,1.1832755611011242e-6,,
troop,avgmonth_tmp,-0.3005152780589057,0.0017467313831087006,,
fabric,avgmonth_tmp,-0.29880776963639394,1.951864840531925e-4,,
rifle,avgmonth_tmp,-0.2973360186205061,8.113237581759384e-6,,
grease,avgmonth_tmp,-0.295262246183677,2.738637370134354e-8,,
marsh,avgmonth_tmp,-0.2934773478556437,6.129607129040081e-7,,
tea,avgmonth_tmp,-0.28840567637445585,2.594025834192584e-7,,
pail,avgmonth_tmp,-0.2875707999314976,3.1958672820812087e-7,,
lake,avgmonth_tmp,-0.28735251753269425,3.8485070000480155e-8,,
ox,avgmonth_tmp,-0.28639748541475074,1.3321600815082392e-4,,
howl,avgmonth_tmp,-0.2863793831957954,8.737795543703107e-11,,
century,avgmonth_tmp,-0.28635785283146403,2.4068978973031903e-5,,
runner,avgmonth_tmp,-0.2845640080143576,4.948389716119679e-7,,
draft,avgmonth_tmp,-0.283377692812235,5.022628474186037e-6,,
mood,avgmonth_tmp,-0.2805137389844555,4.802846768385675e-6,,
ravine,avgmonth_tmp,-0.2802116363002676,9.757097860771261e-5,,
record,avgmonth_tmp,-0.2798538853924678,8.475692438112453e-7,,
slope,avgmonth_tmp,-0.2793163324162041,2.2422593271963925e-7,,
equipment,avgmonth_tmp,-0.2792060500012083,9.702511177386062e-5,,
notch,avgmonth_tmp,-0.27892247109408297,1.1720098530671716e-4,,
loaf,avgmonth_tmp,-0.27746989182673776,2.5054512316490197e-6,,
dinner,avgmonth_tmp,-0.2769571758322657,4.254501512582857e-5,,
hedge,avgmonth_tmp,-0.27468162806959984,4.423501502638764e-4,,
translation,avgmonth_tmp,-0.2727859427507548,2.065577534491547e-6,,
program,avgmonth_tmp,-0.27079863190156367,3.233703100704077e-4,,
stress,avgmonth_tmp,-0.27078447599161504,5.710356404252257e-4,,
flint,avgmonth_tmp,-0.27043065526256316,5.1082033824107465e-5,,
slide,avgmonth_tmp,-0.2703927452831311,4.300491757009404e-8,,
folk,avgmonth_tmp,-0.27031211921137044,3.683621645273287e-5,,
card,avgmonth_tmp,-0.26911445624664354,1.5358118375329003e-4,,
crackle,avgmonth_tmp,-0.26777897789815297,2.6521479052268095e-4,,
goose,avgmonth_tmp,-0.26758870664884193,2.6740411481527283e-7,,
culture,avgmonth_tmp,-0.2671292805041429,1.3863588015570947e-7,,
clip,avgmonth_tmp,-0.2669483063308809,2.1730630344860713e-5,,
drift,avgmonth_tmp,-0.26657195689298885,4.804129261666028e-5,,
groove,avgmonth_tmp,-0.26532307042599435,1.0313781750918388e-5,,
pasture,avgmonth_tmp,-0.2650300850633676,3.617055714106365e-5,,
monster,avgmonth_tmp,-0.26493735142217933,1.0135680099252062e-5,,
shovel,avgmonth_tmp,-0.2645462952182178,7.73750697077413e-7,,
coffee,avgmonth_tmp,-0.2621760953071898,0.0017655504162862768,,
rabbit,avgmonth_tmp,-0.261766461273255,2.2941779138978808e-4,,
fork,avgmonth_tmp,-0.2592567360804587,1.5351646086505493e-8,,
hare,avgmonth_tmp,-0.2570594881556851,2.3944608187686508e-4,,
entry,avgmonth_tmp,-0.25605416930451014,0.002915127343044275,,
window,avgmonth_tmp,-0.2552491167782233,2.9297070394126497e-10,,
muzzle,avgmonth_tmp,-0.25496538994253964,7.5027904598685465e-6,,
possibility,avgmonth_tmp,-0.252886507769773,8.521215751367316e-8,,
pop,avgmonth_tmp,-0.2523542372344805,4.490321486580941e-5,,
manuscript,avgmonth_tmp,-0.25145284232340864,2.3434326068942117e-4,,
library,avgmonth_tmp,-0.25117954426907174,5.3150873550858994e-6,,
candy,avgmonth_tmp,-0.25049740053030783,0.006924404941331513,,
professor,avgmonth_tmp,-0.2487476647998221,1.258200794082358e-4,,
rake,avgmonth_tmp,-0.24840342236903903,2.3211856824809495e-7,,
vote,avgmonth_tmp,-0.2458994392379802,0.006348132315681703,,
bay,avgmonth_tmp,-0.245064535528345,0.001582476378828681,,
switch,avgmonth_tmp,-0.2448704449659313,1.4431769123677202e-5,,
brook,avgmonth_tmp,-0.24457608618264548,2.0246978748612228e-4,,
mill,avgmonth_tmp,-0.24446169454371075,3.504868079730003e-5,,
button,avgmonth_tmp,-0.2420504439681512,4.6157879194306223e-7,,
cone,avgmonth_tmp,-0.24056905086197838,6.498432459934868e-6,,
exhaust,avgmonth_tmp,-0.23928923067403693,4.94085714331038e-5,,
fling,avgmonth_tmp,-0.23883068814958702,3.225203949424949e-4,,
prize,avgmonth_tmp,-0.23793704473438043,2.2520176687440403e-4,,
version,avgmonth_tmp,-0.23760608423413168,1.0827298867602298e-4,,
sleeve,avgmonth_tmp,-0.23743864454959507,7.774660186193714e-5,,
legend,avgmonth_tmp,-0.2367072157554135,2.8267008652586415e-5,,
hop,avgmonth_tmp,-0.23631218356030384,4.5465483056062627e-4,,
ride,avgmonth_tmp,-0.2358126388135238,4.563814175449514e-6,,
accent,avgmonth_tmp,-0.23580618388727922,8.512153740877691e-4,,
daylight,avgmonth_tmp,-0.23506970198680496,8.459784272416143e-5,,
cabbage,avgmonth_tmp,-0.23491907310481686,2.2719915625104157e-4,,
barn,avgmonth_tmp,-0.2340405011747091,0.0010573629617125916,,
lever,avgmonth_tmp,-0.23369526750173772,3.49753771464289e-4,,
tent,avgmonth_tmp,-0.2332999172475217,7.429056545504459e-5,,
spring,avgmonth_tmp,-0.23272622367290358,6.647860029830165e-13,,
flap,avgmonth_tmp,-0.23230464398615108,1.7622482408381284e-6,,
collar,avgmonth_tmp,-0.23186478494532475,4.8458944673659834e-06,,
strap,avgmonth_tmp,-0.23124451151168485,8.527553070723745e-6,,
cape,avgmonth_tmp,-0.2312410226427674,0.0015760926980499749,,
population,avgmonth_tmp,-0.23095000684200176,7.797376510180645e-4,,
garbage,avgmonth_tmp,-0.22999745580245895,0.028234623578581614,,
research,avgmonth_tmp,-0.2289730185230925,9.03581120163221e-5,,
fog,avgmonth_tmp,-0.22873640035118661,7.716157633360582e-8,,
rattle,avgmonth_tmp,-0.22756262565790714,1.7047965183745835e-5,,
edition,avgmonth_tmp,-0.22717021462129344,3.222577857922101e-4,,
yarn,avgmonth_tmp,-0.22684529911554338,6.877058823203473e-4,,
potato,avgmonth_tmp,-0.22580756450709605,2.8961307719827255e-4,,
calendar,avgmonth_tmp,-0.22534995807306882,0.002780351606972068,,
creek,avgmonth_tmp,-0.22477568245861757,0.021431926430667585,,
reserve,avgmonth_tmp,-0.2245444541736167,2.926560333334331e-4,,
mess,avgmonth_tmp,-0.22401810441860398,4.649757102886406e-4,,
tower,avgmonth_tmp,-0.22310292770533566,6.046764235736044e-4,,
page,avgmonth_tmp,-0.22167021091176506,1.4709533227951283e-5,,
broth,avgmonth_tmp,-0.22161712362373984,2.262529559399293e-4,,
mountain,avgmonth_tmp,-0.22156862746078781,4.448388594483667e-6,,
plug,avgmonth_tmp,-0.22117043446619553,1.3061213462591556e-4,,
secretary,avgmonth_tmp,-0.22045425540632402,0.0019421350031101022,,
holiday,avgmonth_tmp,-0.22011094059812827,0.0022807720180733166,,
sheep,avgmonth_tmp,-0.22009861977088457,1.0429990652185302e-5,,
rush,avgmonth_tmp,-0.21949716648113982,2.5423275448957015e-6,,
carcass,avgmonth_tmp,-0.2183932259254141,6.68905060624471e-4,,
interpreter,avgmonth_tmp,-0.2183380161496794,8.61881513622984e-6,,
church,avgmonth_tmp,-0.21800179050916016,4.601520402828627e-4,,
plow,avgmonth_tmp,-0.21731313220007326,5.001494100975152e-4,,
cap,avgmonth_tmp,-0.2170117823277079,3.5350778526203685e-7,,
cream,avgmonth_tmp,-0.21682325668872648,5.579762015467209e-4,,
survey,avgmonth_tmp,-0.2167399400496696,6.545479515972042e-5,,
sketch,avgmonth_tmp,-0.21673426990911482,0.0017350251171823824,,
harbor,avgmonth_tmp,-0.21624290184560896,0.003919210015904163,,
education,avgmonth_tmp,-0.21588836755138038,9.701965978846789e-4,,
example,avgmonth_tmp,-0.21546734864456718,0.011850041360706437,,
drawer,avgmonth_tmp,-0.21459205145757748,0.0016771500013338173,,
host,avgmonth_tmp,-0.21335522055090306,1.2424480505690577e-4,,
hack,avgmonth_tmp,-0.2132722344926341,5.282129698727079e-4,,
bullet,avgmonth_tmp,-0.21306913235020908,3.6430218374413145e-5,,
fox,avgmonth_tmp,-0.21271099607875124,2.6170254686847764e-4,,
nonsense,avgmonth_tmp,-0.21167915240958884,6.831722799002327e-4,,
beef,avgmonth_tmp,-0.21104123508039138,1.468033464867308e-4,,
university,avgmonth_tmp,-0.2108883280186249,5.702096159562463e-4,,
seam,avgmonth_tmp,-0.21002187053223897,7.295817495697584e-5,,
braid,avgmonth_tmp,-0.2091009120334712,3.11166916464223e-4,,
porridge,avgmonth_tmp,-0.2085513441138612,0.03863952993397561,,
heating,avgmonth_tmp,-0.20848341839116788,3.7022568428654254e-4,,
ham,avgmonth_tmp,-0.20791580968295334,0.014659097451518487,,
scrap,avgmonth_tmp,-0.20750980352900772,7.288635978702127e-4,,
farmer,avgmonth_tmp,-0.2073354145884376,0.0031021296977980562,,
text,avgmonth_tmp,-0.20586101596962203,0.011238464467280246,,
table,avgmonth_tmp,-0.20503195114824616,2.793885475193555e-6,,
plague,avgmonth_tmp,-0.20461249888575264,7.526707709856554e-4,,
craft,avgmonth_tmp,-0.20459279280196033,8.551264646195929e-4,,
majority,avgmonth_tmp,-0.20452091520407759,8.106634181056767e-5,,
despair,avgmonth_tmp,-0.20432635506628308,6.012547208791444e-4,,
flutter,avgmonth_tmp,-0.20410836392702061,6.485476469254397e-4,,
candle,avgmonth_tmp,-0.20388017974652484,4.1783695806033147e-4,,
gas,avgmonth_tmp,-0.20355109278624325,0.005233108357021675,,
clock,avgmonth_tmp,-0.20281686817552083,2.17453086508623e-4,,
blanket,avgmonth_tmp,-0.2023180685615535,6.280744599253057e-4,,
glue,avgmonth_tmp,-0.20174528868663996,1.721511627073832e-5,,
clot,avgmonth_tmp,-0.20138766651168724,0.0011581092541493325,,
hurry,avgmonth_tmp,-0.20131549830400747,1.8268183646026037e-8,,
suspect,avgmonth_tmp,-0.20130610288772288,3.062540349236965e-4,,
birthday,avgmonth_tmp,-0.20090244124486054,4.703478069874957e-5,,
print,avgmonth_tmp,-0.20040413063904108,1.0402072424590524e-4,,
gossip,avgmonth_tmp,-0.20037967951160396,7.196145548785151e-5,,
stitch,avgmonth_tmp,-0.20032767853855374,1.5602411607973477e-4,,
board,avgmonth_tmp,-0.2000555490330087,3.457039629499169e-5,,
sucker,avgmonth_tmp,-0.19892606422555115,0.011318560045630014,,
rumble,avgmonth_tmp,-0.19811275415185237,0.0035075215778559835,,
brood,avgmonth_tmp,-0.19696218220596906,0.003023803038498965,,
document,avgmonth_tmp,-0.1969538618950157,0.008647372484656777,,
crash,avgmonth_tmp,-0.19673320208002074,0.0013462403170341685,,
fund,avgmonth_tmp,-0.19628523617097643,0.012227786009453305,,
bread,avgmonth_tmp,-0.19556807866311018,1.10104445179854e-5,,
pocket,avgmonth_tmp,-0.1954542820733035,2.4910420855119326e-5,,
pant,avgmonth_tmp,-0.19544535880084332,5.6955228792296746e-5,,
appeal,avgmonth_tmp,-0.1950051029127179,0.003595953127263058,,
clam,avgmonth_tmp,-0.1943699156743823,0.09436712488641626,,
stuff,avgmonth_tmp,-0.1941508792565889,3.5477457395757574e-5,,
mare,avgmonth_tmp,-0.19393803942603838,0.019745626450400473,,
swimming,avgmonth_tmp,-0.1934387434122517,2.08648227358259e-5,,
track,avgmonth_tmp,-0.19302901459812627,3.213754470674041e-5,,
scalp,avgmonth_tmp,-0.19292519942697423,0.007782692693313444,,
hearth,avgmonth_tmp,-0.19289753948929644,0.014216838361223392,,
pork,avgmonth_tmp,-0.19269155949415995,0.024570440572566382,,
shoe,avgmonth_tmp,-0.1924652767006884,5.37516978051226e-6,,
manure,avgmonth_tmp,-0.1919360063258732,0.0010883332677510244,,
rate,avgmonth_tmp,-0.19099910118191402,0.0072586003244000195,,
decline,avgmonth_tmp,-0.19097230504159712,0.002798678498898349,,
knob,avgmonth_tmp,-0.1908031234830636,7.795439189730683e-4,,
baking,avgmonth_tmp,-0.19078579557877118,0.006728430204493469,,
crumb,avgmonth_tmp,-0.19060806616761503,0.0012520684461525074,,
development,avgmonth_tmp,-0.19046972505260648,1.5248680516458379e-4,,
tug,avgmonth_tmp,-0.19040428653673705,0.005022130236194706,,
provision,avgmonth_tmp,-0.18982633071030278,6.863000720568964e-4,,
training,avgmonth_tmp,-0.18938941385420627,0.008053227735746413,,
nap,avgmonth_tmp,-0.18931987434840958,0.011883405840092384,,
nun,avgmonth_tmp,-0.1891576765488067,0.011533417423161678,,
organization,avgmonth_tmp,-0.18900452299978018,0.02015989623638533,,
tub,avgmonth_tmp,-0.18893519233849523,0.0039358187498672575,,
defense,avgmonth_tmp,-0.1887679249171871,0.002093200291593127,,
trace,avgmonth_tmp,-0.18873787000025305,8.007712414313056e-5,,
sparkle,avgmonth_tmp,-0.1885519139781324,0.0030080331583942975,,
crust,avgmonth_tmp,-0.18839340477699307,4.0050817477992203e-4,,
den,avgmonth_tmp,-0.1881012297407284,0.01386799132631238,,
temperature,avgmonth_tmp,-0.18702747719270552,0.0029048113596911217,,
list,avgmonth_tmp,-0.18693405026056378,5.33739985420749e-4,,
pronunciation,avgmonth_tmp,-0.18678738543493564,3.5398757234432624e-5,,
travel,avgmonth_tmp,-0.18623937466850504,5.449114212932832e-7,,
range,avgmonth_tmp,-0.18584442415968117,3.993312780728986e-4,,
barrier,avgmonth_tmp,-0.1857350008931458,0.03024012497875134,,
reader,avgmonth_tmp,-0.18568520040689704,6.486060708815076e-4,,
feature,avgmonth_tmp,-0.18480417943908325,1.2527942596534254e-4,,
volume,avgmonth_tmp,-0.18456270084807685,1.570577229451425e-4,,
situation,avgmonth_tmp,-0.18393856113955265,3.71562812205543e-4,,
writer,avgmonth_tmp,-0.18373253860307465,0.0032198576687927894,,
dough,avgmonth_tmp,-0.18364926456560682,0.0022640547483726787,,
contribution,avgmonth_tmp,-0.18350655886064138,4.260893420383456e-4,,
cent,avgmonth_tmp,-0.1832007307795209,0.015069194499540707,,
ton,avgmonth_tmp,-0.18241404967536465,0.04212408673172224,,
reprimand,avgmonth_tmp,-0.18213990122893856,0.006059030481458982,,
handkerchief,avgmonth_tmp,-0.18188516066996913,7.749636483167379e-5,,
biscuit,avgmonth_tmp,-0.18185430375979011,0.0013163120467964314,,
punch,avgmonth_tmp,-0.18173471504633698,0.0029779412506014923,,
fort,avgmonth_tmp,-0.18150728349178188,0.02213823674139191,,
bus,avgmonth_tmp,-0.18118984146744466,0.04219108336463116,,
remark,avgmonth_tmp,-0.18036858367303132,0.004589571959252628,,
clerk,avgmonth_tmp,-0.179997503620245,0.0038392759623434476,,
spill,avgmonth_tmp,-0.1789923316523296,3.7104531050201854e-4,,
view,avgmonth_tmp,-0.1785948033212229,7.242826651823046e-5,,
hall,avgmonth_tmp,-0.17855365227663558,0.012288624412139631,,
objective,avgmonth_tmp,-0.17848575474083597,0.015872363568018424,,
rebel,avgmonth_tmp,-0.17759308026583331,0.015192001093032939,,
estimate,avgmonth_tmp,-0.1774705337186473,0.014507357312866904,,
talk,avgmonth_tmp,-0.17634720909317042,0.006661147883572538,,
competition,avgmonth_tmp,-0.17630003158836338,0.007433992636823329,,
sample,avgmonth_tmp,-0.17604970641659984,0.004266934206228334,,
shepherd,avgmonth_tmp,-0.17566548114428343,0.002912224175849815,,
dialect,avgmonth_tmp,-0.17539520547934945,0.02146905309475425,,
stride,avgmonth_tmp,-0.17494890602828483,0.006264729113409814,,
fuel,avgmonth_tmp,-0.17470894301652426,0.0036150555862211695,,
sparrow,avgmonth_tmp,-0.17468039226764132,0.002587129394194653,,
definition,avgmonth_tmp,-0.17457343949626883,1.6903854309958764e-4,,
struggle,avgmonth_tmp,-0.1733688063433407,6.400258724398004e-4,,
apple,avgmonth_tmp,-0.1723547450490731,5.012321675800273e-5,,
flight,avgmonth_tmp,-0.1720978338065908,4.359032054075258e-4,,
column,avgmonth_tmp,-0.17193262739421505,0.0021397094412331807,,
project,avgmonth_tmp,-0.1718009286446919,4.0430209114154857e-5,,
saddle,avgmonth_tmp,-0.17177923654478272,0.006203380627437361,,
pin,avgmonth_tmp,-0.1716859112228931,7.973451921239451e-4,,
comment,avgmonth_tmp,-0.17109034580168853,0.004598429038141448,,
chill,avgmonth_tmp,-0.17101265378126349,0.002505753291053774,,
history,avgmonth_tmp,-0.1708038824024081,9.559204309693108e-4,,
distribution,avgmonth_tmp,-0.1705295232036007,0.004527861780599502,,
drill,avgmonth_tmp,-0.1702366699847152,5.676832770212705e-4,,
speed,avgmonth_tmp,-0.17012446716211072,3.999172669816666e-4,,
printing,avgmonth_tmp,-0.17003437710845254,0.012268390823819244,,
proof,avgmonth_tmp,-0.16975144736936104,0.004764513575865709,,
hat,avgmonth_tmp,-0.16971803123926926,7.549607057407145e-5,,
route,avgmonth_tmp,-0.16935520859733613,3.9294349696206024e-4,,
bump,avgmonth_tmp,-0.16931655944845475,0.007841145819208467,,
horse,avgmonth_tmp,-0.16879578199842382,0.003192440328673426,,
waterfall,avgmonth_tmp,-0.16869536834835155,0.0024142285916485297,,
tangle,avgmonth_tmp,-0.16849895152504776,0.010519941696359598,,
puff,avgmonth_tmp,-0.1684475832604335,0.0011800344729794771,,
map,avgmonth_tmp,-0.16841935589247334,0.005533578737445069,,
file,avgmonth_tmp,-0.16840859607545564,5.0992783325364814e-5,,
jug,avgmonth_tmp,-0.16831998030165599,0.007419821091630274,,
eagle,avgmonth_tmp,-0.16821714093927842,5.572003099745757e-4,,
butcher,avgmonth_tmp,-0.16800450825824137,6.390360610605456e-4,,
worker,avgmonth_tmp,-0.16773660500448698,0.001174292965488719,,
bos,avgmonth_tmp,-0.16768029062883294,0.018773381345177923,,
score,avgmonth_tmp,-0.16727858205291,0.018026174110395365,,
chop,avgmonth_tmp,-0.16726607446285494,8.956915834780166e-4,,
counter,avgmonth_tmp,-0.16703223020714622,0.012010153343151881,,
choice,avgmonth_tmp,-0.16689838366407445,7.53772486653285e-5,,
linguistics,avgmonth_tmp,-0.16671014896632905,0.11824085468015505,,
puppy,avgmonth_tmp,-0.16661523609856058,0.011944348242204058,,
splash,avgmonth_tmp,-0.16648120642829178,0.004083074578169643,,
limp,avgmonth_tmp,-0.16604085128270932,3.513701716121986e-4,,
bargain,avgmonth_tmp,-0.16532441478059443,0.01892917332774438,,
transport,avgmonth_tmp,-0.16530884160102785,0.01048235419169027,,
bracket,avgmonth_tmp,-0.16525243270525558,0.002501225450322302,,
hail,avgmonth_tmp,-0.1650788746086113,9.210815223223992e-5,,
selection,avgmonth_tmp,-0.16473447481700995,9.868538213548246e-4,,
torment,avgmonth_tmp,-0.1645853103474437,0.021644694172930436,,
dash,avgmonth_tmp,-0.16442397832183317,0.010539857459213067,,
literature,avgmonth_tmp,-0.16390545484992655,0.03701444748121852,,
clothing,avgmonth_tmp,-0.1635404493015169,0.0012114792788131066,,
smack,avgmonth_tmp,-0.16343121718352124,0.0359130768612106,,
march,avgmonth_tmp,-0.1634106413273675,5.7858248528072024e-5,,
brow,avgmonth_tmp,-0.16299642635837122,0.003102266051585952,,
paw,avgmonth_tmp,-0.16273235828865118,0.00286461208241766,,
student,avgmonth_tmp,-0.16260013716513486,0.009019206159452784,,
trigger,avgmonth_tmp,-0.16242254451615656,0.02220110752403983,,
whisper,avgmonth_tmp,-0.16225816014617875,2.4085474004213752e-4,,
dragon,avgmonth_tmp,-0.1622326485516959,0.03989382801854132,,
pace,avgmonth_tmp,-0.1612146341467608,0.0030968700278968184,,
conscience,avgmonth_tmp,-0.16049143881598468,0.018282288285341834,,
disaster,avgmonth_tmp,-0.16024132588631276,0.010876035031761521,,
stair,avgmonth_tmp,-0.15952179164308894,0.0030910776475772134,,
model,avgmonth_tmp,-0.1594908625821078,0.016059523735360993,,
deck,avgmonth_tmp,-0.15897980230995756,0.0391778639103656,,
formation,avgmonth_tmp,-0.15890452793089122,0.001757871461266223,,
lack,avgmonth_tmp,-0.1585462764548794,3.883651281712255e-4,,
debate,avgmonth_tmp,-0.1582393294792038,0.02429375025217765,,
store,avgmonth_tmp,-0.1576321235231273,9.867219289010648e-9,,
policeman,avgmonth_tmp,-0.1576230177914396,0.017917846445580927,,
summit,avgmonth_tmp,-0.1573434834386143,0.005940769186004217,,
data,avgmonth_tmp,-0.15733208846689578,0.022349111021938973,,
rape,avgmonth_tmp,-0.15728265852202683,0.013614086177463463,,
porch,avgmonth_tmp,-0.1571903573772936,0.018487282383625223,,
shelf,avgmonth_tmp,-0.1566101516244004,0.001402517452692942,,
coast,avgmonth_tmp,-0.15640769532107823,0.0315234422835059,,
pie,avgmonth_tmp,-0.15612129551267362,0.07061409407922498,,
painting,avgmonth_tmp,-0.15599917185469472,0.024502040399466962,,
shirt,avgmonth_tmp,-0.1554695377601822,0.006825582077124654,,
report,avgmonth_tmp,-0.15542263425807293,3.3724863629341955e-4,,
machine,avgmonth_tmp,-0.15522296482201742,0.00973894817902431,,
rock,avgmonth_tmp,-0.1550067388204903,3.361878363212105e-4,,
rail,avgmonth_tmp,-0.15487103304491334,0.011043214215520446,,
pump,avgmonth_tmp,-0.15456375902805844,0.016259582283496433,,
publication,avgmonth_tmp,-0.15421784566070504,0.0058007674239177,,
sequence,avgmonth_tmp,-0.1541088954412831,0.003981901664434279,,
maid,avgmonth_tmp,-0.15400681639438077,0.018230819492099554,,
mask,avgmonth_tmp,-0.15386524882345465,0.04626474409058171,,
vocabulary,avgmonth_tmp,-0.1533685914159062,0.011698651662926668,,
niece,avgmonth_tmp,-0.15292882127819735,0.005896000721219512,,
damage,avgmonth_tmp,-0.15217076434478372,0.0012040892140570804,,
job,avgmonth_tmp,-0.15215017419869628,0.02221731570759337,,
tow,avgmonth_tmp,-0.15168751990027696,0.03388177867247841,,
ore,avgmonth_tmp,-0.15136909079317132,0.13424838153808072,,
stew,avgmonth_tmp,-0.1509411207825833,0.035893417885735295,,
tape,avgmonth_tmp,-0.15059983270059307,0.008262893244733702,,
peak,avgmonth_tmp,-0.15022593204133478,4.6966657502262976e-4,,
circumstance,avgmonth_tmp,-0.15014365671028226,0.010007073116751383,,
curl,avgmonth_tmp,-0.1496287737571159,6.256503967690102e-4,,
suit,avgmonth_tmp,-0.14955199922072454,0.004941571292702696,,
steam,avgmonth_tmp,-0.1493618484455734,2.8839993224372986e-4,,
copy,avgmonth_tmp,-0.14896881150309346,0.0021029388571286015,,
belt,avgmonth_tmp,-0.14809305512379636,1.1612942753318449e-4,,
target,avgmonth_tmp,-0.14797891100248123,0.006537450579162779,,
attempt,avgmonth_tmp,-0.14794669284448733,1.0358030223008445e-4,,
china,avgmonth_tmp,-0.1477057327103289,0.07765180591822399,,
bill,avgmonth_tmp,-0.14757166814864744,0.014684419524357888,,
coal,avgmonth_tmp,-0.1473064325539864,5.622355708716897e-4,,
brace,avgmonth_tmp,-0.1472374204718942,0.019450481196348665,,
hammer,avgmonth_tmp,-0.14721751899061702,6.110363054729823e-5,,
pill,avgmonth_tmp,-0.14714234662908202,0.009944540558468438,,
cradle,avgmonth_tmp,-0.14688828517411737,0.038286108042145814,,
idiot,avgmonth_tmp,-0.1467719521628317,0.03644731414529562,,
dent,avgmonth_tmp,-0.1463996179757636,0.014089929743607158,,
landing,avgmonth_tmp,-0.14624321173762556,0.03051548666137519,,
butter,avgmonth_tmp,-0.14552155304375106,0.009007712077421877,,
hemp,avgmonth_tmp,-0.1453818102828716,0.062430486850565674,,
ceiling,avgmonth_tmp,-0.1453750258890509,0.020166989245543204,,
mule,avgmonth_tmp,-0.14533008321258753,0.04619439995556627,,
errand,avgmonth_tmp,-0.1446920456950995,0.0400677187995029,,
sack,avgmonth_tmp,-0.14449854335705445,0.00169135333009374,,
trim,avgmonth_tmp,-0.1444027887373548,0.00243421789986911,,
flea,avgmonth_tmp,-0.1440001596025391,0.005137238607790522,,
gale,avgmonth_tmp,-0.14392226354990784,0.052058864266465,,
council,avgmonth_tmp,-0.14366921231635657,0.009382611357848283,,
storage,avgmonth_tmp,-0.14349805289991002,0.06684717893362985,,
splinter,avgmonth_tmp,-0.14345722514451945,0.008683600203023525,,
bandage,avgmonth_tmp,-0.14325237695157866,3.2207753674901425e-4,,
storm,avgmonth_tmp,-0.142641481566113,1.6637502966727e-4,,
socket,avgmonth_tmp,-0.1425707908404271,0.01241500820234344,,
district,avgmonth_tmp,-0.14231447416884332,0.04380511516426651,,
thanks,avgmonth_tmp,-0.1418848043510635,0.002265869542137816,,
breakfast,avgmonth_tmp,-0.1416066982653806,0.01738083589195048,,
lady,avgmonth_tmp,-0.14129389875459117,0.019883543965703167,,
stagger,avgmonth_tmp,-0.1412061383170111,0.0031956344443284175,,
tendency,avgmonth_tmp,-0.14085901510122847,0.027918184778629167,,
sadness,avgmonth_tmp,-0.14055901719172803,0.010393957504438538,,
spade,avgmonth_tmp,-0.1404818391830297,0.010185419925374395,,
bitch,avgmonth_tmp,-0.14038618567304711,0.007071507190018426,,
north,avgmonth_tmp,-0.13995930178130972,0.002277866916246485,,
devil,avgmonth_tmp,-0.13971213119576054,0.012997868092473051,,
hunt,avgmonth_tmp,-0.13908453402950474,0.004348684244576048,,
product,avgmonth_tmp,-0.13893566375700117,0.03074208132023115,,
wake,avgmonth_tmp,-0.1386320538352595,0.005319223987867313,,
torture,avgmonth_tmp,-0.1385728929068973,0.04390617167729126,,
hardship,avgmonth_tmp,-0.13850877907131412,0.04106521357710113,,
penalty,avgmonth_tmp,-0.13807538137683628,0.026883995575687127,,
issue,avgmonth_tmp,-0.1380076657323839,0.008496694556805209,,
calf,avgmonth_tmp,-0.1379369938085332,0.0014241560704052211,,
jet,avgmonth_tmp,-0.13760088331356615,0.03701343964766599,,
trip,avgmonth_tmp,-0.1375364755705961,0.002410343569378122,,
collapse,avgmonth_tmp,-0.137529856754013,0.016375151607545133,,
parcel,avgmonth_tmp,-0.13737883143927893,0.03442102767397183,,
doctor,avgmonth_tmp,-0.1370210176224731,0.005153489644740478,,
captain,avgmonth_tmp,-0.13691053144401602,0.018708461593928218,,
ale,avgmonth_tmp,-0.1365376325650217,0.30004449367049124,,
bridge,avgmonth_tmp,-0.13651850833879572,3.377375823296125e-4,,
haste,avgmonth_tmp,-0.13645548314631925,0.023569400908216194,,
stamp,avgmonth_tmp,-0.1362587873850123,0.0067491910939150536,,
college,avgmonth_tmp,-0.13622149506743822,0.0671920543387959,,
motor,avgmonth_tmp,-0.13617786641215132,1,,
commission,avgmonth_tmp,-0.1361575637285659,0.044012791924473195,,
football,avgmonth_tmp,-0.13521950231131036,0.1703531101037155,,
president,avgmonth_tmp,-0.13503975196971588,0.1053545701452418,,
chatter,avgmonth_tmp,-0.13489190136423218,0.006815387744151379,,
pea,avgmonth_tmp,-0.1346905289241825,0.03378008986931221,,
discipline,avgmonth_tmp,-0.13454515596322186,0.03532180088561544,,
comparison,avgmonth_tmp,-0.13402324227851756,0.015350694026736751,,
nurse,avgmonth_tmp,-0.13381853761424284,5.980856652103346e-4,,
whistle,avgmonth_tmp,-0.13296102795743553,0.002174353823780596,,
wrinkle,avgmonth_tmp,-0.13255383089974423,0.0029182547536800493,,
marrow,avgmonth_tmp,-0.13229187539838963,0.002208240676594705,,
nation,avgmonth_tmp,-0.13226418423969605,0.046543676589256795,,
puddle,avgmonth_tmp,-0.1317259370368306,0.019129572616421772,,
communication,avgmonth_tmp,-0.1314625387601724,0.04093050243871339,,
scorn,avgmonth_tmp,-0.131290275852186,0.029499558660511148,,
wine,avgmonth_tmp,-0.1308798836723451,0.07491244713674232,,
idea,avgmonth_tmp,-0.13082944626365603,0.0035607830900695357,,
camp,avgmonth_tmp,-0.13049451760336364,0.02388526666820897,,
van,avgmonth_tmp,-0.1303279155476325,0.18282257404100744,,
bolt,avgmonth_tmp,-0.13015976403305524,0.004463870276966899,,
escort,avgmonth_tmp,-0.13001986245348987,0.07741799195083574,,
minister,avgmonth_tmp,-0.13001739743317664,0.0764148836572881,,
variation,avgmonth_tmp,-0.12997580282915194,0.0450192653187196,,
index,avgmonth_tmp,-0.1295478483901554,0.03552312830212454,,
polish,avgmonth_tmp,-0.12916359585388543,0.011769202898220773,,
risk,avgmonth_tmp,-0.12891618841425734,0.06872292711767777,,
wedge,avgmonth_tmp,-0.12844308835135665,0.01125835624847812,,
progress,avgmonth_tmp,-0.1284359252787785,0.011072708756458122,,
paint,avgmonth_tmp,-0.12825798555907428,0.003661778172931849,,
circle,avgmonth_tmp,-0.1281253460548759,0.0029602678576487345,,
fighter,avgmonth_tmp,-0.12791717383043688,0.035004267307748534,,
mist,avgmonth_tmp,-0.1279037511663523,5.479001649725458e-4,,
gall,avgmonth_tmp,-0.12781825386362144,0.005114217675929705,,
riddle,avgmonth_tmp,-0.12778134717200743,0.04196842477843834,,
film,avgmonth_tmp,-0.12774404354179927,0.11729950515400563,,
nickname,avgmonth_tmp,-0.1269584645221875,0.06949068757852453,,
blaze,avgmonth_tmp,-0.12691154476116084,0.015318668473415844,,
kit,avgmonth_tmp,-0.12689200480538654,0.1623089316224655,,
shore,avgmonth_tmp,-0.1268832123711796,0.015299087702495604,,
observation,avgmonth_tmp,-0.12674509808082074,0.02719514742640122,,
stab,avgmonth_tmp,-0.12648575138887588,0.008530057777639334,,
murmur,avgmonth_tmp,-0.12573790546105154,0.0428943877729062,,
fact,avgmonth_tmp,-0.12558561659017586,0.00133593095080838,,
witchcraft,avgmonth_tmp,-0.12550328114898518,0.0974406478143661,,
pet,avgmonth_tmp,-0.12542255542668956,0.013719768288784741,,
department,avgmonth_tmp,-0.12537220756937628,0.11550753765894205,,
mattress,avgmonth_tmp,-0.12531600430990106,0.04018010429862625,,
mane,avgmonth_tmp,-0.1252740312044902,0.16939079920037986,,
stature,avgmonth_tmp,-0.12508742665255607,0.038267281887437075,,
purse,avgmonth_tmp,-0.12471717596299108,0.010928516589360502,,
mount,avgmonth_tmp,-0.12466266504819187,0.0034136149169073063,,
accident,avgmonth_tmp,-0.12433514776380974,0.005960834203093753,,
belonging,avgmonth_tmp,-0.12394277923023404,0.09596182530904626,,
testament,avgmonth_tmp,-0.1239211469787237,0.09454517385114988,,
station,avgmonth_tmp,-0.12353831800255917,0.0839688494682882,,
supply,avgmonth_tmp,-0.12344190731604902,0.013682460481906342,,
box,avgmonth_tmp,-0.12340504990998953,4.014475032691442e-4,,
scream,avgmonth_tmp,-0.12321027313991094,0.005279507130801152,,
brother-in-law,avgmonth_tmp,-0.12317824945763925,0.043101321314481876,,
rent,avgmonth_tmp,-0.1227374310190618,0.030523009109023128,,
relief,avgmonth_tmp,-0.12257798344637441,0.0499843323083636,,
towel,avgmonth_tmp,-0.12204191953901497,0.004994548708299532,,
gratitude,avgmonth_tmp,-0.12184722939196788,0.016491465557748917,,
bid,avgmonth_tmp,-0.1214156385557311,0.09242073210854193,,
evidence,avgmonth_tmp,-0.12035380813169884,0.016896373639870774,,
week,avgmonth_tmp,-0.12014063160468894,0.010174683080621657,,
surrender,avgmonth_tmp,-0.11961818558585316,0.0737908690639069,,
kick,avgmonth_tmp,-0.11957711616319873,0.0015599559235422633,,
destination,avgmonth_tmp,-0.11936697601933077,0.026122916016254487,,
patch,avgmonth_tmp,-0.11936536600713013,0.0033898365220578464,,
role,avgmonth_tmp,-0.11931892755472472,0.06208273783294364,,
benefit,avgmonth_tmp,-0.11902391559604353,0.017109384989507287,,
cost,avgmonth_tmp,-0.11898761918094732,0.02644172340390268,,
hint,avgmonth_tmp,-0.11890701493882157,0.05945066230127321,,
sink,avgmonth_tmp,-0.1187135055884534,9.657755320982148e-4,,
halt,avgmonth_tmp,-0.11835782130171892,0.04388550251583921,,
pattern,avgmonth_tmp,-0.11803080166659868,0.017458486144201535,,
beverage,avgmonth_tmp,-0.11779657385307506,0.06730102376483488,,
chamber,avgmonth_tmp,-0.11769522849470286,0.07915275418172527,,
breed,avgmonth_tmp,-0.1176824498889887,0.023793361187965174,,
sister-in-law,avgmonth_tmp,-0.1176258358286497,0.06734554705467204,,
creep,avgmonth_tmp,-0.11733526778084442,0.03796813830399347,,
goal,avgmonth_tmp,-0.11724389318478075,0.06732624690594077,,
misery,avgmonth_tmp,-0.1172057407306348,0.08621307664760124,,
vowel,avgmonth_tmp,-0.11710851156947749,0.13827608951435735,,
screw,avgmonth_tmp,-0.11708013005818028,0.04896469931747228,,
rage,avgmonth_tmp,-0.11705261632540775,0.060287855724949005,,
stack,avgmonth_tmp,-0.11695984512289022,0.050056437535809316,,
tale,avgmonth_tmp,-0.11676457124241096,0.041897731898696854,,
consciousness,avgmonth_tmp,-0.11674331611526899,0.04137558449554865,,
departure,avgmonth_tmp,-0.1163339928968116,0.046454874211917345,,
stroke,avgmonth_tmp,-0.11623067640818877,0.016803584162121223,,
lantern,avgmonth_tmp,-0.11595940026092676,0.049788517288436945,,
baptism,avgmonth_tmp,-0.11570948899636524,0.11294623089794319,,
spouse,avgmonth_tmp,-0.11569497687376072,0.1485014992618779,,
glass,avgmonth_tmp,-0.11516935386536563,0.001586397054633624,,
rescue,avgmonth_tmp,-0.11460555260675478,0.03467780060945371,,
urge,avgmonth_tmp,-0.11448275744663876,0.02802739451634464,,
exhibit,avgmonth_tmp,-0.11428763943609613,0.06963233491170247,,
element,avgmonth_tmp,-0.11415145888195583,0.13545745714232912,,
kinship,avgmonth_tmp,-0.11384928007426365,0.20620125543353074,,
bed,avgmonth_tmp,-0.11380831958038093,1.698963745834087e-5,,
temper,avgmonth_tmp,-0.11380663158660362,0.03571434781849137,,
glitter,avgmonth_tmp,-0.11373520488941312,0.09412707095916989,,
suggestion,avgmonth_tmp,-0.11359827747128852,0.03855413556600405,,
highway,avgmonth_tmp,-0.11356468187087439,0.04784650266486678,,
hum,avgmonth_tmp,-0.1134963700146314,0.03316631027923943,,
smile,avgmonth_tmp,-0.11302301675339199,0.0027339336542520653,,
snout,avgmonth_tmp,-0.11301475673676065,0.04417238741761211,,
curtain,avgmonth_tmp,-0.11294163054898694,0.05442440576924607,,
information,avgmonth_tmp,-0.11282050946082782,0.01154179042483271,,
fool,avgmonth_tmp,-0.1127388216854936,0.011278684723918618,,
ditch,avgmonth_tmp,-0.1123548670714285,0.012626576873747913,,
task,avgmonth_tmp,-0.11218366704077118,0.007434151157210519,,
heir,avgmonth_tmp,-0.11212599094616264,0.05448749991510442,,
toilet,avgmonth_tmp,-0.11206089457581166,0.12229652332520975,,
jail,avgmonth_tmp,-0.11206017985131005,0.009380238785500464,,
tilt,avgmonth_tmp,-0.11198603339986231,0.1070062051763961,,
smoke,avgmonth_tmp,-0.11086253401873356,1.650132180173239e-4,,
lock,avgmonth_tmp,-0.1108430522185628,8.244615598827346e-4,,
occurrence,avgmonth_tmp,-0.11068452842259514,0.1202677632071391,,
echo,avgmonth_tmp,-0.11062413618287142,0.01356367301053957,,
link,avgmonth_tmp,-0.11056791291620809,0.0336867744697335,,
tune,avgmonth_tmp,-0.1102516615306022,0.051430132154563164,,
plum,avgmonth_tmp,-0.10978621619670856,0.17586857557603736,,
alcohol,avgmonth_tmp,-0.10971798538431964,0.13251706816326245,,
duck,avgmonth_tmp,-0.10971072065497009,0.008412332683923895,,
twitch,avgmonth_tmp,-0.10951135578540765,0.048702744796538765,,
ink,avgmonth_tmp,-0.10923130072230067,0.047689954149287145,,
cross,avgmonth_tmp,-0.10911039755009473,5.688748131545379e-5,,
herd,avgmonth_tmp,-0.10907858754700026,0.038617947789210204,,
trading,avgmonth_tmp,-0.10902084595071664,0.07549458233048081,,
reign,avgmonth_tmp,-0.1081861802268675,0.06384334974132513,,
visit,avgmonth_tmp,-0.10817600150443395,0.0010973707485673744,,
needle,avgmonth_tmp,-0.1080539501659156,8.742134890387207e-4,,
sob,avgmonth_tmp,-0.10799234770579555,0.39224593704086486,,
burst,avgmonth_tmp,-0.10752809110987957,0.0032859924679432824,,
characteristic,avgmonth_tmp,-0.10739451914972739,0.011576084611099338,,
representative,avgmonth_tmp,-0.1073321704137001,0.05075205493667159,,
layer,avgmonth_tmp,-0.10733008815595468,0.028772376564393833,,
science,avgmonth_tmp,-0.10730855068551252,0.16967171959721747,,
package,avgmonth_tmp,-0.10719659367400092,0.11096522648011356,,
chair,avgmonth_tmp,-0.10718909341664258,0.012772762629177259,,
roller,avgmonth_tmp,-0.10680272787486637,0.0901562455042586,,
illustration,avgmonth_tmp,-0.10669182257229189,0.13755834169930886,,
syllable,avgmonth_tmp,-0.10666604393477831,0.118065586862945,,
heel,avgmonth_tmp,-0.10657146880901243,9.178638640290698e-5,,
shed,avgmonth_tmp,-0.1064840221047405,0.0030161383706764746,,
floor,avgmonth_tmp,-0.10639878555968285,0.009775524790797576,,
loop,avgmonth_tmp,-0.10579550588044219,0.06952702992674199,,
sport,avgmonth_tmp,-0.10574567390517313,0.12002973054400867,,
doubt,avgmonth_tmp,-0.10562514014801128,0.012814414565312114,,
suspicion,avgmonth_tmp,-0.10548816288011226,0.09126644683979115,,
territory,avgmonth_tmp,-0.10535333153078479,0.06467704670896594,,
hem,avgmonth_tmp,-0.10527605226104148,0.06884852028853775,,
pouch,avgmonth_tmp,-0.10501461060716565,0.07160384386076253,,
bloom,avgmonth_tmp,-0.10492556847359545,0.02512752605815872,,
shaft,avgmonth_tmp,-0.10491394356603072,0.09531128002154904,,
arch,avgmonth_tmp,-0.10489067360319151,0.144369562152465,,
basis,avgmonth_tmp,-0.1046336025584408,0.05355003590651071,,
symbol,avgmonth_tmp,-0.1046118378769476,0.047456893705341244,,
channel,avgmonth_tmp,-0.10457490426265512,0.09335351201133839,,
endeavor,avgmonth_tmp,-0.10440258985309249,0.08293040587299991,,
grape,avgmonth_tmp,-0.10408596439003573,0.0922929624383381,,
jerk,avgmonth_tmp,-0.10398609484261065,0.09740629909522135,,
resource,avgmonth_tmp,-0.10388584449264164,0.07446548204594851,,
grudge,avgmonth_tmp,-0.10379986376774404,0.09511543929833609,,
illness,avgmonth_tmp,-0.10378505359290899,0.0394289381332421,,
driver,avgmonth_tmp,-0.10376917968905075,0.08635634311331127,,
tear,avgmonth_tmp,-0.10371768355431984,3.965483800624843e-5,,
crane,avgmonth_tmp,-0.10351740239481029,0.05126890715601908,,
trade,avgmonth_tmp,-0.10350860716476505,0.03260255922619804,,
room,avgmonth_tmp,-0.10349720357183029,0.014829414687136982,,
mushroom,avgmonth_tmp,-0.10335642422749676,0.14217978613381832,,
mistake,avgmonth_tmp,-0.10317622353775223,0.0022308859671513834,,
gutter,avgmonth_tmp,-0.10266713060893509,0.1346384000532354,,
exception,avgmonth_tmp,-0.10255348926362928,0.030280423688201788,,
crease,avgmonth_tmp,-0.10170951821583751,0.11397665481782362,,
bruise,avgmonth_tmp,-0.1016195312130616,0.03233401462490824,,
demand,avgmonth_tmp,-0.10132738067137988,0.07982173387476088,,
reel,avgmonth_tmp,-0.1009445879007642,0.13982680721815616,,
cushion,avgmonth_tmp,-0.10075756510897481,0.07355514027729551,,
gentleman,avgmonth_tmp,-0.1006650542788816,0.17112430604659126,,
shop,avgmonth_tmp,-0.10064823892984721,0.12087622035986433,,
stroll,avgmonth_tmp,-0.10063011461400767,0.16321828134473998,,
activity,avgmonth_tmp,-0.10060137879122359,0.017661550798754436,,
fright,avgmonth_tmp,-0.10056609827567427,0.036980308264619156,,
duration,avgmonth_tmp,-0.10029072769009971,0.08735765502032038,,
lesson,avgmonth_tmp,-0.1002489424213757,0.0909829254548602,,
carving,avgmonth_tmp,-0.1001776449912698,0.10111759646494757,,
mail,avgmonth_tmp,-0.10005597848874462,0.11476229033422453,,
twilight,avgmonth_tmp,-0.10002818288566734,0.01935642548430521,,
straw,avgmonth_tmp,-0.09958033249145815,0.07903223844957982,,
bond,avgmonth_tmp,-0.09945670113438602,0.13974473500260617,,
pencil,avgmonth_tmp,-0.09945546140959002,0.03168749570222503,,
whip,avgmonth_tmp,-0.09930072837418291,0.016759906439253958,,
furniture,avgmonth_tmp,-0.09902973870405413,0.10334358575717216,,
opinion,avgmonth_tmp,-0.09901596843638714,0.05743286837601341,,
necessity,avgmonth_tmp,-0.09875952284244933,0.0495978583560528,,
peg,avgmonth_tmp,-0.09861211656073623,0.04550935000998123,,
moan,avgmonth_tmp,-0.09846917940328326,0.013930437645775428,,
ridge,avgmonth_tmp,-0.09846248496712474,0.0601179191214827,,
hill,avgmonth_tmp,-0.09827973560748858,0.02183597721805976,,
shiver,avgmonth_tmp,-0.0982374964234604,0.08655855034628725,,
nerve,avgmonth_tmp,-0.09813970627707856,0.1085358099338279,,
society,avgmonth_tmp,-0.09811554857671999,0.08595095089780184,,
coffin,avgmonth_tmp,-0.09809269506173368,0.11568132907682485,,
hour,avgmonth_tmp,-0.09785171126720485,0.02317625626777718,,
wheel,avgmonth_tmp,-0.0976681186854261,0.02553204032753426,,
brush,avgmonth_tmp,-0.09719291698600106,0.027734431160131752,,
steel,avgmonth_tmp,-0.09686757314990153,0.0541424876695122,,
tile,avgmonth_tmp,-0.0967081049154033,0.20767077284778382,,
harp,avgmonth_tmp,-0.09667779327070432,0.19169500355994365,,
appendix,avgmonth_tmp,-0.09640214496012987,0.25696561316099953,,
robe,avgmonth_tmp,-0.09608444913242264,0.21515105292925146,,
bucket,avgmonth_tmp,-0.09551643209035295,0.04936542720491466,,
parting,avgmonth_tmp,-0.09547694160319702,0.09297604797778064,,
neighbor,avgmonth_tmp,-0.09543618879401003,0.031006348803295898,,
foundation,avgmonth_tmp,-0.09543373584790582,0.05032962090231144,,
dart,avgmonth_tmp,-0.09538387235993495,0.17774392525153326,,
crook,avgmonth_tmp,-0.09497205065916733,0.17803100369306318,,
hinge,avgmonth_tmp,-0.09490760868001417,0.10739343484488129,,
drain,avgmonth_tmp,-0.09471164793028648,0.048782373311797245,,
swarm,avgmonth_tmp,-0.09467127842903444,0.08056980895448827,,
contrary,avgmonth_tmp,-0.09448420148191496,0.094836983530347585,,
prick,avgmonth_tmp,-0.09446151721481413,0.06604791193141375,,
hug,avgmonth_tmp,-0.09427945744971228,0.08102931278716526,,
rut,avgmonth_tmp,-0.09422737047545332,0.15090605530926895,,
unit,avgmonth_tmp,-0.09403155876496723,0.10075948320003497,,
excuse,avgmonth_tmp,-0.09371168811779286,0.07511171135676921,,
fringe,avgmonth_tmp,-0.09328570482885636,0.10923675262876566,,
attitude,avgmonth_tmp,-0.09314453156536114,0.12075471822333736,,
spelling,avgmonth_tmp,-0.09307659191283885,0.19990411976390962,,
slack,avgmonth_tmp,-0.09305980663775575,0.06855962103656892,,
whirl,avgmonth_tmp,-0.09296978050689586,0.0930283362715176,,
delay,avgmonth_tmp,-0.09293873772272089,0.04072187396233222,,
nephew,avgmonth_tmp,-0.09290905248703744,0.07107156024617348,,
door,avgmonth_tmp,-0.09289775602720719,8.75769317483929e-4,,
fountain,avgmonth_tmp,-0.09270397852932598,0.15391968829552038,,
mast,avgmonth_tmp,-0.09244905566420901,0.20247908747890062,,
introduction,avgmonth_tmp,-0.09238051453270638,0.02263180744428947,,
hospital,avgmonth_tmp,-0.09229337712587177,0.08944195153480627,,
eve,avgmonth_tmp,-0.09179003194307868,0.2329997333371593,,
mile,avgmonth_tmp,-0.09174001640031933,0.12193440027852309,,
grip,avgmonth_tmp,-0.09159680190679971,0.10191452345465965,,
border,avgmonth_tmp,-0.09159620000791428,0.05074786489790093,,
shock,avgmonth_tmp,-0.0910315776983075,0.08881581634102698,,
sewing,avgmonth_tmp,-0.09078067695685958,0.08402925037813058,,
interpretation,avgmonth_tmp,-0.09075693992703823,0.1652630509678092,,
service,avgmonth_tmp,-0.09055846466217393,0.07510165955166331,,
material,avgmonth_tmp,-0.09053215118108404,0.01977881052550463,,
rot,avgmonth_tmp,-0.09041973809279688,0.06898461165883714,,
butt,avgmonth_tmp,-0.09041735358993074,0.018652940560375714,,
detail,avgmonth_tmp,-0.08981621544054678,0.06863448640546196,,
contrast,avgmonth_tmp,-0.08963777660431359,0.1911206691246108,,
agriculture,avgmonth_tmp,-0.08949682119009267,0.17550914776385787,,
basin,avgmonth_tmp,-0.08928423956259772,0.05721293604232328,,
spectacle,avgmonth_tmp,-0.08923423400342695,0.07138316832944411,,
engine,avgmonth_tmp,-0.08917260564139896,0.19751553022051369,,
kiss,avgmonth_tmp,-0.08905615100481311,0.0262496584301254,,
description,avgmonth_tmp,-0.08898380054304302,0.07745206490528678,,
neglect,avgmonth_tmp,-0.08897940069477227,0.06646659764331347,,
laughter,avgmonth_tmp,-0.08851846171692593,0.038413528406916544,,
structure,avgmonth_tmp,-0.0882606306169627,0.12404605002711798,,
trash,avgmonth_tmp,-0.08822809957010735,0.30215156152123895,,
brand,avgmonth_tmp,-0.08787621196780726,0.08656503810125778,,
spark,avgmonth_tmp,-0.08786408054915601,0.013582034847745209,,
bar,avgmonth_tmp,-0.08767329619067478,0.12753202750567721,,
plane,avgmonth_tmp,-0.08765668338092206,0.055291577771344344,,
institute,avgmonth_tmp,-0.08745684426105348,0.1885400692127079,,
location,avgmonth_tmp,-0.0873989924289377,0.26656464347227077,,
jack,avgmonth_tmp,-0.08723048174451455,0.19595839275241925,,
staff,avgmonth_tmp,-0.08675349590705714,0.09034500316120556,,
picture,avgmonth_tmp,-0.08666299939797989,0.04759570413768624,,
contest,avgmonth_tmp,-0.08636032990230483,0.13390398189695957,,
remnant,avgmonth_tmp,-0.08626294385304518,0.13989884863629273,,
paper,avgmonth_tmp,-0.08624553195989115,0.03500553256171581,,
office,avgmonth_tmp,-0.08604022352487765,0.17547131636016888,,
exit,avgmonth_tmp,-0.08600331905332771,0.11928547935842593,,
dog,avgmonth_tmp,-0.08584057615536243,0.014394645471189956,,
bench,avgmonth_tmp,-0.08578644871106461,0.10872898303382286,,
stake,avgmonth_tmp,-0.085674788093215,0.05867371012252607,,
system,avgmonth_tmp,-0.08560963209452427,0.16161400468022857,,
burden,avgmonth_tmp,-0.0856056878640877,0.09807632361086295,,
party,avgmonth_tmp,-0.08544743341647827,0.10987881152439473,,
cork,avgmonth_tmp,-0.0854427042592301,0.15002189245431358,,
importance,avgmonth_tmp,-0.08533375476620211,0.05250341404300126,,
match,avgmonth_tmp,-0.08506355337176782,0.01417810247080941,,
yeast,avgmonth_tmp,-0.08493223818849768,0.13612257937348257,,
difference,avgmonth_tmp,-0.08464347602528814,0.02338724147000627,,
company,avgmonth_tmp,-0.08453350071063605,0.09171757868095876,,
grant,avgmonth_tmp,-0.08412805468875377,0.12376919770002962,,
warp,avgmonth_tmp,-0.0839946049342676,0.26843034184635206,,
expense,avgmonth_tmp,-0.0837352104528113,0.22606584162896856,,
credit,avgmonth_tmp,-0.08343976465615177,0.20451708280060696,,
flag,avgmonth_tmp,-0.08326098988327583,0.08833627196750798,,
street,avgmonth_tmp,-0.08323092854077854,0.22963707760955884,,
chance,avgmonth_tmp,-0.0829823200084517,0.09387658142944355,,
rap,avgmonth_tmp,-0.0828102269909457,0.27853016280965,,
dream,avgmonth_tmp,-0.08253903280203408,0.007273964061989911,,
strand,avgmonth_tmp,-0.08250285668972253,0.1743104397188498,,
brain,avgmonth_tmp,-0.08244787243495665,0.02056380903188495,,
gasp,avgmonth_tmp,-0.08232694086911681,0.12869414035339963,,
harm,avgmonth_tmp,-0.08218388995912915,0.06148544463522465,,
quiver,avgmonth_tmp,-0.08211213892782111,0.08373805022855908,,
glance,avgmonth_tmp,-0.08200693456351449,0.10772320320450493,,
kitchen,avgmonth_tmp,-0.08199528729784204,0.12789527925141464,,
bulge,avgmonth_tmp,-0.08150707074108306,0.26378122256456243,,
retreat,avgmonth_tmp,-0.08147897487919281,0.17362328877612931,,
grandmother,avgmonth_tmp,-0.08145905646640933,0.10110665601859213,,
bosom,avgmonth_tmp,-0.08126016923323674,0.18701149678008322,,
peel,avgmonth_tmp,-0.08123105746630471,0.08064989772514917,,
thrust,avgmonth_tmp,-0.08116327556134248,0.20399991697079678,,
shred,avgmonth_tmp,-0.08101754816645149,0.1871058178107378,,
author,avgmonth_tmp,-0.08096464898057125,0.13325990830580184,,
production,avgmonth_tmp,-0.08089990173527817,0.26727344695034083,,
gathering,avgmonth_tmp,-0.08087244149667368,0.029300821903291443,,
pressure,avgmonth_tmp,-0.08035419955548803,0.14488567292010346,,
prisoner,avgmonth_tmp,-0.07987625644009781,0.0963754679829563,,
repair,avgmonth_tmp,-0.07982044592759464,0.041980726081441426,,
device,avgmonth_tmp,-0.0796973479903041,0.1853429542714262,,
sigh,avgmonth_tmp,-0.07956572112581088,0.12249334298614244,,
growl,avgmonth_tmp,-0.07938998320775534,0.15745352231034085,,
doll,avgmonth_tmp,-0.07927379895214155,0.16927489217602718,,
beast,avgmonth_tmp,-0.0790416069250366,0.23359130832901095,,
kidney,avgmonth_tmp,-0.07893874539679319,0.032311732916936606,,
inquiry,avgmonth_tmp,-0.0787927138776874,0.20537030199586667,,
lad,avgmonth_tmp,-0.07844929584950175,0.26997215903542204,,
health,avgmonth_tmp,-0.07797787388271928,0.046931602499756433,,
teaching,avgmonth_tmp,-0.07770459007006857,0.10245823995352311,,
flare,avgmonth_tmp,-0.0776220049744393,0.16970142030006502,,
tool,avgmonth_tmp,-0.07760530783086525,0.08412404541348559,,
mouse,avgmonth_tmp,-0.07754510960045433,0.05397612152828531,,
pipe,avgmonth_tmp,-0.07750309277214561,0.04762511710623472,,
partition,avgmonth_tmp,-0.077496503457224,0.20380661781348808,,
assault,avgmonth_tmp,-0.07740410947051879,0.17568766163722413,,
band,avgmonth_tmp,-0.07718700530591445,0.08807124782600387,,
dusk,avgmonth_tmp,-0.07718278148720904,0.13680500036074314,,
couple,avgmonth_tmp,-0.07680566858733318,0.07961362328819582,,
radio,avgmonth_tmp,-0.07651120625000307,0.3901040637503204,,
wit,avgmonth_tmp,-0.07581200994658793,0.23056732927135695,,
thought,avgmonth_tmp,-0.07575181462566417,0.10398193727870922,,
mold,avgmonth_tmp,-0.07552640207214459,0.08841105083976092,,
leap,avgmonth_tmp,-0.07550053836282557,0.12380614002269104,,
wrap,avgmonth_tmp,-0.07536948797100683,0.07370650527941434,,
hero,avgmonth_tmp,-0.07536172646376854,0.2184508926031107,,
threat,avgmonth_tmp,-0.07532554295342223,0.10867407774237144,,
uniform,avgmonth_tmp,-0.07528520586294989,0.23426434903384777,,
cigarette,avgmonth_tmp,-0.0750089142995613,0.35456005166500304,,
trial,avgmonth_tmp,-0.07462113020922875,0.27360453245276956,,
account,avgmonth_tmp,-0.07438440285091973,0.16970368050895682,,
lighting,avgmonth_tmp,-0.07432871457878767,0.13618452845423779,,
guard,avgmonth_tmp,-0.07431744046133405,0.03786363147906146,,
content,avgmonth_tmp,-0.07431419116384622,0.012714885333686705,,
pledge,avgmonth_tmp,-0.07419687073546749,0.263293457776501,,
meat,avgmonth_tmp,-0.07390777979795399,0.047756954150259455,,
moment,avgmonth_tmp,-0.07351200630368351,0.13659950407530352,,
interest,avgmonth_tmp,-0.07350417599553379,0.09499735880568473,,
sweep,avgmonth_tmp,-0.07307139138379706,0.043808573066062645,,
capital,avgmonth_tmp,-0.07304776251569911,0.24754475110580185,,
gamble,avgmonth_tmp,-0.07303741947907942,0.3215639598637537,,
advantage,avgmonth_tmp,-0.07288752550164847,0.19199001421194004,,
arrest,avgmonth_tmp,-0.07277893500042018,0.14885459531679227,,
collection,avgmonth_tmp,-0.07254155182030923,0.16297240975774818,,
carpet,avgmonth_tmp,-0.07230491021757682,0.2557390692354971,,
sway,avgmonth_tmp,-0.07220653086679236,0.10204913709649635,,
preface,avgmonth_tmp,-0.07173246980257306,0.11501084085894922,,
row,avgmonth_tmp,-0.0716997650826607,0.020130755992907364,,
exchange,avgmonth_tmp,-0.07139636478835912,0.06154273466112467,,
luck,avgmonth_tmp,-0.07131437859814349,0.11997870376269167,,
leak,avgmonth_tmp,-0.07128221756320316,0.08268492453402214,,
sight,avgmonth_tmp,-0.0712510087378996,0.07130733920305184,,
orphan,avgmonth_tmp,-0.07111516656400196,0.10192886072693921,,
reason,avgmonth_tmp,-0.07094785849295877,0.0013508368375364968,,
accord,avgmonth_tmp,-0.07068422807094718,0.21895876747224874,,
trench,avgmonth_tmp,-0.07066179141222145,0.20036736287900886,,
pity,avgmonth_tmp,-0.0700042495418917,0.01527968428015921,,
club,avgmonth_tmp,-0.06978424159425253,0.11391555501745768,,
ship,avgmonth_tmp,-0.06915846551333571,0.32409966154037845,,
payment,avgmonth_tmp,-0.06909355221667815,0.1776221014148429,,
beam,avgmonth_tmp,-0.06899051479621424,0.14333116109908656,,
flock,avgmonth_tmp,-0.06886359991159938,0.1441501807281077,,
proverb,avgmonth_tmp,-0.06876062678865813,0.34272997580005554,,
officer,avgmonth_tmp,-0.06866832970337139,0.2862077785001864,,
leather,avgmonth_tmp,-0.0685985433823911,0.14500866311291521,,
energy,avgmonth_tmp,-0.06844177366631035,0.27810107637170395,,
value,avgmonth_tmp,-0.0683841396514035,0.08187435789748819,,
incline,avgmonth_tmp,-0.06835938240586169,0.2576040605979979,,
veil,avgmonth_tmp,-0.06833326821892238,0.3224323869492214,,
horn,avgmonth_tmp,-0.06823929333637035,0.04935658946449401,,
nuisance,avgmonth_tmp,-0.06804254191487015,0.2988812266126148,,
stoop,avgmonth_tmp,-0.06779223569102578,0.20803582876403137,,
chest,avgmonth_tmp,-0.06775542467842958,0.034079258178677,,
bottom,avgmonth_tmp,-0.06773523831525316,0.03560152907733029,,
memory,avgmonth_tmp,-0.06769502887209448,0.11690958770583207,,
opposition,avgmonth_tmp,-0.06686518504352974,0.2944870747284645,,
south,avgmonth_tmp,-0.06678486769696036,0.1637080294087096,,
drizzle,avgmonth_tmp,-0.06648835519094771,0.27475961002351246,,
claim,avgmonth_tmp,-0.06645791526936161,0.20099604988403597,,
car,avgmonth_tmp,-0.06645129656278057,0.2900000015971356,,
scratch,avgmonth_tmp,-0.06632105024935177,0.06908730752987727,,
lure,avgmonth_tmp,-0.06619340082599821,0.3475526568223163,,
smoking,avgmonth_tmp,-0.06598611512242948,0.1547189001994567,,
game,avgmonth_tmp,-0.06592466173130997,0.07885169417325052,,
alarm,avgmonth_tmp,-0.06585561926920191,0.30054082236720847,,
treasure,avgmonth_tmp,-0.06585304005652544,0.3000160517806681,,
slice,avgmonth_tmp,-0.06545674427773988,0.1909643610413622,,
tongue,avgmonth_tmp,-0.06542602484018421,0.005394745149766804,,
baggage,avgmonth_tmp,-0.06539626507234027,0.2970195537873933,,
cargo,avgmonth_tmp,-0.06525614705502027,0.3689442960881387,,
yolk,avgmonth_tmp,-0.06506687607649811,0.24181806877786233,,
error,avgmonth_tmp,-0.06503938770595509,0.19372385933875735,,
diet,avgmonth_tmp,-0.06488202582079045,0.3312802891892676,,
sum,avgmonth_tmp,-0.06450396228494602,0.3363036849778441,,
challenge,avgmonth_tmp,-0.06438624976150227,0.26281707931308607,,
announcement,avgmonth_tmp,-0.06421577001226167,0.32323775446072783,,
warning,avgmonth_tmp,-0.06420358376864314,0.1650197037517294,,
mission,avgmonth_tmp,-0.06411096467793133,0.2758200277987359,,
journey,avgmonth_tmp,-0.0640897473753935,0.17060116926282873,,
farm,avgmonth_tmp,-0.06383910481965335,0.49827059582958844,,
lag,avgmonth_tmp,-0.06348337028056658,0.45316107637875885,,
core,avgmonth_tmp,-0.0633685641808316,0.2131624664259389,,
grade,avgmonth_tmp,-0.06322002357506991,0.46084042196319636,,
prison,avgmonth_tmp,-0.06286337006831719,0.16710711123634692,,
gaze,avgmonth_tmp,-0.06282745928973936,0.1102540897765256,,
holder,avgmonth_tmp,-0.0627346128959043,0.2786976292174846,,
measles,avgmonth_tmp,-0.06261691090691003,0.22056651616513528,,
evening,avgmonth_tmp,-0.06250274281300047,0.01919545866438002,,
garlic,avgmonth_tmp,-0.062406782381551944,0.3461841283260948,,
truck,avgmonth_tmp,-0.06232814556345714,0.4828673428686878,,
stream,avgmonth_tmp,-0.06228960814549158,0.21722059838357263,,
litter,avgmonth_tmp,-0.06181384853551599,0.27870931383722974,,
shin,avgmonth_tmp,-0.061736546926667545,0.31390069913075713,,
consumption,avgmonth_tmp,-0.061641873572171685,0.22162215490446308,,
lawyer,avgmonth_tmp,-0.06150988238573963,0.32688561280758777,,
gulp,avgmonth_tmp,-0.061367453121411446,0.3470971523084065,,
cart,avgmonth_tmp,-0.061171597275794985,0.35612413566686135,,
skeleton,avgmonth_tmp,-0.06115530388775457,0.21521402604119302,,
oath,avgmonth_tmp,-0.06094046436244798,0.25221337179623676,,
rule,avgmonth_tmp,-0.060765378941308734,0.1888376081338604,,
rash,avgmonth_tmp,-0.06041057805339902,0.15010117201916634,,
artery,avgmonth_tmp,-0.06026929963739819,0.21126806206174303,,
plan,avgmonth_tmp,-0.06019222619910243,0.19928991952566127,,
trough,avgmonth_tmp,-0.06016027092383893,0.2908959516015758,,
aid,avgmonth_tmp,-0.060083597586951296,0.21832695554625503,,
slit,avgmonth_tmp,-0.060063699579986495,0.3066317142406421,,
missionary,avgmonth_tmp,-0.06001418922452252,0.40347579375736276,,
drip,avgmonth_tmp,-0.059969363760250013,0.21147286538260365,,
laugh,avgmonth_tmp,-0.05963259826018477,0.05439921951979204,,
bait,avgmonth_tmp,-0.05958980803944087,0.2881460121368794,,
sieve,avgmonth_tmp,-0.059544305248251835,0.25304844109159974,,
cheek,avgmonth_tmp,-0.05943525899717885,0.0491884390912951,,
extension,avgmonth_tmp,-0.059302164561231545,0.28519973258867015,,
regret,avgmonth_tmp,-0.05913557796525186,0.19690894913664958,,
nod,avgmonth_tmp,-0.059116891452604986,0.19807644890718615,,
groan,avgmonth_tmp,-0.05900442528612678,0.16935719396397214,,
fashion,avgmonth_tmp,-0.05852523987438993,0.2518769133850544,,
twine,avgmonth_tmp,-0.058338929954304695,0.30523385444418905,,
esteem,avgmonth_tmp,-0.05815526902905768,0.39927819344176607,,
resident,avgmonth_tmp,-0.058088194806078776,0.3030369799752113,,
force,avgmonth_tmp,-0.05806041856270389,0.08958938550347487,,
thickness,avgmonth_tmp,-0.058049987408660596,0.21009598806324048,,
breath,avgmonth_tmp,-0.05760831176073627,0.019846500921126883,,
care,avgmonth_tmp,-0.05719861569579746,0.022969658488946252,,
safety,avgmonth_tmp,-0.05696844361414679,0.2807181569595927,,
chip,avgmonth_tmp,-0.05682015517760863,0.22228279441598808,,
stink,avgmonth_tmp,-0.05659926472173866,0.2194480766445744,,
wilderness,avgmonth_tmp,-0.056390856550688886,0.35944999573225334,,
disorder,avgmonth_tmp,-0.05627853167822672,0.4023986152543574,,
principle,avgmonth_tmp,-0.056202812425496636,0.4164179236075461,,
whisker,avgmonth_tmp,-0.05613937014573705,0.30418715109873723,,
master,avgmonth_tmp,-0.05598909651122317,0.18921245153499747,,
slaughter,avgmonth_tmp,-0.055521889199340355,0.30724856009489504,,
habit,avgmonth_tmp,-0.0553524841587163,0.21593083907512847,,
quarter,avgmonth_tmp,-0.054891063800360844,0.21635938403822105,,
pool,avgmonth_tmp,-0.05468536905290567,0.23221119990567074,,
overflow,avgmonth_tmp,-0.054417154619841604,0.24748716413783597,,
vinegar,avgmonth_tmp,-0.054374129587251054,0.40452351499645056,,
construction,avgmonth_tmp,-0.05401278984510613,0.31469653532222475,,
palate,avgmonth_tmp,-0.05391646867683537,0.21591356088954364,,
rag,avgmonth_tmp,-0.05376484239727307,0.256195955159495,,
appetite,avgmonth_tmp,-0.053389582037578986,0.27095237965199986,,
appointment,avgmonth_tmp,-0.05335347084219811,0.40604199785212436,,
impression,avgmonth_tmp,-0.053294113912492586,0.3217668348968158,,
justice,avgmonth_tmp,-0.053222376863646746,0.36639417178774764,,
frame,avgmonth_tmp,-0.05273068676641287,0.19055279389691515,,
condition,avgmonth_tmp,-0.052719091418608297,0.22769305595273906,,
fun,avgmonth_tmp,-0.0524478236637527,0.23659762456067798,,
equivalent,avgmonth_tmp,-0.052240088697019654,0.2035736562379934,,
photograph,avgmonth_tmp,-0.05211117505667321,0.34809681625646205,,
security,avgmonth_tmp,-0.05180744269342575,0.3951290947348837,,
peace,avgmonth_tmp,-0.051734091482556414,0.2299207603825988,,
kid,avgmonth_tmp,-0.051690899113069365,0.44730728054296354,,
airplane,avgmonth_tmp,-0.051561933630673455,0.5044358862516354,,
operation,avgmonth_tmp,-0.05152073913181055,0.41350571840525885,,
hesitation,avgmonth_tmp,-0.05150912322684317,0.35289276121998064,,
gun,avgmonth_tmp,-0.051178976784902706,0.27210788342690606,,
question,avgmonth_tmp,-0.05045834655980708,0.08388183149036178,,
ease,avgmonth_tmp,-0.0502255749511919,0.2907803782247948,,
cattle,avgmonth_tmp,-0.050146012176839505,0.43436701518292337,,
cob,avgmonth_tmp,-0.050063656444104224,0.5925528081820783,,
tailor,avgmonth_tmp,-0.049741553206800085,0.40591169954061634,,
breeze,avgmonth_tmp,-0.04959805562006283,0.2666925435946822,,
funnel,avgmonth_tmp,-0.04956848847801642,0.37693864333239274,,
succession,avgmonth_tmp,-0.04956500944179999,0.45458352185540984,,
extremity,avgmonth_tmp,-0.049560038241519395,0.4632209180745729,,
confidence,avgmonth_tmp,-0.04949763730024958,0.2959091123861406,,
smear,avgmonth_tmp,-0.04943063458242707,0.37611672168437144,,
fence,avgmonth_tmp,-0.049260743797247215,0.24553254434069205,,
brim,avgmonth_tmp,-0.048626684180521906,0.37191231245794193,,
distinction,avgmonth_tmp,-0.04808704919734644,0.3137074747456663,,
guest,avgmonth_tmp,-0.04802028184921525,0.3547474317155553,,
hatch,avgmonth_tmp,-0.047633561583311015,0.3336357984053264,,
corner,avgmonth_tmp,-0.04753797749256556,0.08072540892802034,,
consent,avgmonth_tmp,-0.04736925552499743,0.3508973867600942,,
country,avgmonth_tmp,-0.0473491874377956,0.3148783826957497,,
cup,avgmonth_tmp,-0.04719008559664795,0.16047960455044366,,
wave,avgmonth_tmp,-0.047131407967720515,0.189432675639429,,
pinch,avgmonth_tmp,-0.04704025161421451,0.2552047210365819,,
direction,avgmonth_tmp,-0.04692162904232079,0.2043885566852328,,
conversation,avgmonth_tmp,-0.04670085273446873,0.25828489159207835,,
usage,avgmonth_tmp,-0.0462715447852236,0.4767137947670533,,
garment,avgmonth_tmp,-0.046122036878815116,0.48089773006664394,,
extent,avgmonth_tmp,-0.04601136524517375,0.33991149863679376,,
drink,avgmonth_tmp,-0.045704898956866434,0.12837667831984148,,
hawk,avgmonth_tmp,-0.04544843851898364,0.3510724562092846,,
spy,avgmonth_tmp,-0.045201547219001575,0.24700763253589172,,
salary,avgmonth_tmp,-0.0450691810322705,0.5659002285112319,,
cousin,avgmonth_tmp,-0.04501220276709857,0.40683424031012555,,
delight,avgmonth_tmp,-0.04498027235968184,0.5191495464537373,,
contact,avgmonth_tmp,-0.04481448958938497,0.23752111673835596,,
rust,avgmonth_tmp,-0.04479345302787575,0.20011585002858173,,
conclusion,avgmonth_tmp,-0.0447575609655797,0.40876716612777314,,
sling,avgmonth_tmp,-0.044492003672631474,0.38787744330024726,,
site,avgmonth_tmp,-0.04446981203303719,0.45125045312248585,,
span,avgmonth_tmp,-0.04440350950466889,0.47783107945734477,,
air,avgmonth_tmp,-0.04427180545021319,0.1809757624020212,,
experience,avgmonth_tmp,-0.04426718797003825,0.28539301042274096,,
dish,avgmonth_tmp,-0.04426658173512116,0.2515998111927683,,
disk,avgmonth_tmp,-0.04407350763101903,0.5011177761120706,,
exercise,avgmonth_tmp,-0.04383206845932758,0.40765458565535073,,
scholar,avgmonth_tmp,-0.043763342916364266,0.48266596137640194,,
yoke,avgmonth_tmp,-0.0433901836870756,0.5073057045350869,,
beach,avgmonth_tmp,-0.04337722004123575,0.6207666149421668,,
soil,avgmonth_tmp,-0.0431351323459876,0.2925082170800559,,
bell,avgmonth_tmp,-0.04307977515125553,0.26553566305575144,,
peep,avgmonth_tmp,-0.042873835231649324,0.4967610341807836,,
refrain,avgmonth_tmp,-0.04285279736376102,0.4224753476551318,,
movement,avgmonth_tmp,-0.042798728373351,0.2894726587437707,,
bug,avgmonth_tmp,-0.042696159491333985,0.4757621917674096,,
gate,avgmonth_tmp,-0.04262451719244276,0.47539494128622073,,
examination,avgmonth_tmp,-0.04252793616016479,0.57915530784652125,,
bull,avgmonth_tmp,-0.04228964134418504,0.4073727268796532,,
merit,avgmonth_tmp,-0.042129818126012464,0.593495741154951,,
passenger,avgmonth_tmp,-0.04204973319479876,0.5786914808951874,,
approach,avgmonth_tmp,-0.041981709958861906,0.2224763685326388,,
moth,avgmonth_tmp,-0.04181571348549401,0.3384693759013398,,
province,avgmonth_tmp,-0.04175218108372485,0.6241833352887548,,
soup,avgmonth_tmp,-0.041414276559863794,0.5164244999491275,,
book,avgmonth_tmp,-0.0413176670793018,0.3020698389061075,,
jam,avgmonth_tmp,-0.041312008945104006,0.5582109489015623,,
source,avgmonth_tmp,-0.041293030833216955,0.2825086236031763,,
spoon,avgmonth_tmp,-0.04096601824125804,0.2947071411996556,,
wind,avgmonth_tmp,-0.04090463425165437,0.11639623622235036,,
curve,avgmonth_tmp,-0.04065467369450507,0.4057450235667981,,
solution,avgmonth_tmp,-0.040535294108774725,0.5179381238892921,,
event,avgmonth_tmp,-0.04047550789358845,0.3538750417365454,,
dwarf,avgmonth_tmp,-0.04046639005996417,0.40058010683138784,,
pile,avgmonth_tmp,-0.0404295413511643,0.24143706298972994,,
neighborhood,avgmonth_tmp,-0.04040528577232396,0.5331795334032113,,
sweat,avgmonth_tmp,-0.04025921401007599,0.26157449620363843,,
guide,avgmonth_tmp,-0.04018527743204009,0.27435336681545547,,
toy,avgmonth_tmp,-0.040163160260873146,0.4085035934415348,,
loss,avgmonth_tmp,-0.04012759624585473,0.4281079516797976,,
net,avgmonth_tmp,-0.0400066021818101,0.6516205721822337,,
bladder,avgmonth_tmp,-0.03994086051035692,0.30607106094652525,,
envelope,avgmonth_tmp,-0.03990555593763327,0.3949702470239563,,
plaster,avgmonth_tmp,-0.039676478735465245,0.46229516821989486,,
plunge,avgmonth_tmp,-0.039665217261570414,0.49688728929554865,,
weakness,avgmonth_tmp,-0.03963184540474999,0.4361069599061092,,
decrease,avgmonth_tmp,-0.03956314755680151,0.44854577294155595,,
discussion,avgmonth_tmp,-0.039506876830621596,0.31641945846103736,,
grammar,avgmonth_tmp,-0.039371252437274636,0.502049423003935,,
rank,avgmonth_tmp,-0.03907071691071013,0.5496264603105061,,
warmth,avgmonth_tmp,-0.03901562350193592,0.4685984400756272,,
grunt,avgmonth_tmp,-0.038747106359841806,0.5915650580270634,,
vegetation,avgmonth_tmp,-0.03852215733323895,0.5578358026312115,,
category,avgmonth_tmp,-0.038414826520358596,0.5892604890228773,,
prince,avgmonth_tmp,-0.03832727150469547,0.6480372990612345,,
fare,avgmonth_tmp,-0.03831023608702446,0.6263323225785417,,
obstacle,avgmonth_tmp,-0.03824961066952677,0.5175548569299891,,
battle,avgmonth_tmp,-0.038215255068531746,0.5167080273154234,,
rim,avgmonth_tmp,-0.038067671975915054,0.4649148513789745,,
cardinal,avgmonth_tmp,-0.03782166556725502,0.6059653769930281,,
owl,avgmonth_tmp,-0.037556120914287804,0.37138934915906385,,
bath,avgmonth_tmp,-0.03755487306341376,0.5078827520726443,,
aim,avgmonth_tmp,-0.0373882614843417,0.33996048294621733,,
nape,avgmonth_tmp,-0.03731313725520779,0.5344179597500957,,
land,avgmonth_tmp,-0.03702651273414836,0.23660694293769466,,
treatment,avgmonth_tmp,-0.03682030774212206,0.45133621042126515,,
concern,avgmonth_tmp,-0.0366799167248621,0.4466483407939412,,
trick,avgmonth_tmp,-0.036666148162408554,0.46801795271437197,,
swell,avgmonth_tmp,-0.03624411408601072,0.2832308551111837,,
harmony,avgmonth_tmp,-0.036136091696697015,0.6118707499876999,,
soot,avgmonth_tmp,-0.03604561291417502,0.48402856762589497,,
danger,avgmonth_tmp,-0.03557907163018629,0.4478654056888461,,
crown,avgmonth_tmp,-0.03550433903346045,0.3393039552188407,,
instruction,avgmonth_tmp,-0.03532012424214843,0.4859777961603823,,
west,avgmonth_tmp,-0.035110441597186355,0.41538239712515296,,
opponent,avgmonth_tmp,-0.03506803621297805,0.518180299735816,,
rumor,avgmonth_tmp,-0.03499611028319178,0.473247654595449,,
fold,avgmonth_tmp,-0.03496286878065788,0.2760632098346032,,
bank,avgmonth_tmp,-0.034740383345791694,0.3159466563829472,,
minute,avgmonth_tmp,-0.03467967784975462,0.4933103298210694,,
problem,avgmonth_tmp,-0.034497019415556524,0.6160242501129537,,
pen,avgmonth_tmp,-0.03435628522636569,0.5056390672021244,,
revenge,avgmonth_tmp,-0.03425883110852969,0.44851869955225543,,
wink,avgmonth_tmp,-0.034250295738109254,0.36993440088798035,,
frown,avgmonth_tmp,-0.034062926990527626,0.5429433760812098,,
ion,avgmonth_tmp,-0.03393859414374988,0.7058539665488436,,
court,avgmonth_tmp,-0.033851498955878634,0.5176590882063652,,
flank,avgmonth_tmp,-0.033780448739877775,0.5342917772719603,,
squash,avgmonth_tmp,-0.03374022405032656,0.6685384812776374,,
gut,avgmonth_tmp,-0.03351457490286767,0.5786880383324604,,
disturbance,avgmonth_tmp,-0.033343810458927016,0.5504275223256131,,
series,avgmonth_tmp,-0.033077803679413924,0.5885812385591507,,
roar,avgmonth_tmp,-0.03302975239759004,0.5298281111717812,,
purchase,avgmonth_tmp,-0.033018074674239326,0.5008207558133622,,
filter,avgmonth_tmp,-0.03301655606148958,0.6194810993837278,,
household,avgmonth_tmp,-0.03300853688121246,0.5099435364220322,,
scissors,avgmonth_tmp,-0.03280610683750067,0.4474138187035896,,
vein,avgmonth_tmp,-0.032200128420621595,0.3151714126199883,,
trouser,avgmonth_tmp,-0.03206378807188205,0.5883149545744607,,
pottery,avgmonth_tmp,-0.03198143017252912,0.6662026010886167,,
bible,avgmonth_tmp,-0.03187468450387575,0.6692496639654448,,
encouragement,avgmonth_tmp,-0.031493219065294134,0.5300209623921384,,
distance,avgmonth_tmp,-0.031416895068891115,0.291211210665886,,
consideration,avgmonth_tmp,-0.031353332728611724,0.5655124672765173,,
second,avgmonth_tmp,-0.03110841153293381,0.27773639337303335,,
answer,avgmonth_tmp,-0.030799483131281905,0.3208774551412167,,
partner,avgmonth_tmp,-0.03050247237465585,0.5259629238362925,,
ambush,avgmonth_tmp,-0.030338473683199352,0.6279820589267459,,
tongs,avgmonth_tmp,-0.030249728437941863,0.5903023663585513,,
killer,avgmonth_tmp,-0.030030765561156556,0.6495987897761332,,
offense,avgmonth_tmp,-0.029792420119950723,0.5435521353892444,,
grief,avgmonth_tmp,-0.029019874206991068,0.6224000025462807,,
meeting,avgmonth_tmp,-0.028864480208726655,0.49482292286297114,,
lament,avgmonth_tmp,-0.028815183243144443,0.6656179398828893,,
turkey,avgmonth_tmp,-0.02880967208383928,0.6930272958016733,,
foam,avgmonth_tmp,-0.028584318227610518,0.42266436850557093,,
fart,avgmonth_tmp,-0.028368160271694764,0.6757141831546755,,
baby,avgmonth_tmp,-0.028013970006240375,0.6406585857414145,,
daughter-in-law,avgmonth_tmp,-0.027938487573066734,0.6493449527751394,,
knife,avgmonth_tmp,-0.027919728364893117,0.4275339055427566,,
encounter,avgmonth_tmp,-0.027893732674945864,0.5162657867386159,,
deed,avgmonth_tmp,-0.027815366976500576,0.6474824883311464,,
gunpowder,avgmonth_tmp,-0.02780869151020775,0.6853848077235694,,
trickle,avgmonth_tmp,-0.027686430558291363,0.6773897755955186,,
rudder,avgmonth_tmp,-0.027686003547081273,0.6641016326509963,,
loan,avgmonth_tmp,-0.027614631432296973,0.6240185506197264,,
tax,avgmonth_tmp,-0.02749714836253394,0.6347163981997059,,
expectation,avgmonth_tmp,-0.027101571218604875,0.5953469423543067,,
failure,avgmonth_tmp,-0.02701994272970317,0.6683223244435799,,
courage,avgmonth_tmp,-0.027013057487953494,0.6087982920786607,,
epidemic,avgmonth_tmp,-0.026941756773056616,0.6507846873160055,,
rest,avgmonth_tmp,-0.026904198714342617,0.23262099738962516,,
news,avgmonth_tmp,-0.026860320275877196,0.48312883077963203,,
conflict,avgmonth_tmp,-0.02683946784618822,0.6626796301487701,,
opportunity,avgmonth_tmp,-0.02671963227921114,0.5563023857844627,,
tomorrow,avgmonth_tmp,-0.02625065198182745,0.6869193975864502,,
load,avgmonth_tmp,-0.026172520986042953,0.46589383026101067,,
ally,avgmonth_tmp,-0.025818925258913234,0.7206414656968473,,
grandchild,avgmonth_tmp,-0.025590639913447958,0.704257469997552,,
murder,avgmonth_tmp,-0.025266144085063526,0.5777669410001253,,
player,avgmonth_tmp,-0.025112155133963143,0.6913859194821863,,
inheritance,avgmonth_tmp,-0.02503589462462728,0.664044035015832,,
angle,avgmonth_tmp,-0.02491560286845175,0.6194292747013024,,
cure,avgmonth_tmp,-0.024829157607096933,0.5449273857298698,,
contract,avgmonth_tmp,-0.02475659416458665,0.6238409101666755,,
lid,avgmonth_tmp,-0.02471286028757949,0.5355588071246684,,
imitation,avgmonth_tmp,-0.024621778889863822,0.6594959364205889,,
wrath,avgmonth_tmp,-0.0242487098818824,0.7007961181457155,,
backbone,avgmonth_tmp,-0.024072153142231403,0.6341698500644662,,
log,avgmonth_tmp,-0.023774502571821968,0.653553583246705,,
dot,avgmonth_tmp,-0.023737756958308855,0.6775434339236596,,
scent,avgmonth_tmp,-0.023697327507989748,0.586165487539069,,
son-in-law,avgmonth_tmp,-0.02359982813101629,0.6841407169200971,,
beard,avgmonth_tmp,-0.02359850641170988,0.467473250341252,,
figure,avgmonth_tmp,-0.023539211241711818,0.6584034169852234,,
hiss,avgmonth_tmp,-0.023479806322912643,0.6711618785951514,,
reality,avgmonth_tmp,-0.023303195500542512,0.685988720407121,,
command,avgmonth_tmp,-0.02318586989043779,0.5669497522871453,,
arrival,avgmonth_tmp,-0.023115013258018274,0.6161718947817766,,
rum,avgmonth_tmp,-0.023097666789823224,0.80048666671349,,
joke,avgmonth_tmp,-0.022994261824071664,0.5687312306424185,,
stain,avgmonth_tmp,-0.022841555063125966,0.6614579173809538,,
screen,avgmonth_tmp,-0.022742177005059684,0.723439140864068,,
salute,avgmonth_tmp,-0.022705359983577606,0.727665191614996,,
desert,avgmonth_tmp,-0.022638961567964296,0.6388435914539553,,
interval,avgmonth_tmp,-0.022580414290465606,0.6945064823243536,,
flow,avgmonth_tmp,-0.02254910974591664,0.5004540250367556,,
anchor,avgmonth_tmp,-0.02254556815614384,0.7570425116528435,,
crop,avgmonth_tmp,-0.02252512561282457,0.6710822266553107,,
claw,avgmonth_tmp,-0.022367525592471283,0.5661933411017857,,
fee,avgmonth_tmp,-0.022072119105904026,0.7593153670147351,,
silence,avgmonth_tmp,-0.02194954019082895,0.6493606558685279,,
spin,avgmonth_tmp,-0.02191717889574238,0.640214681574831,,
lung,avgmonth_tmp,-0.021820961617325153,0.5712916514561516,,
shelter,avgmonth_tmp,-0.0217884303394293,0.5542062956920507,,
coward,avgmonth_tmp,-0.021715373322719812,0.7086570321491732,,
ghost,avgmonth_tmp,-0.021695717149555264,0.6374295989069706,,
wound,avgmonth_tmp,-0.021655218829458703,0.49322650487705416,,
grace,avgmonth_tmp,-0.021645310898647862,0.6504674724648326,,
bag,avgmonth_tmp,-0.021634275147093738,0.557342269167015,,
clothes,avgmonth_tmp,-0.021514201660952085,0.5315515147609926,,
interior,avgmonth_tmp,-0.021496758802839154,0.735274062445063,,
yard,avgmonth_tmp,-0.021427461558318227,0.6649752610628834,,
deposit,avgmonth_tmp,-0.021387708219661402,0.6738375954515557,,
grate,avgmonth_tmp,-0.02118344802117874,0.741927364346002,,
gender,avgmonth_tmp,-0.021058631477779838,0.7912487815173819,,
rod,avgmonth_tmp,-0.02101994627501634,0.6857685598023646,,
thicket,avgmonth_tmp,-0.02071403731159994,0.7394354942847423,,
display,avgmonth_tmp,-0.02056328566737665,0.7243148263129953,,
hoe,avgmonth_tmp,-0.020513177480136653,0.7679868216805102,,
comb,avgmonth_tmp,-0.020385663098169023,0.5877452676802651,,
hen,avgmonth_tmp,-0.020179485203207205,0.6916152766312652,,
witness,avgmonth_tmp,-0.020067543593820174,0.6438338664677655,,
harvest,avgmonth_tmp,-0.01975619976616647,0.7313181408106331,,
mole,avgmonth_tmp,-0.019590183139414328,0.7333923979505362,,
difficulty,avgmonth_tmp,-0.01922976622980041,0.6092667302324438,,
decision,avgmonth_tmp,-0.019160776230418432,0.6734406358202167,,
diamond,avgmonth_tmp,-0.019025745323204852,0.7598710013033512,,
muscle,avgmonth_tmp,-0.018620988404028167,0.6581670766454364,,
copper,avgmonth_tmp,-0.018513668248781853,0.7141428446912172,,
community,avgmonth_tmp,-0.018295512731520792,0.6311518561149415,,
divide,avgmonth_tmp,-0.018287436905606066,0.563817162434266,,
utensil,avgmonth_tmp,-0.018265620429655124,0.7673312655808142,,
token,avgmonth_tmp,-0.018031635356016363,0.7717105304583443,,
disgust,avgmonth_tmp,-0.01800615541683523,0.7357446151848641,,
violence,avgmonth_tmp,-0.01800340818733584,0.7981326079455885,,
mercy,avgmonth_tmp,-0.01793035661750845,0.7142201547081148,,
reproach,avgmonth_tmp,-0.017822784772515712,0.8072742696015709,,
ward,avgmonth_tmp,-0.017736419673020015,0.7248387375011288,,
hog,avgmonth_tmp,-0.01761540861816486,0.8065081116446061,,
nostril,avgmonth_tmp,-0.017595573394699474,0.6801099354156814,,
hymn,avgmonth_tmp,-0.017523361568269013,0.7995783233408322,,
pit,avgmonth_tmp,-0.017192717199733816,0.6617028583899022,,
bail,avgmonth_tmp,-0.017118665346245145,0.7708199305093147,,
attack,avgmonth_tmp,-0.016925728626925037,0.6706940601222606,,
cave,avgmonth_tmp,-0.01687471160508197,0.6867155155118425,,
mustard,avgmonth_tmp,-0.01683360700541525,0.7911197725310553,,
alphabet,avgmonth_tmp,-0.01679717771376761,0.8055717497584872,,
quake,avgmonth_tmp,-0.016748031125252156,0.7195485831567486,,
ring,avgmonth_tmp,-0.0167151573963082,0.554645984496686,,
cord,avgmonth_tmp,-0.0165032273524077,0.6511353409035275,,
fatigue,avgmonth_tmp,-0.01647359528430641,0.7657204196143467,,
brick,avgmonth_tmp,-0.016448792503902295,0.7787298694124526,,
reflection,avgmonth_tmp,-0.016354847304563484,0.7229406086476092,,
stump,avgmonth_tmp,-0.016243745048185786,0.7314737266975844,,
tom,avgmonth_tmp,-0.01604756181488507,0.8229693387006536,,
divorce,avgmonth_tmp,-0.016045496285694533,0.7763471260285335,,
vision,avgmonth_tmp,-0.016036684709595215,0.5993022348721218,,
study,avgmonth_tmp,-0.0158159026640859,0.7582825914650554,,
savior,avgmonth_tmp,-0.015678320558850715,0.7750833793696789,,
defect,avgmonth_tmp,-0.015640147952505585,0.7860824834352839,,
gap,avgmonth_tmp,-0.015490247483945126,0.7875805709856273,,
ownership,avgmonth_tmp,-0.015449877964472943,0.7367993018975765,,
army,avgmonth_tmp,-0.015260486534752371,0.8336529699987876,,
grove,avgmonth_tmp,-0.01518848180818263,0.8266372890712003,,
decay,avgmonth_tmp,-0.015143461619216841,0.7646588158195248,,
race,avgmonth_tmp,-0.015034275636575004,0.7133825704434159,,
nature,avgmonth_tmp,-0.014883287686592323,0.7714782064312722,,
music,avgmonth_tmp,-0.01483886903910305,0.8001860141305596,,
chick,avgmonth_tmp,-0.014656887930307795,0.8417814189777002,,
seat,avgmonth_tmp,-0.01465282038398614,0.6503116159750049,,
smallpox,avgmonth_tmp,-0.014606804102465428,0.828519621986049,,
bowl,avgmonth_tmp,-0.014461911714107357,0.7395557410091822,,
keeper,avgmonth_tmp,-0.01439945101696728,0.8217895683323004,,
footprint,avgmonth_tmp,-0.0142977067006145,0.8029773957297659,,
flash,avgmonth_tmp,-0.0142656321778704,0.6759120052870748,,
oven,avgmonth_tmp,-0.014173328768612851,0.860074446534758,,
signal,avgmonth_tmp,-0.014151928191566689,0.7945138961739764,,
agent,avgmonth_tmp,-0.014028878040564215,0.8242366918449535,,
spray,avgmonth_tmp,-0.0139134104588108,0.8141898472797386,,
strip,avgmonth_tmp,-0.013861756309166279,0.725132015635542,,
plot,avgmonth_tmp,-0.013806706377381206,0.7891901047456275,,
traveler,avgmonth_tmp,-0.013669490041601336,0.7864766944189867,,
perch,avgmonth_tmp,-0.013504520196735323,0.8487804814714273,,
vehicle,avgmonth_tmp,-0.013428653778607955,0.8283872122740142,,
bang,avgmonth_tmp,-0.013371079467939065,0.8716101455820938,,
design,avgmonth_tmp,-0.0133599935632885,0.7873682453622192,,
occupation,avgmonth_tmp,-0.013267021346362737,0.8116055436741979,,
tie,avgmonth_tmp,-0.013086044151118617,0.6718996540031764,,
tumor,avgmonth_tmp,-0.013035799146040906,0.8333652316024682,,
scum,avgmonth_tmp,-0.012953017239867621,0.8123095146360342,,
origin,avgmonth_tmp,-0.012113012673165346,0.7821100590701838,,
chat,avgmonth_tmp,-0.012088046192717484,0.8477384461113052,,
waste,avgmonth_tmp,-0.011999760674247767,0.7581028694363188,,
gravel,avgmonth_tmp,-0.01190380248877847,0.7763636058767711,,
fight,avgmonth_tmp,-0.01177539895076145,0.7049172673114619,,
console,avgmonth_tmp,-0.011517343525786634,0.8311177201321307,,
hatchet,avgmonth_tmp,-0.01133739359590369,0.8412990471761074,,
childhood,avgmonth_tmp,-0.011336343600736327,0.8321834555516681,,
application,avgmonth_tmp,-0.011095145894494278,0.8588661921833255,,
hunting,avgmonth_tmp,-0.010016366606045083,0.8518116165160766,,
counsel,avgmonth_tmp,-0.00971067795886856,0.883990763762704,,
papa,avgmonth_tmp,-0.009664200684540079,0.9341329585057375,,
process,avgmonth_tmp,-0.00955402067520391,0.8104161678637585,,
visitor,avgmonth_tmp,-0.009519011462840407,0.853287242997035,,
envy,avgmonth_tmp,-0.009344794341072037,0.8532546606803512,,
midnight,avgmonth_tmp,-0.009233317011261222,0.8165408497796746,,
ball,avgmonth_tmp,-0.009011674491823812,0.7699392095725612,,
scrub,avgmonth_tmp,-0.00896443074232885,0.9016732460425398,,
contraction,avgmonth_tmp,-0.008889590321958372,0.8870892056881733,,
spit,avgmonth_tmp,-0.008732510352058633,0.8153581716092854,,
explanation,avgmonth_tmp,-0.00864539045885104,0.8510940939943238,,
bin,avgmonth_tmp,-0.008642651996074247,0.9233374438316384,,
assistance,avgmonth_tmp,-0.008621150047058053,0.8475975849879549,,
judge,avgmonth_tmp,-0.00860417579208687,0.844756054992522,,
ointment,avgmonth_tmp,-0.008368390601156002,0.8515197492849391,,
iron,avgmonth_tmp,-0.00833365358771892,0.771762449008911,,
cry,avgmonth_tmp,-0.008176957414918957,0.8981823098566675,,
connection,avgmonth_tmp,-0.008141088625304485,0.8898112951064352,,
toad,avgmonth_tmp,-0.008107946859850935,0.9033965571072223,,
appearance,avgmonth_tmp,-0.008070010230300748,0.8393712114144921,,
fireplace,avgmonth_tmp,-0.007914300026956278,0.9043448125458132,,
carrier,avgmonth_tmp,-0.007896560062705034,0.8897675305050136,,
nail,avgmonth_tmp,-0.0078526028764589,0.7762174169262283,,
heart,avgmonth_tmp,-0.007722532127700162,0.7829136810812282,,
inch,avgmonth_tmp,-0.007671543864360676,0.9095387546141802,,
dislike,avgmonth_tmp,-0.007525291988772469,0.8307174173778523,,
stripe,avgmonth_tmp,-0.007313580964466237,0.8884561328347296,,
residence,avgmonth_tmp,-0.007211719041740538,0.8980275571988975,,
vapor,avgmonth_tmp,-0.00695436478466906,0.883303925163127,,
paddle,avgmonth_tmp,-0.006719539072579599,0.9308316181681107,,
rooster,avgmonth_tmp,-0.0067162694893458125,0.9480978784043029,,
skill,avgmonth_tmp,-0.0062198432690355404,0.8945731200814389,,
affair,avgmonth_tmp,-0.0061494583487921,0.9197598473430733,,
reference,avgmonth_tmp,-0.005860368513559032,0.9119254644498895,,
topic,avgmonth_tmp,-0.005574763745692458,0.9215243370109626,,
limit,avgmonth_tmp,-0.005487719596206572,0.9166531716112682,,
voice,avgmonth_tmp,-0.005294379666636619,0.8561571092670262,,
bicycle,avgmonth_tmp,-0.005197799075091674,0.9560798737799374,,
horizon,avgmonth_tmp,-0.004796071031892322,0.9286467949779968,,
dung,avgmonth_tmp,-0.004770692225986019,0.935877985728209,,
building,avgmonth_tmp,-0.004619498012263681,0.8936592573908837,,
bottle,avgmonth_tmp,-0.0046017519723229655,0.9017238502777727,,
lord,avgmonth_tmp,-0.00447251853511156,0.9475360320944999,,
dive,avgmonth_tmp,-0.004466816764831678,0.9293744408169387,,
river,avgmonth_tmp,-0.004463477239824723,0.9242521140565569,,
compensation,avgmonth_tmp,-0.004436737567828388,0.9550843282452697,,
queen,avgmonth_tmp,-0.004352910995544302,0.9214537665671768,,
war,avgmonth_tmp,-0.004077924797873027,0.9201477177261533,,
shower,avgmonth_tmp,-0.003807091114777858,0.9356827090551771,,
transfer,avgmonth_tmp,-0.0037897570203509466,0.94917941200768,,
knee,avgmonth_tmp,-0.003779793275430697,0.8949377956328388,,
acquaintance,avgmonth_tmp,-0.003646238051372224,0.9424095698596869,,
rib,avgmonth_tmp,-0.003481016470165981,0.9215226026469445,,
breathing,avgmonth_tmp,-0.003344548636511081,0.9331386863859206,,
bone,avgmonth_tmp,-0.0033008927540319334,0.9146940532699146,,
union,avgmonth_tmp,-0.0032913944225416584,0.9646197729024949,,
louse,avgmonth_tmp,-0.003177442138944754,0.957170762663657,,
pause,avgmonth_tmp,-0.002921375906526335,0.9627170953571238,,
sickle,avgmonth_tmp,-0.0027821628873842645,0.965528468376327,,
silver,avgmonth_tmp,-0.0025593816073856183,0.9592139257547716,,
warrior,avgmonth_tmp,-0.0025258738958680513,0.9705242154661494,,
refuge,avgmonth_tmp,-0.002457143729908079,0.9710587625142753,,
thunder,avgmonth_tmp,-0.0023260566254575165,0.9374902852147086,,
deer,avgmonth_tmp,-0.002204034014621767,0.9787810868522385,,
pardon,avgmonth_tmp,-0.0021078682000938097,0.9741713387754642,,
motion,avgmonth_tmp,-0.002060304688266946,0.9686559427851257,,
as,avgmonth_tmp,-0.0020227997564146957,0.9735825109586188,,
item,avgmonth_tmp,-0.0016550746014123926,0.9779232073440243,,
arm,avgmonth_tmp,-0.001456803322769834,0.953857389800531,,
yesterday,avgmonth_tmp,-0.0013101253703240328,0.9785587696606651,,
test,avgmonth_tmp,-0.001249358317954304,0.9735751260842266,,
east,avgmonth_tmp,-0.0012176727505339847,0.9768904964917529,,
ache,avgmonth_tmp,-9.061250450818489e-4,0.9835715340984745,,
bum,avgmonth_tmp,-2.5928783093781945e-4,0.9964789783567398,,
influence,avgmonth_tmp,1.4214279318175126e-4,0.997658275540348,,
grandfather,avgmonth_tmp,1.981857249172934e-4,0.996660033956482,,
shield,avgmonth_tmp,6.278242587002739e-4,0.9908251062971656,,
chant,avgmonth_tmp,6.577674911851234e-4,0.9939136862792146,,
youth,avgmonth_tmp,6.738990113157324e-4,0.9874610606950575,,
hatred,avgmonth_tmp,7.537967526093567e-4,0.988441006611995,,
aspect,avgmonth_tmp,7.767436134324258e-4,0.9919629815924459,,
crowd,avgmonth_tmp,9.241208999316264e-4,0.984130880864141,,
palace,avgmonth_tmp,0.0011510484757703324,0.9900256808613964,,
substitute,avgmonth_tmp,0.0014697886656192675,0.9766624444702472,,
madness,avgmonth_tmp,0.0016124326128502669,0.9789155475815592,,
meal,avgmonth_tmp,0.0018632779735278078,0.9595563348450888,,
advice,avgmonth_tmp,0.0021398432046319375,0.9559056381839033,,
width,avgmonth_tmp,0.0022812506326610194,0.9613479830133959,,
blister,avgmonth_tmp,0.002664171052894211,0.9540922586554219,,
freedom,avgmonth_tmp,0.0028592997900038146,0.9595626142412913,,
prey,avgmonth_tmp,0.00292207200063016,0.956964366759004,,
sympathy,avgmonth_tmp,0.0036309771617128958,0.9483579128093631,,
friction,avgmonth_tmp,0.003799028707486171,0.9419856463783319,,
bellow,avgmonth_tmp,0.003997827532547356,0.9459419290845151,,
comfort,avgmonth_tmp,0.004275641474537659,0.9319500347168158,,
soldier,avgmonth_tmp,0.004319518904804963,0.921671957798158,,
til,avgmonth_tmp,0.004669121429553576,0.9576301570707193,,
tar,avgmonth_tmp,0.004848789677719358,0.9443270605143174,,
shape,avgmonth_tmp,0.004883226281304756,0.87097939727987,,
absence,avgmonth_tmp,0.005130330980526444,0.9141205554762173,,
sip,avgmonth_tmp,0.005201925094998979,0.9339007357429315,,
widower,avgmonth_tmp,0.0053570660676925865,0.9182738457282948,,
duty,avgmonth_tmp,0.005580108975303013,0.9269096363568887,,
pair,avgmonth_tmp,0.0056293794013803754,0.8796999286959117,,
noise,avgmonth_tmp,0.005766564709971593,0.8588365271033079,,
bubble,avgmonth_tmp,0.005849185657259376,0.8651886966048761,,
bite,avgmonth_tmp,0.0060254454839221774,0.8561034439048443,,
age,avgmonth_tmp,0.006545781340990757,0.8454843760994457,,
cash,avgmonth_tmp,0.006640587790570536,0.9331903661331801,,
joy,avgmonth_tmp,0.006724990567503705,0.8911742000600668,,
insult,avgmonth_tmp,0.0067295722881010505,0.8978045406986767,,
donkey,avgmonth_tmp,0.006799896307750206,0.9259811056281034,,
helper,avgmonth_tmp,0.006824916203888922,0.8947386387427001,,
separation,avgmonth_tmp,0.006833201646577206,0.9155664147828193,,
position,avgmonth_tmp,0.006886624328260902,0.8486862819068625,,
creature,avgmonth_tmp,0.006895182689320196,0.8619878791795867,,
shade,avgmonth_tmp,0.006905759589783429,0.8238428178703733,,
victory,avgmonth_tmp,0.006961497999688794,0.9071799566780443,,
agreement,avgmonth_tmp,0.006997592976813002,0.8694756634964148,,
depression,avgmonth_tmp,0.007003912051390565,0.8622253496977941,,
mallet,avgmonth_tmp,0.007023021421254526,0.8993652641108943,,
enclosure,avgmonth_tmp,0.007061944954439343,0.8917526112966434,,
capacity,avgmonth_tmp,0.007108229392066284,0.9033684913271037,,
liver,avgmonth_tmp,0.007205770227236283,0.845581182439514,,
knuckle,avgmonth_tmp,0.007331338230657722,0.9091577154724932,,
daybreak,avgmonth_tmp,0.007483895757891853,0.8743489279592885,,
patience,avgmonth_tmp,0.007532579233574625,0.8814527985592036,,
cow,avgmonth_tmp,0.0076351765032682045,0.8913431947165794,,
forearm,avgmonth_tmp,0.007762247206391342,0.9145613390620078,,
maker,avgmonth_tmp,0.008221469052602372,0.8818750486519205,,
fragment,avgmonth_tmp,0.008571065384481493,0.8934725692142534,,
intention,avgmonth_tmp,0.00860870326458112,0.8575488476888352,,
beginning,avgmonth_tmp,0.008774819152548564,0.7600970498595508,,
responsibility,avgmonth_tmp,0.008905466703505859,0.8843295645877477,,
tag,avgmonth_tmp,0.009026184122235844,0.9129770756413585,,
filth,avgmonth_tmp,0.009098144894067836,0.8665661171689837,,
skirt,avgmonth_tmp,0.009277027257935255,0.8665745344863404,,
axe,avgmonth_tmp,0.009466405677204495,0.8662551138002609,,
complaint,avgmonth_tmp,0.009534593368989501,0.8613341454236565,,
association,avgmonth_tmp,0.00965913522849055,0.8613315587982826,,
glow,avgmonth_tmp,0.009752127409217501,0.8713469898840784,,
soap,avgmonth_tmp,0.010047191723725288,0.8184983668229338,,
division,avgmonth_tmp,0.01019928912238786,0.8540735681176993,,
tooth,avgmonth_tmp,0.01020707678119459,0.7363458366545994,,
future,avgmonth_tmp,0.010207170420033522,0.788248907049867,,
tube,avgmonth_tmp,0.010221597092005593,0.8463920900739182,,
butterfly,avgmonth_tmp,0.01050500520011189,0.8300994540449924,,
testimony,avgmonth_tmp,0.010630880125269542,0.8352999558886858,,
region,avgmonth_tmp,0.0107034016286519,0.8392239394960577,,
request,avgmonth_tmp,0.010767356000531804,0.770823733245996,,
boar,avgmonth_tmp,0.010889341783067873,0.8735600850594742,,
effect,avgmonth_tmp,0.01103812414915886,0.7865600921517854,,
feeling,avgmonth_tmp,0.011218315566069196,0.7695485641742887,,
edge,avgmonth_tmp,0.011357872503724303,0.7099393188176876,,
container,avgmonth_tmp,0.011384490621038522,0.9071086811824889,,
wire,avgmonth_tmp,0.011509231787708915,0.8002840905045345,,
sunlight,avgmonth_tmp,0.011539124915268654,0.8575183894787074,,
story,avgmonth_tmp,0.011562262264416446,0.7192991624094589,,
feather,avgmonth_tmp,0.011760865824206768,0.7254872148069007,,
pebble,avgmonth_tmp,0.011879385018265269,0.7817161619205831,,
liar,avgmonth_tmp,0.011988125703469289,0.7780102403329087,,
narrative,avgmonth_tmp,0.012265872140041914,0.7987346282289439,,
greed,avgmonth_tmp,0.012403876140125858,0.8539655732367796,,
dust,avgmonth_tmp,0.012575525190493791,0.6238530349972508,,
sponge,avgmonth_tmp,0.012789950051346312,0.8348072783676568,,
indication,avgmonth_tmp,0.012862969369579412,0.806367722114757,,
trust,avgmonth_tmp,0.012915901540048569,0.7751774029930272,,
quarrel,avgmonth_tmp,0.013107010084372511,0.7513124508008804,,
scar,avgmonth_tmp,0.013232100392088136,0.7670963306690471,,
eyelash,avgmonth_tmp,0.013284010947790297,0.799233062050547,,
trumpet,avgmonth_tmp,0.013572726412993816,0.79831782664459106,,
una,avgmonth_tmp,0.013841558127982134,0.8855583676260481,,
lightning,avgmonth_tmp,0.013938781238956796,0.6899431501387002,,
gland,avgmonth_tmp,0.013945546336195842,0.7977171100724705,,
caution,avgmonth_tmp,0.014020843383920607,0.8046893173542723,,
whirlpool,avgmonth_tmp,0.014034792219857572,0.8073642828077086,,
compassion,avgmonth_tmp,0.014035421454555783,0.8095983911278425,,
knot,avgmonth_tmp,0.014217436577620821,0.67603397001521,,
fungus,avgmonth_tmp,0.014280173931393471,0.8397323803499999,,
chain,avgmonth_tmp,0.01473304276406786,0.6510082062520672,,
ocean,avgmonth_tmp,0.014761994197023775,0.8126834514427487,,
chase,avgmonth_tmp,0.01487700449223493,0.7458772237344126,,
fern,avgmonth_tmp,0.01494760630573296,0.8522074053422533,,
greeting,avgmonth_tmp,0.015009622224993432,0.8027828414623059,,
balance,avgmonth_tmp,0.015048357646602792,0.7764773837818373,,
labor,avgmonth_tmp,0.015090732633585971,0.7210629214152949,,
lip,avgmonth_tmp,0.01556004191182418,0.5954243921604131,,
function,avgmonth_tmp,0.015659897697655346,0.7487111225377276,,
fat,avgmonth_tmp,0.015720778432720246,0.6001372638806635,,
tone,avgmonth_tmp,0.01635070500854365,0.8646869513292719,,
pillow,avgmonth_tmp,0.016700729043391257,0.6253842035320871,,
plate,avgmonth_tmp,0.01671906543907007,0.6585180421688966,,
limb,avgmonth_tmp,0.01680218128247704,0.7225267272043614,,
flood,avgmonth_tmp,0.016852606361640078,0.6486555739819868,,
success,avgmonth_tmp,0.017342137310222362,0.7100808328055912,,
midst,avgmonth_tmp,0.017635107265049802,0.7584738361873568,,
chin,avgmonth_tmp,0.01769563732386047,0.6795718218305463,,
spine,avgmonth_tmp,0.017771069318488653,0.7235227736209088,,
miracle,avgmonth_tmp,0.01806852262976989,0.7598345038538534,,
road,avgmonth_tmp,0.018186616868084402,0.5576855343797004,,
nose,avgmonth_tmp,0.01829543605152227,0.5219811346966823,,
noon,avgmonth_tmp,0.018703924722549458,0.5904433315396449,,
meter,avgmonth_tmp,0.01912451651433835,0.8226100221797066,,
heap,avgmonth_tmp,0.019149456202282387,0.7212435192194333,,
size,avgmonth_tmp,0.01967812651843308,0.5406114807751315,,
passage,avgmonth_tmp,0.01968840923275382,0.6952455960007354,,
doorway,avgmonth_tmp,0.019691808109525893,0.7809672055650522,,
disposition,avgmonth_tmp,0.019839704746552986,0.7764377180042796,,
island,avgmonth_tmp,0.019972173028589064,0.7851946652064292,,
thumb,avgmonth_tmp,0.020199176000238524,0.5704658645534223,,
cycle,avgmonth_tmp,0.02049644745903897,0.8050372789529602,,
fore,avgmonth_tmp,0.02064061194065386,0.769645806304591,,
relationship,avgmonth_tmp,0.020641287919917803,0.6461451969308935,,
inhabitant,avgmonth_tmp,0.020818635020952693,0.7495242371381572,,
increase,avgmonth_tmp,0.020841759317203404,0.5982337706367478,,
dwelling,avgmonth_tmp,0.02096860118604516,0.7189315791430549,,
ignorance,avgmonth_tmp,0.021091094482969634,0.730500537876245,,
quail,avgmonth_tmp,0.02125518069195615,0.7316364595914537,,
chapter,avgmonth_tmp,0.021320408140343767,0.7589611798431144,,
tip,avgmonth_tmp,0.02134961001690781,0.5682010195653916,,
trap,avgmonth_tmp,0.02162811527939851,0.649450966014563,,
robber,avgmonth_tmp,0.021718270581472097,0.6694441902753024,,
judgment,avgmonth_tmp,0.021741353881250595,0.7082356628218988,,
guilt,avgmonth_tmp,0.021817632083487984,0.7114885860948023,,
search,avgmonth_tmp,0.02192928631590549,0.4836757423785425,,
crime,avgmonth_tmp,0.021973924944447564,0.7311737355929611,,
power,avgmonth_tmp,0.022065595902897105,0.6148542572827522,,
law,avgmonth_tmp,0.022267123820850634,0.6597207638984981,,
squirrel,avgmonth_tmp,0.02246735920893604,0.7666017351460094,,
witch,avgmonth_tmp,0.02250829708603357,0.7481376067932585,,
city,avgmonth_tmp,0.02251604664069557,0.7400607119994892,,
dispute,avgmonth_tmp,0.022554296342729076,0.6586575335883628,,
wail,avgmonth_tmp,0.022938791661622875,0.05947544879716167,,
pig,avgmonth_tmp,0.023089656437345563,0.7376555461499792,,
ladder,avgmonth_tmp,0.02325004779448373,0.5479658584232491,,
effort,avgmonth_tmp,0.023339035131026517,0.5857115895908108,,
surprise,avgmonth_tmp,0.023581763192220415,0.5631352374092617,,
remembrance,avgmonth_tmp,0.02363482829940181,0.6800651861585214,,
group,avgmonth_tmp,0.023694187134502966,0.6460378790839783,,
scale,avgmonth_tmp,0.02406730898780587,0.4451548196034161,,
pole,avgmonth_tmp,0.024075509658194928,0.5533088879317809,,
business,avgmonth_tmp,0.02441999758259182,0.6790435766622105,,
hospitality,avgmonth_tmp,0.02454446667328291,0.7069228006408703,,
sorrow,avgmonth_tmp,0.024764224615829073,0.6276123866476748,,
wedding,avgmonth_tmp,0.025072275953366117,0.7230686422030617,,
sake,avgmonth_tmp,0.02537961438312571,0.6411427781098,,
sky,avgmonth_tmp,0.025618778436373682,0.43086722752449275,,
crush,avgmonth_tmp,0.025692062310576098,0.5609889561143686,,
depth,avgmonth_tmp,0.025788291962916488,0.5186480450321808,,
blood,avgmonth_tmp,0.0258675016127118,0.1580408593917352,,
accusation,avgmonth_tmp,0.026452372492199495,0.6326814070803881,,
title,avgmonth_tmp,0.026834835811210715,0.704019031414496,,
variant,avgmonth_tmp,0.027366358896598254,0.8481493403269011,,
drought,avgmonth_tmp,0.0274613318116725,0.653010454297526,,
attention,avgmonth_tmp,0.027650177973622347,0.3111019963797362,,
presence,avgmonth_tmp,0.02766924365852577,0.4796697345046426,,
guardian,avgmonth_tmp,0.02772758705664862,0.636311574713759,,
skin,avgmonth_tmp,0.027766958647876063,0.37284172654367825,,
earthquake,avgmonth_tmp,0.02802494966553055,0.5281229823611787,,
assembly,avgmonth_tmp,0.028173590925431497,0.6600190424174577,,
wing,avgmonth_tmp,0.028181004174142675,0.31173167871692437,,
fault,avgmonth_tmp,0.028522424039273218,0.5623590803322791,,
misfortune,avgmonth_tmp,0.029218821236891044,0.5817739772863392,,
love,avgmonth_tmp,0.029405529158282574,0.3043622697065787,,
kindness,avgmonth_tmp,0.02981697630125764,0.6000917617375404,,
bastard,avgmonth_tmp,0.02987344940913873,0.5711232896347577,,
temptation,avgmonth_tmp,0.03002867683463595,0.5673426575240014,,
egg,avgmonth_tmp,0.030229139866090132,0.3211308962835567,,
custom,avgmonth_tmp,0.030255259573457177,0.4650444472785398,,
wall,avgmonth_tmp,0.030339483885639156,0.32540140024824205,,
milk,avgmonth_tmp,0.030392299018555873,0.4456051384982115,,
wood,avgmonth_tmp,0.031119413975212038,0.32222944421389316,,
lily,avgmonth_tmp,0.03125674405088718,0.6211896371180834,,
kingdom,avgmonth_tmp,0.03149408367295088,0.5627924244325075,,
peer,avgmonth_tmp,0.03157397814838656,0.577250949419464,,
plank,avgmonth_tmp,0.0317169670122408,0.6135838572851934,,
satisfaction,avgmonth_tmp,0.03172069663004205,0.5388116294561985,,
poverty,avgmonth_tmp,0.031728803335175526,0.496689178803865,,
marble,avgmonth_tmp,0.03185066290775224,0.6733765290064213,,
weed,avgmonth_tmp,0.03199425742053976,0.5330479698877582,,
result,avgmonth_tmp,0.03215291220807712,0.3977244067335136,,
relation,avgmonth_tmp,0.032187780713253206,0.4431600002156173,,
elbow,avgmonth_tmp,0.033013262257335065,0.36631042266040303,,
spell,avgmonth_tmp,0.033188594239995546,0.5248943627714658,,
emphasis,avgmonth_tmp,0.033238272457147194,0.4455139026861648,,
surface,avgmonth_tmp,0.033599068377503365,0.43084407622948095,,
like,avgmonth_tmp,0.03364172096275594,0.2442753845659469,,
slap,avgmonth_tmp,0.033664830327808336,0.4713510309859212,,
taste,avgmonth_tmp,0.03367572422961129,0.23547833494411888,,
atmosphere,avgmonth_tmp,0.03368465869453474,0.6075815742220048,,
invitation,avgmonth_tmp,0.033703485840543355,0.5152855533780076,,
tor,avgmonth_tmp,0.03383844931359335,0.668178674237528,,
garden,avgmonth_tmp,0.03412702391757526,0.5824449498138259,,
growth,avgmonth_tmp,0.0341641908594354,0.4628405400442469,,
stone,avgmonth_tmp,0.034328393573085925,0.3098823219589636,,
saint,avgmonth_tmp,0.03433151185275802,0.6591583535286477,,
morning,avgmonth_tmp,0.03459429891881437,0.21395552136902135,,
bulb,avgmonth_tmp,0.034788191800670984,0.5403327277401611,,
tide,avgmonth_tmp,0.034876569400031296,0.7068557318711834,,
protection,avgmonth_tmp,0.03492294355470204,0.4963230326405899,,
understanding,avgmonth_tmp,0.034967569675371395,0.4413665447490827,,
height,avgmonth_tmp,0.03513518632522229,0.29232995081252766,,
fist,avgmonth_tmp,0.03531423541254467,0.3461615564539147,,
tick,avgmonth_tmp,0.0353739586255182,0.5401451239590482,,
patient,avgmonth_tmp,0.03560426939740238,0.45403344268846035,,
expert,avgmonth_tmp,0.03566666872499299,0.5305697238207467,,
purpose,avgmonth_tmp,0.03569447251681909,0.2652265998920013,,
sheet,avgmonth_tmp,0.03578156537521241,0.35443238440678176,,
frying,avgmonth_tmp,0.03582359069071441,0.5961598977139999,,
eclipse,avgmonth_tmp,0.03582881073076637,0.5049813706363604,,
din,avgmonth_tmp,0.03604866504564174,0.6789450394954794,,
generation,avgmonth_tmp,0.03608524053392655,0.41454076101064735,,
port,avgmonth_tmp,0.0362244646136978,0.6477180272169291,,
mate,avgmonth_tmp,0.03632877457385016,0.5351476101812834,,
bachelor,avgmonth_tmp,0.03652713642449498,0.448527822328525,,
skull,avgmonth_tmp,0.036545687849990724,0.3439422252483275,,
breadth,avgmonth_tmp,0.03668108316149877,0.5313981535444557,,
moisture,avgmonth_tmp,0.03670017233406409,0.497143706984371,,
nipple,avgmonth_tmp,0.036769032029943985,0.36297285234103144,,
grave,avgmonth_tmp,0.03712500203261056,0.27868446168692224,,
trouble,avgmonth_tmp,0.03721148226995296,0.3351261735708159,,
rind,avgmonth_tmp,0.03734994094807956,0.5651447386133857,,
quality,avgmonth_tmp,0.03759041972955479,0.44445208357760363,,
profession,avgmonth_tmp,0.03763171510001358,0.593697081063871,,
paste,avgmonth_tmp,0.03780756856390633,0.5614433807274182,,
likeness,avgmonth_tmp,0.037884442003615494,0.5247819491631954,,
expression,avgmonth_tmp,0.037963068242201546,0.26452622727764935,,
intelligence,avgmonth_tmp,0.038425550317457466,0.475871570864887,,
onion,avgmonth_tmp,0.03844907698647374,0.40703306984086346,,
molar,avgmonth_tmp,0.038637722534314044,0.5551329799342714,,
suicide,avgmonth_tmp,0.03931109414994927,0.5132618819429116,,
clump,avgmonth_tmp,0.039399443450236854,0.6080022601569111,,
fin,avgmonth_tmp,0.03949007208879084,0.4925886984755483,,
shoulder,avgmonth_tmp,0.03952461052826744,0.15156951268274607,,
merchant,avgmonth_tmp,0.03974964666721168,0.4401810952591878,,
unity,avgmonth_tmp,0.039889382216369354,0.5296992451186731,,
scoop,avgmonth_tmp,0.04023095170063487,0.49869566076211863,,
silk,avgmonth_tmp,0.040515127080037766,0.5158071938285146,,
settlement,avgmonth_tmp,0.040601812283780715,0.4994938467673486,,
contempt,avgmonth_tmp,0.04095601964704998,0.5637412011919652,,
one,avgmonth_tmp,0.04177468145326245,0.44218500670667127,,
friendship,avgmonth_tmp,0.041818711291396415,0.43064896941101405,,
broom,avgmonth_tmp,0.041835781861881825,0.3198808189647405,,
speaker,avgmonth_tmp,0.04205483384436577,0.4437118151021597,,
ash,avgmonth_tmp,0.04270731252440644,0.24035392642893683,,
altar,avgmonth_tmp,0.042925230521036174,0.5373354160275781,,
foreigner,avgmonth_tmp,0.04328630537687508,0.4368665499828105,,
ear,avgmonth_tmp,0.04333082976704251,0.07973310753065181,,
yawn,avgmonth_tmp,0.04334302391106739,0.29097818763349254,,
learning,avgmonth_tmp,0.04359817305807324,0.3239445889621057,,
sensation,avgmonth_tmp,0.04500242816505386,0.47566887411535447,,
eyebrow,avgmonth_tmp,0.04505330408339235,0.2936155542264129,,
strength,avgmonth_tmp,0.045460984199813294,0.1623971566003516,,
hump,avgmonth_tmp,0.04554557926351595,0.4038095152861292,,
combination,avgmonth_tmp,0.04563910417101532,0.47404576048767294,,
whirlwind,avgmonth_tmp,0.045709627923724724,0.3343048072535023,,
fear,avgmonth_tmp,0.04573120590606118,0.1384382612202206,,
foot,avgmonth_tmp,0.04587839984016678,0.050578104975559736,,
cough,avgmonth_tmp,0.0461128252504792,0.19647729628352598,,
flame,avgmonth_tmp,0.04638594645976421,0.1670868977111886,,
faith,avgmonth_tmp,0.046461660381993404,0.39094459565889583,,
fire,avgmonth_tmp,0.04647294531924625,0.08889722884518587,,
gift,avgmonth_tmp,0.04652565063140706,0.24636888098246365,,
teacher,avgmonth_tmp,0.04684464717771321,0.2926043343062811,,
mustache,avgmonth_tmp,0.047037968492530835,0.3500738245977021,,
length,avgmonth_tmp,0.04703818434816302,0.21047612801643,,
ember,avgmonth_tmp,0.04717149925874929,0.4320022561436935,,
midwife,avgmonth_tmp,0.04732144877317285,0.3819635625256038,,
hunger,avgmonth_tmp,0.04734026704351692,0.19685754042091835,,
dagger,avgmonth_tmp,0.04745251987550953,0.47771454300594285,,
pillar,avgmonth_tmp,0.04759283637344543,0.42022375034615145,,
hand,avgmonth_tmp,0.04769406182934426,0.028068520719834796,,
leg,avgmonth_tmp,0.04795297878529547,0.13736898837822156,,
twig,avgmonth_tmp,0.04817941923597687,0.2513931470153739,,
status,avgmonth_tmp,0.048265837840556096,0.42739912054591717,,
weight,avgmonth_tmp,0.048418750706133606,0.10530305412510323,,
cloud,avgmonth_tmp,0.04847023484229564,0.14774312734990347,,
creation,avgmonth_tmp,0.04856210846517756,0.38978937855041423,,
handful,avgmonth_tmp,0.04883624548664491,0.4139690990860696,,
forest,avgmonth_tmp,0.04893439387233673,0.37914919211826636,,
jealousy,avgmonth_tmp,0.04914537880398555,0.299237842138993,,
arrangement,avgmonth_tmp,0.04917267234488937,0.30260790181934705,,
access,avgmonth_tmp,0.0491910316822357,0.359130071490429,,
sir,avgmonth_tmp,0.049300793042340044,0.4869031294493818,,
shadow,avgmonth_tmp,0.04942361932317854,0.06369119684119674,,
reward,avgmonth_tmp,0.04949294564472231,0.337318375531423,,
parent,avgmonth_tmp,0.049884876495391715,0.1874578309356077,,
mix,avgmonth_tmp,0.04990611089529483,0.09246337324380047,,
era,avgmonth_tmp,0.049940912054646895,0.588539735200879,,
mourning,avgmonth_tmp,0.05013663614715898,0.33384601580184087,,
town,avgmonth_tmp,0.050194293484302106,0.3710003444570662,,
crow,avgmonth_tmp,0.05026515170456701,0.2152989711580635,,
price,avgmonth_tmp,0.05037537500266555,0.24118242456310093,,
profit,avgmonth_tmp,0.050690831166395244,0.3656385245817271,,
throat,avgmonth_tmp,0.0507142592702402,0.07874521286315185,,
goodness,avgmonth_tmp,0.050988585767788065,0.24002293707130284,,
image,avgmonth_tmp,0.051064583808317826,0.31859895057885773,,
bile,avgmonth_tmp,0.05126278037724544,0.44157909614652685,,
astonishment,avgmonth_tmp,0.05134981326464663,0.38824013729694823,,
control,avgmonth_tmp,0.05137311568546555,0.3067756996066971,,
herb,avgmonth_tmp,0.05142972676907231,0.4014841079526251,,
tail,avgmonth_tmp,0.051556573337031605,0.08652835758428828,,
ridicule,avgmonth_tmp,0.05184317745750672,0.30267384495141897,,
tomb,avgmonth_tmp,0.05222008475002693,0.44271974648623325,,
stranger,avgmonth_tmp,0.05226969453755185,0.21885002235134268,,
beggar,avgmonth_tmp,0.05227241896279891,0.3029616996798995,,
descent,avgmonth_tmp,0.05270548172834085,0.36201378809525475,,
wage,avgmonth_tmp,0.05275827044285808,0.23762181765404192,,
sex,avgmonth_tmp,0.05289730475793862,0.27554304045903655,,
passion,avgmonth_tmp,0.05357768348097665,0.43907166689363275,,
liquor,avgmonth_tmp,0.05375392806561534,0.45392514239750603,,
dirt,avgmonth_tmp,0.0539160317506414,0.11083225598864932,,
date,avgmonth_tmp,0.05395604622307555,0.2570616848182651,,
knowledge,avgmonth_tmp,0.054095482136562685,0.15868839486412878,,
space,avgmonth_tmp,0.05437401168172955,0.0771799547501383,,
sleep,avgmonth_tmp,0.05441120145201729,0.0229836506995622,,
lap,avgmonth_tmp,0.05455975605172951,0.2707347500636735,,
pan,avgmonth_tmp,0.054637199054843946,0.32290067681626966,,
heat,avgmonth_tmp,0.054651965317716676,0.045823837357779375,,
jaw,avgmonth_tmp,0.05472306250088124,0.10642395009691473,,
obstruction,avgmonth_tmp,0.05502212451276854,0.40076722699615147,,
fingernail,avgmonth_tmp,0.055183252742423715,0.5391780854532956,,
chief,avgmonth_tmp,0.05518424599070469,0.6247547665641299,,
pride,avgmonth_tmp,0.055222435147709865,0.31550879196572595,,
tendon,avgmonth_tmp,0.05524894537192136,0.3125103488532317,,
tattoo,avgmonth_tmp,0.055321793621473464,0.5106664361328218,,
promise,avgmonth_tmp,0.05537247508815725,0.11432015174576352,,
quantity,avgmonth_tmp,0.05567758165533864,0.2559059783251616,,
rebuke,avgmonth_tmp,0.05577430737496112,0.40922078843807813,,
distress,avgmonth_tmp,0.055853175518493434,0.3730633358193654,,
hair,avgmonth_tmp,0.05600047280051942,0.023133253274421912,,
eel,avgmonth_tmp,0.05615395544206111,0.40199436229789576,,
cemetery,avgmonth_tmp,0.056173346855931575,0.30086641425447624,,
liquid,avgmonth_tmp,0.05622250169774526,0.18327919733423903,,
abortion,avgmonth_tmp,0.05626424935261866,0.26814132291060844,,
reputation,avgmonth_tmp,0.05642251626569898,0.31097235254297445,,
sea,avgmonth_tmp,0.05708280797028947,0.3843043439964272,,
swamp,avgmonth_tmp,0.05708612330453675,0.43346579686263137,,
argument,avgmonth_tmp,0.05729680627749364,0.23979631597419743,,
healing,avgmonth_tmp,0.057525661617153515,0.31562729840595194,,
eater,avgmonth_tmp,0.05784300902190283,0.31745114094763055,,
blade,avgmonth_tmp,0.05785134434402932,0.1681303081035822,,
murderer,avgmonth_tmp,0.05796462750883611,0.2530430293950162,,
bow,avgmonth_tmp,0.058345633545429314,0.064215243112874,,
throne,avgmonth_tmp,0.058362390207490344,0.41433013559756726,,
web,avgmonth_tmp,0.058477378878847984,0.11444257345329685,,
lump,avgmonth_tmp,0.05858935935554623,0.2265538958595597,,
thirst,avgmonth_tmp,0.05867235528559226,0.15102197501442932,,
hut,avgmonth_tmp,0.05908012298307474,0.37687555927276833,,
parable,avgmonth_tmp,0.05922287387017114,0.4106219712914549,,
dance,avgmonth_tmp,0.05956438422280636,0.17995709362461837,,
hell,avgmonth_tmp,0.059698601851394556,0.2752938695551047,,
theft,avgmonth_tmp,0.05978224465463709,0.21643381109465712,,
dam,avgmonth_tmp,0.059851793181736265,0.31163986370308555,,
mistress,avgmonth_tmp,0.06008113211324864,0.3589072748945217,,
blossom,avgmonth_tmp,0.060306723149249494,0.27547740739673443,,
stomach,avgmonth_tmp,0.060725290047639026,0.08623005027748026,,
statement,avgmonth_tmp,0.061016967933756265,0.22801333840068921,,
corn,avgmonth_tmp,0.06120072213439025,0.35037160921578847,,
tradition,avgmonth_tmp,0.06120370393292011,0.15548320370979912,,
weapon,avgmonth_tmp,0.06126285203631472,0.1569002503159784,,
weave,avgmonth_tmp,0.061334523183199235,0.18168648111703212,,
song,avgmonth_tmp,0.061518947222628476,0.0988681844483156,,
shine,avgmonth_tmp,0.061582193119021786,0.040793282604280126,,
emotion,avgmonth_tmp,0.06186018666856197,0.25641862146068456,,
verse,avgmonth_tmp,0.0621578538804674,0.3871743888774526,,
consequence,avgmonth_tmp,0.06218206852363164,0.2119664323957977,,
dawn,avgmonth_tmp,0.06219968908317968,0.06061717368205442,,
pupil,avgmonth_tmp,0.06221357338911305,0.13008249657908674,,
clause,avgmonth_tmp,0.06235252613314098,0.44443019328286015,,
area,avgmonth_tmp,0.06265936427805352,0.3318729733369564,,
intent,avgmonth_tmp,0.06280255021819463,0.30196694139933095,,
wax,avgmonth_tmp,0.0631321063955097,0.13778811187606643,,
color,avgmonth_tmp,0.06313795336786472,0.025376410677163463,,
strainer,avgmonth_tmp,0.06315499898399062,0.3087151566541613,,
mirror,avgmonth_tmp,0.06342123394044022,0.02271938249505777,,
property,avgmonth_tmp,0.063626558861643,0.17273811681295587,,
infection,avgmonth_tmp,0.06372423426286637,0.3425012451286267,,
annoyance,avgmonth_tmp,0.0638158365883181,0.27944272613022775,,
caterpillar,avgmonth_tmp,0.06382245245354015,0.27921651186463686,,
performance,avgmonth_tmp,0.06413512284224639,0.33262888700108245,,
remedy,avgmonth_tmp,0.06420794921760382,0.329485887115876,,
ape,avgmonth_tmp,0.06425829734627042,0.4700681505998518,,
tasting,avgmonth_tmp,0.0643541036788246,0.212383649719246,,
idiom,avgmonth_tmp,0.06438747998740904,0.5598433042213825,,
employment,avgmonth_tmp,0.06471079417137234,0.339329116575784,,
temple,avgmonth_tmp,0.06501543354422666,0.32374275749914533,,
pond,avgmonth_tmp,0.06520207135658443,0.18016906780730033,,
sunshine,avgmonth_tmp,0.06522569486065677,0.31067757628742104,,
excrement,avgmonth_tmp,0.06523579542463806,0.2318429929554116,,
singer,avgmonth_tmp,0.06546615782699132,0.15754749615778063,,
method,avgmonth_tmp,0.06605106924436974,0.2392477951817782,,
destruction,avgmonth_tmp,0.06616070813601639,0.3490014495239781,,
itch,avgmonth_tmp,0.06616167282589024,0.08413283300156851,,
rainbow,avgmonth_tmp,0.0663753318241816,0.15224392779855841,,
organ,avgmonth_tmp,0.06668575698498892,0.20002697578621545,,
feast,avgmonth_tmp,0.06687906336244567,0.25203022920745194,,
vomit,avgmonth_tmp,0.0670687545035928,0.05653507538564761,,
blindness,avgmonth_tmp,0.06720641775255182,0.25433957942457586,,
sens,avgmonth_tmp,0.06720804988461167,0.3221716459893543,,
virtue,avgmonth_tmp,0.06721039960216806,0.37331418825596857,,
abundance,avgmonth_tmp,0.06758690288489093,0.22615494613905782,,
coin,avgmonth_tmp,0.06759882542198734,0.20915779974425816,,
truth,avgmonth_tmp,0.06760509295881474,0.04584657793979909,,
utterance,avgmonth_tmp,0.06763224098668885,0.2508799842514175,,
grandparent,avgmonth_tmp,0.06788920069165764,0.5460924966634022,,
burrow,avgmonth_tmp,0.06850650457716265,0.34895390937803994,,
headache,avgmonth_tmp,0.06859274908902871,0.14826676198494798,,
intestine,avgmonth_tmp,0.06930449504228664,0.107691959985904,,
malice,avgmonth_tmp,0.0693584814675197,0.26749057625422823,,
nest,avgmonth_tmp,0.06936214955968116,0.08421736117075097,,
police,avgmonth_tmp,0.0693862927388478,0.3488068183760594,,
chalk,avgmonth_tmp,0.06960632268294714,0.24901634326365332,,
excitement,avgmonth_tmp,0.06969133161327674,0.21700623707403094,,
farewell,avgmonth_tmp,0.06993180004355756,0.2617461326956902,,
angel,avgmonth_tmp,0.07011959327619001,0.20654334399397944,,
defeat,avgmonth_tmp,0.07016204917424763,0.14491621060961693,,
ram,avgmonth_tmp,0.07033421661236519,0.2805493202367534,,
hive,avgmonth_tmp,0.0704383358206411,0.40357442056300646,,
pad,avgmonth_tmp,0.07066168546249252,0.18928537915443247,,
honor,avgmonth_tmp,0.07117529173410356,0.138786800606966,,
residue,avgmonth_tmp,0.07173732510539212,0.2627597957640257,,
chicken,avgmonth_tmp,0.07190921405571984,0.3025146274624925,,
anxiety,avgmonth_tmp,0.07193996317061162,0.2358530755419758,,
shame,avgmonth_tmp,0.0719471916180292,0.03308279543388968,,
disregard,avgmonth_tmp,0.0720282216039364,0.2895822729790875,,
belly,avgmonth_tmp,0.07280391599322594,0.09675988333465158,,
confusion,avgmonth_tmp,0.07285788500973228,0.1375429674230894,,
infant,avgmonth_tmp,0.07286424958771855,0.07970910316130513,,
boil,avgmonth_tmp,0.07289965176937996,0.010670627996081221,,
forgiveness,avgmonth_tmp,0.07322502747540298,0.24013658909486962,,
tobacco,avgmonth_tmp,0.07352612990012247,0.14551545057497917,,
conduct,avgmonth_tmp,0.07422061191635035,0.22446688334222845,,
measurement,avgmonth_tmp,0.07422111348586546,0.22169497504951186,,
occasion,avgmonth_tmp,0.07443407461562102,0.08184696180546117,,
disagreement,avgmonth_tmp,0.07454523525815124,0.2323559648028442,,
brass,avgmonth_tmp,0.07483066019646482,0.24379879959856626,,
companion,avgmonth_tmp,0.07547317124273689,0.1257895206057084,,
permission,avgmonth_tmp,0.07571920769294617,0.036467850566083884,,
existence,avgmonth_tmp,0.0760580575577386,0.2322224733396186,,
daytime,avgmonth_tmp,0.07617617472878356,0.28529171692975097,,
teeth,avgmonth_tmp,0.07630741496505167,0.01103519966026138,,
fortune,avgmonth_tmp,0.07679199140450237,0.11405199021935655,,
incense,avgmonth_tmp,0.07735224551240877,0.25606652206502784,,
mother-in-law,avgmonth_tmp,0.07758746456097065,0.1872757086579462,,
salvation,avgmonth_tmp,0.07759309448165766,0.21653835241390443,,
others,avgmonth_tmp,0.07851044329935114,0.05405097988820088,,
canal,avgmonth_tmp,0.07859476359876878,0.2760767838210368,,
bead,avgmonth_tmp,0.07881223481663209,0.12534432515564162,,
disgrace,avgmonth_tmp,0.07882924281620561,0.2210738099150611,,
longing,avgmonth_tmp,0.07889024369275685,0.22865177819868382,,
injury,avgmonth_tmp,0.07959188609198264,0.11114844785713428,,
mouth,avgmonth_tmp,0.07960857295104858,0.00530168948858008,,
pitcher,avgmonth_tmp,0.07992966945536242,0.25478455024055474,,
diarrhea,avgmonth_tmp,0.07995853547085949,0.10654979345243656,,
wrestling,avgmonth_tmp,0.08029929881074936,0.24101880093869527,,
beetle,avgmonth_tmp,0.08045221963746696,0.20839309875100986,,
abuse,avgmonth_tmp,0.08048032802786283,0.1140812259568436,,
pu,avgmonth_tmp,0.08064046696914969,0.08058844339368226,,
share,avgmonth_tmp,0.08065663672764159,0.00913079884385469,,
entrance,avgmonth_tmp,0.08104840715829967,0.04053359809018365,,
pleasure,avgmonth_tmp,0.08118698785514665,0.1604902286865448,,
possession,avgmonth_tmp,0.08133325555552141,0.026889033607909434,,
punishment,avgmonth_tmp,0.08173831712147647,0.07158087043114504,,
deceit,avgmonth_tmp,0.08190410297403741,0.24404918091736214,,
timber,avgmonth_tmp,0.08192841128528497,0.20264783101428657,,
context,avgmonth_tmp,0.08198978377281949,0.1971454245431952,,
friend,avgmonth_tmp,0.08206097885244104,0.0031378391998664102,,
fame,avgmonth_tmp,0.0824625024878866,0.20123692366946921,,
vow,avgmonth_tmp,0.0826156027832475,0.23346673593776082,,
firm,avgmonth_tmp,0.0828063190243223,0.07302210694117929,,
finger,avgmonth_tmp,0.08306041879632607,0.007241519374805866,,
aunt,avgmonth_tmp,0.08313998146352719,0.08630137991748472,,
eye,avgmonth_tmp,0.083399456075313,8.495849799029217e-5,,
belief,avgmonth_tmp,0.08358417015618072,0.07594295662553141,,
neck,avgmonth_tmp,0.08377981344313765,0.0028810871428819646,,
message,avgmonth_tmp,0.08479650076033397,0.047009395987603,,
ability,avgmonth_tmp,0.0848411712061543,0.072622020629965,,
mode,avgmonth_tmp,0.08493713815573513,0.3679197003959749,,
cat,avgmonth_tmp,0.08543695598380184,0.009942577008516933,,
enemy,avgmonth_tmp,0.08548521828037757,0.04805919729033089,,
remainder,avgmonth_tmp,0.08578364636235915,0.06616193731467175,,
leopard,avgmonth_tmp,0.08583213047736571,0.2658886444381301,,
fate,avgmonth_tmp,0.08631211497277054,0.2193169631592511,,
mouthful,avgmonth_tmp,0.08655122366163559,0.2039861911248305,,
anger,avgmonth_tmp,0.08669686884635497,0.007921503306602696,,
money,avgmonth_tmp,0.08673205679290834,0.02565272195448077,,
adult,avgmonth_tmp,0.08675896104855985,0.08072634448122513,,
being,avgmonth_tmp,0.08678654490031244,0.2208484527112521,,
reply,avgmonth_tmp,0.08690351193469395,0.08915776221169101,,
kin,avgmonth_tmp,0.08704888909929227,0.22919434449378676,,
razor,avgmonth_tmp,0.08951118117523524,0.035932941202601924,,
sale,avgmonth_tmp,0.08981439211709076,0.09680652194045883,,
bark,avgmonth_tmp,0.09014802347082243,0.03426715992522536,,
leader,avgmonth_tmp,0.09044578907593898,0.019952351529732307,,
praise,avgmonth_tmp,0.09109485763103828,0.03489648719750473,,
authority,avgmonth_tmp,0.09159444057726913,0.062247609683879976,,
uncle,avgmonth_tmp,0.09194173468135623,0.04861679897445154,,
goat,avgmonth_tmp,0.0921523280492682,0.11896692741217221,,
obligation,avgmonth_tmp,0.0925552238983476,0.09785276092785751,,
bun,avgmonth_tmp,0.09274613113555304,0.22042381252395404,,
behavior,avgmonth_tmp,0.09284788670197869,0.04837827895765038,,
blacksmith,avgmonth_tmp,0.09357538067279776,0.17937608059763407,,
resemblance,avgmonth_tmp,0.0936944306874058,0.12581811141057267,,
miscarriage,avgmonth_tmp,0.09373839838859593,0.03636099155992055,,
flour,avgmonth_tmp,0.09383934659476516,0.05646715125564406,,
servant,avgmonth_tmp,0.09391340004563425,0.06405077020763324,,
salt,avgmonth_tmp,0.094066360629023,8.379433009069518e-4,,
hip,avgmonth_tmp,0.09424515174187113,0.01540108399302197,,
relative,avgmonth_tmp,0.094258742047841515,0.08125384511823462,,
dew,avgmonth_tmp,0.09487526672448683,0.020159409851185906,,
odor,avgmonth_tmp,0.09505779741022344,0.04010683361999642,,
hole,avgmonth_tmp,0.09567928505920038,0.003341215244715785,,
messenger,avgmonth_tmp,0.09612764366733773,0.024660158321036376,,
practice,avgmonth_tmp,0.09613264615711137,0.01801500384214451,,
cluster,avgmonth_tmp,0.09634990654875207,0.09804666954396606,,
descendant,avgmonth_tmp,0.09652567444370651,0.06846030783130945,,
bud,avgmonth_tmp,0.09692060081595875,0.045476726707835355,,
respect,avgmonth_tmp,0.09697793918525698,0.0071832007436302804,,
happiness,avgmonth_tmp,0.09753853053038604,0.06723732689704445,,
star,avgmonth_tmp,0.09770102574239235,0.0010295486699606283,,
repetition,avgmonth_tmp,0.09788707155768052,0.05998005890526638,,
sunset,avgmonth_tmp,0.09829792964253385,0.04961644756514599,,
gold,avgmonth_tmp,0.09830439855849807,0.07671338358703093,,
stage,avgmonth_tmp,0.09880054014911105,0.04627334716975079,,
beak,avgmonth_tmp,0.09899660620546971,0.015162526254364365,,
smell,avgmonth_tmp,0.09926937396792088,9.302917388605676e-4,,
creator,avgmonth_tmp,0.09929833406883354,0.09811550229888381,,
bowel,avgmonth_tmp,0.09941262965642338,0.029326585695153763,,
drug,avgmonth_tmp,0.1013998362177757,0.1856175324332662,,
carpenter,avgmonth_tmp,0.10147068239531995,0.021122185668266902,,
brightness,avgmonth_tmp,0.10160827785712415,0.12762284435250817,,
flesh,avgmonth_tmp,0.10241665120882418,0.007008381466299509,,
tin,avgmonth_tmp,0.10246758233266959,0.03624997915775548,,
grandson,avgmonth_tmp,0.10293414579200488,0.0981121075062404,,
gesture,avgmonth_tmp,0.10325688900866742,0.05184804952650692,,
sunrise,avgmonth_tmp,0.10331294122274645,0.060513457200235196,,
toe,avgmonth_tmp,0.10445661433503703,0.008437766709369372,,
prayer,avgmonth_tmp,0.10558989289337542,0.059855320920135,,
midday,avgmonth_tmp,0.10564001534200805,0.01991293380213205,,
government,avgmonth_tmp,0.10597937309119912,0.07674265413474209,,
clay,avgmonth_tmp,0.10654832216647406,0.020670549715894847,,
debt,avgmonth_tmp,0.10698250141600348,0.016826411885763795,,
soul,avgmonth_tmp,0.10719582879925872,0.02179657833362917,,
fishing,avgmonth_tmp,0.1072138609621191,0.10961554234824905,,
hunter,avgmonth_tmp,0.10770859646575137,0.03994205672530115,,
vicinity,avgmonth_tmp,0.10776544202741431,0.06438239543494524,,
victim,avgmonth_tmp,0.10857452694089852,0.09189548659902673,,
mud,avgmonth_tmp,0.10872023970850532,0.0019432493837782127,,
twin,avgmonth_tmp,0.10885959568817682,0.008901843592176063,,
rubbish,avgmonth_tmp,0.10903492909520404,0.08140668089256056,,
famine,avgmonth_tmp,0.10905855480714333,0.026557707267490797,,
thread,avgmonth_tmp,0.10928911848557599,0.004919756924633959,,
spittle,avgmonth_tmp,0.1098162753050719,0.006393697726317976,,
goodbye,avgmonth_tmp,0.11005534409567806,0.19359561797235217,,
acid,avgmonth_tmp,0.1102220272304602,0.11561766505810199,,
lust,avgmonth_tmp,0.11029859562350115,0.09473903258374104,,
mixture,avgmonth_tmp,0.11032308517658468,0.018851274473930542,,
bean,avgmonth_tmp,0.11078860294093126,0.06720988579415023,,
glory,avgmonth_tmp,0.1108801014595803,0.04588029269718972,,
vessel,avgmonth_tmp,0.11139602419660333,0.0733264994488659,,
sugar,avgmonth_tmp,0.11331139718650081,0.006394188140865214,,
branch,avgmonth_tmp,0.1133562203625911,1.7932351419874758e-4,,
sting,avgmonth_tmp,0.1134336824885888,2.560699164751149e-4,,
instrument,avgmonth_tmp,0.11366928866326452,0.008961226863934857,,
cock,avgmonth_tmp,0.11463647020720516,0.04807712797708401,,
potter,avgmonth_tmp,0.11472564964204039,0.05131540881130551,,
bundle,avgmonth_tmp,0.11510068103733323,0.004106827541894845,,
awe,avgmonth_tmp,0.1151580541470089,0.12556701131170328,,
frog,avgmonth_tmp,0.11537171715568721,0.016262895019968502,,
extract,avgmonth_tmp,0.11546415554344307,0.011624780569567665,,
omen,avgmonth_tmp,0.11550546866673907,0.06621744571089547,,
gin,avgmonth_tmp,0.11590420857738556,0.15360590321305323,,
flavor,avgmonth_tmp,0.1163313050472162,0.013417363790950713,,
coil,avgmonth_tmp,0.11645196940256795,0.008746567194182596,,
celebration,avgmonth_tmp,0.11648164779345761,0.08863719840965366,,
ray,avgmonth_tmp,0.11724060960130372,0.04819071615325674,,
ruler,avgmonth_tmp,0.11792515129050118,0.05377803184703773,,
roof,avgmonth_tmp,0.11816453436286505,0.001753634121598714,,
boundary,avgmonth_tmp,0.1185209236671621,0.005253831675013951,,
earth,avgmonth_tmp,0.1192723913565445,5.948874354745234e-4,,
tribe,avgmonth_tmp,0.11928826324551313,0.10113504946021978,,
death,avgmonth_tmp,0.11951372286908936,5.4118121406537424e-5,,
cavity,avgmonth_tmp,0.12038502961030524,0.07240369864897948,,
bribe,avgmonth_tmp,0.12142937889673391,0.04350785419654106,,
cement,avgmonth_tmp,0.12200950175614722,0.026968776193220228,,
lamp,avgmonth_tmp,0.12218241889884698,0.0051229034859020675,,
governor,avgmonth_tmp,0.12222594580392479,0.03405567873644742,,
flute,avgmonth_tmp,0.12240601884668215,0.02840273484101515,,
address,avgmonth_tmp,0.12257639965468516,0.028883732349668807,,
sand,avgmonth_tmp,0.12297202842066925,5.941505206177248e-4,,
discourse,avgmonth_tmp,0.1236395364002708,0.07390160272315775,,
affection,avgmonth_tmp,0.12401432370282611,0.04322503318653207,,
attribute,avgmonth_tmp,0.12416935922717148,0.06052756660003222,,
crest,avgmonth_tmp,0.12450312313094251,0.01301805779715185,,
lion,avgmonth_tmp,0.12459599685872226,0.021335494378863347,,
path,avgmonth_tmp,0.12506319990881107,0.0018274207659967913,,
constellation,avgmonth_tmp,0.1261012082447968,0.07540522473394824,,
sinner,avgmonth_tmp,0.12691210752914786,0.033193542708440216,,
grain,avgmonth_tmp,0.12746443651868436,0.03906553091753153,,
oyster,avgmonth_tmp,0.12801665767280113,0.14079362060888573,,
laborer,avgmonth_tmp,0.12888937231081535,0.04281149244569616,,
arrow,avgmonth_tmp,0.13021331625060803,0.021875094684610748,,
sheath,avgmonth_tmp,0.13032304047318705,0.0088965007024406,,
powder,avgmonth_tmp,0.13061679951028063,8.441061842964252e-4,,
tomato,avgmonth_tmp,0.13234849190219264,0.12088779452615184,,
mankind,avgmonth_tmp,0.13337190029062831,0.03232001483494382,,
boat,avgmonth_tmp,0.1334619964043216,0.02151413745971741,,
vagina,avgmonth_tmp,0.13351218011650415,0.08928211579667816,,
sibling,avgmonth_tmp,0.13425958748303662,0.3486051344574781,,
fraud,avgmonth_tmp,0.1346764082522477,0.04708468886205027,,
earring,avgmonth_tmp,0.1348847585339075,0.04190959082698756,,
epilepsy,avgmonth_tmp,0.13525493438196445,0.03184250922527571,,
sauce,avgmonth_tmp,0.13542229625829516,0.1273161694006932,,
evil,avgmonth_tmp,0.13604954565563993,9.132975325599272e-4,,
animal,avgmonth_tmp,0.13633211739157577,1.1870476545699982e-4,,
rope,avgmonth_tmp,0.13693731733317235,9.518434114185732e-5,,
raft,avgmonth_tmp,0.13706118533571332,0.03612604340143463,,
junction,avgmonth_tmp,0.13754565726022647,0.022506004774889912,,
afternoon,avgmonth_tmp,0.13821818113122736,0.002536149220967541,,
worm,avgmonth_tmp,0.1383888444464826,9.015790042181726e-6,,
spike,avgmonth_tmp,0.1383953390324645,0.018167619300770276,,
pain,avgmonth_tmp,0.1385201788174196,9.456317322698957e-8,,
cake,avgmonth_tmp,0.13889392289778768,0.010954314713397799,,
groom,avgmonth_tmp,0.13894568633408377,0.046653304038757,,
reed,avgmonth_tmp,0.1393127045492703,0.014998219777413826,,
elder,avgmonth_tmp,0.13953689784612242,0.006651596915421205,,
substance,avgmonth_tmp,0.1396032498993837,0.008728839487064537,,
phlegm,avgmonth_tmp,0.1403103838958509,0.01179697331048772,,
lover,avgmonth_tmp,0.14033262678702094,0.016576692227339856,,
spleen,avgmonth_tmp,0.1403959490252914,0.0019533402395981894,,
basket,avgmonth_tmp,0.1404906724111209,0.004423250859849652,,
com,avgmonth_tmp,0.141256342466591,0.07464918328285863,,
rain,avgmonth_tmp,0.1413111336057505,1.4492193228172994e-6,,
injection,avgmonth_tmp,0.14159791630033194,0.09257058768633193,,
pun,avgmonth_tmp,0.14298256372760654,0.12663437570886726,,
trunk,avgmonth_tmp,0.14353423175628316,3.1537683995167947e-4,,
forehead,avgmonth_tmp,0.14354974275481658,2.6305386084672476e-4,,
multitude,avgmonth_tmp,0.14367102711880383,0.04315298168451626,,
dye,avgmonth_tmp,0.14369322193958076,0.0025026915164625095,,
desire,avgmonth_tmp,0.14374521473565818,2.8387816183804947e-4,,
burial,avgmonth_tmp,0.14408756525394403,0.003319213021186809,,
charm,avgmonth_tmp,0.1442968157411349,0.03298905571204331,,
perspiration,avgmonth_tmp,0.14435711310483262,0.001810318922020215,,
thigh,avgmonth_tmp,0.14489802301542123,4.1860447063155504e-4,,
completion,avgmonth_tmp,0.14526934107196296,0.005772741196608645,,
darkness,avgmonth_tmp,0.14746806018330258,4.502981797579393e-4,,
breast,avgmonth_tmp,0.1479245086208764,1.3881483565187373e-6,,
sap,avgmonth_tmp,0.14840416234344578,0.00477054629707618,,
wisdom,avgmonth_tmp,0.14965879841467425,0.005635851163764434,,
rich,avgmonth_tmp,0.1496761870941799,0.014043527247993851,,
pearl,avgmonth_tmp,0.1504035094522213,0.037059575281889814,,
month,avgmonth_tmp,0.1509125514724379,1.411713323766674e-4,,
paradise,avgmonth_tmp,0.15306767002595767,0.02801046537147012,,
magician,avgmonth_tmp,0.15347218940511728,0.02442250903784327,,
fluid,avgmonth_tmp,0.1538885714764262,0.004781972077187646,,
reptile,avgmonth_tmp,0.15398001593555652,0.01672732364175425,,
childbirth,avgmonth_tmp,0.15502010638650301,0.007005710063941417,,
string,avgmonth_tmp,0.15527368601082867,8.322676495600556e-6,,
priest,avgmonth_tmp,0.1554571969941477,0.013070635727362577,,
kerosene,avgmonth_tmp,0.15622727374793577,0.0689101790256057,,
prophet,avgmonth_tmp,0.156876860121068,0.01951401357884235,,
sword,avgmonth_tmp,0.1573462091043185,0.0025900206427041856,,
oil,avgmonth_tmp,0.15786681694381222,5.080796669227596e-5,,
father-in-law,avgmonth_tmp,0.15812966351696942,0.006166592093074758,,
lineage,avgmonth_tmp,0.15835248640931207,0.06971595166778694,,
portion,avgmonth_tmp,0.15949162338585518,7.241601923819752e-4,,
corpse,avgmonth_tmp,0.16000408835165422,1.3144171887388334e-4,,
blessing,avgmonth_tmp,0.16003069136456446,0.005359621389638787,,
sin,avgmonth_tmp,0.16010939837268734,0.00694526685428948,,
bunch,avgmonth_tmp,0.16025772058002816,6.964672499293076e-4,,
heaven,avgmonth_tmp,0.16078315980599497,2.2024275100740695e-4,,
eaves,avgmonth_tmp,0.16143052463359592,0.024487695500949567,,
preparation,avgmonth_tmp,0.16167669810166438,4.0228849132500975e-5,,
exclamation,avgmonth_tmp,0.16199073406902728,0.012229279455965967,,
bush,avgmonth_tmp,0.16211015755499808,0.010445783553401696,,
jar,avgmonth_tmp,0.16220019741731628,0.020335009682532032,,
torch,avgmonth_tmp,0.16288348526778695,0.0017755888007110344,,
market,avgmonth_tmp,0.1633274958531775,0.020442191513584056,,
abdomen,avgmonth_tmp,0.16519174011429927,0.001519720987704273,,
vegetable,avgmonth_tmp,0.16526499891801194,0.0012581653376804057,,
spirit,avgmonth_tmp,0.16765509280639454,5.994945596238404e-5,,
thief,avgmonth_tmp,0.16793099765455893,1.1399264988306453e-6,,
religion,avgmonth_tmp,0.16802043085947801,0.007737217583067743,,
beauty,avgmonth_tmp,0.16873103909558423,0.0028821373759097893,,
ankle,avgmonth_tmp,0.16892918148212716,1.1620713772288137e-5,,
cage,avgmonth_tmp,0.16944220397335882,0.004182020392028559,,
foliage,avgmonth_tmp,0.16965951196738818,0.02223431142377477,,
honey,avgmonth_tmp,0.1702516774991437,5.468153266525262e-4,,
ban,avgmonth_tmp,0.1708712950973619,0.12313857125246054,,
melon,avgmonth_tmp,0.17107296056756013,0.019497417690993127,,
water,avgmonth_tmp,0.1715623001277946,1.3381854310577133e-11,,
womb,avgmonth_tmp,0.1729646413150937,3.761631493782793e-6,,
dancer,avgmonth_tmp,0.17345638360680038,0.006252503963327406,,
metal,avgmonth_tmp,0.1735552081229003,3.522760828079228e-4,,
procession,avgmonth_tmp,0.1746926087304112,0.01274309917494806,,
umbrella,avgmonth_tmp,0.17559375373427372,4.092252924091168e-4,,
fever,avgmonth_tmp,0.17632567984320782,3.5446163283053044e-6,,
owner,avgmonth_tmp,0.17772281151209987,3.5536356168645324e-5,,
sun,avgmonth_tmp,0.178002435295799,3.0928865721760757e-8,,
ancestor,avgmonth_tmp,0.1780712550146051,8.056321545969317e-4,,
mucus,avgmonth_tmp,0.17906329029041468,8.314519798712287e-4,,
stool,avgmonth_tmp,0.18111219585469301,4.564054616267643e-4,,
thorn,avgmonth_tmp,0.18119095990315848,5.722449345546416e-5,,
eyelid,avgmonth_tmp,0.18119637595743837,6.020939814922446e-5,,
bat,avgmonth_tmp,0.18156729444510908,8.158043425736934e-5,,
widow,avgmonth_tmp,0.18224038148736207,1.734880766473309e-6,,
cultivation,avgmonth_tmp,0.18259575941204556,0.011644619910715357,,
guitar,avgmonth_tmp,0.18400800903559103,0.011378943640056472,,
clan,avgmonth_tmp,0.18435916419503193,0.10399638403721942,,
moonlight,avgmonth_tmp,0.18533315087846186,0.0012266192990554364,,
birth,avgmonth_tmp,0.18633178534349673,1.4654591702482655e-9,,
response,avgmonth_tmp,0.18657849311921143,0.0041731639329600344,,
resin,avgmonth_tmp,0.18669245948350469,0.0015734783891563824,,
trader,avgmonth_tmp,0.18690950678151488,0.0042771318941696715,,
marker,avgmonth_tmp,0.186999274648006,0.14975430542147097,,
spear,avgmonth_tmp,0.18718988677289028,0.002802690134852975,,
mum,avgmonth_tmp,0.1873613666282323,0.013105634108411193,,
offspring,avgmonth_tmp,0.18875788934314766,8.353931377434672e-5,,
wealth,avgmonth_tmp,0.1893058001625294,7.169968064875322e-4,,
grass,avgmonth_tmp,0.19111070581389694,7.661570525885626e-6,,
buttock,avgmonth_tmp,0.19165073094443633,9.727781108839263e-5,,
prohibition,avgmonth_tmp,0.1917998979260278,0.004683891848727883,,
serpent,avgmonth_tmp,0.1938930873798731,0.011121638567557126,,
bird,avgmonth_tmp,0.19437673333848446,6.608028343113391e-8,,
prosperity,avgmonth_tmp,0.1954078173656418,0.009674328816211575,,
charcoal,avgmonth_tmp,0.1957353082621581,2.4900853269268517e-5,,
penis,avgmonth_tmp,0.19728884494988946,0.002244146894503535,,
food,avgmonth_tmp,0.1974922643211486,3.8848690088363327e-10,,
pulse,avgmonth_tmp,0.1979862549091807,0.0017643527298323491,,
deception,avgmonth_tmp,0.1981005393016729,9.186827052117343e-4,,
funeral,avgmonth_tmp,0.19856618801111706,0.004211022061736792,,
curse,avgmonth_tmp,0.19983351314812905,6.291538575431042e-5,,
moon,avgmonth_tmp,0.20087365909951155,1.8127016262828023e-8,,
platform,avgmonth_tmp,0.20089671324808955,7.873000946263609e-4,,
wrist,avgmonth_tmp,0.2011018676025334,2.2787313607959125e-6,,
ornament,avgmonth_tmp,0.2020666164002636,0.0025468477417239692,,
loin,avgmonth_tmp,0.2022623285203877,0.007595023508994579,,
aka,avgmonth_tmp,0.2028983830326764,0.1442748484804262,,
barber,avgmonth_tmp,0.2032289284928185,1.9873080962691734e-4,,
pat,avgmonth_tmp,0.2038150887856866,0.006617630559704372,,
noose,avgmonth_tmp,0.20475098056854651,0.002096797018465463,,
king,avgmonth_tmp,0.20536397129123202,7.123393961044342e-4,,
tray,avgmonth_tmp,0.20580095418735542,0.002775373413322022,,
disease,avgmonth_tmp,0.20597162291307985,1.4043722854891463e-7,,
husk,avgmonth_tmp,0.20847205480519362,0.01900162516998011,,
stalk,avgmonth_tmp,0.20859247803805064,3.293958340854428e-5,,
marriage,avgmonth_tmp,0.20935940883344833,3.572917393377707e-8,,
adultery,avgmonth_tmp,0.2097231620017831,2.2062113442844023e-5,,
gum,avgmonth_tmp,0.2111523683286549,2.3069824103929809e-7,,
massage,avgmonth_tmp,0.21255260364618075,0.003825557407210412,,
navel,avgmonth_tmp,0.21515833193647985,9.379030927274958e-6,,
mortar,avgmonth_tmp,0.2166157186808698,4.53272093875367e-6,,
decoration,avgmonth_tmp,0.21746635159236122,1.7345388783389913e-4,,
saliva,avgmonth_tmp,0.2180634693179998,3.49909754858685e-7,,
roofing,avgmonth_tmp,0.21961127135099887,0.007661682648944978,,
placenta,avgmonth_tmp,0.21971376470188037,0.0029719091011104607,,
poison,avgmonth_tmp,0.21973443125367656,1.477688109219225e-8,,
necklace,avgmonth_tmp,0.21995396341720322,1.128325564757023e-5,,
pot,avgmonth_tmp,0.22017010100818657,1.7755613718552922e-5,,
medicine,avgmonth_tmp,0.2202165557796097,5.399501009468012e-7,,
spider,avgmonth_tmp,0.22064658661277414,4.4437699632639803e-07,,
snail,avgmonth_tmp,0.2208420014688212,1.8872682649565182e-4,,
mound,avgmonth_tmp,0.22125240147613504,1.928062880870785e-6,,
bee,avgmonth_tmp,0.22241587246518874,8.722012673823808e-6,,
sickness,avgmonth_tmp,0.22383575952106638,9.698240736349395e-7,,
sorcery,avgmonth_tmp,0.22428460105601333,0.01510820351651104,,
bear,avgmonth_tmp,0.22480625434181176,1.6930075749158941e-4,,
pulp,avgmonth_tmp,0.225072396585009,0.003249464913086931,,
magic,avgmonth_tmp,0.2258512085746295,7.180250642035512e-4,,
prostitute,avgmonth_tmp,0.22710777285516395,7.001678599079028e-5,,
fisherman,avgmonth_tmp,0.22717299599857077,3.1712120862365575e-4,,
joint,avgmonth_tmp,0.2281588000769174,1.2263913274768688e-4,,
urine,avgmonth_tmp,0.22922521893088627,1.190473657498816e-9,,
slave,avgmonth_tmp,0.23080965807966788,9.178224462038249e-5,,
asthma,avgmonth_tmp,0.23093737102989856,1.2766430373177117e-4,,
calamity,avgmonth_tmp,0.23140486985021713,0.0018605649029296949,,
plantation,avgmonth_tmp,0.2314868173993934,0.01578163406547721,,
pal,avgmonth_tmp,0.23227211917125776,0.0022299463451277645,,
bracelet,avgmonth_tmp,0.23284454311007008,5.636999637481244e-5,,
village,avgmonth_tmp,0.2336219962479625,0.0012970391960256086,,
ulcer,avgmonth_tmp,0.2339194032330381,4.0709457080628916e-4,,
firewood,avgmonth_tmp,0.2344976473161097,5.258270172336124e-4,,
bride,avgmonth_tmp,0.23609757314214505,2.941153912215934e-4,,
enmity,avgmonth_tmp,0.23650155588561828,9.976463021498787e-4,,
intercourse,avgmonth_tmp,0.23770356380072302,6.026175544763375e-6,,
groin,avgmonth_tmp,0.24212452117385738,1.4791673368529549e-4,,
testicle,avgmonth_tmp,0.24401245375131445,1.7160383178437769e-6,,
spice,avgmonth_tmp,0.24465505766778353,5.70609916280079e-4,,
wasp,avgmonth_tmp,0.2452328920801884,1.0146010738607178e-5,,
shell,avgmonth_tmp,0.2465893326907171,6.003951267208822e-8,,
cricket,avgmonth_tmp,0.24691615405836215,4.044185504240313e-6,,
flower,avgmonth_tmp,0.24704740137301273,3.121761987774314e-12,,
mat,avgmonth_tmp,0.25007942741251743,1.514807260987265e-6,,
pregnancy,avgmonth_tmp,0.2502388139639449,1.4555789009355367e-6,,
ceremony,avgmonth_tmp,0.25129416906919444,5.4940250333285e-5,,
kernel,avgmonth_tmp,0.25396246546138973,2.447925419480265e-4,,
rafter,avgmonth_tmp,0.25410344738041757,0.007674840010076529,,
idol,avgmonth_tmp,0.2583889958361447,7.265989303206538e-4,,
cooking,avgmonth_tmp,0.25867953923557463,4.1355509712264455e-8,,
lemon,avgmonth_tmp,0.2594170621282803,1.0915712511003375e-5,,
armpit,avgmonth_tmp,0.25994873138679964,2.0273119217776237e-6,,
body,avgmonth_tmp,0.261238760978002,3.827738165540341e-16,,
fowl,avgmonth_tmp,0.26267968906559835,2.2836440632031746e-5,,
follower,avgmonth_tmp,0.2631042821757472,9.613656017011886e-6,,
maize,avgmonth_tmp,0.2636517362789567,0.011178755838753914,,
rite,avgmonth_tmp,0.26388396211558945,1.7722133790368724e-4,,
festival,avgmonth_tmp,0.26485501298659064,0.002782026731684027,,
pumpkin,avgmonth_tmp,0.26572346693565196,5.996358438543253e-4,,
crab,avgmonth_tmp,0.26660838606073617,9.424261885895092e-5,,
malaria,avgmonth_tmp,0.2670698124078093,0.006853868136614627,,
pigeon,avgmonth_tmp,0.2678013981133373,1.9387165310744855e-7,,
disciple,avgmonth_tmp,0.269788820305537,9.095914586415528e-6,,
cucumber,avgmonth_tmp,0.2730261168693141,2.798814776813848e-5,,
lime,avgmonth_tmp,0.2737632846651233,1.1643467124510148e-6,,
canoe,avgmonth_tmp,0.27399011055648415,0.023383338767778015,,
juice,avgmonth_tmp,0.2747303556838319,2.528275619775883e-14,,
circumcision,avgmonth_tmp,0.2754860399880486,0.014025686650048297,,
tank,avgmonth_tmp,0.277401744513974,1.8852034832621622e-4,,
camel,avgmonth_tmp,0.27864681964692734,2.980348075592821e-4,,
sore,avgmonth_tmp,0.28021096167137544,0.002088794613522743,,
fish,avgmonth_tmp,0.2827898613330843,1.082656203854005e-7,,
fan,avgmonth_tmp,0.2829618773297862,1.3256372227905754e-8,,
kite,avgmonth_tmp,0.2858182424236297,2.3685274829344786e-5,,
dove,avgmonth_tmp,0.28677960132174146,4.96591338204163e-8,,
pepper,avgmonth_tmp,0.29009328039031884,3.1963839874117573e-7,,
anus,avgmonth_tmp,0.2986735743390692,1.8213789599015568e-8,,
plant,avgmonth_tmp,0.29950298807077935,8.933972184796112e-15,,
perfume,avgmonth_tmp,0.30051525857729944,5.73081488742243e-7,,
peanut,avgmonth_tmp,0.30265538188827196,0.010047768092905713,,
god,avgmonth_tmp,0.30384821378274185,3.659853527888005e-8,,
drum,avgmonth_tmp,0.304193458236172,2.4246744161350467e-10,,
mosquito,avgmonth_tmp,0.3074800611696221,2.025886576628411e-9,,
season,avgmonth_tmp,0.31339214569045987,1.5345691928385668e-16,,
cloth,avgmonth_tmp,0.31494269743774134,1.0131158724213488e-13,,
waist,avgmonth_tmp,0.31627207913540456,9.836251706098091e-13,,
buffalo,avgmonth_tmp,0.318229419304092,9.696756534435e-4,,
ritual,avgmonth_tmp,0.31849770573936353,6.782410139202687e-4,,
vine,avgmonth_tmp,0.3245783984252777,9.392265671630554e-5,,
sacrifice,avgmonth_tmp,0.3249701448661827,4.916392224311615e-6,,
insect,avgmonth_tmp,0.3251538144348476,5.521118888420559e-14,,
ingredient,avgmonth_tmp,0.32864179579247776,5.282964991988171e-10,,
tiger,avgmonth_tmp,0.3381356628988982,6.449088503363047e-6,,
seed,avgmonth_tmp,0.3431379138625527,3.222158414280053e-19,,
pod,avgmonth_tmp,0.3480629073404324,8.987998314996355e-9,,
cane,avgmonth_tmp,0.35677257610444435,3.652224567099176e-10,,
worship,avgmonth_tmp,0.36178546282610846,7.187521844525375e-10,,
ant,avgmonth_tmp,0.36381179848363593,1.1571028384678432e-11,,
nut,avgmonth_tmp,0.3666880307632682,2.464969846564623e-11,,
leaf,avgmonth_tmp,0.3732578284182596,1.5190300320975692e-20,,
fiber,avgmonth_tmp,0.3751724581357237,4.0407103234239204e-11,,
rat,avgmonth_tmp,0.37797722070236184,4.793343374043897e-17,,
shark,avgmonth_tmp,0.38165962821008875,1.5783061477275072e-4,,
demon,avgmonth_tmp,0.38340296615809,7.187534938571674e-6,,
monkey,avgmonth_tmp,0.38407106061342466,3.318663181647023e-8,,
feces,avgmonth_tmp,0.3855701298685193,4.7978989027205365e-07,,
male,avgmonth_tmp,0.38939400233817845,1.5267620524423237e-6,,
puberty,avgmonth_tmp,0.3898662440998555,1.2612619336175772e-6,,
cotton,avgmonth_tmp,0.3900951855337284,1.0749999032858258e-11,,
tree,avgmonth_tmp,0.3948152908962551,2.970482130085849e-22,,
pounding,avgmonth_tmp,0.4194113950986488,8.855481032596164e-9,,
female,avgmonth_tmp,0.42002521941533305,7.489853949016102e-9,,
coral,avgmonth_tmp,0.4225589047287431,8.744212502436796e-6,,
shrub,avgmonth_tmp,0.4321600739874125,1.9142419428367557e-9,,
semen,avgmonth_tmp,0.4336964244096139,7.046518928090179e-15,,
mama,avgmonth_tmp,0.44584147470475555,5.541370502130851e-5,,
scrotum,avgmonth_tmp,0.45322839931991427,4.2894402998622365e-9,,
ginger,avgmonth_tmp,0.4583566440647635,1.3681830323284968e-13,,
pineapple,avgmonth_tmp,0.4821253204423252,1.5837164619912476e-7,,
snake,avgmonth_tmp,0.4828943713121406,6.950273338724632e-22,,
lizard,avgmonth_tmp,0.48308305124400996,2.189961817742355e-19,,
fruit,avgmonth_tmp,0.4903320024206648,8.761902269286696e-38,,
turtle,avgmonth_tmp,0.49569992653597567,6.2371270886809114e-12,,
tortoise,avgmonth_tmp,0.5040000503591257,4.188077609677998e-15,,
guinea,avgmonth_tmp,0.5316671917341754,1.0693089576871563e-5,,
parrot,avgmonth_tmp,0.5731913698384232,1.7818059706431812e-16,,
elephant,avgmonth_tmp,0.5814702461901673,3.2139144335821807e-16,,
palm,avgmonth_tmp,0.5927900085243926,7.712918855380061e-27,,
rice,avgmonth_tmp,0.6271807584878506,9.06086462795302e-13,,
crocodile,avgmonth_tmp,0.6371709661843272,2.997705282328081e-17,,
banana,avgmonth_tmp,0.690593198891094,1.7149072188523386e-12,,
jungle,avgmonth_tmp,0.756009856799749,7.218554170251471e-11,,
termite,avgmonth_tmp,0.7598980550218665,3.2917359440908652e-12,,
yam,avgmonth_tmp,1.0552598842611587,1.7654686095982671e-19,,
bamboo,avgmonth_tmp,1.0691829633662695,6.001912307087884e-29,,
coconut,avgmonth_tmp,1.1894429789246164,5.984987654711264e-17,,
mango,avgmonth_tmp,1.3755657213527637,3.0916390956304796e-41,,
wagon,maxmonth_pre,-0.6612577853704469,2.056628584881637e-13,,
autumn,maxmonth_pre,-0.4740657630298467,5.889831517506233e-12,,
telephone,maxmonth_pre,-0.4515652271024112,3.904991862726775e-7,,
summer,maxmonth_pre,-0.4350218138779756,5.420601807118614e-16,,
cheese,maxmonth_pre,-0.42956801124756055,1.2851094566784672e-9,,
winter,maxmonth_pre,-0.4109664613975826,7.831390053836338e-14,,
dollar,maxmonth_pre,-0.37983822412483387,4.7295239881448806e-4,,
frost,maxmonth_pre,-0.37841486843577676,4.702917414795972e-9,,
stress,maxmonth_pre,-0.3687470058813042,1.6523197440509493e-6,,
boot,maxmonth_pre,-0.3552167506928003,3.628281176883785e-9,,
troop,maxmonth_pre,-0.33773546568797974,1.5671135735751794e-5,,
apron,maxmonth_pre,-0.3222896110355178,9.820028466401044e-6,,
dragon,maxmonth_pre,-0.3215136982889894,1.668126428510658e-6,,
text,maxmonth_pre,-0.3078194350402441,2.9841452111737084e-5,,
donkey,maxmonth_pre,-0.29745505684024376,1.0274899351027441e-5,,
wheat,maxmonth_pre,-0.296918014231504,4.0832334190382955e-8,,
rug,maxmonth_pre,-0.29160178978782914,1.9412817101312684e-5,,
team,maxmonth_pre,-0.29139940445652984,2.096398814075201e-6,,
ice,maxmonth_pre,-0.2900224188020649,2.4338924640482756e-9,,
bus,maxmonth_pre,-0.28671043160693405,3.0818177898517073e-4,,
cloak,maxmonth_pre,-0.28239380115010815,2.021995701477831e-5,,
snow,maxmonth_pre,-0.2818765333978718,1.2402615188813725e-6,,
mare,maxmonth_pre,-0.27112457319257816,4.2144558188661176e-4,,
rifle,maxmonth_pre,-0.26941014471954144,7.043426869597499e-5,,
pear,maxmonth_pre,-0.26878475274579694,7.588433371272699e-5,,
drawer,maxmonth_pre,-0.26851910669178775,2.2790364365549174e-5,,
runner,maxmonth_pre,-0.26752696152484134,3.408535987237506e-7,,
edition,maxmonth_pre,-0.262626816129617,2.2512519187419592e-5,,
stove,maxmonth_pre,-0.26166201205301004,8.043047263963114e-5,,
lunch,maxmonth_pre,-0.26018055270028234,6.94616314076459e-5,,
oak,maxmonth_pre,-0.2567016076883759,9.109035367082658e-4,,
version,maxmonth_pre,-0.25245994498693103,8.595782127962932e-5,,
entry,maxmonth_pre,-0.2515443143268675,0.0014675143879150725,,
wolf,maxmonth_pre,-0.2495348771146245,1.1851762434487593e-6,,
fighter,maxmonth_pre,-0.24820857073712582,4.0745086280513574e-5,,
fabric,maxmonth_pre,-0.2474578596003752,9.224337908797219e-4,,
lamb,maxmonth_pre,-0.24724094616174136,8.166074682673746e-6,,
truck,maxmonth_pre,-0.24484004413284335,0.003053640948757549,,
china,maxmonth_pre,-0.2410371669118916,5.219509567898132e-4,,
lard,maxmonth_pre,-0.238338676018702,5.430478351984909e-4,,
professor,maxmonth_pre,-0.23563789888717152,1.4730701654477017e-4,,
sheep,maxmonth_pre,-0.23400070397912467,2.4361792097046547e-8,,
bos,maxmonth_pre,-0.23233603338473097,6.919778404821924e-4,,
porridge,maxmonth_pre,-0.23211893484892537,0.004880692060548804,,
buck,maxmonth_pre,-0.23095380815624392,4.302564329763769e-4,,
jug,maxmonth_pre,-0.23080546698962423,4.4000344203610444e-5,,
wool,maxmonth_pre,-0.2271512098407135,2.6697043750655522e-6,,
equipment,maxmonth_pre,-0.22649129175447666,0.0010634341812707688,,
fur,maxmonth_pre,-0.22639649407792542,8.773842893953508e-7,,
exhaust,maxmonth_pre,-0.22613556100044138,6.543383458796817e-5,,
student,maxmonth_pre,-0.22500475373958612,3.274863441909374e-5,,
sock,maxmonth_pre,-0.22493626424073807,4.8819699768097157e-4,,
culture,maxmonth_pre,-0.22473089338842783,1.5409279864609238e-5,,
berry,maxmonth_pre,-0.2233456673557205,8.888279489770021e-5,,
crackle,maxmonth_pre,-0.222332779210385,0.0024911508162434874,,
rush,maxmonth_pre,-0.22103514479777667,1.1856807137323235e-7,,
newspaper,maxmonth_pre,-0.21992524970529045,0.007584524116363506,,
card,maxmonth_pre,-0.21962560022689157,3.2104604157834663e-4,,
horse,maxmonth_pre,-0.21953025727756506,1.3272975831417914e-6,,
coffee,maxmonth_pre,-0.21887517512575858,0.004772682726792651,,
camel,maxmonth_pre,-0.2182621476961662,9.563538334850469e-4,,
cupboard,maxmonth_pre,-0.21742622080850268,8.712895623407905e-4,,
glove,maxmonth_pre,-0.21471358159387316,0.0017373394648662536,,
record,maxmonth_pre,-0.2143183733005618,4.425716896055389e-5,,
transport,maxmonth_pre,-0.21324301400886453,3.7839065334313983e-4,,
marsh,maxmonth_pre,-0.21226342446557966,3.3775764992344834e-4,,
candy,maxmonth_pre,-0.212169531706086,0.01056715994598106,,
document,maxmonth_pre,-0.20916662042628012,0.0010239555874608796,,
butcher,maxmonth_pre,-0.2069541688591852,5.1663036196139974e-5,,
glue,maxmonth_pre,-0.2067760139725717,1.583886020282919e-5,,
clip,maxmonth_pre,-0.20676735575188315,5.532688296840122e-4,,
strap,maxmonth_pre,-0.206445599719096,1.1709458954158649e-4,,
saddle,maxmonth_pre,-0.2048380027478659,1.4031960047672604e-4,,
tower,maxmonth_pre,-0.20364351793685836,3.9911057638239856e-4,,
train,maxmonth_pre,-0.20218700804341436,5.2557905389507336e-5,,
chimney,maxmonth_pre,-0.20209736187476143,0.001752848577726967,,
coat,maxmonth_pre,-0.20134971798725615,7.0145824497037996e-6,,
drought,maxmonth_pre,-0.20088860675700987,8.745305395595628e-5,,
switch,maxmonth_pre,-0.19843301521546558,0.001385633126028719,,
ox,maxmonth_pre,-0.19750029592403887,0.0016682495821232273,,
mess,maxmonth_pre,-0.19684700189723403,0.0010170682518771156,,
volume,maxmonth_pre,-0.1962156042947688,1.6062397577210364e-5,,
gorge,maxmonth_pre,-0.19521404866590958,0.0013078823460886454,,
scarf,maxmonth_pre,-0.19471715671717704,0.0018110741015745795,,
turkey,maxmonth_pre,-0.19441406379031798,0.0026610317947185847,,
ride,maxmonth_pre,-0.19054856628962166,2.1353982439957966e-5,,
hare,maxmonth_pre,-0.18948705474848868,0.002059428435325836,,
cream,maxmonth_pre,-0.1873210967631819,0.0011340533921837012,,
kid,maxmonth_pre,-0.18688877897529682,0.002182904184825509,,
car,maxmonth_pre,-0.1868227218442498,0.001475940715981589,,
toilet,maxmonth_pre,-0.186778518590241,0.00879490721464311,,
beef,maxmonth_pre,-0.18572694757098043,7.191758707883584e-4,,
farmer,maxmonth_pre,-0.1854246693166095,0.002162451733127885,,
lodge,maxmonth_pre,-0.18542295052027696,0.002265645028513515,,
research,maxmonth_pre,-0.18403031497722408,0.0011873550147797221,,
doctor,maxmonth_pre,-0.18378748295546005,4.803777782402602e-5,,
sketch,maxmonth_pre,-0.1837659471067502,0.005260052527461527,,
illustration,maxmonth_pre,-0.18321284060454077,0.0057354112491837484,,
grease,maxmonth_pre,-0.18319421653747503,1.3172873563481154e-4,,
rebel,maxmonth_pre,-0.18305241102388306,0.0024394276159197792,,
definition,maxmonth_pre,-0.18286852669055817,2.615733397420207e-4,,
problem,maxmonth_pre,-0.18042999849362093,0.00403236152484255,,
hemp,maxmonth_pre,-0.17838265404750914,0.007478472236553581,,
rustle,maxmonth_pre,-0.17586212446072227,0.015647933999766314,,
camp,maxmonth_pre,-0.17551655856593834,4.3178628299118775e-4,,
ribbon,maxmonth_pre,-0.1753415628087857,0.00382894101068658,,
university,maxmonth_pre,-0.17522456718250223,0.003042489746428391,,
product,maxmonth_pre,-0.17424370763095545,0.002525343229712539,,
cliff,maxmonth_pre,-0.17358279197952636,0.004721710317854612,,
carcass,maxmonth_pre,-0.17315522295708577,0.010556579729831558,,
stew,maxmonth_pre,-0.17263286782553272,0.013271151504380505,,
skim,maxmonth_pre,-0.1720838991884069,0.0042815314829604,,
kinship,maxmonth_pre,-0.1707514187137334,0.0443863922433171,,
grape,maxmonth_pre,-0.17063720624213982,0.0013356166122804858,,
shovel,maxmonth_pre,-0.1699438091516255,9.065431850258208e-4,,
dough,maxmonth_pre,-0.16991601895073846,0.00175918031499849,,
monster,maxmonth_pre,-0.1696295078565744,0.006052467786666163,,
nonsense,maxmonth_pre,-0.1695856551505815,0.002115100245623214,,
punch,maxmonth_pre,-0.16916716873906226,0.004186670120211505,,
population,maxmonth_pre,-0.16846270479648393,0.0070059505750779275,,
program,maxmonth_pre,-0.1675813046297632,0.02568995939399043,,
hay,maxmonth_pre,-0.1647851098936342,0.015188854709048452,,
reader,maxmonth_pre,-0.16451391205703284,0.0025259190940048293,,
film,maxmonth_pre,-0.16407880095868788,0.02263834668878643,,
ore,maxmonth_pre,-0.16349452288371044,0.04983326406528107,,
stocking,maxmonth_pre,-0.16270813027735684,0.006830576283930391,,
lace,maxmonth_pre,-0.1607037340932143,0.006586172303443619,,
sleeve,maxmonth_pre,-0.16018028589543074,0.0029012287780483194,,
biscuit,maxmonth_pre,-0.15998797812005158,0.007831551649430085,,
college,maxmonth_pre,-0.15957857971510644,0.013592925165261182,,
squash,maxmonth_pre,-0.15887417742230406,0.01869307046789481,,
flank,maxmonth_pre,-0.15827939505357266,0.004129213612658749,,
howl,maxmonth_pre,-0.15798730464873928,4.438841241818372e-4,,
slaughter,maxmonth_pre,-0.15694338954832787,0.0010088496185663121,,
muzzle,maxmonth_pre,-0.15685824752563685,0.004298520169683566,,
provision,maxmonth_pre,-0.156664394584716,7.91791167536424e-4,,
inn,maxmonth_pre,-0.15602286975049917,0.029729673049198477,,
scrap,maxmonth_pre,-0.15498264936363979,0.010681210499354516,,
desert,maxmonth_pre,-0.1548835148705382,1.310041045807974e-4,,
station,maxmonth_pre,-0.15483583144132823,0.009150005835228549,,
drill,maxmonth_pre,-0.15386896023251584,9.657182898571442e-4,,
rack,maxmonth_pre,-0.1535919107935413,0.02063936222852636,,
principle,maxmonth_pre,-0.1525062300842104,0.011857161314030364,,
bullet,maxmonth_pre,-0.1522707320277408,0.0020840026168850393,,
knob,maxmonth_pre,-0.1517807607708778,0.00469622209123486,,
calendar,maxmonth_pre,-0.15174476932232986,0.02554610918920146,,
collar,maxmonth_pre,-0.15174111391207512,0.0015160055224585447,,
bump,maxmonth_pre,-0.1507830099510867,0.013136166090862243,,
seam,maxmonth_pre,-0.1507009462729343,0.0018490774159044072,,
prize,maxmonth_pre,-0.15024430318472887,0.008284085628931454,,
fox,maxmonth_pre,-0.14974707703760354,0.004032689151096676,,
alcohol,maxmonth_pre,-0.14960639018069832,0.01229746320773559,,
barrel,maxmonth_pre,-0.14931718292107518,0.0033432543159141615,,
melon,maxmonth_pre,-0.14839345440451387,0.01844144473002773,,
rabbit,maxmonth_pre,-0.14834769145394958,0.016033357270900096,,
goal,maxmonth_pre,-0.14817392398737014,0.010534193956547361,,
brick,maxmonth_pre,-0.14802604462194785,0.0023100643036409853,,
tomb,maxmonth_pre,-0.14735463119642214,0.015672673855659847,,
disaster,maxmonth_pre,-0.14728919892352835,0.005458927943180981,,
rescue,maxmonth_pre,-0.14694492113633376,0.0025284509534670378,,
column,maxmonth_pre,-0.1468358148771501,0.0033700741349070576,,
haul,maxmonth_pre,-0.14669288376187173,0.024644252362266847,,
example,maxmonth_pre,-0.1460013847755391,0.05735320883713444,,
surrender,maxmonth_pre,-0.1448374744925435,0.014036553192233035,,
cone,maxmonth_pre,-0.14474142070262075,0.011658930093279741,,
pea,maxmonth_pre,-0.14463798431569283,0.016241081154041926,,
leather,maxmonth_pre,-0.1439454330937076,2.506391457537765e-4,,
ravine,maxmonth_pre,-0.14360070295928293,0.03231686310019847,,
scholar,maxmonth_pre,-0.14359232499067526,0.007350065135068014,,
interpreter,maxmonth_pre,-0.14345674809532935,0.004130392651711167,,
button,maxmonth_pre,-0.14295580627297902,9.445401457352136e-4,,
pronunciation,maxmonth_pre,-0.14289471056233888,0.0014051132604761421,,
ally,maxmonth_pre,-0.1424233348815194,0.03164772041825796,,
speed,maxmonth_pre,-0.1422883191590354,7.595774017433085e-4,,
province,maxmonth_pre,-0.1422442330339909,0.041931886214177747,,
mule,maxmonth_pre,-0.14214181441476478,0.028153062836350374,,
pace,maxmonth_pre,-0.14202308208752462,0.0033915482014435527,,
pail,maxmonth_pre,-0.14137797806186556,0.007881442276573064,,
translation,maxmonth_pre,-0.14065013305681387,0.009822043321275708,,
flutter,maxmonth_pre,-0.1404896042700837,0.009281661418666395,,
policeman,maxmonth_pre,-0.14016076245041,0.023485004215265608,,
clothing,maxmonth_pre,-0.14011748805163327,0.002144455701397649,,
appeal,maxmonth_pre,-0.13977590454692623,0.016787961490874127,,
comment,maxmonth_pre,-0.13946844130262231,0.00974739810568647,,
loaf,maxmonth_pre,-0.13922350601124264,0.011196780945215616,,
city,maxmonth_pre,-0.13896744405904626,0.013653030140107965,,
engine,maxmonth_pre,-0.1386734053714322,0.02381556276123914,,
driver,maxmonth_pre,-0.13792563234962343,0.010470841691480267,,
cushion,maxmonth_pre,-0.13780068811021343,0.005256549128047405,,
remark,maxmonth_pre,-0.13776367261070857,0.02092428432276094,,
meter,maxmonth_pre,-0.13716281844888925,0.057258152230592066,,
beverage,maxmonth_pre,-0.1371527678902313,0.0303403223265994,,
pottery,maxmonth_pre,-0.13641117246515122,0.03720706690842521,,
bicycle,maxmonth_pre,-0.1361908774306209,0.09715274491308215,,
birthday,maxmonth_pre,-0.1360412348230275,0.02800003980366527,,
goose,maxmonth_pre,-0.1356690908352898,0.0027602580047246844,,
linguistics,maxmonth_pre,-0.13536809107165096,0.16634260574448145,,
model,maxmonth_pre,-0.13518718164682264,0.01668759689631555,,
worker,maxmonth_pre,-0.13516105150560628,0.00398026550478618,,
deed,maxmonth_pre,-0.13479046194598923,0.0059583968811147995,,
cent,maxmonth_pre,-0.13442823947875734,0.04794224082757229,,
shoe,maxmonth_pre,-0.13383999777105454,1.7139039351341385e-4,,
solution,maxmonth_pre,-0.1336031653374116,0.02118441009215289,,
barrier,maxmonth_pre,-0.13307829908720112,0.3635742818299099,,
tile,maxmonth_pre,-0.13306432126910683,0.03257245559195257,,
tea,maxmonth_pre,-0.13304742421326643,0.00919098648832276,,
quiver,maxmonth_pre,-0.1324554951150327,0.0021816309709055074,,
tub,maxmonth_pre,-0.1320785584767777,0.030291380671727985,,
vote,maxmonth_pre,-0.13144124118413306,0.10529425523961186,,
brand,maxmonth_pre,-0.13135376180678054,0.003524831698391579,,
fund,maxmonth_pre,-0.131274964431706,0.05410948903243637,,
supper,maxmonth_pre,-0.13089999616012504,0.038525391508641926,,
safety,maxmonth_pre,-0.1305414718611421,0.0049432807050495305,,
coal,maxmonth_pre,-0.13041265286410847,7.222413998313455e-4,,
formation,maxmonth_pre,-0.13029888418682772,0.009321084977713712,,
groove,maxmonth_pre,-0.1302818613099572,0.03018037180620421,,
thanks,maxmonth_pre,-0.13011189353729358,0.0040712270717222195,,
list,maxmonth_pre,-0.13000737572539556,0.006980077747456139,,
tilt,maxmonth_pre,-0.12992173197636045,0.03945792292138261,,
travel,maxmonth_pre,-0.1294269264222102,2.786371259692302e-4,,
detail,maxmonth_pre,-0.12936725539903518,0.004047553523815141,,
chamber,maxmonth_pre,-0.12911141284985475,0.02538720827932598,,
spring,maxmonth_pre,-0.12854377751500895,2.47990948926208e-6,,
gentleman,maxmonth_pre,-0.1284514732171596,0.04312347825097029,,
shepherd,maxmonth_pre,-0.12825922037081885,0.010945466894032153,,
dinner,maxmonth_pre,-0.12811869591987626,0.03871984598469251,,
constellation,maxmonth_pre,-0.12791382388698744,0.05475572886982319,,
clam,maxmonth_pre,-0.12731685715797827,0.19481217443992732,,
basis,maxmonth_pre,-0.12722943762208427,0.00983361459388591,,
package,maxmonth_pre,-0.1254608090372909,0.060567101548526646,,
twitch,maxmonth_pre,-0.12542546548590894,0.023708809832710866,,
yolk,maxmonth_pre,-0.12432798965297706,0.026763452548241067,,
kettle,maxmonth_pre,-0.12417348693244071,0.018260363089802882,,
hurry,maxmonth_pre,-0.12382102990085116,2.6357433868707695e-4,,
rate,maxmonth_pre,-0.12332696860718009,0.03875762878528456,,
talk,maxmonth_pre,-0.12280236910445577,0.059692574116595114,,
lack,maxmonth_pre,-0.12237937592384064,0.0039929287060798705,,
deck,maxmonth_pre,-0.12226134750638046,0.07619291171266518,,
tape,maxmonth_pre,-0.1220459287191776,0.031908888103293204,,
tow,maxmonth_pre,-0.12178491230797148,0.059878692104810276,,
chatter,maxmonth_pre,-0.121369747985029,0.011862119528593822,,
daytime,maxmonth_pre,-0.12135198988654289,0.07176318456935084,,
north,maxmonth_pre,-0.1212941974694246,0.002415751070977778,,
seal,maxmonth_pre,-0.12098215632938353,0.010153571224236426,,
gall,maxmonth_pre,-0.12092276849324712,0.009146777483380965,,
valley,maxmonth_pre,-0.12044963142251396,0.007600273691406615,,
folk,maxmonth_pre,-0.12034205451041165,0.06093458473720747,,
mount,maxmonth_pre,-0.11994817419074916,0.0019192033313243312,,
drip,maxmonth_pre,-0.11985240079351873,0.004455795257248621,,
sack,maxmonth_pre,-0.11899197571693873,0.002471489576210252,,
jacket,maxmonth_pre,-0.11883396470287844,0.03469800071549551,,
store,maxmonth_pre,-0.1187098229579372,8.839697543104145e-5,,
decline,maxmonth_pre,-0.11841754793783879,0.0314022369509445,,
puff,maxmonth_pre,-0.11831156007548324,0.01459882007477664,,
secretary,maxmonth_pre,-0.11797788766767697,0.055470488905079066,,
pine,maxmonth_pre,-0.11795264600194727,0.0384427737597731,,
suspicion,maxmonth_pre,-0.11733512195848042,0.028694110540970676,,
salary,maxmonth_pre,-0.11726188559095643,0.0698616966141466,,
crime,maxmonth_pre,-0.11675886466071791,0.027344010916176106,,
mill,maxmonth_pre,-0.11667105780674766,0.01937045782642191,,
description,maxmonth_pre,-0.11660190090005852,0.015548376365842666,,
aid,maxmonth_pre,-0.11611412959065041,0.007216196682227331,,
reserve,maxmonth_pre,-0.11598820750734734,0.036879980725522815,,
machine,maxmonth_pre,-0.11567040845222501,0.03138185863465612,,
range,maxmonth_pre,-0.11510026266814607,0.012299634840110518,,
mountain,maxmonth_pre,-0.11509215611245731,0.003637546864700963,,
curl,maxmonth_pre,-0.1142811919642792,0.0050964533111403035,,
lady,maxmonth_pre,-0.11421461687599767,0.026050091086847863,,
shop,maxmonth_pre,-0.11409936542827992,0.03790325603333798,,
wheel,maxmonth_pre,-0.11406184349214651,0.0017124235919926429,,
singer,maxmonth_pre,-0.1138077939443351,0.009953673047245154,,
wilderness,maxmonth_pre,-0.1136904597409485,0.05371259499655976,,
view,maxmonth_pre,-0.11346416128014192,0.004806904606790706,,
district,maxmonth_pre,-0.11340626690466414,0.04733053711817561,,
education,maxmonth_pre,-0.11311208318132965,0.0674808508123688,,
weather,maxmonth_pre,-0.1130461441431188,0.004889944852618589,,
plan,maxmonth_pre,-0.11226269155245487,0.005535898617769698,,
plague,maxmonth_pre,-0.11224117460245536,0.031207207166803617,,
fort,maxmonth_pre,-0.11220011048574496,0.08520259638851105,,
south,maxmonth_pre,-0.11219172076339544,0.006470482592311577,,
fling,maxmonth_pre,-0.11218348281742326,0.060366047191781076,,
mist,maxmonth_pre,-0.11147427762267569,0.0021924967794330224,,
urge,maxmonth_pre,-0.11132289755899451,0.016862987975318197,,
roller,maxmonth_pre,-0.11126860103095895,0.056847699322805985,,
nation,maxmonth_pre,-0.1112146469153207,0.05200999577684775,,
relief,maxmonth_pre,-0.11078463842013578,0.03937088989803857,,
majority,maxmonth_pre,-0.11067404925452261,0.02962228932988396,,
highway,maxmonth_pre,-0.11013890777222701,0.030719681375157987,,
bracket,maxmonth_pre,-0.10972485705623596,0.05060572039181655,,
chill,maxmonth_pre,-0.1095904613088201,0.045322182339186785,,
proof,maxmonth_pre,-0.1093534678933144,0.025242328849841112,,
holiday,maxmonth_pre,-0.10922683955412778,0.0887228131956881,,
production,maxmonth_pre,-0.10922067879427531,0.0874906235919678,,
library,maxmonth_pre,-0.10888700825076293,0.03606838752490373,,
brow,maxmonth_pre,-0.1084660507308696,0.03786305829994201,,
pump,maxmonth_pre,-0.10791649902801366,0.07138802865242086,,
tangle,maxmonth_pre,-0.10789645744927044,0.10440616131523406,,
notch,maxmonth_pre,-0.10783982156416118,0.08848631416056324,,
bandage,maxmonth_pre,-0.1076026124206845,0.008021662070965834,,
trickle,maxmonth_pre,-0.10758513240606929,0.06836632339850424,,
visitor,maxmonth_pre,-0.10719930779906099,0.0249614140102695,,
training,maxmonth_pre,-0.10709799581038394,0.09334238372879977,,
whale,maxmonth_pre,-0.10707831859039733,0.12787054398421038,,
crash,maxmonth_pre,-0.10696475538392462,0.06247162761519587,,
barn,maxmonth_pre,-0.10671326455149086,0.11857837859361184,,
manuscript,maxmonth_pre,-0.1063405901952832,0.09500230885233245,,
cousin,maxmonth_pre,-0.1060642214806868,0.027978250902959433,,
survey,maxmonth_pre,-0.10537604604684067,0.04138061837668671,,
marrow,maxmonth_pre,-0.10503975969742188,0.011905397101183808,,
damage,maxmonth_pre,-0.10493210622367072,0.00847604859548819,,
category,maxmonth_pre,-0.10489895943460281,0.12182689389777268,,
index,maxmonth_pre,-0.10426100199540571,0.060273621952364805,,
shock,maxmonth_pre,-0.10388441064360099,0.035497979997287925,,
supply,maxmonth_pre,-0.10379298934440956,0.017261755801231918,,
calf,maxmonth_pre,-0.10356186504424218,0.007289218622761222,,
grief,maxmonth_pre,-0.10348048090548016,0.031265245443467794,,
resident,maxmonth_pre,-0.10342948546876306,0.052296734238888365,,
bucket,maxmonth_pre,-0.103260396426833,0.018427151732684072,,
gas,maxmonth_pre,-0.10325074540401112,0.1305370058344179,,
hospital,maxmonth_pre,-0.10278590956954138,0.092190768978564,,
herd,maxmonth_pre,-0.10276791741494923,0.023604638870506834,,
role,maxmonth_pre,-0.1026596016156182,0.10389454682817434,,
jet,maxmonth_pre,-0.10246917539749176,0.07568595446939347,,
rape,maxmonth_pre,-0.10242504842410227,0.065823804608714,,
robe,maxmonth_pre,-0.10233054622115437,0.12664687052526913,,
rail,maxmonth_pre,-0.10224169981454555,0.06715880044153003,,
idiom,maxmonth_pre,-0.10179698353218103,0.2818998484857785,,
paint,maxmonth_pre,-0.10105927592096818,0.007471263307080025,,
crane,maxmonth_pre,-0.10097547271246562,0.02577341494760867,,
target,maxmonth_pre,-0.10079522857518464,0.15120204818804697,,
bread,maxmonth_pre,-0.10041758981125935,0.008596503393714526,,
century,maxmonth_pre,-0.10025140724417622,0.10989688587365361,,
sport,maxmonth_pre,-0.10000166942815884,0.07638351148189564,,
fork,maxmonth_pre,-0.09990167418241049,0.01344949823329902,,
flap,maxmonth_pre,-0.09982160761192972,0.026243715521589422,,
pause,maxmonth_pre,-0.09980834580744782,0.08405975758472344,,
page,maxmonth_pre,-0.09923920291538946,0.027141232512713366,,
data,maxmonth_pre,-0.09894651186316102,0.1516249247908067,,
issue,maxmonth_pre,-0.09863605645127642,0.028663646478628194,,
choice,maxmonth_pre,-0.0982505219165325,0.012109876892339267,,
officer,maxmonth_pre,-0.09818918226647463,0.0722275099059454,,
institute,maxmonth_pre,-0.09756333247195981,0.10384048796456781,,
fore,maxmonth_pre,-0.0974333510125747,0.12455504956616613,,
trip,maxmonth_pre,-0.09727914220900283,0.02174729944747309,,
polish,maxmonth_pre,-0.09710712216939943,0.03216260745382457,,
council,maxmonth_pre,-0.09701487689693443,0.05766083718961782,,
draft,maxmonth_pre,-0.0969632234703368,0.061045368208100144,,
scream,maxmonth_pre,-0.0962706029397989,0.03377432919782381,,
carpet,maxmonth_pre,-0.0962051941766791,0.0752263101755005,,
tug,maxmonth_pre,-0.09604065943965807,0.12447838038739781,,
breakfast,maxmonth_pre,-0.09593445295370946,0.07958667963243894,,
pin,maxmonth_pre,-0.0952366470083938,0.03486750092615431,,
paste,maxmonth_pre,-0.09522062071274254,0.07918213328289667,,
print,maxmonth_pre,-0.0940664719586806,0.04490018698271269,,
basin,maxmonth_pre,-0.09394496892181466,0.02428925768487426,,
beer,maxmonth_pre,-0.09352729020333117,0.21067369516404166,,
sadness,maxmonth_pre,-0.09351609299392331,0.08381573030247823,,
street,maxmonth_pre,-0.09333190191349558,0.10299511197856247,,
inquiry,maxmonth_pre,-0.09314742707849247,0.07985504487341301,,
report,maxmonth_pre,-0.09295915407537034,0.013768839394741968,,
claim,maxmonth_pre,-0.0928067525471077,0.03939469829971432,,
wine,maxmonth_pre,-0.09240591423372045,0.135003899036883,,
window,maxmonth_pre,-0.0922101641936868,0.011245273934937447,,
lad,maxmonth_pre,-0.0918971694127288,0.12870214708042968,,
trail,maxmonth_pre,-0.0916730006764299,0.09792762337020923,,
president,maxmonth_pre,-0.091590499961304625,0.18575622051318108,,
rash,maxmonth_pre,-0.09158534997927051,0.02185705100471864,,
scalp,maxmonth_pre,-0.09151026786597005,0.17197836949892817,,
legend,maxmonth_pre,-0.09136712396919713,0.1026586324797942,,
shirt,maxmonth_pre,-0.09129894499932152,0.07966626381007189,,
march,maxmonth_pre,-0.09049925165566881,0.012963504138458906,,
project,maxmonth_pre,-0.09035616207789415,0.02877815261630322,,
file,maxmonth_pre,-0.09033018484262048,0.023308364406370036,,
stab,maxmonth_pre,-0.0902947789139919,0.04097726361233937,,
rut,maxmonth_pre,-0.09005518902479115,0.11946365808190663,,
carrier,maxmonth_pre,-0.09004680431172495,0.10345308377921988,,
grammar,maxmonth_pre,-0.08974623871538143,0.11594606491312824,,
score,maxmonth_pre,-0.08959794246484154,0.16147392669010982,,
flight,maxmonth_pre,-0.08948517764612468,0.03762301378356333,,
curtain,maxmonth_pre,-0.08915701817942161,0.061177094677477534,,
teaching,maxmonth_pre,-0.08889821196336366,0.031069737837836037,,
heel,maxmonth_pre,-0.08882999767531795,8.5796352144028e-4,,
suspect,maxmonth_pre,-0.0885127464086405,0.02834466477784084,,
communication,maxmonth_pre,-0.08842050978373056,0.13798969673251127,,
organization,maxmonth_pre,-0.08818645740127576,0.2554178869117682,,
fuel,maxmonth_pre,-0.08815039273744073,0.07838931903940857,,
swimming,maxmonth_pre,-0.08732314776940606,0.04285789227816656,,
diamond,maxmonth_pre,-0.08725927544780748,0.10204932228238621,,
fog,maxmonth_pre,-0.08696908529819143,0.031991303174296444,,
approach,maxmonth_pre,-0.08694014291210757,0.005771325388147373,,
profession,maxmonth_pre,-0.08681258123901299,0.13580149429932314,,
stuff,maxmonth_pre,-0.08676776068808117,0.053079798053230716,,
situation,maxmonth_pre,-0.08664705468411456,0.07132331888221187,,
treatment,maxmonth_pre,-0.08653819393336452,0.05609295391580321,,
mail,maxmonth_pre,-0.08627497367599808,0.1215441794483475,,
insult,maxmonth_pre,-0.08618619361602192,0.054061609340907965,,
mattress,maxmonth_pre,-0.08615769478375858,0.1079076862751546,,
belt,maxmonth_pre,-0.0858643236718989,0.014000945495248222,,
delight,maxmonth_pre,-0.08586163529151447,0.13963852465370452,,
goodbye,maxmonth_pre,-0.08574770078200962,0.3715188602111013,,
drug,maxmonth_pre,-0.08541274795660432,0.18982956877926843,,
spade,maxmonth_pre,-0.08540945450592557,0.07587318094475771,,
pop,maxmonth_pre,-0.08523074801757481,0.15648319330832966,,
bond,maxmonth_pre,-0.08509622308223644,0.12346082392447824,,
territory,maxmonth_pre,-0.08496614222549126,0.10662684789878199,,
rank,maxmonth_pre,-0.08493795981317816,0.10131698994616072,,
hoop,maxmonth_pre,-0.08454145562025213,0.1833724066715068,,
idea,maxmonth_pre,-0.08445469970464496,0.04880223207899613,,
minister,maxmonth_pre,-0.0843424093574498,0.15800151207961272,,
trace,maxmonth_pre,-0.08406882671422504,0.04430441228493302,,
jail,maxmonth_pre,-0.08405242886517901,0.04184007441376571,,
torture,maxmonth_pre,-0.08405006095949007,0.15822776586799,,
descendant,maxmonth_pre,-0.0838383270073973,0.1083494016799295,,
defense,maxmonth_pre,-0.08377451350614268,0.10629503645877586,,
room,maxmonth_pre,-0.08356590953462663,0.0201820981888576,,
plug,maxmonth_pre,-0.08289400258735227,0.12708835121635698,,
evidence,maxmonth_pre,-0.08282897628116655,0.05334028574801896,,
daylight,maxmonth_pre,-0.0827761929085067,0.12318823210441165,,
plum,maxmonth_pre,-0.08256057211756752,0.22928079988870703,,
breed,maxmonth_pre,-0.08248219822363599,0.06547099896298231,,
maker,maxmonth_pre,-0.08236283265030907,0.0931766668098175,,
pocket,maxmonth_pre,-0.08198122351265984,0.04510511665548729,,
football,maxmonth_pre,-0.08196527353358982,0.3522064971785329,,
dialect,maxmonth_pre,-0.08194842815388231,0.23278943026382404,,
hedge,maxmonth_pre,-0.08151270186047181,0.20092272661979194,,
construction,maxmonth_pre,-0.08139134829905605,0.10315321961350288,,
army,maxmonth_pre,-0.08135865275470863,0.16555735903101787,,
temperature,maxmonth_pre,-0.08133790108151073,0.22042166743566285,,
cord,maxmonth_pre,-0.08126924428181247,0.020364182318303697,,
vegetation,maxmonth_pre,-0.08087651499414299,0.16376024349042417,,
sparkle,maxmonth_pre,-0.08080844089542373,0.15850565724370078,,
location,maxmonth_pre,-0.08042062829008037,0.26887108240370444,,
table,maxmonth_pre,-0.08030030543114869,0.04028933936481841,,
socket,maxmonth_pre,-0.08025410662102377,0.1280823701139356,,
fright,maxmonth_pre,-0.07989555185877886,0.06192116757403095,,
coast,maxmonth_pre,-0.07966029902891941,0.21803419592625348,,
accident,maxmonth_pre,-0.0796177116581785,0.05643422750105127,,
apple,maxmonth_pre,-0.07944168750408748,0.042571150626548857,,
purse,maxmonth_pre,-0.07942421580005889,0.06666200877702722,,
copy,maxmonth_pre,-0.07924832477972797,0.0735925094887929,,
butter,maxmonth_pre,-0.07914479212507103,0.10683606776271831,,
retreat,maxmonth_pre,-0.07907135493074112,0.1105925923276032,,
rattle,maxmonth_pre,-0.07902350317006135,0.0910184122784251,,
pant,maxmonth_pre,-0.0784301415941374,0.07067499512391788,,
band,maxmonth_pre,-0.07839335503611017,0.04649745846378447,,
department,maxmonth_pre,-0.07834642775585882,0.2620853178387514,,
study,maxmonth_pre,-0.07815889212239477,0.08091302709931489,,
kick,maxmonth_pre,-0.07811837496276558,0.026156290291491847,,
east,maxmonth_pre,-0.07811830337140802,0.03624096408332169,,
skirt,maxmonth_pre,-0.07801874322043471,0.10651306479569109,,
limp,maxmonth_pre,-0.07777093828960069,0.047643826420577434,,
grant,maxmonth_pre,-0.07757976622819185,0.09906323988900287,,
prince,maxmonth_pre,-0.07745402170325043,0.25131275001411757,,
fact,maxmonth_pre,-0.07744789327983646,0.040806958825773815,,
brook,maxmonth_pre,-0.0772194451829609,0.21631337844774445,,
crease,maxmonth_pre,-0.07721166403127223,0.18094086637216344,,
hunt,maxmonth_pre,-0.07674423872750498,0.0735137165392859,,
lighting,maxmonth_pre,-0.07674077430852938,0.11193321238181733,,
trouser,maxmonth_pre,-0.07660750953652692,0.15348882311456136,,
moan,maxmonth_pre,-0.07649107387327837,0.04685094745308062,,
cigarette,maxmonth_pre,-0.07623190073183629,0.31457782363927145,,
envelope,maxmonth_pre,-0.0762259579238705,1,,
reprimand,maxmonth_pre,-0.07612349967047709,0.2019333176302523,,
eagle,maxmonth_pre,-0.07604819859136686,0.07044049525181621,,
fun,maxmonth_pre,-0.07600736945102846,0.09002631997265612,,
painting,maxmonth_pre,-0.07596414826158815,0.21319843651292908,,
baking,maxmonth_pre,-0.0758162235293138,0.2222704411820933,,
capital,maxmonth_pre,-0.07564529224226761,0.12964032808634418,,
nickname,maxmonth_pre,-0.07563745143128928,0.29723003937810827,,
whip,maxmonth_pre,-0.07546739545542885,0.04283837994610425,,
information,maxmonth_pre,-0.07525489237780127,0.06986960427846964,,
dent,maxmonth_pre,-0.07523788776970577,0.23506022325129844,,
clot,maxmonth_pre,-0.07511963003928397,0.16824580130235056,,
vinegar,maxmonth_pre,-0.0748820162423901,0.1873745582008668,,
ease,maxmonth_pre,-0.07487712333703073,0.06670607470003284,,
hack,maxmonth_pre,-0.07444588789662945,0.18765041604557764,,
lake,maxmonth_pre,-0.07429822992450011,0.09606485027337652,,
tax,maxmonth_pre,-0.07415291154962016,0.10174766314752816,,
accent,maxmonth_pre,-0.07404861130559745,0.25856729479469653,,
host,maxmonth_pre,-0.07385320556201593,0.12337808054006066,,
possibility,maxmonth_pre,-0.07381217948261877,0.13026061954183435,,
rage,maxmonth_pre,-0.07376727868147831,0.14681156548896515,,
tent,maxmonth_pre,-0.07365477410931527,0.12391616875367993,,
tool,maxmonth_pre,-0.07353711894044009,0.06604191892869252,,
battle,maxmonth_pre,-0.07346725550059686,0.13243472843286888,,
rooster,maxmonth_pre,-0.07325595053818995,0.4447507238712001,,
method,maxmonth_pre,-0.07310592667667325,0.14563636167771796,,
plow,maxmonth_pre,-0.07294211409630552,0.15230645795603556,,
stitch,maxmonth_pre,-0.07293615852977349,0.1251967170546462,,
loop,maxmonth_pre,-0.07235256111695818,0.1719239177907837,,
spin,maxmonth_pre,-0.07233348311123897,0.08005925369811429,,
link,maxmonth_pre,-0.07228212115491785,0.13962317384676598,,
guitar,maxmonth_pre,-0.07216633533512981,0.29378478616867304,,
braid,maxmonth_pre,-0.07211285600056995,0.16145520278874648,,
cost,maxmonth_pre,-0.0719385211798318,0.1194085256015421,,
tomato,maxmonth_pre,-0.07175045538446424,0.3339634097398584,,
success,maxmonth_pre,-0.07173668030992011,0.07192415370072158,,
wake,maxmonth_pre,-0.07166746800951745,0.1101866748389537,,
craft,maxmonth_pre,-0.07162622813819815,0.18506606678929421,,
appendix,maxmonth_pre,-0.0714755803983983,0.384718499722158,,
history,maxmonth_pre,-0.071462838803468,0.12575938135679773,,
chair,maxmonth_pre,-0.07139144323316117,0.0644697140362699,,
gutter,maxmonth_pre,-0.07134952908709871,0.21398291239445752,,
escort,maxmonth_pre,-0.07132238194255593,0.25450703366029254,,
spill,maxmonth_pre,-0.07121355525724574,0.12773312362080214,,
mouse,maxmonth_pre,-0.07105310462129905,0.0612534570416412,,
police,maxmonth_pre,-0.07097232159577237,0.28580172074884563,,
rake,maxmonth_pre,-0.07075455130749049,0.1323336360282668,,
country,maxmonth_pre,-0.07071592610417629,0.06342977436424369,,
puppy,maxmonth_pre,-0.07061572660177824,0.2566386247922496,,
player,maxmonth_pre,-0.07049918333896817,0.21524535118057758,,
baggage,maxmonth_pre,-0.07043116582845452,0.21713701800145868,,
peak,maxmonth_pre,-0.07027203490550543,0.09515909587866382,,
rent,maxmonth_pre,-0.06974611579459404,0.12063338790039234,,
landing,maxmonth_pre,-0.06950591858644102,0.2887903630262548,,
rumble,maxmonth_pre,-0.06949557684812792,0.25504544803107554,,
tribe,maxmonth_pre,-0.06935178126811578,0.2714485222198316,,
assault,maxmonth_pre,-0.06923368668622562,0.1624592951186922,,
element,maxmonth_pre,-0.06905782965889147,0.29646409845052274,,
dusk,maxmonth_pre,-0.06893051793453442,0.14559159340746092,,
sparrow,maxmonth_pre,-0.0688313081942136,0.17266265824596672,,
trial,maxmonth_pre,-0.06847372112903095,0.24418989233571844,,
neglect,maxmonth_pre,-0.06826216065210208,0.10025350147465019,,
hour,maxmonth_pre,-0.06804482011612348,0.06437365428368254,,
route,maxmonth_pre,-0.06791406829681894,0.14988418916948684,,
discipline,maxmonth_pre,-0.06789655610918184,0.21164815472509976,,
slide,maxmonth_pre,-0.06786275625833234,0.1339362115375834,,
occurrence,maxmonth_pre,-0.06776942754825084,0.24821143951769534,,
handkerchief,maxmonth_pre,-0.0676903597491926,0.03433479116220681,,
hat,maxmonth_pre,-0.06763567621160789,0.07002618196864828,,
pool,maxmonth_pre,-0.06754151961566345,0.08861658129396717,,
objective,maxmonth_pre,-0.06735799665718128,0.3357429389164136,,
error,maxmonth_pre,-0.06720550386601114,0.12286069505712172,,
guide,maxmonth_pre,-0.06712283293996806,0.04242992093826656,,
despair,maxmonth_pre,-0.0670759819371662,0.20224791287061536,,
keeper,maxmonth_pre,-0.06701420211972348,0.22786293156560844,,
concern,maxmonth_pre,-0.06685040155989293,0.1150976064907238,,
job,maxmonth_pre,-0.06683555881280469,0.15925816960957037,,
beast,maxmonth_pre,-0.06664846294618518,0.23174622250678906,,
agent,maxmonth_pre,-0.06663847764534599,0.2395585222242454,,
lever,maxmonth_pre,-0.06660434665144757,0.23970633362324978,,
eve,maxmonth_pre,-0.06654585794693564,0.31930254386290435,,
mast,maxmonth_pre,-0.06645518756020574,0.27271003172663005,,
pill,maxmonth_pre,-0.06644689155406429,0.19067913626982902,,
warrior,maxmonth_pre,-0.06638813636529022,0.2963292232524871,,
operation,maxmonth_pre,-0.06633104215199997,0.22127754258186655,,
map,maxmonth_pre,-0.06632438198373229,0.32493395828252725,,
veil,maxmonth_pre,-0.0662411287749826,0.24283901225600885,,
yarn,maxmonth_pre,-0.06621120783665375,0.2787644996279575,,
credit,maxmonth_pre,-0.06607396179876597,0.2504768399567987,,
representative,maxmonth_pre,-0.06583990357639244,0.17573680392819563,,
rock,maxmonth_pre,-0.0654798759010666,0.06770054225148053,,
muscle,maxmonth_pre,-0.06527182276663492,0.08629069280911894,,
wrinkle,maxmonth_pre,-0.06524672280048464,0.10313268759990762,,
justice,maxmonth_pre,-0.06524197802873545,0.17388101064379657,,
sewing,maxmonth_pre,-0.06513302771693769,0.14916964623226522,,
kiss,maxmonth_pre,-0.0648199657100942,0.08173896508866223,,
broth,maxmonth_pre,-0.06461620419053413,0.26027636608017085,,
verse,maxmonth_pre,-0.06453362244673436,0.2667278783346706,,
clerk,maxmonth_pre,-0.06440615180696528,0.23522133573780063,,
office,maxmonth_pre,-0.06434844449054601,0.21587499445357147,,
brain,maxmonth_pre,-0.06434085003833778,0.05883854723994901,,
feature,maxmonth_pre,-0.06429872687543323,0.15770467377404923,,
hut,maxmonth_pre,-0.06418415268603107,0.22327988793530862,,
devil,maxmonth_pre,-0.0639996551773168,0.19513000339477213,,
mile,maxmonth_pre,-0.06393551854783369,0.2298998317107521,,
hall,maxmonth_pre,-0.06392931367601322,0.2928495548475787,,
wedding,maxmonth_pre,-0.06388451936833328,0.27012474192757524,,
nurse,maxmonth_pre,-0.06368674776095544,0.0781547093739692,,
oven,maxmonth_pre,-0.06367932927841323,0.3598211358125665,,
party,maxmonth_pre,-0.06344905476136693,0.1543307446458796,,
rag,maxmonth_pre,-0.06330410351015435,0.1160477752522072,,
reality,maxmonth_pre,-0.06311389830261402,0.22972998097710326,,
gossip,maxmonth_pre,-0.06302570429785219,0.16344900908281848,,
drift,maxmonth_pre,-0.06299604108681173,0.2701318784844717,,
til,maxmonth_pre,-0.06289875746414399,0.42906024095542955,,
exit,maxmonth_pre,-0.06282928662150788,0.2772445067007681,,
pebble,maxmonth_pre,-0.06254590045656394,0.12456715722201715,,
stink,maxmonth_pre,-0.06224098179194602,0.12103070187910825,,
harm,maxmonth_pre,-0.06216594622243828,0.10226470142932367,,
heir,maxmonth_pre,-0.06216220330924754,0.202847941635158,,
glass,maxmonth_pre,-0.06182794761438505,0.06485960265262063,,
meat,maxmonth_pre,-0.06179704406247129,0.0553006115344594,,
date,maxmonth_pre,-0.06178517710765655,0.12818603678942814,,
board,maxmonth_pre,-0.06165979795050721,0.12132118766228052,,
task,maxmonth_pre,-0.06144242447791759,0.10758762942083569,,
encounter,maxmonth_pre,-0.061266374651764946,0.13374984983825164,,
music,maxmonth_pre,-0.061080251653427814,0.2187689990362255,,
preface,maxmonth_pre,-0.06105865996606588,0.15959884081571976,,
hail,maxmonth_pre,-0.06103797645496975,0.12478768244652268,,
wrath,maxmonth_pre,-0.06075146905306837,0.2649149888549701,,
mistake,maxmonth_pre,-0.060700920460930334,0.050465252570908066,,
flag,maxmonth_pre,-0.06065956563148301,0.14347914873929044,,
bolt,maxmonth_pre,-0.060645095830275594,0.12088262935904598,,
signal,maxmonth_pre,-0.06049322329459216,0.22933027851645654,,
memory,maxmonth_pre,-0.06040445194796367,0.09562988954598772,,
orphan,maxmonth_pre,-0.06039594401167097,0.13323694341440348,,
gravel,maxmonth_pre,-0.060298260093308645,0.1296046653466149,,
peanut,maxmonth_pre,-0.06023575378741989,0.5594999225591364,,
control,maxmonth_pre,-0.060198958340649554,0.17099329947353292,,
exhibit,maxmonth_pre,-0.060066279403241454,0.27978958027174544,,
smear,maxmonth_pre,-0.060035942975299114,0.19292890273627283,,
bull,maxmonth_pre,-0.05990355626438338,0.163621457530929,,
explanation,maxmonth_pre,-0.05945825125983802,0.17156234264202525,,
court,maxmonth_pre,-0.05930939943240921,0.15700677820710116,,
title,maxmonth_pre,-0.0592458937525309,0.3035977194563334,,
blanket,maxmonth_pre,-0.059189315795591106,0.23104155749531796,,
plane,maxmonth_pre,-0.05880410983553026,0.16906437753377007,,
pearl,maxmonth_pre,-0.0587997660058301,0.3275859760666531,,
screw,maxmonth_pre,-0.05877459933241293,0.2693509740938466,,
wail,maxmonth_pre,-0.058707915856175796,0.2317796097120882,,
expert,maxmonth_pre,-0.05854084230227867,0.25004700245864253,,
attack,maxmonth_pre,-0.05849916138646174,0.09161304661698311,,
usage,maxmonth_pre,-0.05841374987200046,0.3258187565174039,,
selection,maxmonth_pre,-0.05825089028047965,0.21198318290170762,,
energy,maxmonth_pre,-0.05816466389528581,0.27891853954763696,,
artery,maxmonth_pre,-0.05814988857154619,0.2037493393692566,,
merit,maxmonth_pre,-0.05813704677161246,0.3605873154512862,,
cry,maxmonth_pre,-0.058017764742415774,0.3340725762322547,,
dish,maxmonth_pre,-0.05787514534831119,0.07575960721924171,,
literature,maxmonth_pre,-0.0577894054419204,0.3806868172356552,,
beard,maxmonth_pre,-0.05768719987204366,0.05297739506402912,,
bone,maxmonth_pre,-0.05756924308721994,0.02445787147439337,,
bid,maxmonth_pre,-0.05745382285982001,0.3355174677037023,,
assistance,maxmonth_pre,-0.05744299920956629,0.15866502494552503,,
staff,maxmonth_pre,-0.05733162066813476,0.20275878431783417,,
killer,maxmonth_pre,-0.05715150144057323,0.3701396695530472,,
bowl,maxmonth_pre,-0.05706930269332916,0.1639679271821834,,
pie,maxmonth_pre,-0.057042662022242945,0.44562363142861117,,
passenger,maxmonth_pre,-0.0568213194746724,0.4015187676394383,,
milk,maxmonth_pre,-0.05657327076670478,0.08617696690009205,,
whirl,maxmonth_pre,-0.05610591213834748,0.2730742756748806,,
bosom,maxmonth_pre,-0.05595369072006043,0.28322393610003194,,
flint,maxmonth_pre,-0.05594504703365828,0.3445850420215492,,
experience,maxmonth_pre,-0.055741853165904874,0.12524300400572697,,
gland,maxmonth_pre,-0.05573306889771818,0.27234673872945825,,
limit,maxmonth_pre,-0.05561929850730115,0.194342992885555,,
ham,maxmonth_pre,-0.05556361772805162,0.4547272770629509,,
shaft,maxmonth_pre,-0.05556021938239365,0.28721315028474476,,
visit,maxmonth_pre,-0.05542143128251605,0.06145348984553942,,
leap,maxmonth_pre,-0.05524440125136537,0.1976090610830141,,
occupation,maxmonth_pre,-0.055137880584738695,0.2313220524814316,,
collapse,maxmonth_pre,-0.055118644851399584,0.3029092904255806,,
interpretation,maxmonth_pre,-0.05500316636840872,0.36739772110225466,,
stagger,maxmonth_pre,-0.05497621334293646,0.2124465220935838,,
distribution,maxmonth_pre,-0.054943166654195276,0.3116824259190815,,
distinction,maxmonth_pre,-0.05476416186749816,0.20051671390718753,,
expense,maxmonth_pre,-0.05458560225519823,0.31913954117142984,,
robber,maxmonth_pre,-0.05457764671599068,0.20942315961953614,,
smack,maxmonth_pre,-0.05453639682396634,0.3877577715490337,,
crust,maxmonth_pre,-0.05425614049419833,0.29507389250926847,,
prisoner,maxmonth_pre,-0.05424787310404328,0.19786103470934396,,
storm,maxmonth_pre,-0.05421968729896391,0.11874848557991191,,
observation,maxmonth_pre,-0.05403194756107062,0.297146026497124,,
trench,maxmonth_pre,-0.053938285802753054,0.24755488179176732,,
pencil,maxmonth_pre,-0.05376956858244164,0.22983141147621228,,
idiot,maxmonth_pre,-0.05376689663348686,0.36497250109453566,,
cloud,maxmonth_pre,-0.0536478124245551,0.06401389973266229,,
gulp,maxmonth_pre,-0.053636451660171044,0.33544518173479565,,
tendon,maxmonth_pre,-0.05344216847178844,0.29006864349412276,,
burden,maxmonth_pre,-0.05341303037137733,0.2266569444293572,,
reason,maxmonth_pre,-0.053028784638021666,0.016231751998560823,,
bug,maxmonth_pre,-0.05285795706258053,0.29959352954830154,,
flock,maxmonth_pre,-0.052854474408480324,0.17148556214697858,,
fountain,maxmonth_pre,-0.05283103480206163,0.3320853760766871,,
pasture,maxmonth_pre,-0.052786446658006456,0.34172230437202367,,
benefit,maxmonth_pre,-0.05256031549769304,0.22867891866202644,,
cap,maxmonth_pre,-0.05230262926205528,0.18849694159540556,,
chant,maxmonth_pre,-0.052236356292579215,0.5004861228967659,,
healing,maxmonth_pre,-0.052061873617261493,0.2722429216496883,,
bed,maxmonth_pre,-0.05202481733593423,0.024655598505075704,,
equivalent,maxmonth_pre,-0.05197795664612719,0.19078786335882458,,
cart,maxmonth_pre,-0.05190841463072817,0.3271943749812354,,
garbage,maxmonth_pre,-0.05190064916043269,0.45939445935274553,,
sunlight,maxmonth_pre,-0.051864607473907864,0.39956004470253825,,
master,maxmonth_pre,-0.05172546128083753,0.13510433274876701,,
quarter,maxmonth_pre,-0.05168378379998577,0.14836079021960727,,
service,maxmonth_pre,-0.051659767186650524,0.20561840804676623,,
chat,maxmonth_pre,-0.05161020784216701,0.3758156778184691,,
opinion,maxmonth_pre,-0.05148902420737943,0.22195511774150817,,
patient,maxmonth_pre,-0.0512240600461313,0.22639151938557348,,
purchase,maxmonth_pre,-0.051184779488514236,0.23205806191697945,,
photograph,maxmonth_pre,-0.050806761347205576,0.3507264972701541,,
science,maxmonth_pre,-0.05078345002325217,0.43692424242923367,,
material,maxmonth_pre,-0.050729863297579565,0.13378715189955567,,
bog,maxmonth_pre,-0.05067517217203146,0.4431167897913397,,
needle,maxmonth_pre,-0.0505598348292625,0.06883120631743853,,
papa,maxmonth_pre,-0.05054606689055885,0.5794894824492312,,
attitude,maxmonth_pre,-0.05049943633204687,0.3355283119084413,,
hero,maxmonth_pre,-0.05046958597272665,0.3407680365523599,,
soldier,maxmonth_pre,-0.05045926576982257,0.1922519257268167,,
mate,maxmonth_pre,-0.05044266813709785,0.32497161902685523,,
noon,maxmonth_pre,-0.05015719104217347,0.11396607040607049,,
affair,maxmonth_pre,-0.050131708597334776,0.3081108408374351,,
helper,maxmonth_pre,-0.0498827207251395,0.29972477614865234,,
gratitude,maxmonth_pre,-0.04986829882949155,0.2999945452939302,,
manure,maxmonth_pre,-0.04956702225889158,0.3199077394110205,,
tick,maxmonth_pre,-0.049549830017646214,0.32976176271051977,,
shower,maxmonth_pre,-0.04953521588301211,0.23615588987340197,,
suggestion,maxmonth_pre,-0.04915244475436956,0.3297929193947698,,
rule,maxmonth_pre,-0.049131954579990346,0.21792665003161565,,
candle,maxmonth_pre,-0.0491008266627723,0.31542346536381116,,
track,maxmonth_pre,-0.04909746552533499,0.20511492490560554,,
separation,maxmonth_pre,-0.04898796765475526,0.3695080744491032,,
bang,maxmonth_pre,-0.048787552945558255,0.5053258001652783,,
gap,maxmonth_pre,-0.048735958671783555,0.3416298688278797,,
holder,maxmonth_pre,-0.04873403563557278,0.35829838026762895,,
whisper,maxmonth_pre,-0.04858746841061059,0.17810858830695508,,
demand,maxmonth_pre,-0.04826915714986312,0.30440804322813675,,
tongue,maxmonth_pre,-0.048149533097822855,0.021764633325508962,,
eater,maxmonth_pre,-0.04798258033926669,0.3731561724623509,,
pen,maxmonth_pre,-0.04795474755567295,0.2713602364014991,,
commission,maxmonth_pre,-0.04780796749649468,0.40968026604229263,,
motor,maxmonth_pre,-0.04775545970543481,0.5106250364681215,,
sink,maxmonth_pre,-0.04751449738483402,0.13655855581359594,,
treasure,maxmonth_pre,-0.04748688055886464,0.373893475618616,,
canal,maxmonth_pre,-0.047444746069984445,0.4465785613794507,,
opponent,maxmonth_pre,-0.04736478318519709,0.33917822912385465,,
brush,maxmonth_pre,-0.04729332056242525,0.20588793837604621,,
counsel,maxmonth_pre,-0.04710277542711801,0.40416264809049945,,
accord,maxmonth_pre,-0.04709842130116317,0.3489809019721015,,
duck,maxmonth_pre,-0.04708605480435351,0.17739161011652352,,
onion,maxmonth_pre,-0.04704672269741953,0.24049111192715927,,
sweat,maxmonth_pre,-0.047003445823039995,0.15575994312024785,,
glance,maxmonth_pre,-0.046822640415621446,0.28629306139687916,,
brace,maxmonth_pre,-0.046818806130266656,0.41553364329196574,,
thought,maxmonth_pre,-0.046746062717729436,0.33735651332131633,,
attempt,maxmonth_pre,-0.04623758207311328,0.1862129757185918,,
announcement,maxmonth_pre,-0.04610540619339966,0.43295227136907244,,
system,maxmonth_pre,-0.0460799998391431,0.39503790692724894,,
mourning,maxmonth_pre,-0.046078016772825615,0.34096663532296395,,
neighbor,maxmonth_pre,-0.04603641897803232,0.25125293811708144,,
gamble,maxmonth_pre,-0.04596262348086666,0.4657721501066718,,
pattern,maxmonth_pre,-0.045915795674563026,0.3045190293072532,,
pupil,maxmonth_pre,-0.04564863875026136,0.22074641472837614,,
question,maxmonth_pre,-0.04562457872670834,0.08824019838212274,,
bill,maxmonth_pre,-0.045456561521044235,0.3924963132135955,,
consumption,maxmonth_pre,-0.04537058275086256,0.3001760861149585,,
circumstance,maxmonth_pre,-0.0453598446567574,0.34471927967755234,,
ion,maxmonth_pre,-0.045284975586614665,0.5836400173150273,,
evening,maxmonth_pre,-0.04521848508318948,0.07266631529774273,,
burrow,maxmonth_pre,-0.045198445309213506,0.46501835655033674,,
bitch,maxmonth_pre,-0.04519002375675278,0.3641384540255148,,
figure,maxmonth_pre,-0.04509619890823179,0.30991220069580083,,
toy,maxmonth_pre,-0.04509028659760396,0.31218700183522496,,
paper,maxmonth_pre,-0.0449942392319013,0.20390835795126958,,
introduction,maxmonth_pre,-0.04498315964253739,0.22629976606666974,,
vein,maxmonth_pre,-0.04484464619288696,0.1348639787225087,,
cargo,maxmonth_pre,-0.044747975905151345,0.47942003723927373,,
penalty,maxmonth_pre,-0.044730012273267956,0.38488525989113626,,
wire,maxmonth_pre,-0.04455751809242243,0.2764338378991155,,
marble,maxmonth_pre,-0.044555931711514875,0.4961483416960249,,
intent,maxmonth_pre,-0.044519319834023637,0.4266033043141839,,
remnant,maxmonth_pre,-0.044479042980091824,0.3824639848011736,,
health,maxmonth_pre,-0.04444766306966569,0.17739974951165696,,
peer,maxmonth_pre,-0.044287248158044766,0.42179279723959584,,
spouse,maxmonth_pre,-0.04423902400045272,0.5286281467011781,,
overflow,maxmonth_pre,-0.04408020187249122,0.28799647780367177,,
function,maxmonth_pre,-0.04365391727117723,0.35783625393572427,,
nap,maxmonth_pre,-0.043548834424744616,0.506695485700297,,
wind,maxmonth_pre,-0.04301562375406458,0.04830603196680166,,
kidney,maxmonth_pre,-0.04282198492941622,0.20980073443525402,,
van,maxmonth_pre,-0.04260119617347049,0.6052805636260364,,
joy,maxmonth_pre,-0.04257907217237959,0.28258388286865826,,
spelling,maxmonth_pre,-0.042484443846915125,0.5292334001409148,,
struggle,maxmonth_pre,-0.04214499712709815,0.3134792971609933,,
partner,maxmonth_pre,-0.04185390059641057,0.3022883079574413,,
sway,maxmonth_pre,-0.04180419747391721,0.3133422588928622,,
quail,maxmonth_pre,-0.04177134565013155,0.4107531846706537,,
sequence,maxmonth_pre,-0.041687135201481394,0.5715563834127783,,
cabbage,maxmonth_pre,-0.04167950264691229,0.48775112832785567,,
yoke,maxmonth_pre,-0.041674581170892434,0.42868488234363866,,
garment,maxmonth_pre,-0.04164926936144574,0.4320430958648663,,
prophet,maxmonth_pre,-0.04157053225820049,0.48175574246238273,,
bruise,maxmonth_pre,-0.041513468712721005,0.3265931087605345,,
parcel,maxmonth_pre,-0.04145457315853497,0.4474327283515004,,
lock,maxmonth_pre,-0.04126206852499986,0.14951413230846836,,
fame,maxmonth_pre,-0.041216766734656456,0.4343767778761773,,
grandson,maxmonth_pre,-0.04059140701249031,0.4835052236098405,,
competition,maxmonth_pre,-0.040520778355542485,0.4826980490319431,,
chin,maxmonth_pre,-0.04047570527079285,0.3016849813235584,,
bank,maxmonth_pre,-0.04033173976652551,0.1926348690939321,,
missionary,maxmonth_pre,-0.04027141806335253,0.5511536274315413,,
value,maxmonth_pre,-0.04026654392309659,0.22499928505147668,,
crowd,maxmonth_pre,-0.040236401819950855,0.2849332144906932,,
kindness,maxmonth_pre,-0.04022610624160509,0.3956585971149324,,
trim,maxmonth_pre,-0.04001806544374469,0.34547849783607654,,
lung,maxmonth_pre,-0.039868237717572357,0.26336827601919444,,
skill,maxmonth_pre,-0.039808852026594004,0.3092966714899672,,
creature,maxmonth_pre,-0.03975597910469519,0.28523405317522627,,
channel,maxmonth_pre,-0.039472180906893736,0.46456316239009404,,
writer,maxmonth_pre,-0.03944982535155961,0.4719848458602126,,
trash,maxmonth_pre,-0.03933996655519005,0.6140703587024949,,
heating,maxmonth_pre,-0.03933815957728253,0.4828827292471081,,
development,maxmonth_pre,-0.039315763331437915,0.431754854934244,,
minute,maxmonth_pre,-0.039278428235359875,0.35742381712078153,,
stamp,maxmonth_pre,-0.03924579406962075,0.35195799264212374,,
eyebrow,maxmonth_pre,-0.03922395166288766,0.3164194943843945,,
characteristic,maxmonth_pre,-0.03918809533578828,0.338342684449542,,
foundation,maxmonth_pre,-0.039140763293463735,0.33292991004787176,,
teacher,maxmonth_pre,-0.0389649774246932,0.3270989878518524,,
cape,maxmonth_pre,-0.03891592737873998,0.5582361232605583,,
sample,maxmonth_pre,-0.038879554321867606,0.49348881516672893,,
stroke,maxmonth_pre,-0.038817970921072864,0.34697920262069454,,
uniform,maxmonth_pre,-0.03872426568513936,0.4718504670677852,,
gate,maxmonth_pre,-0.038651021852633936,0.4169589274226446,,
exception,maxmonth_pre,-0.038559931703076304,0.3784133766416028,,
interest,maxmonth_pre,-0.03850124005849524,0.28650673508596736,,
discussion,maxmonth_pre,-0.03850007964480048,0.30617848931429054,,
ball,maxmonth_pre,-0.03834354566189202,0.1544326200645701,,
regret,maxmonth_pre,-0.03827430106089395,0.31349752619535554,,
shiver,maxmonth_pre,-0.03825891390128772,0.2926102039429349,,
ditch,maxmonth_pre,-0.03819273981882654,0.31654754272811503,,
mole,maxmonth_pre,-0.03812205431851445,0.435618826541428,,
silk,maxmonth_pre,-0.038093506855044666,0.4518156668705281,,
failure,maxmonth_pre,-0.038087977767800804,0.47542460415434457,,
trade,maxmonth_pre,-0.03795008018432,0.3638996372420091,,
encouragement,maxmonth_pre,-0.0374643846135955,0.44668906760232047,,
west,maxmonth_pre,-0.037172100666916875,0.317156713802615,,
doll,maxmonth_pre,-0.03717158685417473,0.4457673713125667,,
mood,maxmonth_pre,-0.03716388122385647,0.5213635671907477,,
region,maxmonth_pre,-0.036975224273184774,0.4384964703668509,,
race,maxmonth_pre,-0.03694739890787849,0.2890625801589153,,
care,maxmonth_pre,-0.03689619113364324,0.10711374666295467,,
lantern,maxmonth_pre,-0.036694444195873185,0.4909581120707718,,
company,maxmonth_pre,-0.03663401093890989,0.3863283266229609,,
aspect,maxmonth_pre,-0.03657594086767589,0.5734625579082462,,
butt,maxmonth_pre,-0.03645905018468894,0.3181950540664072,,
chick,maxmonth_pre,-0.03644349384288279,0.5507456152686431,,
stature,maxmonth_pre,-0.036309896437338486,0.4914238239724489,,
star,maxmonth_pre,-0.03630380439602914,0.1661054566608373,,
emotion,maxmonth_pre,-0.03629569743776284,0.47504049720247676,,
disorder,maxmonth_pre,-0.03628930338695079,0.5036869839101039,,
gasp,maxmonth_pre,-0.036193562692101305,0.4745677985068426,,
leader,maxmonth_pre,-0.03618823312598941,0.29146695489850394,,
palate,maxmonth_pre,-0.03602232589949724,0.36986443188915646,,
confidence,maxmonth_pre,-0.03600200553750578,0.38619604291545984,,
doubt,maxmonth_pre,-0.0357987970999613,0.3280632104145053,,
war,maxmonth_pre,-0.03565858354276781,0.30852938881667397,,
slack,maxmonth_pre,-0.035631279222065604,0.4522228546572393,,
splash,maxmonth_pre,-0.035510714764319634,0.47863816116146507,,
guard,maxmonth_pre,-0.035438120177443945,0.2289032473580358,,
circle,maxmonth_pre,-0.03505965547191828,0.2571858157516575,,
steam,maxmonth_pre,-0.0350037618357092,0.3336330709081683,,
tear,maxmonth_pre,-0.03480181380625089,0.1291473192594738,,
book,maxmonth_pre,-0.03460207211360689,0.3265685955906285,,
estimate,maxmonth_pre,-0.03445725162552999,0.554653707235092,,
servant,maxmonth_pre,-0.034438162592546624,0.39421910199444965,,
door,maxmonth_pre,-0.034361664379392774,0.15125139935322252,,
cure,maxmonth_pre,-0.03432728876272676,0.33275183852499723,,
prayer,maxmonth_pre,-0.034276233681695314,0.46378274709553224,,
afternoon,maxmonth_pre,-0.03417476390498279,0.3998471522511313,,
reign,maxmonth_pre,-0.034153085137521556,0.4879883615450838,,
suit,maxmonth_pre,-0.03412393825205994,0.4435722138132324,,
twilight,maxmonth_pre,-0.033750481474273064,0.40835603062469006,,
coffin,maxmonth_pre,-0.03372030375224126,0.5600576724689995,,
incense,maxmonth_pre,-0.033626989903653225,0.5492930076045291,,
picture,maxmonth_pre,-0.03360953768752589,0.38152348466082103,,
illness,maxmonth_pre,-0.033596623708423264,0.404551986726583,,
capacity,maxmonth_pre,-0.03358836538669236,0.4754111920588462,,
fortune,maxmonth_pre,-0.03354509480025341,0.38566131492318134,,
smoking,maxmonth_pre,-0.033504085429145694,0.43675940038018474,,
progress,maxmonth_pre,-0.03344472317730198,0.42502849650941943,,
game,maxmonth_pre,-0.03333897019039518,0.3199148283251645,,
nun,maxmonth_pre,-0.03321618159707097,0.6281526920727954,,
drink,maxmonth_pre,-0.03320807935334832,0.19339012318243087,,
resource,maxmonth_pre,-0.03308490491326775,0.5302794311039877,,
air,maxmonth_pre,-0.033032457998976535,0.2487410087248827,,
cave,maxmonth_pre,-0.03275593977058305,0.3576369676181469,,
daybreak,maxmonth_pre,-0.03272143206373797,0.4641071471217678,,
ownership,maxmonth_pre,-0.03271893538743392,0.46886302975040034,,
fool,maxmonth_pre,-0.03264381550524898,0.4007665986635868,,
intention,maxmonth_pre,-0.03263571736862149,0.4166644424143214,,
grave,maxmonth_pre,-0.03262179557988858,0.30891117263386775,,
grandparent,maxmonth_pre,-0.03243729817386178,0.7447710325078902,,
business,maxmonth_pre,-0.03236688228231346,0.4904298482556244,,
exchange,maxmonth_pre,-0.03234619835748511,0.3142141829091179,,
content,maxmonth_pre,-0.03210933614445936,0.21417699025391826,,
expectation,maxmonth_pre,-0.032077309525914435,0.47374771818049116,,
breath,maxmonth_pre,-0.03192149029824275,0.17571782240925998,,
ignorance,maxmonth_pre,-0.031920610523329965,0.5341710973531678,,
traveler,maxmonth_pre,-0.031840748967123085,0.4744060674772593,,
risk,maxmonth_pre,-0.031754315786765464,0.588941799310698,,
palace,maxmonth_pre,-0.03162243158219407,0.6586281098460587,,
creek,maxmonth_pre,-0.03161304293540562,0.7032895650050348,,
shade,maxmonth_pre,-0.0312722323069866,0.2333849963600005,,
mold,maxmonth_pre,-0.03098825716684644,0.40047173917984996,,
printing,maxmonth_pre,-0.03092591269752203,0.6001724881373884,,
hill,maxmonth_pre,-0.03092002984236161,0.4110957315729804,,
fingernail,maxmonth_pre,-0.030875772141169894,0.7048589499924792,,
steel,maxmonth_pre,-0.030862948048213604,0.47564539681570517,,
hum,maxmonth_pre,-0.03085424391234195,0.5233942493893433,,
incline,maxmonth_pre,-0.030788838850664715,0.5526484673086497,,
society,maxmonth_pre,-0.030613126996473776,0.5364584792470363,,
fight,maxmonth_pre,-0.03056446374730902,0.2441002072102384,,
flour,maxmonth_pre,-0.03050035178044819,0.46957117486772415,,
courage,maxmonth_pre,-0.03028660159676934,0.4778688660364936,,
jam,maxmonth_pre,-0.030183335550183942,0.6441959572294864,,
liver,maxmonth_pre,-0.030161715671325993,0.3658075912082447,,
club,maxmonth_pre,-0.029884682882742375,0.4439893856831655,,
cash,maxmonth_pre,-0.029876527590381136,0.6493421155933977,,
dash,maxmonth_pre,-0.029835357907064552,0.6015300355261674,,
sweep,maxmonth_pre,-0.029780744837587088,0.342736517685321,,
chief,maxmonth_pre,-0.029665518797438797,0.7661049208580001,,
moth,maxmonth_pre,-0.029527265297737398,0.4512202510853743,,
merchant,maxmonth_pre,-0.029454023933670172,0.4857741906579389,,
span,maxmonth_pre,-0.029406142230169654,0.5678417088729989,,
conscience,maxmonth_pre,-0.0293958723974814,0.6237878825742331,,
sympathy,maxmonth_pre,-0.0293618242860766,0.5555591525749829,,
residence,maxmonth_pre,-0.029151972023933367,0.5238521733885528,,
hatchet,maxmonth_pre,-0.029143369066150965,0.568189906373738,,
pet,maxmonth_pre,-0.02902953729905312,0.5390724134343214,,
contribution,maxmonth_pre,-0.029009525698301418,0.5149105856412367,,
parting,maxmonth_pre,-0.02888725933137982,0.553173761520987,,
crop,maxmonth_pre,-0.02869159865959038,0.4932700631336637,,
angel,maxmonth_pre,-0.028666069320960573,0.5956806539857573,,
dog,maxmonth_pre,-0.028527962527630443,0.3452093622020647,,
narrative,maxmonth_pre,-0.02845675521905799,0.5292290710063368,,
hatred,maxmonth_pre,-0.028441702349951185,0.5044914804826034,,
pouch,maxmonth_pre,-0.028376936902598057,0.570085520798855,,
flow,maxmonth_pre,-0.028238539571082376,0.3456589321865234,,
spy,maxmonth_pre,-0.02797325903787547,0.40002830826471975,,
border,maxmonth_pre,-0.027797057660875292,0.4799397869143691,,
fashion,maxmonth_pre,-0.027765698307833344,0.5335934510811322,,
tendency,maxmonth_pre,-0.027716663853956935,0.6317605546685774,,
straw,maxmonth_pre,-0.02763775762966076,0.5439715139970013,,
cattle,maxmonth_pre,-0.027520067729592017,0.5942031282190168,,
chop,maxmonth_pre,-0.0273739982488038,0.5319787222159764,,
command,maxmonth_pre,-0.02733556293473066,0.45531197734458345,,
jerk,maxmonth_pre,-0.02712587897372862,0.6456488283502287,,
whirlwind,maxmonth_pre,-0.02705673183409976,0.5136978657904513,,
variation,maxmonth_pre,-0.026707727573873206,0.6359047013610659,,
relative,maxmonth_pre,-0.026461085123238803,0.5667652007409602,,
cup,maxmonth_pre,-0.02637894650681365,0.37067861703399707,,
horizon,maxmonth_pre,-0.02619329628817686,0.611952226965844,,
lion,maxmonth_pre,-0.025926946067033076,0.5706274883863807,,
match,maxmonth_pre,-0.025905108884321706,0.43386561681206254,,
mallet,maxmonth_pre,-0.02588675131214784,0.628367529972754,,
bloom,maxmonth_pre,-0.025580220661142933,0.541493757644348,,
result,maxmonth_pre,-0.02551296724074716,0.45421665568818553,,
endeavor,maxmonth_pre,-0.025458569347950575,0.6312914493058251,,
succession,maxmonth_pre,-0.025142431629668675,0.6470902216603117,,
silver,maxmonth_pre,-0.025054328801347336,0.5308692144883572,,
eyelash,maxmonth_pre,-0.02503107244764687,0.5995392626294277,,
publication,maxmonth_pre,-0.024961241327569654,0.6265802560739064,,
youth,maxmonth_pre,-0.024844776234120264,0.48771572355562215,,
layer,maxmonth_pre,-0.02483003909873396,0.5607442473602299,,
unit,maxmonth_pre,-0.024790460087816248,0.6387835677661204,,
summit,maxmonth_pre,-0.024659131051015002,0.6250739196632137,,
guest,maxmonth_pre,-0.024644127972349238,0.5528596142509896,,
daughter-in-law,maxmonth_pre,-0.02438910873023333,0.6575686681088809,,
tube,maxmonth_pre,-0.024241733508273366,0.6020115979001751,,
rumor,maxmonth_pre,-0.024236650287087217,0.5510484466766026,,
prison,maxmonth_pre,-0.02423131783130915,0.5162576882585678,,
force,maxmonth_pre,-0.024228583647715636,0.39021627621793037,,
account,maxmonth_pre,-0.02414843037174854,0.5887104299529378,,
excuse,maxmonth_pre,-0.02413290513903061,0.5816034319560293,,
vocabulary,maxmonth_pre,-0.0238476986056371,0.6805244625236299,,
ward,maxmonth_pre,-0.02346930493132646,0.579338123988386,,
appointment,maxmonth_pre,-0.023446219333669457,0.6575933436625397,,
remedy,maxmonth_pre,-0.023382156665911796,0.676488410488623,,
week,maxmonth_pre,-0.023346240857785652,0.5975683074682773,,
tumor,maxmonth_pre,-0.023293495318441774,0.6693106159149371,,
creation,maxmonth_pre,-0.023188714772935052,0.648653810025547,,
heart,maxmonth_pre,-0.023181233241207334,0.34781828640323426,,
porch,maxmonth_pre,-0.02317098213013866,0.6981355326050713,,
testament,maxmonth_pre,-0.023107609990881833,0.7282909107937918,,
connection,maxmonth_pre,-0.023015232510113923,0.6449103797150911,,
ton,maxmonth_pre,-0.022701806619945936,0.7620604884316202,,
application,maxmonth_pre,-0.02255560949284075,0.6768265904237286,,
stride,maxmonth_pre,-0.022447463647718328,0.6761710743911361,,
peace,maxmonth_pre,-0.022291156926624322,0.5297929407440138,,
pledge,maxmonth_pre,-0.02211638860407181,0.6778491779248262,,
depression,maxmonth_pre,-0.021828056974372546,0.560586304474763,,
pity,maxmonth_pre,-0.021826002080666478,0.43287962694587256,,
airplane,maxmonth_pre,-0.021825850454947376,0.7645813848597446,,
injection,maxmonth_pre,-0.021809608853333703,0.7330179713413933,,
storage,maxmonth_pre,-0.02162922370093381,0.7663870551862796,,
enemy,maxmonth_pre,-0.02161866646146309,0.5677023612515598,,
thirst,maxmonth_pre,-0.021575230050527357,0.5335497344046375,,
arrival,maxmonth_pre,-0.021498637738201678,0.5961540015980061,,
grace,maxmonth_pre,-0.021498089389043504,0.5991917476760071,,
conversation,maxmonth_pre,-0.021453428269418744,0.5541663069366789,,
soil,maxmonth_pre,-0.02123058889150941,0.5172056728363521,,
trust,maxmonth_pre,-0.021222964563320817,0.5606160731977686,,
shred,maxmonth_pre,-0.021000404736304913,0.7059303617885744,,
refrain,maxmonth_pre,-0.020815839642130626,0.672252581456376,,
thicket,maxmonth_pre,-0.020781898834277675,0.6963721093493617,,
stair,maxmonth_pre,-0.0207497363506279,0.649605955024884,,
pardon,maxmonth_pre,-0.020691419044180433,0.7004266727102136,,
journey,maxmonth_pre,-0.020667284621057637,0.5880608001449312,,
hop,maxmonth_pre,-0.02052934666197753,0.6445229935685067,,
debate,maxmonth_pre,-0.02049040775730293,0.7216179500476707,,
rest,maxmonth_pre,-0.020381630569660136,0.30564469297063906,,
hem,maxmonth_pre,-0.02019748338762979,0.6912109489091878,,
departure,maxmonth_pre,-0.02018615782331445,0.6933543624723215,,
disturbance,maxmonth_pre,-0.02010097914888121,0.6641282410699528,,
extremity,maxmonth_pre,-0.02009123505929154,0.7254336893889787,,
duty,maxmonth_pre,-0.019971849412317378,0.6730211212014027,,
destination,maxmonth_pre,-0.01996271425194472,0.6957812729941798,,
lament,maxmonth_pre,-0.019882157505571808,0.7171941561429326,,
structure,maxmonth_pre,-0.019804288654678818,0.6938130117617808,,
liar,maxmonth_pre,-0.019737264118151066,0.6118583420869039,,
burst,maxmonth_pre,-0.019711816834977726,0.5652064771381115,,
difference,maxmonth_pre,-0.019711815755017056,0.56928610990412,,
whistle,maxmonth_pre,-0.019663513235524305,0.6067746217212198,,
activity,maxmonth_pre,-0.01959404614333958,0.6328020910848031,,
position,maxmonth_pre,-0.019447808423708277,0.5332219752612516,,
appearance,maxmonth_pre,-0.019390438688997633,0.567038425696059,,
stroll,maxmonth_pre,-0.01914430548691983,0.7595458153645542,,
series,maxmonth_pre,-0.018906374228947045,0.7146755639653953,,
wound,maxmonth_pre,-0.018775944039642316,0.5114570861162216,,
box,maxmonth_pre,-0.01840319244188923,0.5365787555412342,,
misery,maxmonth_pre,-0.018262208382846624,0.7522319662719256,,
rap,maxmonth_pre,-0.018246366656420005,0.7708730548786569,,
torment,maxmonth_pre,-0.018146238240463023,0.769195145054012,,
cardinal,maxmonth_pre,-0.018040580347279088,0.7791725510451148,,
moisture,maxmonth_pre,-0.01790024632596876,0.711414091978399,,
examination,maxmonth_pre,-0.017824929584449194,0.7708508019480518,,
building,maxmonth_pre,-0.017818600900036653,0.5446558640143216,,
reputation,maxmonth_pre,-0.01781748037561673,0.6917991715406975,,
decrease,maxmonth_pre,-0.017757752253322035,0.6895186476162494,,
item,maxmonth_pre,-0.01773889814107341,0.7549012147334593,,
hymn,maxmonth_pre,-0.01763421606472158,0.7726885787835686,,
flare,maxmonth_pre,-0.017622589034508845,0.7446604528001642,,
chapter,maxmonth_pre,-0.017610882838537515,0.77225621769594055,,
lesson,maxmonth_pre,-0.017305567251897632,0.7299045581695994,,
silence,maxmonth_pre,-0.017203408239749172,0.6841054872988162,,
exercise,maxmonth_pre,-0.017013893075294904,0.6897738102859737,,
refuge,maxmonth_pre,-0.016987713704959276,0.7587571424798684,,
injury,maxmonth_pre,-0.016689107519130206,0.7136965375422367,,
pillow,maxmonth_pre,-0.016531830481011294,0.5932678839112914,,
fee,maxmonth_pre,-0.016411539506395817,0.7806787519071071,,
grandfather,maxmonth_pre,-0.016197600730737633,0.6979491610433207,,
dust,maxmonth_pre,-0.01604292712566871,0.480225480544508,,
resin,maxmonth_pre,-0.015886608957784473,0.76868918185487,,
symbol,maxmonth_pre,-0.015836962148761027,0.762965398238965,,
gaze,maxmonth_pre,-0.015777228235753636,0.6792113326346126,,
goat,maxmonth_pre,-0.015648620057850948,0.7415696227399212,,
knowledge,maxmonth_pre,-0.015629445278154668,0.6451574389872248,,
moment,maxmonth_pre,-0.015554556057133592,0.7017186082381791,,
responsibility,maxmonth_pre,-0.015464876276388427,0.7633847412623045,,
reptile,maxmonth_pre,-0.0152623733230312,0.7971945865929336,,
fragment,maxmonth_pre,-0.015155958383482748,0.7771153984001858,,
interval,maxmonth_pre,-0.015127941317326248,0.7464319963812538,,
hoe,maxmonth_pre,-0.015083658015198622,0.7868073086521848,,
counter,maxmonth_pre,-0.014920678434150524,0.8039993068673389,,
coward,maxmonth_pre,-0.014658526884763141,0.7603648128188389,,
comfort,maxmonth_pre,-0.014589251322055786,0.7287185118114712,,
pile,maxmonth_pre,-0.014407897229504595,0.6303870335216313,,
arm,maxmonth_pre,-0.014395982199053024,0.49852483809152875,,
defect,maxmonth_pre,-0.014306184763274419,0.7549039468375639,,
sunrise,maxmonth_pre,-0.014299202761537665,0.7773879547837053,,
wink,maxmonth_pre,-0.014228154241769249,0.6961350422362121,,
horn,maxmonth_pre,-0.014213847412874736,0.6182207187651245,,
importance,maxmonth_pre,-0.014145526167969935,0.7187367785500214,,
mustache,maxmonth_pre,-0.014133773175385654,0.7540178240064658,,
dive,maxmonth_pre,-0.013825900935790794,0.7500049135297101,,
agriculture,maxmonth_pre,-0.013790181849989808,0.801860575861019,,
spell,maxmonth_pre,-0.013730203899964764,0.7696753093328855,,
second,maxmonth_pre,-0.013699716711856087,0.5898370412731824,,
sucker,maxmonth_pre,-0.013450888679513094,0.8551954559905154,,
thigh,maxmonth_pre,-0.013438944326707227,0.7036103705017089,,
victim,maxmonth_pre,-0.013372126543657529,0.8120605118399992,,
eclipse,maxmonth_pre,-0.013332122215499531,0.7674937342421455,,
frown,maxmonth_pre,-0.013184652399839283,0.7978040830212597,,
divide,maxmonth_pre,-0.013059466365586045,0.6380323826623757,,
plaster,maxmonth_pre,-0.013009555889846612,0.7651375467465634,,
herb,maxmonth_pre,-0.01293413550597413,0.8030080911508823,,
smile,maxmonth_pre,-0.012583011467172278,0.7220284451540565,,
intelligence,maxmonth_pre,-0.012381388705213811,0.7779752236432695,,
scratch,maxmonth_pre,-0.012110658514011895,0.6934851689787558,,
fart,maxmonth_pre,-0.012042971609710126,0.8537652693177558,,
breeze,maxmonth_pre,-0.01203551994630793,0.7749117532321401,,
wit,maxmonth_pre,-0.01198429634885636,0.8154365799470209,,
quake,maxmonth_pre,-0.011951425628797509,0.7822618489971634,,
tune,maxmonth_pre,-0.011941556819591444,0.8014387649957533,,
obligation,maxmonth_pre,-0.011901687672793223,0.8006602271071567,,
divorce,maxmonth_pre,-0.011646306771110662,0.8125869874558701,,
smoke,maxmonth_pre,-0.011586040769360824,0.6413176035904471,,
murmur,maxmonth_pre,-0.011351534512058585,0.8310146966894482,,
design,maxmonth_pre,-0.011293863850023698,0.8052135185716679,,
event,maxmonth_pre,-0.011282158248513243,0.7705144958477701,,
neighborhood,maxmonth_pre,-0.011274186875400346,0.8376775261505177,,
yard,maxmonth_pre,-0.01122169742799729,0.7926447008186577,,
plunge,maxmonth_pre,-0.011210729437440774,0.8295971270496144,,
friend,maxmonth_pre,-0.011188187707962205,0.6579772128405491,,
nerve,maxmonth_pre,-0.011137185437872283,0.8327811622318263,,
land,maxmonth_pre,-0.011092538105448982,0.6855385440042371,,
pair,maxmonth_pre,-0.011081760132097421,0.7174695164419042,,
source,maxmonth_pre,-0.011059888104989072,0.7580472405682183,,
nostril,maxmonth_pre,-0.01091321704636904,0.77885537317488,,
fringe,maxmonth_pre,-0.010881977695251963,0.8360145611608915,,
access,maxmonth_pre,-0.010805191433167431,0.8292009237836188,,
drain,maxmonth_pre,-0.010726175901022194,0.7844839651094286,,
backbone,maxmonth_pre,-0.01060631301142372,0.8163441103661733,,
bin,maxmonth_pre,-0.010362022064861335,0.9015416303061429,,
shin,maxmonth_pre,-0.010287665071822718,0.8550853494960987,,
grudge,maxmonth_pre,-0.010272170500760305,0.8423263278294394,,
payment,maxmonth_pre,-0.010240855791036887,0.808907363785626,,
complaint,maxmonth_pre,-0.010001594528595057,0.8180152705466794,,
groan,maxmonth_pre,-0.009905121005264365,0.7931718872765783,,
harvest,maxmonth_pre,-0.009708161324734304,0.8261811233697688,,
impression,maxmonth_pre,-0.009532935770941286,0.8365668228042531,,
cake,maxmonth_pre,-0.009512669144042054,0.8361816715791,,
paw,maxmonth_pre,-0.009439472870906303,0.8563482604236856,,
wave,maxmonth_pre,-0.009425321378464243,0.7638564995097229,,
dung,maxmonth_pre,-0.009219387711043421,0.8504706951187886,,
government,maxmonth_pre,-0.009179532659829048,0.8531855607969512,,
sum,maxmonth_pre,-0.008953469032798589,0.8654776734662304,,
couple,maxmonth_pre,-0.0088313532019114,0.810270916549692,,
contrast,maxmonth_pre,-0.00869046756079629,0.8918021940403374,,
instruction,maxmonth_pre,-0.008592266940852458,0.8418232291641639,,
residue,maxmonth_pre,-0.00853207984289355,0.8798058206081371,,
infection,maxmonth_pre,-0.008459923345533991,0.8903333166205943,,
temple,maxmonth_pre,-0.008129032646420228,0.8836374008310053,,
origin,maxmonth_pre,-0.008048183728622713,0.8418707880008967,,
judge,maxmonth_pre,-0.007947932166213029,0.8318089246873801,,
relationship,maxmonth_pre,-0.007718977624290414,0.8450993897316038,,
transfer,maxmonth_pre,-0.007715113390980772,0.8797314114826685,,
seat,maxmonth_pre,-0.007693786686228427,0.7749421287791228,,
reed,maxmonth_pre,-0.007613296654024721,0.8780364474848715,,
gathering,maxmonth_pre,-0.007552775312706491,0.824969042549399,,
rust,maxmonth_pre,-0.007211785535118476,0.8191696755337696,,
reward,maxmonth_pre,-0.00717084979563897,0.8668907956649956,,
blood,maxmonth_pre,-0.007149353750889233,0.6743593939226137,,
cement,maxmonth_pre,-0.00711776144814883,0.8822427824085828,,
chance,maxmonth_pre,-0.0070684007888337135,0.8694916570404077,,
weight,maxmonth_pre,-0.007049123504451523,0.7844496509339532,,
wrap,maxmonth_pre,-0.007004302910156659,0.8411850304664714,,
bath,maxmonth_pre,-0.006870665091972559,0.8898443068496089,,
rib,maxmonth_pre,-0.006700276793996206,0.8281683709823866,,
kitchen,maxmonth_pre,-0.006697009775442803,0.8832635530927121,,
tar,maxmonth_pre,-0.006654290228235349,0.9105897571653602,,
hardship,maxmonth_pre,-0.0065796211308430585,0.907792503012619,,
tattoo,maxmonth_pre,-0.0064600281712149715,0.9336497232137683,,
crumb,maxmonth_pre,-0.006418647015016779,0.907207626407234,,
community,maxmonth_pre,-0.006397579279334249,0.8612558537106371,,
oath,maxmonth_pre,-0.006274039604127303,0.8830492056028926,,
threat,maxmonth_pre,-0.006228628652506642,0.8820927904795873,,
conflict,maxmonth_pre,-0.006070460666704168,0.914377447872221,,
prick,maxmonth_pre,-0.006065230339817497,0.8926575270812834,,
freedom,maxmonth_pre,-0.005929415496239228,0.8990061512296488,,
scorn,maxmonth_pre,-0.005826694263154939,0.9069660916199666,,
chain,maxmonth_pre,-0.005802010468902957,0.8328783552103517,,
balance,maxmonth_pre,-0.005775964410417858,0.8934293539753281,,
shelf,maxmonth_pre,-0.005704455830406744,0.9009996841513961,,
assembly,maxmonth_pre,-0.0056853515819531115,0.9111502066160884,,
parent,maxmonth_pre,-0.005493077025419213,0.8699125973818678,,
scrub,maxmonth_pre,-0.005473053104321862,0.9261247825956765,,
friendship,maxmonth_pre,-0.005427364111037595,0.9003162348813374,,
prostitute,maxmonth_pre,-0.0054183193071569245,0.916851244964549,,
meeting,maxmonth_pre,-0.005364898546145973,0.8820034514153354,,
flame,maxmonth_pre,-0.005231765804021222,0.8621981757925874,,
lure,maxmonth_pre,-0.005143746676665771,0.9379562721154722,,
thrust,maxmonth_pre,-0.0050746376142600195,0.926925191346325,,
adult,maxmonth_pre,-0.0050241993491180765,0.9117461395116118,,
clay,maxmonth_pre,-0.004886494663129792,0.8998096586649945,,
flash,maxmonth_pre,-0.004745198905666466,0.8804829727389492,,
laugh,maxmonth_pre,-0.004725219426363144,0.8630002603091937,,
interior,maxmonth_pre,-0.004718185003753818,0.9296681324058912,,
pipe,maxmonth_pre,-0.004603681368589328,0.8910913595909292,,
alarm,maxmonth_pre,-0.004459266579743345,0.934336323295488,,
halt,maxmonth_pre,-0.004431814651147558,0.9257717797975952,,
religion,maxmonth_pre,-0.0041214822650004574,0.9361996523191333,,
cork,maxmonth_pre,-0.0041153444160968175,0.9390763902907291,,
sky,maxmonth_pre,-0.004008726903127838,0.8884931740768087,,
luck,maxmonth_pre,-0.003994240108488291,0.9170768014560963,,
dwelling,maxmonth_pre,-0.003931542673482724,0.9359282236489619,,
captain,maxmonth_pre,-0.0039281664436094,0.9392767822371083,,
cycle,maxmonth_pre,-0.0038939504334784517,0.9572386023489798,,
throne,maxmonth_pre,-0.0038793251505946113,0.9446084063633073,,
opportunity,maxmonth_pre,-0.0038350055955840134,0.916123909781001,,
trick,maxmonth_pre,-0.0036977224552833497,0.9318505814497177,,
misfortune,maxmonth_pre,-0.003661916580705181,0.933160651642376,,
ruler,maxmonth_pre,-0.0035654695239541916,0.9447662557691607,,
ship,maxmonth_pre,-0.0034214127011636896,0.9539857905645265,,
argument,maxmonth_pre,-0.0033750875777983414,0.9354293273307818,,
slope,maxmonth_pre,-0.003345824374307302,0.9245397652035534,,
sand,maxmonth_pre,-0.0032406482851241526,0.9113348527445562,,
nose,maxmonth_pre,-0.0032114930869139896,0.8921183839042087,,
security,maxmonth_pre,-0.0031738764026959304,0.9490814789888338,,
mercy,maxmonth_pre,-0.003123457017695755,0.9404090859071613,,
tank,maxmonth_pre,-0.003025204311216906,0.9611843292382871,,
spit,maxmonth_pre,-0.002943497113331383,0.9279779189398416,,
chest,maxmonth_pre,-0.0027159012725370534,0.918228519993898,,
lawyer,maxmonth_pre,-0.002553257081158101,0.9660054310726149,,
grandmother,maxmonth_pre,-0.0024697907925149377,0.9544250367354282,,
status,maxmonth_pre,-0.002172920818190388,0.9705579930228713,,
bladder,maxmonth_pre,-0.0021139723778169912,0.9520470828208749,,
diet,maxmonth_pre,-0.0021079058399744344,0.9711006726618052,,
law,maxmonth_pre,-0.002050866881925367,0.9611742988192109,,
fraud,maxmonth_pre,-0.002027277318587646,0.9714073750100111,,
chase,maxmonth_pre,-0.0019342820961133784,0.9596408857454315,,
temper,maxmonth_pre,-0.0018963969178344342,0.9662196963420424,,
loss,maxmonth_pre,-0.001836624120239704,0.9641199933729014,,
screen,maxmonth_pre,-0.0016990293070233,0.974870040788,,
perfume,maxmonth_pre,-0.0016353432730131377,0.9748183616536641,,
celebration,maxmonth_pre,-0.0014187646593627845,0.9814368487693066,,
advantage,maxmonth_pre,-0.0013051952398985514,0.9769671880299227,,
learning,maxmonth_pre,-0.0012951100037047615,0.9727871426506534,,
pressure,maxmonth_pre,-0.0011553593602884737,0.9803702142992069,,
reference,maxmonth_pre,-0.0011273239426256962,0.9808946380030195,,
row,maxmonth_pre,-0.0010344091104872557,0.968915327683327,,
radio,maxmonth_pre,-0.0010343403072950656,0.9904431094147194,,
arch,maxmonth_pre,-0.001014602122214492,0.9872869259137278,,
movement,maxmonth_pre,-7.916019849481593e-4,0.9831575005986338,,
enclosure,maxmonth_pre,-5.472071858599291e-4,0.990001320026523,,
brother-in-law,maxmonth_pre,-5.181761579294457e-4,0.9924964872917083,,
clause,maxmonth_pre,-4.5366191112606273e-4,0.994977536193967,,
mistress,maxmonth_pre,-1.8379379234597789e-4,0.9972899712324393,,
peg,maxmonth_pre,-8.346873847711885e-5,0.9983779095535262,,
gut,maxmonth_pre,1.2438296413684993e-6,0.9999735312864902,,
jack,maxmonth_pre,3.595184838946711e-6,0.9999687929193141,,
baby,maxmonth_pre,1.5734780606460543e-5,0.9997500559438642,,
bottle,maxmonth_pre,1.4951155584915442e-4,0.9965138678364652,,
reel,maxmonth_pre,1.8155979654251454e-4,0.9975368806678563,,
mission,maxmonth_pre,2.1033488264251995e-4,0.997227512112169,,
truth,maxmonth_pre,2.3904900748926764e-4,0.993640755120372,,
contract,maxmonth_pre,3.287819301843008e-4,0.9934277854917781,,
lover,maxmonth_pre,3.727143621966462e-4,0.9942382434809852,,
age,maxmonth_pre,4.7159840003689553e-4,0.9865980133555752,,
scissors,maxmonth_pre,4.8776361246180436e-4,0.9895779720397881,,
altar,maxmonth_pre,5.100282262708366e-4,0.9930145762480245,,
soap,maxmonth_pre,5.802053535565974e-4,0.9882582248848354,,
feather,maxmonth_pre,6.076786827490162e-4,0.9823082640988395,,
heaven,maxmonth_pre,6.442136188516127e-4,0.9861050271904408,,
glitter,maxmonth_pre,7.400428429547091e-4,0.9897319187732284,,
absence,maxmonth_pre,7.498049912313992e-4,0.986153970684677,,
knee,maxmonth_pre,7.844027955018361e-4,0.9741532223042133,,
inch,maxmonth_pre,9.089898427230138e-4,0.98794660605925,,
tailor,maxmonth_pre,9.228650452378208e-4,0.9852394523302168,,
warmth,maxmonth_pre,0.001011564332548026,0.9832281575608723,,
disk,maxmonth_pre,0.0011278056774854303,0.9842875528045351,,
measles,maxmonth_pre,0.0011280595667845612,0.9806278462906037,,
creep,maxmonth_pre,0.0011702474580465906,0.978845506398651,,
trading,maxmonth_pre,0.0011750801818959545,0.983521158955104,,
owl,maxmonth_pre,0.0013714431706160113,0.9693611565818938,,
fault,maxmonth_pre,0.001393399671824478,0.9717329091132098,,
infant,maxmonth_pre,0.0014554082480635702,0.970508486241891,,
whisker,maxmonth_pre,0.0015696222000168153,0.9745023991507837,,
esteem,maxmonth_pre,0.0016023626600602564,0.9779281820202137,,
remainder,maxmonth_pre,0.0017963631324237079,0.9660299260090199,,
console,maxmonth_pre,0.0018028519410269372,0.9711809358515073,,
contrary,maxmonth_pre,0.0018788600999707014,0.9683864292483376,,
flood,maxmonth_pre,0.0021108250465566645,0.9466316503030198,,
haste,maxmonth_pre,0.0021140514403257707,0.9656321739954842,,
brightness,maxmonth_pre,0.0022544682704802557,0.9682314452815943,,
flea,maxmonth_pre,0.0024046581688240928,0.957189310350435,,
litter,maxmonth_pre,0.0024437231581380644,0.960374036877799,,
token,maxmonth_pre,0.0025755776114112553,0.9599209574322507,,
furniture,maxmonth_pre,0.002605240642554502,0.9578522371187813,,
niece,maxmonth_pre,0.002656596833584616,0.9561942108315241,,
wing,maxmonth_pre,0.0029813434851998504,0.9041001833890954,,
nape,maxmonth_pre,0.0031446488014331424,0.9496473801882198,,
tone,maxmonth_pre,0.0032045175484415795,0.9656099079424603,,
childhood,maxmonth_pre,0.0032778680029552096,0.9440626537164194,,
ointment,maxmonth_pre,0.0033136365554507245,0.9392130281107506,,
bite,maxmonth_pre,0.0034017389555326904,0.903112306948075,,
queen,maxmonth_pre,0.0035496498766889213,0.9264940042827668,,
skeleton,maxmonth_pre,0.0035656137544591675,0.936294829120948,,
copper,maxmonth_pre,0.003583080779376199,0.9292799155536319,,
syllable,maxmonth_pre,0.003584213499451208,0.9509220501618054,,
shield,maxmonth_pre,0.0036090826709131926,0.9321954982749232,,
harmony,maxmonth_pre,0.00362006187616341,0.9490196536747615,,
shine,maxmonth_pre,0.0036583614219627457,0.8967038647584128,,
witchcraft,maxmonth_pre,0.003760420281867418,0.9513783969388314,,
nature,maxmonth_pre,0.003841658853586261,0.9278104969645368,,
grate,maxmonth_pre,0.003922172113355504,0.944003264301041,,
tomorrow,maxmonth_pre,0.0039603462421236284,0.946037246207035,,
possession,maxmonth_pre,0.003975601650730673,0.9069046804432437,,
road,maxmonth_pre,0.003978344221878416,0.887833548512728,,
dream,maxmonth_pre,0.004050956354297544,0.8816190724019825,,
beam,maxmonth_pre,0.00407152255306191,0.9140720079413793,,
port,maxmonth_pre,0.00411255166260993,0.9521852610312489,,
poverty,maxmonth_pre,0.004236432647797845,0.911632709684404,,
tale,maxmonth_pre,0.004407900474942597,0.9287581322133931,,
hammer,maxmonth_pre,0.004431969939057432,0.888432086057403,,
abundance,maxmonth_pre,0.004518949297775842,0.9227391975223133,,
waste,maxmonth_pre,0.004743597014980432,0.8820458992423849,,
pork,maxmonth_pre,0.0048132314517280676,0.9460713718587251,,
ring,maxmonth_pre,0.004816510125893024,0.8443074513472234,,
tie,maxmonth_pre,0.004944410453447958,0.8582733722257188,,
towel,maxmonth_pre,0.004946127065121278,0.9086489825222497,,
cemetery,maxmonth_pre,0.004947518505184001,0.919324064864334,,
month,maxmonth_pre,0.00495896435515581,0.8830340237546145,,
hinge,maxmonth_pre,0.004998190114367574,0.9221962130911042,,
iron,maxmonth_pre,0.00503441881530965,0.8346426550168851,,
distance,maxmonth_pre,0.005272897453531391,0.8391682185542134,,
sigh,maxmonth_pre,0.005282376274337862,0.9088121074888084,,
disposition,maxmonth_pre,0.0053205332549569155,0.9227770640000191,,
hug,maxmonth_pre,0.005402537193878553,0.9141644399255444,,
deposit,maxmonth_pre,0.005479687223747966,0.8945020346879602,,
arrest,maxmonth_pre,0.005513740354135808,0.9002789797493381,,
patience,maxmonth_pre,0.005540129026393841,0.8977783959806344,,
grade,maxmonth_pre,0.005627402915319283,0.9390005599492973,,
repair,maxmonth_pre,0.005644422546809084,0.8677464868503609,,
flute,maxmonth_pre,0.0056448242585876145,0.9022442580740543,,
bell,maxmonth_pre,0.00572103958998161,0.859904872175641,,
passage,maxmonth_pre,0.005733750533188504,0.8920768300626065,,
extension,maxmonth_pre,0.005794256081246316,0.9110797749794168,,
foreigner,maxmonth_pre,0.005869654856357879,0.9005670053611416,,
site,maxmonth_pre,0.005941735423552185,0.9116751381537301,,
stack,maxmonth_pre,0.006040560008238174,0.9090371042886807,,
spray,maxmonth_pre,0.006087783467106015,0.9095568068756944,,
thunder,maxmonth_pre,0.006184130279073263,0.8092310472513192,,
crush,maxmonth_pre,0.006196497786442162,0.8710511234738929,,
cage,maxmonth_pre,0.006215600972383153,0.9045055165677631,,
condition,maxmonth_pre,0.0063577982236433656,0.8643284159464001,,
farewell,maxmonth_pre,0.006462879670016612,0.9057124741732048,,
curve,maxmonth_pre,0.006544811361710877,0.8814055033347811,,
joke,maxmonth_pre,0.0065535558289808995,0.8603359523112919,,
ink,maxmonth_pre,0.006850991200633281,0.8781250770015357,,
stone,maxmonth_pre,0.007064046200696906,0.8050130299666689,,
firm,maxmonth_pre,0.0070775583859110655,0.8559434479199336,,
compassion,maxmonth_pre,0.007119494605983584,0.88710721097849,,
laughter,maxmonth_pre,0.007250141042567082,0.8502302337515149,,
organ,maxmonth_pre,0.0074123169083253485,0.8707854003439349,,
morning,maxmonth_pre,0.0074893526524533885,0.7622491956106372,,
search,maxmonth_pre,0.0075289292606704,0.7830678189276444,,
clump,maxmonth_pre,0.007617787468588556,0.9136030479936952,,
suicide,maxmonth_pre,0.007739239309771848,0.8819698896855848,,
delay,maxmonth_pre,0.007765189159930894,0.8345425009059271,,
forearm,maxmonth_pre,0.007861880325257812,0.9031845767943208,,
island,maxmonth_pre,0.007984179981092937,0.8943940319792805,,
scum,maxmonth_pre,0.0080649276857941,0.8722124809227746,,
authority,maxmonth_pre,0.008116174957154724,0.8402635193900769,,
footprint,maxmonth_pre,0.008116881915071525,0.8731761058661331,,
power,maxmonth_pre,0.008201527284953113,0.8188045925744285,,
ear,maxmonth_pre,0.008307794230837356,0.7001188156020505,,
astonishment,maxmonth_pre,0.008315616344010065,0.8717076999050086,,
test,maxmonth_pre,0.008388899501447677,0.811270455918585,,
gift,maxmonth_pre,0.008413070308712047,0.7927942290745161,,
dart,maxmonth_pre,0.008429210490977617,0.8915807428749933,,
decision,maxmonth_pre,0.00861847538953288,0.8210716022806407,,
bottom,maxmonth_pre,0.008629581365564278,0.7676741955463878,,
ability,maxmonth_pre,0.008633680263430464,0.8244896453328326,,
lightning,maxmonth_pre,0.008716265888296108,0.7633023489233197,,
goodness,maxmonth_pre,0.008764790654992667,0.8233798252382399,,
louse,maxmonth_pre,0.009036147218268543,0.8611065478223657,,
household,maxmonth_pre,0.009134296523992278,0.8228237809688301,,
spark,maxmonth_pre,0.009169123794926536,0.7890301828837394,,
praise,maxmonth_pre,0.00918221536173107,0.7893194967898228,,
victory,maxmonth_pre,0.009248178279041367,0.8491618481499513,,
bridge,maxmonth_pre,0.009269107301011178,0.7795313468839707,,
area,maxmonth_pre,0.009350405683649027,0.8651436204171296,,
sex,maxmonth_pre,0.00937228254835768,0.8256744045168204,,
sea,maxmonth_pre,0.009515792217545447,0.8572161371467057,,
future,maxmonth_pre,0.009685291823680225,0.7739612113213081,,
growl,maxmonth_pre,0.009700321767466867,0.8409152529608227,,
owner,maxmonth_pre,0.009747206193740894,0.7878833321858064,,
anxiety,maxmonth_pre,0.009849440269165923,0.8413793488148192,,
son-in-law,maxmonth_pre,0.010134744575748944,0.8391263904637182,,
roar,maxmonth_pre,0.010188614040256661,0.8141980717089651,,
meal,maxmonth_pre,0.010279024533638586,0.7361746198273319,,
spine,maxmonth_pre,0.010385600060765393,0.8142939777930885,,
wage,maxmonth_pre,0.010539149073381267,0.7717258610565785,,
reproach,maxmonth_pre,0.010608316715517633,0.8664290548012846,,
behavior,maxmonth_pre,0.010815607265027566,0.790717808752159,,
aim,maxmonth_pre,0.010954493256818472,0.7401661647814051,,
murderer,maxmonth_pre,0.010979645561210451,0.8135084824879807,,
yeast,maxmonth_pre,0.011149379252037793,0.8235044247855031,,
mirror,maxmonth_pre,0.011566400693656945,0.6711818088205717,,
friction,maxmonth_pre,0.011602864988150025,0.8174229303706905,,
molar,maxmonth_pre,0.011632250763666712,0.8363747950398842,,
mustard,maxmonth_pre,0.011640980917159092,0.824776279450231,,
bag,maxmonth_pre,0.011660201704582719,0.7042706682215683,,
midday,maxmonth_pre,0.011753845873176242,0.7841944388685351,,
governor,maxmonth_pre,0.011945160985093914,0.8037758299368184,,
bulb,maxmonth_pre,0.011976795869350545,0.8195557930497294,,
lid,maxmonth_pre,0.012045930748496197,0.7304982462142877,,
puddle,maxmonth_pre,0.012090745761085233,0.8206367724110307,,
offense,maxmonth_pre,0.012151848288784704,0.7632281509088238,,
purpose,maxmonth_pre,0.01216288325777586,0.6615138528732872,,
angle,maxmonth_pre,0.012311476478708285,0.7792074509451862,,
statement,maxmonth_pre,0.012337031430493835,0.7826460597367085,,
shore,maxmonth_pre,0.012458514855630442,0.7607670575229494,,
permission,maxmonth_pre,0.012996140067228464,0.6861525869494464,,
vehicle,maxmonth_pre,0.013015361466790479,0.8061403161137513,,
consciousness,maxmonth_pre,0.013109837192050776,0.8157854018010436,,
voice,maxmonth_pre,0.013239709830848096,0.6085930163597485,,
variant,maxmonth_pre,0.01330841391313319,0.9177308190400473,,
tooth,maxmonth_pre,0.013419785736318558,0.6163890703154679,,
paradise,maxmonth_pre,0.013578658044039049,0.8124648622264702,,
stoop,maxmonth_pre,0.013601121858977027,0.7724059335581651,,
era,maxmonth_pre,0.01360859828803137,0.858653415871609,,
prey,maxmonth_pre,0.013671003935054231,0.7663144032121064,,
sale,maxmonth_pre,0.013734058296994294,0.758241431036922,,
foot,maxmonth_pre,0.01378139697997659,0.4756993768983775,,
settlement,maxmonth_pre,0.014023278828881295,0.7991879076575773,,
claw,maxmonth_pre,0.014031760289192384,0.6752546972272425,,
mane,maxmonth_pre,0.014096517927554536,0.8399910802865764,,
weakness,maxmonth_pre,0.014174811624589436,0.7339549306044247,,
sight,maxmonth_pre,0.014188791058170487,0.6577419801493875,,
cow,maxmonth_pre,0.014252550419446097,0.757329498504352,,
burial,maxmonth_pre,0.014273644094977004,0.7491392653126475,,
nuisance,maxmonth_pre,0.014306406618040838,0.8217021912715856,,
pinch,maxmonth_pre,0.014328568159156181,0.6892166077567845,,
answer,maxmonth_pre,0.014453247345326242,0.5917910560098688,,
shadow,maxmonth_pre,0.014486764312124442,0.5573672227029404,,
grain,maxmonth_pre,0.014541743791042649,0.7699767904686049,,
wall,maxmonth_pre,0.014576204731276458,0.5672340005412484,,
soup,maxmonth_pre,0.014613427096643677,0.7929713577887034,,
sister-in-law,maxmonth_pre,0.014714833612966136,0.7987798479310065,,
clock,maxmonth_pre,0.014719498172805903,0.7676020862149536,,
mound,maxmonth_pre,0.014891147536083907,0.7909829926796144,,
witness,maxmonth_pre,0.014896684587340581,0.6729105411770441,,
debt,maxmonth_pre,0.01490056422016941,0.6762394393039959,,
beginning,maxmonth_pre,0.015388320220330577,0.5619706612093314,,
pole,maxmonth_pre,0.015417292515685355,0.6543312934139889,,
contempt,maxmonth_pre,0.0155041114523108,0.7882219822695702,,
gold,maxmonth_pre,0.015996075603437472,0.7201144066774018,,
envy,maxmonth_pre,0.01614093491276084,0.7080507700722944,,
disgrace,maxmonth_pre,0.016308621499407823,0.7574208395510665,,
rim,maxmonth_pre,0.016477329464073574,0.7250292466641514,,
fear,maxmonth_pre,0.016645901473814017,0.5351437690743833,,
patch,maxmonth_pre,0.01672096459289205,0.6553534212321851,,
direction,maxmonth_pre,0.01685262543597376,0.5819336742031724,,
labor,maxmonth_pre,0.01687398792308192,0.6295501820862961,,
hen,maxmonth_pre,0.016883887973596377,0.7067106289244289,,
den,maxmonth_pre,0.01696044046596311,0.8062209182561357,,
boar,maxmonth_pre,0.016963679493160386,0.7569672992836934,,
employment,maxmonth_pre,0.017065745129182557,0.760874634670884,,
attention,maxmonth_pre,0.01736205192438644,0.48170622146051995,,
inhabitant,maxmonth_pre,0.017464132085909693,0.7759401674072904,,
warning,maxmonth_pre,0.017534905108466416,0.664263523140263,,
bar,maxmonth_pre,0.017674998277463334,0.6968178436952298,,
midst,maxmonth_pre,0.017884381708007106,0.72617257651813,,
like,maxmonth_pre,0.01790103876323261,0.49206419441885535,,
story,maxmonth_pre,0.018457259325812252,0.5198748078734631,,
sheet,maxmonth_pre,0.0185119370475244,0.596046667666395,,
dislike,maxmonth_pre,0.01854356465896437,0.5773223701817398,,
slit,maxmonth_pre,0.018551904172957233,0.7198430120580509,,
love,maxmonth_pre,0.018660360534833612,0.46317051753279037,,
shed,maxmonth_pre,0.01881028331670086,0.5289358680724274,,
husk,maxmonth_pre,0.01893720533368542,0.8036256399981324,,
clothes,maxmonth_pre,0.019023209031205954,0.5418985294968032,,
guardian,maxmonth_pre,0.019224589646397984,0.6940002131471404,,
opposition,maxmonth_pre,0.019228921392418063,0.721477806587757,,
unity,maxmonth_pre,0.019341573629062796,0.7210805023795723,,
beach,maxmonth_pre,0.0193854306367462,0.7920005724059563,,
context,maxmonth_pre,0.019441651521590005,0.7470304972361497,,
as,maxmonth_pre,0.01957691870225941,0.6951119784957137,,
lord,maxmonth_pre,0.01970422635724861,0.7238946929913621,,
fate,maxmonth_pre,0.019868910058767356,0.7225812962750204,,
lip,maxmonth_pre,0.019917968753914817,0.4390547318805058,,
limb,maxmonth_pre,0.019933767956157197,0.6290101832874755,,
pit,maxmonth_pre,0.020067280956627274,0.5718930900368573,,
hair,maxmonth_pre,0.02018867008180697,0.3384914237178449,,
challenge,maxmonth_pre,0.0202084129970419,0.6814502743825399,,
topic,maxmonth_pre,0.0203247086443293,0.7022508845130648,,
scale,maxmonth_pre,0.020454822438103357,0.4497603512929771,,
guilt,maxmonth_pre,0.02067115330447677,0.673518056336631,,
fat,maxmonth_pre,0.02101621224992551,0.4253514312852153,,
scent,maxmonth_pre,0.021065544365620775,0.6056275177554956,,
blaze,maxmonth_pre,0.021134666682531843,0.6373026337232645,,
width,maxmonth_pre,0.021282661831980496,0.6117537223962984,,
consequence,maxmonth_pre,0.02130915780183571,0.6108510848631382,,
nephew,maxmonth_pre,0.02152108671873097,0.6196877326659574,,
awe,maxmonth_pre,0.021618806873911958,0.7450924290536761,,
tail,maxmonth_pre,0.021651488815202194,0.38977427419716476,,
kite,maxmonth_pre,0.021798494967301758,0.6895307307839089,,
hiss,maxmonth_pre,0.021995213980869236,0.6357801728202607,,
request,maxmonth_pre,0.022130748827013616,0.5015400835327108,,
fist,maxmonth_pre,0.022331756212398333,0.49667732989939334,,
advice,maxmonth_pre,0.0224033337685738,0.4942168913016822,,
feeling,maxmonth_pre,0.022422308644581595,0.5060638487876978,,
division,maxmonth_pre,0.022554541018146263,0.6222083528118617,,
headache,maxmonth_pre,0.022574745040626294,0.6003567251264829,,
hospitality,maxmonth_pre,0.022607840236946085,0.6818379251923244,,
group,maxmonth_pre,0.022766844732513628,0.6112799035662086,,
device,maxmonth_pre,0.022843604982260127,0.66375244880571,,
beggar,maxmonth_pre,0.02285391954448294,0.5916922574303772,,
harbor,maxmonth_pre,0.022881843362780357,0.7135814085883958,,
stranger,maxmonth_pre,0.022901183316962014,0.5323149718668678,,
slave,maxmonth_pre,0.02318803123428586,0.6274899678428524,,
vapor,maxmonth_pre,0.023274232036516834,0.5817826005706332,,
cross,maxmonth_pre,0.023382185752829316,0.3402126368069526,,
quality,maxmonth_pre,0.02352683240732334,0.566190045171217,,
virtue,maxmonth_pre,0.023876684732634896,0.6921878169244111,,
mankind,maxmonth_pre,0.023928140376123726,0.6491944990886842,,
nipple,maxmonth_pre,0.02402199410094083,0.5272380443938397,,
leopard,maxmonth_pre,0.024511325380706273,0.6723530507973303,,
passion,maxmonth_pre,0.024677962390625686,0.6682360729006493,,
conduct,maxmonth_pre,0.024765603903401188,0.6082013800779973,,
hog,maxmonth_pre,0.024776407743336958,0.6823003243673706,,
effort,maxmonth_pre,0.024904807711712232,0.4931993311780268,,
dawn,maxmonth_pre,0.02493482725396641,0.42338649062382544,,
author,maxmonth_pre,0.025084984225219587,0.5933197299434385,,
comparison,maxmonth_pre,0.02522412149545243,0.5919163848707146,,
heat,maxmonth_pre,0.025259025911212367,0.26246231938536163,,
moonlight,maxmonth_pre,0.025506595910218532,0.6228528729927123,,
bay,maxmonth_pre,0.025587048836270776,0.6869067684119196,,
swell,maxmonth_pre,0.025612025571577858,0.39914749187849285,,
display,maxmonth_pre,0.025656247320516603,0.6009533248683052,,
church,maxmonth_pre,0.025678247181360823,0.6547745699027103,,
chip,maxmonth_pre,0.025681709311160098,0.5348237541992623,,
epidemic,maxmonth_pre,0.02575614793046771,0.6112137851446675,,
frame,maxmonth_pre,0.025833360101765703,0.44730572596737966,,
leg,maxmonth_pre,0.026022344932310836,0.3410381886740691,,
money,maxmonth_pre,0.02611224294741501,0.44858870592541966,,
testimony,maxmonth_pre,0.026135371307639883,0.5560939314172385,,
dagger,maxmonth_pre,0.02630916559750672,0.6461269105420838,,
sleep,maxmonth_pre,0.026342143368090442,0.2017960208857635,,
disagreement,maxmonth_pre,0.02641379423746562,0.6168594438246424,,
brood,maxmonth_pre,0.02658195004918977,0.62270927307477,,
extent,maxmonth_pre,0.026634544911883964,0.5244641800430535,,
intestine,maxmonth_pre,0.026741609219131,0.46942839046866913,,
nest,maxmonth_pre,0.02674273969841396,0.4046448890640754,,
multitude,maxmonth_pre,0.026843978065512777,0.6617355759539254,,
hand,maxmonth_pre,0.026949378919283024,0.1422620911091043,,
garlic,maxmonth_pre,0.02696159246503118,0.611996155888968,,
eye,maxmonth_pre,0.026967049943654856,0.16053282448291029,,
excrement,maxmonth_pre,0.027011039278725578,0.581661537212511,,
combination,maxmonth_pre,0.027037197875702176,0.6022755264566055,,
shelter,maxmonth_pre,0.02709026709494318,0.3929683431452441,,
appetite,maxmonth_pre,0.027224248413688167,0.5068135336345166,,
speaker,maxmonth_pre,0.02731150933583173,0.5590939551329555,,
rudder,maxmonth_pre,0.027332383087185223,0.614957774404603,,
sunset,maxmonth_pre,0.027560472371942285,0.5402753778875512,,
tray,maxmonth_pre,0.027589810275734185,0.6327901126650315,,
confusion,maxmonth_pre,0.027847074510852773,0.49651062250990596,,
ambush,maxmonth_pre,0.027926455548892164,0.5861663721894569,,
trouble,maxmonth_pre,0.02792778223226881,0.3758285769207039,,
companion,maxmonth_pre,0.027994492786992897,0.5040678857486409,,
core,maxmonth_pre,0.028037830279286528,0.5292904141183462,,
danger,maxmonth_pre,0.02804082405268346,0.47862689159382493,,
hesitation,maxmonth_pre,0.02808763885970436,0.5714101415697234,,
throat,maxmonth_pre,0.02816202896731529,0.25232930179658786,,
grove,maxmonth_pre,0.028282415655787475,0.6408536500656126,,
motion,maxmonth_pre,0.02835330382021841,0.5182697799620282,,
faith,maxmonth_pre,0.028455736539269652,0.5267961246082958,,
inheritance,maxmonth_pre,0.02849003048812957,0.545379147773495,,
mum,maxmonth_pre,0.028498318059275225,0.7801996202277385,,
process,maxmonth_pre,0.0286640438543798,0.45062034041812415,,
decay,maxmonth_pre,0.0286910744195042,0.49630107482683283,,
contraction,maxmonth_pre,0.02895223213413212,0.6175928304754205,,
town,maxmonth_pre,0.028992275891751993,0.5365076001005559,,
bargain,maxmonth_pre,0.02907655826553235,0.6063337721233055,,
space,maxmonth_pre,0.029156645336045322,0.2918072404167409,,
bastard,maxmonth_pre,0.029413637992673523,0.520455795984736,,
scar,maxmonth_pre,0.029535293490025736,0.41744145840661684,,
messenger,maxmonth_pre,0.029543037822652118,0.43622107552660183,,
vowel,maxmonth_pre,0.029690016829391333,0.6783590804829867,,
breathing,maxmonth_pre,0.029699412717058383,0.385849471992429,,
understanding,maxmonth_pre,0.029709990050179012,0.4536312323031729,,
difficulty,maxmonth_pre,0.029760957406157782,0.3403223307946376,,
custom,maxmonth_pre,0.029784370054205804,0.3800647396499608,,
peel,maxmonth_pre,0.02985788731122808,0.4198744692591446,,
saint,maxmonth_pre,0.02986026518081445,0.645650375044578,,
arrangement,maxmonth_pre,0.030009834333747713,0.426900113270477,,
bachelor,maxmonth_pre,0.030135175553249724,0.5088129443951019,,
spoon,maxmonth_pre,0.030193042018833664,0.36757789923767736,,
news,maxmonth_pre,0.030228215804680512,0.3587910233547966,,
mix,maxmonth_pre,0.03027928355069183,0.23033015472533253,,
crown,maxmonth_pre,0.030298053353972565,0.3576227331359006,,
midnight,maxmonth_pre,0.030331070091359193,0.39236619338849893,,
extract,maxmonth_pre,0.03036626291516949,0.4693263692905323,,
grip,maxmonth_pre,0.030461497180291945,0.5508189209863213,,
sugar,maxmonth_pre,0.030584330299142187,0.41756579645021125,,
boat,maxmonth_pre,0.03072495172459611,0.49901698286820184,,
vision,maxmonth_pre,0.03082019675718227,0.27779578289203455,,
lily,maxmonth_pre,0.03087496761556052,0.5664099939767347,,
strength,maxmonth_pre,0.031004125188170077,0.23897861202114049,,
metal,maxmonth_pre,0.03130179860989486,0.4362233384942682,,
hell,maxmonth_pre,0.03132962170048973,0.5051993899165282,,
agreement,maxmonth_pre,0.03135472702807456,0.352615139497128,,
axe,maxmonth_pre,0.031794803178361454,0.4904960198519897,,
height,maxmonth_pre,0.03182908833508643,0.28331686640065057,,
belonging,maxmonth_pre,0.0318333136796968,0.6469147697904585,,
ridicule,maxmonth_pre,0.032076445583004556,0.4734958552163722,,
ache,maxmonth_pre,0.032134644138034296,0.43400142008017645,,
cheek,maxmonth_pre,0.032395710302194645,0.21859693626976043,,
relation,maxmonth_pre,0.03245639748946913,0.3726652899450993,,
murder,maxmonth_pre,0.03249128666944003,0.39792494605032486,,
profit,maxmonth_pre,0.03263831980767953,0.4511641444620583,,
one,maxmonth_pre,0.032640144001169984,0.4962862648801406,,
twine,maxmonth_pre,0.03266112930837382,0.5246818056198002,,
spectacle,maxmonth_pre,0.03285902988960901,0.4524247071979537,,
harp,maxmonth_pre,0.032878862441000106,0.5872144842263336,,
union,maxmonth_pre,0.03304152715402264,0.5784430637561891,,
repetition,maxmonth_pre,0.03312851602849925,0.4835026657839135,,
fold,maxmonth_pre,0.033300060204536575,0.21554187723846877,,
existence,maxmonth_pre,0.03347688004273834,0.5270391077382846,,
web,maxmonth_pre,0.03348518379577026,0.3305832616919669,,
loan,maxmonth_pre,0.03371331825053079,0.5013437644781648,,
ceiling,maxmonth_pre,0.033754106587831526,0.5303677495070042,,
madness,maxmonth_pre,0.034195287391242085,0.49959176351977413,,
savior,maxmonth_pre,0.0342011883845207,0.4938880023618654,,
effect,maxmonth_pre,0.03429812403941566,0.3141861500738642,,
greeting,maxmonth_pre,0.034358584593878125,0.49326548957408844,,
stake,maxmonth_pre,0.03449305070777872,0.38676694918005883,,
ridge,maxmonth_pre,0.03454093895104872,0.4472500318872189,,
earth,maxmonth_pre,0.03458594579251089,0.24495338924718785,,
sling,maxmonth_pre,0.034872590898614345,0.44902638964443237,,
habit,maxmonth_pre,0.034928213880223026,0.3698198100305371,,
glow,maxmonth_pre,0.03508547922738857,0.48942296058354795,,
nail,maxmonth_pre,0.03510537208465474,0.13950882324079106,,
trough,maxmonth_pre,0.03510714877667844,0.4735888785508688,,
farm,maxmonth_pre,0.035178777203294764,0.6523276485064321,,
rubbish,maxmonth_pre,0.035275021743456446,0.456997047536831,,
substitute,maxmonth_pre,0.03541268419257816,0.44805153497115446,,
size,maxmonth_pre,0.03560459241910676,0.2315728767737363,,
thickness,maxmonth_pre,0.03567490504654392,0.370243217010335,,
stomach,maxmonth_pre,0.035751861431968235,0.23401651080210942,,
uncle,maxmonth_pre,0.035859261344591616,0.38215408432307346,,
jaw,maxmonth_pre,0.03586911934639283,0.26575818451163935,,
tradition,maxmonth_pre,0.035869348792465366,1,,
drizzle,maxmonth_pre,0.035976775826106845,0.45579996017100516,,
jealousy,maxmonth_pre,0.0360819139617508,0.38381714356956614,,
indication,maxmonth_pre,0.036175411247858356,0.451907718159469,,
lump,maxmonth_pre,0.03625815394742529,0.37850886051690574,,
skin,maxmonth_pre,0.03627064467036767,0.15168741752335585,,
elbow,maxmonth_pre,0.0362735326837657,0.22948456758740365,,
knot,maxmonth_pre,0.036419301037613754,0.2028421332843197,,
greed,maxmonth_pre,0.036481661742770594,0.5500820135983623,,
perch,maxmonth_pre,0.036581779367897325,0.5150011723635582,,
caterpillar,maxmonth_pre,0.0366860300312291,0.45264463775148095,,
accusation,maxmonth_pre,0.03678497014687642,0.4220464670328526,,
cough,maxmonth_pre,0.0368486164408419,0.24324725604843186,,
shoulder,maxmonth_pre,0.03694278068825924,0.10239147076135656,,
hump,maxmonth_pre,0.0370675326175158,0.44852594182456207,,
cob,maxmonth_pre,0.037074740097537175,0.6256881391348756,,
influence,maxmonth_pre,0.03725598184367232,0.3483412575086364,,
sieve,maxmonth_pre,0.037365980951124304,0.3664350304370738,,
animal,maxmonth_pre,0.037388687868342325,0.226652362067844,,
fare,maxmonth_pre,0.03748582259821266,0.5630925332903732,,
lust,maxmonth_pre,0.03788695128575597,0.5145923525327031,,
liquid,maxmonth_pre,0.037903387954037124,0.2975256232966424,,
beauty,maxmonth_pre,0.037925060601322,0.40700209256955994,,
acid,maxmonth_pre,0.03805202883031871,0.5032719998470647,,
presence,maxmonth_pre,0.03806419682879723,0.27265964883595334,,
soul,maxmonth_pre,0.03806550135583288,0.35335604946714516,,
property,maxmonth_pre,0.03831870329676172,0.3006167705928545,,
response,maxmonth_pre,0.03842138456070843,0.48701588297371795,,
una,maxmonth_pre,0.038429631041473025,0.6561921643958019,,
contact,maxmonth_pre,0.038519091615046554,0.27844784471036876,,
shape,maxmonth_pre,0.038531411634637316,0.1417615540454668,,
bean,maxmonth_pre,0.038750858769721334,0.4138159705561711,,
duration,maxmonth_pre,0.038875283691814276,0.4499228104714811,,
blade,maxmonth_pre,0.03923972832080833,0.263933986669632,,
strip,maxmonth_pre,0.03937369576564942,0.25912280080940575,,
shame,maxmonth_pre,0.03943994949267287,0.17164325591793075,,
surprise,maxmonth_pre,0.039668834793716135,0.25388392433118595,,
hawk,maxmonth_pre,0.03978414945259943,0.3374870133359312,,
bubble,maxmonth_pre,0.03979419309155266,0.1904450998760652,,
creator,maxmonth_pre,0.03979666459799563,0.44764172585729667,,
leak,maxmonth_pre,0.0399936814301912,0.2712830826477156,,
song,maxmonth_pre,0.040024944624958744,0.2316509231697465,,
sorrow,maxmonth_pre,0.04025320849863534,0.3304165869664253,,
dew,maxmonth_pre,0.04025949134998437,0.2367379738624255,,
errand,maxmonth_pre,0.040436697035286275,0.5420647928014872,,
conclusion,maxmonth_pre,0.04044603507609487,0.350894481477781,,
increase,maxmonth_pre,0.040577468138321575,0.20893921615311076,,
ocean,maxmonth_pre,0.040628817845840985,0.4277414131688535,,
rot,maxmonth_pre,0.04069156004175562,0.3176578839622948,,
swarm,maxmonth_pre,0.04071255576406845,0.369686925085714,,
god,maxmonth_pre,0.040830399138882756,0.3737092101695591,,
anger,maxmonth_pre,0.0408307563898985,0.13337322729297504,,
filth,maxmonth_pre,0.04086277296470102,0.37276975276326785,,
offspring,maxmonth_pre,0.04086406012720365,0.35217527069955223,,
others,maxmonth_pre,0.04100394157071649,0.26202049135563316,,
ancestor,maxmonth_pre,0.04106091630735104,0.3891764686162454,,
protection,maxmonth_pre,0.04120518278290179,0.3080073471818307,,
trigger,maxmonth_pre,0.04124666910136547,0.5256875952326133,,
hunger,maxmonth_pre,0.04132281999164619,0.17037828881147643,,
gale,maxmonth_pre,0.041327581694943376,0.5121728304831388,,
yesterday,maxmonth_pre,0.04166971680934894,0.3166609919311949,,
obstruction,maxmonth_pre,0.04167475758657454,0.4630097448899625,,
splinter,maxmonth_pre,0.041771114153850285,0.3673065823528372,,
weapon,maxmonth_pre,0.04194368297283896,0.5151187310994243,,
exclamation,maxmonth_pre,0.04198819267304902,0.4703641418067583,,
hunting,maxmonth_pre,0.04201316046069957,0.3571005693405442,,
necessity,maxmonth_pre,0.04206377606808318,0.3189682138607555,,
slap,maxmonth_pre,0.04214679150527842,0.3038354084318347,,
image,maxmonth_pre,0.042532341309889476,0.31928286643210846,,
neck,maxmonth_pre,0.04268946971423085,0.07015306703455823,,
bow,maxmonth_pre,0.04289646268463449,0.1073755468000025,,
hip,maxmonth_pre,0.043437523581632304,0.2083100497970399,,
calamity,maxmonth_pre,0.04369124497031566,0.45617463808895464,,
moss,maxmonth_pre,0.04379399025018412,0.4126434694311784,,
noise,maxmonth_pre,0.043874127557344794,0.12375307154019394,,
contest,maxmonth_pre,0.04390532491305805,0.3568687687402313,,
pitcher,maxmonth_pre,0.044013200811346305,0.44481359169408186,,
bible,maxmonth_pre,0.04415074127644668,0.5124897731102499,,
bum,maxmonth_pre,0.044257345958837846,0.4234642271435266,,
hole,maxmonth_pre,0.04431369687358076,0.09772733294801833,,
tobacco,maxmonth_pre,0.04432016704636312,0.3078886841532427,,
practice,maxmonth_pre,0.044465397169929276,0.16972404751346779,,
hint,maxmonth_pre,0.04463509150136031,0.394505819484452,,
witch,maxmonth_pre,0.044848900048904905,0.45175181427484945,,
dispute,maxmonth_pre,0.04497946629394882,0.2653014835469927,,
nod,maxmonth_pre,0.04524098163940942,0.31985679807973566,,
likeness,maxmonth_pre,0.04537021058977465,0.36801205490272093,,
ape,maxmonth_pre,0.04557126184020194,0.5251475298873337,,
string,maxmonth_pre,0.045574909316493106,0.11566808206670455,,
grandchild,maxmonth_pre,0.04570652158474271,0.4182331590937782,,
gum,maxmonth_pre,0.045824816173135635,0.18320546770467747,,
rain,maxmonth_pre,0.0458514623229632,0.06083643512515196,,
stage,maxmonth_pre,0.04588136351930436,0.26991953595635354,,
strand,maxmonth_pre,0.04606285852589712,0.41077975586896137,,
teeth,maxmonth_pre,0.04634491974804196,0.069364206574315,,
chicken,maxmonth_pre,0.046409386902524156,0.41882191802907687,,
mother-in-law,maxmonth_pre,0.04678809950806257,0.351609838567074,,
bulge,maxmonth_pre,0.046864597749096376,0.43301836527950177,,
deceit,maxmonth_pre,0.04692237278045859,0.41675051697408333,,
pigeon,maxmonth_pre,0.04735651367174484,0.26495290226730717,,
consideration,maxmonth_pre,0.04737108175694663,0.2907163474905868,,
color,maxmonth_pre,0.04759823412055561,0.11729652700855452,,
sickle,maxmonth_pre,0.047645986540897495,0.3527329417010728,,
blindness,maxmonth_pre,0.047867121438404034,0.3234807532418691,,
sir,maxmonth_pre,0.047880115651760854,0.4057905566093877,,
aunt,maxmonth_pre,0.048078208447888376,0.25049197195633666,,
barber,maxmonth_pre,0.04814720242489897,0.3071741501776023,,
potato,maxmonth_pre,0.04826410248078027,0.358491945444725,,
blessing,maxmonth_pre,0.04829424492094188,0.30037528469247116,,
weed,maxmonth_pre,0.04830310442766493,0.23388139913250927,,
garden,maxmonth_pre,0.048472561678848544,0.3132736430889022,,
quarrel,maxmonth_pre,0.04849497145412545,0.14736247904191918,,
stain,maxmonth_pre,0.048495645191961145,0.2638096937953407,,
bile,maxmonth_pre,0.04856455155909013,0.4107863707928214,,
defeat,maxmonth_pre,0.04876863755888752,0.21653077411136248,,
corner,maxmonth_pre,0.04880422015560751,0.10463607847012964,,
fatigue,maxmonth_pre,0.04891013361988822,0.2904092005047893,,
acquaintance,maxmonth_pre,0.048988556126370986,0.24295382108390118,,
filter,maxmonth_pre,0.049017053700484904,0.3419225015521102,,
floor,maxmonth_pre,0.04922654579219155,0.16394095753976554,,
moon,maxmonth_pre,0.04938037275477097,0.10108029077807205,,
path,maxmonth_pre,0.04946741590095667,0.16111134540184702,,
desire,maxmonth_pre,0.049478425805630576,0.15176115519576974,,
scoop,maxmonth_pre,0.049553077127783375,0.3138941642962847,,
blister,maxmonth_pre,0.0496590959723089,0.2190379539249131,,
knife,maxmonth_pre,0.049703077466513486,0.09324955609933949,,
widower,maxmonth_pre,0.049747123405589906,0.27046610888653394,,
reflection,maxmonth_pre,0.04976592939691076,0.23007392153029566,,
sauce,maxmonth_pre,0.04983493146985549,0.4787334745367645,,
egg,maxmonth_pre,0.0500703709794683,0.04625143217379809,,
satisfaction,maxmonth_pre,0.05053157993631802,0.2583527545198708,,
entrance,maxmonth_pre,0.050538106189019084,0.1367744774080422,,
sob,maxmonth_pre,0.050623767923474644,0.22555067652245858,,
excitement,maxmonth_pre,0.05066071593048866,0.29954467769577975,,
imitation,maxmonth_pre,0.050697353070071706,0.32041146720437164,,
thumb,maxmonth_pre,0.050861197491292726,0.10564528704632481,,
occasion,maxmonth_pre,0.05092590553489857,0.15010389022426857,,
destruction,maxmonth_pre,0.05094437429656334,0.38322356188460605,,
diarrhea,maxmonth_pre,0.051058128118037,0.23113900933025822,,
rainbow,maxmonth_pre,0.05118387930421686,0.18144837436723965,,
vicinity,maxmonth_pre,0.05123485142062126,0.32619629980088855,,
pillar,maxmonth_pre,0.05123894670314344,0.26262505657724533,,
arrow,maxmonth_pre,0.051301362789918606,0.2574429629627611,,
din,maxmonth_pre,0.05149048214389119,0.4883135871881837,,
kit,maxmonth_pre,0.051704668009500035,0.49958635206670027,,
pad,maxmonth_pre,0.051733570986606074,0.2776159144834305,,
wedge,maxmonth_pre,0.05177294806230565,0.2622010888143782,,
com,maxmonth_pre,0.05190496784515407,0.47629462604120365,,
discourse,maxmonth_pre,0.05211709674442199,0.39941778080181467,,
fire,maxmonth_pre,0.052190055801191654,0.02645965447171644,,
maid,maxmonth_pre,0.05225012159242232,0.33267045252591876,,
navel,maxmonth_pre,0.05272377719349452,0.21439227304396086,,
honor,maxmonth_pre,0.052779844102278844,0.1664220726655538,,
breast,maxmonth_pre,0.0529336111302674,0.048078397298912764,,
completion,maxmonth_pre,0.053031508131031815,0.25610775035508754,,
belief,maxmonth_pre,0.05316229143229493,0.2019171556585144,,
promise,maxmonth_pre,0.05327334422255699,0.06261121243899789,,
mouth,maxmonth_pre,0.053377285137978465,0.02309345681154051,,
yawn,maxmonth_pre,0.053474018375335074,0.15183778930335595,,
ash,maxmonth_pre,0.05366771488317614,0.07986077015726757,,
comb,maxmonth_pre,0.05367126389022215,0.08491164726585469,,
resemblance,maxmonth_pre,0.0537632998944315,0.31434200532498957,,
cat,maxmonth_pre,0.05379438399738265,0.06852660885355606,,
dwarf,maxmonth_pre,0.053888421429189384,0.1919067124797435,,
twin,maxmonth_pre,0.05393670487347957,0.13605449954574533,,
tin,maxmonth_pre,0.05407353138066484,0.19727990807630388,,
widow,maxmonth_pre,0.054215458461915944,0.1065490228690467,,
thief,maxmonth_pre,0.054307696981333385,0.0775848620224435,,
collection,maxmonth_pre,0.05449508375662105,0.22695141547762632,,
miracle,maxmonth_pre,0.05460935243847687,0.28349165139594246,,
swamp,maxmonth_pre,0.05463550094819785,0.34582656580296717,,
frying,maxmonth_pre,0.05469290025410113,0.30828444088839463,,
itch,maxmonth_pre,0.05470570416315394,0.1175785491077778,,
reply,maxmonth_pre,0.05471624127892263,0.18811763299600104,,
sponge,maxmonth_pre,0.054998870119366446,0.30426508020073795,,
share,maxmonth_pre,0.05506688406827368,0.037451936823933114,,
miscarriage,maxmonth_pre,0.055121105723679786,0.1913190971063959,,
generation,maxmonth_pre,0.05520601864672302,0.18314240056983136,,
cavity,maxmonth_pre,0.05524267835272026,0.15338828186474224,,
disgust,maxmonth_pre,0.05571631752493982,0.21651654780563304,,
trumpet,maxmonth_pre,0.05574403915911001,0.18734366131537825,,
wax,maxmonth_pre,0.05592453635515117,0.11852087959256563,,
laborer,maxmonth_pre,0.05602580166955277,0.27273808375755637,,
longing,maxmonth_pre,0.056041195777530216,0.2914916628367228,,
toe,maxmonth_pre,0.056155792927429116,0.09428926292047655,,
groom,maxmonth_pre,0.05624347675359697,0.3591911261953953,,
kingdom,maxmonth_pre,0.056358454108487284,0.20427444103826634,,
quantity,maxmonth_pre,0.05645849953027411,0.18411385115895915,,
heap,maxmonth_pre,0.05654856794295381,0.1532964377648085,,
deer,maxmonth_pre,0.05655484147492547,0.3758195692669327,,
riddle,maxmonth_pre,0.05707074596099937,0.2573976945794808,,
wood,maxmonth_pre,0.057516665863084675,0.030122818258155673,,
razor,maxmonth_pre,0.057576551919492826,0.141662183148052,,
atmosphere,maxmonth_pre,0.05816457242976456,0.28692838846516994,,
dirt,maxmonth_pre,0.058741004159695506,0.049843665995058274,,
smallpox,maxmonth_pre,0.05874319659829776,0.3247649581911672,,
message,maxmonth_pre,0.058799523086166657,0.0977875789897166,,
fireplace,maxmonth_pre,0.0589567751637841,0.33940913700178377,,
load,maxmonth_pre,0.05902719461184653,0.06225390300565667,,
honey,maxmonth_pre,0.0597517522174033,0.11376364311937073,,
vessel,maxmonth_pre,0.059806498893154425,0.22742689787645465,,
respect,maxmonth_pre,0.05981123393180141,0.04824762124011081,,
sin,maxmonth_pre,0.059855586511248886,0.21464403435945184,,
gunpowder,maxmonth_pre,0.06033339387461632,0.2885788853254,,
slice,maxmonth_pre,0.06048595777704771,0.16875424192125443,,
ladder,maxmonth_pre,0.060511459093446414,0.07976085904469549,,
pulp,maxmonth_pre,0.060612693753332364,0.3133122735162589,,
sting,maxmonth_pre,0.0606139399254106,0.0829716882068669,,
pleasure,maxmonth_pre,0.06136907265084381,0.18561156324910222,,
tip,maxmonth_pre,0.06137845128068049,0.07206044749528766,,
forehead,maxmonth_pre,0.06145176146753658,0.06254244429171074,,
punishment,maxmonth_pre,0.061506001745261885,0.08408475095162149,,
dot,maxmonth_pre,0.06152692306751064,0.19891171889470385,,
utensil,maxmonth_pre,0.06164109757220554,0.24981827598563203,,
utterance,maxmonth_pre,0.061894359812812605,0.24726317530557934,,
bribe,maxmonth_pre,0.06203445118783434,0.19190457099136943,,
emphasis,maxmonth_pre,0.06211734301002548,1,,
rebuke,maxmonth_pre,0.06225471363289103,0.2611769595887355,,
trader,maxmonth_pre,0.06225998908407783,0.24445261331452983,,
association,maxmonth_pre,0.06241193445135528,0.18870192075624234,,
womb,maxmonth_pre,0.06260779745476142,0.07117623701878585,,
sake,maxmonth_pre,0.06270600158770555,0.18302993781849627,,
bird,maxmonth_pre,0.06271309247709088,0.03532685860719568,,
forgiveness,maxmonth_pre,0.06273164782337848,0.23844803305658774,,
penis,maxmonth_pre,0.06325768434222855,0.25682004803415676,,
blossom,maxmonth_pre,0.0632802287231684,0.1592914958243532,,
follower,maxmonth_pre,0.0633081130958496,0.209563551839508,,
death,maxmonth_pre,0.06354260601908111,0.013924468810614914,,
butterfly,maxmonth_pre,0.06359655076675887,0.13544010634817769,,
crow,maxmonth_pre,0.06363460395613627,0.0615839492070842,,
malaria,maxmonth_pre,0.06375332180304402,0.4176415799802287,,
wisdom,maxmonth_pre,0.06383250260050237,0.14759228655439025,,
crook,maxmonth_pre,0.06388192810533731,0.2986716925269043,,
gun,maxmonth_pre,0.06399869135578981,0.10298258347631505,,
tor,maxmonth_pre,0.06444541585200425,0.3416188004975043,,
price,maxmonth_pre,0.06454257224625871,0.059870247453240676,,
eyelid,maxmonth_pre,0.06464451079506073,0.12466867237835114,,
happiness,maxmonth_pre,0.06465790421516728,0.14254636187235442,,
strainer,maxmonth_pre,0.0647189220911591,0.20067204279652476,,
length,maxmonth_pre,0.064721574345066,0.03607427625499224,,
magician,maxmonth_pre,0.06482454755796338,0.29264303027531474,,
salute,maxmonth_pre,0.06493226001025366,0.21054907752022378,,
caution,maxmonth_pre,0.06536528197015806,0.17370049952501054,,
bracelet,maxmonth_pre,0.06567769916858789,0.16897932011886746,,
net,maxmonth_pre,0.06599646652521729,0.4082827947978391,,
depth,maxmonth_pre,0.06609378072915077,0.0430201058877627,,
tom,maxmonth_pre,0.06614183953421227,0.32266168302190085,,
distress,maxmonth_pre,0.06624325242483643,0.18860849541998362,,
buttock,maxmonth_pre,0.06656605428312291,0.10836035676600507,,
mode,maxmonth_pre,0.0671693453407253,0.380466938885491,,
thread,maxmonth_pre,0.06727480839168924,0.03167172638774463,,
sens,maxmonth_pre,0.06744692685017034,0.24780340008148688,,
parable,maxmonth_pre,0.0675032034153394,0.27533653056395097,,
foam,maxmonth_pre,0.06832592228231552,0.028157202007991537,,
consent,maxmonth_pre,0.06833912819520707,0.09085572525425177,,
remembrance,maxmonth_pre,0.06844242735842299,0.16476433321285794,,
skull,maxmonth_pre,0.06844377472531951,0.04071460693832252,,
kin,maxmonth_pre,0.06846907856412272,0.2891158049601751,,
birth,maxmonth_pre,0.0686335326669038,0.011745508692268456,,
proverb,maxmonth_pre,0.06875290263107332,0.2281338046646884,,
funnel,maxmonth_pre,0.06894917011613311,0.16846090852890114,,
plate,maxmonth_pre,0.06901878463400644,0.034070460576007974,,
ghost,maxmonth_pre,0.06905493204514891,0.07814893651195556,,
taste,maxmonth_pre,0.06916389290551439,0.0032170221353703798,,
dance,maxmonth_pre,0.0697499082807429,0.05759095925100965,,
idol,maxmonth_pre,0.0697759659942109,0.2677419281612509,,
mixture,maxmonth_pre,0.0698970586204091,0.08545497573877543,,
spittle,maxmonth_pre,0.07001043106192546,0.1012389216957178,,
violence,maxmonth_pre,0.07009454501476034,0.2387786292396778,,
carving,maxmonth_pre,0.07017040154787516,0.20693480112245424,,
midwife,maxmonth_pre,0.07025644766225715,0.11556788424078185,,
hatch,maxmonth_pre,0.07068160186812017,0.09688853629041543,,
famine,maxmonth_pre,0.07134260874785903,0.07928992086544147,,
tongs,maxmonth_pre,0.07134369341534437,0.1372982916066004,,
dove,maxmonth_pre,0.07150750272990089,0.09462548624119155,,
knuckle,maxmonth_pre,0.0715087920676684,0.19740453933769203,,
ankle,maxmonth_pre,0.07179573578267864,0.03131040945533351,,
descent,maxmonth_pre,0.07179799446064072,0.13575114520019507,,
food,maxmonth_pre,0.07195180987470076,0.009746477043450316,,
stalk,maxmonth_pre,0.07198166427010474,0.08060912509654576,,
ram,maxmonth_pre,0.07215233934694593,0.16773112290394068,,
stripe,maxmonth_pre,0.07222644452397425,0.11272432738353735,,
lamp,maxmonth_pre,0.07226609522229455,0.039319489195427486,,
massage,maxmonth_pre,0.07233745967908871,0.2557183856406356,,
cradle,maxmonth_pre,0.07248418043858659,0.2105250395690555,,
childbirth,maxmonth_pre,0.07261078621566215,0.1414695970378344,,
vow,maxmonth_pre,0.07282503950627614,0.18252730246031612,,
plot,maxmonth_pre,0.07283934366552716,0.0655880430567105,,
attribute,maxmonth_pre,0.0729266419002466,0.19432657194961225,,
charcoal,maxmonth_pre,0.073221123427763,0.06790035528250137,,
fence,maxmonth_pre,0.07364456494435609,0.028631971505458723,,
toad,maxmonth_pre,0.07385616918009079,0.18144573213705767,,
malice,maxmonth_pre,0.07394599527478404,0.15812574345610894,,
testicle,maxmonth_pre,0.07398260743754094,0.09640518376488703,,
disciple,maxmonth_pre,0.07418456923095339,0.17790257825097922,,
glory,maxmonth_pre,0.07433330378455667,0.10631925414108624,,
edge,maxmonth_pre,0.0746676326885125,0.0036253262737256805,,
anchor,maxmonth_pre,0.07500241534846706,0.20952113958176652,,
warp,maxmonth_pre,0.07531399189372841,0.2337113474032951,,
sinner,maxmonth_pre,0.07572576196576825,0.13883143882435603,,
deception,maxmonth_pre,0.07582879939503853,0.14188406802400175,,
bench,maxmonth_pre,0.07585220724324794,0.0957226060166545,,
market,maxmonth_pre,0.07590218026653359,0.16828827438158356,,
pu,maxmonth_pre,0.07609812388175133,0.05777961845013695,,
vomit,maxmonth_pre,0.07646932272360071,0.011907965277564412,,
evil,maxmonth_pre,0.07649519433765954,0.030664349154084482,,
pond,maxmonth_pre,0.07662056877325658,0.07063779092463837,,
odor,maxmonth_pre,0.07681446899348067,0.06706826706566561,,
disease,maxmonth_pre,0.07687406728890653,0.017558231977567038,,
temptation,maxmonth_pre,0.07692095599674403,0.10683995449693653,,
stream,maxmonth_pre,0.07702268943158667,0.07473562932871296,,
squirrel,maxmonth_pre,0.07710453905761043,0.21371482387043428,,
judgment,maxmonth_pre,0.07718897320800835,0.09435080092663956,,
blacksmith,maxmonth_pre,0.07734707169914544,0.1686204984133094,,
corpse,maxmonth_pre,0.07756629411682385,0.04662024954724455,,
turtle,maxmonth_pre,0.07760020933061658,0.1806526853035593,,
performance,maxmonth_pre,0.0776810646354072,0.15914433056409472,,
rod,maxmonth_pre,0.07772306797065164,0.06688754610077073,,
omen,maxmonth_pre,0.07779951613487329,0.15012789361987772,,
weave,maxmonth_pre,0.07815685010099943,0.0433964319862797,,
coin,maxmonth_pre,0.07826927602054104,0.07640971652406493,,
sword,maxmonth_pre,0.07828375178518562,0.07183188737467872,,
branch,maxmonth_pre,0.07857122068221142,0.0024579200292903208,,
doorway,maxmonth_pre,0.07865604894755786,0.18701470624415756,,
abuse,maxmonth_pre,0.07898101923321328,0.06433450255783257,,
expression,maxmonth_pre,0.078989540024089,0.013307959777662188,,
mud,maxmonth_pre,0.07902514990685185,0.0073210711127394915,,
river,maxmonth_pre,0.07907536654885916,0.04625428958685133,,
corn,maxmonth_pre,0.07944180366503187,0.12308737874835474,,
water,maxmonth_pre,0.08018956089417482,1.6161446215401281e-4,,
darkness,maxmonth_pre,0.08025171717643217,0.03386944942326847,,
crest,maxmonth_pre,0.08035855603078017,0.06360651214262757,,
boil,maxmonth_pre,0.08042153114990236,0.0016822806199412016,,
surface,maxmonth_pre,0.08089857111961916,0.020297261691249,,
ulcer,maxmonth_pre,0.08090809542871716,0.1281362883134033,,
abdomen,maxmonth_pre,0.08101460990021395,0.08690077517111182,,
bud,maxmonth_pre,0.08131132238736663,0.055206000279854166,,
finger,maxmonth_pre,0.08184899567532515,0.0018982915545215865,,
eel,maxmonth_pre,0.08220826617020772,0.15035588676879066,,
ray,maxmonth_pre,0.08288045257792175,0.08788087815771428,,
container,maxmonth_pre,0.08301091281430802,0.33435154832999253,,
charm,maxmonth_pre,0.08324639013777292,0.12792786009895812,,
twig,maxmonth_pre,0.08344064225891226,0.026314499551198318,,
bowel,maxmonth_pre,0.08364229828253952,0.03991652120224843,,
wealth,maxmonth_pre,0.08366195739152013,0.05718293726784809,,
instrument,maxmonth_pre,0.08392306471144872,0.016233450402501813,,
pulse,maxmonth_pre,0.0839333201349715,0.10069078023623916,,
mouthful,maxmonth_pre,0.08427807701336743,0.1376636709271697,,
being,maxmonth_pre,0.08470170057138354,0.2068866230072194,,
boundary,maxmonth_pre,0.08524890972616254,0.01690618618405709,,
vagina,maxmonth_pre,0.08530371011768342,0.18927954622711038,,
annoyance,maxmonth_pre,0.08557283555976472,0.07410816062003613,,
kerosene,maxmonth_pre,0.08557354488158381,0.280743445618727,,
loin,maxmonth_pre,0.0857307376992641,0.20753834681545896,,
perspiration,maxmonth_pre,0.08592298853416781,0.035648390990160435,,
lag,maxmonth_pre,0.08604151735990244,0.24100365582989863,,
revenge,maxmonth_pre,0.08633772618422055,0.030480589459571498,,
lap,maxmonth_pre,0.08669227988232757,0.04073220904574578,,
belly,maxmonth_pre,0.08676160824935951,0.02408513520513785,,
obstacle,maxmonth_pre,0.08770909303916766,0.0652481991049261,,
funeral,maxmonth_pre,0.08774221593091915,0.12299883256829003,,
powder,maxmonth_pre,0.08810120626729946,0.008006031277295097,,
thorn,maxmonth_pre,0.08814807353480088,0.01165634246551478,,
trunk,maxmonth_pre,0.08830879120091852,0.006717482465277075,,
salt,maxmonth_pre,0.08850333017236459,2.863651888436186e-4,,
mushroom,maxmonth_pre,0.08870609946299526,0.10307330501294526,,
stump,maxmonth_pre,0.08884148908337067,0.029178822627314655,,
portion,maxmonth_pre,0.08944886854540314,0.02729070545959306,,
spear,maxmonth_pre,0.08964763193574278,0.06699620465419764,,
hunter,maxmonth_pre,0.08966592044079442,0.046339021738627834,,
elder,maxmonth_pre,0.08984681191381035,0.0452291032730694,,
decoration,maxmonth_pre,0.08993861059858894,0.06394221801812888,,
abortion,maxmonth_pre,0.09030491227212538,0.04937576037743958,,
trap,maxmonth_pre,0.0903524846494252,0.021071330321474006,,
coil,maxmonth_pre,0.09093468760164569,0.017230176899094347,,
address,maxmonth_pre,0.09098000747302804,0.0442998191627913,,
oyster,maxmonth_pre,0.09104610556502477,0.20710162886065003,,
prohibition,maxmonth_pre,0.0910921827883452,0.10934646860555554,,
peep,maxmonth_pre,0.0910983017706391,0.07678395646845185,,
disregard,maxmonth_pre,0.09117282855289555,0.09154903882391845,,
broom,maxmonth_pre,0.09175664811959791,0.010496656317874746,,
sun,maxmonth_pre,0.09195859087387331,9.444247354853836e-4,,
foliage,maxmonth_pre,0.09212720071708132,0.11127316165220143,,
oil,maxmonth_pre,0.09231993293565247,0.0030871876313294925,,
poison,maxmonth_pre,0.09245658648436993,0.004036453149481019,,
spider,maxmonth_pre,0.09253322318420294,0.011550309914036827,,
salvation,maxmonth_pre,0.09279168564766774,0.08772570458627496,,
fever,maxmonth_pre,0.09283648888314866,0.0036719302409835394,,
compensation,maxmonth_pre,0.09336494363365103,0.14907482061436114,,
measurement,maxmonth_pre,0.09411624484387042,0.05688986212771843,,
theft,maxmonth_pre,0.0943507765624269,0.020598152606015923,,
vegetable,maxmonth_pre,0.09479473845318519,0.016984266604633227,,
dye,maxmonth_pre,0.09484863225824534,0.020235184756382862,,
chalk,maxmonth_pre,0.09496512680439669,0.06636126259412099,,
beak,maxmonth_pre,0.09563441210941276,0.006261099587542659,,
father-in-law,maxmonth_pre,0.09604505083014274,0.061143324303119514,,
beetle,maxmonth_pre,0.09613991777206929,0.05000544647118015,,
baptism,maxmonth_pre,0.09714876509440196,0.14235930998142454,,
breadth,maxmonth_pre,0.09804116780505549,0.03742929684771795,,
grunt,maxmonth_pre,0.09836578284976816,0.09018122791312869,,
cucumber,maxmonth_pre,0.09848729515901684,0.07109432366963378,,
feast,maxmonth_pre,0.09856489794467185,0.03617096911095047,,
raft,maxmonth_pre,0.0988433632858639,0.07194656928785652,,
tag,maxmonth_pre,0.09897893130467465,0.19070309315230688,,
rite,maxmonth_pre,0.09932642687663738,0.11661366770631904,,
gesture,maxmonth_pre,0.09939806488216499,0.04078464669746011,,
snout,maxmonth_pre,0.09948578226628217,0.03972153524312622,,
earthquake,maxmonth_pre,0.10008190109060887,0.007814664166597802,,
flavor,maxmonth_pre,0.10021254431617233,0.016635524632240793,,
spike,maxmonth_pre,0.10031639781858759,0.03610683358814161,,
procession,maxmonth_pre,0.10034678900180566,0.07403467893527835,,
bait,maxmonth_pre,0.10035036348802402,0.029073731783845834,,
pride,maxmonth_pre,0.10107381903196151,0.022726563475647495,,
grass,maxmonth_pre,0.10176009081601746,0.0038932175527596176,,
brim,maxmonth_pre,0.10210385113719266,0.026462323522222858,,
potter,maxmonth_pre,0.10231744767020391,0.030936382694430394,,
king,maxmonth_pre,0.10236466342675558,0.049167176719977494,,
invitation,maxmonth_pre,0.10237742980769987,0.016614561648827377,,
wrist,maxmonth_pre,0.10258098897479848,0.005104414148667454,,
shell,maxmonth_pre,0.10258160164673936,0.005931237710768057,,
magic,maxmonth_pre,0.10264707274162728,0.06626149613319014,,
fluid,maxmonth_pre,0.1030764209342009,0.02307195767471331,,
anus,maxmonth_pre,0.10349399958119274,0.025614187653294405,,
echo,maxmonth_pre,0.10499009033296514,0.008152897222599922,,
necklace,maxmonth_pre,0.10499318191729616,0.01879868853060265,,
parrot,maxmonth_pre,0.10559722674094123,0.04671173980643816,,
dancer,maxmonth_pre,0.10569875576969358,0.05068180945590183,,
bride,maxmonth_pre,0.10587459853551251,0.04099901423288551,,
lineage,maxmonth_pre,0.10594038657618707,0.14520484142566464,,
rum,maxmonth_pre,0.1061934502872219,0.16096919159614287,,
worm,maxmonth_pre,0.10673582732808887,1.3174877854874696e-4,,
stool,maxmonth_pre,0.10743023020900504,0.009891146534957665,,
rich,maxmonth_pre,0.10800583018157706,0.031426599769273186,,
sheath,maxmonth_pre,0.10818306920756869,0.007118322369441615,,
whirlpool,maxmonth_pre,0.10818466931355845,0.0287052347483161,,
prosperity,maxmonth_pre,0.10838025130491517,0.06436476549546831,,
pan,maxmonth_pre,0.10853606585771207,0.020017538556838178,,
waterfall,maxmonth_pre,0.1086297615837355,0.02608828477812259,,
flesh,maxmonth_pre,0.10917087471910848,0.0010567550566524663,,
bellow,maxmonth_pre,0.10926941220337019,0.02041719807398522,,
mucus,maxmonth_pre,0.1094126787782553,0.018602443011738305,,
plantation,maxmonth_pre,0.10963025196986852,0.14975121021173274,,
dam,maxmonth_pre,0.10986398234360262,0.029180737648917578,,
paddle,maxmonth_pre,0.10989819488894151,0.08758790473038658,,
fin,maxmonth_pre,0.1101092505474361,0.03937124754939667,,
growth,maxmonth_pre,0.11022355881045687,0.0047829541492617365,,
soot,maxmonth_pre,0.11080041394994103,0.011474714826846567,,
smell,maxmonth_pre,0.11116999607957977,1.4329533941564339e-5,,
ornament,maxmonth_pre,0.11128354409912881,0.044025363294868024,,
puberty,maxmonth_pre,0.11185127893597152,0.098416901132875,,
bail,maxmonth_pre,0.11198748473276665,0.027846607296168606,,
phlegm,maxmonth_pre,0.1129598368363908,0.018857621591124554,,
partition,maxmonth_pre,0.11347802121762264,0.021025478458244082,,
liquor,maxmonth_pre,0.11456498161396124,0.04832931826836625,,
pain,maxmonth_pre,0.11593740633935495,1.661163264381917e-6,,
brass,maxmonth_pre,0.11601013068228455,0.02046890250293856,,
sacrifice,maxmonth_pre,0.11606213401968786,0.04494820169887213,,
seed,maxmonth_pre,0.11618421472947596,3.172518286261256e-4,,
shark,maxmonth_pre,0.11700527339448348,0.15030901823975337,,
intercourse,maxmonth_pre,0.1173763627028705,0.012440661968254713,,
wrestling,maxmonth_pre,0.11876440396349408,0.04886907438831593,,
gender,maxmonth_pre,0.11897046043175522,0.1079447262086105,,
spleen,maxmonth_pre,0.11964495867131715,0.0026814509941259475,,
mortar,maxmonth_pre,0.1212307657690366,0.0017106069919021936,,
log,maxmonth_pre,0.12129177951492122,0.0061128053236932265,,
medicine,maxmonth_pre,0.12131932425697942,9.069011030424708e-4,,
tasting,maxmonth_pre,0.12145763161163908,0.010869802843288843,,
bead,maxmonth_pre,0.1214922935056882,0.0033652641748069916,,
lemon,maxmonth_pre,0.12269123070517081,0.02000426411804901,,
cultivation,maxmonth_pre,0.12274392160693166,0.027490684110985427,,
ritual,maxmonth_pre,0.12294836104808396,0.1373090048221423,,
rind,maxmonth_pre,0.12321044867542838,0.024346317368238037,,
plank,maxmonth_pre,0.12350276445538676,0.0128719227939734,,
tide,maxmonth_pre,0.12394104489823582,0.09531683647799448,,
bush,maxmonth_pre,0.12402372002992983,0.010491849431210528,,
saliva,maxmonth_pre,0.12473253340743702,4.218684262707636e-4,,
asthma,maxmonth_pre,0.12505541398858025,0.008267161146942512,,
frog,maxmonth_pre,0.12582708112057295,0.0010565848725787104,,
tiger,maxmonth_pre,0.12616951023231757,0.030819200007304988,,
rope,maxmonth_pre,0.12624032504033592,2.0115126478709253e-5,,
spice,maxmonth_pre,0.12640467786009618,0.0253671590539388,,
armpit,maxmonth_pre,0.12655660197761087,0.006187648320445568,,
monkey,maxmonth_pre,0.12737016298776108,0.017545757217867646,,
jar,maxmonth_pre,0.12765046814067574,0.026265902515540628,,
wasp,maxmonth_pre,0.12765277835041758,0.006929022124725278,,
carpenter,maxmonth_pre,0.12821978058963857,6.757924587892121e-4,,
groin,maxmonth_pre,0.12831882418835108,0.0140571651324542,,
cricket,maxmonth_pre,0.12836249860154264,0.006255032639424172,,
tortoise,maxmonth_pre,0.1284462987237011,0.015611094866852386,,
guinea,maxmonth_pre,0.1287747687555881,0.1774435164480991,,
feces,maxmonth_pre,0.12929031207464944,0.05293816695457077,,
affection,maxmonth_pre,0.13014650616833412,0.009586932294973892,,
buffalo,maxmonth_pre,0.1308258396746338,0.08555071117276597,,
mosquito,maxmonth_pre,0.1310576075652636,0.0032005959928322427,,
fishing,maxmonth_pre,0.1311729734258416,0.01729976648431316,,
insect,maxmonth_pre,0.13123183825292264,3.4581177882160564e-4,,
bundle,maxmonth_pre,0.13137784928762744,8.350574606207703e-5,,
joint,maxmonth_pre,0.13163104092015473,0.00941936047636613,,
priest,maxmonth_pre,0.13169963349999658,0.010336908632034732,,
cotton,maxmonth_pre,0.1319693357914926,0.0047948274806211295,,
enmity,maxmonth_pre,0.1323879665271424,0.022032154337642523,,
torch,maxmonth_pre,0.13272314473792815,0.0016312701074657585,,
marriage,maxmonth_pre,0.13280310304508183,1.9468702387440755e-5,,
clan,maxmonth_pre,0.1328938369849064,0.14789323587830455,,
demon,maxmonth_pre,0.13327300042325682,0.058053052434601,,
fan,maxmonth_pre,0.1335483230132662,0.0015699388686569488,,
gin,maxmonth_pre,0.13380102840098687,0.06819116451570868,,
mama,maxmonth_pre,0.134042836997293,0.1628101839969421,,
bee,maxmonth_pre,0.1347390529046207,0.0010205677832316876,,
juice,maxmonth_pre,0.13509370226664455,2.2058428345904114e-5,,
junction,maxmonth_pre,0.1357335985032765,0.007416124428739132,,
earring,maxmonth_pre,0.1376815547373911,0.016193529332265928,,
plant,maxmonth_pre,0.13786907201100554,4.0249760490035603e-05,,
pat,maxmonth_pre,0.13829666788398634,0.03188779241605906,,
alphabet,maxmonth_pre,0.1384456452684038,0.021622764170475515,,
curse,maxmonth_pre,0.13876067534106715,3.399975380022576e-4,,
sorcery,maxmonth_pre,0.1394123488605377,0.0615876719576062,,
hearth,maxmonth_pre,0.13945656698348033,0.02675286743326245,,
cock,maxmonth_pre,0.14033247032686957,0.0019428202130722051,,
sensation,maxmonth_pre,0.14101259374642466,0.007878471885918198,,
substance,maxmonth_pre,0.1416236660652881,0.002605884377650881,,
coral,maxmonth_pre,0.1418781763670823,0.05943282657334438,,
hive,maxmonth_pre,0.1428822678178365,0.031757502210282666,,
flower,maxmonth_pre,0.14322967482240984,3.282324542702894e-6,,
pumpkin,maxmonth_pre,0.14422673427997293,0.023159660256151723,,
cooking,maxmonth_pre,0.14430995065438582,4.021629033273647e-4,,
body,maxmonth_pre,0.14453207303187587,2.3427600883742341e-7,,
vine,maxmonth_pre,0.1446181349532389,0.020701685302650562,,
lizard,maxmonth_pre,0.14474711345289645,4.4273982471900716e-4,,
handful,maxmonth_pre,0.14496482548212414,0.0024791835083427375,,
maize,maxmonth_pre,0.14629669760343372,0.07431376359699457,,
noose,maxmonth_pre,0.14685371918167622,0.0070956499102778625,,
spirit,maxmonth_pre,0.1470833662368094,3.602145954073883e-5,,
preparation,maxmonth_pre,0.14760784567776183,1.2991787979175953e-5,,
ceremony,maxmonth_pre,0.15026883496570198,0.004098040813679169,,
sunshine,maxmonth_pre,0.15058985372533387,0.005855714454703757,,
bark,maxmonth_pre,0.15096589191921,7.138046759446809e-6,,
shrub,maxmonth_pre,0.15109212708149053,0.011871789477421667,,
pregnancy,maxmonth_pre,0.15280944096502885,3.926138981943753e-4,,
pig,maxmonth_pre,0.15318163975038507,0.0029039116236153173,,
worship,maxmonth_pre,0.15402788936396156,0.0012021976927915083,,
mat,maxmonth_pre,0.1543696237294423,3.8097255871889904e-4,,
ant,maxmonth_pre,0.15445798150506196,1.981829310661671e-4,,
firewood,maxmonth_pre,0.15461252905230485,0.00416990895660894,,
circumcision,maxmonth_pre,0.1552672316203618,0.06487003514232445,,
pun,maxmonth_pre,0.15587612227213005,0.06698269668867678,,
urine,maxmonth_pre,0.15674839415830555,1.3459981047130347e-6,,
pot,maxmonth_pre,0.15834992093503852,1.5067814125683328e-4,,
cluster,maxmonth_pre,0.15870358480500418,9.157120719141816e-4,,
drum,maxmonth_pre,0.15879796507177504,6.825626913484919e-5,,
fisherman,maxmonth_pre,0.15997424652798634,0.0027118722215239166,,
roof,maxmonth_pre,0.1603487667202946,1.1990817693819936e-7,,
bun,maxmonth_pre,0.16039885012522634,0.022485335308664527,,
festival,maxmonth_pre,0.16118183129250982,0.021995720538844472,,
ember,maxmonth_pre,0.1613058664484487,0.0029211513706183093,,
scrotum,maxmonth_pre,0.16134376017097743,0.01948140308812549,,
adultery,maxmonth_pre,0.16216859726944335,1.1477165067109391e-4,,
semen,maxmonth_pre,0.16227550453954498,0.0016891402082307462,,
sip,maxmonth_pre,0.16292404472008182,0.002072235278222152,,
mask,maxmonth_pre,0.16318952629971248,0.010028760215910808,,
ale,maxmonth_pre,0.16335563857499025,0.0923611958992145,,
timber,maxmonth_pre,0.16365298882002594,0.0017833989308362263,,
pal,maxmonth_pre,0.1660995893570714,0.01672424660993207,,
lime,maxmonth_pre,0.1669416644777086,1.1230059859074567e-4,,
male,maxmonth_pre,0.1679346581541677,0.025584314037005708,,
bunch,maxmonth_pre,0.16866626658762413,6.583565662213298e-6,,
pepper,maxmonth_pre,0.1728449578757176,1.8951325430454456e-4,,
kernel,maxmonth_pre,0.17379364259769206,0.0020619099190203323,,
snake,maxmonth_pre,0.1741593839540021,2.1943302963628e-5,,
sickness,maxmonth_pre,0.17580960423003483,8.83296261139604e-6,,
fiber,maxmonth_pre,0.17699338186050773,1.1242773676321169e-4,,
forest,maxmonth_pre,0.1775173995754333,7.478907100725236e-5,,
pod,maxmonth_pre,0.1776137727881731,3.326986064333653e-4,,
bear,maxmonth_pre,0.1795880887335614,0.002563613387076841,,
basket,maxmonth_pre,0.18229733496992534,2.627311454881864e-6,,
epilepsy,maxmonth_pre,0.18877999036813964,6.04057416604387e-5,,
bat,maxmonth_pre,0.19019535466285936,2.0990157052758073e-6,,
sap,maxmonth_pre,0.19682745036950453,7.670344616370438e-6,,
season,maxmonth_pre,0.19683354667062136,1.4495477515123733e-10,,
rat,maxmonth_pre,0.19712049932365097,1.9839129797889254e-7,,
pineapple,maxmonth_pre,0.19752199875811527,0.008156764254518696,,
serpent,maxmonth_pre,0.1979537455397722,0.0014569607235911965,,
platform,maxmonth_pre,0.19876998319174485,1.1239898414308701e-4,,
marker,maxmonth_pre,0.19896292825260564,0.07934144226135173,,
sibling,maxmonth_pre,0.20364137577016614,0.08776171885796162,,
tree,maxmonth_pre,0.20778475691502016,5.509657755946695e-10,,
ingredient,maxmonth_pre,0.2080589354601046,5.7875868043024786e-5,,
waist,maxmonth_pre,0.20968934292667146,3.249399780804897e-8,,
placenta,maxmonth_pre,0.20970200250195836,4.5369433967661717e-4,,
nut,maxmonth_pre,0.21069080148996636,4.967017016607946e-6,,
cloth,maxmonth_pre,0.2115526351643869,3.2840439496650313e-9,,
fungus,maxmonth_pre,0.21254468924099193,6.302880821220896e-4,,
village,maxmonth_pre,0.21491082848485443,3.2807915287746075e-4,,
sore,maxmonth_pre,0.21657901770171234,0.00407486189402156,,
crab,maxmonth_pre,0.2178916334501369,2.538376680005592e-5,,
fowl,maxmonth_pre,0.21885948809559225,1.4754541288482203e-5,,
fruit,maxmonth_pre,0.2227076282395957,9.009192921381134e-13,,
elephant,maxmonth_pre,0.22405593181951097,6.585732656337312e-5,,
eaves,maxmonth_pre,0.22775205835216117,9.980675968544542e-5,,
crocodile,maxmonth_pre,0.22805521346311444,2.9861602663690356e-5,,
cane,maxmonth_pre,0.2283346297514134,5.922646710032432e-7,,
umbrella,maxmonth_pre,0.23095044073491952,1.8544633657816818e-9,,
snail,maxmonth_pre,0.2314203057411859,1.7266158427662315e-6,,
leaf,maxmonth_pre,0.23452910207960495,1.7285690341777723e-12,,
ginger,maxmonth_pre,0.23517692428765016,7.933126892553879e-7,,
fish,maxmonth_pre,0.2357249904540185,5.977899990403692e-8,,
ban,maxmonth_pre,0.24016409330870603,0.004403280513976473,,
pounding,maxmonth_pre,0.2402281651122343,8.867063780501582e-5,,
aka,maxmonth_pre,0.2406977327643469,0.04065805532077324,,
fern,maxmonth_pre,0.24545211840255188,4.938734449298113e-4,,
termite,maxmonth_pre,0.2637162673320469,2.88816767321368e-4,,
female,maxmonth_pre,0.27359378434075055,2.9148397607558433e-5,,
roofing,maxmonth_pre,0.2764502083227955,1.1402212076958909e-4,,
banana,maxmonth_pre,0.2854845638690535,5.189963633834692e-5,,
rafter,maxmonth_pre,0.2919377070813781,1.218613075971357e-4,,
palm,maxmonth_pre,0.29421231082760047,1.734667375680787e-12,,
canoe,maxmonth_pre,0.3262336337137231,7.425439617007499e-4,,
coconut,maxmonth_pre,0.3926162373870088,3.2463576954189173e-4,,
jungle,maxmonth_pre,0.3991066281655591,3.543641287232781e-6,,
rice,maxmonth_pre,0.4598476867511649,2.924145763096938e-10,,
mango,maxmonth_pre,0.48481325620457916,3.1478671158149507e-10,,
yam,maxmonth_pre,0.5552193316624315,2.0813130397862006e-10,,
bamboo,maxmonth_pre,0.6744954583704315,1.3948505004012291e-21,,
bamboo,maxmonth_wnd,-0.44913332299632086,2.518106261274646e-10,,
malaria,maxmonth_wnd,-0.41197857024901274,5.238433699060659e-9,,
jungle,maxmonth_wnd,-0.38107340550586277,1.0985446251296555e-5,,
mango,maxmonth_wnd,-0.3563461759819723,4.473922636627981e-6,,
rice,maxmonth_wnd,-0.32827457472148364,1.8208484729837151e-6,,
crocodile,maxmonth_wnd,-0.2941864342913667,9.922896025029652e-9,,
ritual,maxmonth_wnd,-0.28538165346753447,2.581941042629109e-4,,
elephant,maxmonth_wnd,-0.27517241809217413,5.46576887618254e-7,,
omen,maxmonth_wnd,-0.2598133352585893,6.695225938296504e-7,,
pounding,maxmonth_wnd,-0.2594725314624049,1.0514235208778679e-5,,
termite,maxmonth_wnd,-0.24905822542834063,4.994183777350652e-4,,
buffalo,maxmonth_wnd,-0.24518007305728445,8.890394983709165e-4,,
sacrifice,maxmonth_wnd,-0.2386968918347192,1.2627597986744948e-5,,
charm,maxmonth_wnd,-0.23323689362447175,3.3502610570278496e-6,,
maize,maxmonth_wnd,-0.2195905392460175,0.004042921715822096,,
deception,maxmonth_wnd,-0.2149246643634058,1.6816502191472722e-5,,
feces,maxmonth_wnd,-0.2122254412220526,6.392251095723376e-4,,
demon,maxmonth_wnd,-0.20607407842952516,0.001958357796975723,,
yam,maxmonth_wnd,-0.2027022604853595,0.01563443748681611,,
puberty,maxmonth_wnd,-0.19730167395436551,0.0022817525515147776,,
market,maxmonth_wnd,-0.19700245152611306,1.6666574550517173e-4,,
magician,maxmonth_wnd,-0.1968172685200093,4.8622164352198267e-4,,
palm,maxmonth_wnd,-0.19336725997904447,8.207406560026168e-7,,
victim,maxmonth_wnd,-0.1919039617707451,1.3108804081393528e-4,,
monkey,maxmonth_wnd,-0.1898266170600931,2.165680557455343e-4,,
parrot,maxmonth_wnd,-0.1876890907416531,1.5322422670614088e-4,,
ingredient,maxmonth_wnd,-0.1840900178797539,2.2950215452883667e-4,,
residue,maxmonth_wnd,-0.18327729188648278,0.002438515164591552,,
ban,maxmonth_wnd,-0.17893279231679426,0.02642248129321547,,
aka,maxmonth_wnd,-0.1782985794481272,0.13145922296618134,,
fruit,maxmonth_wnd,-0.1763848335411612,1.590488153258029e-9,,
existence,maxmonth_wnd,-0.1737333220791848,5.312399707699808e-4,,
magic,maxmonth_wnd,-0.17211552986978298,6.988636919445077e-4,,
forest,maxmonth_wnd,-0.17164596680926916,2.608446950538899e-5,,
pod,maxmonth_wnd,-0.1712037007075753,7.194188954255452e-4,,
unit,maxmonth_wnd,-0.1708706878754647,4.054632958439794e-4,,
bride,maxmonth_wnd,-0.17066919421811205,4.6886494699883687e-4,,
dam,maxmonth_wnd,-0.17013113147766395,3.5408469048201353e-4,,
forearm,maxmonth_wnd,-0.16539786172431006,0.005122933960574075,,
province,maxmonth_wnd,-0.16520972805622913,0.013229854974830528,,
massage,maxmonth_wnd,-0.16486903686335205,0.003938901859296634,,
filter,maxmonth_wnd,-0.16478129059395635,0.0012473152751863105,,
snake,maxmonth_wnd,-0.1638205249035787,2.0151512902107183e-5,,
flavor,maxmonth_wnd,-0.16380222940576916,1.576939433835324e-4,,
jar,maxmonth_wnd,-0.16344699286679049,0.002804982474817269,,
corpse,maxmonth_wnd,-0.16133180796403307,1.2616008988819452e-5,,
pun,maxmonth_wnd,-0.16075150062160576,0.04001534231268599,,
container,maxmonth_wnd,-0.15799034640185083,0.0471062470918152,,
reality,maxmonth_wnd,-0.1554552330058761,0.0013433866161405485,,
pulp,maxmonth_wnd,-0.1534208446946827,0.008383469078940189,,
compensation,maxmonth_wnd,-0.15217644217329074,0.010623364369488283,,
pepper,maxmonth_wnd,-0.15119294851555107,5.167502505060026e-4,,
marriage,maxmonth_wnd,-0.15104245479654088,1.8958243414864536e-7,,
tortoise,maxmonth_wnd,-0.15075858241174264,0.0038859356268313655,,
roofing,maxmonth_wnd,-0.14917186842440167,0.02316316838963257,,
tor,maxmonth_wnd,-0.14913737776800665,0.027877087464613703,,
smallpox,maxmonth_wnd,-0.14911804769026715,0.009647847824434399,,
stage,maxmonth_wnd,-0.14792100530115274,1.1132946404443446e-4,,
bang,maxmonth_wnd,-0.14722447917491116,0.02610871398641611,,
sickle,maxmonth_wnd,-0.14679139206137132,0.0038595697178375214,,
cotton,maxmonth_wnd,-0.1462400647437511,9.604727820883986e-4,,
sensation,maxmonth_wnd,-0.14552912900008816,0.004174428170901578,,
spice,maxmonth_wnd,-0.14469619919772334,0.007740349184719481,,
idiom,maxmonth_wnd,-0.14458581679488247,0.0992814956421309,,
incense,maxmonth_wnd,-0.14417166857449865,0.007401161470192071,,
fiber,maxmonth_wnd,-0.14362127579415207,9.827108275984552e-4,,
rite,maxmonth_wnd,-0.14302781114184684,0.016477717511233676,,
sibling,maxmonth_wnd,-0.14231272976433113,0.20210520746442848,,
obstruction,maxmonth_wnd,-0.14105719593139227,0.008029130601952632,,
mortar,maxmonth_wnd,-0.14099238109328263,1.6301939429107666e-4,,
resin,maxmonth_wnd,-0.1405290350740011,0.004841110728052078,,
decoration,maxmonth_wnd,-0.13998165442063273,0.0015721311478297604,,
noose,maxmonth_wnd,-0.13995372875971976,0.006607523297822787,,
insect,maxmonth_wnd,-0.1398935114283076,4.9086194647365335e-5,,
anus,maxmonth_wnd,-0.1396700798757008,0.0010989940016932285,,
descent,maxmonth_wnd,-0.13959894564336547,0.0017920714599296002,,
shrub,maxmonth_wnd,-0.13957093726263797,0.011492064763351066,,
status,maxmonth_wnd,-0.13859879930996546,0.013405888530835701,,
test,maxmonth_wnd,-0.13774180178202983,9.38967558460922e-6,,
lament,maxmonth_wnd,-0.13699017563441745,0.00688543252185291,,
ram,maxmonth_wnd,-0.13668315973579243,0.00639905127787111,,
groom,maxmonth_wnd,-0.13650874276813554,0.01715989561949368,,
ginger,maxmonth_wnd,-0.13640030120125482,0.003874186652254576,,
killer,maxmonth_wnd,-0.13639257291548718,0.018225997710390913,,
warp,maxmonth_wnd,-0.1352133413340269,0.025760910889240447,,
fate,maxmonth_wnd,-0.1349256513266242,0.009504759597972,,
waist,maxmonth_wnd,-0.13492536189837248,1.8701067973491824e-4,,
ornament,maxmonth_wnd,-0.13372600829733952,0.009455958266868672,,
rat,maxmonth_wnd,-0.13332210739177044,1.7230431090612048e-4,,
barrier,maxmonth_wnd,-0.13223699990410562,0.005587322325328682,,
performance,maxmonth_wnd,-0.13216980693654803,0.011209244882484062,,
placenta,maxmonth_wnd,-0.13186173948955893,0.022490837627323373,,
address,maxmonth_wnd,-0.13175603077763698,0.0015289028062243017,,
preparation,maxmonth_wnd,-0.13145093191414767,6.637092835798492e-5,,
substance,maxmonth_wnd,-0.13096092413377583,0.004058288959515739,,
slave,maxmonth_wnd,-0.13086625151971545,0.003125857947999147,,
platform,maxmonth_wnd,-0.1308101210158809,0.004689986337261274,,
rebuke,maxmonth_wnd,-0.1302097749787701,0.012016284671245273,,
disciple,maxmonth_wnd,-0.1300523743561765,0.013331250656800995,,
transfer,maxmonth_wnd,-0.12896412568765098,0.007866271693669916,,
kernel,maxmonth_wnd,-0.1281473265997543,0.017071667625755352,,
festival,maxmonth_wnd,-0.1273859487341517,0.058286420684836956,,
consciousness,maxmonth_wnd,-0.1272168205359976,0.01632681623261121,,
ant,maxmonth_wnd,-0.12696880505902178,0.0016463402432842027,,
ceremony,maxmonth_wnd,-0.12652057105187764,0.009714075100314194,,
grain,maxmonth_wnd,-0.12630637568209102,0.006918444460978518,,
mushroom,maxmonth_wnd,-0.12628527621209834,0.01513359145234518,,
epilepsy,maxmonth_wnd,-0.1262286616899992,0.008169009136576396,,
follower,maxmonth_wnd,-0.12610368332020586,0.009224623448421572,,
pulse,maxmonth_wnd,-0.12566453546591655,0.011148063892626382,,
mother-in-law,maxmonth_wnd,-0.12368332152112972,0.01072693130095997,,
infection,maxmonth_wnd,-0.12366243588681597,0.022526663697153212,,
vegetable,maxmonth_wnd,-0.12346857234588601,0.0012211255834331221,,
male,maxmonth_wnd,-0.12316591628204519,0.06745573945477801,,
wealth,maxmonth_wnd,-0.1230859748832818,0.0033252844322743482,,
area,maxmonth_wnd,-0.12298869130467699,0.014939730079630963,,
pal,maxmonth_wnd,-0.12283393018236323,0.06104276870092206,,
calamity,maxmonth_wnd,-0.12268962872431896,0.03404427014553761,,
potter,maxmonth_wnd,-0.12227681719700031,0.009470640495883894,,
brass,maxmonth_wnd,-0.12183015187646554,0.01395344079368458,,
pregnancy,maxmonth_wnd,-0.12173008933670064,0.004016962320523948,,
celebration,maxmonth_wnd,-0.12159661509664976,0.028112538043654572,,
category,maxmonth_wnd,-0.12131496671083918,0.0460860255186393,,
frog,maxmonth_wnd,-0.12041833830701604,8.866813641877971e-4,,
mat,maxmonth_wnd,-0.11964104066713349,0.004430818512048549,,
raft,maxmonth_wnd,-0.11962061557688933,0.021190389914756344,,
priest,maxmonth_wnd,-0.11938949354325396,0.012807179193891814,,
price,maxmonth_wnd,-0.11913606202684708,2.1774720569241637e-4,,
bar,maxmonth_wnd,-0.11765167463127785,0.007337568008725685,,
bracelet,maxmonth_wnd,-0.11733251416680134,0.009060125801612735,,
contact,maxmonth_wnd,-0.11726036873986072,0.00816826118794982,,
com,maxmonth_wnd,-0.11709567401412843,0.08495831621627042,,
umbrella,maxmonth_wnd,-0.11677354081399781,0.0024942016713451302,,
metal,maxmonth_wnd,-0.11630074267894112,0.002278489493092744,,
result,maxmonth_wnd,-0.11628137253716074,2.8050940586087016e-4,,
season,maxmonth_wnd,-0.11618716162059811,8.01234829763884e-5,,
din,maxmonth_wnd,-0.11611691738056808,0.10537162574738135,,
madness,maxmonth_wnd,-0.11585623448780764,0.01721883505509102,,
intercourse,maxmonth_wnd,-0.11525728199219032,0.007767951068914641,,
seed,maxmonth_wnd,-0.11506214839750059,1.3029674399289592e-4,,
leaf,maxmonth_wnd,-0.1147365298423941,2.353698624480316e-4,,
jealousy,maxmonth_wnd,-0.11442711358623756,0.002785304333813553,,
console,maxmonth_wnd,-0.11420386954162824,0.014619701912415156,,
cucumber,maxmonth_wnd,-0.1138880039829791,0.026781546170616684,,
astonishment,maxmonth_wnd,-0.11381465997022816,0.01539034247794697,,
vicinity,maxmonth_wnd,-0.11359340876278796,0.023469626335404607,,
lag,maxmonth_wnd,-0.11345224469978357,0.11389115696637943,,
radio,maxmonth_wnd,-0.11224561127742684,0.17886883564784734,,
vine,maxmonth_wnd,-0.11126401162275536,0.05138824588392011,,
elder,maxmonth_wnd,-0.11091744621021768,0.007679967697490838,,
molar,maxmonth_wnd,-0.11082143786391342,0.03020088693795692,,
storage,maxmonth_wnd,-0.11075324751515732,0.10438243422685954,,
mosquito,maxmonth_wnd,-0.11063850075591679,0.0071871472546792565,,
topic,maxmonth_wnd,-0.11040164566914291,0.03313693398861842,,
sunshine,maxmonth_wnd,-0.1100940958736079,0.03801438747351303,,
money,maxmonth_wnd,-0.11000145857030509,8.21703450552034e-4,,
bun,maxmonth_wnd,-0.10952712638239803,0.10692054100337083,,
measurement,maxmonth_wnd,-0.10948451805061017,0.023119681446543673,,
discipline,maxmonth_wnd,-0.10900915066082496,0.035775478186389466,,
mum,maxmonth_wnd,-0.10813754057080852,0.07649804731094711,,
mankind,maxmonth_wnd,-0.10769500794997955,0.03258159871835127,,
powder,maxmonth_wnd,-0.10740553864840172,5.689991499708136e-4,,
prostitute,maxmonth_wnd,-0.107078475645003,0.02843758154690876,,
bulb,maxmonth_wnd,-0.10677470726384543,0.05277529049614908,,
bee,maxmonth_wnd,-0.10670065249828725,0.006646662427656138,,
basket,maxmonth_wnd,-0.10662882359338105,0.003918509732737286,,
width,maxmonth_wnd,-0.1062047557878668,0.006094963670415933,,
blacksmith,maxmonth_wnd,-0.10603585101336589,0.05044952331488308,,
enmity,maxmonth_wnd,-0.10564849562160178,0.05563805818954276,,
debt,maxmonth_wnd,-0.10558170310069517,0.0015961330168313016,,
separation,maxmonth_wnd,-0.10542036860645264,0.03509604119922198,,
unity,maxmonth_wnd,-0.10518155735519204,0.03973484740933304,,
accusation,maxmonth_wnd,-0.10503928776077874,0.014208243166613723,,
owner,maxmonth_wnd,-0.10501369945662019,0.001403733139945903,,
promise,maxmonth_wnd,-0.1050079070137097,1.2024329122811616e-4,,
utensil,maxmonth_wnd,-0.10474773015886123,0.05221491716672143,,
poison,maxmonth_wnd,-0.10474459137371678,5.159531873873575e-4,,
cane,maxmonth_wnd,-0.1043617583473042,0.015879089475591926,,
epidemic,maxmonth_wnd,-0.10386534018612964,0.03464382362122851,,
trader,maxmonth_wnd,-0.10383632411619433,0.03941370819227268,,
leopard,maxmonth_wnd,-0.10265666940507989,0.07549141797866,,
joke,maxmonth_wnd,-0.10264910917739721,0.0024926014356199556,,
capacity,maxmonth_wnd,-0.10251001860922666,0.022041056139564662,,
mama,maxmonth_wnd,-0.10226851407003022,0.24546173460998913,,
dagger,maxmonth_wnd,-0.10214208532633477,0.05463778578976811,,
blindness,maxmonth_wnd,-0.10205571372056667,0.026191958801246966,,
hesitation,maxmonth_wnd,-0.10201571780573494,0.028658282400656397,,
prey,maxmonth_wnd,-0.10130059723412817,0.01535072109459492,,
path,maxmonth_wnd,-0.10129932411807901,0.001529505926582653,,
trickle,maxmonth_wnd,-0.1012057292968009,0.050586174612192114,,
lover,maxmonth_wnd,-0.10119124797915391,0.02943705246570813,,
handful,maxmonth_wnd,-0.10110142758334237,0.03372823150445984,,
relation,maxmonth_wnd,-0.10103706147255449,0.00259646554646994,,
obligation,maxmonth_wnd,-0.10087549443879776,0.02139453521014322,,
fame,maxmonth_wnd,-0.10064240990284526,0.04562563229129277,,
response,maxmonth_wnd,-0.10043848975347315,0.07218784182408713,,
obstacle,maxmonth_wnd,-0.10026647166161662,0.027342055392197643,,
disease,maxmonth_wnd,-0.10016809033802901,0.001203000130079058,,
plot,maxmonth_wnd,-0.10013656260658081,0.00915511843371717,,
hunter,maxmonth_wnd,-0.09995685082371758,0.018212924406601157,,
length,maxmonth_wnd,-0.09987597952506302,4.735703955795295e-4,,
clan,maxmonth_wnd,-0.09966420351196163,0.2361899656029379,,
peanut,maxmonth_wnd,-0.09947248946250835,0.28185076112686075,,
clause,maxmonth_wnd,-0.09945660898614266,0.12731790221475278,,
bellow,maxmonth_wnd,-0.09917567625838702,0.03178992676674995,,
burial,maxmonth_wnd,-0.09910491323946177,0.024772383850829006,,
palace,maxmonth_wnd,-0.09882211828355748,0.15667361505240227,,
role,maxmonth_wnd,-0.09865713562766577,0.10437702124304082,,
roof,maxmonth_wnd,-0.0985191937375152,4.6972410535262385e-4,,
til,maxmonth_wnd,-0.09808435789017941,0.1979463558783418,,
regret,maxmonth_wnd,-0.09795228486469032,0.005925157450473282,,
goat,maxmonth_wnd,-0.09777993838605545,0.026639069837004037,,
father-in-law,maxmonth_wnd,-0.09755668429968116,0.0533236518536936,,
marker,maxmonth_wnd,-0.09693607474865057,0.34788360409090036,,
paste,maxmonth_wnd,-0.096471709260031,0.06134036664447964,,
bachelor,maxmonth_wnd,-0.09625780651161898,0.019644123403272696,,
tree,maxmonth_wnd,-0.09611945449970502,0.002421574795774501,,
attack,maxmonth_wnd,-0.0960958678430936,0.0024758866812110317,,
cultivation,maxmonth_wnd,-0.09608139141581169,0.08783953863737089,,
communication,maxmonth_wnd,-0.09590332726108444,0.07651614376390291,,
attribute,maxmonth_wnd,-0.09578769694051492,0.07714447016633358,,
rich,maxmonth_wnd,-0.09561310835829703,0.04984829474113664,,
cavity,maxmonth_wnd,-0.09561098418715872,0.01173554674911114,,
mound,maxmonth_wnd,-0.09545328403465354,0.029016750269163328,,
fatigue,maxmonth_wnd,-0.09512741862426634,0.03384308509215019,,
lizard,maxmonth_wnd,-0.09472599545641988,0.016697291545023713,,
village,maxmonth_wnd,-0.0941790676416526,0.08618418990370945,,
deposit,maxmonth_wnd,-0.09398010095648814,0.018598389777097744,,
layer,maxmonth_wnd,-0.09344369113235146,0.016704479964347034,,
tray,maxmonth_wnd,-0.09303238753677655,0.08750846841319725,,
collapse,maxmonth_wnd,-0.09284476012186595,0.06129190988765225,,
creator,maxmonth_wnd,-0.09275869644696065,0.06134443643457821,,
absence,maxmonth_wnd,-0.0926121968184656,0.01888249156054548,,
armpit,maxmonth_wnd,-0.09245140955945143,0.030978780627994147,,
blessing,maxmonth_wnd,-0.09185092033629537,0.039840347066372905,,
disk,maxmonth_wnd,-0.09178542244907807,0.08959968932641472,,
forgiveness,maxmonth_wnd,-0.09167213459879427,0.0610707500554334,,
lust,maxmonth_wnd,-0.09166944840845709,0.09380013465432677,,
spirit,maxmonth_wnd,-0.09147433065780344,0.005058422151158296,,
female,maxmonth_wnd,-0.09132656150043827,0.16860429967283938,,
encounter,maxmonth_wnd,-0.09119194917831734,0.04418894856304142,,
religion,maxmonth_wnd,-0.09089082067634216,0.06453116380067798,,
coin,maxmonth_wnd,-0.09088522781225251,0.03160824633114436,,
destruction,maxmonth_wnd,-0.09087548012446116,0.09680078341545015,,
jam,maxmonth_wnd,-0.09083167535886034,0.13984020713088421,,
plate,maxmonth_wnd,-0.09038893409427594,0.0028768582618209975,,
moisture,maxmonth_wnd,-0.0903426316560373,0.04614183303269891,,
sob,maxmonth_wnd,-0.08996217245857037,0.029290214222783315,,
cluster,maxmonth_wnd,-0.08968455016566558,0.047834607950802716,,
birth,maxmonth_wnd,-0.08956149528427512,4.079660642508707e-4,,
robber,maxmonth_wnd,-0.0895485081298133,0.028208174873727208,,
gin,maxmonth_wnd,-0.08952180799017125,0.20220921131831263,,
hump,maxmonth_wnd,-0.08934732823067001,0.05472310470582227,,
announcement,maxmonth_wnd,-0.0893269025548042,0.09497212660656569,,
ulcer,maxmonth_wnd,-0.0893044778851751,0.07834077576904706,,
expense,maxmonth_wnd,-0.0891113828603483,0.09544632114136499,,
experience,maxmonth_wnd,-0.08881525073944266,0.009415964820746667,,
trunk,maxmonth_wnd,-0.08848039133958945,0.003141681067266738,,
problem,maxmonth_wnd,-0.08828320450532531,0.12416815494101875,,
worship,maxmonth_wnd,-0.08804028649032906,0.05217418053494336,,
stalk,maxmonth_wnd,-0.08802561347393828,0.02227339646696973,,
decrease,maxmonth_wnd,-0.08800893296449157,0.03360471566008064,,
curse,maxmonth_wnd,-0.08741452050010719,0.016467162786743674,,
control,maxmonth_wnd,-0.08735059560965573,0.03843525104453352,,
bum,maxmonth_wnd,-0.08714047284811731,0.1107669776589182,,
arrangement,maxmonth_wnd,-0.08707938221583236,0.01902605937139349,,
misfortune,maxmonth_wnd,-0.08686765966828724,0.03507608468725964,,
ambush,maxmonth_wnd,-0.08666233058439386,0.06787694527372994,,
divorce,maxmonth_wnd,-0.08645925773671849,0.05154806913628391,,
moment,maxmonth_wnd,-0.08633672256286838,0.02636027445465368,,
remembrance,maxmonth_wnd,-0.08632784471523938,0.06412389044445424,,
chick,maxmonth_wnd,-0.08613284423059213,0.11644438918185757,,
carcass,maxmonth_wnd,-0.08603420305180648,0.14870242163950248,,
childbirth,maxmonth_wnd,-0.08587034771358994,0.057835657556526594,,
conflict,maxmonth_wnd,-0.085309307605931,0.10644030512373279,,
sorrow,maxmonth_wnd,-0.08510207917084918,0.03058916617906325,,
junction,maxmonth_wnd,-0.08494720718519574,0.0933323241005405,,
daytime,maxmonth_wnd,-0.08481663495946606,0.1591191426836741,,
liquid,maxmonth_wnd,-0.08481036399080351,0.013190307078094493,,
frying,maxmonth_wnd,-0.0845733735340797,0.10162435077266811,,
police,maxmonth_wnd,-0.0845049728111459,0.18791581518946812,,
banana,maxmonth_wnd,-0.0842975464505344,0.20523141193908218,,
dispute,maxmonth_wnd,-0.08426713124519786,0.02845877410806618,,
mane,maxmonth_wnd,-0.08399975867400059,0.21186679911865036,,
friendship,maxmonth_wnd,-0.08356546567632302,0.04224962175656719,,
conduct,maxmonth_wnd,-0.08352580956152002,0.06891270001147996,,
midday,maxmonth_wnd,-0.08349345808850024,0.04567406665489055,,
canal,maxmonth_wnd,-0.08347155501316306,0.15276170132988512,,
mixture,maxmonth_wnd,-0.08326982451272835,0.03051436401400725,,
roar,maxmonth_wnd,-0.08320486652867855,0.03709628143393897,,
defeat,maxmonth_wnd,-0.08309471122610648,0.02627746869822555,,
drum,maxmonth_wnd,-0.08302520965309897,0.028116676839166587,,
cooking,maxmonth_wnd,-0.08269980234840221,0.03084457714023322,,
saliva,maxmonth_wnd,-0.08257192516868454,0.0169074705526735,,
mucus,maxmonth_wnd,-0.08208679722177456,0.06297894062677575,,
violence,maxmonth_wnd,-0.08207900758372211,0.14025376968120234,,
tiger,maxmonth_wnd,-0.08193538835828423,0.16604186485614741,,
funeral,maxmonth_wnd,-0.08177329881155693,0.13514420459729762,,
union,maxmonth_wnd,-0.08150255053569291,0.16017692616178905,,
tube,maxmonth_wnd,-0.08131369733687538,0.0710250408541265,,
pleasure,maxmonth_wnd,-0.08128914097499891,0.0638520240561153,,
intention,maxmonth_wnd,-0.08061541035901629,0.030745433134888388,,
den,maxmonth_wnd,-0.08036397491745921,0.21583835053246367,,
pride,maxmonth_wnd,-0.08025528111804235,0.05438995993922258,,
smear,maxmonth_wnd,-0.08017999848676671,0.06096109106743267,,
darkness,maxmonth_wnd,-0.07970735787995929,0.02131243229955992,,
pottery,maxmonth_wnd,-0.07884764665001576,0.17790145929702242,,
body,maxmonth_wnd,-0.07875444398268334,0.0029248094922347014,,
plant,maxmonth_wnd,-0.07874053199332867,0.014255144074010349,,
profession,maxmonth_wnd,-0.0786506409746258,0.14593727891579378,,
shame,maxmonth_wnd,-0.07858986838188461,0.0034844143257541198,,
instrument,maxmonth_wnd,-0.07834075485422518,0.018190044098015615,,
settlement,maxmonth_wnd,-0.07822996302016398,0.11943301928066713,,
responsibility,maxmonth_wnd,-0.07787858309907321,0.12282516875789949,,
wit,maxmonth_wnd,-0.07712365407422882,0.11306698070381167,,
compassion,maxmonth_wnd,-0.07710138458980025,0.09686684234975076,,
wrestling,maxmonth_wnd,-0.07695267978411684,0.15412039672066435,,
desire,maxmonth_wnd,-0.07671619616676846,0.01668863455152063,,
sting,maxmonth_wnd,-0.07630828667349861,0.004954730979225036,,
extract,maxmonth_wnd,-0.07621137954272869,0.06654801062589777,,
group,maxmonth_wnd,-0.07590513892863313,0.06735097790799544,,
leader,maxmonth_wnd,-0.0758536543013065,0.015090960107184652,,
influence,maxmonth_wnd,-0.07583215459103332,0.0501305772829409,,
trouser,maxmonth_wnd,-0.0757942970556266,0.12045158675962778,,
animal,maxmonth_wnd,-0.07571717245081669,0.008348592952936888,,
brightness,maxmonth_wnd,-0.07555103039224738,0.16306342953885128,,
tomb,maxmonth_wnd,-0.07553038542271547,0.1684169533762293,,
abortion,maxmonth_wnd,-0.07544044300519881,0.10875580795748915,,
being,maxmonth_wnd,-0.07527617204544207,0.215022469580392,,
photograph,maxmonth_wnd,-0.07513806928190482,0.14594242664272108,,
imitation,maxmonth_wnd,-0.07513125504124869,0.11040411471447387,,
medicine,maxmonth_wnd,-0.0749704571227665,0.02823770354666329,,
reed,maxmonth_wnd,-0.07487261900128842,0.10841440847496434,,
adult,maxmonth_wnd,-0.07455513759473398,0.06722079600631856,,
guitar,maxmonth_wnd,-0.0744991889649828,0.23093909596933776,,
guardian,maxmonth_wnd,-0.0744452907723323,0.10760651293326871,,
semen,maxmonth_wnd,-0.0742084293047804,0.13736640221164972,,
charcoal,maxmonth_wnd,-0.07420599478220932,0.04535626757408777,,
river,maxmonth_wnd,-0.07399759578668624,0.047241596623599995,,
power,maxmonth_wnd,-0.07397429903940869,0.024753476573935024,,
crest,maxmonth_wnd,-0.07370007531621946,0.07050473630475303,,
interval,maxmonth_wnd,-0.07285018214932348,0.09209390088292213,,
destination,maxmonth_wnd,-0.07282698218760286,0.11432579093406921,,
coconut,maxmonth_wnd,-0.07282004765443276,0.4706616629002851,,
trap,maxmonth_wnd,-0.07275884867819729,0.042873263831493195,,
search,maxmonth_wnd,-0.07263060607751723,0.0035699894203669994,,
month,maxmonth_wnd,-0.0726273251690668,0.01962889320425781,,
fan,maxmonth_wnd,-0.0725570056948237,0.07345156716790663,,
organization,maxmonth_wnd,-0.07255682113937577,0.31701284404030883,,
miscarriage,maxmonth_wnd,-0.07226078175239266,0.07750681761412824,,
hospitality,maxmonth_wnd,-0.07222661602612289,0.16176688881796095,,
friction,maxmonth_wnd,-0.07208537817838243,0.1321097713598159,,
exit,maxmonth_wnd,-0.07137456099005471,0.14245043431050952,,
property,maxmonth_wnd,-0.07132313426362558,0.03911776307804316,,
route,maxmonth_wnd,-0.07111542172320576,0.11499429570601798,,
perspiration,maxmonth_wnd,-0.0710345434220912,0.07415394715140668,,
dot,maxmonth_wnd,-0.07058939167510972,0.13756227569464236,,
breadth,maxmonth_wnd,-0.07053210549623727,0.12429122398678534,,
eaves,maxmonth_wnd,-0.07019128822400152,0.2055835998128828,,
log,maxmonth_wnd,-0.06999907029119955,0.09532440436804947,,
sauce,maxmonth_wnd,-0.06995355466837935,0.29225624376283577,,
entrance,maxmonth_wnd,-0.06994177198098013,0.026003111544140065,,
brim,maxmonth_wnd,-0.06991026128727064,0.11210659855885145,,
blade,maxmonth_wnd,-0.06947279008480854,0.029985695769535643,,
trading,maxmonth_wnd,-0.06940037432848542,0.18554822266401994,,
abdomen,maxmonth_wnd,-0.06927031487475528,0.10014180571247172,,
region,maxmonth_wnd,-0.06926431128542558,0.11653704687701577,,
death,maxmonth_wnd,-0.0691827427966512,0.003943051684562545,,
mouthful,maxmonth_wnd,-0.06909776135205908,0.20540076833870585,,
hiss,maxmonth_wnd,-0.06905851306351286,0.1135516336270763,,
indication,maxmonth_wnd,-0.06898129955031665,0.1256822350012226,,
cycle,maxmonth_wnd,-0.06891473436429096,0.33042104488010304,,
population,maxmonth_wnd,-0.06839964671539958,0.23467648776896835,,
freedom,maxmonth_wnd,-0.06836438772372017,0.11828431491244551,,
crowd,maxmonth_wnd,-0.0683356437416123,0.05067056785891281,,
wasp,maxmonth_wnd,-0.06807850310738166,0.12317885615023277,,
division,maxmonth_wnd,-0.0680503754161018,0.10811544564794934,,
buttock,maxmonth_wnd,-0.06801275876499244,0.07846948845774966,,
development,maxmonth_wnd,-0.06799652849235059,0.16304626072768455,,
cloth,maxmonth_wnd,-0.06779964507584145,0.04738922062763828,,
surprise,maxmonth_wnd,-0.06774323670799488,0.03429301290668514,,
thread,maxmonth_wnd,-0.06772834300516736,0.022402066894582146,,
singer,maxmonth_wnd,-0.06772579106270758,0.07709831226612755,,
greed,maxmonth_wnd,-0.06757524187478066,0.23554590470588838,,
plank,maxmonth_wnd,-0.06756692103192109,0.15226373622582764,,
fear,maxmonth_wnd,-0.0674697687356333,0.006929458019208493,,
target,maxmonth_wnd,-0.0673586444209739,0.09142643250915988,,
plunge,maxmonth_wnd,-0.06733336695178749,0.1576080660490593,,
ability,maxmonth_wnd,-0.06711908719898338,0.07507077332213116,,
carrier,maxmonth_wnd,-0.06669825764889792,0.16068555261593634,,
fungus,maxmonth_wnd,-0.0665268324642082,0.24161773841561082,,
diarrhea,maxmonth_wnd,-0.06638756791546163,0.08444669396829625,,
plan,maxmonth_wnd,-0.06623362016430935,0.07984885465007614,,
production,maxmonth_wnd,-0.06599554204800794,0.27228534834362594,,
statement,maxmonth_wnd,-0.06598768564004545,0.12162905309313926,,
creation,maxmonth_wnd,-0.0658949985302666,0.15639765153117025,,
punishment,maxmonth_wnd,-0.06587227952884112,0.059746662003381676,,
hole,maxmonth_wnd,-0.0657942928985947,0.00899357260466811,,
completion,maxmonth_wnd,-0.06574988701254818,0.1325824045153737,,
headache,maxmonth_wnd,-0.06556607235525817,0.1032746962318469,,
bribe,maxmonth_wnd,-0.06542052382109638,0.16056967144033168,,
malice,maxmonth_wnd,-0.0650386625527962,0.1902044683649378,,
smile,maxmonth_wnd,-0.06487433514242039,0.050070671867984175,,
misery,maxmonth_wnd,-0.06462432815391768,0.23678375127602252,,
baggage,maxmonth_wnd,-0.06458263932802524,0.21189378385379182,,
earring,maxmonth_wnd,-0.06454161654598523,0.23743292455771545,,
laughter,maxmonth_wnd,-0.0645323302433121,0.06700921042190972,,
height,maxmonth_wnd,-0.06448225716908096,0.01859224487913193,,
hut,maxmonth_wnd,-0.06437522219638923,0.19435985409733378,,
testicle,maxmonth_wnd,-0.06429678736512577,0.12257036626881758,,
rot,maxmonth_wnd,-0.06423544043062868,0.09803185376335193,,
harvest,maxmonth_wnd,-0.06394740003803955,0.11974848290170108,,
trust,maxmonth_wnd,-0.06377958601744155,0.05982683507067732,,
opposition,maxmonth_wnd,-0.06362454688240131,0.20692130081836682,,
spleen,maxmonth_wnd,-0.0636126442712754,0.1052300627381091,,
resident,maxmonth_wnd,-0.06332159104014089,0.19357709907840678,,
insult,maxmonth_wnd,-0.06321543632972788,0.12454406835730024,,
rebel,maxmonth_wnd,-0.06319319145096139,0.2689111132336354,,
nature,maxmonth_wnd,-0.06297514050462936,0.10947998185477252,,
womb,maxmonth_wnd,-0.06288650693943479,0.06368138384567949,,
necklace,maxmonth_wnd,-0.062372757902466554,0.137222672821345,,
poverty,maxmonth_wnd,-0.062287535680559426,0.0880880250276883,,
pot,maxmonth_wnd,-0.062151388561696413,0.11358293158251866,,
appearance,maxmonth_wnd,-0.06207040802179854,0.050333415836282404,,
disorder,maxmonth_wnd,-0.06193917567492052,0.22723842333505778,,
tag,maxmonth_wnd,-0.061922053276986924,0.3819999920695712,,
carving,maxmonth_wnd,-0.06191897291314633,0.22252630999712114,,
motor,maxmonth_wnd,-0.06184606475363825,0.36892034151271424,,
estimate,maxmonth_wnd,-0.061777368714467956,0.26714556269834483,,
gaze,maxmonth_wnd,-0.061771147609621185,0.0894561529295726,,
hint,maxmonth_wnd,-0.06175790127121413,0.2072906808732607,,
site,maxmonth_wnd,-0.06165881973979456,0.20280004758176015,,
string,maxmonth_wnd,-0.06162327120860832,0.02330617185517806,,
enemy,maxmonth_wnd,-0.06142361968820108,0.07352735264137489,,
practice,maxmonth_wnd,-0.06124400833191302,0.04551944708160314,,
behavior,maxmonth_wnd,-0.061169186979855954,0.11213031431946455,,
rim,maxmonth_wnd,-0.06109300069943711,0.16050012432092792,,
mud,maxmonth_wnd,-0.06091933345761645,0.029688561890734846,,
patient,maxmonth_wnd,-0.06087663721546656,0.11624655886622573,,
intelligence,maxmonth_wnd,-0.060807881773551925,0.14901621659350436,,
nut,maxmonth_wnd,-0.06080389264209172,0.1540977779998198,,
disregard,maxmonth_wnd,-0.060614283533809245,0.24988350541459037,,
stool,maxmonth_wnd,-0.06026386282905049,0.14328212667713786,,
sorcery,maxmonth_wnd,-0.06017329618245409,0.3811244538578126,,
sens,maxmonth_wnd,-0.060145550480017754,0.2753137271154006,,
salary,maxmonth_wnd,-0.06013628462581518,0.32106302407024895,,
solution,maxmonth_wnd,-0.060028653121398365,0.2503650582795559,,
color,maxmonth_wnd,-0.059911840863453046,0.012979410209990442,,
firm,maxmonth_wnd,-0.05980655420160329,0.09985793735780235,,
branch,maxmonth_wnd,-0.0597918422635507,0.011878575448851148,,
illness,maxmonth_wnd,-0.05972745316407876,0.12228918927103158,,
fraud,maxmonth_wnd,-0.05964761170301421,0.26917000019802445,,
soot,maxmonth_wnd,-0.05962471681102371,0.15077725919780852,,
fighter,maxmonth_wnd,-0.0594283360309141,0.2694859995560324,,
grip,maxmonth_wnd,-0.05923783103171456,0.21963995018708146,,
swamp,maxmonth_wnd,-0.05911846475205942,0.25675087768364135,,
penis,maxmonth_wnd,-0.05894746861556286,0.25277204879503395,,
succession,maxmonth_wnd,-0.058720392144730967,0.24839789633512033,,
yoke,maxmonth_wnd,-0.0586856772501968,0.23790021792975766,,
serpent,maxmonth_wnd,-0.058477104128039345,0.34650022175863104,,
relief,maxmonth_wnd,-0.05842460952886792,0.2372014788584678,,
emotion,maxmonth_wnd,-0.05821372650659009,0.20054920894956663,,
tradition,maxmonth_wnd,-0.05819478599908678,0.13224108541247956,,
sheath,maxmonth_wnd,-0.05805043516355726,0.12473784826913037,,
bark,maxmonth_wnd,-0.05771558471660422,0.07170100747441467,,
position,maxmonth_wnd,-0.057377136565186886,0.052768328096981336,,
flame,maxmonth_wnd,-0.05720495566260408,0.039241696665349456,,
perfume,maxmonth_wnd,-0.05694582822440484,0.23006263232054922,,
eyelid,maxmonth_wnd,-0.056732359453807224,0.13897487081495158,,
shoulder,maxmonth_wnd,-0.05665973274888619,0.007113383654921216,,
fever,maxmonth_wnd,-0.056603162281472205,0.06226326688001483,,
pain,maxmonth_wnd,-0.05638204582455603,0.013285414131374084,,
companion,maxmonth_wnd,-0.05617437653375963,0.14460531514074382,,
tip,maxmonth_wnd,-0.05615646259567758,0.07831540007386806,,
chat,maxmonth_wnd,-0.05613774768643648,0.3039587635610471,,
incline,maxmonth_wnd,-0.056106322697774436,0.24412729223277135,,
sin,maxmonth_wnd,-0.05598656598080902,0.24636753056679447,,
fragment,maxmonth_wnd,-0.05580753916898515,0.2626867111344086,,
capital,maxmonth_wnd,-0.05579323039403845,0.2513409017102975,,
flower,maxmonth_wnd,-0.055758315314469176,0.057698413949291864,,
request,maxmonth_wnd,-0.05574331406963278,0.07668923830066858,,
increase,maxmonth_wnd,-0.05564059098306188,0.07314232721734087,,
ally,maxmonth_wnd,-0.055615293403705295,0.3440508169429006,,
occasion,maxmonth_wnd,-0.055370792505794415,0.10510605406465354,,
pat,maxmonth_wnd,-0.05531467758839519,0.3679088070524882,,
flour,maxmonth_wnd,-0.05515843970535496,0.15849816009579273,,
urine,maxmonth_wnd,-0.05505153029232662,0.07983839063269915,,
agreement,maxmonth_wnd,-0.055008992915296,0.08749029894587884,,
size,maxmonth_wnd,-0.054861257414651005,0.040699196167020384,,
pupil,maxmonth_wnd,-0.05485151169474138,0.1138384672537758,,
snail,maxmonth_wnd,-0.054798565948574914,0.23044396860774358,,
skin,maxmonth_wnd,-0.05442402797948836,0.024216217326607614,,
impression,maxmonth_wnd,-0.054368459946520495,0.20991530835042457,,
dye,maxmonth_wnd,-0.05423092551945465,0.15698486854533023,,
happiness,maxmonth_wnd,-0.054098964078888784,0.20750940944245586,,
principle,maxmonth_wnd,-0.05406565982112401,0.327954424745359,,
deceit,maxmonth_wnd,-0.05406240624275503,0.326539532601133,,
sadness,maxmonth_wnd,-0.0539133814245071,0.25527755383414236,,
cock,maxmonth_wnd,-0.05388673097063209,0.22342050464829696,,
straw,maxmonth_wnd,-0.053658395921205325,0.22359635482215198,,
partition,maxmonth_wnd,-0.05364536132722515,0.2583875090826513,,
injection,maxmonth_wnd,-0.05352656844632485,0.35254684844083306,,
firewood,maxmonth_wnd,-0.05348691888394949,0.29323261625125624,,
fortune,maxmonth_wnd,-0.05342511026182801,0.14866123244350024,,
limit,maxmonth_wnd,-0.05335615071608843,0.1839987745534706,,
garlic,maxmonth_wnd,-0.053315437619866644,0.3098625512629932,,
eclipse,maxmonth_wnd,-0.05326181314601215,0.22174227221129886,,
thrust,maxmonth_wnd,-0.05321012104911501,0.2898961371610324,,
ion,maxmonth_wnd,-0.0531662566439782,0.49789954554875154,,
sunlight,maxmonth_wnd,-0.05315357884986289,0.3348967655208248,,
spin,maxmonth_wnd,-0.05305667496431359,0.14957576115429333,,
share,maxmonth_wnd,-0.05299058303471792,0.03485041824988527,,
structure,maxmonth_wnd,-0.052828205533028944,0.2625344677949167,,
generation,maxmonth_wnd,-0.052685371647353756,0.1585944406083351,,
activity,maxmonth_wnd,-0.05231777459743343,0.19843226547901555,,
condition,maxmonth_wnd,-0.052311282582234594,0.12825053632174827,,
flute,maxmonth_wnd,-0.05200852078742146,0.2191979639245968,,
inhabitant,maxmonth_wnd,-0.051975987639678235,0.3565894909450829,,
merchant,maxmonth_wnd,-0.051963458459327275,0.2007492780593562,,
belonging,maxmonth_wnd,-0.051898298135812475,0.4055341283992672,,
growth,maxmonth_wnd,-0.051850569285377936,0.153669439045452,,
airplane,maxmonth_wnd,-0.051725480926314155,0.43412756372291933,,
silk,maxmonth_wnd,-0.05169234005213931,0.29173431481975454,,
surface,maxmonth_wnd,-0.051606121707112165,0.12341023454649336,,
harmony,maxmonth_wnd,-0.05149955179466885,0.34720359743648377,,
acid,maxmonth_wnd,-0.05145827013242676,0.34645705819087746,,
contrast,maxmonth_wnd,-0.05144689408585338,0.410997384177866,,
smell,maxmonth_wnd,-0.05138222435954542,0.03597514471243772,,
detail,maxmonth_wnd,-0.051371038983135095,0.2180674396192719,,
security,maxmonth_wnd,-0.05126543551472501,0.28274690603952884,,
thorn,maxmonth_wnd,-0.051147349016742054,0.12311942587268163,,
uncle,maxmonth_wnd,-0.05090749472974598,0.18942150455657336,,
strength,maxmonth_wnd,-0.05061444649870197,0.04369970065563702,,
descendant,maxmonth_wnd,-0.050506524024144635,0.2665097676328565,,
wedding,maxmonth_wnd,-0.050433982156480046,0.35059825594160093,,
squirrel,maxmonth_wnd,-0.050430400914957055,0.3872561983038603,,
weave,maxmonth_wnd,-0.050303948138481394,0.16126112572820916,,
crop,maxmonth_wnd,-0.05020131625378768,0.20099562461900186,,
hunger,maxmonth_wnd,-0.050193908960167996,0.07354492748329929,,
load,maxmonth_wnd,-0.050165822381073796,0.08935393628141153,,
thumb,maxmonth_wnd,-0.049922054017297476,0.08304863219527674,,
repetition,maxmonth_wnd,-0.04991160719870431,0.25804644393123416,,
arrow,maxmonth_wnd,-0.04985211967332051,0.23414102697045241,,
vagina,maxmonth_wnd,-0.04983912303871999,0.4067645556545683,,
earthquake,maxmonth_wnd,-0.049825876998620476,0.1530913326901509,,
grandparent,maxmonth_wnd,-0.04977455981032547,0.5627649330582044,,
era,maxmonth_wnd,-0.049571993042422734,0.4886403008146078,,
issue,maxmonth_wnd,-0.04947533556661411,0.23649771611409226,,
tasting,maxmonth_wnd,-0.04936011237723077,0.30540510065679183,,
fern,maxmonth_wnd,-0.04935653877982506,0.4475579598058868,,
literature,maxmonth_wnd,-0.049305990361884926,0.4360206238776656,,
procession,maxmonth_wnd,-0.04913496502383149,0.35952742409232136,,
sap,maxmonth_wnd,-0.04902965545574294,0.23806712409841618,,
loss,maxmonth_wnd,-0.048628745674708145,0.199868501399122,,
idol,maxmonth_wnd,-0.04848998390389249,0.42398401471222863,,
teaching,maxmonth_wnd,-0.048403089333992004,0.19935393441643878,,
respect,maxmonth_wnd,-0.048355948361987075,0.09035027465147921,,
difficulty,maxmonth_wnd,-0.048340414458522905,0.10980462283165036,,
slap,maxmonth_wnd,-0.048324620820239694,0.20607672822750392,,
stamp,maxmonth_wnd,-0.04813005882492212,0.2370249301625429,,
heat,maxmonth_wnd,-0.047917601916206476,0.025220231249291424,,
maker,maxmonth_wnd,-0.04782993281162198,0.29269017439612993,,
vow,maxmonth_wnd,-0.04771645307987058,0.3659133116780504,,
anxiety,maxmonth_wnd,-0.04767794326622376,0.31212337418754343,,
ancestor,maxmonth_wnd,-0.04743209353092489,0.25113281115631864,,
duration,maxmonth_wnd,-0.04734609445690443,0.3394684920947877,,
phlegm,maxmonth_wnd,-0.04731296157262827,0.32657072643784324,,
tar,maxmonth_wnd,-0.04710774544433889,0.39791285777545826,,
threat,maxmonth_wnd,-0.04707487347434523,0.21559836062032306,,
landing,maxmonth_wnd,-0.046950773903674,0.41861788739696537,,
system,maxmonth_wnd,-0.046909733816700494,0.3562628519047251,,
protection,maxmonth_wnd,-0.04690327569035415,0.2261374323479311,,
sinner,maxmonth_wnd,-0.04677645156331875,0.3412812085338747,,
breathing,maxmonth_wnd,-0.04675200885092108,0.1589867475390775,,
grass,maxmonth_wnd,-0.046671089626203414,0.15510831984277793,,
lamp,maxmonth_wnd,-0.04665880051115186,0.16107422436929705,,
refrain,maxmonth_wnd,-0.046655973069555094,0.29559690152541207,,
interpretation,maxmonth_wnd,-0.04644197494734292,0.40425231245568416,,
value,maxmonth_wnd,-0.04636508658163641,0.1329994848422021,,
mirror,maxmonth_wnd,-0.046304707677829265,0.07888064162508712,,
pitcher,maxmonth_wnd,-0.04622971573859584,0.40392481296131316,,
strip,maxmonth_wnd,-0.04611796529928013,0.14952648448535372,,
sum,maxmonth_wnd,-0.04608230559891175,0.36394600735696214,,
diet,maxmonth_wnd,-0.04596443838480587,0.4009029683468163,,
temperature,maxmonth_wnd,-0.045918310562888934,0.449382168099548,,
sip,maxmonth_wnd,-0.04576139929720624,0.37011497349516814,,
beak,maxmonth_wnd,-0.04559443518218829,0.17053626823013543,,
prince,maxmonth_wnd,-0.04558627136907156,0.48092941454532007,,
beam,maxmonth_wnd,-0.04558279458006068,0.19523377017915752,,
swarm,maxmonth_wnd,-0.04546361163460371,0.2744158155204885,,
disgrace,maxmonth_wnd,-0.04530340207684999,0.36908076168130943,,
title,maxmonth_wnd,-0.04514615775233602,0.3992705937603937,,
lime,maxmonth_wnd,-0.04510156025530076,0.2774244407495044,,
theft,maxmonth_wnd,-0.045018601071867864,0.24338399503182617,,
spectacle,maxmonth_wnd,-0.04467700322651089,0.2874634843197876,,
residence,maxmonth_wnd,-0.04465029253305334,0.2996770238387306,,
foundation,maxmonth_wnd,-0.04454068135111986,0.23798608938350393,,
injury,maxmonth_wnd,-0.04453401181050797,0.28536116827237645,,
gift,maxmonth_wnd,-0.044386693597278516,0.14524038829380867,,
sickness,maxmonth_wnd,-0.044321939819619634,0.23867312103408034,,
cure,maxmonth_wnd,-0.044242799885163386,0.1732162059086685,,
attitude,maxmonth_wnd,-0.04424249986614168,0.37101948011290264,,
portion,maxmonth_wnd,-0.04420527665846027,0.2431640508137489,,
longing,maxmonth_wnd,-0.04417842320289985,0.37719842672499937,,
shape,maxmonth_wnd,-0.04412011338390815,0.07249471285591907,,
luck,maxmonth_wnd,-0.04409708012273539,0.22461451150038672,,
demand,maxmonth_wnd,-0.04409236300642987,0.3150558623759533,,
twig,maxmonth_wnd,-0.04408545993035599,0.21888516301149957,,
abuse,maxmonth_wnd,-0.04402538419142135,0.2752679495039052,,
hive,maxmonth_wnd,-0.04370513410554286,0.5063481939779005,,
gulp,maxmonth_wnd,-0.04362366448781894,0.3870408558373759,,
knowledge,maxmonth_wnd,-0.04358976664613742,0.15994988878109662,,
employment,maxmonth_wnd,-0.04355276791099739,0.4144274082686256,,
aunt,maxmonth_wnd,-0.04352101928139587,0.2757475475914072,,
laborer,maxmonth_wnd,-0.043384312881635814,0.381097459463583,,
finger,maxmonth_wnd,-0.043347583444370084,0.08372408703262052,,
honey,maxmonth_wnd,-0.04334713797176032,0.22496070064025242,,
envelope,maxmonth_wnd,-0.04326013120249646,0.3213678359742855,,
design,maxmonth_wnd,-0.04324399175500962,0.3051929558779877,,
belief,maxmonth_wnd,-0.04307220075661409,0.2540004888140979,,
taste,maxmonth_wnd,-0.04280689057260761,0.06007870646541926,,
pu,maxmonth_wnd,-0.04275354941124616,0.25699233553013007,,
nonsense,maxmonth_wnd,-0.04274398736890606,0.3927563331070061,,
donkey,maxmonth_wnd,-0.04269016061889671,0.4577841557013818,,
trigger,maxmonth_wnd,-0.0426869202951281,0.4584549512036111,,
thief,maxmonth_wnd,-0.04242878932643624,0.15392935088086573,,
bird,maxmonth_wnd,-0.042419170970595,0.12501008877235703,,
urge,maxmonth_wnd,-0.04241204988866548,0.304140964733709,,
purpose,maxmonth_wnd,-0.04240918099757467,0.10134193118149068,,
repair,maxmonth_wnd,-0.04227457885945302,0.18004882247127763,,
interest,maxmonth_wnd,-0.04223309201831081,0.22062870718398178,,
rut,maxmonth_wnd,-0.04219289348256547,0.4310981958040679,,
relationship,maxmonth_wnd,-0.04187028843921453,0.2561692245367386,,
sore,maxmonth_wnd,-0.04181563129282826,0.5524436475011459,,
lion,maxmonth_wnd,-0.04172889036182946,0.3267944150698456,,
feeling,maxmonth_wnd,-0.041627882515046975,0.18636726239491083,,
constellation,maxmonth_wnd,-0.04111995179181116,0.49600056427358413,,
labor,maxmonth_wnd,-0.04105572305063529,0.20656005729568228,,
copper,maxmonth_wnd,-0.040984159113411425,0.2937563437947777,,
blaze,maxmonth_wnd,-0.04096540556635803,0.3235685282962032,,
scarf,maxmonth_wnd,-0.040833032420960404,0.45984856686355224,,
dung,maxmonth_wnd,-0.040709222373541916,0.37906802211857615,,
lineage,maxmonth_wnd,-0.04069809303355143,0.5587367374950469,,
harm,maxmonth_wnd,-0.040564860097870296,0.2612277049022949,,
evil,maxmonth_wnd,-0.04051773646869468,0.22372709226025295,,
wrist,maxmonth_wnd,-0.04045531272097551,0.23336752344304768,,
muzzle,maxmonth_wnd,-0.040436666934051374,0.40084093560445005,,
despair,maxmonth_wnd,-0.04032283692990877,0.40897843248086163,,
boil,maxmonth_wnd,-0.040300054052417746,0.09474885135944404,,
fee,maxmonth_wnd,-0.0402184705610916,0.47854858661397187,,
quality,maxmonth_wnd,-0.040206432213833604,0.29906874241187986,,
product,maxmonth_wnd,-0.04000214722748187,0.45092388326526084,,
opponent,maxmonth_wnd,-0.039969535485153106,0.3660167188859236,,
force,maxmonth_wnd,-0.039858455162388756,0.13520549734928117,,
disgust,maxmonth_wnd,-0.039808400729116254,0.35125029614509545,,
guide,maxmonth_wnd,-0.039543813979989004,0.19051366352006333,,
praise,maxmonth_wnd,-0.03950866233201282,0.22858334461248733,,
rod,maxmonth_wnd,-0.03929916383827815,0.3322412025007775,,
success,maxmonth_wnd,-0.03839853136973891,0.30948032442180884,,
wall,maxmonth_wnd,-0.038380218977990835,0.11196715770118065,,
movement,maxmonth_wnd,-0.03836150542032511,0.2649918873849278,,
food,maxmonth_wnd,-0.038348382432944174,0.13632055697046047,,
figure,maxmonth_wnd,-0.038297776297576754,0.35456374512223815,,
spine,maxmonth_wnd,-0.038246663232577104,0.33563548764518253,,
stomach,maxmonth_wnd,-0.038159734283234256,0.1704505022041575,,
defect,maxmonth_wnd,-0.03813952383124435,0.385735701283477,,
forehead,maxmonth_wnd,-0.03812609042729231,0.22217587823846832,,
discourse,maxmonth_wnd,-0.038122111414240205,0.5155629452127393,,
trouble,maxmonth_wnd,-0.03803952909614174,0.20396329524242077,,
parent,maxmonth_wnd,-0.037989066498015825,0.21657278298145935,,
honor,maxmonth_wnd,-0.03792260195201243,0.2913583292552046,,
symbol,maxmonth_wnd,-0.03787383966103236,0.44071755563993137,,
situation,maxmonth_wnd,-0.03772346529656894,0.3992578543383741,,
prosperity,maxmonth_wnd,-0.03767289663910107,0.5193825870761989,,
throne,maxmonth_wnd,-0.037552093025845605,0.4910822433050155,,
weight,maxmonth_wnd,-0.03734605756709605,0.11884969737058239,,
arrest,maxmonth_wnd,-0.037323628157010444,0.3637986345034703,,
stain,maxmonth_wnd,-0.03726231947460193,0.34765504976397466,,
envy,maxmonth_wnd,-0.03723003658734345,0.34941384009016263,,
reflection,maxmonth_wnd,-0.03710795005849047,0.33553934154846843,,
louse,maxmonth_wnd,-0.036723145295171004,0.45122425290772783,,
teacher,maxmonth_wnd,-0.03666263956269715,0.3261647121978794,,
ignorance,maxmonth_wnd,-0.03651624615740191,0.44558551319736195,,
series,maxmonth_wnd,-0.03645564834597324,0.4490282035681155,,
chase,maxmonth_wnd,-0.03644975876747123,0.2931830656174232,,
murder,maxmonth_wnd,-0.03642838859338142,0.3064318443018623,,
effect,maxmonth_wnd,-0.03642442834584933,0.26414878508242967,,
departure,maxmonth_wnd,-0.036335659091423646,0.4267559510370016,,
juice,maxmonth_wnd,-0.036317953487699166,0.23156826065555983,,
ring,maxmonth_wnd,-0.03631136864096657,0.10984668964737436,,
model,maxmonth_wnd,-0.03624903028186365,0.49120456270660007,,
twin,maxmonth_wnd,-0.03622609307288051,0.26932989910357386,,
expectation,maxmonth_wnd,-0.036161268372881625,0.3851554749314718,,
guilt,maxmonth_wnd,-0.03607155648975673,0.4510231031175743,,
sieve,maxmonth_wnd,-0.036035901512195594,0.3641970228862284,,
adultery,maxmonth_wnd,-0.03603346026203438,0.36414338192081486,,
pardon,maxmonth_wnd,-0.03599791400373499,0.48398358388897555,,
equipment,maxmonth_wnd,-0.03590799092496602,0.5555270555594548,,
pond,maxmonth_wnd,-0.035843528536913555,0.36566713940237067,,
truth,maxmonth_wnd,-0.03574332206701827,0.20121802554254783,,
beetle,maxmonth_wnd,-0.03530521454608961,0.4356040959674796,,
veil,maxmonth_wnd,-0.035304848319379085,0.5000431729338775,,
beauty,maxmonth_wnd,-0.035279962401513175,0.4155792939713335,,
tomorrow,maxmonth_wnd,-0.03519775198371001,0.5118594101282475,,
worm,maxmonth_wnd,-0.03519120587189417,0.18614203727237738,,
inquiry,maxmonth_wnd,-0.03507682955031392,0.47588776093791924,,
track,maxmonth_wnd,-0.03498009828700407,0.32277170744122713,,
fault,maxmonth_wnd,-0.03492814679666798,0.3460461521551909,,
tailor,maxmonth_wnd,-0.034614712364224934,0.46780119454790575,,
pledge,maxmonth_wnd,-0.03457133898778387,0.492698017174442,,
bin,maxmonth_wnd,-0.03455159818035444,0.6482522541662767,,
fabric,maxmonth_wnd,-0.03441376756596806,0.6000544627217594,,
encouragement,maxmonth_wnd,-0.034401413681859554,0.43271337517852626,,
access,maxmonth_wnd,-0.03422130362943024,0.4543380011976034,,
breast,maxmonth_wnd,-0.03403489657870178,0.17070509031191863,,
shred,maxmonth_wnd,-0.03402736555129282,0.50054684797822,,
fin,maxmonth_wnd,-0.03391489800151511,0.4959854306909086,,
burrow,maxmonth_wnd,-0.0337647881486879,0.5522926103080246,,
soul,maxmonth_wnd,-0.03358801447259347,0.3695752699666777,,
effort,maxmonth_wnd,-0.03351080408791993,0.3340472948243037,,
news,maxmonth_wnd,-0.03348654966194556,0.2817598219775543,,
extent,maxmonth_wnd,-0.03344820205960165,0.3952465230207778,,
substitute,maxmonth_wnd,-0.03335243228929605,0.41989544899856146,,
wax,maxmonth_wnd,-0.03335032058781035,0.32553078885454,,
rescue,maxmonth_wnd,-0.033325786561183096,0.44303549037323214,,
attention,maxmonth_wnd,-0.03332129479387738,0.14540183958459896,,
passion,maxmonth_wnd,-0.03325984246180999,0.5427993051276327,,
depression,maxmonth_wnd,-0.03310653249430881,0.3762678245664652,,
stature,maxmonth_wnd,-0.0331001098833131,0.5028525130083176,,
gamble,maxmonth_wnd,-0.032985747282909886,0.5783994907279816,,
transport,maxmonth_wnd,-0.03285300080239673,0.5406865767333919,,
mattress,maxmonth_wnd,-0.03284173817167654,0.5049158059597798,,
idea,maxmonth_wnd,-0.032830779340010656,0.4033941280543077,,
moon,maxmonth_wnd,-0.03280440536238729,0.24296399410695782,,
exercise,maxmonth_wnd,-0.03258447284273798,0.419203200668235,,
odor,maxmonth_wnd,-0.032494459451698786,0.4048757872733155,,
knot,maxmonth_wnd,-0.03245931581101985,0.2260069727100543,,
operation,maxmonth_wnd,-0.03240461305610923,0.5191932707672028,,
murderer,maxmonth_wnd,-0.03240147669247509,0.45160202999425625,,
expert,maxmonth_wnd,-0.03222527391168519,0.48097131167856044,,
bud,maxmonth_wnd,-0.03221460156046843,0.419240392266719,,
kite,maxmonth_wnd,-0.03221123890636511,0.5260208999893332,,
spider,maxmonth_wnd,-0.032150046958426784,0.3450932396509056,,
glow,maxmonth_wnd,-0.032006669530642885,0.4922972452948846,,
gold,maxmonth_wnd,-0.031664116986596574,0.46073671742518746,,
anger,maxmonth_wnd,-0.031584596637520994,0.2239648766784586,,
skill,maxmonth_wnd,-0.031494445761810264,0.3918842045064865,,
army,maxmonth_wnd,-0.03143147492256268,0.5747660197516559,,
reserve,maxmonth_wnd,-0.03133158409928237,0.5322291110110845,,
spike,maxmonth_wnd,-0.031135744636812075,0.4851974153166951,,
process,maxmonth_wnd,-0.03110750261740014,0.3979103371046365,,
delay,maxmonth_wnd,-0.031085120334081034,0.3813677378722857,,
soil,maxmonth_wnd,-0.03088810631019622,0.3136974225797374,,
assault,maxmonth_wnd,-0.030886311734545487,0.5016774113544319,,
stream,maxmonth_wnd,-0.030761126645876186,0.44042485924460506,,
neck,maxmonth_wnd,-0.030697496967209803,0.1692893106581532,,
filth,maxmonth_wnd,-0.03065697946193592,0.4897210630696763,,
stake,maxmonth_wnd,-0.03059116083437013,0.4064253651408744,,
occupation,maxmonth_wnd,-0.030551587497751945,0.47090174798783707,,
mode,maxmonth_wnd,-0.030319576300291817,0.6778619018446818,,
basis,maxmonth_wnd,-0.03027082394390721,0.5023577047569979,,
warmth,maxmonth_wnd,-0.030268144761558067,0.5067285002331193,,
passenger,maxmonth_wnd,-0.030237547778086567,0.616086895316344,,
scream,maxmonth_wnd,-0.02995793243383079,0.46671260243917245,,
pit,maxmonth_wnd,-0.029946562599360484,0.37372981982291964,,
rope,maxmonth_wnd,-0.02994363759918599,0.2803077695874751,,
contempt,maxmonth_wnd,-0.029905149355895312,0.5821531532979614,,
silver,maxmonth_wnd,-0.02984909283337028,0.4373298625497147,,
neglect,maxmonth_wnd,-0.029702512288820544,0.4320781412209268,,
permission,maxmonth_wnd,-0.029527978652835893,0.33246894347842243,,
rumor,maxmonth_wnd,-0.029519079678561187,0.4443569328149748,,
wound,maxmonth_wnd,-0.029513951635896724,0.2545238992945054,,
bat,maxmonth_wnd,-0.02947957369627125,0.4424441498731996,,
shine,maxmonth_wnd,-0.029421604531615585,0.2829330046219287,,
quarrel,maxmonth_wnd,-0.029227528126454527,0.35066741467020884,,
cat,maxmonth_wnd,-0.029203291164134462,0.2946342475789882,,
polish,maxmonth_wnd,-0.029199354403154087,0.4855842925793594,,
torment,maxmonth_wnd,-0.029176970566436145,0.6020966076267246,,
disturbance,maxmonth_wnd,-0.0291241222022657,0.5031151252013925,,
whirlpool,maxmonth_wnd,-0.02901579332241406,0.5361329556208785,,
tile,maxmonth_wnd,-0.028911452370431308,0.6296941364129633,,
reptile,maxmonth_wnd,-0.02889148283794914,0.6002757719986191,,
dust,maxmonth_wnd,-0.028834232581345116,0.18434263183824576,,
water,maxmonth_wnd,-0.028825471795576083,0.15533285489688967,,
pile,maxmonth_wnd,-0.028703326485944466,0.30246093377327354,,
examination,maxmonth_wnd,-0.028626197299335146,0.6264862142132633,,
god,maxmonth_wnd,-0.028601719150857734,0.5092960303535495,,
barber,maxmonth_wnd,-0.028563520402441468,0.5310885900159618,,
holder,maxmonth_wnd,-0.028536824267581744,0.5657867724499434,,
temptation,maxmonth_wnd,-0.02845410212128802,0.5054620362014852,,
item,maxmonth_wnd,-0.02821285557034802,0.6047193786818644,,
annoyance,maxmonth_wnd,-0.028049353441790482,0.5563953473647405,,
rate,maxmonth_wnd,-0.028021558832739997,0.6163490848388201,,
escort,maxmonth_wnd,-0.027981856033190988,0.6323711411244699,,
pity,maxmonth_wnd,-0.027953873453996032,0.3280010213127282,,
governor,maxmonth_wnd,-0.02791365683480773,0.5318942261290861,,
widower,maxmonth_wnd,-0.027747963601942278,0.5092974521063196,,
crash,maxmonth_wnd,-0.027564152133273387,0.5892184055618492,,
rule,maxmonth_wnd,-0.027537901984546788,0.45109807816687814,,
widow,maxmonth_wnd,-0.027439537125064608,0.3860780575485997,,
helper,maxmonth_wnd,-0.027279250147235333,0.5346786517932064,,
judgment,maxmonth_wnd,-0.027223181481038743,0.5373932628390228,,
flow,maxmonth_wnd,-0.02718023759426689,0.32049193877094717,,
bulge,maxmonth_wnd,-0.02706760975190724,0.629816927556115,,
flash,maxmonth_wnd,-0.027063114077652266,0.38002861708828123,,
soldier,maxmonth_wnd,-0.0269770418827003,0.4553697626911388,,
representative,maxmonth_wnd,-0.026950568456623636,0.5501757289740011,,
argument,maxmonth_wnd,-0.026902264348761317,0.49998462870391025,,
crush,maxmonth_wnd,-0.026896741500004106,0.44446611236996236,,
struggle,maxmonth_wnd,-0.02683618983468009,0.48825037204259936,,
patience,maxmonth_wnd,-0.026717236611145008,0.5052203534979407,,
message,maxmonth_wnd,-0.026630590754227232,0.41882218277528466,,
discussion,maxmonth_wnd,-0.02649405506869941,0.4709950459537421,,
depth,maxmonth_wnd,-0.026479799649143553,0.39466190646947796,,
hunting,maxmonth_wnd,-0.026465463165514503,0.5289724668452092,,
sunset,maxmonth_wnd,-0.02644430067893767,0.5216108820350303,,
bubble,maxmonth_wnd,-0.026327413834270452,0.3541096161181953,,
wage,maxmonth_wnd,-0.026283246300668948,0.4427249749905091,,
consent,maxmonth_wnd,-0.026258028480641137,0.5006267516695735,,
crease,maxmonth_wnd,-0.026197636332656316,0.6162190954550943,,
exchange,maxmonth_wnd,-0.026073094898742773,0.37895093077781283,,
peg,maxmonth_wnd,-0.026027688780896674,0.504621411960276,,
waterfall,maxmonth_wnd,-0.025866146935244982,0.5650369599191221,,
teeth,maxmonth_wnd,-0.025825166267902783,0.28116000434243926,,
opportunity,maxmonth_wnd,-0.025726728129421686,0.4636781762496986,,
sugar,maxmonth_wnd,-0.025575223337651765,0.4634572424998282,,
bus,maxmonth_wnd,-0.025397299277661906,0.7202455457213787,,
gorge,maxmonth_wnd,-0.025281736974314885,0.64835974264807406,,
suggestion,maxmonth_wnd,-0.025278222775606755,0.5778392341291219,,
wisdom,maxmonth_wnd,-0.025244442540395675,0.5456775970096117,,
pool,maxmonth_wnd,-0.025165726694159868,0.4757825275459553,,
torch,maxmonth_wnd,-0.025096533927059236,0.5170374147673507,,
wood,maxmonth_wnd,-0.025023532914498832,0.31907221232991023,,
comfort,maxmonth_wnd,-0.024862866150798926,0.5169828790549068,,
extension,maxmonth_wnd,-0.024853899134366707,0.6033601025834253,,
fire,maxmonth_wnd,-0.024800132846078335,0.2694968806307946,,
awe,maxmonth_wnd,-0.02473630509622712,0.6841360079077149,,
connection,maxmonth_wnd,-0.02463855434970066,0.5899384073367896,,
quantity,maxmonth_wnd,-0.024610035037393257,0.5417479529837389,,
map,maxmonth_wnd,-0.024547474147764627,0.6516393791119366,,
application,maxmonth_wnd,-0.024506014715827983,0.6304648603086916,,
reputation,maxmonth_wnd,-0.02443484827739777,0.5716324687601775,,
source,maxmonth_wnd,-0.024346183624351474,0.4696494063303157,,
combination,maxmonth_wnd,-0.02431987896551324,0.6228444191800065,,
profit,maxmonth_wnd,-0.024307740921213364,0.5633122507182325,,
mix,maxmonth_wnd,-0.024238005342465476,0.30838035858220386,,
bullet,maxmonth_wnd,-0.024179082434098297,0.5905857476230885,,
peer,maxmonth_wnd,-0.02414158752179681,0.6406534551186891,,
distress,maxmonth_wnd,-0.024079615834939602,0.6171074702066394,,
infant,maxmonth_wnd,-0.024055561517972553,0.5192028091942247,,
slack,maxmonth_wnd,-0.024023113831658144,0.5735616054614792,,
image,maxmonth_wnd,-0.02385905589626569,0.5532901134975483,,
fashion,maxmonth_wnd,-0.02376929634651617,0.5568560230224969,,
dancer,maxmonth_wnd,-0.02374927710819717,0.6385579937131792,,
brick,maxmonth_wnd,-0.023714075809496526,0.6003191128870247,,
method,maxmonth_wnd,-0.023665004077653623,0.6113884219191793,,
understanding,maxmonth_wnd,-0.023632479707467357,0.5190029170342048,,
curve,maxmonth_wnd,-0.023625551234757264,0.554241927322734,,
divide,maxmonth_wnd,-0.02362373218292761,0.35983411131950704,,
hum,maxmonth_wnd,-0.023485001509056663,0.6027123611439708,,
balance,maxmonth_wnd,-0.0233726116132179,0.5650737319851581,,
occurrence,maxmonth_wnd,-0.02333868897113819,0.6715699498062379,,
earth,maxmonth_wnd,-0.02315860168879291,0.401761080307721,,
sun,maxmonth_wnd,-0.023157062511479296,0.36899869338398683,,
football,maxmonth_wnd,-0.02294026678495139,0.7854043056839913,,
warning,maxmonth_wnd,-0.02287886306941014,0.5434584086721204,,
excuse,maxmonth_wnd,-0.02287386487243172,0.573122920519102,,
failure,maxmonth_wnd,-0.02287219366970547,0.6436138880333447,,
learning,maxmonth_wnd,-0.022691748756941046,0.5287327589546151,,
throat,maxmonth_wnd,-0.02243706065012607,0.33197611039658476,,
mistake,maxmonth_wnd,-0.02234420119954328,0.43606927366124504,,
yawn,maxmonth_wnd,-0.022333038065489624,0.522079187045601,,
passage,maxmonth_wnd,-0.022248152404801606,0.5676770575376626,,
jet,maxmonth_wnd,-0.022211996654814957,0.6855433722391977,,
proverb,maxmonth_wnd,-0.02216095848364461,0.6927948476369677,,
exclamation,maxmonth_wnd,-0.022112590818208232,0.673546563554473,,
fireplace,maxmonth_wnd,-0.022093604912228428,0.6914524698865611,,
pineapple,maxmonth_wnd,-0.022029528496078428,0.7373395130974305,,
bile,maxmonth_wnd,-0.02195698227453122,0.689301424970018,,
sample,maxmonth_wnd,-0.02183146733858191,0.6773786150105985,,
circumstance,maxmonth_wnd,-0.021783310191142796,0.6363952196442219,,
exhaust,maxmonth_wnd,-0.021760530799740923,0.6712116319030701,,
vessel,maxmonth_wnd,-0.021752366587362244,0.6415000298510479,,
midwife,maxmonth_wnd,-0.021749548523899955,0.6047340894405757,,
soup,maxmonth_wnd,-0.02174835433533718,0.6655170803506925,,
parable,maxmonth_wnd,-0.02169553746086576,0.7021697592319228,,
oil,maxmonth_wnd,-0.02165149081252851,0.4683465065208786,,
society,maxmonth_wnd,-0.02155393789305854,0.6355987105134753,,
mold,maxmonth_wnd,-0.021517872762056803,0.5418665336446165,,
worker,maxmonth_wnd,-0.02148961207821552,0.6192221131379773,,
ownership,maxmonth_wnd,-0.02138943914716315,0.6256773245088024,,
possession,maxmonth_wnd,-0.021330906099991363,0.5026811891128045,,
clump,maxmonth_wnd,-0.02132206871008385,0.7342961997798251,,
decay,maxmonth_wnd,-0.021240332089705345,0.5943886876385693,,
tin,maxmonth_wnd,-0.02119743496630141,0.6168506322408007,,
lack,maxmonth_wnd,-0.021163312585090823,0.5786066156214504,,
alcohol,maxmonth_wnd,-0.02113260129033233,0.7381178227876957,,
smoking,maxmonth_wnd,-0.020905814999917238,0.6081955919205005,,
famine,maxmonth_wnd,-0.020832644115093196,0.5826886708081159,,
decision,maxmonth_wnd,-0.020808154964761863,0.5692966900464356,,
prophet,maxmonth_wnd,-0.020726469993051336,0.6944018996591351,,
surrender,maxmonth_wnd,-0.020614536269227574,0.6891434809327274,,
accord,maxmonth_wnd,-0.02055702186478642,0.6687128319348372,,
chicken,maxmonth_wnd,-0.020542166610661126,0.6975741557575895,,
kingdom,maxmonth_wnd,-0.02050706225564933,0.6393736718419722,,
frame,maxmonth_wnd,-0.020499822189306977,0.5242634503758133,,
king,maxmonth_wnd,-0.02047815044277671,0.680715489201881,,
explanation,maxmonth_wnd,-0.020374304975365822,0.602231502880613,,
treatment,maxmonth_wnd,-0.020346075432965127,0.609884620227392,,
scale,maxmonth_wnd,-0.020333245324318794,0.40713286216329664,,
column,maxmonth_wnd,-0.020199006533557485,0.6601009225396496,,
eyebrow,maxmonth_wnd,-0.02015031889632045,0.5642938783427828,,
slope,maxmonth_wnd,-0.01997482708741321,0.562957874133479,,
flutter,maxmonth_wnd,-0.019916087499761467,0.6832235323698642,,
comb,maxmonth_wnd,-0.019888219350027457,0.5017030775265083,,
institute,maxmonth_wnd,-0.019768712079019837,0.7218017990766592,,
gesture,maxmonth_wnd,-0.01976204281715303,0.6634408783891556,,
acquaintance,maxmonth_wnd,-0.019638911628704042,0.6348926480343667,,
scrotum,maxmonth_wnd,-0.019456176338849135,0.7753891832971329,,
reprimand,maxmonth_wnd,-0.019428858222962548,0.7268910546190458,,
instruction,maxmonth_wnd,-0.019381816266751572,0.6345919743336149,,
study,maxmonth_wnd,-0.01934083381372041,0.6403541571081308,,
hatred,maxmonth_wnd,-0.019242622100242555,0.6406274416735069,,
advice,maxmonth_wnd,-0.01921907838890937,0.5330587190545897,,
date,maxmonth_wnd,-0.01918705049043381,0.6153113061652683,,
dawn,maxmonth_wnd,-0.0191172386822151,0.5018154510299185,,
wrap,maxmonth_wnd,-0.019110106501709107,0.546857570309246,,
sale,maxmonth_wnd,-0.01898047836728286,0.648648488796465,,
tank,maxmonth_wnd,-0.01892344646195549,0.7464745098754896,,
glance,maxmonth_wnd,-0.018906251961991784,0.6370586456912746,,
function,maxmonth_wnd,-0.018837189127549173,0.6756395033835098,,
prayer,maxmonth_wnd,-0.01883171833438,0.661780900713671,,
temple,maxmonth_wnd,-0.01881787187370268,0.7189028889454976,,
hemp,maxmonth_wnd,-0.01865298436980533,0.7682292919806982,,
duty,maxmonth_wnd,-0.01843420139166603,0.6802287029326487,,
leap,maxmonth_wnd,-0.018244287731683902,0.6481595896031138,,
funnel,maxmonth_wnd,-0.01803006041149419,0.7074170681137755,,
rafter,maxmonth_wnd,-0.01802765326541748,0.8035255187580562,,
habit,maxmonth_wnd,-0.017942964622021513,0.6171157364900556,,
sketch,maxmonth_wnd,-0.017912081650792427,0.7632252775986117,,
city,maxmonth_wnd,-0.017866746836811224,0.7348051147981615,,
mission,maxmonth_wnd,-0.01777951643236564,0.7286744080274525,,
axe,maxmonth_wnd,-0.017778437417877047,0.6758236030699074,,
appetite,maxmonth_wnd,-0.01769369911226493,0.6529965677277038,,
government,maxmonth_wnd,-0.017582039317226506,0.7091851603191285,,
spoon,maxmonth_wnd,-0.017558537839346005,0.5752897361282615,,
love,maxmonth_wnd,-0.017533061446275117,0.46243954100323126,,
conversation,maxmonth_wnd,-0.01743745193298738,0.6068679263109696,,
witness,maxmonth_wnd,-0.017426591430763645,0.6027540249150979,,
approach,maxmonth_wnd,-0.017360663929177116,0.601695964080725,,
shadow,maxmonth_wnd,-0.017338626768179422,0.45948612033133784,,
flesh,maxmonth_wnd,-0.01724171225755586,0.5845379080761698,,
floor,maxmonth_wnd,-0.01705545223097822,0.603972563786569,,
association,maxmonth_wnd,-0.01704253200034546,0.7133006210320068,,
direction,maxmonth_wnd,-0.016973829189176455,0.5542379664414326,,
groan,maxmonth_wnd,-0.01690683167613041,0.6167564476888167,,
carpet,maxmonth_wnd,-0.01686254070584957,0.7381085887502513,,
friend,maxmonth_wnd,-0.01684549564784128,0.46810372759827557,,
sympathy,maxmonth_wnd,-0.01683242790435626,0.7121148124592411,,
saint,maxmonth_wnd,-0.0167670021885788,0.7826151258555525,,
territory,maxmonth_wnd,-0.01674819037214274,0.7279677772664043,,
fluid,maxmonth_wnd,-0.01664261104413715,0.7513135279803306,,
bicycle,maxmonth_wnd,-0.016598516257358264,0.8281357173431945,,
lesson,maxmonth_wnd,-0.016465402057196963,0.7315979674268832,,
gap,maxmonth_wnd,-0.016431466108235843,0.7325660069263655,,
business,maxmonth_wnd,-0.016368910128186104,0.7150567675482032,,
tumor,maxmonth_wnd,-0.016277725338283533,0.7492152221554993,,
guard,maxmonth_wnd,-0.01609717733420644,0.5596723996544455,,
tobacco,maxmonth_wnd,-0.016087704680173124,0.688093417373418,,
science,maxmonth_wnd,-0.016045675588454846,0.7916260638071647,,
doorway,maxmonth_wnd,-0.015955953932522485,0.7713814737569,,
witchcraft,maxmonth_wnd,-0.01594206976976654,0.7815261818584549,,
childhood,maxmonth_wnd,-0.015793799634231,0.7185139055253034,,
tattoo,maxmonth_wnd,-0.01576797470544403,0.8124469172140713,,
razor,maxmonth_wnd,-0.015709699063873372,0.6556341840166603,,
distance,maxmonth_wnd,-0.01570540101913405,0.52968724400937,,
hardship,maxmonth_wnd,-0.015631277471755533,0.7733741893183981,,
flood,maxmonth_wnd,-0.015396094153633171,0.5929393404719753,,
device,maxmonth_wnd,-0.015313756022202321,0.75947322277411,,
creature,maxmonth_wnd,-0.015288510653588827,0.6705919053181582,,
bead,maxmonth_wnd,-0.015268524157381693,0.6975396786439363,,
heaven,maxmonth_wnd,-0.015242493994585266,0.6598523992256975,,
yesterday,maxmonth_wnd,-0.015131107696071117,0.6929199565125534,,
alphabet,maxmonth_wnd,-0.015124762527772895,0.7832189412135542,,
motion,maxmonth_wnd,-0.015048798464582956,0.7131329920963562,,
lightning,maxmonth_wnd,-0.015001701913287703,0.579652761865262,,
basin,maxmonth_wnd,-0.014991363433090375,0.6931856047506725,,
signal,maxmonth_wnd,-0.014734057569561747,0.7428102113846785,,
elbow,maxmonth_wnd,-0.014707693505551381,0.5989569649883814,,
household,maxmonth_wnd,-0.014640444333509256,0.708658554842331,,
lake,maxmonth_wnd,-0.014621635962493872,0.7229211323219091,,
chance,maxmonth_wnd,-0.01458220798519898,0.7108958473818034,,
contribution,maxmonth_wnd,-0.014551284785693654,0.722511196020366,,
rain,maxmonth_wnd,-0.014305198634623333,0.5296346337486049,,
bow,maxmonth_wnd,-0.014238393075911071,0.5669002292774512,,
lip,maxmonth_wnd,-0.01414596285503217,0.5537428959559944,,
future,maxmonth_wnd,-0.014007389985968309,0.6538609827564578,,
bite,maxmonth_wnd,-0.013979201560530199,0.5877516513081616,,
smoke,maxmonth_wnd,-0.013965547946541009,0.5435744318754016,,
rest,maxmonth_wnd,-0.013960950730866478,0.4553964741372928,,
fingernail,maxmonth_wnd,-0.013876047913740643,0.8440534039223725,,
shiver,maxmonth_wnd,-0.013849558968532566,0.6923385230144082,,
chain,maxmonth_wnd,-0.013828360954646556,0.5954009235741347,,
bath,maxmonth_wnd,-0.013703703334746157,0.7626455155745683,,
confusion,maxmonth_wnd,-0.013557813996701768,0.730601827585188,,
grandson,maxmonth_wnd,-0.013506662320382237,0.8024118345227392,,
flare,maxmonth_wnd,-0.013505640710354583,0.7942473822728782,,
affection,maxmonth_wnd,-0.013496326455663047,0.7800986562233149,,
expression,maxmonth_wnd,-0.013446009861873004,0.6936150862042979,,
stranger,maxmonth_wnd,-0.01329075542368952,0.6919233800893576,,
comparison,maxmonth_wnd,-0.013262918147652937,0.7578197960210543,,
gun,maxmonth_wnd,-0.013002666947629322,0.7239320225600223,,
tribe,maxmonth_wnd,-0.012907541571464877,0.8233152906083437,,
cradle,maxmonth_wnd,-0.01287056773386553,0.8149398690752069,,
roller,maxmonth_wnd,-0.012792298875473639,0.8067923408873902,,
shed,maxmonth_wnd,-0.012782748262731245,0.6505139977823099,,
hem,maxmonth_wnd,-0.012744546522425685,0.7931582241612603,,
servant,maxmonth_wnd,-0.01274226306983815,0.7416953081793302,,
excitement,maxmonth_wnd,-0.012730240363075728,0.7804023560343816,,
assistance,maxmonth_wnd,-0.012536431960582907,0.7369832412726668,,
hell,maxmonth_wnd,-0.012471550725442164,0.7783363205624667,,
arm,maxmonth_wnd,-0.012432920558612618,0.5507975671842668,,
nod,maxmonth_wnd,-0.012428998364945069,0.7562423002168212,,
messenger,maxmonth_wnd,-0.012385231947213323,0.7222612308407979,,
index,maxmonth_wnd,-0.012380083272670003,0.8077796309436005,,
thought,maxmonth_wnd,-0.01227567956442315,0.7681070265590891,,
air,maxmonth_wnd,-0.01227357661576366,0.6454804040076809,,
driver,maxmonth_wnd,-0.012268685408533138,0.8041748113579036,,
age,maxmonth_wnd,-0.01222966737181069,0.6496328495967567,,
mustache,maxmonth_wnd,-0.012182487020027695,0.7757681927503569,,
perch,maxmonth_wnd,-0.0119691120397457,0.8190578212441819,,
player,maxmonth_wnd,-0.011956395274929178,0.813243318483034,,
toilet,maxmonth_wnd,-0.011955568642881474,0.8433048619619754,,
rum,maxmonth_wnd,-0.011868918179610555,0.8714534250611436,,
quiver,maxmonth_wnd,-0.011863171781030019,0.7649168671269025,,
bail,maxmonth_wnd,-0.011664403413340092,0.8048975964313914,,
resource,maxmonth_wnd,-0.011591657571368217,0.8186954369559154,,
kit,maxmonth_wnd,-0.011476387298964323,0.8719123193014537,,
litter,maxmonth_wnd,-0.011386887256686266,0.799700191584448,,
ray,maxmonth_wnd,-0.011320160055122559,0.8062868912699844,,
shock,maxmonth_wnd,-0.01124577935876072,0.7971165431041156,,
pigeon,maxmonth_wnd,-0.011241088525692387,0.7732768908445563,,
thickness,maxmonth_wnd,-0.010995221360319935,0.7745654353370554,,
faith,maxmonth_wnd,-0.0108971220532964,0.7946352805940927,,
kin,maxmonth_wnd,-0.01089480539318177,0.8550094079270159,,
orphan,maxmonth_wnd,-0.0107724949683629,0.7668044772867799,,
cry,maxmonth_wnd,-0.010732952257232819,0.8466392289370007,,
kinship,maxmonth_wnd,-0.01071967924853956,0.8812802554441055,,
kerosene,maxmonth_wnd,-0.010582614450603716,0.8840141016292195,,
neighborhood,maxmonth_wnd,-0.010428618919169024,0.8361214878999714,,
torture,maxmonth_wnd,-0.01026226658075486,0.8521194006076575,,
reward,maxmonth_wnd,-0.01021387465480079,0.7979862598384533,,
coil,maxmonth_wnd,-0.010183830166718104,0.77634430792403,,
boar,maxmonth_wnd,-0.010028498034760825,0.841046279449531,,
dusk,maxmonth_wnd,-0.009878103043140195,0.805816165707201,,
splinter,maxmonth_wnd,-0.0098255433127256,0.8220116906314565,,
revenge,maxmonth_wnd,-0.009776672753105408,0.7894074208711298,,
burst,maxmonth_wnd,-0.00977218784887162,0.7695752233812215,,
kindness,maxmonth_wnd,-0.009616947978706526,0.8289687839894853,,
majority,maxmonth_wnd,-0.009542803254335224,0.8318823970174978,,
traveler,maxmonth_wnd,-0.009419440670761574,0.8171945909681902,,
son-in-law,maxmonth_wnd,-0.00941047108897321,0.8472223865575009,,
shelter,maxmonth_wnd,-0.009373134684111554,0.7478086436912129,,
chapter,maxmonth_wnd,-0.00929197036246442,0.8698412662465814,,
miracle,maxmonth_wnd,-0.00911506113061545,0.8454782404996015,,
lung,maxmonth_wnd,-0.008939788221506902,0.7857148993997507,,
palate,maxmonth_wnd,-0.00885179495260961,0.8119724973150195,,
weapon,maxmonth_wnd,-0.008712716792642173,0.8118566951034675,,
second,maxmonth_wnd,-0.00869683981538182,0.7191051558508464,,
sparkle,maxmonth_wnd,-0.008689046767897165,0.8654362920865362,,
boundary,maxmonth_wnd,-0.008571869343443561,0.7994012858938397,,
doubt,maxmonth_wnd,-0.008515799704239943,0.8004509563932116,,
eye,maxmonth_wnd,-0.008432912932894158,0.640122032655432,,
angle,maxmonth_wnd,-0.008364036325261516,0.840178950709718,,
disposition,maxmonth_wnd,-0.008148095648557688,0.8776757047760804,,
wedge,maxmonth_wnd,-0.007953246472995305,0.8531708749851898,,
ward,maxmonth_wnd,-0.00788060978909306,0.843975368338542,,
gum,maxmonth_wnd,-0.007867682442289697,0.8105637850344578,,
defense,maxmonth_wnd,-0.0076415810909388135,0.8739431846936632,,
limb,maxmonth_wnd,-0.007588461408149713,0.8474950310132472,,
prick,maxmonth_wnd,-0.007586542724006627,0.8549913394179365,,
sir,maxmonth_wnd,-0.007437441044267954,0.8950465252315374,,
observation,maxmonth_wnd,-0.00729559806724639,0.8764251625980708,,
intestine,maxmonth_wnd,-0.007107555307787864,0.8344762943052164,,
ruler,maxmonth_wnd,-0.007058156715996972,0.8840799931698826,,
confidence,maxmonth_wnd,-0.0068143796920550346,0.8605302458841688,,
arrival,maxmonth_wnd,-0.006753856809292802,0.8533806043003176,,
trace,maxmonth_wnd,-0.006732356580364225,0.8634395099837845,,
view,maxmonth_wnd,-0.006582883471773056,0.857475745026935,,
package,maxmonth_wnd,-0.006481795824818208,0.9085187506747147,,
trade,maxmonth_wnd,-0.006382529900943377,0.8671134632220447,,
utterance,maxmonth_wnd,-0.0063555723957172084,0.9050544697879581,,
token,maxmonth_wnd,-0.006206548430409684,0.8958323909385975,,
breed,maxmonth_wnd,-0.006189713776964414,0.8809410852008389,,
lord,maxmonth_wnd,-0.006123640732614742,0.9065297280757713,,
chatter,maxmonth_wnd,-0.006101315883468917,0.8869609582612321,,
dirt,maxmonth_wnd,-0.00603850850616194,0.829205473997176,,
lump,maxmonth_wnd,-0.005920991397381199,0.8778513209712324,,
hand,maxmonth_wnd,-0.005904124534249238,0.7377085566279881,,
pattern,maxmonth_wnd,-0.0058835257888847185,0.8848968705547149,,
presence,maxmonth_wnd,-0.005874998257910587,0.856017673486646,,
gasp,maxmonth_wnd,-0.005708028929042368,0.8988986825181304,,
information,maxmonth_wnd,-0.0056764176693548385,0.8803832694231986,,
pad,maxmonth_wnd,-0.005649049023323714,0.900985538449198,,
arch,maxmonth_wnd,-0.005625080497940466,0.9261639536618103,,
hair,maxmonth_wnd,-0.005328347912431463,0.792925988348789,,
fowl,maxmonth_wnd,-0.005290978193862339,0.912579520413601,,
content,maxmonth_wnd,-0.005251728151307119,0.8328531394327228,,
guest,maxmonth_wnd,-0.005218473531155623,0.8939835467146713,,
lid,maxmonth_wnd,-0.0051748758993652964,0.8754144895883936,,
justice,maxmonth_wnd,-0.005114337504274401,0.9106861080072756,,
midst,maxmonth_wnd,-0.005043441320113012,0.916007192955752,,
display,maxmonth_wnd,-0.00495592035536245,0.914775761378887,,
heap,maxmonth_wnd,-0.004945743112362567,0.8968309007817796,,
bush,maxmonth_wnd,-0.004935257391536784,0.9120661400986079,,
fact,maxmonth_wnd,-0.004891703274651534,0.8876848684751495,,
fight,maxmonth_wnd,-0.004728601049254717,0.8459404332531459,,
garment,maxmonth_wnd,-0.004691465057708633,0.9244475053476513,,
nerve,maxmonth_wnd,-0.004612718719761899,0.9264471779525719,,
reply,maxmonth_wnd,-0.004455588281650344,0.912337082800444,,
overflow,maxmonth_wnd,-0.00440114404804799,0.9083868298256227,,
tooth,maxmonth_wnd,-0.004294257936949574,0.8608269148196691,,
pan,maxmonth_wnd,-0.004222993259179853,0.9244523005777208,,
appointment,maxmonth_wnd,-0.00413677026559997,0.9349181750448237,,
link,maxmonth_wnd,-0.0040811947690467,0.9284686316064292,,
rank,maxmonth_wnd,-0.004080180482452348,0.9331188888517346,,
sink,maxmonth_wnd,-0.004053978915025263,0.8914700760007943,,
dislike,maxmonth_wnd,-0.00399220089999638,0.9002269317527819,,
rifle,maxmonth_wnd,-0.0039060887816023695,0.9482011620299452,,
command,maxmonth_wnd,-0.0038791531355453733,0.9076112864014707,,
shell,maxmonth_wnd,-0.003644498679946162,0.9154654996855806,,
ear,maxmonth_wnd,-0.0034389451186256697,0.867304922661805,,
caterpillar,maxmonth_wnd,-0.0034156844174819644,0.9384519465141804,,
paradise,maxmonth_wnd,-0.003410207145807997,0.9489586753442465,,
mustard,maxmonth_wnd,-0.0033955249239998194,0.9464953391624882,,
enclosure,maxmonth_wnd,-0.003330336534427863,0.9357324674463424,,
courage,maxmonth_wnd,-0.0033129838877145224,0.9347951104422838,,
suit,maxmonth_wnd,-0.0030705652046291968,0.9416954111373462,,
salute,maxmonth_wnd,-0.0029164204288241883,0.9537540954434566,,
ember,maxmonth_wnd,-0.0027242213393824546,0.9599934995830555,,
fold,maxmonth_wnd,-0.0026183032412385814,0.919761936910222,,
tendency,maxmonth_wnd,-0.0026172041824127964,0.9603959299282151,,
clay,maxmonth_wnd,-0.002615924080185395,0.9417223910486163,,
evidence,maxmonth_wnd,-0.002547858449804339,0.9500608953082155,,
possibility,maxmonth_wnd,-0.002319776879752035,0.9577717782990035,,
kitchen,maxmonth_wnd,-0.002188786738858039,0.9585859059108168,,
danger,maxmonth_wnd,-0.0021700378760512837,0.9539552899101756,,
mourning,maxmonth_wnd,-0.002156182005439232,0.9605117699914671,,
pair,maxmonth_wnd,-0.0021204966678400237,0.9421516691316403,,
border,maxmonth_wnd,-0.002111931161123994,0.9549218219930105,,
oath,maxmonth_wnd,-0.0019704465694321506,0.9604312061171051,,
necessity,maxmonth_wnd,-0.0019551124519736683,0.9616652553973435,,
interior,maxmonth_wnd,-0.001930563486537685,0.9688185284828567,,
pearl,maxmonth_wnd,-0.0019208240216697908,0.9725642012630923,,
damage,maxmonth_wnd,-0.0018455471191349505,0.9597848306913308,,
edge,maxmonth_wnd,-0.0017609437724290546,0.9419974373683486,,
spouse,maxmonth_wnd,-0.0017602383662201388,0.9776801164864101,,
consumption,maxmonth_wnd,-0.0015579213327852762,0.9699218133863463,,
mouth,maxmonth_wnd,-0.001431117564822086,0.9486732638100005,,
silence,maxmonth_wnd,-0.0013591451972026327,0.9711696767553802,,
trial,maxmonth_wnd,-0.001316051319269978,0.9800755621730617,,
space,maxmonth_wnd,-0.0012612755992527022,0.9605246334475926,,
care,maxmonth_wnd,-0.0011457058364865832,0.9570192136680585,,
organ,maxmonth_wnd,-0.0011324031083480449,0.9788228815019383,,
joint,maxmonth_wnd,-9.08863645888944e-4,0.9844363584002958,,
pumpkin,maxmonth_wnd,-8.624753392650066e-4,0.9885292909566245,,
ankle,maxmonth_wnd,-6.947634595870119e-4,0.9820826357512041,,
fist,maxmonth_wnd,-5.236287720013191e-4,0.9861622559087565,,
salt,maxmonth_wnd,-5.182351767319957e-4,0.982428623142152,,
film,maxmonth_wnd,-4.3466749172294287e-4,0.9948019917517674,,
goodness,maxmonth_wnd,-4.081919077142371e-4,0.9909220117777747,,
beginning,maxmonth_wnd,-4.0377655653043833e-4,0.9868683071865292,,
trumpet,maxmonth_wnd,-2.2670122442560616e-4,0.9954891956718507,,
tone,maxmonth_wnd,-2.0211217546318693e-4,0.9978456478876457,,
pressure,maxmonth_wnd,-1.4057950513461575e-4,0.9974269734786347,,
weakness,maxmonth_wnd,3.75034390558756e-5,0.9992357388956016,,
garden,maxmonth_wnd,2.1484292532593656e-4,0.9961164287530342,,
spy,maxmonth_wnd,2.260281585989223e-4,0.9942140681701327,,
splash,maxmonth_wnd,2.4658245541292066e-4,0.9956486862596389,,
visit,maxmonth_wnd,2.7111168162901716e-4,0.9920337861751792,,
judge,maxmonth_wnd,3.320419623991173e-4,0.9923610727730849,,
contrary,maxmonth_wnd,3.6878987215077007e-4,0.9932669491826225,,
flight,maxmonth_wnd,3.7437192115891236e-4,0.9924524228261188,,
lever,maxmonth_wnd,4.033839968715362e-4,0.9938308276013637,,
as,maxmonth_wnd,4.159073650085414e-4,0.9933480929026295,,
salvation,maxmonth_wnd,4.895313442719014e-4,0.9923983947884951,,
spear,maxmonth_wnd,5.584068874155473e-4,0.9900995571308526,,
cement,maxmonth_wnd,0.0010840813144896361,0.980507494777778,,
growl,maxmonth_wnd,0.0013656180159714968,0.9751758555034502,,
narrative,maxmonth_wnd,0.0014764660995576337,0.9731440443590076,,
mistress,maxmonth_wnd,0.0016525946529424356,0.9741913433996672,,
stripe,maxmonth_wnd,0.0016623478853958935,0.9680611834438484,,
grandfather,maxmonth_wnd,0.0016648376743290622,0.9657846245396969,,
vegetation,maxmonth_wnd,0.0016828435030651439,0.975385521253606,,
prison,maxmonth_wnd,0.0017055133741683754,0.961077276109654,,
murmur,maxmonth_wnd,0.001819910627024135,0.970019520919123,,
mercy,maxmonth_wnd,0.0018350879386169027,0.961850104020903,,
bosom,maxmonth_wnd,0.001990164540657095,0.9680907547212139,,
tear,maxmonth_wnd,0.0020234017077183936,0.9252811446777855,,
heating,maxmonth_wnd,0.0021914943535988195,0.9664515905234236,,
blood,maxmonth_wnd,0.002264169420162656,0.8860455570139889,,
vision,maxmonth_wnd,0.0024710229280030986,0.9298844847645896,,
delight,maxmonth_wnd,0.0025674562014732865,0.9622691264788968,,
baby,maxmonth_wnd,0.0025679840196081,0.9568699409174573,,
tie,maxmonth_wnd,0.002662230799671271,0.9173934961021456,,
objective,maxmonth_wnd,0.0026983076839286447,0.9660823281655554,,
cob,maxmonth_wnd,0.002740052427669853,0.9688212964903846,,
bowl,maxmonth_wnd,0.002754068246189706,0.9402963899363839,,
invitation,maxmonth_wnd,0.002857564267879261,0.9437216429023175,,
pillar,maxmonth_wnd,0.0029021067335225155,0.9484287157953298,,
sleep,maxmonth_wnd,0.0031560872025678146,0.8699356310201923,,
payment,maxmonth_wnd,0.003173611889452837,0.9338543110244281,,
melon,maxmonth_wnd,0.0033437886587667684,0.9557405921514759,,
pipe,maxmonth_wnd,0.003431306906280495,0.9103824864394315,,
meter,maxmonth_wnd,0.003448047476786913,0.9590067961116379,,
multitude,maxmonth_wnd,0.0034586567888154904,0.9521046494021965,,
pole,maxmonth_wnd,0.0035042764089108142,0.9112074878320136,,
master,maxmonth_wnd,0.0035514729152031003,0.9148575932398103,,
credit,maxmonth_wnd,0.0037956423893465226,0.942340659242424,,
atmosphere,maxmonth_wnd,0.0038553400852948984,0.941329785610033,,
relative,maxmonth_wnd,0.0039763104515813785,0.9271604424455366,,
reproach,maxmonth_wnd,0.004120941951101433,0.9431957900728564,,
sling,maxmonth_wnd,0.004304377932218755,0.919322928472517,,
disagreement,maxmonth_wnd,0.004362130919342733,0.9309130076945912,,
vehicle,maxmonth_wnd,0.00456241070921526,0.9269425754955293,,
voice,maxmonth_wnd,0.004764107046362245,0.8436244830589286,,
cake,maxmonth_wnd,0.004914201829913196,0.9082751758708869,,
sunrise,maxmonth_wnd,0.004963696530353178,0.913191640563541,,
blossom,maxmonth_wnd,0.005027342922665678,0.9047390819973892,,
training,maxmonth_wnd,0.005090984682275559,0.9327623978922297,,
footprint,maxmonth_wnd,0.0051160610230372005,0.91093774217417,,
dove,maxmonth_wnd,0.005303341660103346,0.8942898053008367,,
jaw,maxmonth_wnd,0.005336493036848748,0.8592627316555945,,
data,maxmonth_wnd,0.005452547778148512,0.933660996944171,,
spittle,maxmonth_wnd,0.005684917496584548,0.8897618733217036,,
brush,maxmonth_wnd,0.005743891160610459,0.8665109234736597,,
sky,maxmonth_wnd,0.0057759421406082785,0.8287258698910108,,
glory,maxmonth_wnd,0.0059332355286010234,0.8903577777877942,,
risk,maxmonth_wnd,0.005953773114162057,0.9152467969068177,,
bottom,maxmonth_wnd,0.0059959846172542245,0.8223265945507849,,
competition,maxmonth_wnd,0.006003602090836709,0.9095785543954821,,
formation,maxmonth_wnd,0.006104161391155885,0.8915836687823854,,
offspring,maxmonth_wnd,0.006140820602306932,0.8789276472590335,,
merit,maxmonth_wnd,0.006168296925746066,0.9201943826043779,,
aspect,maxmonth_wnd,0.0061709852475631535,0.9166093633045186,,
slaughter,maxmonth_wnd,0.006304706458960167,0.8808134004875108,,
inheritance,maxmonth_wnd,0.006318899131443564,0.8857105909874662,,
greeting,maxmonth_wnd,0.006438714491785837,0.8865711593568159,,
spit,maxmonth_wnd,0.0064678051211983795,0.8272502394391287,,
distribution,maxmonth_wnd,0.006562567538726697,0.8992299465928353,,
plow,maxmonth_wnd,0.006579886365184948,0.8917682916746753,,
assembly,maxmonth_wnd,0.00680534801852692,0.8875317206317204,,
aim,maxmonth_wnd,0.0070604389193129205,0.8212755602334293,,
bridge,maxmonth_wnd,0.007077761080259648,0.8210483773817423,,
loan,maxmonth_wnd,0.007090618186911106,0.8790521650742524,,
squash,maxmonth_wnd,0.007100599440558719,0.9070055660303701,,
story,maxmonth_wnd,0.007140382057347813,0.7879680274336017,,
energy,maxmonth_wnd,0.007183522432920157,0.8880142684958762,,
swell,maxmonth_wnd,0.007185926821427908,0.7977614544391495,,
fare,maxmonth_wnd,0.007388362341502524,0.9004862107192044,,
waste,maxmonth_wnd,0.007409650833719987,0.8064159642726318,,
song,maxmonth_wnd,0.0074103327123103266,0.8075526119021545,,
equivalent,maxmonth_wnd,0.007464417380140422,0.8442712246427239,,
scratch,maxmonth_wnd,0.007819503887526568,0.7805359079288756,,
ladder,maxmonth_wnd,0.007875937562516144,0.8019092118733675,,
blanket,maxmonth_wnd,0.007957988077397364,0.8614914502788126,,
answer,maxmonth_wnd,0.008061452494782005,0.7517351570575682,,
nest,maxmonth_wnd,0.00807680445425192,0.7880437000584122,,
wink,maxmonth_wnd,0.008096575799357042,0.8029202459090168,,
wing,maxmonth_wnd,0.008218376353051364,0.7190976552208468,,
copy,maxmonth_wnd,0.008363934384760328,0.8356818441695543,,
difference,maxmonth_wnd,0.008493619843696001,0.793335287244678,,
tool,maxmonth_wnd,0.008564023304671566,0.8112489151327213,,
milk,maxmonth_wnd,0.008578854250342674,0.7781949525997602,,
community,maxmonth_wnd,0.008628053025759768,0.8104485330094976,,
sand,maxmonth_wnd,0.008740964704821115,0.7488219333769532,,
star,maxmonth_wnd,0.00882001542671718,0.7240312002598005,,
cemetery,maxmonth_wnd,0.008869346893659608,0.8472756028999336,,
vinegar,maxmonth_wnd,0.00935129652431322,0.8541951303338805,,
drug,maxmonth_wnd,0.00966032817135266,0.8753571910886878,,
leak,maxmonth_wnd,0.009709607034993838,0.7716983946696725,,
couple,maxmonth_wnd,0.009787676456461008,0.7774191358702075,,
gender,maxmonth_wnd,0.009794900742426184,0.882674792781016,,
offense,maxmonth_wnd,0.009842248953716942,0.8044094481885586,,
fat,maxmonth_wnd,0.010489771059176374,0.6673820893857594,,
skeleton,maxmonth_wnd,0.01051379318212805,0.8029374625413385,,
foot,maxmonth_wnd,0.010531273441502297,0.5684506509357938,,
belt,maxmonth_wnd,0.010601846899566255,0.7323149139344663,,
scissors,maxmonth_wnd,0.010655250155866554,0.7545271335022375,,
concern,maxmonth_wnd,0.01068159053774089,0.7873719396444568,,
fringe,maxmonth_wnd,0.010733671017742181,0.8179578162010407,,
hearth,maxmonth_wnd,0.010756607662617532,0.8584771319747001,,
navel,maxmonth_wnd,0.010902352116044919,0.7827981444964925,,
dream,maxmonth_wnd,0.010968737333103327,0.6616857297145451,,
excrement,maxmonth_wnd,0.011061583107716527,0.8069245409750202,,
sword,maxmonth_wnd,0.01107249851220441,0.7885857818235681,,
element,maxmonth_wnd,0.011091852448338164,0.8554205735791536,,
benefit,maxmonth_wnd,0.011278596134772391,0.7844100388802885,,
altar,maxmonth_wnd,0.01136016587535682,0.8344746618995326,,
sweep,maxmonth_wnd,0.011427386761572155,0.6844834555619783,,
bag,maxmonth_wnd,0.011482020108346314,0.6944581168444001,,
ink,maxmonth_wnd,0.01154340548024905,0.7853854264222513,,
iron,maxmonth_wnd,0.011547612286000045,0.6145597073547864,,
shaft,maxmonth_wnd,0.01154901500095861,0.8065546005909136,,
itch,maxmonth_wnd,0.01168632660839208,0.7173286055638706,,
hen,maxmonth_wnd,0.011717543163746154,0.783655549126967,,
exhibit,maxmonth_wnd,0.01185369024019924,0.8166964952357043,,
supply,maxmonth_wnd,0.011912426573649696,0.766703585131552,,
shade,maxmonth_wnd,0.012001145159824736,0.6133657531634715,,
ox,maxmonth_wnd,0.012089417288604949,0.8373177285381895,,
law,maxmonth_wnd,0.012326698030776411,0.7582684178368624,,
thicket,maxmonth_wnd,0.012374446948918054,0.798312473557772,,
tax,maxmonth_wnd,0.012628350731513116,0.769266991081315,,
lemon,maxmonth_wnd,0.012840622826613534,0.8096559389521725,,
skirt,maxmonth_wnd,0.012966051354478175,0.7618263849961662,,
parcel,maxmonth_wnd,0.013066036110423009,0.7892334898319542,,
twine,maxmonth_wnd,0.013127132766492404,0.7794542731077502,,
project,maxmonth_wnd,0.013180104657954462,0.7358223998125213,,
shelf,maxmonth_wnd,0.013248012598523592,0.7470786428997384,,
yeast,maxmonth_wnd,0.013260741464105195,0.7749619815038261,,
fountain,maxmonth_wnd,0.013266324800065798,0.7970131927053212,,
halt,maxmonth_wnd,0.013330997038206158,0.7739791445014901,,
puff,maxmonth_wnd,0.013354147835529108,0.7545827383579972,,
laugh,maxmonth_wnd,0.013360887090596964,0.5989252193067569,,
emphasis,maxmonth_wnd,0.013364056313484925,0.73919391109993,,
drizzle,maxmonth_wnd,0.013484489127927138,0.7620466901284589,,
seat,maxmonth_wnd,0.013769444508184289,0.5808734401752679,,
dew,maxmonth_wnd,0.013983658372117604,0.6671350189694017,,
dwarf,maxmonth_wnd,0.01438511880602318,0.7137663232771546,,
rust,maxmonth_wnd,0.014461281510520016,0.623339078699464,,
clothes,maxmonth_wnd,0.014561333133846537,0.613316748649217,,
president,maxmonth_wnd,0.01458443875433344,0.823625716269777,,
nose,maxmonth_wnd,0.014634874482732688,0.5118252862562954,,
caution,maxmonth_wnd,0.014661697722783846,0.7552802435563515,,
kidney,maxmonth_wnd,0.014701529106066221,0.6312390208100246,,
chant,maxmonth_wnd,0.014816910155466255,0.8257811693354098,,
suspect,maxmonth_wnd,0.014830601224729862,0.6995552267714558,,
crook,maxmonth_wnd,0.014890277459634515,0.7910485591381028,,
ash,maxmonth_wnd,0.01492654758696822,0.6026392339085931,,
contract,maxmonth_wnd,0.015003701992020774,0.6995765890286525,,
rage,maxmonth_wnd,0.015056525960116215,0.7506282205485701,,
grove,maxmonth_wnd,0.01518180748327785,0.7871633660961805,,
whisper,maxmonth_wnd,0.015198894200416696,0.6372817382824368,,
cloud,maxmonth_wnd,0.015215286477116837,0.5733409356014393,,
grief,maxmonth_wnd,0.015288041689616672,0.7335436064041583,,
pause,maxmonth_wnd,0.015344535374675125,0.7682720949693076,,
sight,maxmonth_wnd,0.015352938959736615,0.6153890088422295,,
puppy,maxmonth_wnd,0.015453968237786091,0.7818247718787319,,
bell,maxmonth_wnd,0.015478009543331232,0.6110656532814609,,
healing,maxmonth_wnd,0.01556179013846595,0.7243719642076237,,
moonlight,maxmonth_wnd,0.01596738078026799,0.7373546976871598,,
doll,maxmonth_wnd,0.01599269852675283,0.7248275438949914,,
question,maxmonth_wnd,0.016081951210862696,0.5334166769057384,,
paddle,maxmonth_wnd,0.016299885483709163,0.7742687594668718,,
comment,maxmonth_wnd,0.01635405374268901,0.7443383482884403,,
tongs,maxmonth_wnd,0.016409300677776604,0.7039183678360977,,
bank,maxmonth_wnd,0.016425193005010316,0.5687357386392413,,
proof,maxmonth_wnd,0.016470243992233406,0.724963564383965,,
remainder,maxmonth_wnd,0.016486694910371448,0.6737519385968358,,
pinch,maxmonth_wnd,0.016614281263212956,0.6110479700958522,,
cross,maxmonth_wnd,0.016870211105458305,0.4598141020509231,,
heart,maxmonth_wnd,0.016899770190219616,0.4469522585044695,,
frown,maxmonth_wnd,0.01698465534418966,0.7154828977898613,,
riddle,maxmonth_wnd,0.01706801143425486,0.718388784729171,,
fish,maxmonth_wnd,0.017300185557273758,0.6727420268703062,,
pump,maxmonth_wnd,0.017382740365196856,0.7497794810068715,,
stone,maxmonth_wnd,0.017495405936790144,0.505427107786935,,
cash,maxmonth_wnd,0.017503681305688266,0.7774970859088819,,
dance,maxmonth_wnd,0.017681095645130318,0.6021236705496505,,
room,maxmonth_wnd,0.01769484324476251,0.5962182062565641,,
department,maxmonth_wnd,0.01773230576596235,0.7894234224605756,,
prisoner,maxmonth_wnd,0.017926965849891178,0.6460687169417615,,
journey,maxmonth_wnd,0.017955971817433705,0.6131520260887227,,
health,maxmonth_wnd,0.018042116524414255,0.5544899373206087,,
scoop,maxmonth_wnd,0.01829649066280363,0.6882972299918033,,
like,maxmonth_wnd,0.01830688803643015,0.4650717132524762,,
brother-in-law,maxmonth_wnd,0.018400131655370015,0.7210386479954534,,
progress,maxmonth_wnd,0.018567014793064912,0.63755487626557,,
glitter,maxmonth_wnd,0.01861029957784909,0.7271125518421429,,
stump,maxmonth_wnd,0.018639307650151433,0.6207736332694364,,
scar,maxmonth_wnd,0.018642940801951245,0.5753636798945442,,
grade,maxmonth_wnd,0.018674165212626825,0.789253079390164,,
shepherd,maxmonth_wnd,0.018695402839188517,0.6847467189301263,,
visitor,maxmonth_wnd,0.018849928472917336,0.651166114528465,,
student,maxmonth_wnd,0.018945846904319563,0.7074869024593714,,
peel,maxmonth_wnd,0.018991489265350728,0.5797770242459322,,
staff,maxmonth_wnd,0.019209263188054077,0.6457738761047362,,
cushion,maxmonth_wnd,0.019369321824725057,0.6680824655404816,,
measles,maxmonth_wnd,0.01941178059146337,0.6570469700732011,,
sweat,maxmonth_wnd,0.019487282832885127,0.518123516735474,,
thunder,maxmonth_wnd,0.019517199272602054,0.4113616883174996,,
diamond,maxmonth_wnd,0.019565001814544517,0.6908407878143682,,
safety,maxmonth_wnd,0.019605872070496626,0.6389796829253213,,
vapor,maxmonth_wnd,0.019660700783880776,0.6252746483910825,,
garbage,maxmonth_wnd,0.019667244982574203,0.7626137164344238,,
party,maxmonth_wnd,0.019801005765388822,0.6340445937423977,,
event,maxmonth_wnd,0.019836360147076158,0.5783806014931743,,
toy,maxmonth_wnd,0.019858104299512572,0.6191375518408156,,
muscle,maxmonth_wnd,0.019990372834920372,0.5645953785528584,,
location,maxmonth_wnd,0.02006959577620797,0.7585151417224333,,
storm,maxmonth_wnd,0.020088002361751657,0.5333807356430813,,
slice,maxmonth_wnd,0.020110676816839097,0.6165421466695425,,
music,maxmonth_wnd,0.02017481866459821,0.6636932263317077,,
net,maxmonth_wnd,0.020257426178559315,0.7822867921495162,,
groin,maxmonth_wnd,0.02027522890107675,0.6676651114556759,,
hip,maxmonth_wnd,0.020340532915684814,0.5263604238857807,,
leg,maxmonth_wnd,0.020373889615581238,0.4393631124002615,,
midnight,maxmonth_wnd,0.02042952328039187,0.5415593771095789,,
reason,maxmonth_wnd,0.020583989924106677,0.34094344106345764,,
history,maxmonth_wnd,0.020624686709814176,0.6328641779819058,,
strand,maxmonth_wnd,0.020628106965424726,0.681232704376312,,
heir,maxmonth_wnd,0.020641201831279776,0.6498273290841885,,
fence,maxmonth_wnd,0.020678186142053814,0.5083905204877508,,
curl,maxmonth_wnd,0.02073677795664438,0.577621407538171,,
savior,maxmonth_wnd,0.02086855146352662,0.6462072457016069,,
rag,maxmonth_wnd,0.02102414245089959,0.5830325916768841,,
sister-in-law,maxmonth_wnd,0.021060261939433104,0.7046402965387981,,
drink,maxmonth_wnd,0.021253731790597544,0.3668346661635745,,
appeal,maxmonth_wnd,0.021301799593783744,0.6826307131128491,,
speaker,maxmonth_wnd,0.02132006434114566,0.6222340272064255,,
counsel,maxmonth_wnd,0.021510409895129926,0.6761411608972151,,
cigarette,maxmonth_wnd,0.021527490706874805,0.7522850379286005,,
range,maxmonth_wnd,0.021559599948338545,0.6102688068040757,,
horn,maxmonth_wnd,0.021612650824189342,0.4339001081704273,,
sponge,maxmonth_wnd,0.0216356177231841,0.6491948871478976,,
flank,maxmonth_wnd,0.021690530053320115,0.6489660607472775,,
linguistics,maxmonth_wnd,0.021717889010647806,0.8113637520561706,,
intent,maxmonth_wnd,0.021780530094222813,0.6764421436031645,,
bond,maxmonth_wnd,0.021808462680592347,0.675983918737601,,
gutter,maxmonth_wnd,0.02181191771499747,0.6824128506344679,,
holiday,maxmonth_wnd,0.02189382051986047,0.7112488182068025,,
stride,maxmonth_wnd,0.022047653977561248,0.6604782385332006,,
stack,maxmonth_wnd,0.022053637519546847,0.6602601644666354,,
span,maxmonth_wnd,0.022165399747170408,0.6499191878624335,,
beggar,maxmonth_wnd,0.02230120317328465,0.5846258427794514,,
neighbor,maxmonth_wnd,0.02233275535340521,0.5408908478930902,,
others,maxmonth_wnd,0.02243239343115162,0.5104393086928836,,
lily,maxmonth_wnd,0.022500588090951647,0.6516074802835525,,
rash,maxmonth_wnd,0.022517310200321335,0.5372363525714045,,
thirst,maxmonth_wnd,0.022518263795810376,0.48423343064285407,,
seal,maxmonth_wnd,0.02252744400808125,0.6153259941219438,,
belly,maxmonth_wnd,0.022570524840267094,0.5335669742023617,,
cheek,maxmonth_wnd,0.02275361325891346,0.3588031123911984,,
hero,maxmonth_wnd,0.022840303757740425,0.6437238792966494,,
grace,maxmonth_wnd,0.022930156726072896,0.5477014555428593,,
affair,maxmonth_wnd,0.02315023618188308,0.6218184223476164,,
flock,maxmonth_wnd,0.023173264937708785,0.5221988202961094,,
camel,maxmonth_wnd,0.02317854466123755,0.6975129455548233,,
turtle,maxmonth_wnd,0.0232287983991248,0.6575042429107772,,
gland,maxmonth_wnd,0.02328570834286255,0.6157032287356893,,
consequence,maxmonth_wnd,0.023439082096279984,0.5542219363100662,,
mount,maxmonth_wnd,0.023884733268597195,0.5010411956971514,,
satisfaction,maxmonth_wnd,0.023892416873905392,0.5694575506282931,,
custom,maxmonth_wnd,0.02398899540573201,0.44931431392248755,,
twitch,maxmonth_wnd,0.02402451005004911,0.6403733672950115,,
virtue,maxmonth_wnd,0.02427459942129669,0.6818742737989001,,
dash,maxmonth_wnd,0.02430517974527152,0.6413161215608244,,
slit,maxmonth_wnd,0.02431475872682804,0.61739061662878,,
rind,maxmonth_wnd,0.02452720746957449,0.6382860974278698,,
match,maxmonth_wnd,0.024552330960372473,0.4169957471740891,,
chest,maxmonth_wnd,0.024701981321345327,0.3161428330316041,,
consideration,maxmonth_wnd,0.024718636937473733,0.5597209329724513,,
bone,maxmonth_wnd,0.024746478768566976,0.3022571072370302,,
afternoon,maxmonth_wnd,0.024984836783417657,0.4870167882355759,,
hospital,maxmonth_wnd,0.025023373100162463,0.6004630942382742,,
steam,maxmonth_wnd,0.025140968968201637,0.4554359437483063,,
hammer,maxmonth_wnd,0.025237774324132014,0.38779835899324644,,
grandchild,maxmonth_wnd,0.025278401602254738,0.6224663494408882,,
pen,maxmonth_wnd,0.025345295979733222,0.5318599697921688,,
hoe,maxmonth_wnd,0.025353401039303284,0.6262880557336737,,
wail,maxmonth_wnd,0.025437554134874793,0.5706284474916011,,
error,maxmonth_wnd,0.025447717787441128,0.5213155203186628,,
court,maxmonth_wnd,0.025554437639340483,0.5148158798344765,,
herb,maxmonth_wnd,0.02565782867079255,0.5970651983373876,,
endeavor,maxmonth_wnd,0.025673870922044043,0.5988895534687633,,
cage,maxmonth_wnd,0.025818008988063374,0.5876384165498925,,
secretary,maxmonth_wnd,0.025824809103284607,0.6546858741933672,,
memory,maxmonth_wnd,0.025959356700022817,0.44573999194861263,,
scent,maxmonth_wnd,0.0259813489552863,0.48149804344515645,,
bowel,maxmonth_wnd,0.026015910994719744,0.5789734287269566,,
feast,maxmonth_wnd,0.026076893709042277,0.5492373749366761,,
race,maxmonth_wnd,0.026196340682684335,0.41204107644948673,,
conclusion,maxmonth_wnd,0.02625459470175539,0.5277113738403125,,
porch,maxmonth_wnd,0.026390099801024035,0.6296380164494413,,
job,maxmonth_wnd,0.026619634502110016,0.5632940532053575,,
fool,maxmonth_wnd,0.026623850102530013,0.4521927132150575,,
victory,maxmonth_wnd,0.026640017587787966,0.5652503331313339,,
plaster,maxmonth_wnd,0.026641064569636306,0.5223071675553762,,
fling,maxmonth_wnd,0.026728039970291797,0.6221791595202439,,
game,maxmonth_wnd,0.02683894425117652,0.377311003935421,,
rainbow,maxmonth_wnd,0.027018667237733524,0.4475758942159835,,
flint,maxmonth_wnd,0.027073534456018896,0.6086322333797325,,
joy,maxmonth_wnd,0.027236722561423697,0.46688668597355626,,
robe,maxmonth_wnd,0.027265340359137635,0.6633104405109611,,
skull,maxmonth_wnd,0.02727550724254064,0.4147856198581703,,
tomato,maxmonth_wnd,0.027286052476163832,0.6917113893874632,,
tent,maxmonth_wnd,0.027425046981719263,0.5440945161613766,,
onion,maxmonth_wnd,0.027437842022687575,0.45862667967230797,,
mountain,maxmonth_wnd,0.02750523753080233,0.45531457472805886,,
whip,maxmonth_wnd,0.02771289214454467,0.40394309837246584,,
construction,maxmonth_wnd,0.027830962576644313,0.5351777535259217,,
extremity,maxmonth_wnd,0.027832094778684525,0.6061021624889394,,
drip,maxmonth_wnd,0.027865785369334678,0.44807935380347425,,
selection,maxmonth_wnd,0.027999818436027897,0.5245842432967802,,
whirlwind,maxmonth_wnd,0.028064822573565785,0.46089723391280324,,
esteem,maxmonth_wnd,0.028314639562144767,0.6063881009522535,,
building,maxmonth_wnd,0.028340972960591834,0.30225403597202366,,
tail,maxmonth_wnd,0.02868800380195456,0.22543529227242304,,
hare,maxmonth_wnd,0.028808704704174522,0.6199208315627077,,
rattle,maxmonth_wnd,0.028965201941727046,0.48664272565295563,,
origin,maxmonth_wnd,0.02898404422154119,0.4388035557014907,,
gratitude,maxmonth_wnd,0.028997164069990235,0.4995952898845075,,
bundle,maxmonth_wnd,0.02906888962362154,0.35605596210758783,,
wrath,maxmonth_wnd,0.029183263972010556,0.5633779992987867,,
tom,maxmonth_wnd,0.02932376651083994,0.6570175836984976,,
fort,maxmonth_wnd,0.029535758144949138,0.6394081699501022,,
rustle,maxmonth_wnd,0.02967826527659822,0.6192579827455866,,
material,maxmonth_wnd,0.029922680567021822,0.3418240837165825,,
painting,maxmonth_wnd,0.030054285699658206,0.5982662472994753,,
appendix,maxmonth_wnd,0.03010817089989936,0.694966258438232,,
noon,maxmonth_wnd,0.0302266332393039,0.2943498532441961,,
claim,maxmonth_wnd,0.030237182769677164,0.45094334068924913,,
counter,maxmonth_wnd,0.03028384262787359,0.5856228295159224,,
keeper,maxmonth_wnd,0.030330371463965368,0.5603176960310657,,
treasure,maxmonth_wnd,0.03040534711359727,0.5404067432514182,,
preface,maxmonth_wnd,0.030563280093595272,0.4366525270551671,,
papa,maxmonth_wnd,0.030732529015112364,0.7225146166750793,,
chamber,maxmonth_wnd,0.03089975822317456,0.5558188355394532,,
bloom,maxmonth_wnd,0.030922626974524605,0.42647203767291214,,
plague,maxmonth_wnd,0.031130015735238596,0.5212597716700681,,
tug,maxmonth_wnd,0.031215309019891245,0.5838030830940123,,
pant,maxmonth_wnd,0.0313322102611833,0.44617646247173764,,
suicide,maxmonth_wnd,0.03187078872551736,0.5119519287131108,,
abundance,maxmonth_wnd,0.031913006192371376,0.46736311743667847,,
knee,maxmonth_wnd,0.03195733838528535,0.1557742369635391,,
purchase,maxmonth_wnd,0.03212224349510016,0.41226938518876133,,
goodbye,maxmonth_wnd,0.03219112293826403,0.7245466349212085,,
dive,maxmonth_wnd,0.03241093649600833,0.4078064425406004,,
partner,maxmonth_wnd,0.03242544306235021,0.38304406050743384,,
advantage,maxmonth_wnd,0.03249399342322582,0.45433761835636877,,
glass,maxmonth_wnd,0.03257318446372649,0.2827721940222937,,
screen,maxmonth_wnd,0.03260702261951314,0.5203199810064547,,
bear,maxmonth_wnd,0.03263937174578071,0.5080986218120969,,
pet,maxmonth_wnd,0.03289054752086244,0.4441987165007334,,
witch,maxmonth_wnd,0.03300209642328283,0.5424319875073634,,
picture,maxmonth_wnd,0.03304558282899189,0.3514191084027024,,
asthma,maxmonth_wnd,0.03315516318652542,0.47000534568927843,,
gale,maxmonth_wnd,0.03320890267226358,0.5777990893455289,,
retreat,maxmonth_wnd,0.03323932682037658,0.4716212700130698,,
sake,maxmonth_wnd,0.03333286703570331,0.44191654067527697,,
shield,maxmonth_wnd,0.033524935314041965,0.3916556372027112,,
description,maxmonth_wnd,0.033609990872481836,0.4424106705426664,,
nipple,maxmonth_wnd,0.03387083301675482,0.3299284273192719,,
summit,maxmonth_wnd,0.033879910622464766,0.4595276319185211,,
introduction,maxmonth_wnd,0.03399173304272488,0.32371474856319693,,
grudge,maxmonth_wnd,0.03418376693610745,0.4806004180931787,,
authority,maxmonth_wnd,0.034246090131180254,0.3690628044215981,,
education,maxmonth_wnd,0.034310506306702335,0.5344554092951017,,
moth,maxmonth_wnd,0.03449467241674488,0.34818854821935363,,
agent,maxmonth_wnd,0.034523102004688715,0.5096808780811541,,
feature,maxmonth_wnd,0.03463743819938183,0.4154381431103369,,
grave,maxmonth_wnd,0.03474070848636857,0.26492995642747125,,
ache,maxmonth_wnd,0.034800564910623485,0.3524799265248003,,
talk,maxmonth_wnd,0.03487435297572559,0.5554262529101242,,
minute,maxmonth_wnd,0.035006599117665085,0.38605567405417035,,
ridicule,maxmonth_wnd,0.03500791311077626,0.40505344016963674,,
bastard,maxmonth_wnd,0.03520094096905173,0.4149578383716207,,
hatch,maxmonth_wnd,0.0353228021434103,0.3850697869412656,,
hail,maxmonth_wnd,0.0353384655235859,0.3353384962350759,,
fright,maxmonth_wnd,0.035400216551664615,0.36861020394951105,,
loop,maxmonth_wnd,0.035419372618590586,0.4502904605863667,,
contest,maxmonth_wnd,0.03545528832236408,0.41926244058176143,,
core,maxmonth_wnd,0.03550285627501654,0.38247422408176457,,
desert,maxmonth_wnd,0.035511870993816606,0.34076953915366115,,
sewing,maxmonth_wnd,0.035631139529753976,0.3644051683158116,,
thigh,maxmonth_wnd,0.03570014055380051,0.26249020553716446,,
trough,maxmonth_wnd,0.03575973419325808,0.43880166802648113,,
plug,maxmonth_wnd,0.03583281584828448,0.4568255054515996,,
noise,maxmonth_wnd,0.03587704269061343,0.18460547466788355,,
furniture,maxmonth_wnd,0.035993433704301386,0.4467898345922434,,
bolt,maxmonth_wnd,0.03619843070087673,0.32493908193014304,,
importance,maxmonth_wnd,0.036347028368900185,0.32035910680486335,,
chop,maxmonth_wnd,0.036441948495562836,0.3605286805431972,,
groove,maxmonth_wnd,0.0364734787013103,0.49788423441672613,,
peace,maxmonth_wnd,0.03658440152379099,0.2640108452563842,,
goal,maxmonth_wnd,0.03659191905415967,0.4340050170331651,,
mouse,maxmonth_wnd,0.036604252006529336,0.2745512589118201,,
dog,maxmonth_wnd,0.03670241959472878,0.19168707190983128,,
paw,maxmonth_wnd,0.036808736741206424,0.4399805981632789,,
decline,maxmonth_wnd,0.03701569715198787,0.4727759679492732,,
resemblance,maxmonth_wnd,0.03703089244059623,0.4560789638882277,,
soap,maxmonth_wnd,0.03709202755767571,0.29835611130227774,,
moan,maxmonth_wnd,0.0371715000544857,0.30885854750991765,,
accident,maxmonth_wnd,0.03719939805793855,0.32077699447076546,,
rake,maxmonth_wnd,0.037302180649120574,0.39574216370268567,,
nephew,maxmonth_wnd,0.03730703011743162,0.36955606958964615,,
lap,maxmonth_wnd,0.03731216145457521,0.34872244252627266,,
challenge,maxmonth_wnd,0.037330944371308565,0.40373146010461713,,
refuge,maxmonth_wnd,0.037378514294905865,0.46338485412994346,,
shin,maxmonth_wnd,0.03738202966072489,0.4695251033805547,,
aid,maxmonth_wnd,0.03739162295956477,0.3511128653017951,,
backbone,maxmonth_wnd,0.03748320299176454,0.37035700375238995,,
deer,maxmonth_wnd,0.03804879995619766,0.5347857940725752,,
bench,maxmonth_wnd,0.03806559376991954,0.36921569948151656,,
road,maxmonth_wnd,0.03807213573976161,0.1530300240442091,,
corn,maxmonth_wnd,0.03808037870325918,0.44275862259859433,,
ravine,maxmonth_wnd,0.03813494225466361,0.5215017950486525,,
hill,maxmonth_wnd,0.03825331717562186,0.2703676674387807,,
rap,maxmonth_wnd,0.03826865104347373,0.5197989305147298,,
butterfly,maxmonth_wnd,0.03836667144250741,0.3264987952388857,,
station,maxmonth_wnd,0.03838591300825293,0.48844851533337325,,
illustration,maxmonth_wnd,0.038431587460121173,0.4996764360610082,,
harp,maxmonth_wnd,0.03844299693729371,0.4798460089413053,,
bunch,maxmonth_wnd,0.03848024661409856,0.2817028814059806,,
bull,maxmonth_wnd,0.03851387158584938,0.3414571821887611,,
hour,maxmonth_wnd,0.03852388824590244,0.265551529328468,,
breath,maxmonth_wnd,0.038646506917111315,0.07082780321690997,,
cave,maxmonth_wnd,0.0387098541354648,0.23609136667054298,,
knuckle,maxmonth_wnd,0.03893596033345845,0.4462075368951088,,
gas,maxmonth_wnd,0.03900323230241897,0.5307973800847361,,
penalty,maxmonth_wnd,0.0391213577739315,0.42671261054899967,,
rush,maxmonth_wnd,0.039308722946961416,0.3016226760663472,,
town,maxmonth_wnd,0.03932383638421817,0.3664873021838663,,
ham,maxmonth_wnd,0.039333619877879734,0.5711273650143289,,
angel,maxmonth_wnd,0.03942601378819876,0.3974110491082591,,
coward,maxmonth_wnd,0.03968376907390007,0.36754666799343383,,
web,maxmonth_wnd,0.03975889602746127,0.2303421068184084,,
scorn,maxmonth_wnd,0.03976091054664662,0.389701692736791,,
snout,maxmonth_wnd,0.039798395174064624,0.3652323301268906,,
sway,maxmonth_wnd,0.04007835369932197,0.29102994702309043,,
ridge,maxmonth_wnd,0.04010104899392962,0.33561077461076955,,
trip,maxmonth_wnd,0.04010274098469411,0.3000026755742818,,
braid,maxmonth_wnd,0.04023195417136177,0.38980590570261997,,
agriculture,maxmonth_wnd,0.040336787572848205,0.4319344028529367,,
curtain,maxmonth_wnd,0.04034631647496612,0.36080741258928706,,
wire,maxmonth_wnd,0.0404930169294318,0.293287589089972,,
ball,maxmonth_wnd,0.040495594701445044,0.11028935128666936,,
stroll,maxmonth_wnd,0.040520324450178107,0.4917250029181233,,
cord,maxmonth_wnd,0.04080208928010603,0.1856002830850025,,
knife,maxmonth_wnd,0.040817564311024915,0.13626979931357205,,
stroke,maxmonth_wnd,0.04087574361880449,0.28321869471628053,,
haste,maxmonth_wnd,0.04112921760205327,0.3809380275432361,,
pillow,maxmonth_wnd,0.04131889815904733,0.13819500182247996,,
ceiling,maxmonth_wnd,0.04139874604009062,0.4047393482511398,,
guinea,maxmonth_wnd,0.04144165925452459,0.6158358499383411,,
machine,maxmonth_wnd,0.04146420820706797,0.4044940100361796,,
vomit,maxmonth_wnd,0.041494691716162053,0.1458249301395229,,
mallet,maxmonth_wnd,0.04150422699492749,0.40137753598098214,,
youth,maxmonth_wnd,0.04156021593405065,0.21009250258377155,,
country,maxmonth_wnd,0.04157916570052709,0.24432595625878378,,
pocket,maxmonth_wnd,0.04160729231095524,0.2644563406797927,,
hat,maxmonth_wnd,0.041691575517100773,0.23109701770722338,,
door,maxmonth_wnd,0.04182760274855254,0.06220454327220144,,
burden,maxmonth_wnd,0.04225816474950927,0.29281645396003475,,
wheel,maxmonth_wnd,0.04226600020706781,0.21113198896515692,,
ointment,maxmonth_wnd,0.042374620394397836,0.26772487897359903,,
liar,maxmonth_wnd,0.042460850783799894,0.22828705255610146,,
survey,maxmonth_wnd,0.042500419671793625,0.3714987788602626,,
daughter-in-law,maxmonth_wnd,0.04269211082048416,0.4100192946325303,,
sack,maxmonth_wnd,0.04288628846224475,0.23059713479807614,,
bottle,maxmonth_wnd,0.04296504714040709,0.1734802950347541,,
corner,maxmonth_wnd,0.04299058855927125,0.06907614251227591,,
peak,maxmonth_wnd,0.04305140131603238,0.26007339523976364,,
chip,maxmonth_wnd,0.04306379837329129,0.2654504362953863,,
circumcision,maxmonth_wnd,0.043268469229409454,0.5781269773510653,,
provision,maxmonth_wnd,0.04335248544338197,0.3079514007783125,,
crow,maxmonth_wnd,0.043414249185550514,0.1761309947101427,,
report,maxmonth_wnd,0.04361514849509807,0.20848393678913155,,
hawk,maxmonth_wnd,0.043670354645732885,0.27351770633567934,,
cardinal,maxmonth_wnd,0.043851392570887514,0.4522167634214478,,
claw,maxmonth_wnd,0.044030778230508306,0.15739966161130917,,
trim,maxmonth_wnd,0.04436658938737276,0.25900487582588244,,
bladder,maxmonth_wnd,0.04446093702391353,0.1561922381702405,,
cattle,maxmonth_wnd,0.04448325795411944,0.3612859790378609,,
evening,maxmonth_wnd,0.044536947738003256,0.05008149088456891,,
document,maxmonth_wnd,0.0445816193621358,0.4589559854539966,,
egg,maxmonth_wnd,0.044720995493022574,0.056631917022939654,,
sheet,maxmonth_wnd,0.044798026453759535,0.16626195257100865,,
distinction,maxmonth_wnd,0.04480545268808893,0.25728539447611654,,
flea,maxmonth_wnd,0.04485331560723918,0.26842346780260423,,
coffin,maxmonth_wnd,0.045039218062109865,0.38199541830585637,,
crust,maxmonth_wnd,0.04525572576425971,0.32348522425649506,,
steel,maxmonth_wnd,0.0452909410426613,0.25335954007399414,,
highway,maxmonth_wnd,0.04545581945216557,0.3396180415279022,,
eater,maxmonth_wnd,0.045522986327418004,0.3521804456458026,,
district,maxmonth_wnd,0.04558525955888598,0.3957629046368476,,
farm,maxmonth_wnd,0.045952080171028316,0.527014350771607,,
clot,maxmonth_wnd,0.046082685296089033,0.36066217098030184,,
daybreak,maxmonth_wnd,0.04610101481521565,0.2902099615621537,,
creep,maxmonth_wnd,0.04637258769818483,0.24930996126267593,,
crime,maxmonth_wnd,0.04648648124508143,0.3464260094329168,,
meat,maxmonth_wnd,0.046530302982362125,0.11443053939803294,,
paper,maxmonth_wnd,0.04668152768960286,0.15394927289479862,,
gunpowder,maxmonth_wnd,0.047124802150246274,0.3870118163450874,,
complaint,maxmonth_wnd,0.047201275994846054,0.2466174775070878,,
row,maxmonth_wnd,0.04727633568492853,0.05542560560564358,,
shop,maxmonth_wnd,0.047283938385279556,0.3631291966727894,,
blister,maxmonth_wnd,0.047359821575587664,0.20875280219252232,,
cup,maxmonth_wnd,0.04738322219650186,0.07578713521742611,,
lure,maxmonth_wnd,0.0473855309456336,0.4054787910607412,,
rumble,maxmonth_wnd,0.04746007306599122,0.38434412792551903,,
grate,maxmonth_wnd,0.04748903998167362,0.33058502069835166,,
chalk,maxmonth_wnd,0.04770273403409701,0.33785044462856545,,
scholar,maxmonth_wnd,0.04770705827495557,0.3428473750647985,,
fisherman,maxmonth_wnd,0.04784405663521926,0.35124217471192903,,
jerk,maxmonth_wnd,0.04790077896952847,0.34860114650942564,,
meal,maxmonth_wnd,0.048236509393884276,0.09751835418238672,,
suspicion,maxmonth_wnd,0.04828229457273659,0.3274216467507177,,
research,maxmonth_wnd,0.04832796602894874,0.34305140085594155,,
service,maxmonth_wnd,0.04892027631640995,0.20101754185286858,,
bandage,maxmonth_wnd,0.04892223938745572,0.28221443196551427,,
leather,maxmonth_wnd,0.049060297328818336,0.17755528570171042,,
verse,maxmonth_wnd,0.049334098343470266,0.36481828084043055,,
nostril,maxmonth_wnd,0.04936406739285156,0.171310698743361,,
prohibition,maxmonth_wnd,0.04942048736097795,0.35510531693507685,,
channel,maxmonth_wnd,0.049445676719115705,0.3051446687654144,,
sequence,maxmonth_wnd,0.049552131277221176,0.47283830788678877,,
cost,maxmonth_wnd,0.0496897307294818,0.25359741522738133,,
chin,maxmonth_wnd,0.04980511930507071,0.16644088527805806,,
sex,maxmonth_wnd,0.04986680132193404,0.2076073372474629,,
carpenter,maxmonth_wnd,0.04988161003731734,0.16902481050192286,,
ease,maxmonth_wnd,0.05037409869268141,0.18787069308194612,,
reign,maxmonth_wnd,0.0503771584408459,0.2828236044422793,,
calf,maxmonth_wnd,0.05082257308156455,0.14493038960072693,,
butcher,maxmonth_wnd,0.050849076128187724,0.2376537692014153,,
vein,maxmonth_wnd,0.05092334696665859,0.06430268542708763,,
broom,maxmonth_wnd,0.050936365468736484,0.1285154975389544,,
grandmother,maxmonth_wnd,0.05100518161459219,0.2045668151470581,,
gossip,maxmonth_wnd,0.05101336808738257,0.2080839867193658,,
account,maxmonth_wnd,0.0510525912582552,0.21753200044048315,,
travel,maxmonth_wnd,0.05105792837523999,0.11375381968199581,,
owl,maxmonth_wnd,0.05105893023336808,0.12735104519647136,,
brand,maxmonth_wnd,0.05115050826612733,0.21423649340895984,,
scum,maxmonth_wnd,0.051279212613404256,0.2630801592112992,,
rubbish,maxmonth_wnd,0.05130798119762615,0.2331329461376934,,
printing,maxmonth_wnd,0.05147660677007386,0.3489843000781372,,
task,maxmonth_wnd,0.05153702315228853,0.1464637708498007,,
tendon,maxmonth_wnd,0.0516619626375708,0.25938744208303655,,
deed,maxmonth_wnd,0.05177814873885034,0.2590916535602268,,
rent,maxmonth_wnd,0.05214776291565958,0.2196002897780085,,
morning,maxmonth_wnd,0.052216611642753666,0.022156678113564404,,
rooster,maxmonth_wnd,0.05228290764983242,0.5210723453599152,,
fart,maxmonth_wnd,0.052393577087137634,0.4101911545054402,,
conscience,maxmonth_wnd,0.052484376685214724,0.34152629086622727,,
collection,maxmonth_wnd,0.05250971200889002,0.2065320534192203,,
nation,maxmonth_wnd,0.0526141768600945,0.30665096320528396,,
tick,maxmonth_wnd,0.052758167010162484,0.24904242581452468,,
clothing,maxmonth_wnd,0.05287197167443377,0.1979122328081535,,
fun,maxmonth_wnd,0.05309130893180558,0.1644128411353627,,
needle,maxmonth_wnd,0.05326892146687894,0.03392891945970598,,
mask,maxmonth_wnd,0.05351500011856354,0.371731993625403,,
farmer,maxmonth_wnd,0.05351552885779235,0.3346156599199332,,
alarm,maxmonth_wnd,0.05391936723715094,0.28729351108708867,,
likeness,maxmonth_wnd,0.053919452751714246,0.2504949466513921,,
marrow,maxmonth_wnd,0.05398174863424017,0.15346704418371665,,
queen,maxmonth_wnd,0.05401947896170972,0.13342105766207016,,
bruise,maxmonth_wnd,0.05414172276008119,0.17197502611513577,,
cricket,maxmonth_wnd,0.054180004035553495,0.21794743816327655,,
circle,maxmonth_wnd,0.05422637559836946,0.059554957239771805,,
hurry,maxmonth_wnd,0.05444301607176579,0.07272223156839576,,
drought,maxmonth_wnd,0.054499122438860396,0.23793073930864783,,
strap,maxmonth_wnd,0.0546910491340471,0.2449602817601245,,
company,maxmonth_wnd,0.05474867858615866,0.15631099283480987,,
engine,maxmonth_wnd,0.05522332884974955,0.30976461085131635,,
toad,maxmonth_wnd,0.05522914100181789,0.2976150537608008,,
cap,maxmonth_wnd,0.05524010398351415,0.1370067130035124,,
limp,maxmonth_wnd,0.05528088301638959,0.11863438493499359,,
wilderness,maxmonth_wnd,0.05533983024274367,0.2865764085932108,,
bed,maxmonth_wnd,0.055541168203506054,0.009803950121066655,,
quake,maxmonth_wnd,0.055549031169158956,0.19587422192273185,,
drain,maxmonth_wnd,0.05562079797548487,0.13887651148745458,,
mule,maxmonth_wnd,0.055925955046759276,0.34022232523871876,,
meeting,maxmonth_wnd,0.05598075780993083,0.09777737261678393,,
foam,maxmonth_wnd,0.05598417626781941,0.055677872939550004,,
officer,maxmonth_wnd,0.056389530079806585,0.2705720889960207,,
mill,maxmonth_wnd,0.05651634762122425,0.22922237029844436,,
nap,maxmonth_wnd,0.056551042728701366,0.34387184833515483,,
gathering,maxmonth_wnd,0.05671186075389497,0.06639206822668829,,
herd,maxmonth_wnd,0.0567406274509484,0.1732235112801765,,
nail,maxmonth_wnd,0.05679535883944561,0.010211132061078192,,
trail,maxmonth_wnd,0.056832054601293175,0.24789641428230966,,
wake,maxmonth_wnd,0.05721467321139815,0.14651034568534643,,
stair,maxmonth_wnd,0.05739867064995678,0.1767716602993411,,
page,maxmonth_wnd,0.057642606941661616,0.16996842231963522,,
band,maxmonth_wnd,0.05767669605926743,0.1192001511134259,,
broth,maxmonth_wnd,0.05835326191472716,0.25677085254872994,,
nun,maxmonth_wnd,0.05885903098678251,0.3424935537343543,,
reel,maxmonth_wnd,0.058916174621264694,0.28178608128909544,,
socket,maxmonth_wnd,0.05899286133467881,0.21942825704962243,,
shore,maxmonth_wnd,0.05901896532039828,0.11925003367501615,,
mate,maxmonth_wnd,0.05915072370361781,0.21845875477473428,,
characteristic,maxmonth_wnd,0.05935726289468364,0.13697272619641035,,
scrub,maxmonth_wnd,0.05937019108496606,0.2607106382012079,,
disaster,maxmonth_wnd,0.059414043362862955,0.22966844090790728,,
tongue,maxmonth_wnd,0.059587429278874574,0.002275870137909288,,
weed,maxmonth_wnd,0.05976592860954489,0.10848394784008153,,
puddle,maxmonth_wnd,0.059794496688377816,0.22308180895583443,,
debate,maxmonth_wnd,0.06009272434497882,0.2632193761633277,,
tale,maxmonth_wnd,0.060168997944990574,0.1814382498278246,,
bean,maxmonth_wnd,0.060410574207560894,0.17514409842101064,,
notch,maxmonth_wnd,0.060417299574641155,0.3004315899204485,,
wrinkle,maxmonth_wnd,0.06055856308401449,0.09187938827174207,,
definition,maxmonth_wnd,0.06081642232190929,NA,Model convergence problem; non-positive-definite Hessian matrix. See vignette('troubleshooting'),
book,maxmonth_wnd,0.060973009833682416,0.06254613165381213,,
pebble,maxmonth_wnd,0.061362245299308726,0.11309796150388136,,
crown,maxmonth_wnd,0.06173327368458018,0.04317949654894419,,
war,maxmonth_wnd,0.061832343484254405,0.05332899796815344,,
ghost,maxmonth_wnd,0.06296842290810184,0.08430172655356871,,
hop,maxmonth_wnd,0.0635482509736038,0.13181610155610507,,
craft,maxmonth_wnd,0.06355655413088436,0.19636176844220501,,
stagger,maxmonth_wnd,0.06371979813815343,0.10549747119603212,,
lock,maxmonth_wnd,0.06373730980725024,0.015340392389532734,,
bait,maxmonth_wnd,0.06385464061105599,0.13066349504287264,,
battle,maxmonth_wnd,0.06390912258057477,0.16136877056134558,,
spring,maxmonth_wnd,0.06397373901057793,0.014638656537100404,,
list,maxmonth_wnd,0.06408990961545763,0.14864273289144905,,
sigh,maxmonth_wnd,0.06428052150530715,0.13891644113818452,,
patch,maxmonth_wnd,0.06429677598677387,0.06064689553401552,,
pouch,maxmonth_wnd,0.06458272772069802,0.1717461210391011,,
cow,maxmonth_wnd,0.0647409497029942,0.128000211013114,,
ditch,maxmonth_wnd,0.06475005482256199,0.06881580125743167,,
heel,maxmonth_wnd,0.06479055722868723,0.013751372837283294,,
choice,maxmonth_wnd,0.06480387911591536,0.062278662697046856,,
week,maxmonth_wnd,0.06503126125692908,0.09288842204495658,,
plane,maxmonth_wnd,0.06535133514137133,0.08954242169386412,,
cough,maxmonth_wnd,0.06550109214509482,0.021794944926730536,,
foliage,maxmonth_wnd,0.06603709899122917,0.23306511650567302,,
saddle,maxmonth_wnd,0.06613461361562102,0.17353606504898011,,
bill,maxmonth_wnd,0.0665743227017114,0.1687131851879996,,
fuel,maxmonth_wnd,0.06702784591769939,0.14182294830055525,,
bid,maxmonth_wnd,0.06725437321772021,0.22120979841421823,,
store,maxmonth_wnd,0.06726003427665432,0.019392418676674916,,
variation,maxmonth_wnd,0.06751411571862821,0.20181093523794416,,
spray,maxmonth_wnd,0.06756405561048522,0.1535434309471645,,
thanks,maxmonth_wnd,0.06760205113582049,0.08092494963198144,,
butter,maxmonth_wnd,0.06774313972448291,0.12322126575405555,,
street,maxmonth_wnd,0.0677468174543206,0.2059987478336736,,
stoop,maxmonth_wnd,0.06777362735098796,0.1224600733075003,,
dwelling,maxmonth_wnd,0.06795494256194681,0.14004965057072988,,
trick,maxmonth_wnd,0.06816218894927524,0.0917094963288895,,
remedy,maxmonth_wnd,0.06823279437393562,0.1799772312048771,,
liquor,maxmonth_wnd,0.06824724772243718,0.2279009108741245,,
speed,maxmonth_wnd,0.06883582737785657,0.0741892168356512,,
breeze,maxmonth_wnd,0.06890801053465172,0.0693950608756528,,
stuff,maxmonth_wnd,0.06891661632193685,0.09505846981770949,,
exception,maxmonth_wnd,0.06898864607467681,0.07361673191530312,,
wave,maxmonth_wnd,0.06915250764107247,0.015120950009546672,,
cabbage,maxmonth_wnd,0.06919090222902187,0.1807818453988315,,
pencil,maxmonth_wnd,0.06939395128423734,0.08589953010404015,,
quarter,maxmonth_wnd,0.06945826326528319,0.03518034223478486,,
ale,maxmonth_wnd,0.06946409361446321,0.455496825457498,,
land,maxmonth_wnd,0.06958409293630301,0.005857284916968926,,
table,maxmonth_wnd,0.0698092169953124,0.04972368824116001,,
stitch,maxmonth_wnd,0.07064215129985381,0.11052296455956892,,
grant,maxmonth_wnd,0.07096904905509875,0.10015012232373481,,
writer,maxmonth_wnd,0.07102030718286823,0.16385848480037157,,
flap,maxmonth_wnd,0.07116937077095324,0.07663065316630432,,
coral,maxmonth_wnd,0.07133482794441111,0.3082868607956018,,
ton,maxmonth_wnd,0.07167825830202994,0.3161836901127344,,
flag,maxmonth_wnd,0.07197103885632575,0.0669462799271553,,
clip,maxmonth_wnd,0.07207184847186357,0.16385333694404897,,
valley,maxmonth_wnd,0.07227008348019288,0.07625480304566079,,
nape,maxmonth_wnd,0.07231883007735314,0.12403220176913195,,
candle,maxmonth_wnd,0.07238063945795843,0.10880673236494749,,
towel,maxmonth_wnd,0.07242886582229352,0.0618919962600007,,
attempt,maxmonth_wnd,0.07264760172503554,0.018981174189356256,,
pig,maxmonth_wnd,0.07270652216012446,0.12601428511089488,,
bracket,maxmonth_wnd,0.07317480293426294,0.13657081496518125,,
dough,maxmonth_wnd,0.07334345310705873,0.12707932576474307,,
remark,maxmonth_wnd,0.07357313034312614,0.16482864994161212,,
hunt,maxmonth_wnd,0.07379047398586618,0.05388641659587728,,
spell,maxmonth_wnd,0.07383290308647658,0.07994044074714553,,
peep,maxmonth_wnd,0.07386870423039772,0.1263438287143093,,
brain,maxmonth_wnd,0.07424676905083383,0.014081806731929868,,
dart,maxmonth_wnd,0.07437051913652305,0.1859099421936458,,
college,maxmonth_wnd,0.07456195657734303,0.22374435643228854,,
gate,maxmonth_wnd,0.07460527595326097,0.10488261796092106,,
trench,maxmonth_wnd,0.0749202155500825,0.09283220532833485,,
butt,maxmonth_wnd,0.07498071787104807,0.032815052320652474,,
cone,maxmonth_wnd,0.07524108245877126,0.123042304610752,,
uniform,maxmonth_wnd,0.07546097072071824,0.1279578916763562,,
window,maxmonth_wnd,0.07550603822371933,0.025223287187861546,,
temper,maxmonth_wnd,0.07569983040699452,0.0756751181130409,,
chair,maxmonth_wnd,0.07579878446409799,0.029205387838390846,,
whirl,maxmonth_wnd,0.0759919306576985,0.09534627369033134,,
loin,maxmonth_wnd,0.07611285411804723,0.23131408813053483,,
niece,maxmonth_wnd,0.07612300334619335,0.094361460423451,,
slide,maxmonth_wnd,0.07616298861358876,0.06374175019149252,,
collar,maxmonth_wnd,0.07635380572955335,0.07048121478249109,,
glue,maxmonth_wnd,0.07639985855334619,0.019779903337608165,,
cork,maxmonth_wnd,0.07644907065179458,0.11397820369556044,,
scalp,maxmonth_wnd,0.07672859116436895,0.18079686456268146,,
scrap,maxmonth_wnd,0.07698164402062654,0.14046014349633149,,
box,maxmonth_wnd,0.07704026717943747,0.005987325821139916,,
professor,maxmonth_wnd,0.07719009702227533,0.16950175819967273,,
bargain,maxmonth_wnd,0.07723724516402977,0.15298651381757977,,
farewell,maxmonth_wnd,0.07760268976455317,0.10783862914830078,,
author,maxmonth_wnd,0.07808467153524329,0.07512021364749902,,
tune,maxmonth_wnd,0.07812248006925801,0.07774715447941959,,
timber,maxmonth_wnd,0.07833048969385077,0.1093413419324843,,
parting,maxmonth_wnd,0.07913701562520122,0.07824116549218463,,
eyelash,maxmonth_wnd,0.07917774701925222,0.06371932431603637,,
whisker,maxmonth_wnd,0.0792854942020166,0.08214245750801753,,
fishing,maxmonth_wnd,0.07934432835868682,0.11702206321165345,,
testimony,maxmonth_wnd,0.07941863917667899,0.05142893071864564,,
foreigner,maxmonth_wnd,0.07971981123064178,0.0784837288551139,,
monster,maxmonth_wnd,0.07998651271870985,0.12771190894349843,,
quail,maxmonth_wnd,0.08013221817560402,0.09944672694619268,,
liver,maxmonth_wnd,0.08019717703370316,0.007597010438152783,,
tilt,maxmonth_wnd,0.08020316386468837,0.13981102312475197,,
commission,maxmonth_wnd,0.08029482295509899,0.13239890570958504,,
train,maxmonth_wnd,0.08066820026083248,0.08223325713559985,,
bump,maxmonth_wnd,0.08113977312706945,0.12313064137667963,,
camp,maxmonth_wnd,0.08122717591163282,0.07222457304305732,,
bug,maxmonth_wnd,0.08158907224434124,0.08336304557315016,,
dish,maxmonth_wnd,0.08183347109196258,0.005866228985844558,,
drill,maxmonth_wnd,0.08222528802353188,0.048263566131308014,,
rib,maxmonth_wnd,0.08250644081195241,0.0033526034750285855,,
spade,maxmonth_wnd,0.0826110239328768,0.05899174817584188,,
nurse,maxmonth_wnd,0.0828801159718039,0.01039592759561172,,
kiss,maxmonth_wnd,0.08302726240789368,0.01119638827951168,,
kid,maxmonth_wnd,0.08344407483037417,0.1254183115093318,,
contraction,maxmonth_wnd,0.08351151921672484,0.13614378717021994,,
pasture,maxmonth_wnd,0.08361696290680608,0.10278791239211756,,
context,maxmonth_wnd,0.08366514610718742,0.15618155995347477,,
mood,maxmonth_wnd,0.08401899750613502,0.1036223046782309,,
program,maxmonth_wnd,0.08427167527713482,0.23576310061839625,,
echo,maxmonth_wnd,0.0844640789128345,0.027076079023957405,,
button,maxmonth_wnd,0.08464610134945612,0.028174975542224787,,
seam,maxmonth_wnd,0.08470124543876925,0.0453422481252055,,
gall,maxmonth_wnd,0.0849291856232622,0.04883906177128294,,
yard,maxmonth_wnd,0.08524845640112638,0.028852369005836116,,
wine,maxmonth_wnd,0.08557650388997239,0.13974369907999423,,
kick,maxmonth_wnd,0.08575566232937376,0.007214145038986866,,
west,maxmonth_wnd,0.08583319459961945,0.011894190278789409,,
grunt,maxmonth_wnd,0.08587931441772698,0.09986240800257497,,
chill,maxmonth_wnd,0.08625018172185403,0.07810875964538078,,
dragon,maxmonth_wnd,0.08647940836254149,0.15578682760308052,,
wheat,maxmonth_wnd,0.08649453581832338,0.08641860772025806,,
pill,maxmonth_wnd,0.08681207312899215,0.06427963841949065,,
remnant,maxmonth_wnd,0.08683711851075744,0.05812015128775194,,
crackle,maxmonth_wnd,0.08700386771821364,0.14997909862110093,,
opinion,maxmonth_wnd,0.08729974850344725,0.026058123191363542,,
ore,maxmonth_wnd,0.0873205568921462,0.26028212033641096,,
bread,maxmonth_wnd,0.08779199083867172,0.010589861690758309,,
calendar,maxmonth_wnd,0.08787945260206831,0.14933400495288093,,
culture,maxmonth_wnd,0.08827029675805609,0.0689897975861696,,
print,maxmonth_wnd,0.08843967366412629,0.04405525428016497,,
publication,maxmonth_wnd,0.08846040962745924,0.061758736569009216,,
lawyer,maxmonth_wnd,0.08879659021623876,0.09234858706069825,,
pop,maxmonth_wnd,0.08954159164382107,0.12201267243422337,,
coffee,maxmonth_wnd,0.08955633122264663,0.19758887577744888,,
inch,maxmonth_wnd,0.08972272593421736,0.10136596992804685,,
nickname,maxmonth_wnd,0.08998508788223483,0.1306044143828657,,
maid,maxmonth_wnd,0.0902793942704128,0.0773788338190052,,
shower,maxmonth_wnd,0.09040855463227886,0.015632749071605667,,
lady,maxmonth_wnd,0.09065210235508071,0.05950401557053137,,
rack,maxmonth_wnd,0.0907834325411609,0.12005815106331291,,
swimming,maxmonth_wnd,0.09088311772969296,0.018409191803703876,,
truck,maxmonth_wnd,0.09124853686718683,0.1974902984902595,,
spill,maxmonth_wnd,0.09139878424708212,0.026518891945755563,,
lad,maxmonth_wnd,0.09231896578870473,0.09246835425666876,,
lighting,maxmonth_wnd,0.09258079738965902,0.033372976800545,,
sparrow,maxmonth_wnd,0.0928377222441514,0.052074555492042394,,
fund,maxmonth_wnd,0.09286209637692461,0.14764112267547203,,
hatchet,maxmonth_wnd,0.09301568809687746,0.04299007693136035,,
porridge,maxmonth_wnd,0.09313323072108312,0.20983211894402928,,
beverage,maxmonth_wnd,0.09342112059809153,0.0860653884650541,,
tow,maxmonth_wnd,0.09359540271078401,0.10202703225073603,,
sleeve,maxmonth_wnd,0.09392675196429655,0.04742000996731023,,
folk,maxmonth_wnd,0.09430117854771491,0.10314776091323845,,
policeman,maxmonth_wnd,0.09459357097922075,0.08570038932850908,,
host,maxmonth_wnd,0.09484235532864213,0.03181921423450399,,
office,maxmonth_wnd,0.09545578460248909,0.050223114351519035,,
bucket,maxmonth_wnd,0.09570413421390687,0.014105677249717367,,
shirt,maxmonth_wnd,0.09615922331450702,0.035977825947098405,,
vocabulary,maxmonth_wnd,0.09686091035843492,0.062864288861817,,
eagle,maxmonth_wnd,0.09686527843534197,0.012935796399881327,,
potato,maxmonth_wnd,0.09688314902345643,0.044151429766981255,,
boat,maxmonth_wnd,0.09690139012596655,0.021182616466342806,,
bitch,maxmonth_wnd,0.09717551906387895,0.03260675431180855,,
spark,maxmonth_wnd,0.09798852390009842,0.001686684111858405,,
one,maxmonth_wnd,0.09806511492883245,0.031905686669870946,,
duck,maxmonth_wnd,0.09813164978312275,0.0021265397144403326,,
brow,maxmonth_wnd,0.09813627410676169,0.03559691257032334,,
hug,maxmonth_wnd,0.09854358851425045,0.02920274139711541,,
rape,maxmonth_wnd,0.09858574010541757,0.04412590347601754,,
stink,maxmonth_wnd,0.09883161769942797,0.00800840999088149,,
wind,maxmonth_wnd,0.0990993995366947,7.844472832883128e-7,,
sheep,maxmonth_wnd,0.09975474642424305,0.010277251855174802,,
una,maxmonth_wnd,0.0999385550287831,0.21508239536525953,,
tower,maxmonth_wnd,0.10007232816048729,0.053362142933570215,,
trash,maxmonth_wnd,0.10034916670813519,0.14558063052878192,,
rail,maxmonth_wnd,0.10041190204948122,0.04247733385752876,,
beard,maxmonth_wnd,0.1008401157949809,1.890422586362414e-4,,
ape,maxmonth_wnd,0.10163874114302056,0.12786004931793438,,
mole,maxmonth_wnd,0.10210489993720084,0.024319079191158798,,
variant,maxmonth_wnd,0.10221900390479578,0.39065384857179347,,
marble,maxmonth_wnd,0.1024477747424335,0.08724473283348763,,
grape,maxmonth_wnd,0.10253618280198584,0.03641499833954422,,
idiot,maxmonth_wnd,0.1026579067291132,0.07019665692429088,,
volume,maxmonth_wnd,0.1032568810355438,0.012238168898052746,,
knob,maxmonth_wnd,0.10368375448264487,0.029576251979994042,,
gravel,maxmonth_wnd,0.10386920468963855,0.0026371141191827503,,
gut,maxmonth_wnd,0.10396364039706676,0.03424111254552691,,
shovel,maxmonth_wnd,0.1040295806151364,0.015877750870140317,,
feather,maxmonth_wnd,0.10403495258741936,4.195462259463799e-5,,
board,maxmonth_wnd,0.10413947406882329,0.003881672172849283,,
kettle,maxmonth_wnd,0.105008684948101,0.0216415374866689,,
vote,maxmonth_wnd,0.10501760796387183,0.1497181448323507,,
artery,maxmonth_wnd,0.10538657772907317,0.012287630889430596,,
crab,maxmonth_wnd,0.10544792510875638,0.028331069729875678,,
usage,maxmonth_wnd,0.10644887885657887,0.05565624723240366,,
paint,maxmonth_wnd,0.10651179590152118,0.0020826536104541857,,
whistle,maxmonth_wnd,0.10656855808389878,0.0017050502859158976,,
ride,maxmonth_wnd,0.10670850136747068,0.008695308721228841,,
pace,maxmonth_wnd,0.10697890417041972,0.014202622477326444,,
stew,maxmonth_wnd,0.10871979048794782,0.06863725342559748,,
purse,maxmonth_wnd,0.10946889775165485,0.005981262441325357,,
jug,maxmonth_wnd,0.1094951821576995,0.02918774108324049,,
file,maxmonth_wnd,0.10989460484525723,0.002315669446829988,,
yarn,maxmonth_wnd,0.11029450181028451,0.049160632883643585,,
china,maxmonth_wnd,0.11043304720718225,0.09164984602879674,,
screw,maxmonth_wnd,0.11063780235014463,0.023055597617687298,,
ocean,maxmonth_wnd,0.11097428968216581,0.018136051861488152,,
inn,maxmonth_wnd,0.11129949772708232,0.09694635988089509,,
birthday,maxmonth_wnd,0.11170349508235966,0.04790425107712963,,
marsh,maxmonth_wnd,0.11213722560807252,0.024258063474921758,,
hog,maxmonth_wnd,0.11250272599362843,0.046412273129119934,,
hymn,maxmonth_wnd,0.11268571412820566,0.03740474162511363,,
century,maxmonth_wnd,0.1127529655837749,0.04556967383231205,,
east,maxmonth_wnd,0.11330417976147744,7.103985955621933e-4,,
stab,maxmonth_wnd,0.11392488165476607,0.003558147930945694,,
bog,maxmonth_wnd,0.11527827386755453,0.047860569606211066,,
lodge,maxmonth_wnd,0.1152983745126699,0.03488941418401939,,
canoe,maxmonth_wnd,0.11552432075424804,0.185701112791451,,
drawer,maxmonth_wnd,0.1158060284294095,0.035258460901091485,,
breakfast,maxmonth_wnd,0.11606713228999818,0.016017083701666258,,
card,maxmonth_wnd,0.11616540612357158,0.03450466708544414,,
lantern,maxmonth_wnd,0.11625559476441107,0.016091064711683162,,
club,maxmonth_wnd,0.11668816051623601,8.578248763329525e-4,,
horizon,maxmonth_wnd,0.11680198135371571,0.008950969951826605,,
entry,maxmonth_wnd,0.11711370233181828,0.12165592145022501,,
van,maxmonth_wnd,0.11756777162080309,0.15666004040898923,,
testament,maxmonth_wnd,0.11826532627511198,0.04717449818305145,,
strainer,maxmonth_wnd,0.11863397730358556,0.013463818067880355,,
jacket,maxmonth_wnd,0.11950150187661533,0.021350852291224735,,
shoe,maxmonth_wnd,0.12027193061026978,2.2153015061281275e-4,,
rock,maxmonth_wnd,0.12041564050842353,2.315954406311829e-4,,
march,maxmonth_wnd,0.12125762486680274,2.4507753473761206e-4,,
rudder,maxmonth_wnd,0.12162664904989,0.012737061200460148,,
beer,maxmonth_wnd,0.12196319040709037,0.07883034010201623,,
dent,maxmonth_wnd,0.12232754869165513,0.023470850601332274,,
library,maxmonth_wnd,0.1226558585721956,0.008882712604256163,,
tape,maxmonth_wnd,0.12369419233518829,0.007794087679100509,,
toe,maxmonth_wnd,0.12389449036433965,8.377165755860896e-5,,
interpreter,maxmonth_wnd,0.12398490628263921,0.004366159347555132,,
coal,maxmonth_wnd,0.12402544739098126,3.9434026682961604e-4,,
handkerchief,maxmonth_wnd,0.12409454661867074,5.978464412421039e-4,,
beast,maxmonth_wnd,0.12429096826299016,0.016742473617216338,,
cousin,maxmonth_wnd,0.12521515408588765,0.002978606054892507,,
pin,maxmonth_wnd,0.12538643442138725,0.002354508825859484,,
minister,maxmonth_wnd,0.1254597907230789,0.02907309443870047,,
council,maxmonth_wnd,0.12631737913267493,0.005607859597296972,,
coat,maxmonth_wnd,0.12659036066332535,0.0019110306707534463,,
fog,maxmonth_wnd,0.12812480609263063,3.946417549288714e-4,,
mess,maxmonth_wnd,0.12819476059933682,0.016491014672403274,,
barn,maxmonth_wnd,0.12886185171858816,0.03322630255723843,,
smack,maxmonth_wnd,0.12920397910156234,0.02518698753357407,,
manuscript,maxmonth_wnd,0.1293353272537979,0.025863088371396357,,
university,maxmonth_wnd,0.1294092011728617,0.013398319294136993,,
sport,maxmonth_wnd,0.1299091431867712,0.013671913224933316,,
record,maxmonth_wnd,0.13059821270654426,0.006667040041630923,,
daylight,maxmonth_wnd,0.13125912870077477,0.006132581994296859,,
cart,maxmonth_wnd,0.13229320607691641,0.008110414944130446,,
twilight,maxmonth_wnd,0.1323588278762878,7.316071098498572e-4,,
draft,maxmonth_wnd,0.13296064787381368,0.0048744942731330475,,
skim,maxmonth_wnd,0.13438934277053616,0.006422852965244368,,
baking,maxmonth_wnd,0.13473830725880764,0.01327591401739256,,
devil,maxmonth_wnd,0.13516799808735275,0.0025724149182369586,,
candy,maxmonth_wnd,0.13517668848059095,0.06034068725993874,,
oyster,maxmonth_wnd,0.13551654707110905,0.04260853449597903,,
tea,maxmonth_wnd,0.13586199423586195,0.0038381903995358575,,
clerk,maxmonth_wnd,0.13591773486616665,0.0065410992524654295,,
pail,maxmonth_wnd,0.1364627057150608,0.0026044515339367215,,
runner,maxmonth_wnd,0.13712162186723179,0.006838098840711594,,
fork,maxmonth_wnd,0.13715913591289788,1.2686392716209992e-4,,
eve,maxmonth_wnd,0.13727514408685415,0.019871727036220026,,
doctor,maxmonth_wnd,0.13751674516379722,6.310086780871828e-4,,
tangle,maxmonth_wnd,0.137584008116807,0.013721350840942592,,
nuisance,maxmonth_wnd,0.13788071816303982,0.01424906893739742,,
fur,maxmonth_wnd,0.13800957242528322,9.923362279117807e-4,,
husk,maxmonth_wnd,0.13801685561104873,0.04134555142216361,,
rug,maxmonth_wnd,0.13870280344546498,0.023304634299134278,,
brace,maxmonth_wnd,0.13870849876420666,0.005972451583279781,,
yolk,maxmonth_wnd,0.13877251910124194,0.0032775769625097806,,
reference,maxmonth_wnd,0.139324141155667,0.0014486743869434032,,
crane,maxmonth_wnd,0.14021900771355394,0.001098843811894285,,
mail,maxmonth_wnd,0.1402362098196808,0.0057017561857869645,,
captain,maxmonth_wnd,0.14042489691613455,0.0021842004224910117,,
vowel,maxmonth_wnd,0.14086422644118157,0.02937510009543632,,
car,maxmonth_wnd,0.14108932246453257,0.008878134718065603,,
anchor,maxmonth_wnd,0.1417157138504673,0.008054219118181367,,
jail,maxmonth_wnd,0.14206248215608983,3.2556491041945654e-4,,
syllable,maxmonth_wnd,0.1421498829644989,0.008068182734119977,,
reader,maxmonth_wnd,0.14253256734521277,0.0020272842661142624,,
pea,maxmonth_wnd,0.1427350162126297,0.007712949309916741,,
fox,maxmonth_wnd,0.14304633809031625,0.0022151643124960476,,
bos,maxmonth_wnd,0.14560503553399068,0.012069361614976036,,
translation,maxmonth_wnd,0.14578051898426445,0.003636349024055805,,
hinge,maxmonth_wnd,0.146777562684269,0.0018711278777979261,,
warrior,maxmonth_wnd,0.14701555447398817,0.008453506001924066,,
pie,maxmonth_wnd,0.14779634553458051,0.032432429416413784,,
mist,maxmonth_wnd,0.14828788030179776,1.1199333137778923e-5,,
gentleman,maxmonth_wnd,0.14878881551847592,0.009866941449649608,,
horse,maxmonth_wnd,0.14897977822895547,4.522876369289067e-4,,
mast,maxmonth_wnd,0.14906055229554355,0.006616838309305044,,
wolf,maxmonth_wnd,0.1493076475511015,0.0013297392194917188,,
troop,maxmonth_wnd,0.14966452768837324,0.040699936126130015,,
clock,maxmonth_wnd,0.1500236202038268,9.451015070688927e-4,,
team,maxmonth_wnd,0.1502738163987249,0.00559727124885455,,
frost,maxmonth_wnd,0.15047966767816642,0.008287037285352851,,
chief,maxmonth_wnd,0.15076869500959988,0.0787415029219449,,
edition,maxmonth_wnd,0.15079533814577267,0.005538282529307496,,
text,maxmonth_wnd,0.1520462239048908,0.022773064419329508,,
hack,maxmonth_wnd,0.15230221593883675,0.00318635152022074,,
turkey,maxmonth_wnd,0.15231901321589256,0.0064724353502480575,,
grammar,maxmonth_wnd,0.15325055449325348,0.0023241708548391075,,
switch,maxmonth_wnd,0.15456152156852976,0.0019802865117668246,,
prize,maxmonth_wnd,0.1571517238319398,0.001479214251365392,,
weather,maxmonth_wnd,0.1588854759118363,8.096608339147333e-6,,
legend,maxmonth_wnd,0.15947610787168373,0.0013874457842594915,,
cargo,maxmonth_wnd,0.16087354643603863,0.003681572053332835,,
newspaper,maxmonth_wnd,0.16114796105126797,0.029558136739266872,,
hall,maxmonth_wnd,0.16258005876847575,0.004070942046698511,,
brook,maxmonth_wnd,0.16281653303224264,0.003204736242088888,,
mile,maxmonth_wnd,0.16348314931936808,9.253774979788728e-4,,
howl,maxmonth_wnd,0.1643898730199626,4.664401717647201e-5,,
wool,maxmonth_wnd,0.16537511652003897,1.6345117718201012e-4,,
eel,maxmonth_wnd,0.16602370958124277,9.835986022744482e-4,,
ribbon,maxmonth_wnd,0.16659500265605823,0.0014119782858085684,,
errand,maxmonth_wnd,0.16680694519402786,0.0036967434638847936,,
ship,maxmonth_wnd,0.16935026864284186,0.001691970827425645,,
drift,maxmonth_wnd,0.16948993376468288,7.772845063469442e-4,,
south,maxmonth_wnd,0.16984692742419613,5.211597899199641e-6,,
island,maxmonth_wnd,0.17095529323260408,0.0014304098946382139,,
berry,maxmonth_wnd,0.17116184274307747,7.027899180891241e-4,,
accent,maxmonth_wnd,0.1719774415332311,0.0028785398815147313,,
baptism,maxmonth_wnd,0.17235111083587049,0.0037420652836074354,,
apple,maxmonth_wnd,0.17266123704884107,5.455918455552463e-7,,
spelling,maxmonth_wnd,0.17538247958341802,0.003639992816007892,,
version,maxmonth_wnd,0.17565656771511598,0.002076789987092391,,
goose,maxmonth_wnd,0.17611834834882295,1.2052577685495849e-5,,
cliff,maxmonth_wnd,0.17689486488639003,0.0011406089092280587,,
loaf,maxmonth_wnd,0.1775300428120766,1.3578593456616778e-4,,
mare,maxmonth_wnd,0.17771982653386556,0.007942722642076202,,
example,maxmonth_wnd,0.17772109587847476,0.011723899376338508,,
sock,maxmonth_wnd,0.1784876598094312,0.0011033676895702976,,
manure,maxmonth_wnd,0.17856165212187916,2.159366428021906e-4,,
cent,maxmonth_wnd,0.17867544459234042,0.0037598601597466307,,
tub,maxmonth_wnd,0.17876487917137765,9.58711750914277e-4,,
north,maxmonth_wnd,0.17877007862603822,7.573675639421048e-7,,
clam,maxmonth_wnd,0.17945185472170413,0.03224708560666874,,
cloak,maxmonth_wnd,0.1819531877454029,0.0018022146358267683,,
lunch,maxmonth_wnd,0.18197630424452463,0.008980480211687857,,
crumb,maxmonth_wnd,0.18218355325500488,1.0609246933402968e-4,,
dialect,maxmonth_wnd,0.18268564377634686,0.003573524120468977,,
boot,maxmonth_wnd,0.18312422269052053,4.5217177619805973e-4,,
punch,maxmonth_wnd,0.18371421943040062,3.0451237567608985e-4,,
score,maxmonth_wnd,0.18469575843867214,0.0013386313466600074,,
cream,maxmonth_wnd,0.18514838970918707,1.601333428502837e-4,,
lace,maxmonth_wnd,0.18591462077466103,4.815703429105511e-4,,
beach,maxmonth_wnd,0.18695871810741704,0.0031527413763635533,,
bay,maxmonth_wnd,0.18836427499175418,0.0012331689109233445,,
plum,maxmonth_wnd,0.18883668088742545,0.00269805728070298,,
barrel,maxmonth_wnd,0.18929975580365727,1.5766526724386585e-5,,
grease,maxmonth_wnd,0.19112825088091917,5.960613695749114e-6,,
supper,maxmonth_wnd,0.19132911806254166,5.917214889542561e-4,,
haul,maxmonth_wnd,0.19178238966236308,4.974170232897636e-4,,
shark,maxmonth_wnd,0.192705054149149,0.007944012176416724,,
bible,maxmonth_wnd,0.19275788278429018,0.0012047580847899645,,
oven,maxmonth_wnd,0.1932513799959416,0.0014504520926482264,,
pronunciation,maxmonth_wnd,0.1948155422605778,2.682055628193714e-6,,
cape,maxmonth_wnd,0.19512839109597976,0.0010189613360582323,,
cupboard,maxmonth_wnd,0.1965216912075151,2.593251710082725e-4,,
lamb,maxmonth_wnd,0.19659472167858175,8.053022105962303e-5,,
plantation,maxmonth_wnd,0.19863400395883588,0.003567955564998505,,
moss,maxmonth_wnd,0.20094696749319657,4.1475320707078615e-5,,
stocking,maxmonth_wnd,0.20135810176325378,9.968781683500585e-5,,
brood,maxmonth_wnd,0.20150511511733687,5.65583510636503e-5,,
hedge,maxmonth_wnd,0.20193659610588482,6.058178339056233e-4,,
rabbit,maxmonth_wnd,0.2021687701745167,2.235891331293583e-4,,
pork,maxmonth_wnd,0.20440057548129711,0.0010913809474783539,,
biscuit,maxmonth_wnd,0.2046148877658873,5.0176185986820355e-5,,
deck,maxmonth_wnd,0.20707248017127516,3.952679955982925e-4,,
port,maxmonth_wnd,0.20951387945737748,0.0010211890682326583,,
autumn,maxmonth_wnd,0.20954276173021463,2.882367560243104e-4,,
telephone,maxmonth_wnd,0.20970591185858392,0.010022943794305173,,
pine,maxmonth_wnd,0.21024882121673177,4.9177658345533335e-5,,
dinner,maxmonth_wnd,0.21651078035898347,1.0869300519945477e-4,,
sucker,maxmonth_wnd,0.21763979703499894,9.733275944908363e-4,,
harbor,maxmonth_wnd,0.21924964362033278,9.735554045397373e-5,,
beef,maxmonth_wnd,0.22063615738132125,1.0500069256090972e-5,,
missionary,maxmonth_wnd,0.2216083896913534,2.2792609576988636e-4,,
stress,maxmonth_wnd,0.22358226163667516,7.229749250351971e-4,,
summer,maxmonth_wnd,0.22362241546140382,3.752979412807641e-6,,
tide,maxmonth_wnd,0.22387321988631786,7.6752569448557e-4,,
cheese,maxmonth_wnd,0.22401801475072647,1.2186992400062155e-4,,
snow,maxmonth_wnd,0.22541374032945038,2.3356323557634195e-5,,
coast,maxmonth_wnd,0.22561812312855867,4.692898254231641e-5,,
apron,maxmonth_wnd,0.23027029890669976,1.4229044237164907e-4,,
ice,maxmonth_wnd,0.23309844737828256,5.506104191926245e-8,,
winter,maxmonth_wnd,0.23461038690406383,1.2784066967910054e-6,,
sea,maxmonth_wnd,0.2431731001731806,4.146630352640084e-7,,
stove,maxmonth_wnd,0.251363538312039,2.4105653086939628e-5,,
jack,maxmonth_wnd,0.253652125064399,2.112768956081398e-6,,
buck,maxmonth_wnd,0.2538277282398589,4.288786237898225e-6,,
hay,maxmonth_wnd,0.2541594773276872,4.8350768366758196e-5,,
chimney,maxmonth_wnd,0.25678925539846453,3.2488942150899488e-6,,
church,maxmonth_wnd,0.26283137394462597,1.6746535179857345e-7,,
fore,maxmonth_wnd,0.2650320063828472,3.1340669774423745e-6,,
pear,maxmonth_wnd,0.2804789712035614,2.892154523703756e-6,,
glove,maxmonth_wnd,0.28423795077806624,9.482651749325554e-7,,
hoop,maxmonth_wnd,0.287269846494484,4.1425669799672367e-7,,
whale,maxmonth_wnd,0.3122793374062476,2.287677051506683e-7,,
lard,maxmonth_wnd,0.31293719178695195,7.899461756930264e-8,,
oak,maxmonth_wnd,0.32758985993820366,3.6484201703755683e-6,,
dollar,maxmonth_wnd,0.33765301313107393,1.8760722119432485e-4,,
wagon,maxmonth_wnd,0.37633520684137445,3.4837530157222724e-7,,
creek,maxmonth_wnd,0.3770478034801294,1.1980843564366298e-7,,
berry,subsistence,-1.4188704506370546,4.1840142563147817e-10,,
sibling,subsistence,-1.0808418187345215,0.005206479173043786,,
variant,subsistence,-1.076939028322086,0.05412409002037068,,
entry,subsistence,-1.0289477593816776,3.3003783053473196e-4,,
creek,subsistence,-0.9738111311988038,0.001422314412358636,,
camp,subsistence,-0.9621191429910112,2.937041946936212e-7,,
example,subsistence,-0.9524704558759852,0.0037911210405206235,,
grandparent,subsistence,-0.9371658318838245,0.002065630548941219,,
hunting,subsistence,-0.9127949397969873,7.570646158427754e-9,,
backbone,subsistence,-0.8900977607529413,4.101486779648271e-9,,
trail,subsistence,-0.8552794083406685,1.3362836179804341e-5,,
killer,subsistence,-0.8176161445986515,2.901848591053004e-4,,
papa,subsistence,-0.7948113257564926,0.01547968876960252,,
blanket,subsistence,-0.771740368621421,4.6372773885307165e-5,,
hunter,subsistence,-0.7602707758768776,1.0852499336082311e-5,,
niece,subsistence,-0.7497547552208051,4.118022786591684e-5,,
policeman,subsistence,-0.7492854111763583,3.1261388340741845e-4,,
data,subsistence,-0.7335457574206766,4.277631067117034e-4,,
vowel,subsistence,-0.7264343069198775,0.007870755267121991,,
one,subsistence,-0.713372513149468,1.6575203886215134e-4,,
swimming,subsistence,-0.6978667383217267,5.7454769805288495e-6,,
kinship,subsistence,-0.6949577890921456,0.01566388377761644,,
gut,subsistence,-0.6913724238292266,8.163303349844475e-4,,
mother-in-law,subsistence,-0.6839531214225337,3.663409920602991e-4,,
stress,subsistence,-0.6759025384699539,0.0051686923657917865,,
contrast,subsistence,-0.6758372175083243,7.779990116744421e-5,,
rifle,subsistence,-0.6724855234876193,8.318587257420576e-4,,
brother-in-law,subsistence,-0.6702671714766686,0.0013510084842740932,,
belonging,subsistence,-0.6695109190718088,0.003708680472000595,,
grandchild,subsistence,-0.6465301950080948,9.753600611321757e-4,,
hunt,subsistence,-0.6406913589484137,2.758583168078978e-5,,
container,subsistence,-0.6374316503145655,0.034098563848124035,,
fog,subsistence,-0.6335784386621253,4.1859552204255866e-5,,
category,subsistence,-0.6241252012135005,0.004757426697367971,,
sister-in-law,subsistence,-0.6227877454061573,0.0035519688400362523,,
spouse,subsistence,-0.6128247219788179,0.009614534978882759,,
baby,subsistence,-0.6121075895121123,6.645096455890478e-4,,
growl,subsistence,-0.6085671591683968,3.136020993176599e-4,,
footprint,subsistence,-0.6085640470593907,7.142877971877211e-4,,
linguistics,subsistence,-0.6055832671792865,0.061748476848377726,,
speaker,subsistence,-0.6004410916865961,4.233504822792238e-4,,
drift,subsistence,-0.5954669376798611,0.006312636184058735,,
son-in-law,subsistence,-0.5942570575080819,0.0024917451726824925,,
grease,subsistence,-0.5907592147621942,6.015524869955129e-4,,
daylight,subsistence,-0.5885218293125993,0.004617945118666941,,
bay,subsistence,-0.5862198792645673,0.011854726555281482,,
chop,subsistence,-0.5839786272955981,6.213815834974106e-5,,
father-in-law,subsistence,-0.5767826029972962,0.0013712962371873363,,
bait,subsistence,-0.5760777969096276,0.001471871859987475,,
ghost,subsistence,-0.5746502344414968,3.988152630460689e-5,,
canoe,subsistence,-0.5696111681560911,0.10121541494894686,,
rock,subsistence,-0.5594755814051291,7.482444754516168e-5,,
sequence,subsistence,-0.5589480495380665,8.526471147004158e-4,,
marker,subsistence,-0.5585693725711743,0.1188121486061271,,
lily,subsistence,-0.5575125934730429,0.01005446404567424,,
sore,subsistence,-0.5549714807403892,0.04510649160251051,,
spear,subsistence,-0.5480408122547499,0.005707850412390855,,
context,subsistence,-0.5408390226084178,0.005575892324064792,,
rabbit,subsistence,-0.5365310455061654,0.019876716590410046,,
meat,subsistence,-0.5361748156204243,2.3990346586305952e-6,,
shovel,subsistence,-0.5344036620413323,0.0024680031996004758,,
bos,subsistence,-0.5326853226886695,0.01954712279426491,,
bladder,subsistence,-0.5312071216899646,7.500112918644291e-5,,
fingernail,subsistence,-0.5304796811492413,0.04286301070308744,,
fish,subsistence,-0.5246982156203697,0.001301449002134169,,
eyelash,subsistence,-0.5237873107364835,0.0015397718160927174,,
eagle,subsistence,-0.5235009027092634,0.001386427740289289,,
beach,subsistence,-0.5163493144333872,0.05742015654638344,,
headache,subsistence,-0.5119038953134809,2.8256992385826716e-4,,
bucket,subsistence,-0.5071117544813324,4.3424672214814055e-4,,
track,subsistence,-0.5055325679283682,0.001049942005503308,,
eater,subsistence,-0.50487329810939,0.00560662325210901,,
shaft,subsistence,-0.5044953568170449,0.013322613748701617,,
widower,subsistence,-0.5035557661871892,0.004312167500100926,,
baking,subsistence,-0.5025950888488773,0.029178998144909606,,
paddle,subsistence,-0.50044544170712,0.02702792895922824,,
paint,subsistence,-0.4997380449713064,7.280474092188643e-4,,
smoking,subsistence,-0.49652393819620555,3.1513968176626137e-4,,
bone,subsistence,-0.4959542140702266,9.975820101257348e-7,,
daughter-in-law,subsistence,-0.49440770672496653,0.015629695491041342,,
fishing,subsistence,-0.4878038945740498,0.012527489065870881,,
hip,subsistence,-0.4851015371898694,1.636452526115008e-4,,
buffalo,subsistence,-0.4824066448732784,0.11670547050921282,,
sucker,subsistence,-0.48219624895567853,0.045746034026475,,
fire,subsistence,-0.4818541050132806,2.2978915141629288e-7,,
nostril,subsistence,-0.4809021798306589,4.250810626889929e-4,,
stove,subsistence,-0.4803917872878643,0.05279484877082218,,
text,subsistence,-0.4797272857009857,0.04580943605761645,,
shore,subsistence,-0.4792231064171921,0.003929607478703476,,
location,subsistence,-0.4773539283471572,0.0521907189206403,,
kettle,subsistence,-0.47455773227429393,0.024007142907455287,,
belly,subsistence,-0.4734110009916474,0.0014848092994945606,,
net,subsistence,-0.4724365388630379,0.06822317654792723,,
cape,subsistence,-0.47229843267796523,0.01548913933165851,,
wind,subsistence,-0.4678775879824119,1.0729903893430814e-7,,
jack,subsistence,-0.46669389128822364,0.028494625584511074,,
daytime,subsistence,-0.465611596826345,0.02390617181547996,,
tea,subsistence,-0.46530910569729894,0.008233104536763765,,
bump,subsistence,-0.4639416870885409,0.01445578100814994,,
goose,subsistence,-0.46217661091467643,0.013274832357232284,,
whisker,subsistence,-0.4621488274574837,0.011980061264102136,,
whirlwind,subsistence,-0.4616101213108802,0.00442230886916516,,
brush,subsistence,-0.46144563707319036,0.0011021332478630026,,
gall,subsistence,-0.4610672506474766,0.0011416297045535287,,
fart,subsistence,-0.46005171372432035,0.01996233814615184,,
rib,subsistence,-0.45966380759021613,6.637547353289418e-5,,
dive,subsistence,-0.4578839858777096,0.0035992495200555382,,
knee,subsistence,-0.45730472070373845,3.7754938731238004e-6,,
cousin,subsistence,-0.45690399725655606,0.010474173116519821,,
river,subsistence,-0.45248364622641096,0.00175570995799205,,
cry,subsistence,-0.45216671222051796,0.01779956963616602,,
lake,subsistence,-0.45190668601374373,0.00828778491411153,,
reader,subsistence,-0.4508128931022596,0.010568965080738221,,
armpit,subsistence,-0.45027054299754055,0.007726864306193066,,
group,subsistence,-0.4488271200830396,0.008985856320376174,,
punch,subsistence,-0.4488155952811441,0.013889323737905272,,
distribution,subsistence,-0.44727049656219436,0.012487428570728295,,
clam,subsistence,-0.44076756075440227,0.1966730738428081,,
forearm,subsistence,-0.43782651449933835,0.04648232330854557,,
surface,subsistence,-0.43559504038359925,0.003686043192644039,,
louse,subsistence,-0.43498172442777533,0.016774326854667652,,
whale,subsistence,-0.43466902416876524,0.12482483146742668,,
talk,subsistence,-0.4311497428163778,0.0749516304047923,,
grandfather,subsistence,-0.4311022039326136,0.0065110192409614485,,
moss,subsistence,-0.42971747154516504,0.042196838878217874,,
navel,subsistence,-0.4267553048173732,0.00342750802464892,,
kidney,subsistence,-0.4260131513527017,0.0022599819174244627,,
item,subsistence,-0.42539103584655197,0.012387065835642743,,
south,subsistence,-0.4251305173384706,0.0077425228282855165,,
tendon,subsistence,-0.42192234821052466,0.012875680175111474,,
carcass,subsistence,-0.421835868520184,0.040764826225657864,,
marrow,subsistence,-0.42122954831318005,0.0027815065560347486,,
others,subsistence,-0.41871881974889,0.001212254076308991,,
tide,subsistence,-0.4177933723986689,0.13493006928388734,,
moonlight,subsistence,-0.4171741934565478,0.01776378395896987,,
whistle,subsistence,-0.41549423515940653,0.001705324127489771,,
seal,subsistence,-0.4135541945806521,0.07155753722723915,,
area,subsistence,-0.4133463290699686,0.047737461571679476,,
snow,subsistence,-0.41221943143941364,0.10279723350669052,,
duration,subsistence,-0.4118192174755766,0.02058470813922857,,
mosquito,subsistence,-0.40809220054149853,0.008113243287294356,,
gathering,subsistence,-0.4079828178895591,3.7613053385963957e-4,,
nape,subsistence,-0.4068348635247774,0.02730131358190509,,
kick,subsistence,-0.40625501071478853,6.682995307907624e-5,,
tasting,subsistence,-0.40605421170841166,0.009818385667804913,,
anchor,subsistence,-0.40529844478485805,0.08295651843379952,,
bark,subsistence,-0.40481712595208863,0.0033977538583469667,,
spill,subsistence,-0.4048025275197068,0.010112944685094978,,
wave,subsistence,-0.40416313905434936,1.0355192417673599e-4,,
bullet,subsistence,-0.40127471883072563,0.010593385277306572,,
ocean,subsistence,-0.4009849514050903,0.016500002286263738,,
grammar,subsistence,-0.3995364955001849,0.03795683466650216,,
brace,subsistence,-0.3973674080565296,0.043296015603017324,,
skin,subsistence,-0.3946987409929465,1.2638358357951884e-4,,
translation,subsistence,-0.39464300968952876,0.06181924036888523,,
horizon,subsistence,-0.3940674723329547,0.009390512229987078,,
cliff,subsistence,-0.3936519286410319,0.06811012768538352,,
leg,subsistence,-0.3932439773551609,1.234948249011704e-4,,
crackle,subsistence,-0.39180584403686897,0.09231354567352791,,
duck,subsistence,-0.39133999688943855,0.006069756703370891,,
flesh,subsistence,-0.3885821125653026,0.0019546832539472335,,
ankle,subsistence,-0.387915478638907,0.003020499844478183,,
tape,subsistence,-0.386730661231803,0.01061275209694784,,
throat,subsistence,-0.3865352696688895,2.957080869301529e-5,,
culture,subsistence,-0.3864455345355479,0.013465115667293557,,
axe,subsistence,-0.38352453694086974,0.029540653180659963,,
pronunciation,subsistence,-0.38346547159170974,0.006769521817338959,,
nephew,subsistence,-0.38307358333836455,0.024048499296449283,,
emphasis,subsistence,-0.3816005688443094,0.0062213755164831795,,
file,subsistence,-0.3812292300621376,0.0020024332264691716,,
dialect,subsistence,-0.3796347812696293,0.13330633850700666,,
water,subsistence,-0.3786248003279837,2.377195453744523e-5,,
muscle,subsistence,-0.3774886938221025,0.006312076647097178,,
appendix,subsistence,-0.37741307393968004,0.11886541964991928,,
spine,subsistence,-0.37741003000061363,0.012472233638712138,,
cheek,subsistence,-0.37686797416934925,1.9621062050048817e-4,,
slide,subsistence,-0.37537158764084433,0.014775073605285556,,
grandmother,subsistence,-0.3750678668870053,0.0292397747827454,,
puberty,subsistence,-0.37479776825387023,0.13641423320055873,,
travel,subsistence,-0.37446404103424263,0.0015679603107511824,,
forehead,subsistence,-0.37402677133121576,0.0021058253635217283,,
introduction,subsistence,-0.37232267771691596,0.010199201453124956,,
log,subsistence,-0.3713820261467785,0.0316667840552463,,
stab,subsistence,-0.37128591547594364,0.007004543740379466,,
gamble,subsistence,-0.37034070628993637,0.10323547489470682,,
chest,subsistence,-0.36935274059776907,0.00020935152614856909,,
liver,subsistence,-0.36903618269404664,0.001982803037781656,,
aka,subsistence,-0.36861909582474317,0.3624030422740867,,
mouse,subsistence,-0.3668336052074111,0.002817889275464269,,
north,subsistence,-0.3660962272880953,0.02955979395271137,,
tail,subsistence,-0.36509405791140376,2.6339757862627093e-4,,
bush,subsistence,-0.3636590912720778,0.05033785989749428,,
coffin,subsistence,-0.3619518627717954,0.07368757817897537,,
sock,subsistence,-0.3600074428353988,0.11295975347589784,,
sand,subsistence,-0.35946267214513816,0.002243688131052828,,
wagon,subsistence,-0.35942551729526584,0.2574066704999294,,
owl,subsistence,-0.35875973245678167,0.017049278340795435,,
arm,subsistence,-0.35797530555315593,1.1793427007558431e-5,,
dollar,subsistence,-0.3566719116124042,0.33366426356629275,,
chin,subsistence,-0.35602779449805044,0.015406443153568148,,
wake,subsistence,-0.3550369084488857,0.01826660571784138,,
island,subsistence,-0.3526276514070691,0.11102233280369278,,
spring,subsistence,-0.35176408903694706,6.966644631766004e-4,,
eyebrow,subsistence,-0.3516291236630859,0.014403971007260557,,
landing,subsistence,-0.3511098959288948,0.09399690625881484,,
shadow,subsistence,-0.3508950108224458,9.60841663251878e-4,,
mouth,subsistence,-0.34931120754125694,2.4524941271484695e-4,,
spit,subsistence,-0.3480169657116447,0.0027246263358239597,,
distance,subsistence,-0.34744699662402556,1.830448716261642e-4,,
eye,subsistence,-0.343194651786935,5.90308433747594e-7,,
turtle,subsistence,-0.3419328845406144,0.1003666563655278,,
painting,subsistence,-0.34180678616791604,0.1256933148685919,,
uncle,subsistence,-0.34174434335681175,0.01803935914388257,,
direction,subsistence,-0.3400517932131589,0.003894885134402426,,
pounding,subsistence,-0.3383453902853175,0.10928100679850453,,
itch,subsistence,-0.3379776240781298,0.004227747714451028,,
abdomen,subsistence,-0.3359656081389535,0.03527407155195678,,
hop,subsistence,-0.3340400602652057,0.012933286270928561,,
shelter,subsistence,-0.33325214404328046,0.0015995877513807102,,
scrap,subsistence,-0.33253597147718605,0.0997287086516084,,
nose,subsistence,-0.33232071938522895,3.292586332590587e-4,,
publication,subsistence,-0.33188630377023043,0.0658505423353731,,
nipple,subsistence,-0.33145211222497584,0.003544076226449591,,
west,subsistence,-0.3298022682222404,0.03930915568859774,,
jaw,subsistence,-0.32772600159386894,6.835600743799632e-4,,
echo,subsistence,-0.32537546463877226,0.02121691371544253,,
breeze,subsistence,-0.3253600023545144,0.02029824654785423,,
fur,subsistence,-0.32523661066182935,0.08392808225429559,,
structure,subsistence,-0.3249851149126603,0.05336018905077392,,
elbow,subsistence,-0.32442152651880063,0.007777364593451314,,
crab,subsistence,-0.32389337500460813,0.11876337645413615,,
ridge,subsistence,-0.3219939959222319,0.045651345543111226,,
relationship,subsistence,-0.32145092506430667,0.03712652691368971,,
groin,subsistence,-0.32144180617508417,0.10661205570088642,,
splash,subsistence,-0.319753332257078,0.060179446464898756,,
dog,subsistence,-0.3197259903898737,0.00472481543247515,,
coal,subsistence,-0.31847043084320065,0.02106234332965096,,
variation,subsistence,-0.31740611997402735,0.15912947861827292,,
sunlight,subsistence,-0.3165083577832118,0.12623315258558282,,
reference,subsistence,-0.3158215382698962,0.07785435275919056,,
howl,subsistence,-0.31535215293235525,0.039785812431123106,,
string,subsistence,-0.3145782324804409,0.004288240876533076,,
bite,subsistence,-0.3144891755982306,0.002269769347967921,,
quiver,subsistence,-0.3141728229078099,0.04096326558856698,,
hair,subsistence,-0.312264884432976,9.989654561301014e-5,,
necklace,subsistence,-0.3093096832632294,0.036363259221135515,,
goodbye,subsistence,-0.3088124325432829,0.23054200486975943,,
fork,subsistence,-0.30792395330066097,0.03406248549172085,,
deer,subsistence,-0.3076914055648106,0.22164712825782343,,
ice,subsistence,-0.30637662491233997,0.10565661907414405,,
orphan,subsistence,-0.30631628944118544,0.022166911796967385,,
waterfall,subsistence,-0.3054180997588915,0.0774070642153781,,
material,subsistence,-0.30540942476678024,0.010930982990888903,,
feather,subsistence,-0.3048964377616262,0.007807960698878829,,
shin,subsistence,-0.3034309306413515,0.1551447839539757,,
lace,subsistence,-0.302067994521025,0.16692796065641366,,
firewood,subsistence,-0.3020571962814141,0.1285152459195817,,
arrow,subsistence,-0.29904826034112536,0.08474492496530094,,
band,subsistence,-0.2984246661517233,0.029970901347693046,,
cone,subsistence,-0.2980152090548744,0.07461464570222436,,
honey,subsistence,-0.2975978306761549,0.06478473442046924,,
tongue,subsistence,-0.2965723571716095,0.0014202869879250501,,
apron,subsistence,-0.29614271445573714,0.22091330684410282,,
smoke,subsistence,-0.2933475208388484,0.0019438839002539259,,
laugh,subsistence,-0.2928855126898275,0.004210941304007686,,
foot,subsistence,-0.2924275325418125,5.497997830403771e-4,,
handkerchief,subsistence,-0.2905022661647818,0.008298544070959282,,
research,subsistence,-0.2891501330664674,0.14291252033778568,,
shoulder,subsistence,-0.28852194894047867,0.0013571493618463313,,
urine,subsistence,-0.28827462318254926,0.024636284700183142,,
tent,subsistence,-0.28722516439362966,0.1419763790850399,,
buttock,subsistence,-0.28707739263019183,0.06122816474255416,,
sky,subsistence,-0.2855248575523252,0.00411603350041233,,
sack,subsistence,-0.2830512484282479,0.060359270581764164,,
body,subsistence,-0.28257637221137355,0.0030964074757454975,,
boat,subsistence,-0.2819534503406074,0.1034033104522804,,
wrist,subsistence,-0.2818197113288015,0.03288424760669145,,
hand,subsistence,-0.2811986589101181,2.00279095852507e-4,,
anus,subsistence,-0.2800167820888772,0.09349262549190028,,
cloud,subsistence,-0.2797950265779767,0.00922659144302101,,
mate,subsistence,-0.2789289476072785,0.09116362036438086,,
hole,subsistence,-0.2776537863376011,0.007263267244083102,,
toy,subsistence,-0.27762637857739675,0.060312897916280084,,
being,subsistence,-0.2769581147785418,0.18171810228396756,,
winter,subsistence,-0.27619448750112713,0.22032900366917965,,
sweat,subsistence,-0.27588074592871253,0.01519759494536749,,
pant,subsistence,-0.27518365119350285,0.0753891263259157,,
detail,subsistence,-0.27429688436239985,0.11174223797455729,,
hug,subsistence,-0.27231403909802565,0.10466652186801514,,
chase,subsistence,-0.27224464655960157,0.04720805253222171,,
ache,subsistence,-0.27140267118636857,0.042246094168319204,,
clothes,subsistence,-0.2712484247861106,0.00833642599173337,,
breathing,subsistence,-0.2681270881666128,0.02952153252535783,,
drill,subsistence,-0.2678925684862774,0.08692125577146882,,
breast,subsistence,-0.2678385618534844,0.008224691690203978,,
butterfly,subsistence,-0.26730479763966614,0.06921130863537077,,
biscuit,subsistence,-0.26723914738425486,0.16961479043480393,,
toilet,subsistence,-0.26710449913922396,0.23084149224279443,,
dirt,subsistence,-0.26679022503646516,0.009523412192437655,,
storm,subsistence,-0.2658429803517088,0.014435268206583982,,
spark,subsistence,-0.2652144411709921,0.008921459581284017,,
butcher,subsistence,-0.26419446279470143,0.11277494831136822,,
lard,subsistence,-0.2641025022935588,0.2985852862156601,,
roofing,subsistence,-0.26119050623835477,0.31867647187828074,,
kerosene,subsistence,-0.26095847716155635,0.2986590916400923,,
lap,subsistence,-0.26069863830524836,0.09406605997966036,,
description,subsistence,-0.259070119174288,0.0889797044134805,,
mission,subsistence,-0.2584815337661066,0.1351710458995865,,
cradle,subsistence,-0.25794031611985935,0.2335298773958945,,
rainbow,subsistence,-0.25632398455807154,0.09409604171592094,,
taste,subsistence,-0.25388852611122753,0.0034832003946001326,,
desert,subsistence,-0.25369141266690276,0.13220808626993513,,
star,subsistence,-0.25369051564663875,0.009129893582504375,,
food,subsistence,-0.2532549659191931,0.012709946250661661,,
stomach,subsistence,-0.25183789254335776,0.018605042944640177,,
foam,subsistence,-0.2513730499149526,0.035131655066634286,,
fat,subsistence,-0.2512499681198005,0.009175150073572766,,
difference,subsistence,-0.2503943013785518,0.03168969777447258,,
game,subsistence,-0.25032742825198573,0.02216558688178899,,
limb,subsistence,-0.24919560141687985,0.06452909258282143,,
doctor,subsistence,-0.24726337111698032,0.10867080628413164,,
scrub,subsistence,-0.24512438851331247,0.26754503550811615,,
cigarette,subsistence,-0.24419281448768818,0.29921044034141303,,
symbol,subsistence,-0.24346078624104542,0.15865184491292816,,
fox,subsistence,-0.24321451367405553,0.21055079183739436,,
bog,subsistence,-0.24130425800296978,0.25924820028021595,,
grass,subsistence,-0.2409668903052874,0.07311118152554791,,
apple,subsistence,-0.24060380481744842,0.09839922905601395,,
clause,subsistence,-0.24029391696340688,0.34250463801210634,,
circle,subsistence,-0.24007832808147048,0.015424411132538528,,
blaze,subsistence,-0.23947383463926453,0.20721050760987564,,
position,subsistence,-0.23723739796468798,0.07957591523466025,,
saliva,subsistence,-0.2362736109541625,0.09988024097032237,,
flint,subsistence,-0.23425838916305386,0.29881237443279074,,
leak,subsistence,-0.23390542946358708,0.054453585434864685,,
hill,subsistence,-0.23384784330354833,0.09996762495317586,,
penis,subsistence,-0.2327228314272995,0.23002093317906866,,
heel,subsistence,-0.23265337821567517,0.006172882789649155,,
intestine,subsistence,-0.23260003661626216,0.09606061844082439,,
partner,subsistence,-0.2323280051888919,0.16560273475468135,,
toe,subsistence,-0.2320307042316188,0.06606812585483843,,
parent,subsistence,-0.23164569032141177,0.055779391899222916,,
slap,subsistence,-0.2313390868040243,0.1218997426101348,,
combination,subsistence,-0.23104562306056076,0.28127325996275,,
morning,subsistence,-0.23088866050370202,0.015132834430312193,,
wood,subsistence,-0.23074351827221096,0.0292745381463435,,
sewing,subsistence,-0.22937521455392135,0.17114474604855942,,
sleep,subsistence,-0.22904582714774793,0.0049729319152734515,,
breath,subsistence,-0.22869566361789576,0.0025586142768513494,,
sap,subsistence,-0.2276743636213467,0.1572622248743343,,
stump,subsistence,-0.2276220368596502,0.09678479905844484,,
bottom,subsistence,-0.22487069503159285,0.018243139169321198,,
bug,subsistence,-0.22392480428567038,0.0605469518916812,,
frog,subsistence,-0.223860866815196,0.11887728485202459,,
cupboard,subsistence,-0.2230635289225908,0.3033807520765263,,
destination,subsistence,-0.22219846453803163,0.22289452339566213,,
joint,subsistence,-0.2172958557331343,0.22156709069471306,,
potato,subsistence,-0.21715226379008434,0.2270471917423709,,
twine,subsistence,-0.21628486645372885,0.2407883573670315,,
signal,subsistence,-0.2159653578151129,0.18564391524837082,,
burst,subsistence,-0.2159284239083738,0.05195578932911718,,
spirit,subsistence,-0.21416714980050028,0.0911227692519454,,
flow,subsistence,-0.2126895258096985,0.07163983818912763,,
vehicle,subsistence,-0.21257039217539936,0.2952949101857648,,
version,subsistence,-0.21224206738335372,0.27086054786971614,,
aunt,subsistence,-0.2109894318386864,0.18917040257685852,,
wrap,subsistence,-0.21046300928820705,0.10673867732588051,,
soup,subsistence,-0.21023006383346898,0.26909302019242737,,
vomit,subsistence,-0.20986249059929957,0.07086757982695288,,
haul,subsistence,-0.2098002311193038,0.37495449809448234,,
wail,subsistence,-0.20893445266306554,0.2969539435042945,,
crane,subsistence,-0.20652262765562485,0.29878374026755106,,
formation,subsistence,-0.20467128228655215,0.1833175683967734,,
noise,subsistence,-0.20372058869097456,0.057541479159641105,,
reprimand,subsistence,-0.2034725639393613,0.40039281312395697,,
story,subsistence,-0.20116792046559356,0.07013663487523962,,
thunder,subsistence,-0.20098667013283683,0.04430487867948384,,
doorway,subsistence,-0.1990155573930187,0.4043837598809767,,
feces,subsistence,-0.19638096341990824,0.39693476203262423,,
thigh,subsistence,-0.19568924516167077,0.15298213996185078,,
fungus,subsistence,-0.1953115731098766,0.3563620632587566,,
bow,subsistence,-0.19424779117226731,0.07583174641077252,,
clothing,subsistence,-0.1939904407176365,0.23173176375593602,,
weather,subsistence,-0.1933614916393538,0.2111269753775841,,
deck,subsistence,-0.19302613523850404,0.45640975551354646,,
midnight,subsistence,-0.19231366495999583,0.15268283827155688,,
source,subsistence,-0.19179963028684838,0.09031211251994906,,
tie,subsistence,-0.19047419793584794,0.041372399159970874,,
feature,subsistence,-0.19011266969215226,0.2504574310902528,,
monkey,subsistence,-0.18980664008745596,0.4499503058473574,,
burrow,subsistence,-0.189080856509677,0.4054523509468154,,
flap,subsistence,-0.18866967169438126,0.22168753532264054,,
shirt,subsistence,-0.18760812667983917,0.2915398107067684,,
scalp,subsistence,-0.1873979315927414,0.46216823231595267,,
yawn,subsistence,-0.18709001956804344,0.17528307500739787,,
information,subsistence,-0.18636998014041753,0.21354263257877598,,
pine,subsistence,-0.1852767332424059,0.3911808660835859,,
cluster,subsistence,-0.1851832493647616,0.3026397744632183,,
teeth,subsistence,-0.18396475446686394,0.06317443153185771,,
club,subsistence,-0.18392680905937808,0.19481535258636415,,
puppy,subsistence,-0.18389863397775696,0.42599380444821583,,
tomorrow,subsistence,-0.1837510627085938,0.3821128997602016,,
scratch,subsistence,-0.1827503435101548,0.09838202690546616,,
usage,subsistence,-0.1827014150506813,0.35391353915945356,,
university,subsistence,-0.1814921701504139,0.3677819219328986,,
exclamation,subsistence,-0.18014441114221258,0.3389971417309944,,
wax,subsistence,-0.17758268959835752,0.212051146731479,,
tear,subsistence,-0.17723911852773924,0.023493836705958403,,
pop,subsistence,-0.17642509954874214,0.3606983221283503,,
east,subsistence,-0.17623688782262337,0.21272700666511618,,
cooking,subsistence,-0.17584377177206578,0.2313702487380624,,
autumn,subsistence,-0.17529163220172822,0.5117221417482892,,
rudder,subsistence,-0.1745322231582273,0.4649658888791437,,
relative,subsistence,-0.17404581177718798,0.3338275962817212,,
carving,subsistence,-0.17325505308394473,0.3574036145316107,,
rake,subsistence,-0.17302159609712084,0.2614920695379838,,
daybreak,subsistence,-0.1724157155724925,0.2634108980882835,,
sun,subsistence,-0.17231552576771875,0.08317321770520295,,
lung,subsistence,-0.17135411687435714,0.1839198810179471,,
wolf,subsistence,-0.17094547672265067,0.45018688605258655,,
whisper,subsistence,-0.17049994442307465,0.1669098868287253,,
drip,subsistence,-0.16829881815445577,0.25896673833277195,,
tribe,subsistence,-0.16679034800934275,0.44056690597803466,,
song,subsistence,-0.16609131907205144,0.14741334682240412,,
puddle,subsistence,-0.16576435631265396,0.3381167901780079,,
nuisance,subsistence,-0.16562730457260835,0.4321810486209754,,
thumb,subsistence,-0.1653420638549059,0.1363954911368831,,
feeling,subsistence,-0.16515208333892137,0.1879454698430985,,
pillow,subsistence,-0.1649413153331316,0.13232205032894898,,
moon,subsistence,-0.16392256691481877,0.1223720056252977,,
tip,subsistence,-0.1629890179197689,0.13312037379517927,,
button,subsistence,-0.16291667068892005,0.3005611286616927,,
site,subsistence,-0.16271855109265834,0.3559633313777364,,
animal,subsistence,-0.16069538131805777,0.1434728107764945,,
kin,subsistence,-0.16047947008153488,0.4603291209085684,,
like,subsistence,-0.16030084248150064,0.14562151275864538,,
approach,subsistence,-0.15871990526000007,0.1179757148243903,,
monster,subsistence,-0.1574335148779032,0.40747074752269363,,
index,subsistence,-0.15720255263997487,0.42097744673531773,,
skull,subsistence,-0.15708664572949219,0.1520482828785032,,
testicle,subsistence,-0.15653106310361947,0.336000011235514,,
crumb,subsistence,-0.15628892890806417,0.39744348820291575,,
lizard,subsistence,-0.15605067786285984,0.3736364876887292,,
neck,subsistence,-0.15590809453119384,0.1034998175666583,,
illustration,subsistence,-0.15580818566400373,0.3998763922484443,,
edge,subsistence,-0.15548676868063108,0.11464768276388532,,
bandage,subsistence,-0.15130882652989638,0.2313364461334656,,
claw,subsistence,-0.15108429668306889,0.26327361635172547,,
message,subsistence,-0.15046083959653558,0.3056717161701758,,
palate,subsistence,-0.14936151776910567,0.3360429225287793,,
boot,subsistence,-0.1470623061891536,0.5333315713341702,,
glance,subsistence,-0.14547315962320717,0.40888342595556915,,
spider,subsistence,-0.14467353781935047,0.2855401006206702,,
smell,subsistence,-0.14431903795203802,0.12638525166157633,,
adult,subsistence,-0.14419215725910114,0.36968128248810117,,
definition,subsistence,-0.14338709742132957,0.38745171320355565,,
vocabulary,subsistence,-0.14247802075752544,0.5424432250460878,,
pole,subsistence,-0.1424164094441618,0.23252725910121774,,
friction,subsistence,-0.142238616034198,0.3639136162902723,,
sunrise,subsistence,-0.1418814750298116,0.41083988029126395,,
narrative,subsistence,-0.14114582339157283,0.3409575557033966,,
knife,subsistence,-0.14067511062729557,0.18631878989069994,,
gravel,subsistence,-0.14061918166647483,0.3083453492456873,,
possibility,subsistence,-0.13862231382584045,0.41168433544976557,,
twitch,subsistence,-0.13735674496494366,0.4300224376167874,,
list,subsistence,-0.1369767970178986,0.4108005089253103,,
torch,subsistence,-0.13652630761337836,0.3709162398256993,,
flea,subsistence,-0.13651126146713635,0.4189211429276006,,
lip,subsistence,-0.1363652723075818,0.14888375389843952,,
bag,subsistence,-0.13628509474180225,0.23706487536267049,,
needle,subsistence,-0.1360701404566971,0.19287205664507606,,
widow,subsistence,-0.13566596203691658,0.2913214950702819,,
trip,subsistence,-0.1356452724048042,0.3195452516079175,,
crowd,subsistence,-0.13283926963890008,0.3988460494347428,,
mountain,subsistence,-0.1324072715849951,0.3813143922306851,,
sweep,subsistence,-0.132380053170742,0.19092648732576412,,
pail,subsistence,-0.13126691677379324,0.5567339677007559,,
hawk,subsistence,-0.12847081014662165,0.46094624750969054,,
stuff,subsistence,-0.1281825214405413,0.37955859009116083,,
liquid,subsistence,-0.1278420995504337,0.3560659679593102,,
scoop,subsistence,-0.12757842610860456,0.4575824857716696,,
shade,subsistence,-0.1273321185696923,0.24937795447070948,,
stagger,subsistence,-0.12710458213304343,0.38733442671757357,,
rattle,subsistence,-0.1258961309340702,0.5059236518792686,,
swell,subsistence,-0.12354652447420184,0.24018636668364463,,
cave,subsistence,-0.12299047064196025,0.359022239021099,,
bible,subsistence,-0.12277591765368265,0.5825820849741205,,
trap,subsistence,-0.12273369879148864,0.3891601984455475,,
beard,subsistence,-0.12189368788279777,0.2940483673604861,,
gum,subsistence,-0.1213815416097855,0.40161165888735445,,
brain,subsistence,-0.1203908897344609,0.2973308257190038,,
diarrhea,subsistence,-0.11981207048146147,0.43625962900339743,,
process,subsistence,-0.11951754935491915,0.33842937700409914,,
channel,subsistence,-0.11942089810289071,0.5589170850867862,,
scissors,subsistence,-0.1192775676394447,0.4101186488542147,,
chief,subsistence,-0.11912208447603766,0.7295403103553554,,
fluid,subsistence,-0.11904190116807126,0.564886511344211,,
helper,subsistence,-0.1181297326749753,0.475358046516016,,
ray,subsistence,-0.11811343783860917,0.538075027916991,,
smear,subsistence,-0.11702200748243828,0.54210064674775,,
survey,subsistence,-0.11675032860907418,0.5245514765873928,,
coffee,subsistence,-0.11643383768808191,0.6454922926437738,,
web,subsistence,-0.11624838989320252,0.2995238580138048,,
element,subsistence,-0.11593120606918922,0.6168693102535303,,
egg,subsistence,-0.11466157166112542,0.24610507090488848,,
sight,subsistence,-0.11406604336955252,0.3525494156708359,,
blister,subsistence,-0.1137775071725824,0.4366576306713201,,
dance,subsistence,-0.11336469584971323,0.4044072509897973,,
blade,subsistence,-0.11327077165081824,0.3961738219402888,,
reflection,subsistence,-0.1127705410968128,0.4975639879509556,,
paw,subsistence,-0.11269912909819829,0.5086944498126003,,
sling,subsistence,-0.11255390456645765,0.44083280769030453,,
shed,subsistence,-0.111926634220161,0.410360186930445,,
plug,subsistence,-0.11182099451085964,0.5590389016796611,,
dew,subsistence,-0.11059768829510068,0.3995361206691721,,
squirrel,subsistence,-0.10972363353753287,0.6263568311358312,,
perch,subsistence,-0.10968474893318245,0.6138998804622473,,
nest,subsistence,-0.10913326852900322,0.38427380077739653,,
tree,subsistence,-0.10887613465072919,0.40962020768527946,,
mast,subsistence,-0.10794365770936164,0.6836425354955685,,
oven,subsistence,-0.10736228623041613,0.6538053510526308,,
provision,subsistence,-0.10689690904315022,0.5959118851177406,,
caterpillar,subsistence,-0.1066561428879549,0.5424121900703415,,
pattern,subsistence,-0.10653116543344271,0.4848328837276994,,
couple,subsistence,-0.10622661008600158,0.4761505188480502,,
territory,subsistence,-0.10607450676610403,0.565593394439884,,
patch,subsistence,-0.10600447517076213,0.3804336406464304,,
car,subsistence,-0.1049511500655383,0.5855861711703422,,
midst,subsistence,-0.10447109958112646,0.5841601477166951,,
thought,subsistence,-0.10413759114814415,0.5241255907516773,,
elder,subsistence,-0.1041125809585542,0.49991456259819733,,
page,subsistence,-0.10399157327396191,0.5002666870173417,,
airplane,subsistence,-0.10369749765471797,0.6789488174597514,,
summer,subsistence,-0.10355975727239786,0.6261343753653025,,
peel,subsistence,-0.10243190704363163,0.45348806036736167,,
card,subsistence,-0.1019044823930135,0.6258631505211079,,
flour,subsistence,-0.10171587450136035,0.5163143718770081,,
swamp,subsistence,-0.10162446277281607,0.6409256031410264,,
pile,subsistence,-0.10145983241144549,0.34638466781247895,,
shark,subsistence,-0.10120271773597549,0.7463301080765946,,
bird,subsistence,-0.10091642280359145,0.3873989203939811,,
presence,subsistence,-0.10060721978004644,0.4110948488529341,,
boil,subsistence,-0.10008402558709543,0.272965605792346,,
noose,subsistence,-0.09984710009055775,0.6655824919712816,,
creator,subsistence,-0.09801258543992149,0.6098007729501793,,
yesterday,subsistence,-0.09721303418288146,0.5102505440751405,,
vision,subsistence,-0.09666218305953822,0.31225123596221477,,
branch,subsistence,-0.09572628429111193,0.30334420923891103,,
ambush,subsistence,-0.09559016666764374,0.6431745021462411,,
snail,subsistence,-0.0954887015833692,0.572965030663949,,
moth,subsistence,-0.0953261940136271,0.5149706105123093,,
sugar,subsistence,-0.09519290458094248,0.40341860674368435,,
tobacco,subsistence,-0.095064856120009,0.5488643007019948,,
table,subsistence,-0.0947723210944493,0.4833237335460903,,
community,subsistence,-0.09394032460609436,0.45939976673515864,,
flash,subsistence,-0.09377246472269476,0.35977666868938835,,
beetle,subsistence,-0.09338781360181347,0.6192689626586879,,
voice,subsistence,-0.09266430994241248,0.3325854850007576,,
missionary,subsistence,-0.09186470262392228,0.6709878730669611,,
female,subsistence,-0.09107386732561547,0.6858028548579251,,
dream,subsistence,-0.08985375173516572,0.38312042900972226,,
encouragement,subsistence,-0.08931841529016392,0.608098414371584,,
stink,subsistence,-0.08903488265854843,0.554601347565419,,
mustache,subsistence,-0.08868983248949042,0.5815272385708384,,
bank,subsistence,-0.08764063057264553,0.39387736687162345,,
buck,subsistence,-0.08761011463584421,0.7069749504863744,,
curl,subsistence,-0.0865392493507595,0.5433444105398245,,
kiss,subsistence,-0.08580089319746599,0.5133265006527967,,
warrior,subsistence,-0.08561654179366923,0.6740085352018323,,
frying,subsistence,-0.08554812241180633,0.6800100181654419,,
fight,subsistence,-0.08512389836131225,0.4025069862632718,,
spray,subsistence,-0.08371529522075867,0.6406192560484639,,
dawn,subsistence,-0.08292877024668967,0.4141336998637463,,
bread,subsistence,-0.0824134233517934,0.5752015877324106,,
sickness,subsistence,-0.08142070843038009,0.5700170383547822,,
rush,subsistence,-0.0810270609758398,0.5852818760618028,,
horn,subsistence,-0.08082039454134296,0.5080811318100569,,
vagina,subsistence,-0.08007407473273408,0.7424303461186604,,
valley,subsistence,-0.07972942613166743,0.5950304924578282,,
rope,subsistence,-0.07946400116048558,0.4515304449748405,,
chip,subsistence,-0.07943390797611362,0.5849627950845699,,
groove,subsistence,-0.07922832887331166,0.6921833047985146,,
yolk,subsistence,-0.0788564651618802,0.6204043895512757,,
fringe,subsistence,-0.0784716695839674,0.6857898245189981,,
paper,subsistence,-0.07826564832133928,0.49693859693963377,,
lever,subsistence,-0.07662807127383195,0.7295638028446321,,
heart,subsistence,-0.07604083234375225,0.3337681336096455,,
map,subsistence,-0.07582908103461564,0.6649565248047521,,
pinch,subsistence,-0.07558374714872015,0.5103150917665219,,
braid,subsistence,-0.07511441714525173,0.6941281457399924,,
foliage,subsistence,-0.07463272929654871,0.7443821041405756,,
range,subsistence,-0.07436053475363717,0.6779225283859346,,
crow,subsistence,-0.07375240139885884,0.5848537288936339,,
box,subsistence,-0.07343738858356766,0.5054593916532507,,
equivalent,subsistence,-0.07258249300302283,0.5749009346237903,,
scar,subsistence,-0.07202629407380032,0.6020209821730587,,
dwelling,subsistence,-0.0717351566914353,0.7071537889974631,,
church,subsistence,-0.07141249225596073,0.7024899359288169,,
blood,subsistence,-0.07010305707061815,0.29211023580432677,,
collapse,subsistence,-0.07005512061726746,0.6883036353788052,,
program,subsistence,-0.06996322818674036,0.7630949271949515,,
ash,subsistence,-0.06989039543104145,0.5771430525466518,,
bubble,subsistence,-0.06980367514937125,0.5403820426148503,,
ant,subsistence,-0.06959903863484815,0.686863862714536,,
pencil,subsistence,-0.06891964222625734,0.6412864040158467,,
tool,subsistence,-0.06880227228620188,0.6268228987594795,,
fright,subsistence,-0.06868931940193408,0.6379141385906529,,
generation,subsistence,-0.06867449899134495,0.6053313059515415,,
inch,subsistence,-0.06829822977907875,0.7482894552183617,,
teaching,subsistence,-0.06798135416760409,0.6727734491621882,,
crush,subsistence,-0.06769563108183203,0.5845889284372142,,
shiver,subsistence,-0.0675294954606593,0.5673261802563254,,
preface,subsistence,-0.0673689687418606,0.6591492392787702,,
photograph,subsistence,-0.06735536657253038,0.7023010437162677,,
interpreter,subsistence,-0.06709021580177625,0.710542990481915,,
scent,subsistence,-0.06677918931792023,0.6182773870188153,,
finger,subsistence,-0.06670607599448522,0.5223618251460006,,
wedge,subsistence,-0.0660771047253268,0.6857040117522402,,
thorn,subsistence,-0.06605519786121913,0.6368758476096875,,
trunk,subsistence,-0.06583677192418898,0.5971543520933955,,
pan,subsistence,-0.06439236117943033,0.6942213040033136,,
semen,subsistence,-0.06399034213635237,0.700730241485286,,
termite,subsistence,-0.06398202795954462,0.8362403594594418,,
slice,subsistence,-0.06397935499361482,0.678642599207859,,
tangle,subsistence,-0.06395123745179637,0.7663961939712742,,
experience,subsistence,-0.06364729809617752,0.6950730922068331,,
lighting,subsistence,-0.06262802968010209,0.6990733284458923,,
hat,subsistence,-0.06163239091124834,0.6619360181811427,,
rain,subsistence,-0.06079184410287847,0.5053944870947982,,
poison,subsistence,-0.060094330085553635,0.6428768692005312,,
lightning,subsistence,-0.056937928720564815,0.6265335112779222,,
healing,subsistence,-0.056652661776366756,0.7053338631377754,,
overflow,subsistence,-0.05629817070967339,0.696929343192314,,
ribbon,subsistence,-0.05610914369391103,0.811823600579446,,
design,subsistence,-0.05560629107438477,0.7006981836510828,,
oyster,subsistence,-0.05429194474130256,0.8419115757228391,,
loan,subsistence,-0.05200480411359947,0.7625709971958757,,
engine,subsistence,-0.051906375236141666,0.8219797804489231,,
season,subsistence,-0.05181753035227962,0.6823717524923933,,
calf,subsistence,-0.050833979125463405,0.7026953456606103,,
trigger,subsistence,-0.05018458307466425,0.8200413147542193,,
shoe,subsistence,-0.04935387889547882,0.7139422855608784,,
flame,subsistence,-0.049307722001020696,0.6491210081861074,,
power,subsistence,-0.049181653297877076,0.7116230829246525,,
fold,subsistence,-0.04818264082575076,0.6875013713899089,,
cross,subsistence,-0.04803779041625598,0.5800027030385091,,
carpet,subsistence,-0.04789122478703483,0.8375170071286545,,
jail,subsistence,-0.047459178785761814,0.726307383412036,,
picture,subsistence,-0.046479150164238085,0.7099715534099224,,
sink,subsistence,-0.04635397158831128,0.6871835462869861,,
cough,subsistence,-0.0461698622931198,0.6850853357552157,,
visit,subsistence,-0.046112144867103556,0.6626536460990295,,
flood,subsistence,-0.0460786065299493,0.6812474911641956,,
consideration,subsistence,-0.045952065687307746,0.8193787866366674,,
twilight,subsistence,-0.045187386617124486,0.7333996696762773,,
grandson,subsistence,-0.04500994087521904,0.8412110065095849,,
surprise,subsistence,-0.04494107621978281,0.734235329360611,,
dish,subsistence,-0.044687154145140885,0.7125840995060273,,
question,subsistence,-0.04441243149445287,0.6131917789778708,,
peep,subsistence,-0.0438410673003694,0.8184011963600966,,
conscience,subsistence,-0.043221931249278915,0.8835282342377726,,
plant,subsistence,-0.0430032068739655,0.7393320769655873,,
extension,subsistence,-0.04244010717412697,0.8161071317698112,,
stream,subsistence,-0.041118827095532655,0.7872419205262194,,
fist,subsistence,-0.04057653479447381,0.7454960671488268,,
glass,subsistence,-0.03913059933791561,0.7360872338476668,,
library,subsistence,-0.03818139153440582,0.8447644731820795,,
stoop,subsistence,-0.037657856950566386,0.8188185490866176,,
core,subsistence,-0.03745027517376604,0.8080259986429936,,
hiss,subsistence,-0.03715026880385834,0.8577146214275871,,
odor,subsistence,-0.03609828236188275,0.7940667467854756,,
contact,subsistence,-0.035986707103907625,0.7637513283462516,,
slit,subsistence,-0.0356144019427414,0.8607789912075976,,
exception,subsistence,-0.03551678332626037,0.8429986021936994,,
mud,subsistence,-0.03480280935489052,0.7569593635148387,,
dislike,subsistence,-0.033644181095880465,0.7572693974574869,,
attempt,subsistence,-0.03320343682318978,0.8077426187040168,,
liar,subsistence,-0.03253213860258097,0.828102682317332,,
ear,subsistence,-0.03240298042979576,0.6982897919809269,,
search,subsistence,-0.03204389579450947,0.7681009262712182,,
runner,subsistence,-0.029219999711098624,0.8832446243919797,,
wink,subsistence,-0.02849474594182513,0.8259516671875425,,
crocodile,subsistence,-0.028182061955869867,0.9121318889393861,,
pin,subsistence,-0.028016786759557943,0.8599246781719574,,
afternoon,subsistence,-0.027207174548329334,0.8515226201248894,,
medicine,subsistence,-0.02600515706494182,0.839648590434033,,
space,subsistence,-0.02503384299274409,0.8044160657887564,,
switch,subsistence,-0.024722546630444556,0.8918933708359337,,
belt,subsistence,-0.024655757027454105,0.8441808695345432,,
skeleton,subsistence,-0.024303010298940435,0.8792417261120029,,
cup,subsistence,-0.022697836602474392,0.838400846547695,,
wire,subsistence,-0.02233541675485779,0.8695313063747591,,
smack,subsistence,-0.021983366417367544,0.9334582952678709,,
hurry,subsistence,-0.021907431571312454,0.8546223384276015,,
horse,subsistence,-0.021699260056382466,0.9080032965515027,,
cat,subsistence,-0.021643493915421714,0.8439733591998555,,
ride,subsistence,-0.02066118703674326,0.9007042815365891,,
whirlpool,subsistence,-0.019556492336606224,0.9200953339494261,,
pity,subsistence,-0.018270941137043972,0.8591268330197736,,
nail,subsistence,-0.018091778283689415,0.8486273389457984,,
hail,subsistence,-0.017791038335662212,0.9034208591145529,,
pump,subsistence,-0.014639830621611654,0.941934230391999,,
coil,subsistence,-0.014344319096136626,0.9260624087432222,,
ancestor,subsistence,-0.01427592683915594,0.9298636948457386,,
bear,subsistence,-0.013820364518354304,0.9424067551552184,,
lunch,subsistence,-0.013328200763222086,0.9585514212581636,,
lantern,subsistence,-0.013302986201641165,0.949538439276345,,
extent,subsistence,-0.013216225774399865,0.9361450432891626,,
event,subsistence,-0.012602048706836342,0.9283839217893195,,
waist,subsistence,-0.011632567691935504,0.9359940223326139,,
legend,subsistence,-0.010976671049376455,0.9550975987655903,,
ball,subsistence,-0.009414281943165443,0.9252622526306554,,
scrotum,subsistence,-0.00879471312224769,0.9720070737730628,,
syllable,subsistence,-0.00778382605184298,0.9729770517165043,,
breakfast,subsistence,-0.007520930229948647,0.9714341578130019,,
gasp,subsistence,-0.007305513815943137,0.9677237710150447,,
nut,subsistence,-0.0063238300245362766,0.9696408888292529,,
wing,subsistence,-0.004366887590695563,0.962728889585111,,
quarter,subsistence,-0.0031013467188637485,0.9844919671971315,,
beef,subsistence,-0.0025142418773281055,0.98796152892604,,
bruise,subsistence,-0.002028805466918547,0.9897646558102463,,
tow,subsistence,-0.001189776596457926,0.9958207260418279,,
pond,subsistence,-0.0010954351346360162,0.9942392431128515,,
future,subsistence,-9.35788508571728e-4,0.9943729082298839,,
thirst,subsistence,-8.363526972524761e-4,0.9953987986070558,,
herd,subsistence,7.985260016622612e-5,0.9996593533180723,,
knob,subsistence,4.5655377404249287e-4,0.997864302523687,,
flare,subsistence,6.396081923188456e-4,0.9971325454937402,,
snake,subsistence,8.251581788208546e-4,0.9958161335093723,,
grape,subsistence,0.001959265070848635,0.9922488052676779,,
fear,subsistence,0.002404623281382805,0.9805382767133582,,
motion,subsistence,0.002478324062727946,0.9871701937538715,,
race,subsistence,0.003091211568152224,0.9809691463966129,,
mix,subsistence,0.0032983884782927637,0.9742088932989291,,
dinner,subsistence,0.0033863246896589866,0.9883442997326527,,
occurrence,subsistence,0.003844656931974811,0.9870988626002474,,
phlegm,subsistence,0.003997808251221393,0.9823097892138005,,
una,subsistence,0.004006759850325616,0.9897351015419136,,
pu,subsistence,0.004188902146130523,0.9758623173152939,,
chair,subsistence,0.005017414680055492,0.9707063014560403,,
accent,subsistence,0.005980601156721204,0.9768694652105281,,
excitement,subsistence,0.0068984312299794105,0.9771675946741897,,
fireplace,subsistence,0.007123828663143206,0.9730839403190333,,
leaf,subsistence,0.007464887917114318,0.9531647205367588,,
butt,subsistence,0.0077681286338787325,0.9475838643770891,,
drink,subsistence,0.0079079052402789,0.9340498615906163,,
lodge,subsistence,0.00840698925110461,0.972806696484748,,
project,subsistence,0.008618163613269218,0.9471115946529377,,
hatch,subsistence,0.00865194930309234,0.9507029630994919,,
depression,subsistence,0.009479933404609913,0.9419400721716226,,
gun,subsistence,0.010315406769239753,0.9413807114077426,,
beak,subsistence,0.010512571253153977,0.9434071105382903,,
bunch,subsistence,0.011414385318052956,0.9394527035014731,,
skim,subsistence,0.01145687686494666,0.9587999511177889,,
reason,subsistence,0.01237813853442613,0.8833362481203239,,
jet,subsistence,0.012706472819764565,0.9606545927813377,,
tooth,subsistence,0.013145976628017586,0.8930120756696297,,
exhaust,subsistence,0.013560486248208757,0.9504924026142069,,
indication,subsistence,0.015211532768432784,0.922625026412627,,
nun,subsistence,0.015870607417208624,0.9488381973902967,,
land,subsistence,0.01624322253117408,0.8583003475062669,,
evening,subsistence,0.01729193470848457,0.8453616411499205,,
dwarf,subsistence,0.017506146054968873,0.9183354679260849,,
measles,subsistence,0.01757038454561642,0.9160937982848624,,
bulb,subsistence,0.018496613543320994,0.9143386861819838,,
comment,subsistence,0.018697770952143557,0.9103091013794569,,
decoration,subsistence,0.018820437272637904,0.9224311511994012,,
knuckle,subsistence,0.01893681121023691,0.923736283965007,,
fact,subsistence,0.018967599104730493,0.8845733899203333,,
charcoal,subsistence,0.019060720251335195,0.8933774163296698,,
hammer,subsistence,0.019144787574933306,0.8821407357013937,,
excrement,subsistence,0.019455354837709108,0.9069304639306799,,
strap,subsistence,0.01965963846166674,0.9069156025087591,,
suspect,subsistence,0.019918351675744992,0.8783581588496634,,
creature,subsistence,0.02011330517704435,0.866972394670298,,
hay,subsistence,0.020391884922710577,0.9391312248834912,,
function,subsistence,0.020904224018520295,0.887514940119053,,
path,subsistence,0.022363328628149624,0.8565819997643556,,
telephone,subsistence,0.02244152992391381,0.932840213268866,,
whip,subsistence,0.02256284617236834,0.8685167475692881,,
jerk,subsistence,0.023236348170914377,0.9069497948023808,,
bail,subsistence,0.02368188599028985,0.9057792227937438,,
soap,subsistence,0.023827434212825006,0.8566610062581628,,
coconut,subsistence,0.024009146526644338,0.9588806409198943,,
circumcision,subsistence,0.02445947335302068,0.9459893673886371,,
quail,subsistence,0.024908312995570246,0.909577820879505,,
devil,subsistence,0.02495741898349801,0.8926925241377305,,
ointment,subsistence,0.02638449882821096,0.8554149038199053,,
remark,subsistence,0.02671410750061897,0.9069113067282291,,
shape,subsistence,0.027134993352808324,0.7839882534756958,,
goodness,subsistence,0.02763848236866414,0.8584514164383927,,
bloom,subsistence,0.027843908614261698,0.8656444039308022,,
layer,subsistence,0.028604000054342413,0.8621524879149419,,
beginning,subsistence,0.028612601767207514,0.7575772908997518,,
chick,subsistence,0.0290827988039488,0.8863789315545331,,
insect,subsistence,0.0300436703810356,0.8381347551200082,,
raft,subsistence,0.03104747268309758,0.8858622241408621,,
share,subsistence,0.03205249886644596,0.7688045075882802,,
pain,subsistence,0.0322177728100193,0.7308570257206339,,
spoon,subsistence,0.03233720565618562,0.8111031776139136,,
regret,subsistence,0.03308264009764599,0.864256609195016,,
spittle,subsistence,0.033814202134521014,0.8431751514739276,,
ritual,subsistence,0.03399842900675501,0.8914176051193222,,
fin,subsistence,0.03475578822910302,0.8496424338239834,,
hoop,subsistence,0.035595380315805954,0.8805908221464552,,
weave,subsistence,0.035693417241013735,0.8001215396320014,,
motor,subsistence,0.036271045722221285,0.874825610243705,,
storage,subsistence,0.03663127991822667,0.8667482266307707,,
earring,subsistence,0.037063952123089154,0.8620174602092838,,
spelling,subsistence,0.037228421618434523,0.8817750433569262,,
substance,subsistence,0.037510301015478774,0.8348928571047188,,
load,subsistence,0.03783517470944397,0.7318261379548278,,
display,subsistence,0.03803707818125335,0.8620024812213457,,
heating,subsistence,0.03921295523251923,0.8455250787073968,,
dust,subsistence,0.039418685105259366,0.6418528967899614,,
elephant,subsistence,0.040305255543043955,0.8899336549729708,,
dart,subsistence,0.04053320366836245,0.8600139319268896,,
collection,subsistence,0.041092124180561344,0.801585744921773,,
wrinkle,subsistence,0.041331392366344984,0.7977470265646924,,
nap,subsistence,0.04144415838821302,0.871288169431769,,
mistake,subsistence,0.041593481752231744,0.7205253193250363,,
glove,subsistence,0.043532286507021775,0.8711325278600015,,
target,subsistence,0.04360241933878218,0.7454925526992687,,
doubt,subsistence,0.04365396483391957,0.7574965777299479,,
groan,subsistence,0.04395758965924002,0.7374847424319536,,
road,subsistence,0.04462062851546901,0.637280191271995,,
bat,subsistence,0.04462937687379799,0.7479150660886049,,
rumble,subsistence,0.045294631458565826,0.8327244772909321,,
puff,subsistence,0.0453959630299425,0.7836417154186573,,
barn,subsistence,0.04544352980714937,0.8458317795664109,,
doll,subsistence,0.04606747075935947,0.8188831609617591,,
majority,subsistence,0.046835925573232115,0.8037096514737795,,
floor,subsistence,0.047439578783917385,0.730672229857235,,
pressure,subsistence,0.047563556175336925,0.812495828367987,,
nod,subsistence,0.048666326451221174,0.7215421812648122,,
dancer,subsistence,0.049393347133038175,0.8016006367041123,,
thanks,subsistence,0.04996170877972068,0.731880786638355,,
stage,subsistence,0.050331428520196377,0.7641361659393552,,
rack,subsistence,0.050514944911620056,0.8376249995185012,,
candy,subsistence,0.05119402134842351,0.8569081677156347,,
womb,subsistence,0.05190536710755482,0.6566269163267051,,
barrel,subsistence,0.052008527492713064,0.7979568643900691,,
spin,subsistence,0.053027873163754034,0.6901944402795365,,
attention,subsistence,0.05427701141535073,0.5729581417301646,,
role,subsistence,0.0546977198182421,0.7933362789761701,,
bed,subsistence,0.055151151455283,0.542686043713185,,
revenge,subsistence,0.05549636083630485,0.709356069884502,,
march,subsistence,0.055865348483794035,0.6670518996587336,,
snout,subsistence,0.05586910738759103,0.7549012766775633,,
purpose,subsistence,0.0562227878731312,0.603714143974326,,
heat,subsistence,0.056541587186862426,0.5321515327111447,,
jam,subsistence,0.056763286616081744,0.7918280035003217,,
sex,subsistence,0.057438984107226115,0.70910586142451415,,
sadness,subsistence,0.05745724943784661,0.7546898424599889,,
hump,subsistence,0.057749095976034025,0.7531642153680921,,
cap,subsistence,0.058970102108916254,0.6748499981943397,,
kite,subsistence,0.05904842425548131,0.7837757651861121,,
sunset,subsistence,0.059482415206979104,0.7192144908755145,,
second,subsistence,0.059870326285934854,0.5383575342450857,,
shine,subsistence,0.0600949986114391,0.5171529475831331,,
mount,subsistence,0.060134776519394174,0.6780496588153226,,
country,subsistence,0.06074752486623877,0.6970948810677491,,
clump,subsistence,0.06120994682473146,0.791244232972208,,
stew,subsistence,0.06260971865127514,0.7896899006675974,,
onion,subsistence,0.06300466118074378,0.6883544225610915,,
strand,subsistence,0.06320464611461525,0.734547887562336,,
impression,subsistence,0.06333432827336295,0.7743678632232858,,
worm,subsistence,0.06345477193057414,0.5628599345123328,,
distinction,subsistence,0.06386273460922182,0.6771829612029293,,
sheet,subsistence,0.06438094266890586,0.5973621936398436,,
sponge,subsistence,0.06439182495144594,0.7355989122254698,,
scream,subsistence,0.06455798958555593,0.648791045135779,,
vegetation,subsistence,0.06486236109125167,0.7639793863413533,,
robe,subsistence,0.06632369367497049,0.7991238438770595,,
blossom,subsistence,0.06633170152254193,0.7066115831056948,,
stake,subsistence,0.06637071408611951,0.6468489930140194,,
care,subsistence,0.06688296195909899,0.40592794014031386,,
activity,subsistence,0.0669380459462983,0.6499895488947407,,
fisherman,subsistence,0.06700372242273397,0.7538671654944523,,
massage,subsistence,0.06715478092203163,0.7788901661782383,,
shrub,subsistence,0.06900208157384546,0.7546454084412892,,
wound,subsistence,0.06948395731934258,0.4599173247327509,,
frost,subsistence,0.07017609602811097,0.7864088006510579,,
whirl,subsistence,0.07024610851898809,0.6925693730210766,,
rebuke,subsistence,0.07081295537220474,0.7894334219366915,,
bead,subsistence,0.07160353143723153,0.676695255562293,,
jungle,subsistence,0.07193594637689972,0.8574876436791229,,
mirror,subsistence,0.07231066327197959,0.446331383442888,,
vicinity,subsistence,0.07277478833150414,0.716678759531293,,
glow,subsistence,0.07414592775125935,0.697060399399092,,
lump,subsistence,0.07436687288215689,0.6227553496363736,,
length,subsistence,0.07486019071883793,0.5180345522745132,,
disposition,subsistence,0.0757055809328155,0.784663266316311,,
shell,subsistence,0.07767133271862095,0.5796920413949312,,
eel,subsistence,0.07804221752648607,0.6930361992553706,,
adultery,subsistence,0.07804228086236904,0.6411321954280501,,
pocket,subsistence,0.07830900845668647,0.612909821084058,,
store,subsistence,0.07844248602074202,0.47769101470520287,,
weakness,subsistence,0.07859952768677488,0.7080509777213746,,
garment,subsistence,0.07897245058941521,0.7206752291896656,,
influence,subsistence,0.07969501943801241,0.6771001215738035,,
coast,subsistence,0.08016247671090466,0.7346738991919575,,
sip,subsistence,0.0802958915394483,0.6971246053709981,,
sketch,subsistence,0.08085441947696564,0.7115829297976998,,
dough,subsistence,0.08140065879074017,0.6831413936104977,,
radio,subsistence,0.08387943013238974,0.7590570893500967,,
stripe,subsistence,0.08389068218842528,0.566147525061036,,
ladder,subsistence,0.08398875726816372,0.488228930144563,,
juice,subsistence,0.0840001142854847,0.5169495392217309,,
hack,subsistence,0.08493186089062446,0.654791196544575,,
perspiration,subsistence,0.08510900875139031,0.627061903430877,,
stone,subsistence,0.08525444521276966,0.42843620946696565,,
fun,subsistence,0.08546309380420924,0.514709009871678,,
dusk,subsistence,0.08595434812911021,0.5608866788541588,,
content,subsistence,0.08686411110216839,0.29817381421417427,,
statement,subsistence,0.08703889246710465,0.6504140098609367,,
fighter,subsistence,0.08842517111633545,0.6634263823526667,,
contest,subsistence,0.08906991851143227,0.6627379472322227,,
sake,subsistence,0.09114604959891051,0.6138747131854414,,
nickname,subsistence,0.09127141535342992,0.6414551315014199,,
towel,subsistence,0.09131274272410228,0.5313038006741334,,
drought,subsistence,0.0916157098117652,0.6912517155457027,,
door,subsistence,0.09199007409197328,0.32218126330930774,,
weapon,subsistence,0.09259682928024991,0.4032833746652889,,
thicket,subsistence,0.09520478254063094,0.6085032631619376,,
curtain,subsistence,0.09559766398048926,0.640511944991649,,
cycle,subsistence,0.09643682383635481,0.7566169264886657,,
figure,subsistence,0.09654741695335901,0.5815919034877812,,
savior,subsistence,0.09724039562981437,0.6304718982541205,,
sens,subsistence,0.09841162353558469,0.6625106895835275,,
situation,subsistence,0.09851412747221093,0.5669182659547624,,
visitor,subsistence,0.1003935979975812,0.5197704384425648,,
cricket,subsistence,0.10059205205455862,0.580842378412266,,
connection,subsistence,0.10088961955287733,0.5983288856829799,,
cord,subsistence,0.10105951520516893,0.36032182418296765,,
nurse,subsistence,0.10120661388502902,0.43395597381980805,,
bum,subsistence,0.10126435406604144,0.5894461265181659,,
glue,subsistence,0.10145409354645397,0.5284821898211399,,
movement,subsistence,0.10207136345826982,0.46150585005306377,,
tom,subsistence,0.10219097379902628,0.6332495945843384,,
obstacle,subsistence,0.10253371512130853,0.6428322690097993,,
mound,subsistence,0.10257400602385928,0.5568952370716468,,
plate,subsistence,0.10264227059252375,0.3898885037087384,,
pet,subsistence,0.10341345073449679,0.5295646085306949,,
pipe,subsistence,0.10358403362527992,0.41829220699169606,,
room,subsistence,0.10468692446830768,0.4629207979831047,,
record,subsistence,0.10534109646374014,0.5784589468239978,,
accident,subsistence,0.1054211824393606,0.5022461841019438,,
hare,subsistence,0.10661340616734545,0.6633621991125498,,
friend,subsistence,0.10704923261539477,0.22556114811907782,,
size,subsistence,0.10707315756403002,0.30898053442729284,,
jacket,subsistence,0.10719706938926665,0.6864975398279791,,
bracket,subsistence,0.10743468928471143,0.5629170731852868,,
salt,subsistence,0.10855939837522831,0.22203106708704368,,
dove,subsistence,0.10900058181796815,0.49606723499040295,,
alcohol,subsistence,0.10941706562303692,0.6391470807922427,,
quarrel,subsistence,0.11057061807638305,0.47564278758752393,,
timber,subsistence,0.1112101652333533,0.5907855467137229,,
dot,subsistence,0.1130892848193342,0.5931682831017907,,
awe,subsistence,0.11366376280848266,0.6562429175504522,,
limp,subsistence,0.11376771214045713,0.41221079630802787,,
depth,subsistence,0.11483257595406693,0.4466622639705117,,
match,subsistence,0.11626102943736187,0.25228078640296114,,
respect,subsistence,0.1164182351917622,0.3337938749352998,,
series,subsistence,0.11732100074081121,0.5315329586533457,,
institute,subsistence,0.11762201291324223,0.5921102768409137,,
steam,subsistence,0.11866831615655711,0.4094239282990428,,
shield,subsistence,0.11887807395034194,0.4936280137448893,,
supper,subsistence,0.11888952200044196,0.5963823466946371,,
grove,subsistence,0.1196844313876079,0.58938771332612,,
dent,subsistence,0.11974474370649464,0.5174514201965906,,
gesture,subsistence,0.11982510066992157,0.49367538623896506,,
nature,subsistence,0.12049208054709855,0.48299834885529747,,
reserve,subsistence,0.12051113475749188,0.5700309015867071,,
system,subsistence,0.12054590405318438,0.5266723777199582,,
curse,subsistence,0.12086010661367969,0.45209342615205583,,
discussion,subsistence,0.12109722965391291,0.33942622993931504,,
extremity,subsistence,0.1213970983326264,0.5907902991433963,,
turkey,subsistence,0.12154226808885046,0.6034881525662699,,
passage,subsistence,0.12181944764879421,0.4821680607199539,,
report,subsistence,0.12283390880150508,0.366678939628999,,
ceremony,subsistence,0.12334741064365828,0.5066003102315978,,
team,subsistence,0.12388341499901019,0.5422568504585878,,
strip,subsistence,0.12407163515887228,0.304105908069302,,
bottle,subsistence,0.12559539407562026,0.25261875249475907,,
razor,subsistence,0.12701460397106806,0.37556107336051675,,
sleeve,subsistence,0.12735086573660798,0.5385701084677552,,
singer,subsistence,0.12768474398039095,0.4469653211766487,,
stair,subsistence,0.12779293028986574,0.5570521460846303,,
tattoo,subsistence,0.12817604384449544,0.6130390777401048,,
flower,subsistence,0.1285156599408278,0.2974957623940338,,
captain,subsistence,0.1287228341280606,0.5191615339876599,,
rubbish,subsistence,0.12902452229489944,0.5325165601637669,,
sting,subsistence,0.12931487936528743,0.27925238471677616,,
view,subsistence,0.12979800001998737,0.36768064645273907,,
construction,subsistence,0.13046464880879413,0.4624494883682908,,
vein,subsistence,0.1305332436779615,0.2004144206821011,,
edition,subsistence,0.1317400577536066,0.536724928731151,,
bundle,subsistence,0.132996616764571,0.2988470708447696,,
air,subsistence,0.1335052806064973,0.19174373413058704,,
corner,subsistence,0.1335600575827714,0.09780847034812278,,
scarf,subsistence,0.13394809482717762,0.6135144473248799,,
effort,subsistence,0.13513979969913548,0.3831782233723694,,
tin,subsistence,0.13520830626571667,0.4375290380613911,,
earthquake,subsistence,0.13528058266909643,0.41763058764084793,,
expression,subsistence,0.1354853832444148,0.22717955790192332,,
rooster,subsistence,0.13612766772229318,0.648309977669692,,
sunshine,subsistence,0.1361624528517744,0.5254580944567887,,
twig,subsistence,0.13648445933536268,0.2831499804641327,,
love,subsistence,0.1367360540246569,0.12930425785444438,,
broom,subsistence,0.13695752344824327,0.3311363103081467,,
instrument,subsistence,0.13736910056325805,0.31864316400746795,,
thrust,subsistence,0.137829496460056,0.5205863583430989,,
eyelid,subsistence,0.13873053599045246,0.35176427015718653,,
mist,subsistence,0.13922363397767723,0.23026522441846725,,
fuel,subsistence,0.1393857763888603,0.5444325613618037,,
diamond,subsistence,0.13942761895892491,0.5137633891825606,,
praise,subsistence,0.14047696977988425,0.38045660522260893,,
pit,subsistence,0.14097886062149173,0.28051072070806876,,
rest,subsistence,0.14121177516089922,0.08097684777485312,,
miscarriage,subsistence,0.1428519023437744,0.3483746454920233,,
appearance,subsistence,0.14418536655574934,0.28382943830759966,,
curve,subsistence,0.14448981033043198,0.3912947935385758,,
fruit,subsistence,0.1445256319868898,0.25399283045479776,,
ape,subsistence,0.14479757303370416,0.6376438850493249,,
habit,subsistence,0.1456169450081447,0.3142918471514925,,
crest,subsistence,0.1462639143659087,0.42537838490311386,,
yeast,subsistence,0.14694155319948185,0.45865407196297187,,
carrier,subsistence,0.1478267822818418,0.4016442546070146,,
affection,subsistence,0.1479864251587945,0.4963233942283932,,
characteristic,subsistence,0.1483115486911075,0.294815014690795,,
challenge,subsistence,0.14844867042143844,0.424046216654983,,
settlement,subsistence,0.14851461450725773,0.42231674767935407,,
stranger,subsistence,0.1487023507002437,0.28982579573257994,,
den,subsistence,0.15016707495901796,0.5445555405646341,,
absence,subsistence,0.1509312466215491,0.3008651315062634,,
kid,subsistence,0.15109600852206584,0.4895385387721751,,
region,subsistence,0.15127023261159125,0.3378826653566417,,
gap,subsistence,0.15201590613831412,0.3433519146875886,,
hunger,subsistence,0.1520728606114891,0.21508491132374083,,
rule,subsistence,0.15231203261788234,0.2844939102308136,,
peak,subsistence,0.15257859616201855,0.28505006102859876,,
banana,subsistence,0.15552902893675002,0.5903031617226974,,
lack,subsistence,0.1556906418766177,0.3349232788353878,,
brow,subsistence,0.15597334961428366,0.3920357494696295,,
noon,subsistence,0.15629138873293208,0.2515800980806341,,
anger,subsistence,0.15644035990180905,0.1932683822272724,,
stroke,subsistence,0.15651305465023993,0.3900759517079643,,
trading,subsistence,0.15750532440151405,0.44371883415059077,,
law,subsistence,0.15790585116133807,0.3262633819259351,,
answer,subsistence,0.15817569668180415,0.13832326681233897,,
hatchet,subsistence,0.15907302533749185,0.4137436458897649,,
pebble,subsistence,0.1593567414202435,0.23739538031799035,,
fern,subsistence,0.15962800819927955,0.5292750137893407,,
goal,subsistence,0.1601701034536409,0.306783923306926,,
idea,subsistence,0.16021073120170054,0.26816057084420436,,
pregnancy,subsistence,0.16090762564026834,0.41133242452065705,,
portion,subsistence,0.16100020293321102,0.29983130502068145,,
lid,subsistence,0.16177002277110447,0.2359493011623252,,
bee,subsistence,0.16241128279191364,0.31137396505440296,,
cavity,subsistence,0.16329869406343145,0.21593612786794547,,
socket,subsistence,0.16369288725655048,0.4274732780404963,,
mood,subsistence,0.16386111154973457,0.38572003164006274,,
murmur,subsistence,0.16408124574707134,0.42627489682655423,,
peer,subsistence,0.16410350244639788,0.3581576312717804,,
prophet,subsistence,0.1648038834919713,0.4813862309126408,,
bull,subsistence,0.16498502945582605,0.3202317645609501,,
darkness,subsistence,0.16518527531068528,0.21321037691356193,,
development,subsistence,0.16583411729346845,0.3397859672316491,,
possession,subsistence,0.16679698064135293,0.12466280788104658,,
rag,subsistence,0.16749442513269908,0.2875522632134282,,
ember,subsistence,0.16813443809860884,0.3667753448433955,,
messenger,subsistence,0.16826139090375086,0.2408086537085543,,
comb,subsistence,0.1694072855025885,0.2206040558791081,,
warmth,subsistence,0.1696702014305837,0.3736278944908692,,
circumstance,subsistence,0.17137489658716934,0.4184616286420466,,
plum,subsistence,0.1714705203470103,0.5372118871874489,,
wasp,subsistence,0.1722345120155734,0.32913667219784687,,
draft,subsistence,0.17232257943541435,0.46588091582494157,,
lamp,subsistence,0.1724893020304495,0.24377813217196367,,
prize,subsistence,0.17336939393080789,0.5075847038818034,,
color,subsistence,0.17344454421416322,0.0400387050152728,,
constellation,subsistence,0.17462358434252154,0.44050161339735566,,
comparison,subsistence,0.17489600312903544,0.35851094110884335,,
mucus,subsistence,0.1749232824991071,0.3043993124504258,,
palm,subsistence,0.17524069250687888,0.31457528260402506,,
twin,subsistence,0.17561312104499519,0.20346367855663802,,
broth,subsistence,0.17660758320352193,0.40306984011524727,,
aspect,subsistence,0.17690564319479832,0.48798485041531686,,
ship,subsistence,0.17749227677155074,0.41021495243975975,,
news,subsistence,0.17750823327422738,0.17613487567425298,,
errand,subsistence,0.17757168592998576,0.4167737944297322,,
height,subsistence,0.17821299921516076,0.08693824907436343,,
brook,subsistence,0.17831220219801805,0.4004764102885546,,
evidence,subsistence,0.17851817316229515,0.3325209357862459,,
abuse,subsistence,0.18012009341984514,0.34306549224811667,,
divide,subsistence,0.18035628369253034,0.08059831336992145,,
lady,subsistence,0.18126030248638,0.38242222222125427,,
hut,subsistence,0.18163975952001143,0.3604035318972953,,
mercy,subsistence,0.18179171128260666,0.2997437454327364,,
toad,subsistence,0.1824386259595198,0.40520290105696716,,
sway,subsistence,0.18276885585683292,0.27024177315872616,,
sea,subsistence,0.1848035831102786,0.34279889319097345,,
row,subsistence,0.1852668425151736,0.07044276786104571,,
plane,subsistence,0.18631269196344236,0.18866809539909277,,
mama,subsistence,0.18727134682840055,0.5641235092960608,,
occupation,subsistence,0.18774000264896254,0.3910210715278626,,
folk,subsistence,0.18944680245334483,0.38646207954116785,,
splinter,subsistence,0.18987799027153732,0.25947498136751324,,
death,subsistence,0.19149427890893236,0.05171760224956208,,
infection,subsistence,0.1920964334925233,0.2988276559345713,,
clot,subsistence,0.19297406898418523,0.4131302825887665,,
slope,subsistence,0.1932261834093007,0.09462886074777135,,
mourning,subsistence,0.19361548022900804,0.21891293540177145,,
corpse,subsistence,0.19397506037629036,0.13953872014468904,,
exit,subsistence,0.19442330774875663,0.30736511755582424,,
bridge,subsistence,0.19447281370878322,0.11367130983837247,,
stride,subsistence,0.19486130697945944,0.4424139040271465,,
sample,subsistence,0.19571328182458403,0.32917675842785826,,
lover,subsistence,0.19663588823568007,0.33571826718895453,,
emotion,subsistence,0.19686204193403087,0.29637807649666964,,
chill,subsistence,0.19735343668100763,0.2860447562519485,,
station,subsistence,0.19740564615482006,0.41725551553710644,,
attack,subsistence,0.19787833437575583,0.14818501816839855,,
mortar,subsistence,0.19791432873301637,0.27013427691422626,,
creep,subsistence,0.19815975192952118,0.25226830492376545,,
suicide,subsistence,0.19826404820021185,0.35961631608423356,,
murderer,subsistence,0.19906672034099515,0.2455128250553,,
window,subsistence,0.19917891938527224,0.15933812170034958,,
marsh,subsistence,0.1993649871437887,0.36162927208300366,,
umbrella,subsistence,0.1994993294417569,0.2783141000398876,,
insult,subsistence,0.19961896349208333,0.26253304679108747,,
sinner,subsistence,0.20082897978330627,0.3819877597303333,,
mattress,subsistence,0.20119149946096945,0.32264378649940584,,
manuscript,subsistence,0.2013761179216587,0.37518978339049225,,
dam,subsistence,0.20159853175681047,0.27699798293705186,,
grunt,subsistence,0.20224592760400567,0.3438604690965463,,
exhibit,subsistence,0.2037063477654689,0.3560885535972913,,
fault,subsistence,0.20371437709083118,0.28772715623358175,,
basis,subsistence,0.2040408546330665,0.2931048567398981,,
request,subsistence,0.20449494944749533,0.13468124877553117,,
loop,subsistence,0.2051943716126497,0.303854288013678,,
spell,subsistence,0.20574132274830237,0.19344263236090067,,
comfort,subsistence,0.20632460509875178,0.25756850556129063,,
pause,subsistence,0.20679538753469287,0.3231671722735246,,
mile,subsistence,0.20682352782976923,0.3084222038924804,,
cemetery,subsistence,0.20702339742036943,0.19571703053311212,,
sparkle,subsistence,0.2070736505372661,0.3662174511725262,,
spike,subsistence,0.20716891170087073,0.32607053797105556,,
status,subsistence,0.20748244627167126,0.3001062460571567,,
tag,subsistence,0.20813396762200395,0.3975242040776473,,
difficulty,subsistence,0.20980664742354418,0.17592632541526637,,
jealousy,subsistence,0.21017162636201123,0.2133513918768969,,
volume,subsistence,0.2105074182253942,0.2141616430939414,,
mare,subsistence,0.2106081707522154,0.42396093163141196,,
rug,subsistence,0.21063792645811608,0.4211184303139487,,
interior,subsistence,0.21116490670592658,0.28751915806199607,,
arrival,subsistence,0.21133458279587622,0.18376464284321078,,
gift,subsistence,0.21135021802844214,0.11957295705356051,,
strength,subsistence,0.21165593957097145,0.09656879152649862,,
mail,subsistence,0.21173616364611136,0.3323649328551535,,
shelf,subsistence,0.21282877984247217,0.19374458115187895,,
smile,subsistence,0.21314346331461337,0.1060203615937135,,
gratitude,subsistence,0.213201683634328,0.25316832495886027,,
heaven,subsistence,0.21364453272661305,0.12930600769362255,,
prick,subsistence,0.21371361282130041,0.18674260011423297,,
month,subsistence,0.21388561730351388,0.09869065990617207,,
companion,subsistence,0.21501090232118444,0.15510723089953446,,
understanding,subsistence,0.21504620717484105,0.15734573893949866,,
imitation,subsistence,0.21536310584526036,0.2513475207502343,,
steel,subsistence,0.21545098740050114,0.20518776044332893,,
promise,subsistence,0.21571236283688675,0.11148392236611179,,
lure,subsistence,0.21639536918283123,0.3214125506705771,,
trouble,subsistence,0.21651926853552242,0.11451366488482431,,
brand,subsistence,0.21654336289374174,0.27488710817144163,,
peg,subsistence,0.21672670223608587,0.23200023554961777,,
moment,subsistence,0.2168076767157106,0.23547966069757575,,
permission,subsistence,0.2168153818791377,0.09931536143448856,,
lock,subsistence,0.2169478370767285,0.07471805150368911,,
cent,subsistence,0.21744426074923145,0.32020424805772385,,
despair,subsistence,0.21773409944323635,0.4213883178611127,,
neighbor,subsistence,0.21843105860404222,0.12749895429722788,,
shower,subsistence,0.21941658209000287,0.15938068073670034,,
tradition,subsistence,0.21969491450197604,0.09514414697425423,,
cream,subsistence,0.21978521033451903,0.3199894492383349,,
command,subsistence,0.2199988778319226,0.07085840779656083,,
faith,subsistence,0.22118725967652397,0.2743989676004729,,
fiber,subsistence,0.2232362360732799,0.23307567323710926,,
chimney,subsistence,0.2232412102876723,0.392611457867822,,
guide,subsistence,0.22331246531219656,0.06896544303411672,,
handful,subsistence,0.22367817137148743,0.27709797991457247,,
scum,subsistence,0.2244254009639002,0.21195452928834244,,
board,subsistence,0.2258759039395342,0.14302449514919618,,
bile,subsistence,0.22608889287768494,0.28951918194361037,,
seed,subsistence,0.22646402777927063,0.06154211624288716,,
fence,subsistence,0.2266984420128241,0.08375451026343833,,
war,subsistence,0.22678114632802227,0.06457059607561158,,
summit,subsistence,0.22699798848150904,0.27953339494081264,,
powder,subsistence,0.22716449578770276,0.0657858010274719,,
midday,subsistence,0.227170824471935,0.13343545120308603,,
force,subsistence,0.2272245097966645,0.07207808577069892,,
sparrow,subsistence,0.22909723686008715,0.28318982696111067,,
cow,subsistence,0.2295200377091807,0.19750521756343212,,
leopard,subsistence,0.2296229520844659,0.49408216689439144,,
artery,subsistence,0.2297198508773914,0.14515595467043874,,
moan,subsistence,0.2297999887685298,0.08214928180882473,,
coat,subsistence,0.2308414114094383,0.23078685387766953,,
pair,subsistence,0.23101990132522612,0.08243864070033095,,
contempt,subsistence,0.23271410155380198,0.3859588836473493,,
soil,subsistence,0.23289475705835722,0.08856858116378978,,
screw,subsistence,0.23293662498561535,0.2510934627914678,,
frown,subsistence,0.23316537437241563,0.23958492727426292,,
grip,subsistence,0.23401993763000226,0.19699475942892908,,
error,subsistence,0.2342454638596849,0.14860013956446916,,
access,subsistence,0.2349903599184957,0.22844933694524408,,
gorge,subsistence,0.23571109669491508,0.22495843344171465,,
molar,subsistence,0.23615774393720557,0.2974047195249762,,
owner,subsistence,0.23667887293108975,0.08970926287564772,,
print,subsistence,0.23679619359274703,0.18203160564971513,,
priest,subsistence,0.23696113495399168,0.2325199568194149,,
leader,subsistence,0.23742742453450982,0.07934862191802385,,
metal,subsistence,0.23781192794458098,0.13446393499820347,,
cargo,subsistence,0.2388044904835734,0.3612595408169137,,
camel,subsistence,0.23906973401184586,0.4126479258875959,,
basket,subsistence,0.23999647986947914,0.12632677171022835,,
wheel,subsistence,0.24058297524849673,0.10579021460180033,,
utterance,subsistence,0.24164295710848394,0.1941299658403928,,
study,subsistence,0.2417458251277436,0.1256289772433532,,
lion,subsistence,0.24329829395992808,0.23612032723273385,,
beverage,subsistence,0.24353692260674537,0.2752934290125777,,
flank,subsistence,0.24489402059910337,0.15343015942455565,,
squash,subsistence,0.24517317280174233,0.30715901145719376,,
male,subsistence,0.24673606032907855,0.32156572665256417,,
trace,subsistence,0.2477490593671598,0.1621989650496035,,
gland,subsistence,0.24796462105770506,0.1832790659929023,,
crust,subsistence,0.24816224789727082,0.17412755526585183,,
heap,subsistence,0.2483562992043934,0.12293137209620372,,
temper,subsistence,0.24862088826021142,0.24297241047149898,,
temptation,subsistence,0.249375312499409,0.18090794667717672,,
journey,subsistence,0.25083781894321233,0.12807700291087967,,
pulse,subsistence,0.25109366007215966,0.2772252886204598,,
protection,subsistence,0.2510968202416676,0.2307333180867063,,
test,subsistence,0.2515877211049154,0.015533075446435871,,
crown,subsistence,0.2518066591127945,0.03911112199269817,,
oil,subsistence,0.252022696565245,0.0676600765522766,,
relation,subsistence,0.2520446950514434,0.04938299511228468,,
wrestling,subsistence,0.2525062347132238,0.2684802201504875,,
evil,subsistence,0.25291607063035376,0.05488446404934148,,
silver,subsistence,0.2533571847670768,0.15991589645571702,,
treatment,subsistence,0.2545508531886099,0.17655472130549552,,
objective,subsistence,0.2547746063970202,0.30942998226101276,,
sensation,subsistence,0.2548369116964059,0.20604839415353038,,
vapor,subsistence,0.2557224891462682,0.137031657229062,,
uniform,subsistence,0.2562482932747853,0.29592674910402395,,
birthday,subsistence,0.25650917886488994,0.2507961902531431,,
relief,subsistence,0.25684886611931335,0.291196784743601,,
commission,subsistence,0.2568646051541896,0.3805254637130151,,
porch,subsistence,0.2572273695277846,0.2843328919181099,,
pigeon,subsistence,0.2573877770270372,0.11533472758699186,,
moisture,subsistence,0.2577174935027939,0.17183632068208243,,
earth,subsistence,0.257718263135829,0.016134724917718005,,
fare,subsistence,0.25794741204907984,0.3857326669959238,,
wilderness,subsistence,0.2583584555734696,0.20372031798102,,
gossip,subsistence,0.2584458157183715,0.13887130937124348,,
atmosphere,subsistence,0.2589414118538868,0.30977827608833386,,
rat,subsistence,0.25896061301328893,0.07438301790115864,,
growth,subsistence,0.2598886867407629,0.07870660714250599,,
hem,subsistence,0.26002409872050614,0.19172263071513124,,
consciousness,subsistence,0.26040419025507905,0.1980718775419884,,
infant,subsistence,0.2636837390780593,0.03534808492895224,,
hint,subsistence,0.26403758024323853,0.2775284083903377,,
muzzle,subsistence,0.26486121655833145,0.23646307923489293,,
practice,subsistence,0.26526402642427616,0.04893270280584025,,
topic,subsistence,0.26651378490228034,0.12952365750648573,,
baptism,subsistence,0.2667278194642361,0.26103245669800773,,
collar,subsistence,0.26701404230975917,0.12929519095371605,,
decision,subsistence,0.26709880083734006,0.19265330783905968,,
roof,subsistence,0.26789849939292426,0.02982717591110611,,
worker,subsistence,0.2679452007209494,0.14553149097469487,,
wit,subsistence,0.26813073273343707,0.2671105611723064,,
pod,subsistence,0.2685868051410374,0.17981790993761312,,
importance,subsistence,0.2692846949522306,0.11553868870244285,,
cabbage,subsistence,0.26954090886410903,0.16133395489496621,,
tendency,subsistence,0.2696474885287024,0.2738174213398698,,
pen,subsistence,0.2698143228760222,0.1224367746249372,,
aim,subsistence,0.2702319594398502,0.06902107528777116,,
console,subsistence,0.270523939695766,0.13355243344058518,,
clay,subsistence,0.270837277586609,0.05889471991554136,,
route,subsistence,0.27180331161346155,0.08752578020476195,,
expert,subsistence,0.2726493085042067,0.1188660512385091,,
pork,subsistence,0.2732460665149979,0.30521012865491653,,
pace,subsistence,0.2733918861016949,0.16458835464788638,,
pig,subsistence,0.2753906350600036,0.16080343061441948,,
punishment,subsistence,0.27578314540442594,0.16218105411235836,,
angel,subsistence,0.27586291505098454,0.10570463074417968,,
supply,subsistence,0.27683286676141605,0.10509566393699932,,
village,subsistence,0.27701121831909187,0.21554832409070349,,
remnant,subsistence,0.2782626080409023,0.16038318010733146,,
slack,subsistence,0.2795973488930905,0.09348635285258798,,
pun,subsistence,0.2797457128773917,0.3551689880636553,,
pride,subsistence,0.2806705301349428,0.1826090828002401,,
copy,subsistence,0.2808538750890641,0.06305762189307071,,
miracle,subsistence,0.28103539065743927,0.17707671628230637,,
skirt,subsistence,0.2811179087131296,0.1035041555452038,,
cloth,subsistence,0.28128639972643904,0.04892884311683662,,
bastard,subsistence,0.2818996310434104,0.17789278624679183,,
staff,subsistence,0.28221726165070055,0.1213453865951197,,
drizzle,subsistence,0.2827945577403133,0.1217708205477832,,
alphabet,subsistence,0.28295604965960347,0.1571850474097039,,
plow,subsistence,0.28385233439066926,0.19235051784797305,,
loaf,subsistence,0.28394336015558136,0.17701833722117433,,
truth,subsistence,0.28411267896301917,0.010845339542798808,,
discourse,subsistence,0.2843363985233167,0.23345331005130945,,
intelligence,subsistence,0.2851475100780375,0.29171185781098563,,
weed,subsistence,0.2858139153659297,0.06437719361724847,,
lawyer,subsistence,0.2869052299991585,0.1382495001337011,,
explanation,subsistence,0.28690557801323446,0.058132332441806274,,
trim,subsistence,0.2876207231819762,0.05285547610087251,,
problem,subsistence,0.2880035431976295,0.1726894423953633,,
conclusion,subsistence,0.2885426760096016,0.21420380899137284,,
gaze,subsistence,0.28959915501466416,0.031196008696080687,,
guest,subsistence,0.28977593964283016,0.18368539295745934,,
intercourse,subsistence,0.28991831556523634,0.10489946554352189,,
grant,subsistence,0.2899315727334591,0.12726913764005665,,
patience,subsistence,0.29025957319691065,0.1346758591154584,,
junction,subsistence,0.29033507755366594,0.19838309553824168,,
train,subsistence,0.29063049770831134,0.14439484952494505,,
birth,subsistence,0.2906687302933318,0.004665868507920481,,
trumpet,subsistence,0.29076991199336566,0.1142753748441894,,
guard,subsistence,0.2912249000797294,0.03624960286849814,,
mushroom,subsistence,0.292113789629371,0.16204868526056765,,
thickness,subsistence,0.2923150710254355,0.11711093074764581,,
seam,subsistence,0.2924670473821699,0.1700761177909899,,
pie,subsistence,0.2925342967766195,0.29432499947535457,,
shock,subsistence,0.2930673200027416,0.10807779594545568,,
tar,subsistence,0.2933179947838561,0.22436464444542517,,
lament,subsistence,0.2933791031986847,0.2838692964114665,,
frame,subsistence,0.2942276793320084,0.03204198032169672,,
plunge,subsistence,0.2946762747152525,0.12782129274946627,,
hospital,subsistence,0.2954462260827617,0.07519508159987875,,
pool,subsistence,0.29561411305791124,0.027152282719912026,,
department,subsistence,0.29574336421308445,0.26732550130965754,,
perfume,subsistence,0.2962417815890316,0.15827919386607003,,
glitter,subsistence,0.29637005528064997,0.27156128862753875,,
discipline,subsistence,0.29662721869198183,0.2992856280791957,,
scale,subsistence,0.2966839233226667,0.00817469609021347,,
excuse,subsistence,0.29778587486390856,0.15189046504644066,,
sigh,subsistence,0.2981526840830192,0.0805413449253508,,
history,subsistence,0.2982113114937667,0.08126225826002523,,
abundance,subsistence,0.2982289659387827,0.13650666464802183,,
gunpowder,subsistence,0.2987985229651323,0.24148857095980034,,
injury,subsistence,0.300040763440662,0.05975247021605306,,
sheath,subsistence,0.30014238131111054,0.11037494218176569,,
secretary,subsistence,0.30082284764375206,0.2862615822757507,,
dash,subsistence,0.3009987450396093,0.1670398568323134,,
response,subsistence,0.30120197213023936,0.09790505699318446,,
cloak,subsistence,0.3012125867013744,0.22928025598468793,,
ridicule,subsistence,0.3018653986991673,0.07719735426344844,,
spectacle,subsistence,0.3021850966205622,0.1355270808230006,,
bowl,subsistence,0.3022013539756689,0.017219721788807714,,
calendar,subsistence,0.3026344089868119,0.27312802574436346,,
midwife,subsistence,0.30438262125967186,0.16828385324410433,,
residue,subsistence,0.30466865678682625,0.27596306054258807,,
rustle,subsistence,0.3048953180188041,0.26304576024267756,,
fan,subsistence,0.3055759997262997,0.07058794486169875,,
grave,subsistence,0.3057510800443496,0.0026761044208446316,,
basin,subsistence,0.3062091656871275,0.07524164579419504,,
cork,subsistence,0.30856478309737356,0.08077510701862504,,
defeat,subsistence,0.30903878722409006,0.12574826057266775,,
retreat,subsistence,0.309230158032303,0.233155036712916,,
opponent,subsistence,0.3107985720793141,0.0952618275608567,,
proof,subsistence,0.3109773355738872,0.23429380204473568,,
butter,subsistence,0.3125672098935329,0.1098998074038014,,
organ,subsistence,0.31260537345467004,0.0685644160236223,,
result,subsistence,0.3127856180568699,0.030455598315834987,,
argument,subsistence,0.3132672950721744,0.08966050631279526,,
hymn,subsistence,0.31359059528117916,0.2122738342109497,,
rice,subsistence,0.3136136688670592,0.2576439910034128,,
bill,subsistence,0.3136458874649253,0.0848190242784502,,
football,subsistence,0.31380739891629866,0.26684560490194553,,
link,subsistence,0.3147228367309903,0.06215087317574219,,
suggestion,subsistence,0.31482062360853974,0.1123204075306041,,
condition,subsistence,0.31584116469023565,0.0241095407974315,,
entrance,subsistence,0.31601397144994936,0.01667789175633802,,
behavior,subsistence,0.31752685018749083,0.06026746008073314,,
throne,subsistence,0.3184207493657875,0.3250254808693256,,
bath,subsistence,0.31848332335226376,0.07431198394730325,,
eve,subsistence,0.31968585431070473,0.2395067654181405,,
ignorance,subsistence,0.31989960572722037,0.22063057222307428,,
confidence,subsistence,0.32044482509928535,0.06836536774146951,,
pad,subsistence,0.3205004180614802,0.07109795467297299,,
iron,subsistence,0.3210999887933559,0.003905922024685088,,
task,subsistence,0.32186118193183266,0.04037119953761354,,
contract,subsistence,0.3227274990649304,0.0874803918689156,,
milk,subsistence,0.32383518053397464,0.010544076264461404,,
division,subsistence,0.32391186083739376,0.07265213670661066,,
obstruction,subsistence,0.324138990599866,0.16799907024895716,,
intent,subsistence,0.3243879364028172,0.0946841887138962,,
shepherd,subsistence,0.324575484285732,0.1703533215541588,,
loin,subsistence,0.3250230234884637,0.1854607273847046,,
baggage,subsistence,0.3256224845110199,0.19553879331872467,,
seat,subsistence,0.326304761765793,0.007721860117398337,,
hum,subsistence,0.3273088949857066,0.07531093273877766,,
offspring,subsistence,0.328105302319077,0.03329281430874576,,
kit,subsistence,0.3281591676327334,0.2838042473974604,,
week,subsistence,0.32826695962770797,0.02169811625593649,,
succession,subsistence,0.32852620753266504,0.143049666828219,,
resource,subsistence,0.32874177005859395,0.13470272213736428,,
danger,subsistence,0.32931855485539774,0.03447729702867951,,
soldier,subsistence,0.32946287140676495,0.025997720351106257,,
drum,subsistence,0.3295458909300075,0.03309394788978184,,
stamp,subsistence,0.3306825762194358,0.05569946584031741,,
liquor,subsistence,0.33094127414288704,0.15918976131190232,,
silence,subsistence,0.3310539514946424,0.06911578035035607,,
thread,subsistence,0.33181443895496177,0.010813150104107183,,
waste,subsistence,0.33188645586950455,0.025229632337953427,,
rage,subsistence,0.33249496960815145,0.1742937828846114,,
machine,subsistence,0.3356351108272557,0.06849871903225932,,
eclipse,subsistence,0.3367625369136496,0.11087189419794995,,
wisdom,subsistence,0.3374263083175256,0.10815990405993578,,
creation,subsistence,0.33764892886293607,0.095291487477731,,
rot,subsistence,0.3376635627115778,0.05173415164999004,,
completion,subsistence,0.33779603310114414,0.06065381048151476,,
traveler,subsistence,0.33784597157200275,0.04856408285341249,,
sorcery,subsistence,0.3380022102347919,0.23290361192190812,,
knowledge,subsistence,0.3381037762523748,0.004172028805449409,,
health,subsistence,0.3383702359840979,0.018507435546833765,,
ornament,subsistence,0.33986985880958337,0.12778456405921962,,
quality,subsistence,0.34034531806238133,0.03272471222826593,,
meeting,subsistence,0.34083720469171946,0.017190745319810224,,
ring,subsistence,0.34138743411124955,1.771639198613365e-4,,
rod,subsistence,0.3414244220540023,0.0451286879293113,,
spade,subsistence,0.34170227095661,0.06784357911797884,,
trouser,subsistence,0.3426881658268439,0.07090197300390827,,
judgment,subsistence,0.3432427237885716,0.1339757846897665,,
tiger,subsistence,0.3433175314939048,0.19933296035798892,,
roller,subsistence,0.3434242124268044,0.10427070485645581,,
garbage,subsistence,0.3435597315291803,0.13302657647650531,,
satisfaction,subsistence,0.34411285699642835,0.07866251031476884,,
fool,subsistence,0.3441351201603292,0.029051808769207276,,
dispute,subsistence,0.3444114235338903,0.07503858509126936,,
bowel,subsistence,0.344937656493649,0.0071559004573464235,,
issue,subsistence,0.34599173076201567,0.06780867945210753,,
exchange,subsistence,0.34611162079712815,0.009443154888332484,,
skill,subsistence,0.3472695154967116,0.06786580863860471,,
society,subsistence,0.34925559010426577,0.062235142986459054,,
tongs,subsistence,0.34930751975644947,0.07136822029138555,,
childhood,subsistence,0.3498631145822689,0.11815341600300967,,
urge,subsistence,0.3501781560401298,0.05940694480271808,,
appetite,subsistence,0.3507760889331332,0.06720571965644076,,
cushion,subsistence,0.3507836207022499,0.10006102750887443,,
candle,subsistence,0.3508396690294874,0.0788727632749426,,
neglect,subsistence,0.35128217017662006,0.0796016823512532,,
temple,subsistence,0.3517893790443398,0.10107652680849617,,
rescue,subsistence,0.3519046651106919,0.06584786734953052,,
knot,subsistence,0.3525697330524887,0.0014001317133520497,,
stalk,subsistence,0.35282066443294674,0.026301254920426856,,
stature,subsistence,0.3529203717419085,0.12415573538192844,,
plan,subsistence,0.35346075589277093,0.034714119685239964,,
speed,subsistence,0.3536843332947263,0.03444951364226624,,
struggle,subsistence,0.35392247234326446,0.07185651127553024,,
crook,subsistence,0.3539234801545308,0.1422623678664501,,
benefit,subsistence,0.3539416173682321,0.04512017697716338,,
kitchen,subsistence,0.35397276835005376,0.07261173848485626,,
encounter,subsistence,0.35401094827393165,0.013419152746527118,,
council,subsistence,0.35448949620847964,0.046853240151733214,,
hen,subsistence,0.3548056263784547,0.010594424971369717,,
interest,subsistence,0.35504822564254196,0.034097226635538255,,
judge,subsistence,0.35556177452388055,0.01897236806593405,,
contraction,subsistence,0.3558350693171116,0.0676487573994695,,
rash,subsistence,0.3564431369267288,0.0076238499540073595,,
guitar,subsistence,0.356462682662962,0.11770586261776071,,
pal,subsistence,0.3566465481613088,0.13872357317225223,,
conduct,subsistence,0.35669496314305477,0.11315934138907467,,
burial,subsistence,0.3576808665181471,0.009066284119885496,,
weight,subsistence,0.3590155677244476,2.2494359182887862e-4,,
crash,subsistence,0.36013293018454956,0.054874106866484,,
magic,subsistence,0.36068091078826736,0.06993024447004942,,
intention,subsistence,0.3613755054877055,0.03230499763432761,,
rich,subsistence,0.3614078993567339,0.12009072794815676,,
serpent,subsistence,0.3616400398158149,0.18878851453146064,,
custom,subsistence,0.3619196284439807,0.011620105263518492,,
company,subsistence,0.3624450970675364,0.03444637908590287,,
hive,subsistence,0.3625471175396087,0.15875740801763294,,
dragon,subsistence,0.3643339637159862,0.1815382841861447,,
firm,subsistence,0.3649141190486409,0.025957013352429316,,
tick,subsistence,0.36543010532954556,0.04832548105052977,,
purse,subsistence,0.3654541486515498,0.03859761850771042,,
parable,subsistence,0.365467031051056,0.1465828625406689,,
teacher,subsistence,0.36685788188946994,0.015315168889147121,,
yard,subsistence,0.3668949294333642,0.02569050660938621,,
bench,subsistence,0.36777966002147106,0.039630214152855905,,
building,subsistence,0.3678825712592585,0.00349842000019548,,
grudge,subsistence,0.3682842729389771,0.10499830252591674,,
bachelor,subsistence,0.3690119288362549,0.011926144233980692,,
mask,subsistence,0.369594786215946,0.15475530489186476,,
carpenter,subsistence,0.36982643022731354,0.014398547921732336,,
wheat,subsistence,0.37014763632041847,0.1015222563415918,,
expectation,subsistence,0.3703828752050049,0.06852609895243698,,
descent,subsistence,0.37045362369531515,0.08541915640919201,,
claim,subsistence,0.3726768268572999,0.03384603320815537,,
hog,subsistence,0.3730400718649141,0.15294385011418665,,
principle,subsistence,0.37354633156829736,0.12441499426881966,,
boundary,subsistence,0.3735743763877587,0.008639899156524466,,
king,subsistence,0.37368398427003724,0.0584016290840941,,
clock,subsistence,0.3738514236500337,0.03612947621367107,,
platform,subsistence,0.37432863138798117,0.05910121548868309,,
tray,subsistence,0.375859801295715,0.1323813793346149,,
age,subsistence,0.37661082338580365,6.808934007572089e-4,,
courage,subsistence,0.37687208889044543,0.08360253658537012,,
assault,subsistence,0.3769313229557047,0.11863126175370463,,
gale,subsistence,0.3776048525338765,0.13693229978317725,,
tortoise,subsistence,0.3776128769657331,0.12792608327341934,,
annoyance,subsistence,0.37810136623507795,0.1463571469251412,,
money,subsistence,0.3783431613183823,0.001533588294304376,,
barrier,subsistence,0.378629304808307,0.02352467269584941,,
luck,subsistence,0.37891888981585686,0.022725706538433234,,
effect,subsistence,0.3791880726146901,0.016239741579214557,,
trench,subsistence,0.38032689177944773,0.037885181321746314,,
advice,subsistence,0.380506573185311,0.008641336597404303,,
descendant,subsistence,0.38081241420682255,0.035689963764492204,,
sympathy,subsistence,0.38084438595457965,0.07295558735042178,,
desire,subsistence,0.3821277498818784,0.002761604007132728,,
preparation,subsistence,0.38332594195752245,0.006382912106375805,,
defense,subsistence,0.3857408344998,0.160126702398399,,
consequence,subsistence,0.38591650140968825,0.05769882625155302,,
spy,subsistence,0.3863271679048807,0.01181704517465344,,
player,subsistence,0.38704200191251087,0.059679973392843366,,
concern,subsistence,0.38744488536218996,0.019133636408341922,,
joke,subsistence,0.3876606726124691,0.0020579373108139346,,
rap,subsistence,0.38947975765494325,0.15409782393703278,,
consumption,subsistence,0.3898897779936444,0.10000057927447362,,
shop,subsistence,0.3905054774218377,0.08942186542476524,,
flute,subsistence,0.391046672356588,0.046549383539449256,,
prison,subsistence,0.39114616009561093,0.031243246945373827,,
sob,subsistence,0.39174490272087514,0.007372103482507607,,
substitute,subsistence,0.3918279071221938,0.009328471967245167,,
instruction,subsistence,0.39216732979088126,0.03404416323220726,,
bicycle,subsistence,0.3927092737227419,0.1902675800320488,,
safety,subsistence,0.39279024155613806,0.05197630987323603,,
assembly,subsistence,0.3929854367130514,0.14197267697133367,,
ton,subsistence,0.39326247861013897,0.2125880032250927,,
payment,subsistence,0.3941549397777936,0.0277172562333422,,
service,subsistence,0.3951877448400132,0.038487895886015824,,
screen,subsistence,0.39557720717550565,0.0784112992449355,,
contribution,subsistence,0.39742934370679583,0.016462308522274323,,
mat,subsistence,0.39813812815940036,0.014447779035610217,,
swarm,subsistence,0.3983645484418056,0.0245361588493331,,
sorrow,subsistence,0.3984078070240547,0.03112028333659811,,
joy,subsistence,0.39886932692757654,0.03194085285433286,,
pear,subsistence,0.39909792877027445,0.1191113854798273,,
unity,subsistence,0.39974475698188666,0.1269350305590243,,
sheep,subsistence,0.4014948774556507,0.024000644288980796,,
minute,subsistence,0.4023436620688671,0.03677942881303333,,
shame,subsistence,0.40327831150930615,0.001056984375297861,,
tomato,subsistence,0.40388132572854163,0.09204261610390628,,
refuge,subsistence,0.4042299079385584,0.10707086188673058,,
ability,subsistence,0.405218271734292,0.016864903207369487,,
ceiling,subsistence,0.40556232521129254,0.061102918657056325,,
enclosure,subsistence,0.405949012030743,0.03362093312621192,,
wage,subsistence,0.40685083760569324,0.03593555223401803,,
port,subsistence,0.407543208464276,0.09125300461877395,,
ink,subsistence,0.40799197333852016,0.05209096338556137,,
guardian,subsistence,0.40853405508434815,0.08573578191160042,,
laughter,subsistence,0.40895354721668803,0.007108221416860558,,
contrary,subsistence,0.40937927346880526,0.03625120814315116,,
trough,subsistence,0.41019900143368404,0.030384802026986405,,
book,subsistence,0.4108923732110492,9.783362559910415e-4,,
chicken,subsistence,0.41091477571439206,0.034556035744150844,,
childbirth,subsistence,0.41121331672429806,0.040712026534139543,,
pepper,subsistence,0.4121516360166193,0.03687696780547334,,
stain,subsistence,0.4122765381421317,0.03770520448475393,,
rust,subsistence,0.41236538936721384,0.006275404947939252,,
balance,subsistence,0.4124081440993585,0.04758508433377234,,
cure,subsistence,0.4126071679463094,0.0021206600507983346,,
mixture,subsistence,0.41265721382867515,0.009615859945287355,,
leap,subsistence,0.4129984293435856,0.014097054178302378,,
agent,subsistence,0.4131518196302909,0.027166895865474744,,
mouthful,subsistence,0.4137274625986618,0.12098141669032503,,
flock,subsistence,0.4139710664278085,0.008704968497849207,,
salvation,subsistence,0.4146903907130669,0.07841462067067254,,
drain,subsistence,0.41572312168070114,0.0278039977213918,,
arrangement,subsistence,0.416629338237019,0.04494945799379017,,
incense,subsistence,0.416764886173489,0.10004797439652205,,
goat,subsistence,0.4177665253843572,0.04576117780394161,,
energy,subsistence,0.4186312488239102,0.08759972483592052,,
malice,subsistence,0.4187044078836502,0.11242674374225207,,
mole,subsistence,0.42017145769128067,0.005056028974559588,,
fabric,subsistence,0.42019248934618303,0.14826138981620565,,
patient,subsistence,0.42078871791490013,0.004354341127666849,,
success,subsistence,0.42137189867912567,0.04102342658397114,,
funnel,subsistence,0.42189010566766266,0.026046212623185468,,
bell,subsistence,0.4222030930385962,0.0012707168672537615,,
feast,subsistence,0.4223152558337394,0.026167064634916744,,
professor,subsistence,0.42260344792459986,0.0992478133911279,,
mode,subsistence,0.4228018769449395,0.15837647986264153,,
master,subsistence,0.42306748301909203,0.00828210958550094,,
unit,subsistence,0.423273465971322,0.0354745174236341,,
multitude,subsistence,0.4232851755062002,0.09946098668004363,,
pearl,subsistence,0.4233536674861354,0.08875671310398453,,
pill,subsistence,0.4237596247991218,0.03900098596129206,,
choice,subsistence,0.4247594063716073,0.006221074094534884,,
wall,subsistence,0.4249740245406819,3.6182116940930057e-4,,
parting,subsistence,0.42523203017492944,0.07677681325325285,,
film,subsistence,0.4266745509361211,0.18463397838226625,,
harbor,subsistence,0.42832217356455815,0.12272012160688418,,
device,subsistence,0.4285634680117527,0.04050598316586124,,
drawer,subsistence,0.42892485109435563,0.07453604095635025,,
fatigue,subsistence,0.4289619899933208,0.053164351533147185,,
occasion,subsistence,0.43070629900220386,0.007282637056568137,,
delay,subsistence,0.43101088278552574,0.01300682253566753,,
column,subsistence,0.431488936810932,0.028884911309038246,,
learning,subsistence,0.4316159873439145,0.005281731900526395,,
chalk,subsistence,0.43213118652029625,0.05448969437698618,,
music,subsistence,0.4321842859326919,0.035140052154431674,,
famine,subsistence,0.432606097053896,0.014736335417940227,,
hatred,subsistence,0.4326450312854061,0.05151894787630995,,
printing,subsistence,0.4326540357168455,0.07537399484224136,,
grate,subsistence,0.4332143610288405,0.04670609435631962,,
communication,subsistence,0.43354236310774596,0.07395409331410012,,
holder,subsistence,0.43386582600468643,0.03253034658013607,,
opinion,subsistence,0.433997004432019,0.025583352591334495,,
pea,subsistence,0.43509531911368776,0.01912838755569408,,
separation,subsistence,0.4354695330749163,0.05177487285693864,,
pat,subsistence,0.4357468140926219,0.06646288055727241,,
yarn,subsistence,0.43591226005278816,0.05213726916558549,,
deception,subsistence,0.4360412024639114,0.09310228392929865,,
donkey,subsistence,0.4364084228929379,0.11239573639962026,,
package,subsistence,0.43689492552710013,0.03046672199674323,,
murder,subsistence,0.43706426231360235,0.006829825152156679,,
porridge,subsistence,0.4378255281204578,0.20386575031676235,,
accusation,subsistence,0.43802924384530056,0.03427744703778082,,
notch,subsistence,0.43875423362838323,0.052074301488135424,,
competition,subsistence,0.4388500019632955,0.0954471288711886,,
party,subsistence,0.4392322825609694,0.011720919593795546,,
account,subsistence,0.43931212028114547,0.010710116816161002,,
temperature,subsistence,0.4407698635529811,0.059938761565333315,,
quantity,subsistence,0.44156809528027535,0.006338133976854392,,
pupil,subsistence,0.44225407446240694,0.0026580518184949374,,
bud,subsistence,0.44271750875614346,0.004920073649626319,,
god,subsistence,0.4436631658662075,0.016713092356033844,,
wrath,subsistence,0.44397167838640106,0.07646862623524893,,
hour,subsistence,0.4442138366089442,0.005503353428662072,,
disgust,subsistence,0.4452762829198616,0.02537957812839896,,
chatter,subsistence,0.4455078999225317,0.007973991875645287,,
repair,subsistence,0.44591031389322194,7.937811187869228e-4,,
forest,subsistence,0.44678572492987917,0.006403491972486752,,
trust,subsistence,0.44683819317593654,0.008890245367945955,,
pouch,subsistence,0.4471600348670021,0.05548964116560447,,
yam,subsistence,0.44739808074493226,0.2108378665153516,,
address,subsistence,0.4475894911271991,0.00973565914948179,,
existence,subsistence,0.4487526099571045,0.029838590799896734,,
span,subsistence,0.448957685237321,0.04023875964748087,,
performance,subsistence,0.4490307225108141,0.05429965904352072,,
clan,subsistence,0.44958491781721877,0.20236814276704984,,
enemy,subsistence,0.4498894266261193,0.0016972586914244965,,
trade,subsistence,0.45009797521857037,0.0037147951246616446,,
paste,subsistence,0.4503320304693772,0.044738463812007315,,
chain,subsistence,0.45035828345008916,2.945015934589855e-4,,
interpretation,subsistence,0.45126086709041835,0.03708690418174619,,
bitch,subsistence,0.45160758773711984,0.03914140150351279,,
origin,subsistence,0.45166470527743297,6.258914771471721e-4,,
ravine,subsistence,0.4520831598553546,0.059774427785361864,,
longing,subsistence,0.4522685133912064,0.08275242506769744,,
disciple,subsistence,0.4530111900692,0.05831122312020664,,
beer,subsistence,0.4533124066263883,0.09522635251109518,,
saddle,subsistence,0.45389657245933007,0.041127939590353144,,
funeral,subsistence,0.45514759092104606,0.07634577684814708,,
bolt,subsistence,0.45556284429652116,0.006695571283903342,,
partition,subsistence,0.4562362402405878,0.06111818704924645,,
repetition,subsistence,0.45673132454927695,0.012651830371209337,,
offense,subsistence,0.4571862867927271,0.02914591706666038,,
roar,subsistence,0.45859188854453353,0.009680685217240487,,
opportunity,subsistence,0.4609739164857933,0.016299539347453377,,
meal,subsistence,0.46210252596374984,2.8774511771126815e-4,,
conversation,subsistence,0.46701114190729626,0.0032706037061620234,,
association,subsistence,0.46728894801340665,0.02523639776774285,,
hearth,subsistence,0.4683061894070412,0.10402944626865884,,
fever,subsistence,0.46964963676220856,0.0018730056352335854,,
belief,subsistence,0.47109809781449885,0.003262143546627112,,
coral,subsistence,0.4727639523003058,0.1170721026841466,,
kindness,subsistence,0.47307666998300724,0.026932811042932353,,
cement,subsistence,0.47312074988186437,0.009517935912305773,,
paradise,subsistence,0.4733373294620751,0.1371964843722369,,
arrest,subsistence,0.4739810753046992,0.009409137246075982,,
disregard,subsistence,0.47487479518986275,0.0879538425912121,,
coward,subsistence,0.4755672554967779,0.019352090736553626,,
ward,subsistence,0.4757156974593108,0.021438070498396983,,
veil,subsistence,0.47745835852831686,0.0897314561438187,,
width,subsistence,0.47748706046033107,0.0038355103817000495,,
flutter,subsistence,0.4783505297929403,0.03116281418241689,,
remainder,subsistence,0.47854173748492623,0.004592767993066588,,
marble,subsistence,0.4797086940196326,0.05275612739222389,,
placenta,subsistence,0.47997797750848703,0.05376967659721758,,
witness,subsistence,0.4809128503281822,0.005636725372690047,,
assistance,subsistence,0.48104607813890354,0.00276707426223673,,
confusion,subsistence,0.48128407347114055,0.016137130584542567,,
hero,subsistence,0.48138317002217124,0.023167173870148258,,
rumor,subsistence,0.4813899527227181,0.024825245515542643,,
cheese,subsistence,0.48179884256514777,0.07598523929812438,,
oak,subsistence,0.4828094477907816,0.12366749826358651,,
slave,subsistence,0.48281302282248373,0.026703196688503086,,
endeavor,subsistence,0.48384508642538787,0.04007909707264767,,
gas,subsistence,0.48393509899940745,0.049617085752410084,,
estimate,subsistence,0.4857176459360199,0.10169761003496867,,
stocking,subsistence,0.48730999635252775,0.07584256701098466,,
cucumber,subsistence,0.48773724334557306,0.02599201692032667,,
esteem,subsistence,0.4882823317974939,0.06826738842380366,,
treasure,subsistence,0.4891170170075908,0.03981154351150201,,
testimony,subsistence,0.4925054702830283,0.048535381697443744,,
straw,subsistence,0.49329780826662295,0.031270262663110795,,
household,subsistence,0.49363481893024364,0.020489025972729686,,
appeal,subsistence,0.49389940240419555,0.0708893662318883,,
plaster,subsistence,0.494975405658125,0.02083001999899049,,
town,subsistence,0.4958246035995966,0.005844547907282853,,
warning,subsistence,0.4961651756455938,0.0011919227784275629,,
job,subsistence,0.4966125255664141,0.0015208453835000235,,
victory,subsistence,0.49857915273477976,0.043220931978240215,,
cane,subsistence,0.5001872282133499,0.004480758618708108,,
honor,subsistence,0.5023722658795631,0.004842270529569628,,
ditch,subsistence,0.5027739101719308,0.0028510011331975395,,
delight,subsistence,0.504360911113859,0.05642554785288632,,
extract,subsistence,0.504536746385968,6.512996682546146e-4,,
model,subsistence,0.5046168156800614,0.029121833152789683,,
marriage,subsistence,0.5046823382988636,8.231439068208466e-5,,
fore,subsistence,0.5053318986233426,0.0663550151307025,,
reproach,subsistence,0.505773512866553,0.049197453615489085,,
utensil,subsistence,0.5059471103408248,0.024257734226620455,,
truck,subsistence,0.5061761792067496,0.06246342460080006,,
necessity,subsistence,0.508330547884426,0.025693114638690003,,
interval,subsistence,0.5106717328217574,0.011589699991910857,,
vessel,subsistence,0.5110994240527235,0.01614574811823995,,
rum,subsistence,0.5124650318149392,0.1017631978889685,,
hoe,subsistence,0.5128743006370309,0.03364269852226142,,
distress,subsistence,0.5128985584278549,0.035912269643256,,
property,subsistence,0.5148641059704286,0.0016739374341130126,,
departure,subsistence,0.5149413135723275,0.022006821608608045,,
husk,subsistence,0.5153929565348848,0.05176803797084978,,
quake,subsistence,0.5155826081878768,0.0021815482633145804,,
maker,subsistence,0.5157005705429697,0.012495633134237807,,
agreement,subsistence,0.5166005875645917,0.001859801643467238,,
writer,subsistence,0.5168641504398324,0.014674740554798416,,
authority,subsistence,0.5171089447755008,0.004384994591507264,,
operation,subsistence,0.5171489411960605,0.03350679970755163,,
envy,subsistence,0.5186520331037313,0.0029578709934836287,,
boar,subsistence,0.5187176245081713,0.053601337507799024,,
foundation,subsistence,0.5187271742195474,0.003073567593969412,,
bulge,subsistence,0.5190634774730599,0.012036575553110935,,
tube,subsistence,0.5194143943261648,0.0031262239792206894,,
astonishment,subsistence,0.5194923301631774,0.027989722523184525,,
farmer,subsistence,0.5197994548278968,0.03835646501253021,,
burden,subsistence,0.5199874749762124,0.001991130788335569,,
resin,subsistence,0.5207490765618564,0.009355285465554728,,
injection,subsistence,0.5219120372617959,0.011484500334641065,,
bin,subsistence,0.5225220043001887,0.05459947267568967,,
training,subsistence,0.5225525480620452,0.06397426747776705,,
refrain,subsistence,0.5238496084849265,0.008168622852031439,,
greeting,subsistence,0.5239868440655917,0.008862252643038082,,
beauty,subsistence,0.5240649488677429,0.015563861806221473,,
stack,subsistence,0.5240748342468062,0.0038628615730966986,,
lord,subsistence,0.5243587579836254,0.02214909369459723,,
accord,subsistence,0.5243784537310197,0.01515949865531827,,
scholar,subsistence,0.5263005729558037,0.0493164958311309,,
til,subsistence,0.526488659663813,0.05920934824430256,,
harmony,subsistence,0.5266109156033346,0.08108917607182034,,
stitch,subsistence,0.5271700028547862,0.0036554218100589065,,
violence,subsistence,0.5274373476296422,0.029044686020725026,,
leather,subsistence,0.5296308655772315,0.003942235129279055,,
mule,subsistence,0.5305214990749386,0.03732481434048007,,
ox,subsistence,0.5314752366903677,0.05513520812001812,,
lad,subsistence,0.5314858980127493,0.027330747553532757,,
damage,subsistence,0.5326414558490818,0.003955780877744485,,
victim,subsistence,0.5327311591532564,0.013214594831559876,,
suit,subsistence,0.5329846286126747,0.008661466790373476,,
pot,subsistence,0.5330503052970987,8.055583712467781e-4,,
bracelet,subsistence,0.5334503583040499,0.008855444338276541,,
hardship,subsistence,0.5344055289986323,0.04205264963209702,,
value,subsistence,0.5352374231683918,9.874803077853635e-5,,
government,subsistence,0.5354251513417796,0.011227243081343749,,
product,subsistence,0.5372368637472594,0.023998771972877416,,
spleen,subsistence,0.5380080140226257,0.004885496303338895,,
opposition,subsistence,0.538488596944607,0.020961836244299956,,
blindness,subsistence,0.5386280330619307,0.04355852666199758,,
reply,subsistence,0.5389301579193979,0.006039058105800438,,
arch,subsistence,0.539240411842404,0.019305927142729867,,
mold,subsistence,0.5412581263223646,7.261245621149187e-4,,
cake,subsistence,0.5414342742754621,0.0027533502780400904,,
gold,subsistence,0.5414858083434028,0.004345127684129683,,
consent,subsistence,0.5415025840069967,0.013498385164399962,,
soul,subsistence,0.5423214667120873,1.3339850534109757e-4,,
harm,subsistence,0.5426201611496001,1.2396749995872337e-4,,
clip,subsistence,0.5435862926354706,0.0138710324001167,,
chant,subsistence,0.5438408233211541,0.03410771470228682,,
profession,subsistence,0.544059959927377,0.07123932282218855,,
wool,subsistence,0.5440839189801543,0.00705188749656752,,
pulp,subsistence,0.5452295079953109,0.025824313527366066,,
prey,subsistence,0.5464803183625893,0.0027554268511065603,,
tumor,subsistence,0.5464950344291303,0.031505282483559334,,
measurement,subsistence,0.5465148090084077,0.02542236961471932,,
labor,subsistence,0.5466153313970421,3.6826689702940173e-4,,
haste,subsistence,0.5475416279224685,0.017512337248974483,,
vinegar,subsistence,0.5476205893684009,0.025136284655138123,,
shred,subsistence,0.5490326410348131,0.005891856547525206,,
increase,subsistence,0.550278308816401,1.2720496601653167e-4,,
prohibition,subsistence,0.551186006447203,0.030740703564831287,,
author,subsistence,0.5523300655653456,0.004099918501294209,,
bid,subsistence,0.553055079977816,0.039885387470722206,,
disaster,subsistence,0.55323749149298,0.07383343037765806,,
fling,subsistence,0.5538855508412555,0.01062135897497634,,
production,subsistence,0.5556462182146062,0.04030686977235838,,
trick,subsistence,0.5566659041867761,0.0010288657999303196,,
method,subsistence,0.5573934371040614,0.0029708287798007006,,
flavor,subsistence,0.5574197560799344,0.001998232092274098,,
invitation,subsistence,0.5576151643852182,0.00849427383256994,,
dye,subsistence,0.5577869139155287,2.7877534455557443e-4,,
prisoner,subsistence,0.5579735193047679,8.76227291389925e-4,,
sin,subsistence,0.5591044469679433,0.006340621132586108,,
illness,subsistence,0.5591252089628863,0.0034393901514173865,,
flight,subsistence,0.559545122279308,0.0015002010463677758,,
gender,subsistence,0.559865558719241,0.03035320018197147,,
mustard,subsistence,0.56056118321344794,0.03683536213297617,,
polish,subsistence,0.5606889585476176,0.0011421347624096102,,
deed,subsistence,0.5612451351796035,0.016277188763326334,,
bun,subsistence,0.5612617434787108,0.012175825307416384,,
inhabitant,subsistence,0.5632292692117855,0.0010146810549209904,,
resemblance,subsistence,0.5645404063236446,0.010763521576912677,,
cattle,subsistence,0.5647012394911165,0.007639637875026342,,
aid,subsistence,0.5648190694932564,3.233789341547789e-4,,
worship,subsistence,0.5649888232128376,0.010504520765348425,,
ingredient,subsistence,0.5675093193836669,0.004439487874507454,,
officer,subsistence,0.5679163606765181,0.02001709693709913,,
breed,subsistence,0.5706667426663921,0.005525073273483481,,
manure,subsistence,0.5718173701577807,0.003564065212330635,,
vegetable,subsistence,0.5718271135085743,7.756314045047916e-4,,
hinge,subsistence,0.572394229468412,0.006909084239777216,,
flag,subsistence,0.5731201992527659,5.545502712065638e-4,,
divorce,subsistence,0.5733410590985623,0.0014582150642663038,,
abortion,subsistence,0.5737663213550848,5.136119334744704e-4,,
conflict,subsistence,0.5738987332266091,0.012495865185811104,,
thief,subsistence,0.5754960216058884,2.0011510510915003e-6,,
disease,subsistence,0.5777613380199145,6.596915796024003e-5,,
memory,subsistence,0.5784940268332085,0.0014352697485383232,,
tilt,subsistence,0.5786300343973219,0.014884802737670375,,
science,subsistence,0.578656542132483,0.04532782466528368,,
follower,subsistence,0.578782810286393,0.014036059729953556,,
bang,subsistence,0.5792629313710083,0.01196519453827964,,
altar,subsistence,0.5797546837300003,0.012877537427511566,,
mum,subsistence,0.5811460876640697,0.005911167148058536,,
reality,subsistence,0.5821670834716203,0.00432254787127603,,
resident,subsistence,0.5847814869052174,0.0012332766665381439,,
failure,subsistence,0.5857004510744475,0.02800281128139846,,
transport,subsistence,0.5861327714845286,0.006709997473025292,,
hall,subsistence,0.5861714005306566,0.01812594684466811,,
image,subsistence,0.586720300771952,9.784062316755512e-4,,
rafter,subsistence,0.5869495311233853,0.07102510357825088,,
pleasure,subsistence,0.5889538306034584,0.005492427699186318,,
student,subsistence,0.5897126306317075,0.007516072832712627,,
ore,subsistence,0.5916363264241458,0.0707576980939038,,
servant,subsistence,0.5927296448980409,0.0029365445481416685,,
brightness,subsistence,0.5934439857024014,0.01630825444650284,,
tale,subsistence,0.5934935179516612,0.0017239547451145785,,
vine,subsistence,0.5980056721107877,0.010472533000082431,,
exercise,subsistence,0.5985035925881691,0.005076377709929823,,
craft,subsistence,0.5986442720320456,0.011667524033111406,,
parcel,subsistence,0.5996190240070122,0.015344427399854827,,
purchase,subsistence,0.600842619289941,6.345014985429556e-4,,
oath,subsistence,0.6017867135954298,0.006680622463615698,,
tub,subsistence,0.6024157708640927,0.006162800827396516,,
soot,subsistence,0.6029142178148383,5.569314671062224e-4,,
remedy,subsistence,0.6029367817794229,0.012803581718020148,,
trickle,subsistence,0.6038353383525668,0.008973860785333302,,
chat,subsistence,0.6043759102583813,0.0017947134413082517,,
reptile,subsistence,0.6043975725322597,0.007532808001632749,,
plot,subsistence,0.6058484210902327,0.007952261674584236,,
chapter,subsistence,0.6059063185825226,0.008920890563194431,,
youth,subsistence,0.6062140680241265,4.2032066960402e-5,,
hesitation,subsistence,0.6066100645892459,0.005555582156308801,,
debate,subsistence,0.6073304876742792,0.034387343035377445,,
fashion,subsistence,0.6090935161363974,1.4983981842801614e-4,,
glory,subsistence,0.6096403889735016,0.0036089076683697833,,
fountain,subsistence,0.6096526022095169,0.01787080351137409,,
profit,subsistence,0.6104203138195101,0.012995839539176542,,
religion,subsistence,0.6106120578974166,0.0058212039230793045,,
application,subsistence,0.6108105060297953,0.0041347936531718485,,
melon,subsistence,0.6110719299766291,0.010878614448396221,,
host,subsistence,0.6114070690901358,0.0034631508093020454,,
stool,subsistence,0.6121698021853573,0.004355761886996502,,
reign,subsistence,0.6132838179847834,0.05184055916459161,,
loss,subsistence,0.6149234392022676,4.942192994856963e-4,,
education,subsistence,0.615720154679125,0.006049354340787224,,
brim,subsistence,0.6158827980556398,2.7598557123428846e-4,,
score,subsistence,0.6168986113199045,0.011115677041153465,,
stroll,subsistence,0.6174036984388239,0.02393050402393774,,
lamb,subsistence,0.6174042883320763,0.005968192105944004,,
attitude,subsistence,0.6184690155047774,0.00875082620820293,,
decay,subsistence,0.6189249559885309,0.0029198315428607315,,
testament,subsistence,0.620309034046127,0.00854152901157115,,
incline,subsistence,0.6215871498498546,0.0034062942548638182,,
din,subsistence,0.6216109167751167,0.04288372163844342,,
compassion,subsistence,0.622439125511806,0.003380706741426471,,
dung,subsistence,0.6248758078950829,0.0017255496220536732,,
queen,subsistence,0.6278386151671085,1.019154225495321e-4,,
likeness,subsistence,0.6315128506122664,0.0037428856210711377,,
holiday,subsistence,0.6344133480961573,0.017880518751613103,,
nonsense,subsistence,0.6348742440864237,0.01236873130692411,,
rail,subsistence,0.6349853358867982,0.002324811682977435,,
counsel,subsistence,0.6373247075880882,0.00782570246046567,,
plank,subsistence,0.6379842217198313,0.003356805214481169,,
progress,subsistence,0.6382585487679291,0.0014160526939127446,,
disturbance,subsistence,0.6392730782273066,0.007861266942465956,,
angle,subsistence,0.6394068913464834,5.913285153563674e-5,,
yoke,subsistence,0.6395224698891158,0.011887524989611008,,
complaint,subsistence,0.6417486358279908,0.006248910662613707,,
president,subsistence,0.6438907773596442,0.0340734410114046,,
ownership,subsistence,0.6448982117990338,2.3582129005462403e-4,,
affair,subsistence,0.6450450300054579,0.005141536039896787,,
ham,subsistence,0.645620254879943,0.020574888608409857,,
friendship,subsistence,0.6465236345875,0.0024372477969970335,,
mankind,subsistence,0.6468674707481917,0.007549211923421018,,
prayer,subsistence,0.6469058981520687,3.6036007568268104e-4,,
date,subsistence,0.6477618993499888,4.594521185978903e-5,,
transfer,subsistence,0.6477956278519724,0.012728102186201677,,
driver,subsistence,0.6479077770388775,0.005045533738652367,,
chance,subsistence,0.6486778652596353,1.1127530075537457e-4,,
residence,subsistence,0.6513776539932049,0.0015568111346140818,,
gin,subsistence,0.6529670000184215,0.007027620766096074,,
remembrance,subsistence,0.6535952819004455,0.002882370193149084,,
envelope,subsistence,0.6544964429906082,5.0325526322770384e-5,,
pillar,subsistence,0.6575063425976486,0.0065187411999990345,,
crease,subsistence,0.6595517941492266,0.008309536567024529,,
mallet,subsistence,0.6598964235551346,8.466116455570277e-4,,
lesson,subsistence,0.6599715217395911,0.004565662501979952,,
festival,subsistence,0.6628688480599044,0.059925800956147815,,
reward,subsistence,0.6641849650297179,7.802318004899714e-4,,
limit,subsistence,0.664721710230942,3.9735056314314375e-4,,
filth,subsistence,0.6647899090112396,0.005843861353939618,,
poverty,subsistence,0.6648132893778721,0.001830601145562207,,
torment,subsistence,0.6649733042882232,0.013671792747996913,,
barber,subsistence,0.6653195458887642,0.008245467848039659,,
strainer,subsistence,0.6665938000117738,5.8869610531859486e-5,,
idiot,subsistence,0.6678313435829566,0.021719908947597285,,
witch,subsistence,0.668434776713737,0.003407793245492679,,
nation,subsistence,0.669567827446423,0.0028854966103356657,,
credit,subsistence,0.6697967180439706,0.0023074523966726294,,
rite,subsistence,0.6707748614304078,0.004075719831329468,,
bar,subsistence,0.6715992874512741,3.106456935686586e-4,,
pasture,subsistence,0.6720302235239024,0.012612410532483747,,
tune,subsistence,0.6723965488360938,5.504397422644691e-4,,
reed,subsistence,0.6728011124230162,3.350753172018027e-5,,
idol,subsistence,0.673430500826975,0.01524001871633306,,
ion,subsistence,0.6744471658872265,0.022683153168366613,,
peace,subsistence,0.6761138383477562,9.32180565865585e-6,,
guilt,subsistence,0.6778329332155151,0.0034187368565266603,,
tug,subsistence,0.6783101966047503,6.02327031530039e-4,,
asthma,subsistence,0.6786015627606122,0.009903685688593667,,
epidemic,subsistence,0.67878804246528,0.001561346178608252,,
disagreement,subsistence,0.6788105983112327,0.017374752051323192,,
ease,subsistence,0.681786944678015,1.0440133096223835e-4,,
grief,subsistence,0.6836290981163696,0.0023218195810701834,,
suspicion,subsistence,0.6836608977762544,0.005688030461679394,,
canal,subsistence,0.6856619830089681,0.006482471515878458,,
tax,subsistence,0.6861940881028975,0.0032495478733659414,,
sieve,subsistence,0.6866019472250707,0.0011335393311709071,,
decline,subsistence,0.686673990910284,0.012817712050904652,,
penalty,subsistence,0.688125760750044,0.014995758833145795,,
threat,subsistence,0.6897135443172671,0.001357785385147291,,
foreigner,subsistence,0.6908892836491926,3.328039215907815e-6,,
jar,subsistence,0.6911561680187979,0.002042162154710104,,
ulcer,subsistence,0.6922316945003931,0.004885392205531499,,
diet,subsistence,0.6929789009632757,0.003702562036503706,,
representative,subsistence,0.693107360752954,0.0025565125270428017,,
wine,subsistence,0.6943739160947988,0.001801468670371399,,
border,subsistence,0.6950215603682999,3.4641068549556735e-6,,
inn,subsistence,0.6950408112479072,0.039970778954694905,,
observation,subsistence,0.6960951919786743,0.0015050163379900288,,
anxiety,subsistence,0.6970328474819656,0.007366557082836255,,
inheritance,subsistence,0.6974293879769484,0.0015681957235839962,,
inquiry,subsistence,0.6979422826479335,0.007236196352518462,,
merit,subsistence,0.700168506313765,0.031176790907765355,,
deceit,subsistence,0.7011700050672426,0.010259146163408539,,
misfortune,subsistence,0.7012390687840869,0.0014041579550538622,,
pledge,subsistence,0.7020678590028275,0.015182971060769337,,
employment,subsistence,0.7029132538140855,0.006616520058064813,,
vow,subsistence,0.7030293048329832,0.010442817004057055,,
madness,subsistence,0.7053286946937432,0.02013751113152479,,
newspaper,subsistence,0.708052340793783,0.023549715103844907,,
century,subsistence,0.7112668592243733,0.004600599210349973,,
tank,subsistence,0.7112858049153721,0.0065999531768417595,,
rut,subsistence,0.7144336109502996,0.0057568546089357,,
pumpkin,subsistence,0.7175241325229977,0.0042320360286314945,,
theft,subsistence,0.7175770685108789,2.8001554412276653e-4,,
rape,subsistence,0.7193746193308889,3.3871083373277763e-4,,
debt,subsistence,0.722174930926425,1.3053841242765054e-5,,
organization,subsistence,0.7233107784062629,2.17846375893652e-4,,
city,subsistence,0.7250349360043906,0.0015121227848322563,,
scorn,subsistence,0.7255051419949972,0.0034459448898092747,,
business,subsistence,0.7260450146235763,6.705917395904119e-4,,
saint,subsistence,0.7264214834760884,0.013280357782729159,,
minister,subsistence,0.7270121642986106,0.007842698339328947,,
disk,subsistence,0.7271481870459191,0.0024984064039567195,,
maid,subsistence,0.7273541273570352,0.006723475470665935,,
china,subsistence,0.7274928057366699,0.02441681173321642,,
alarm,subsistence,0.7289601119047816,0.0012602641961885768,,
misery,subsistence,0.7318297433684917,0.0069368063797782585,,
governor,subsistence,0.7352540430526355,0.0034531516864393054,,
advantage,subsistence,0.7358143490542202,4.0759812436562e-4,,
trash,subsistence,0.736552056872707,0.006595535943278513,,
omen,subsistence,0.7391525081082964,3.245937440456403e-4,,
peanut,subsistence,0.7439795182096898,0.031194259085522414,,
coin,subsistence,0.7443103738392013,4.33046649850253e-5,,
passion,subsistence,0.7447678688780266,0.005588228583323339,,
robber,subsistence,0.7452766060968806,5.572765008460417e-4,,
deposit,subsistence,0.7456364963928731,7.512315650243917e-4,,
office,subsistence,0.7485967853808326,7.624395557603679e-4,,
lineage,subsistence,0.7514337043185574,0.020743732900190097,,
control,subsistence,0.7514525518613916,2.2050302835122644e-4,,
salary,subsistence,0.7543925303319878,0.01998643630029208,,
caution,subsistence,0.7559630143868222,3.2725572321301235e-4,,
reputation,subsistence,0.7562113847109732,0.0035827425934896024,,
disorder,subsistence,0.7563038541400892,0.003527833238931424,,
cardinal,subsistence,0.7574438838229645,0.0027197766620954745,,
breadth,subsistence,0.7605099241760929,0.0014638371316263,,
copper,subsistence,0.7636344996081035,1.0892486566777976e-4,,
gulp,subsistence,0.7657253991473857,5.629204449635047e-4,,
ruler,subsistence,0.7665429718691679,4.051140952224884e-4,,
fowl,subsistence,0.767428595233637,6.313250409781292e-5,,
cotton,subsistence,0.769423011577353,1.2738050712251622e-4,,
brood,subsistence,0.7701315508119704,0.0016425815289612376,,
police,subsistence,0.7719490443639552,0.002673603224203141,,
hedge,subsistence,0.7722139918158071,0.013593621110291023,,
reel,subsistence,0.774095893682019,0.0013851047928416563,,
harvest,subsistence,0.7744353405647753,1.3817084097872946e-4,,
groom,subsistence,0.7749537961826428,0.0026705232655592137,,
herb,subsistence,0.775019986764272,4.2891139136111595e-5,,
union,subsistence,0.7768654560910957,0.009773438334307714,,
beam,subsistence,0.7791034806090074,3.5092072600520416e-6,,
selection,subsistence,0.7830428141051459,0.001193549119221925,,
demand,subsistence,0.7848733731346313,2.777201303019392e-4,,
idiom,subsistence,0.7851045807988946,0.013620671644794937,,
passenger,subsistence,0.7871336169099714,0.0028263114249858254,,
wealth,subsistence,0.7876903538796068,4.7736696896329443e-4,,
sum,subsistence,0.7883904461776899,0.00413346836450673,,
literature,subsistence,0.7918865604926982,0.013226796308064993,,
clerk,subsistence,0.7921380327679312,0.0030975864166401077,,
rim,subsistence,0.7923780847625643,7.980589388118921e-5,,
happiness,subsistence,0.7931309128855948,8.25871771757962e-5,,
ally,subsistence,0.796442024919006,0.0024284871163413172,,
chamber,subsistence,0.80125291886445,0.003516172970644702,,
furniture,subsistence,0.8019179937294038,0.0025783954511427987,,
keeper,subsistence,0.8019402908166472,0.0011554767579004587,,
slaughter,subsistence,0.8047816860835658,4.903545176654447e-4,,
forgiveness,subsistence,0.8050218178209589,5.716420530219715e-4,,
farm,subsistence,0.807692593360391,0.009258174956148597,,
mill,subsistence,0.8091111203819727,2.9040645647303347e-4,,
silk,subsistence,0.8095481315341839,0.0013212834251560266,,
bride,subsistence,0.8098071890848866,0.0013166198476076195,,
salute,subsistence,0.8110714966506692,0.003346417447617591,,
magician,subsistence,0.8113974779960651,3.902219190269619e-4,,
hell,subsistence,0.814754693255521,1.005380023322802e-5,,
epilepsy,subsistence,0.814833167352797,0.008417097848201577,,
equipment,subsistence,0.8149077016268104,0.0031004684736509656,,
gate,subsistence,0.8150212750871808,1.661672067083719e-5,,
demon,subsistence,0.8167796141936439,0.012016714119114617,,
lime,subsistence,0.8168466053061415,1.4224518823360068e-4,,
grace,subsistence,0.8193716902918452,1.3577561833171169e-4,,
cost,subsistence,0.8201732855355839,1.123204630604064e-5,,
freedom,subsistence,0.8230274991239033,0.00202486024640992,,
rind,subsistence,0.8230384767584745,2.2811446487124e-4,,
court,subsistence,0.8235809209643892,2.9524438136406598e-5,,
solution,subsistence,0.823829206831552,3.0076717308481353e-4,,
rent,subsistence,0.8246610220785298,3.8163594320035816e-4,,
duty,subsistence,0.8247766822322412,7.524790411608614e-4,,
sir,subsistence,0.8258532669331656,0.0034337683640823058,,
verse,subsistence,0.8266826070993833,0.0038827167157763115,,
fort,subsistence,0.8274118605739339,0.004306181768243721,,
lemon,subsistence,0.8277617832386943,7.054301728060216e-6,,
farewell,subsistence,0.8331230761572425,1.4373099943047643e-4,,
document,subsistence,0.83377414892857,0.0029291055062293193,,
riddle,subsistence,0.83519585933669,6.480532367122373e-4,,
brass,subsistence,0.836037211884013,7.876932758618503e-4,,
decrease,subsistence,0.8374601845534707,1.5601121979971468e-4,,
fee,subsistence,0.839671784169464,0.0022411315884871322,,
wedding,subsistence,0.8403728218367184,0.0013293964875017304,,
token,subsistence,0.8404542261153556,6.206761881277766e-4,,
dagger,subsistence,0.840853351271758,9.739333292536514e-4,,
highway,subsistence,0.8409098661510557,1.48604023512404e-4,,
beggar,subsistence,0.8416886771603433,3.1187013433168895e-5,,
garden,subsistence,0.8417565137081702,1.2059177949742489e-5,,
sport,subsistence,0.8419102148704565,9.313442018412415e-4,,
rank,subsistence,0.8420038797654177,4.937796551086111e-4,,
nerve,subsistence,0.8439887833838835,3.051932463355374e-4,,
province,subsistence,0.8440769354381235,0.023528679970491025,,
rebel,subsistence,0.8441021922313673,0.0032130867481604745,,
hospitality,subsistence,0.8479750913205033,0.006954423390539024,,
trader,subsistence,0.8500368115649326,7.241854909610869e-4,,
parrot,subsistence,0.8515279806419104,2.921985169666561e-4,,
prince,subsistence,0.8533907429187549,0.013902140680749875,,
charm,subsistence,0.8540653182590369,2.651654039657566e-4,,
mess,subsistence,0.855242773032671,7.130207739202029e-5,,
capacity,subsistence,0.8590153648227398,6.562117276506647e-4,,
cage,subsistence,0.8595941314238403,7.110898629272281e-6,,
pardon,subsistence,0.8603468609663831,3.0452043637865876e-4,,
beast,subsistence,0.8610929135019513,4.8196809287308064e-4,,
procession,subsistence,0.8635655654489194,0.0018035998580499348,,
crime,subsistence,0.8676157910769794,3.867871660296793e-4,,
battle,subsistence,0.8689542626075355,8.250728895129823e-6,,
witchcraft,subsistence,0.8703485608784541,6.598045341806004e-4,,
lust,subsistence,0.8712768959371503,3.102548932530516e-4,,
com,subsistence,0.874597969913042,7.356593593733732e-4,,
jug,subsistence,0.8754667851195999,6.265710033748984e-4,,
rate,subsistence,0.875548463360164,0.0010910225387575972,,
calamity,subsistence,0.875799284641763,0.01276923758780373,,
cart,subsistence,0.8781560740251767,4.925391469157075e-4,,
blacksmith,subsistence,0.8831495482331821,0.0033893741792197295,,
tor,subsistence,0.8832832762183759,0.002773707822177228,,
sale,subsistence,0.8844496111747681,1.4474995434763217e-5,,
litter,subsistence,0.88530101048065,2.0128695876956015e-5,,
appointment,subsistence,0.8856116355837585,0.0014922229601718755,,
mango,subsistence,0.8873660794092133,0.017077300351610432,,
disgrace,subsistence,0.8877193433514203,0.002977662628988918,,
fund,subsistence,0.8887018200760038,0.0026806239687494236,,
mistress,subsistence,0.8924246516267182,0.0037641324339495238,,
defect,subsistence,0.8944138959701566,0.0013655667999428825,,
price,subsistence,0.897087659185055,4.2095867840088146e-8,,
tower,subsistence,0.8974250738285997,2.4121383105102568e-4,,
kernel,subsistence,0.8974808912631032,1.6233022489173176e-4,,
sword,subsistence,0.8989916662118501,2.07339505339261e-6,,
brick,subsistence,0.8990183092254784,1.1545978935422321e-4,,
heir,subsistence,0.9071639031871748,6.453150647165402e-4,,
title,subsistence,0.9080759095456269,1.893551060711666e-4,,
halt,subsistence,0.9085275349795043,2.0726732816356565e-5,,
population,subsistence,0.9087439082465513,3.5188286869454797e-4,,
grade,subsistence,0.9090719847209442,0.002199329497144364,,
justice,subsistence,0.9108295027135015,7.126529672793045e-4,,
bosom,subsistence,0.9147971087491222,1.377765553429884e-4,,
destruction,subsistence,0.9170961305305474,6.193221747393329e-4,,
ram,subsistence,0.9184278295968911,8.972551772091612e-5,,
fortune,subsistence,0.9285124290759232,1.0857950422811952e-4,,
smallpox,subsistence,0.9291874600989711,5.736447320211369e-5,,
fragment,subsistence,0.9305801395799429,9.79413195423073e-6,,
greed,subsistence,0.9350777712500485,3.649109086905222e-4,,
as,subsistence,0.9378834229620997,2.9673173077416915e-4,,
grain,subsistence,0.9409006761645092,5.593595216093518e-6,,
trial,subsistence,0.9422178669047655,2.8362961775367352e-5,,
kingdom,subsistence,0.9445341861572453,1.1883380966645945e-4,,
acquaintance,subsistence,0.946477764147772,2.7635930735388722e-5,,
torture,subsistence,0.9467574802039916,0.001302629853697205,,
tailor,subsistence,0.9517734394572682,3.19720531473324e-4,,
risk,subsistence,0.9606402250810889,7.049476688852115e-4,,
acid,subsistence,0.9619487486124622,0.0017033146500858144,,
sickle,subsistence,0.9623100722540148,1.921239547898951e-5,,
obligation,subsistence,0.9654911252134672,3.940431679520148e-6,,
counter,subsistence,0.9679493291201415,4.690064989947787e-5,,
virtue,subsistence,0.9776857181944979,0.002878140977152188,,
corn,subsistence,0.980097715325288,7.65370927061273e-6,,
sacrifice,subsistence,0.981661386683532,1.6796530852144988e-4,,
bean,subsistence,0.9826659105451719,1.3415065316911847e-7,,
expense,subsistence,0.9837513397644639,0.0016428461186734963,,
attribute,subsistence,0.9866099762562444,8.600640414616884e-5,,
pineapple,subsistence,0.9868933665987486,0.0014144433436080902,,
cock,subsistence,0.9877868485996647,1.7575833139346012e-6,,
bamboo,subsistence,0.993804959918564,0.0036204435383924544,,
college,subsistence,0.9939464920166068,2.1640709014494053e-4,,
mane,subsistence,1.0068765773381114,3.433027770913552e-4,,
cash,subsistence,1.01314338738958,9.461312169639283e-4,,
sauce,subsistence,1.0137366281673232,0.0016171103355963844,,
cultivation,subsistence,1.018766670832675,0.0019591347074745594,,
eaves,subsistence,1.0234014691670257,2.1155602898920064e-4,,
guinea,subsistence,1.0277703037734816,0.01600209560366816,,
tomb,subsistence,1.0314392104466044,1.428995322727517e-5,,
street,subsistence,1.032381372475587,3.366635711302397e-5,,
army,subsistence,1.0326838662482545,3.2967664999534145e-4,,
tone,subsistence,1.036469668755833,0.002368500362773888,,
proverb,subsistence,1.0372541990090216,0.0025379132237583345,,
bond,subsistence,1.0396357910376939,1.460757470415324e-4,,
ale,subsistence,1.0398205333049813,0.005088376114002125,,
lag,subsistence,1.0411672979945417,1.6065756098416895e-4,,
capital,subsistence,1.052787664403714,1.0208281560882084e-4,,
garlic,subsistence,1.061536611614269,0.0011453156424081187,,
fraud,subsistence,1.0644085834599613,5.02528943401284e-4,,
surrender,subsistence,1.0739963032691249,4.48855044242454e-5,,
responsibility,subsistence,1.0761823910776274,8.054529101745957e-6,,
malaria,subsistence,1.0790028290563443,0.002060843688281935,,
bus,subsistence,1.0797587587075883,4.13750157241754e-6,,
pitcher,subsistence,1.0825248518002875,7.502713173467521e-5,,
escort,subsistence,1.0828501319453285,2.2339848504475195e-5,,
van,subsistence,1.0867074025802508,7.8547171879549e-5,,
crop,subsistence,1.09418428125001,4.551090342837179e-9,,
laborer,subsistence,1.1062731101746015,7.644076294337276e-5,,
gutter,subsistence,1.1093298418669169,3.803568034890711e-4,,
blessing,subsistence,1.1115931227503362,4.485134380203413e-6,,
prostitute,subsistence,1.1117976739367204,1.901432952178797e-7,,
harp,subsistence,1.1130540399415325,1.659805053554272e-5,,
ginger,subsistence,1.1451114021052098,2.4922184403605426e-5,,
announcement,subsistence,1.146371276697784,9.488811022659756e-5,,
bargain,subsistence,1.150663219631784,4.257461732277553e-5,,
prosperity,subsistence,1.1507270820249849,0.0026123756136397615,,
filter,subsistence,1.152915611535593,2.665537765148532e-5,,
warp,subsistence,1.1620061425540256,1.199123459969168e-5,,
examination,subsistence,1.163340135286748,3.1536191963135073e-4,,
enmity,subsistence,1.1857364821774425,1.5343156905148572e-4,,
neighborhood,subsistence,1.186383588780439,2.520251555716507e-5,,
celebration,subsistence,1.2086439635995465,2.0725258814699117e-8,,
plague,subsistence,1.2100867003500837,4.534842251400415e-6,,
potter,subsistence,1.231873422704789,2.634416311168791e-5,,
ban,subsistence,1.2339660199711895,2.960932062705398e-4,,
pottery,subsistence,1.2463199739803994,5.281525783072208e-6,,
era,subsistence,1.2483837444197385,5.5984407327896115e-5,,
meter,subsistence,1.2599290507465792,3.4291292377475476e-5,,
gentleman,subsistence,1.2627158910517737,1.2866376471210124e-5,,
vote,subsistence,1.2715182995973213,1.0163828634838832e-4,,
troop,subsistence,1.2840201486973426,0.0013454509124892157,,
merchant,subsistence,1.2945748706697944,1.0577907071910414e-6,,
bellow,subsistence,1.2956713980062076,3.573410773632795e-7,,
fate,subsistence,1.3099400282129487,1.4903269291320787e-5,,
district,subsistence,1.3434908609639649,2.2095145750681472e-7,,
drug,subsistence,1.3544910789487932,6.956878127784363e-6,,
spice,subsistence,1.3562794303995829,2.627624056536727e-6,,
plantation,subsistence,1.3799506827753527,1.827143104947698e-5,,
fame,subsistence,1.4192049427262239,4.53798660145509e-6,,
cob,subsistence,1.4231208649803087,1.3742917089391105e-5,,
palace,subsistence,1.425021440793778,0.0010067618691658442,,
compensation,subsistence,1.4478425515313171,6.230700647090885e-6,,
tile,subsistence,1.5713365618533768,1.125847322435239e-5,,
hemp,subsistence,1.6075061629778735,1.2199232300791704e-7,,
market,subsistence,1.61520347661632,5.8110966116483194e-09,,
maize,subsistence,1.6852472857311886,2.3045181250467805e-6,,
security,subsistence,1.6885140435011499,1.7056337999236206e-9,,
agriculture,subsistence,1.7889315572817024,1.639765111726798e-8,,
bribe,subsistence,1.9957188137092017,3.6162055405458617e-9,,
sibling,population,-1.1615305605085269,6.243602876624747e-20,,
variant,population,-0.9395108141713159,2.9902504734327673e-13,,
marker,population,-0.7604270334850719,6.416830743632335e-10,,
canoe,population,-0.7539912956146033,6.053148005861395e-11,,
container,population,-0.6569976964519604,4.491388718233391e-12,,
grandparent,population,-0.6395025360961196,5.981858463808057e-10,,
fingernail,population,-0.6340184000202442,3.316281995128937e-14,,
coconut,population,-0.5860708614431402,4.263258526449653e-6,,
yam,population,-0.5802554964204607,9.63786161717676e-8,,
linguistics,population,-0.5310349787077422,1.7718214843487573e-6,,
axe,population,-0.515614840087948,6.635047022809039e-23,,
penis,population,-0.5029468714681816,1.5678544148808472e-16,,
vagina,population,-0.5013919610451193,3.950852080940436e-12,,
sore,population,-0.5013440514106033,6.390880408415872e-8,,
example,population,-0.46991057957685584,7.708915470946132e-7,,
rooster,population,-0.4693187195251129,2.0241681983496345e-6,,
clam,population,-0.4669847437314369,1.219220835002769e-5,,
bush,population,-0.45690283225600503,3.0984182540697917e-15,,
grandchild,population,-0.4564481789238337,2.1520913621833554e-12,,
sister-in-law,population,-0.4525300318693528,2.864324103719987e-9,,
crab,population,-0.45131671573658555,2.1150336649458683e-13,,
fish,population,-0.44913821440389606,1.1144659514635715e-18,,
clan,population,-0.4459276989078078,5.2156309830272766e-5,,
firewood,population,-0.4447464311191589,1.4799546799654477e-12,,
fishing,population,-0.43470202576771955,8.944918422869083e-12,,
village,population,-0.42854275800643615,3.5815303156344566e-9,,
vine,population,-0.42580472405078823,7.251760267576082e-9,,
turtle,population,-0.42103381081916225,4.928570032455101e-10,,
location,population,-0.41910224413456015,3.7282520887983977e-7,,
baby,population,-0.4163412143226431,2.6686228156783393e-12,,
spear,population,-0.41467079546610347,1.894363301961736e-12,,
brother-in-law,population,-0.4099959968187561,3.984654221844557e-9,,
vowel,population,-0.4026315805994699,1.1622199840079953e-6,,
armpit,population,-0.4010136893876118,1.2806911873606182e-13,,
rainbow,population,-0.3995047483358475,1.3308467305659236e-19,,
hunting,population,-0.39927156360747307,1.3000106654993225e-13,,
log,population,-0.3966997357276702,3.117858249690483e-12,,
kinship,population,-0.3954173469769384,1.737429708243218e-5,,
feces,population,-0.39294637528261117,2.1599344674081795e-7,,
pig,population,-0.38093344570176524,6.026339023833536e-10,,
berry,population,-0.373942971550361,4.100484984659832e-8,,
tree,population,-0.37366568958312296,1.0813410027599306e-20,,
footprint,population,-0.3711227073235604,3.21750316214814e-10,,
bark,population,-0.3711062150128572,6.409877436403951e-19,,
lizard,population,-0.36914129865052164,2.4180573052957604e-13,,
oven,population,-0.3668924012431015,4.388137648341785e-6,,
speaker,population,-0.36673658773457357,6.552816189798534e-11,,
cliff,population,-0.3662041639255038,1.6433133711242178e-7,,
daughter-in-law,population,-0.3661696913047077,3.0697530932286923e-9,,
one,population,-0.36390566361696114,2.014845825382512e-10,,
context,population,-0.3629226473479271,3.6819624193797188e-9,,
daytime,population,-0.36175378835541827,3.41706502081449e-7,,
paddle,population,-0.3596190993953452,1.5626605356061226e-6,,
fern,population,-0.35942871977927465,4.4398156479704574e-6,,
fox,population,-0.3591668802865311,7.619901733244925e-10,,
fart,population,-0.3574350060289774,1.7743498468229583e-7,,
net,population,-0.3553569837533111,5.889300750463187e-5,,
backbone,population,-0.3551718755698548,2.9140665200436423e-9,,
tomorrow,population,-0.35485690491257416,4.743661664218179e-8,,
spouse,population,-0.35282308864793227,2.171465233486194e-5,,
creek,population,-0.3526206938242219,6.6942546135873e-4,,
eyelash,population,-0.35064981165410997,9.572962950788138e-12,,
banana,population,-0.34968635174068247,3.993931622426966e-5,,
testicle,population,-0.3484980186545272,4.462803602476904e-12,,
niece,population,-0.3470740459778349,1.474506651102978e-8,,
spider,population,-0.3461179520561699,4.152521966952002e-16,,
doorway,population,-0.3406690891722298,4.74084437663462e-7,,
father-in-law,population,-0.3406686550357459,4.972344610235909e-9,,
eagle,population,-0.3376334370362229,3.251189435408419e-11,,
belly,population,-0.33742344172401056,1.8077566746136532e-15,,
shell,population,-0.3368233164929925,8.096138468986206e-15,,
nephew,population,-0.3353540931460067,1.0011791202786307e-9,,
louse,population,-0.33359531199649595,1.8224472914437952e-7,,
chief,population,-0.3320255561223859,0.0024246954896204606,,
navel,population,-0.32790634375666067,4.460690315287146e-12,,
rafter,population,-0.32716677535477556,4.0839929044689575e-4,,
daylight,population,-0.3265876914801985,1.6192626894643318e-6,,
mother-in-law,population,-0.3257987977893659,5.24037821415355e-8,,
area,population,-0.3246930245208119,2.8268920659454267e-7,,
swamp,population,-0.322325200448997,1.8933874973052669e-6,,
buttock,population,-0.3219423258103787,1.9583517755695034e-11,,
rock,population,-0.320582798111416,7.267625848425594e-13,,
roofing,population,-0.32033553685380456,8.382442502387895e-5,,
island,population,-0.3134347431244251,9.448753766282194e-6,,
contrast,population,-0.30813944667330423,3.359129251807389e-7,,
dance,population,-0.3079412912766102,5.20997700293082e-12,,
son-in-law,population,-0.30528524111603517,5.866324228856736e-7,,
ghost,population,-0.3020990347757164,3.4906173687922914e-11,,
potato,population,-0.3017302018649129,1.5900149796735583e-6,,
wake,population,-0.30029855276995354,2.146954832543069e-9,,
butterfly,population,-0.29886504504381345,1.3783478743359415e-9,,
anus,population,-0.2985331501133909,1.0856464313365003e-8,,
hunt,population,-0.29719212952554447,1.1678721438704099e-8,,
leaf,population,-0.2967036962442439,9.544879423344616e-14,,
fire,population,-0.29602683542120006,5.879122579018631e-29,,
beach,population,-0.2958885835566032,4.528311889641399e-4,,
mama,population,-0.2945412437022491,0.009292391991964277,,
thigh,population,-0.2942038623521889,4.870838258739975e-13,,
fireplace,population,-0.2939576833977959,8.835234756047859e-6,,
grandfather,population,-0.2938268872825196,3.0518504463251493e-9,,
chase,population,-0.29231694715363843,8.733483932430726e-12,,
termite,population,-0.2893092253101215,0.001510837970433018,,
chop,population,-0.28744749947474635,8.399948922857448e-8,,
coral,population,-0.2861483802769702,0.0016970452539511018,,
wasp,population,-0.2854334318094762,4.2587577757861284e-7,,
dove,population,-0.2842336443762688,9.8030542649429e-9,,
nut,population,-0.28395894806817795,2.0029090243240465e-7,,
grandmother,population,-0.28225867374247116,5.0346947321805856e-8,,
sucker,population,-0.2782894844722362,0.001657635042283604,,
sap,population,-0.27820534731832447,7.589034548724597e-8,,
cooking,population,-0.2753939533882914,5.9636004521504e-9,,
group,population,-0.2733878882361008,1.1392012533469702e-7,,
liver,population,-0.27206648741847467,1.2597623361625445e-13,,
hip,population,-0.2716430399958323,5.520009279453976e-13,,
uncle,population,-0.26708512880958163,3.118306513269992e-8,,
rib,population,-0.26678924686212363,1.4364506411167656e-13,,
leg,population,-0.26668702173992986,9.944464633719618e-17,,
aka,population,-0.26643890740309817,0.06019530737172202,,
flesh,population,-0.2646704870816823,7.701145117554777e-13,,
peel,population,-0.2644988665430909,5.634281577085569e-10,,
skin,population,-0.26439858417157147,9.50544534077623e-19,,
bird,population,-0.2642816553810901,7.468215039445551e-14,,
intestine,population,-0.2641834666603492,4.727117697896226e-10,,
torch,population,-0.2619540035296444,7.298407753483591e-8,,
sunrise,population,-0.2588002473834935,2.3737729881124143e-6,,
basket,population,-0.25856271561516037,1.0850224223687559e-7,,
nostril,population,-0.258304697737015,6.650870469198543e-10,,
wood,population,-0.25620782661554814,6.065132346713042e-16,,
grass,population,-0.255603862571955,1.3925991971317284e-9,,
waterfall,population,-0.2555925331034814,5.594891137203704e-6,,
dog,population,-0.25487518413042115,6.955623871294777e-12,,
male,population,-0.25451560188385464,0.001693109716575079,,
diarrhea,population,-0.2536482697177353,8.697804933776408e-8,,
reference,population,-0.2531919566850655,3.909238813414902e-6,,
cousin,population,-0.25307248822628636,4.132435391290109e-5,,
cry,population,-0.25141988228304396,1.6442624981314257e-4,,
thorn,population,-0.25137304987140097,3.209911029020523e-9,,
baking,population,-0.24953515741842636,3.731326456784627e-4,,
hole,population,-0.2494724286094565,5.449154029555213e-14,,
scrotum,population,-0.2493358147153566,0.0021822961247599227,,
knife,population,-0.24743993720201826,5.279230419304095e-13,,
arrow,population,-0.2474281374012268,4.863415616402756e-6,,
ash,population,-0.24722788594767664,1.2111998895122057e-11,,
food,population,-0.2464371524738107,7.35573234779454e-15,,
pounding,population,-0.2463079705045326,6.906660540903563e-4,,
ritual,population,-0.2462806400275042,0.0075433091837423995,,
spine,population,-0.246017735943877,2.3084264323349956e-6,,
yesterday,population,-0.24559656273456568,1.2905231520379852e-7,,
snail,population,-0.2454593180391944,8.011677049230395e-6,,
owl,population,-0.24475040976994447,2.11323457519412e-8,,
spit,population,-0.2434893817703207,7.838827412022911e-10,,
eel,population,-0.24226618462233512,1.8819559315216085e-4,,
fork,population,-0.2418161117766791,1.3840946849163795e-6,,
ant,population,-0.2401038121931475,2.1358817120049622e-6,,
moss,population,-0.23960841414224227,2.0212435258291713e-4,,
mouth,population,-0.23576608381372705,8.021377951372104e-17,,
trap,population,-0.23373460724622927,4.2634253972323267e-7,,
mosquito,population,-0.23290886770485994,1.3242323529937718e-5,,
bite,population,-0.23264441396468505,1.7624777776935944e-11,,
goodbye,population,-0.23223827736410946,0.003994656361257056,,
fungus,population,-0.23220788443199172,9.261199544791469e-4,,
forearm,population,-0.2313779404238256,0.0012567004665985947,,
widower,population,-0.23097142867722809,5.053982089698316e-5,,
snake,population,-0.23095643277894587,5.7321654083770565e-6,,
shovel,population,-0.23015218254283923,4.7164128906361264e-5,,
meat,population,-0.23010658507677054,1.503674075465969e-9,,
smoke,population,-0.22996621942319787,3.4418695716911485e-14,,
grandson,population,-0.22943766425777115,3.3516899037219967e-4,,
squirrel,population,-0.229239239920533,0.002173305578987706,,
nest,population,-0.22916416270381806,2.604641530892126e-9,,
necklace,population,-0.22863342923233984,7.919711460803765e-6,,
bladder,population,-0.2280124034222379,5.161339249517842e-9,,
weave,population,-0.22757999815686103,2.6217329244457864e-7,,
sorcery,population,-0.22676663583964418,0.011118173556747895,,
ridge,population,-0.22584364967380238,1.9916619651568203e-5,,
ankle,population,-0.22472069463385191,1.627313127019541e-8,,
frog,population,-0.2212465771267339,2.7948798904235552e-6,,
valley,population,-0.21973137842063567,2.2291080181382608e-5,,
like,population,-0.2196820420815048,1.4261161628261268e-10,,
palm,population,-0.2168584922341452,2.9067896741870892e-5,,
knee,population,-0.2166146744739215,5.250537173611164e-13,,
sequence,population,-0.2143984433688437,3.396910826381438e-4,,
vomit,population,-0.21361748329055946,2.336706771136664e-9,,
whistle,population,-0.21331908632407576,2.9731045746001667e-6,,
gut,population,-0.21240412591811014,9.82546743264688e-4,,
water,population,-0.21214903701974938,7.235612179602932e-16,,
hill,population,-0.21191564186663658,1.1460586148063046e-6,,
rope,population,-0.21189258323844426,7.360327288159265e-10,,
guinea,population,-0.2116990148268847,0.05525838239907272,,
broom,population,-0.2115445331413604,4.0581457826807226e-7,,
earring,population,-0.21099500100583382,0.0014154712174984719,,
kidney,population,-0.21085699086880885,2.2561176274493097e-7,,
nape,population,-0.21018106523402674,4.7554857033558324e-4,,
bone,population,-0.20863030236458482,5.101352678245196e-11,,
caterpillar,population,-0.20684075590394577,2.808276720290785e-4,,
wrap,population,-0.20654369937633646,2.5583727766680013e-7,,
forehead,population,-0.2062115208155279,1.5887979296231436e-7,,
song,population,-0.2058711383206135,4.827612174112827e-8,,
foam,population,-0.20531521282353726,5.9753883138091205e-9,,
translation,population,-0.2046061865404211,8.618560522365855e-4,,
yawn,population,-0.20213812469996517,1.0898609755013736e-6,,
west,population,-0.20165623329877558,6.200638703171801e-6,,
throat,population,-0.20135767975532712,1.490065242762512e-11,,
tasting,population,-0.2009599288057554,1.1638084385108719e-4,,
feather,population,-0.2003080960875821,9.613348095306675e-9,,
tail,population,-0.2000850160131872,3.667084269909052e-10,,
cave,population,-0.20007723575597883,2.31810421263984e-6,,
claw,population,-0.20005428197972194,1.2975086695464638e-6,,
husk,population,-0.1994014253386424,0.015922340411611214,,
dirt,population,-0.19856554552336178,9.357625515284291e-9,,
plant,population,-0.1969709389179995,7.302944131526189e-7,,
nipple,population,-0.19579879308260187,7.552077276272511e-8,,
fruit,population,-0.19501965605886556,3.772941887932763e-7,,
cane,population,-0.19472227659667332,4.968950060520362e-4,,
chest,population,-0.1941488516650428,2.5659090233685266e-10,,
excrement,population,-0.19150073965130965,6.13942320040094e-4,,
stump,population,-0.19134020801401275,4.32448426388829e-5,,
finger,population,-0.1913110560688055,4.609540249732995e-10,,
drip,population,-0.19124912804381142,2.3049899101413176e-5,,
puddle,population,-0.19106479737016238,9.466948007009778e-4,,
egg,population,-0.19103728762047514,2.1070913189389432e-10,,
garden,population,-0.1900568453301536,0.0010793362173427824,,
fog,population,-0.189545812560629,8.582416865540549e-5,,
shirt,population,-0.18877741018476593,0.0014718548654052064,,
papa,population,-0.18764047537661002,0.1002318546712617,,
eyebrow,population,-0.18744534297043422,1.976005478793771e-5,,
clause,population,-0.18691685620931525,0.020290469276775167,,
sky,population,-0.18472914451011263,1.6311935698180668e-8,,
branch,population,-0.18439179775148073,3.7930670202073434e-10,,
shoulder,population,-0.18434475427419114,1.1239561795706001e-11,,
cloud,population,-0.18414356086794903,1.3683521745240325e-7,,
mucus,population,-0.18382562443632722,6.665359025104512e-4,,
toe,population,-0.18374479688525558,8.268309713269187e-6,,
skull,population,-0.18305222329606524,3.906833101854839e-7,,
morning,population,-0.18264567878588378,1.3347242070708063e-11,,
clothing,population,-0.18246043129257233,3.1569705153231155e-4,,
elder,population,-0.18243687589989027,5.493831412283808e-4,,
itch,population,-0.18228296218105006,1.606659536892238e-6,,
sunset,population,-0.1817675735619536,3.015069159554356e-4,,
bottom,population,-0.18096609501758026,2.0414140579286116e-8,,
breast,population,-0.18005965234118104,5.8390219331104606e-9,,
grunt,population,-0.17916128504695966,0.007345673291379646,,
stomach,population,-0.17847518392567976,3.667563898931904e-7,,
groin,population,-0.17842240300460163,0.0040575223630669064,,
spill,population,-0.1773735605823563,0.002034999331314979,,
stone,population,-0.17613235900933522,1.2801794424812865e-7,,
scar,population,-0.17612471121404694,3.489318067683374e-5,,
neck,population,-0.17596679835349735,1.4967938249660417e-9,,
ancestor,population,-0.17566223319282162,8.40291899930194e-4,,
pu,population,-0.17506908285331182,1.5106601567313157e-4,,
stink,population,-0.17467608579857485,1.6757328415330824e-4,,
bump,population,-0.17328165200598616,0.012693495180768096,,
hair,population,-0.17309253377631342,2.8669073795873265e-11,,
saliva,population,-0.17308272839018263,8.628000752090249e-5,,
wrist,population,-0.17241278536846114,6.439741960381683e-5,,
dive,population,-0.1719437945898594,0.001089753566845128,,
cough,population,-0.17186742672191696,2.5181304056173538e-6,,
headache,population,-0.1713222986387745,6.786488870947303e-4,,
sand,population,-0.17111728778142712,1.032156261733061e-6,,
healing,population,-0.17029727536258862,0.008471018291346959,,
item,population,-0.16970945461841472,0.006487712915613755,,
mushroom,population,-0.16875309960878296,0.00987773056692558,,
hawk,population,-0.1684409712718364,0.0016499283111906624,,
rat,population,-0.1680309978646431,2.247424825775009e-4,,
jaw,population,-0.1677559778493973,4.5533828037496746e-7,,
dew,population,-0.1677409581258316,2.350078597208816e-5,,
bug,population,-0.16604105703243294,4.360842269240544e-4,,
animal,population,-0.1658713092976958,6.2579322561080305e-6,,
beak,population,-0.16580710001737814,8.68739510582313e-5,,
sleep,population,-0.16498023667148387,3.1420158833675454e-11,,
tobacco,population,-0.16488178215261376,0.002516633453757302,,
exclamation,population,-0.16310594812429158,0.012342915385622209,,
scratch,population,-0.1626376942340903,9.899242776542081e-6,,
bear,population,-0.16226314878390283,0.005217761499951965,,
stalk,population,-0.16216066825876524,0.001125525156023369,,
smell,population,-0.16194697224270607,1.222916018373988e-7,,
nose,population,-0.16163344534639135,3.5852871374695406e-8,,
belonging,population,-0.16079941458691208,0.045535785390597196,,
seed,population,-0.16021582090327047,4.1201338731249214e-5,,
sweat,population,-0.16020835486531776,2.1259715231062385e-5,,
beetle,population,-0.16017103951767273,0.006117320768957605,,
bow,population,-0.15983215042235893,2.613288179298952e-7,,
semen,population,-0.15980295351271814,0.0054339400385915015,,
rain,population,-0.158258639292249,3.8280591785218484e-8,,
being,population,-0.15767136672485774,0.03074276377893552,,
cheek,population,-0.15748038656361202,5.253996350118648e-7,,
adult,population,-0.15535980302822316,0.0016821604594597253,,
storage,population,-0.1550142797004216,0.08516918883872446,,
burrow,population,-0.15462107942491463,0.03256151236783664,,
blade,population,-0.15442857605304958,1.3190026019592606e-4,,
sun,population,-0.15298691411684945,5.6404380747193555e-6,,
thunder,population,-0.15163681707779889,7.061462268759023e-7,,
roof,population,-0.15147225529130803,4.157229154811319e-5,,
earthquake,population,-0.15143987840284992,5.718956342121276e-4,,
relative,population,-0.15116160701039183,0.0060749890514391015,,
whisker,population,-0.1510741030371617,0.013342228353921468,,
urine,population,-0.150051357521984,1.6080444294787016e-4,,
dream,population,-0.14873786154531574,1.729303099792492e-6,,
variation,population,-0.14828690945525638,0.02334798812544047,,
dialect,population,-0.14796099339111224,0.0720311014223564,,
elbow,population,-0.14787815813208946,1.455931563058693e-4,,
drink,population,-0.1475578961476784,5.126493049515103e-7,,
moon,population,-0.14700397236775062,3.893240562409914e-5,,
tip,population,-0.1464360159274348,1.498598676048116e-4,,
mud,population,-0.14584785657817556,3.7983677407796996e-5,,
ember,population,-0.14550201094807902,0.020829492944416755,,
wind,population,-0.14421832964535966,4.718014686622014e-8,,
lightning,population,-0.14418958566790635,4.7430533334131854e-5,,
spirit,population,-0.14378079726267945,6.806912908685577e-4,,
pole,population,-0.14341235360394464,3.7832948139657083e-4,,
shark,population,-0.14315238002634556,0.1424285811909804,,
weed,population,-0.1428559316455953,0.003419683631162717,,
scoop,population,-0.1428488952706588,0.011418954405675396,,
cigarette,population,-0.14239928700392168,0.09649746748970733,,
tie,population,-0.14235545053151522,6.456400192551642e-6,,
puppy,population,-0.1418447189673629,0.046250222614667894,,
beard,population,-0.14159013733144177,3.764440445329061e-5,,
aunt,population,-0.14158699463296212,0.009822051966036534,,
fat,population,-0.1407753767886376,4.9182703424636635e-6,,
darkness,population,-0.14054200017513896,0.0019428737989546517,,
kin,population,-0.14020359879444935,0.06819519711314007,,
mat,population,-0.13952506226061734,0.00870379339115044,,
noise,population,-0.13948395720731746,3.9304693940043396e-5,,
river,population,-0.13896650446135436,0.005472645863339638,,
star,population,-0.1386477685247372,9.565706588032544e-6,,
sex,population,-0.13768343351307624,0.004216672376748237,,
ache,population,-0.1372017241453862,0.0026434174713611566,,
blanket,population,-0.13710461622468276,0.026371300688986056,,
shadow,population,-0.13674898304586222,3.468978222733728e-4,,
braid,population,-0.13673016930595328,0.02087883144623304,,
bundle,population,-0.13672254759993685,7.380002756715868e-4,,
trunk,population,-0.13654215251484225,3.395336684312323e-4,,
fowl,population,-0.1365188590611119,0.027492022641585626,,
boil,population,-0.13649123296304708,2.850093069634962e-6,,
gum,population,-0.13619400242204813,0.0014133410944320367,,
gall,population,-0.13526740825302258,0.0038488859713002154,,
sting,population,-0.13501429367944132,6.470250209187473e-4,,
bos,population,-0.13498686052127512,0.07926384107194696,,
body,population,-0.13401309239506806,6.86199758134539e-5,,
sickness,population,-0.1336570666770508,0.005226530410519556,,
hop,population,-0.1336309152900095,0.005568172494301506,,
fin,population,-0.1325895781899869,0.028382023670076372,,
cow,population,-0.13174765242018377,0.02178645050717226,,
wing,population,-0.13143614755223162,1.2897300757689297e-5,,
hug,population,-0.1299336617934671,0.023391076589605056,,
mouse,population,-0.12972090807271494,0.0023873812392653944,,
relationship,population,-0.1292168977235755,0.005245128121909028,,
marrow,population,-0.12887104648687014,0.004847838906099063,,
entry,population,-0.1288327244317505,0.19861640941879666,,
hoe,population,-0.12829648174869898,0.062000077950461946,,
afternoon,population,-0.12823973695591906,0.005904687877692802,,
spoon,population,-0.12818770971652776,0.0013716036036726437,,
pot,population,-0.12780663784716398,0.014682433935614494,,
offspring,population,-0.12690212916573546,0.012323377988718059,,
edge,population,-0.12675961020835896,6.318761712533692e-5,,
bunch,population,-0.1254201547141042,0.006140352836496974,,
forest,population,-0.12526765615079366,0.020467819055969883,,
hunter,population,-0.12516471487956093,0.026604598207066257,,
bait,population,-0.12515709939855632,0.027395744924086432,,
emphasis,population,-0.12333703319059863,0.00527020089631531,,
calf,population,-0.12325749899016411,0.006549469699772445,,
sling,population,-0.12294083139564854,0.016737784484850072,,
pigeon,population,-0.12274674746037771,0.0167972191757897,,
pineapple,population,-0.12243589104388507,0.14292231204645459,,
yeast,population,-0.12199833684094273,0.04422052119605375,,
grease,population,-0.12198200268800816,0.03515402260570877,,
carcass,population,-0.12152698748266681,0.08276564073515244,,
fence,population,-0.12052658204130316,0.0030740601630979618,,
tattoo,population,-0.11987688122282056,0.15475875159625527,,
stab,population,-0.11903954172415072,0.033733925796079554,,
daybreak,population,-0.1188321508616457,0.015817205468342622,,
tooth,population,-0.11742945993530368,1.1358449930217923e-4,,
comb,population,-0.11694382188012581,0.0019295598083984582,,
magic,population,-0.11648643471175656,0.07674561332085694,,
female,population,-0.11648310865643373,0.12264845868189254,,
chin,population,-0.1159782286009066,0.014581427546872552,,
widow,population,-0.11575794336470398,0.0035875596244125466,,
fur,population,-0.11565654908835123,0.03425484956708869,,
charcoal,population,-0.11562720768689214,0.012918033874471746,,
goat,population,-0.11521271281422789,0.05322597668568442,,
flea,population,-0.11479362501866819,0.033422740929154954,,
bag,population,-0.11432361910366509,0.002881778623756112,,
snout,population,-0.11418148219687531,0.04311103014517711,,
kick,population,-0.1139991207532165,0.0051223312097339125,,
duck,population,-0.1138744688843848,0.011510422059433659,,
string,population,-0.11360680120737501,0.0012882024701826684,,
dusk,population,-0.11317342731295518,0.011653603554343934,,
tongue,population,-0.11293696122943202,7.157388755875725e-6,,
tangle,population,-0.11279679887723862,0.10923254777590977,,
pine,population,-0.11267987823167859,0.10152982461316107,,
path,population,-0.1121707365258987,0.006191208918512786,,
orphan,population,-0.11185631830473733,0.01552631988558472,,
south,population,-0.11086215385537106,0.027539440708757638,,
wave,population,-0.11074491596010967,0.0023924774070912844,,
stripe,population,-0.11039719521738856,0.029039044090898705,,
lip,population,-0.10989395205329273,3.232058538332258e-4,,
chicken,population,-0.10844291351198339,0.10859576277794208,,
worm,population,-0.10840763467674457,8.587283425077972e-4,,
clump,population,-0.10801874577420494,0.16137234980746742,,
feast,population,-0.10761028750295133,0.06459220244219913,,
mourning,population,-0.10743776394815342,0.04098467673059923,,
honey,population,-0.1073460507288562,0.02251591571975676,,
killer,population,-0.10709175031459292,0.16635554899034222,,
bucket,population,-0.1069847453632295,0.03359352825428726,,
north,population,-0.10639195504828526,0.030790499493497343,,
bat,population,-0.10618227357928291,0.02705377589545704,,
molar,population,-0.1057992241095882,0.10581366048844175,,
bowl,population,-0.10474979457783942,0.027555251963685756,,
mound,population,-0.10460991239547213,0.07140588523018516,,
cradle,population,-0.10377274208399301,0.13750497837734765,,
mountain,population,-0.10365812909481652,0.03010293357769299,,
arm,population,-0.10355889470317366,2.157390207496655e-4,,
carving,population,-0.10290669831764564,0.10332303827763294,,
hand,population,-0.10187064690509003,5.0008350081794765e-6,,
bee,population,-0.1014851430387922,0.045531546944040345,,
chick,population,-0.10145253846621584,0.14233462814393252,,
tendon,population,-0.10137321398234446,0.08446501982981548,,
midnight,population,-0.10126867286620596,0.01749186337586221,,
lake,population,-0.0999849622514891,0.06357076988651701,,
sea,population,-0.09996446904811478,0.11685406597880141,,
ear,population,-0.09989499816047252,9.872517501673444e-5,,
surface,population,-0.09913999975850413,0.020901570858321075,,
spark,population,-0.09902782646446123,0.0053723529967216665,,
cabbage,population,-0.09874402961964701,0.12795853725081013,,
insect,population,-0.09866273968725353,0.026845475389782925,,
kiss,population,-0.09864737286360366,0.015877791800840577,,
cluster,population,-0.09786490012752198,0.10025013829863105,,
spittle,population,-0.09750378446585957,0.0651856788519203,,
bitch,population,-0.09742822247696363,0.11129190054199141,,
liquid,population,-0.0972308002412005,0.026543881620554127,,
season,population,-0.09713550689930811,0.011826189110519358,,
second,population,-0.09651959223538036,8.291846510801058e-4,,
crow,population,-0.0961201339590546,0.02030796245813809,,
apple,population,-0.09604033227223426,0.03349850284011312,,
lung,population,-0.0955646049804927,0.01754886995941507,,
flame,population,-0.0951434728062289,0.005858483767401375,,
tongs,population,-0.09472400617481024,0.09114892768870878,,
sweep,population,-0.09409638918536455,0.0052754807107432715,,
gathering,population,-0.09341231070322246,0.016200912842841423,,
corpse,population,-0.0926783087212931,0.04177248608974665,,
waist,population,-0.09227538746715402,0.049710651039083835,,
cucumber,population,-0.09192949136314411,0.16529446870538408,,
shore,population,-0.09155248454929697,0.06708765971626025,,
twin,population,-0.09083204977260395,0.030070667209004726,,
eye,population,-0.09057869933100147,5.834558158790852e-5,,
version,population,-0.09009305400742906,0.16486365083667776,,
foot,population,-0.08967416768874449,1.7112256096222747e-4,,
flint,population,-0.08925329545068446,0.20322753311314282,,
trail,population,-0.08848121450543336,0.17985986610364965,,
fiber,population,-0.08755606407472134,0.1175608900586462,,
shaft,population,-0.08717196364671112,0.15642193414442826,,
structure,population,-0.0862054256297721,0.12399500863385052,,
ginger,population,-0.08615831432894937,0.1704368921859391,,
swell,population,-0.08592291800894931,0.012732334668403119,,
pile,population,-0.08576337712463758,0.01526118162888538,,
whisper,population,-0.08542644360739776,0.030311875862504646,,
mare,population,-0.08529695654686167,0.3658516576192341,,
web,population,-0.08475602447118832,0.026869519497275493,,
track,population,-0.08432537842453613,0.07938324116383702,,
parrot,population,-0.08425508241541706,0.20524844234170897,,
pillow,population,-0.08411032966893957,0.014148421587757724,,
teeth,population,-0.08254693412576361,0.007695411033332018,,
thumb,population,-0.08253861629076167,0.023993752870393865,,
rubbish,population,-0.08237345636799354,0.15339375390384533,,
breath,population,-0.08235332786886684,0.001210995355472489,,
others,population,-0.08206933305425282,0.055659764312321544,,
direction,population,-0.08144224418918655,0.02505110655313752,,
eater,population,-0.08119074519647343,0.1846962752012835,,
splash,population,-0.08068231835465134,0.16679452912426596,,
bamboo,population,-0.08007936896165924,0.3976713156262911,,
scrub,population,-0.080044509943068,0.2598257629712577,,
scalp,population,-0.07991666282743091,0.2924646461282905,,
lap,population,-0.07956295461779704,0.11459922879994575,,
yolk,population,-0.07927626693158105,0.14537542181445873,,
massage,population,-0.07917438235017636,0.26630326267864307,,
limb,population,-0.0791041084662838,0.10687917546914343,,
future,population,-0.07759549318040061,0.054400569696917644,,
whirlwind,population,-0.07616271020501433,0.13126758558456378,,
moonlight,population,-0.0757936573016654,0.20789345025801662,,
limp,population,-0.07574549757272912,0.08592237605184809,,
gravel,population,-0.07567598263586123,0.0885553171714849,,
belt,population,-0.0756708621621778,0.06217235209467064,,
data,population,-0.07565487224756999,0.32519282969967883,,
mix,population,-0.07556738642481742,0.011895009094518637,,
site,population,-0.07520186792680988,0.2100368655033012,,
club,population,-0.07424795329456362,0.1037639536615277,,
flute,population,-0.07371994862047737,0.1807311352448789,,
tear,population,-0.07368015376374952,0.005204163572079985,,
lid,population,-0.0735326164644747,0.07096369854442261,,
onion,population,-0.07309478414042653,0.12130388127017178,,
cross,population,-0.07210490775913153,0.011033081313794286,,
curse,population,-0.07199119432740052,0.1509617117615798,,
dawn,population,-0.07145092462703782,0.036998694202839466,,
toilet,population,-0.0712220943189784,0.3500983184663026,,
shine,population,-0.07033867559616516,0.023662822990878116,,
east,population,-0.06949049178135998,0.11449033769970969,,
mist,population,-0.06870038198362598,0.09948741667092406,,
moth,population,-0.06684099465888212,0.15323181402009778,,
bead,population,-0.06503215868350301,0.20407837194191172,,
parable,population,-0.06439573276872441,0.3852698362531616,,
vocabulary,population,-0.06351068230969914,0.33486102695993625,,
laugh,population,-0.06253431208766012,0.0619535650110601,,
length,population,-0.060873215402286074,0.1002083837223239,,
midday,population,-0.06083934366133215,0.20852919679074738,,
hatch,population,-0.06064754599869919,0.2101373429888294,,
clay,population,-0.06056626353920312,0.19215778862132002,,
evening,population,-0.060442187282131604,0.03428639517952467,,
bread,population,-0.06017490208079978,0.18486900245495422,,
source,population,-0.059986140217009785,0.14531019850037322,,
mate,population,-0.05988644148963371,0.3088889020937618,,
cat,population,-0.05963899381712051,0.09080510011750695,,
patch,population,-0.059486626233368076,0.1698347578964841,,
swimming,population,-0.058939110587012664,0.24266698701737163,,
shiver,population,-0.05874333634005243,0.1439993512680836,,
famine,population,-0.05870887166393038,0.2619624039101898,,
eyelid,population,-0.058217602849890096,0.2128008951466137,,
shade,population,-0.05820117379470927,0.0666148114233881,,
slide,population,-0.05725499864023709,0.28835172341542076,,
category,population,-0.05725194373016545,0.4442023832407629,,
poison,population,-0.05712057234883084,0.1450100441583233,,
smoking,population,-0.05646184943235352,0.3271147498746098,,
flour,population,-0.05643833231997605,0.2641784949813647,,
strip,population,-0.05573384599702157,0.16420272037922257,,
sunlight,population,-0.05506620172266898,0.4099550297783029,,
tea,population,-0.05504621169084934,0.35807276124043286,,
punch,population,-0.05486725284078183,0.4131974472259279,,
nail,population,-0.054555973826410045,0.057629753889016894,,
bible,population,-0.05416102838941222,0.4770349414641998,,
quiver,population,-0.05414730772404774,0.26667319056397476,,
knot,population,-0.054097573321612455,0.11697594588867942,,
tradition,population,-0.0539270053616242,1,,
creature,population,-0.05364149147822787,0.19723428807444665,,
generation,population,-0.05348066303324053,0.23357012475078273,,
leak,population,-0.05244413807146334,0.20856898216045316,,
shin,population,-0.05208745479199284,0.46203706219707763,,
scissors,population,-0.05198916533028994,0.22706798546471993,,
spell,population,-0.051583390917078975,0.3316648477450057,,
toad,population,-0.05129742195233249,0.44911126784949706,,
community,population,-0.05125376341964169,0.19954150459838882,,
knuckle,population,-0.050709049032453844,0.43093357573964364,,
howl,population,-0.05020860658327009,0.3428459496703786,,
spelling,population,-0.050142921358668005,0.5183653560630181,,
tape,population,-0.05009707660907681,0.34112118946724523,,
pet,population,-0.05009092076883251,0.34901635322813057,,
spray,population,-0.04988305376148604,0.3884195317493002,,
message,population,-0.04948472921929039,0.23346062854841332,,
pool,population,-0.04946025310208643,0.2594891912501996,,
story,population,-0.049364491840488835,0.16177074244258013,,
needle,population,-0.049295516059670655,0.13680524344288042,,
talk,population,-0.0492756726702461,0.5154033904925006,,
horizon,population,-0.048926514721390056,0.39636578233038705,,
groan,population,-0.04845839327835767,0.25591958285125493,,
pant,population,-0.04819981621575432,0.3607218417062182,,
parent,population,-0.04802363085010733,0.21142270554445994,,
blood,population,-0.047889522656128794,0.015371748619028191,,
plank,population,-0.04695719407039343,0.45173789958993954,,
abdomen,population,-0.046923590239037756,0.4007075342648942,,
blister,population,-0.04664952604762232,0.3367375985787903,,
witchcraft,population,-0.04643577934559795,0.5374626027974775,,
flash,population,-0.04638171966340549,0.18908536337411944,,
fight,population,-0.0455585390541295,0.13825063779694216,,
greeting,population,-0.043915889113171715,0.4518764334234448,,
pumpkin,population,-0.04361272482236795,0.573093698539002,,
chip,population,-0.04360982550221706,0.4152778348119195,,
buffalo,population,-0.04314564924272895,0.6492977157659898,,
fist,population,-0.04310225573079272,0.26465274485697976,,
sieve,population,-0.04281723665742011,0.41763482590932544,,
rot,population,-0.04275103252173983,0.39294709186094856,,
material,population,-0.04248640324117072,0.2812795639846731,,
tide,population,-0.042017061081110176,0.6421932660312897,,
flap,population,-0.04196907325624811,0.42776338787825496,,
bubble,population,-0.04189413406538296,0.23578343656191753,,
flower,population,-0.04156788601757286,0.26752870065357787,,
stream,population,-0.04108144952074346,0.4274844487275121,,
flood,population,-0.040855411056937914,0.27446030621444645,,
splinter,population,-0.04083612558426505,0.4681411093041882,,
hen,population,-0.04039673048610323,0.43313886517069566,,
growl,population,-0.04035795797256574,0.4903226160919545,,
strand,population,-0.038645066714529996,0.5390600657949726,,
crush,population,-0.03846942064063323,0.3760752504266126,,
equivalent,population,-0.03717500014513555,0.38603502917408783,,
hail,population,-0.03665422495739478,0.42292722234554275,,
legend,population,-0.036004671911155466,0.5781154231699562,,
skirt,population,-0.035913806914051286,0.5178766467104344,,
land,population,-0.03573439890762107,0.2644085277619391,,
salt,population,-0.03557312056677837,0.21690392901961736,,
cup,population,-0.034689326178641205,0.31432130702404687,,
ladder,population,-0.033773639683875305,0.39613071373112063,,
rattle,population,-0.03364844854472947,0.5415927261252164,,
twig,population,-0.033339693964316325,0.46176584858674363,,
clothes,population,-0.033012495315738924,0.3529085984230701,,
soup,population,-0.03300249705576504,0.6083247480086738,,
possession,population,-0.03269926368718698,0.4014579454009435,,
corner,population,-0.03269339444056957,0.2494007452410732,,
construction,population,-0.03257675931370819,0.5566110917653703,,
bottle,population,-0.032341630286533855,0.39855589857370094,,
pronunciation,population,-0.031931770669570696,0.5361540907308252,,
harvest,population,-0.0315985529153126,0.5710747734087961,,
biscuit,population,-0.03143793557104134,0.6405408720380806,,
barn,population,-0.031305527967039073,0.6733731901098488,,
spring,population,-0.030576048074614188,0.35572702711915727,,
boar,population,-0.029678064666566285,0.6696958109537597,,
pop,population,-0.02959338003756324,0.6484834621564052,,
hammer,population,-0.02902973886532921,0.4437546906273157,,
blossom,population,-0.028808864972906155,0.6070751189829452,,
hat,population,-0.028804990300344672,0.5253371279118962,,
kid,population,-0.028599042362790334,0.6802212031022382,,
echo,population,-0.028525224589368504,0.5489691469554819,,
vein,population,-0.02819741906239586,0.3850869274276031,,
beer,population,-0.027692232367362495,0.7594665806309865,,
pinch,population,-0.02700793414709022,0.5050143182623208,,
church,population,-0.026395345280800377,0.6856439971195025,,
core,population,-0.02587364290837599,0.6043868378791845,,
text,population,-0.024532704290344532,0.7711134722556349,,
platform,population,-0.024011624991429253,0.6926524216093866,,
bile,population,-0.023694460985147776,0.7452347746468765,,
cemetery,population,-0.023292902221508205,0.6727529370864206,,
bracelet,population,-0.022969602714486996,0.6972630423026559,,
tom,population,-0.02287970874347431,0.7529954037454111,,
squash,population,-0.02270390203280477,0.7746954004868823,,
joint,population,-0.021791936427747287,0.7119163815374437,,
sheath,population,-0.021674133241065506,0.6741417804155779,,
taste,population,-0.021487612114253787,0.4592883406582004,,
earth,population,-0.02137129624995149,0.547833674165187,,
tool,population,-0.021073566341496187,0.6442747544051283,,
sack,population,-0.020364366045632288,0.663123194242917,,
door,population,-0.0198468989274522,0.4833771614701919,,
oak,population,-0.01810182748369141,0.8476537853777528,,
drum,population,-0.018008797933565714,0.7127263186736712,,
boat,population,-0.017825100975134754,0.7506237833206097,,
mane,population,-0.01749016515181644,0.8471286340364556,,
soap,population,-0.016853607426845864,0.7074744837989878,,
birth,population,-0.016584294515620226,0.6318753366495947,,
womb,population,-0.01654763717518267,0.6767028666053319,,
sunshine,population,-0.016515721475314687,0.8100984036503073,,
stagger,population,-0.016253300858007087,0.741765465364297,,
juice,population,-0.016181391667257943,0.6752760472866333,,
twine,population,-0.015777120859033298,0.79006060382801,,
slap,population,-0.015636722046014965,0.7410891836536068,,
heel,population,-0.01531547213819022,0.6245963842154449,,
wail,population,-0.015061381521620046,0.8156582279533462,,
weather,population,-0.014936413341869138,0.7521631882007289,,
expression,population,-0.014740489045468444,0.7011563967967449,,
hunger,population,-0.014678186653960982,0.6901282391277321,,
lily,population,-0.014676031067659735,0.820780581857813,,
shelter,population,-0.014413581994594958,0.6980370851500641,,
process,population,-0.014334685427130582,0.7287189536776398,,
muscle,population,-0.014179315075549604,0.7608276478503481,,
kettle,population,-0.013882379792489146,0.8180873018490885,,
road,population,-0.013685352020020738,0.6706583706839356,,
storm,population,-0.013343900031516987,0.7345792599697296,,
warrior,population,-0.01267780614233951,0.860592324594521,,
beginning,population,-0.01179253671479852,0.6910272976257352,,
bed,population,-0.011259556918100867,0.6774765679044535,,
milk,population,-0.01029549482919738,0.8007420794693956,,
twitch,population,-0.01024652798102269,0.8653417412767351,,
gossip,population,-0.009769787017550243,0.8512120944390079,,
crocodile,population,-0.00962446523051709,0.8903577281625983,,
missionary,population,-0.008823063973496048,0.9102175269446667,,
ale,population,-0.008660242211624834,0.9456175010230878,,
stress,population,-0.008500919350463728,0.923550905240924,,
loin,population,-0.00812426655111403,0.9204647662162473,,
paw,population,-0.006910110776126444,0.9066610059179578,,
odor,population,-0.006258419970992527,0.8996966891665791,,
noon,population,-0.005570850152953976,0.8780695371737348,,
grammar,population,-0.0054871086342986085,0.9317107714735003,,
strainer,population,-0.004721839357522079,0.93998954392751,,
razor,population,-0.004455967705220133,0.9206186817516759,,
game,population,-0.004135913836724484,0.9183062791946871,,
cricket,population,-0.003988423992200977,0.9427536962087181,,
placenta,population,-0.0036825303989296,0.9611591329445132,,
beam,population,-0.0034684235201163254,0.942650495915163,,
load,population,-0.0033924136614371446,0.9312083739076749,,
winter,population,-0.0029446565975727408,0.9641703576285736,,
grate,population,-0.002856620716917984,0.9644102427100223,,
frying,population,-0.002075124655954113,0.9743751956752355,,
mustache,population,-0.0019713513694367647,0.970590988483881,,
publication,population,-0.0019003665617513066,0.9743852699864991,,
trip,population,-0.0017662656458701815,0.971519159206941,,
whale,population,-0.0014982127978241209,0.9859126532586623,,
travel,population,-0.0013957531871677169,0.9732304293619767,,
divide,population,-9.852568448545768e-4,0.9760309138908614,,
portion,population,-7.952125796844591e-4,0.9876050209807815,,
kerosene,population,2.718303061484218e-4,0.9976400357424825,,
coil,population,4.97965477669889e-4,0.9910602607869754,,
wall,population,0.0011105150231456647,0.9719499762607102,,
hut,population,0.0015908297400504935,0.9802486309221399,,
fisherman,population,0.0021018061739069317,0.9752944423514812,,
mirror,population,0.002239513794552815,0.9392632614644039,,
heap,population,0.0026937813503691865,0.9572683826887602,,
twilight,population,0.0028886134756916657,0.9511965367797104,,
culture,population,0.0031098292038067754,0.9553653233882644,,
lime,population,0.0035536331795595704,0.9505687981942686,,
distance,population,0.003616697340142655,0.9129324251380141,,
enclosure,population,0.0039632539710444,0.9440066548347428,,
photograph,population,0.004572623369196823,0.9375107959170769,,
sip,population,0.005091512901785407,0.9390108314735303,,
bastard,population,0.005540293202177752,0.9223667979334194,,
position,population,0.006480364411025058,0.862039183931172,,
sewing,population,0.00681639396147912,0.8935922482896184,,
pain,population,0.006985687209499861,0.815112303008127,,
sparrow,population,0.007402307968930368,0.9037766076034961,,
deer,population,0.007411747490433553,0.9260203441721527,,
target,population,0.007643555984288566,0.8685551117371156,,
bandage,population,0.007787979826932207,0.863543601791351,,
witch,population,0.008225249898356896,0.9077992951869109,,
cord,population,0.008761903380341347,0.820051874923043,,
ocean,population,0.008913884083368498,0.8824167568365919,,
donkey,population,0.009342553819120225,0.9040326612938757,,
vision,population,0.0097636438959015,0.76320870511764,,
size,population,0.00984459147163272,0.7707235242726663,,
couple,population,0.009991901494904877,0.8220886081599587,,
crackle,population,0.010103363574616407,0.8965489924842066,,
dust,population,0.010369117906898305,0.699699201828642,,
burial,population,0.010396475474080605,0.8283889318431397,,
whirlpool,population,0.010773057699208513,0.8564468484511273,,
pouch,population,0.010907100071776579,0.8615905717437037,,
intercourse,population,0.010980768991020946,0.8437495741601663,,
pipe,population,0.011250129854967294,0.7780563700730121,,
dough,population,0.012308095470507058,0.8430529058827788,,
noose,population,0.012855157235131096,0.8533706322585743,,
soil,population,0.013753800851786216,0.7357087763228488,,
spin,population,0.013771306358495704,0.7726495170137142,,
pod,population,0.0144386130183273,0.8182455265294184,,
spleen,population,0.014577619854154495,0.7737143278816756,,
coal,population,0.01497469462450855,0.7506825141060836,,
bum,population,0.015331546086186011,0.806723575623909,,
sink,population,0.016039205308833793,0.6643645877567431,,
shed,population,0.016208030245484076,0.6728510793700201,,
timber,population,0.016404798027953325,0.7986074581062755,,
flock,population,0.016408411665445304,0.7416535205141159,,
plug,population,0.01661566850608689,0.7848800422144778,,
introduction,population,0.01710339557035452,0.6968455585581897,,
wedge,population,0.017145906932324585,0.7592203173695136,,
breathing,population,0.01715669916836624,0.6736935101788177,,
bloom,population,0.017607471402117485,0.7216191562879566,,
kernel,population,0.01778680958334926,0.8045559173205632,,
shape,population,0.018283921278506445,0.5459797679771532,,
nickname,population,0.018529875075789033,0.7973691657145958,,
definition,population,0.018609384132254363,0.7001571952345109,,
garbage,population,0.018902269692949628,0.8028639558718378,,
rest,population,0.02017031319893481,0.396233854678768,,
reader,population,0.020332743190062334,0.7272134099357616,,
paint,population,0.020441289751328723,0.6841137602090355,,
bruise,population,0.02100430075119946,0.6768654189112241,,
breeze,population,0.0211301540806728,0.6522811596945499,,
description,population,0.02136317554450498,0.6821818673454949,,
snow,population,0.022529980373473653,0.7543904250656152,,
tribe,population,0.02264538573253677,0.7625058308498903,,
function,population,0.022701492400282346,0.6577112399946101,,
brain,population,0.022718872529822152,0.5670161806090281,,
narrative,population,0.02272557622433746,0.6512972744881639,,
adultery,population,0.023064545417099215,0.6638632312768855,,
airplane,population,0.023277310354015555,0.7937582186576134,,
decoration,population,0.02377897915245735,0.6852229478114371,,
mission,population,0.024019052543481842,0.702198960159935,,
slice,population,0.02475079991337092,0.6266832508793846,,
rod,population,0.025207693000214235,0.6585266485735365,,
friend,population,0.025237735903284327,0.37715733218396125,,
horn,population,0.025608040992558354,0.46591742143250386,,
midst,population,0.026651721254260966,0.6573774374003224,,
mango,population,0.027153207369857088,0.7907905107134559,,
crumb,population,0.02800124332185187,0.6538020711617686,,
pattern,population,0.028437260268779477,0.5930122323483557,,
syllable,population,0.02883806706130032,0.6811107798627181,,
mole,population,0.028974338317498384,0.6177552149556639,,
coast,population,0.029021134716803922,0.7035415779930093,,
perch,population,0.029040224863856618,0.6751177556233782,,
una,population,0.029264928387432314,0.7809867638816187,,
constellation,population,0.02981997446547267,0.6875099579678108,,
jail,population,0.02984213513565103,0.5317689787277602,,
wound,population,0.030537596333099125,0.34865973813427936,,
cream,population,0.030771886955219308,0.6429053983609079,,
presence,population,0.030788656441706964,0.4417728238133287,,
rudder,population,0.031192786598544815,0.6305437266361935,,
aspect,population,0.03130669686355413,0.6834138414399362,,
burst,population,0.03144251312545654,0.46176649171930306,,
crest,population,0.03156367966510812,0.557141395438792,,
drift,population,0.03175156261326659,0.6286130481182808,,
usage,population,0.031837294686852514,0.6426317082503433,,
childbirth,population,0.03194898783318784,0.5885494505871102,,
plum,population,0.032185712861132934,0.6995168813459965,,
palate,population,0.0325240303081098,0.4735106726079855,,
question,population,0.0339507533740811,0.28046432593601567,,
collapse,population,0.03411947702086151,0.5534754575701648,,
runner,population,0.034948578410695146,0.5882379652084826,,
search,population,0.035082596398403464,0.2724233294650751,,
glue,population,0.03525596241574561,0.5563808178596585,,
camp,population,0.035465420861404175,0.5671220917425976,,
slope,population,0.035505562431940946,0.37308165107609365,,
floor,population,0.0355113080202071,0.39704305276763957,,
summer,population,0.03590442819589162,0.5806907369568755,,
jack,population,0.03619937080635672,0.6067718025540731,,
stranger,population,0.03638012596766997,0.40436613828375423,,
hurry,population,0.036884601467626996,0.35769186798740404,,
sheep,population,0.03734254850708905,0.4796298763387089,,
gap,population,0.03750125333945781,0.5221871816530878,,
infant,population,0.03754363585482105,0.3955350702969189,,
dislike,population,0.03791791745650459,0.30074409005257996,,
bean,population,0.03847063803543037,0.5118543323559768,,
dwelling,population,0.038644066761806185,0.5172459901035553,,
quail,population,0.03951324167897629,0.5417607874473804,,
flow,population,0.039618138753576074,0.23075596112958272,,
sugar,population,0.04085678190669759,0.3664136812546039,,
eve,population,0.04114122328959767,0.6193691270519147,,
strap,population,0.041402315573858574,0.476509802415201,,
towel,population,0.041780121506588726,0.3825022658193795,,
pork,population,0.04191675582280888,0.6139570737204579,,
vegetation,population,0.04192822620385147,0.5384349282665224,,
pit,population,0.042291583593272036,0.32559648779235356,,
university,population,0.04258791425799041,0.5171385755892632,,
cone,population,0.04269721000641732,0.4703169829138667,,
fold,population,0.04323776404618293,0.1881014322431643,,
circle,population,0.04382457900431893,0.23390521069295625,,
heart,population,0.04382765587584378,0.09731516886738324,,
thicket,population,0.043865240275037326,0.47627110955553953,,
meal,population,0.04437102885414958,0.25946412927521656,,
corn,population,0.044407778377964384,0.4903264560899033,,
soot,population,0.04453451863237811,0.4181863172999708,,
liar,population,0.04578070327355424,0.3191780344450652,,
shelf,population,0.04593898409048009,0.3767527255776316,,
layer,population,0.04643579701051579,0.3576400938494711,,
series,population,0.046944472246265787,0.43868789336428793,,
illness,population,0.04700412436596798,0.3419987812284086,,
hymn,population,0.047261818279018646,0.5367334476861141,,
mortar,population,0.04812947412806715,0.3268037101937677,,
bride,population,0.04818101654532227,0.4881692780297028,,
nod,population,0.04849018714209006,0.3150716414022503,,
curl,population,0.04953888625568968,0.27872217562782076,,
rabbit,population,0.04960868942149205,0.5084501182033614,,
flare,population,0.04980103752251647,0.405337326356406,,
dung,population,0.05013767949758263,0.4231261401925773,,
ball,population,0.05013940921576507,0.12571278774800215,,
spike,population,0.05142687676005478,0.39042881519837386,,
revenge,population,0.051454912318456864,0.27995629064047073,,
pan,population,0.05150729383989623,0.3744500089464844,,
month,population,0.05167966618516107,0.21509847149313757,,
pepper,population,0.052205401038890036,0.3691791696732455,,
growth,population,0.053053797336321984,0.2643238351450928,,
row,population,0.05313769873754293,0.09702842173494207,,
butcher,population,0.05334089466517371,0.3332294740017927,,
hearth,population,0.05344728395046166,0.5240943325813401,,
spade,population,0.053876359539659885,0.3582670099155043,,
dancer,population,0.054148290916549664,0.41457037190974555,,
swarm,population,0.05438553798803055,0.30905887589521075,,
pin,population,0.05467700802029497,0.31446206687652106,,
pal,population,0.05469491935547915,0.5013728306445657,,
pregnancy,population,0.05485839751603683,0.3404432046281841,,
surprise,population,0.055895869137513224,0.17463972951414872,,
response,population,0.05603063354277924,0.363738114652147,,
feature,population,0.05649970364209452,0.28485843388087334,,
height,population,0.05657108337595602,0.10250273372135561,,
savior,population,0.05723829066169575,0.32693971905709196,,
loan,population,0.05751785355007279,0.3285670172707041,,
divorce,population,0.05767155645978876,0.32591552437287624,,
malaria,population,0.057806630744938595,0.5359873873587369,,
dish,population,0.058150606070489455,0.12963200667617863,,
peak,population,0.05887064398617625,0.20394613838936995,,
index,population,0.058904340030952726,0.3529719425591956,,
lighting,population,0.058979414836602614,0.2442256405451937,,
miscarriage,population,0.05949403020624068,0.23638879851158368,,
raft,population,0.05957448191008439,0.3663542822109723,,
moan,population,0.05974005987519375,0.1660003919720041,,
devil,population,0.06003900923101969,0.3084293265415824,,
helper,population,0.060878205742166736,0.27630860606080904,,
approach,population,0.06119556954635604,0.0866520214951304,,
rim,population,0.06119737866984557,0.29917496839559843,,
cape,population,0.06121268495800025,0.45132205596469943,,
overflow,population,0.06123350739865893,0.14294361497374156,,
shepherd,population,0.061915212318635886,0.33461814898621844,,
rust,population,0.06237759331234214,0.09879461347240343,,
owner,population,0.06270132212899757,0.14794125100164904,,
leader,population,0.06271423416068263,0.12654141694801402,,
heat,population,0.06281618923509716,0.02131111544541709,,
mustard,population,0.06300800700046384,0.3613366700265271,,
descendant,population,0.06327769047788544,0.28739164361546427,,
gasp,population,0.06330667441640483,0.24570062658418443,,
leopard,population,0.06341040470794881,0.40906599187818127,,
fear,population,0.06350392845622424,0.04742621754673318,,
activity,population,0.06422119212095309,0.17321195192183506,,
rum,population,0.06431460472156765,0.5017051646730467,,
distribution,population,0.06432446763945528,0.3040424919006521,,
space,population,0.06436396226414387,0.04114622625472483,,
lamp,population,0.06439343185683268,0.14203662945803966,,
phlegm,population,0.06440810849100044,0.27838037747387395,,
brush,population,0.06565292821213962,0.15850143032498215,,
drizzle,population,0.06568727229142247,0.2488176878599391,,
wilderness,population,0.06573322101246584,0.3245783551768536,,
bay,population,0.0658189936157787,0.4128153483539201,,
span,population,0.06601139939416042,0.2993406692653377,,
pair,population,0.0660459331210368,0.07679681709461635,,
partner,population,0.06663339876312838,0.16561098633670282,,
goose,population,0.06706986835387939,0.23216363368587026,,
household,population,0.06707491251847335,0.2245493702238221,,
bog,population,0.06717570320224427,0.36422123428311376,,
blacksmith,population,0.06719612623447142,0.37297028176081914,,
hive,population,0.06770999634555833,0.39985740163476,,
butt,population,0.06771666620687873,0.10709228963076618,,
bull,population,0.06856581791797565,0.19194825359242046,,
gift,population,0.06902640801325426,0.09243811288924673,,
symbol,population,0.06910674772569424,0.22676829279054575,,
pond,population,0.06984666977651345,0.1645288034982415,,
handkerchief,population,0.0701426228325742,0.2773581367407757,,
motion,population,0.07018382066886668,0.17079763290508698,,
status,population,0.07056653949746164,0.27438938870123986,,
reflection,population,0.0706230811421835,0.14804608453955587,,
lure,population,0.07082039188537434,0.32173015245986647,,
trigger,population,0.07119303554933079,0.3470225156184712,,
grove,population,0.07129294273893474,0.33520153195424324,,
wax,population,0.071404356759746,0.09572147858822835,,
lard,population,0.07179503638524039,0.35598499830732766,,
neighbor,population,0.0717992925104552,0.1281734658594822,,
smear,population,0.0720872278164662,0.197691290429673,,
creep,population,0.07370402495042785,0.15954342146251807,,
idiom,population,0.07420586161960939,0.5307193899104927,,
grip,population,0.0744946391181511,0.1867012196602686,,
information,population,0.07505121706986549,0.11796537740952431,,
bank,population,0.07601900952993458,0.03572841440268914,,
grave,population,0.07618607355848017,0.032019401542581545,,
mule,population,0.07717007235569258,0.3219404636568275,,
thought,population,0.07724625452136319,0.11824885154708902,,
vegetable,population,0.07751846089230828,0.1274854023899099,,
pebble,population,0.07802464257564391,0.09270518591027531,,
residue,population,0.07861112390829877,0.2583686220267454,,
measles,population,0.07887811277103433,0.13869779794477985,,
death,population,0.07921738154565763,0.012126084714951661,,
crop,population,0.07922344020424683,0.15754292271828654,,
jerk,population,0.07930637275435136,0.22496791409709144,,
cloth,population,0.0796890228480873,0.07747216660149137,,
reed,population,0.08011736549337835,0.17624419333424227,,
week,population,0.08086705772436416,0.08612954696644805,,
width,population,0.08115653420028719,0.1169066080556155,,
altar,population,0.08157554274443175,0.28123334583326887,,
depression,population,0.08195566114305694,0.0590520392848679,,
weapon,population,0.0822521209864874,0.033392080008548194,,
circumcision,population,0.0823220533813363,0.42824453041761645,,
steam,population,0.08247084911006786,0.05587760397823453,,
bridge,population,0.0827582074178064,0.03681762480714037,,
trumpet,population,0.08283716523219439,0.11535387899586391,,
plate,population,0.08308623908462057,0.030140794768104755,,
oil,population,0.08323382362759674,0.03656295783064839,,
shrub,population,0.08328254371111306,0.24003687877259816,,
cardinal,population,0.08362317741432788,0.2780410764219521,,
match,population,0.08365342813241604,0.019936593490239945,,
awe,population,0.08373693169644728,0.2979600518991439,,
drought,population,0.08390575708965502,0.18035334409278286,,
wrinkle,population,0.08391302772564511,0.07097365006275695,,
brace,population,0.08499934436676192,0.1950431083762386,,
scream,population,0.08535197988348717,0.08419370429436852,,
care,population,0.08541145166572969,9.428966879801176e-4,,
wink,population,0.08542259827315724,0.030551419867274165,,
glow,population,0.08546929364167818,0.14373648416990775,,
jealousy,population,0.08547467616845356,0.08501397994557602,,
dye,population,0.08572809329583525,0.07751162500588739,,
policeman,population,0.08578455973995851,0.23626283005891435,,
stoop,population,0.0860360326659947,0.10963275496321154,,
garlic,population,0.08664607288491466,0.22992454909381677,,
vehicle,population,0.08707811464188232,0.16421419542702587,,
crane,population,0.08762761004553613,0.12556953439977495,,
share,population,0.08768303506141935,0.008404581122624532,,
hump,population,0.0878161082091718,0.12741735114585273,,
utterance,population,0.088407004971159,0.15276269362873202,,
content,population,0.08845950527141706,0.003164768666971611,,
asthma,population,0.08866168265498123,0.16148209826844648,,
attempt,population,0.08931147053317282,0.026201460176655016,,
oyster,population,0.08953482590357399,0.3153944705381458,,
sinner,population,0.08955578095167341,0.16966928379148666,,
interpreter,population,0.08961369171226508,0.10092264944784134,,
trouser,population,0.08963494041759376,0.13504450940697701,,
ceremony,population,0.09003787526642217,0.15212834984685122,,
fever,population,0.090279658997434,0.024271855694665462,,
whip,population,0.09056303445667001,0.037146411595006826,,
tag,population,0.09057312378444146,0.2919573180016923,,
loop,population,0.09090607383985812,0.14297251343948036,,
epilepsy,population,0.09134078163232513,0.16153894193885865,,
messenger,population,0.09175030488196645,0.04119252399071479,,
store,population,0.09207156070013837,0.010759614431068334,,
bun,population,0.09230258860405234,0.24921351932050903,,
formation,population,0.09254048441786225,0.06414296350299882,,
herd,population,0.09350923133048883,0.09668807656240387,,
ray,population,0.09420428470577381,0.11666703046679593,,
skeleton,population,0.09493936683543155,0.06579125691392204,,
boundary,population,0.09522859185467743,0.033299487827269415,,
cure,population,0.09593211533636328,0.021944427979206153,,
lock,population,0.09624848026326453,0.004775472118487764,,
demon,population,0.09631043329177406,0.29511036305435645,,
answer,population,0.0963234817817511,0.002238979948794011,,
pail,population,0.09661568907227705,0.11584887189872822,,
tortoise,population,0.09682219007423322,0.15384077435135712,,
characteristic,population,0.0969650841546398,0.030757318566655093,,
umbrella,population,0.09749920388189352,0.0549538016922594,,
dwarf,population,0.09770403531238106,0.05387255572588829,,
fighter,population,0.09831279414726993,0.12783582974159063,,
thirst,population,0.09848480194164802,0.0199812214456197,,
harp,population,0.098554628446042,0.18022646453647903,,
scrap,population,0.09871307504557941,0.14100208732629144,,
research,population,0.0991425641709864,0.1136148096126377,,
jungle,population,0.09917858631755637,0.37748278225432774,,
manuscript,population,0.09928359194912378,0.17308220004443192,,
groove,population,0.09943332350817514,0.1436688721073065,,
tale,population,0.0995191014926791,0.11265090418187375,,
tin,population,0.09981571882009808,0.05584481988664751,,
dam,population,0.1002712198602601,0.11114964034664665,,
clot,population,0.10033497380521426,0.12950440985957834,,
chant,population,0.10062495253827551,0.23323965797066168,,
foliage,population,0.10105672941323705,0.15894715830314252,,
beverage,population,0.10130263716835622,0.1414229453026485,,
goal,population,0.10141738175438418,0.08262457520742923,,
trough,population,0.10146230741606196,0.11516267708380594,,
hatchet,population,0.10184755419593512,0.08762320074038511,,
comparison,population,0.10206537477768189,0.07439656487449794,,
shame,population,0.10230533211788859,0.004171893951403369,,
coffee,population,0.10237704980262549,0.25024193615216095,,
rake,population,0.10241480161433589,0.06917224762193035,,
scale,population,0.10247578292285262,0.0011576583117424042,,
beef,population,0.10263508675677666,0.08840860359291178,,
kite,population,0.1028405723931658,0.1290647196646685,,
instrument,population,0.1028634135822888,0.014782177865680755,,
pencil,population,0.10332189998378086,0.07855467890381225,,
destination,population,0.10347465369984882,0.0828591085068062,,
drill,population,0.10359114723392177,0.05277409888488236,,
entrance,population,0.10370179965862325,0.015924182710870705,,
tick,population,0.104030479051278,0.08344180548925731,,
peanut,population,0.10445335694931876,0.339381958932455,,
peer,population,0.10451009673966423,0.07970015794436712,,
pen,population,0.10481809156972792,0.04932229113895084,,
nurse,population,0.104914936245139,0.01046540375160965,,
visit,population,0.10522869142692667,0.0019560582065314682,,
chair,population,0.10563728474657094,0.018759664885190926,,
lever,population,0.10567394082613674,0.1221962950120608,,
reason,population,0.10568222331647052,2.8695504261308e-6,,
medicine,population,0.10573657790627439,0.01713681455705602,,
gesture,population,0.10591662145799277,0.057198184733236415,,
midwife,population,0.10637594289324459,0.05763085739351263,,
slack,population,0.10639457465883358,0.04333512928766055,,
bud,population,0.1064259131410878,0.03774384821874329,,
rumble,population,0.10647023161908561,0.12402386372473631,,
bench,population,0.10735115825788324,0.05346256897850821,,
skim,population,0.10760167730704545,0.1029809453969748,,
infection,population,0.1080265473494604,0.11575257578993361,,
sight,population,0.10858757115991134,0.0048405520203888925,,
duration,population,0.10890229984815349,0.06446821374227646,,
fun,population,0.10893867404725495,0.01781084547131771,,
scent,population,0.10905545532442157,0.01944163799680011,,
ring,population,0.1098663992418614,1.543463729793181e-4,,
turkey,population,0.1104000950086671,0.14562774785394736,,
evil,population,0.11045775852688908,0.014929139326323008,,
inch,population,0.11094159010297723,0.10425155248022082,,
voice,population,0.11106171829726223,1.9829403541315487e-4,,
sway,population,0.1110676853551806,0.01525136971280965,,
element,population,0.11115794638257023,0.14749897658629546,,
fan,population,0.1112633090271483,0.03574137591221808,,
barrel,population,0.11151726069184706,0.06041803586077348,,
ditch,population,0.11170288178806452,0.02078742883137928,,
cap,population,0.11180329861707869,0.017763179478593065,,
brood,population,0.11189985021884327,0.09913905355546411,,
pity,population,0.1121100921700806,2.6438166652192533e-4,,
contact,population,0.11237289638082158,0.0048137529604224336,,
broth,population,0.11242774309799536,0.08531291146521197,,
coffin,population,0.11320909045953909,0.09021162650027444,,
march,population,0.11379980261156211,0.0060432770450159,,
farewell,population,0.1143108260063968,0.08263919066326106,,
resin,population,0.11475788787468441,0.07413627577102276,,
color,population,0.11524834729484686,7.716176515653023e-5,,
shield,population,0.11557661863886869,0.03063845394001178,,
thread,population,0.11576803681457376,0.003388064017004359,,
combination,population,0.1158700203544892,0.07064557261669693,,
alcohol,population,0.11634885770846522,0.13810656914038666,,
exit,population,0.11667248580888587,0.04874909913814459,,
movement,population,0.11669501594006258,0.004445045563688625,,
den,population,0.1173275858657211,0.16574817205419876,,
frost,population,0.11735051797038716,0.1157841033463173,,
lump,population,0.11762388570735222,0.015290236632085381,,
tomato,population,0.11795762095910622,0.1640933005507675,,
exception,population,0.11863454224513585,0.01816051369917128,,
marsh,population,0.11937640029028034,0.0675031733478684,,
monkey,population,0.11954089792537004,0.08258849529743213,,
comment,population,0.12034150480051145,0.037048866602439855,,
visitor,population,0.1206432263887695,0.018150157715210502,,
encounter,population,0.12129326759846999,0.008306371901551106,,
anger,population,0.12138711233724422,4.7188033773013177e-4,,
gaze,population,0.1215936056051505,0.004294326068832227,,
dart,population,0.1221455490404341,0.09483769525108486,,
cavity,population,0.12219285845697159,0.005422184102193723,,
file,population,0.1225370707609873,0.02250740110917983,,
hiss,population,0.12268939754932856,0.028131685276488242,,
strength,population,0.12295480020993388,3.888420658173745e-4,,
job,population,0.12304032248201205,0.032558479816113824,,
monster,population,0.12320415248117028,0.0649349202609669,,
topic,population,0.12337927348273,0.07733261493872462,,
list,population,0.12372156908930582,0.030179155819538565,,
channel,population,0.1245412252902146,0.05320085200551227,,
fluid,population,0.12473467040048501,0.015219701102309321,,
prick,population,0.1254579838610815,0.021951450192688918,,
marriage,population,0.1256160732838352,0.0013957988860279615,,
basin,population,0.12581923089570418,0.010591426797145068,,
stuff,population,0.12615531978224265,0.010926976545480888,,
toy,population,0.1263356560835818,0.020485849559594774,,
crown,population,0.1264730340538072,0.0012360485662796814,,
god,population,0.1270801536132164,0.029890702111599752,,
remainder,population,0.1271545663501649,0.015213741716879114,,
priest,population,0.1285465976277633,0.04571336984518288,,
volume,population,0.12886507830105498,0.017468435842453167,,
fright,population,0.12901236321814857,0.013144328811219849,,
peep,population,0.1293997993307808,0.035953499264278925,,
porch,population,0.13034018625352514,0.06554781534354776,,
iron,population,0.13039551806884087,1.5163850561914373e-5,,
war,population,0.13066248736293756,0.0014832752984542228,,
theft,population,0.13073195469667567,0.014747172257385097,,
discussion,population,0.13084922547958663,0.0014213152545481838,,
cupboard,population,0.13113212161511317,0.05968422760825763,,
distinction,population,0.13143278992860374,0.006590395275144627,,
grape,population,0.13159925668845773,0.03892582842460054,,
quake,population,0.13165877644655397,0.010547847570123036,,
brow,population,0.1317722487308387,0.033547787748639,,
stove,population,0.13177872817097128,0.093179928620017,,
fringe,population,0.13295355368465722,0.029460080601630426,,
encouragement,population,0.13313196951723666,0.013074746315671253,,
mast,population,0.13314677452825158,0.07025152611455752,,
possibility,population,0.13324304380853202,0.009914349616426265,,
pat,population,0.13339994862823124,0.08692700787512883,,
prey,population,0.13350672564239568,0.016689631607843224,,
knob,population,0.1336737731281529,0.02372717466214492,,
glass,population,0.13416356861453543,3.811512194179591e-4,,
mattress,population,0.13473022117223682,0.031497851613718784,,
purpose,population,0.13507476382254568,2.443391268919929e-5,,
route,population,0.1351484890363104,0.007979580159136194,,
thanks,population,0.13530008598590731,0.005062856792959618,,
box,population,0.13541590605830325,1.818718981644669e-4,,
gun,population,0.13593605094728137,0.004942256928929342,,
table,population,0.13618952644104027,0.0028932367741094983,,
sheet,population,0.13623332470816465,5.554229528828901e-4,,
remnant,population,0.1363122799272321,0.03465822688315717,,
butter,population,0.13643879540468978,0.02079168799732754,,
vicinity,population,0.13700909000374872,0.026517255010071933,,
hare,population,0.13724279571888715,0.07236573694443392,,
band,population,0.13757188347597507,0.0029184193605085763,,
rack,population,0.13781270553083177,0.06614167961531578,,
slit,population,0.13843346933771214,0.02253884146442413,,
extension,population,0.13859199831358196,0.017389588375265223,,
button,population,0.13862324458164016,0.008420701633990868,,
signal,population,0.13906222003834184,0.015069380480898053,,
radio,population,0.13941651466748492,0.13404014396184688,,
angel,population,0.13977519733157337,0.016365685532825698,,
design,population,0.13986927302505464,0.006110867792429202,,
dent,population,0.13992434870419826,0.03269449175247866,,
thief,population,0.14007853122228017,2.1426334119902966e-4,,
tug,population,0.14037487244802935,0.048474301854333074,,
wire,population,0.14103100262269505,0.0036795656945378783,,
interior,population,0.1411347602815304,0.026790889941738727,,
murderer,population,0.14147900052083273,0.009794535022409179,,
gamble,population,0.14153197372700413,0.06320786000211445,,
stage,population,0.14202149292826416,0.004490856306513402,,
permission,population,0.14228417468794638,1.6135773266629438e-4,,
settlement,population,0.1426430803285621,0.02619531866618991,,
peg,population,0.14267861311584087,0.0068109399165465125,,
friction,population,0.14270744832909676,0.009702209944552535,,
love,population,0.14282281193793572,3.847972548006118e-7,,
perspiration,population,0.1428860931633119,0.0030858743746922995,,
basis,population,0.1430410623444758,0.012940809865999006,,
rifle,population,0.1443052529416814,0.08040931919820897,,
teaching,population,0.14446794925436462,0.002109496275375293,,
bracket,population,0.14455139192068825,0.015425755937030562,,
building,population,0.14467527074769101,5.1298877191398575e-5,,
ointment,population,0.14487035687682434,0.002399807633989886,,
prayer,population,0.14500157522322735,0.012828015675648584,,
plane,population,0.14501073475434745,0.003832338255713583,,
cob,population,0.14570639435561128,0.11643212668848558,,
sponge,population,0.14572977158361725,0.0187540366528669,,
cork,population,0.14711341915556464,0.016184000997894347,,
preparation,population,0.14778409503045833,5.683144049518598e-4,,
intent,population,0.14853349050464254,0.01784927773259631,,
hospitality,population,0.14859964990393762,0.06436209952647524,,
origin,population,0.14892914718855987,0.002026979202362009,,
nuisance,population,0.1493168606228373,0.033243612090565706,,
ram,population,0.14943022730525105,0.03312391574887641,,
car,population,0.14977811704465469,0.024830279727180406,,
powder,population,0.1507216806513759,1.5270382938913847e-4,,
mistake,population,0.15091981538039306,1.5039139641811786e-6,,
tar,population,0.1510832759243737,0.04495153456875367,,
buck,population,0.1511451959678146,0.04597263111363178,,
event,population,0.15115836335408156,5.998911923543294e-4,,
address,population,0.1513365259652115,0.004577764671325028,,
chain,population,0.15184028064306287,6.525325620364388e-6,,
haul,population,0.15188532383293238,0.04089919784939036,,
lack,population,0.15285767080046966,0.0010338316261986967,,
celebration,population,0.1528863260645832,0.0480608908915254,,
frame,population,0.15296114903062655,1.410700777444473e-4,,
soul,population,0.15312199169934798,0.002418221498981887,,
loaf,population,0.1531403228466245,0.015774623286377923,,
illustration,population,0.1532482968823039,0.03069865554771639,,
gender,population,0.15325470477102895,0.0823279002438406,,
role,population,0.15344576137265395,0.023860579841825796,,
bullet,population,0.1536411116896138,0.010809329294618326,,
yard,population,0.15367843074277415,0.002134421450150183,,
handful,population,0.15377231856072066,0.016327807103344416,,
jam,population,0.15447310498040945,0.04543955938676561,,
dragon,population,0.15447840972321872,0.044238309454679055,,
problem,population,0.15453299147636643,0.022307685523082727,,
difference,population,0.1546164471126654,5.49679461497341e-5,,
sickle,population,0.1546859202979128,0.03194350893666654,,
rind,population,0.15480865746431657,0.025489030346981155,,
pun,population,0.15484960471682002,0.12565012298185907,,
insult,population,0.15489766671356675,0.0029944587248626237,,
lace,population,0.1561001195956735,0.025083511727169605,,
gale,population,0.15617602626649985,0.06484315872863458,,
puff,population,0.156177909843993,0.003453679232241725,,
shoe,population,0.1563814697448627,2.480338412037605e-4,,
seat,population,0.1566768294187224,1.4756848500224932e-6,,
board,population,0.15701220878497185,9.764854757208832e-4,,
bulge,population,0.15742755451925802,0.020868665458669007,,
goodness,population,0.15775439321948015,5.373316732339174e-4,,
porridge,population,0.15810109934445218,0.11614698954905762,,
stack,population,0.1581262409770116,0.014201198910020685,,
access,population,0.15830775253622567,0.005625363700241595,,
behavior,population,0.15855805236757062,0.0014805835625740637,,
blindness,population,0.15948964261027448,0.010565851843111108,,
whirl,population,0.1599367113930117,0.005262647636268426,,
companion,population,0.1602623377394273,0.0012390131700554916,,
carpenter,population,0.16046017971402982,0.0010853241231761834,,
cement,population,0.16075375731059224,0.0032145226388889518,,
attention,population,0.16210861540448462,1.419431995098449e-9,,
ravine,population,0.16262147044523714,0.03155138285151812,,
smile,population,0.162670939838052,4.157306573026259e-6,,
repair,population,0.16286233636107766,7.6794791738437e-5,,
depth,population,0.16313091785072614,1.1057511409191813e-4,,
chill,population,0.16322376085850096,0.007910821663590743,,
measurement,population,0.1632768492300801,0.009810085848562619,,
seam,population,0.1633970171667845,0.003665136487397516,,
map,population,0.1634891564208398,0.013947340461898342,,
century,population,0.16360127259610321,0.026483083345648892,,
bowel,population,0.16398120140366643,1.7904750314482265e-4,,
bell,population,0.16424482688007308,3.140657985806182e-5,,
blessing,population,0.16447778015576578,0.010575440528881694,,
image,population,0.1648388120403537,0.0030584142308985613,,
shred,population,0.16545400975690172,0.008708517425293546,,
race,population,0.1655200766706649,4.202131183331795e-5,,
page,population,0.16561644266199685,0.0022503251314452658,,
hay,population,0.16591568076124064,0.04933269279715591,,
collection,population,0.1664954413657993,0.0018257262393812392,,
reptile,population,0.16664609699139105,0.015028161125366448,,
gorge,population,0.16757391951291517,0.01907907820250303,,
thickness,population,0.16813369739953166,0.0011441309359716246,,
rebuke,population,0.16827451641105465,0.020624396811245893,,
notch,population,0.1683373669791906,0.023982872396390676,,
artery,population,0.1683439200488784,8.373588279603949e-4,,
inhabitant,population,0.16852128451742915,0.0018545992919188432,,
host,population,0.1685565637119714,0.004558041685489946,,
pitcher,population,0.16865345146828994,0.021388993984615207,,
peace,population,0.1691164721200461,1.1926485299504022e-4,,
rap,population,0.16980974934372597,0.02844074772820685,,
wolf,population,0.17000234670986367,0.006751352507953438,,
harm,population,0.17043562147096453,2.6215067176838175e-4,,
miracle,population,0.17101588447373287,0.005829570267440912,,
arrival,population,0.17104933660322028,1.6114423764038475e-4,,
joke,population,0.17159786187507522,2.9105575657542688e-5,,
flank,population,0.17212195460141172,0.0025703665450345467,,
window,population,0.17222544999846934,5.47957776399546e-5,,
football,population,0.1722582554035595,0.07051235838924054,,
heating,population,0.17293593873329585,0.005046001235966928,,
trim,population,0.17359235040759208,3.019665365753392e-4,,
respect,population,0.17419854117436875,1.7070940391057919e-6,,
plow,population,0.17442876886491487,0.007097908187260141,,
wool,population,0.175028393580885,0.0030145144412476303,,
ton,population,0.17512427166036845,0.06998434146430847,,
bachelor,population,0.17518577608608546,1.490743839530261e-4,,
pocket,population,0.17568955864262611,2.1745235549513334e-4,,
praise,population,0.17605578180206669,8.305378750144043e-5,,
picture,population,0.17620021736452376,5.764727765871108e-5,,
extract,population,0.17622291248242486,2.900420248534362e-4,,
doll,population,0.17634621418595284,0.0021288944665073086,,
scum,population,0.17664451405245452,0.002694861659514389,,
feeling,population,0.1767901688455495,5.646162188226307e-6,,
rag,population,0.17707403010140488,2.8653559165829834e-4,,
eclipse,population,0.17739158722564322,0.0018827372949160954,,
eaves,population,0.17745586809145214,0.01733769563558257,,
apron,population,0.1777583461556461,0.03727457061888174,,
tent,population,0.1789209794611397,0.0023522623278313844,,
funeral,population,0.17930953731957866,0.01620530012492226,,
omen,population,0.17944865091314158,0.005311912609071766,,
litter,population,0.17975976708847574,0.002959883224150448,,
suspect,population,0.1801226585633635,9.489974010683102e-5,,
socket,population,0.18015529843156333,0.00318782475592215,,
library,population,0.18017041773118952,0.0027586746081462647,,
truth,population,0.18020636347025062,1.2475376777342786e-7,,
ceiling,population,0.18062167626377004,0.004879540588152443,,
bulb,population,0.18154675070063525,0.0022895360196046742,,
contribution,population,0.18176741989644585,3.006561998260999e-4,,
lamb,population,0.1818849262368704,0.006147359277204066,,
curve,population,0.1825247777193184,2.87673274054575e-4,,
wisdom,population,0.18335613103753276,0.001978679876100563,,
filth,population,0.18389623861411442,0.0023327244823333013,,
project,population,0.184653614116918,5.022246799240567e-5,,
creator,population,0.1854451478376287,0.002694301928901043,,
foreigner,population,0.1856042769595473,2.1087614086981972e-4,,
exchange,population,0.18651103430790722,9.530677050884084e-7,,
lion,population,0.18679733553506966,8.708458783582752e-4,,
mask,population,0.18680026694913757,0.0169459061631773,,
institute,population,0.18685612079395653,0.007107281629902877,,
heaven,population,0.18732181553415803,1.5145404011522714e-5,,
folk,population,0.18738577026490377,0.012054604685617264,,
task,population,0.18754530187672908,2.2525809177684332e-5,,
stool,population,0.1878268512975671,9.617708377560654e-4,,
guide,population,0.18783091249488157,6.494075416095031e-7,,
warning,population,0.18799248991585646,3.7279721405986096e-5,,
shower,population,0.18831301993285895,1.1661108000540082e-4,,
vessel,population,0.18865091841722115,0.0024353865209093242,,
nun,population,0.18893336584192905,0.017728795186644036,,
mile,population,0.1890768256777699,0.0024157492666108697,,
hog,population,0.18912312894518674,0.011615352824315757,,
prophet,population,0.1896772895164308,0.006465110756658552,,
youth,population,0.18971460145486574,1.9742174229354212e-5,,
request,population,0.19005701150770793,3.32880674845069e-7,,
pasture,population,0.19020721490445802,0.007885979533598417,,
refrain,population,0.19043057915162878,0.003876820536568839,,
puberty,population,0.19057778516706878,0.021192978588042893,,
rescue,population,0.19079157646720207,6.374946357049108e-4,,
pea,population,0.19151507008547583,0.004813505276850092,,
territory,population,0.19158975326050245,0.002836230549403114,,
smallpox,population,0.1916651896417455,0.006354271005359959,,
weight,population,0.19197369415788784,1.4351191120019867e-10,,
rash,population,0.1924221998218748,1.3763951271755557e-5,,
barrier,population,0.19245726103317135,6.35864232933472e-4,,
invitation,population,0.19381000009847657,3.312682328878943e-4,,
blaze,population,0.19412788367029943,4.0047178837653973e-4,,
baptism,population,0.19414685552798275,0.012932511025383595,,
pear,population,0.19425887098954758,0.014699806874905888,,
jug,population,0.19439374798408018,0.0033302992720303268,,
result,population,0.1948237635689241,3.016323625530889e-7,,
worship,population,0.19521533019176598,0.002172490106758904,,
ride,population,0.1955090227434972,2.0192319691686493e-4,,
mount,population,0.19563129928294218,8.22252789850947e-6,,
spy,population,0.19566575182741208,8.59450652314394e-7,,
ownership,population,0.19720571562249126,7.167889197940071e-5,,
autumn,population,0.19787268052128187,0.011169014913501205,,
sin,population,0.19821954704735903,0.0018137830173310045,,
injection,population,0.19832858328277514,0.007098840106224384,,
substance,population,0.1993713898090602,4.163678441988418e-4,,
kitchen,population,0.1993894617204768,3.380688228969998e-4,,
wheat,population,0.1995510173645946,0.0030022061621714433,,
doctor,population,0.19963167537240448,2.8540727244855796e-4,,
air,population,0.19980512189691935,8.277484728105693e-10,,
discourse,population,0.2003101193158806,0.005519054354883928,,
testimony,population,0.20035952171704288,4.346454154599979e-4,,
foundation,population,0.20041069426050281,1.1675461794310292e-4,,
sadness,population,0.20064365197907752,6.406807656767016e-4,,
passage,population,0.2010244875267955,6.141362739721711e-5,,
figure,population,0.20195672595419228,1.257816653656041e-4,,
desert,population,0.20203756475160795,3.515873304056604e-5,,
funnel,population,0.20261157263378557,5.653265152678701e-4,,
hack,population,0.20293073563749542,0.00508361615022208,,
contraction,population,0.20293597643261127,0.0025155915777825897,,
trading,population,0.2037092934076194,0.0022401364887437796,,
tow,population,0.2040656668088813,0.005030264644430194,,
steel,population,0.20420802736936455,5.618324043764631e-5,,
dot,population,0.20427084110651142,7.525291819434956e-4,,
stake,population,0.2042947835424898,1.4864502179493737e-5,,
mum,population,0.20463161010310035,0.0011519863867278859,,
ice,population,0.2047352643096137,3.7664262863151127e-4,,
organ,population,0.20474813179141335,3.960253212491239e-4,,
ambush,population,0.20482673526200504,5.546659810390641e-4,,
abuse,population,0.20490370032817454,1.4998556828543132e-4,,
quarter,population,0.2055590845106365,2.37536737860269e-6,,
range,population,0.20589388548862783,1.594668651271317e-4,,
enemy,population,0.20606554229498605,2.26784730923307e-6,,
command,population,0.20612150189514605,7.411392521146201e-7,,
drain,population,0.20613628982308355,1.7417170142536246e-5,,
appendix,population,0.20663607022145047,0.02524620760615515,,
guest,population,0.20683647954712048,1.2953461242471546e-4,,
tilt,population,0.20823691877301156,0.0025100857956485167,,
rape,population,0.20835630123064924,6.57691325875309e-4,,
luck,population,0.20873528678143774,9.543798621305863e-6,,
disk,population,0.20876213188168416,0.001607562927966102,,
purse,population,0.20883866037082882,3.797386157381651e-5,,
bail,population,0.2091228071017028,4.886374810415088e-4,,
burden,population,0.20958966526334827,2.2867883513147963e-4,,
disease,population,0.20976894652279576,3.644369991295618e-7,,
stride,population,0.21030379792991444,0.0023745419674294724,,
copper,population,0.21036233834881923,6.897927273689533e-5,,
ham,population,0.21050847756403124,0.019904719641721667,,
murder,population,0.21131269652207935,3.913714561167301e-6,,
development,population,0.21177322100927812,9.898481207139246e-5,,
envy,population,0.2127331194148105,6.802218813264941e-5,,
journey,population,0.21290002918448167,1.1799401814064799e-5,,
witness,population,0.21331718226287832,2.796875170873168e-6,,
wedding,population,0.21336503705182214,0.005514274323220978,,
rut,population,0.21389748550790189,0.0028735605101532146,,
lemon,population,0.21445602584103107,5.946532760242312e-4,,
brand,population,0.2145747386906803,3.756590734237523e-5,,
mixture,population,0.21475082075329835,1.59087256909257e-5,,
ape,population,0.21494239722625325,0.01669747640801936,,
hoop,population,0.21502954603269095,0.006481919516660961,,
tray,population,0.21513563531673044,0.002554758607596671,,
patient,population,0.2151468186905026,8.914664821045357e-6,,
ornament,population,0.21556189564529624,0.0016243880768926511,,
cent,population,0.2156081608536594,0.004400637345733131,,
reply,population,0.21633404337209747,6.657184425133118e-5,,
preface,population,0.2167359654362,3.0415788794037297e-6,,
meeting,population,0.21690370420858274,7.044493131950714e-7,,
news,population,0.21761955361556454,1.2519192013241427e-8,,
wrestling,population,0.21820906303000426,0.0023776910807095306,,
hinge,population,0.21831616013985855,4.914783953337269e-4,,
captain,population,0.21954264820825017,2.4842698609265317e-4,,
plot,population,0.2199651962080168,3.5723171706643136e-5,,
cultivation,population,0.22069693511168853,0.005998847108902521,,
team,population,0.2215999287605484,8.49480613122563e-4,,
summit,population,0.22169215039416568,2.4253775064978362e-4,,
vapor,population,0.22180178321195132,7.286402076703877e-6,,
relation,population,0.2219777769441743,8.106258558701511e-8,,
cattle,population,0.22210957918244678,6.326977651557399e-4,,
warmth,population,0.22230825110664765,1.5512540911902546e-4,,
survey,population,0.2225143152527782,1.3435296906148036e-4,,
doubt,population,0.222640821586641,3.2170641103226803e-7,,
lantern,population,0.22264092448878323,2.561504977109474e-4,,
yoke,population,0.22264912699174663,0.0022893338247096094,,
switch,population,0.2228730095685062,9.594041149981068e-4,,
indication,population,0.22304501660773246,1.2167480893032364e-5,,
fact,population,0.22304720539493644,3.426750696919504e-7,,
assistance,population,0.2231927651967067,1.8938187031353408e-6,,
hospital,population,0.22340771706734078,7.566790632218491e-5,,
paper,population,0.22343085506801508,2.2638849298288185e-7,,
interpretation,population,0.22366700005839465,0.0010822429144634637,,
singer,population,0.22472370142054857,2.691587322140188e-6,,
resemblance,population,0.2251294376600111,7.771872138480656e-4,,
parting,population,0.22544691165102013,3.003945702811646e-4,,
unit,population,0.22545299452975087,1.6953302478014227e-4,,
errand,population,0.2255810273802527,0.0023014284778600357,,
lunch,population,0.22577264808656483,0.010868929499474374,,
gunpowder,population,0.22594488043172284,0.0015154915235300929,,
cage,population,0.22646843555103469,1.477974940281911e-4,,
mess,population,0.22648243152222883,8.639415544168669e-4,,
money,population,0.2264967901939027,5.066702226656989e-9,,
occurrence,population,0.22691473033789464,0.0015952956717625651,,
rail,population,0.22700377828886062,3.027362352770212e-4,,
crust,population,0.22773416107740252,6.284750625843658e-5,,
condition,population,0.22862654102476448,2.188454375622575e-7,,
pump,population,0.229735201845383,5.920377185723192e-4,,
cheese,population,0.22991308798482005,0.00362959547184084,,
breakfast,population,0.23007762574383117,2.0075373421923152e-4,,
suicide,population,0.23022352104516808,9.846385582063259e-5,,
fool,population,0.2303677261925379,5.392078892335821e-7,,
ward,population,0.2304281236595097,9.690099550117712e-6,,
sake,population,0.23043571875205052,9.273947288067365e-5,,
oath,population,0.23070886482510908,4.8464065128700205e-5,,
history,population,0.23074353199114345,1.965104331636143e-5,,
test,population,0.23119420600218735,1.3400625071981426e-11,,
knowledge,population,0.23186908621815733,7.309935924545945e-9,,
sock,population,0.23187260154446374,0.001798791479780272,,
treasure,population,0.2321205037453925,0.0010701089825260975,,
desire,population,0.2321838496816517,4.6013704483424324e-8,,
region,population,0.23237804742637788,1.417308337479067e-5,,
landing,population,0.2332498208163887,0.001964199153930068,,
sob,population,0.23385004866133666,1.4839935525154098e-6,,
pad,population,0.23452426145571634,3.543109267260055e-5,,
herb,population,0.23485196923129922,2.783356758526894e-4,,
completion,population,0.2354712468821783,1.3707655013974219e-5,,
absence,population,0.23555548713017452,7.327900383671047e-7,,
choice,population,0.23577061660282267,1.0965171924526168e-7,,
rice,population,0.2359443103048351,0.008534473464784123,,
appearance,population,0.2360229605730549,6.091078932195847e-9,,
straw,population,0.23609803064250978,1.054985557070331e-4,,
sacrifice,population,0.23613182340634653,0.0026804115241944463,,
bath,population,0.23624415976043633,3.2548895500153307e-5,,
leap,population,0.23757794531499643,1.5086025347981068e-5,,
majority,population,0.2379685217483269,1.2888240520660257e-5,,
aim,population,0.2380358369048424,5.866300966096754e-9,,
sigh,population,0.23851591780898573,4.080661951267757e-5,,
utensil,population,0.2390648480700278,8.285608241329257e-4,,
truck,population,0.23911507447938207,0.009676052230975195,,
mercy,population,0.23912745002118782,2.0472040321570953e-6,,
system,population,0.23928950038430097,9.854297917171401e-5,,
temptation,population,0.23991011456290223,1.859743318054849e-5,,
rustle,population,0.24026745624526086,0.003009406486234594,,
forgiveness,population,0.24039000157170684,2.0548001459379424e-4,,
hem,population,0.24120489858060418,3.1961935301450634e-4,,
flavor,population,0.2412189190607546,7.343380733491423e-7,,
groom,population,0.2414753374983211,0.0026807011464812947,,
promise,population,0.24184324690938697,1.4351712464224793e-11,,
boot,population,0.24189050719965607,4.831763561510544e-4,,
scarf,population,0.24224619733046587,8.572068241560124e-4,,
lover,population,0.2424544664930058,7.257478163547679e-5,,
saddle,population,0.24268096169395556,1.9035452520679234e-4,,
waste,population,0.24272836074423762,6.040939213330189e-10,,
worker,population,0.24282124373988717,4.922335020610023e-6,,
calendar,population,0.24305815957749305,0.0028715301525465858,,
candy,population,0.2433289480715064,0.009121379741266233,,
inheritance,population,0.24337696531054687,9.015453635240378e-5,,
likeness,population,0.24347823071201632,1.4731604017359173e-4,,
tiger,population,0.24381261269103402,0.0012876117836706192,,
accident,population,0.24408693017860714,1.0452319893931694e-7,,
trickle,population,0.24447951878096538,3.1825615346825167e-4,,
stew,population,0.24485260393334926,0.0016601421747544623,,
trash,population,0.24524692079504432,0.006655484767497091,,
ulcer,population,0.2460023401380923,2.5138456920085215e-4,,
damage,population,0.246105572670609,5.654017445392557e-7,,
study,population,0.2463128372000898,1.9666739242539854e-6,,
power,population,0.24637791554332325,3.3625773000658814e-9,,
hum,population,0.2465372188614911,1.7004234952597915e-4,,
quarrel,population,0.24687646010314718,7.3718645978419185e-9,,
brim,population,0.24749690627128398,1.5771288703666908e-5,,
package,population,0.24763097278802554,2.8730297220542133e-4,,
glory,population,0.24870112149991896,2.7844085243333923e-5,,
mallet,population,0.24877913710972668,5.534843295826422e-4,,
nap,population,0.24898631502140822,0.0014888419605663295,,
advice,population,0.24977705530532396,8.188575117630279e-10,,
wage,population,0.24993634203900558,3.397487852094004e-7,,
belief,population,0.25063681630001566,1.0610979403037432e-7,,
perfume,population,0.25109635598205443,5.174672884372941e-5,,
substitute,population,0.251195910432273,7.101884420539725e-7,,
comfort,population,0.2512778656207786,1.0172409400842593e-6,,
fuel,population,0.2513759497118925,4.963736340113223e-5,,
murmur,population,0.25234574868686205,1.1367391047454662e-4,,
coward,population,0.25305960759107954,1.3577157634504112e-5,,
custom,population,0.25311490654550434,1.3875466353164188e-8,,
deck,population,0.2533261830733539,9.91661302420497e-4,,
prison,population,0.25357167868107366,3.33752884906155e-8,,
chat,population,0.2536203412371468,1.5688798335234465e-4,,
roar,population,0.25453686673916404,4.8404747885423045e-6,,
bin,population,0.25462423435364623,0.010488605525076383,,
ingredient,population,0.25498689852347334,2.505314496311186e-5,,
shock,population,0.25539518029987673,2.72973325006859e-6,,
moisture,population,0.25541321434052294,1.7613675744640244e-4,,
descent,population,0.2556623914774766,3.6587365628624694e-5,,
extent,population,0.25673257691548174,1.1368935106882371e-7,,
teacher,population,0.2572876628407451,2.508810484789144e-9,,
metal,population,0.2581973725517164,1.1316014656639004e-7,,
smack,population,0.2587414145819851,7.161676559205647e-4,,
slaughter,population,0.2591748572552721,8.202378707079665e-6,,
carrier,population,0.2604824302070141,8.128491243689779e-6,,
emotion,population,0.2607605400639678,2.4354890327072503e-6,,
anchor,population,0.261618101571591,2.7951063916687265e-4,,
detail,population,0.26193873021121794,3.074345176232127e-7,,
effort,population,0.262049102672803,9.21616571871446e-10,,
decay,population,0.26302152283946884,1.0462057624061116e-6,,
muzzle,population,0.2633227170826379,2.2345690129777754e-5,,
consumption,population,0.26395039067909903,6.437766586112597e-7,,
stroke,population,0.2639760050670551,1.0089711640781786e-7,,
accent,population,0.26397627399423307,4.312952696466398e-4,,
spectacle,population,0.2646600743162937,6.085457186371e-7,,
mood,population,0.2651260950862905,5.072397297686121e-5,,
pie,population,0.26545014075540174,0.0033490836596674722,,
claim,population,0.2660944965146579,2.957834187891537e-7,,
bolt,population,0.2661195507111176,3.390639881584564e-8,,
tube,population,0.26704042237480724,5.818031410892832e-7,,
serpent,population,0.2670732631966894,7.46789730420004e-4,,
guitar,population,0.26738499226043755,3.853935714992224e-4,,
disgust,population,0.2673879406653995,1.6664381128824413e-6,,
melon,population,0.2679466188309165,3.548107379467846e-4,,
bang,population,0.26809881579959877,0.0013516979418761533,,
cock,population,0.26826863256658545,6.747315478795962e-6,,
pressure,population,0.26829314867118614,1.302338768408782e-6,,
incense,population,0.2691348223817696,2.2608708527030932e-4,,
challenge,population,0.26938347825291215,2.7429101222318656e-6,,
victim,population,0.26947171007384807,2.8024930689286395e-5,,
kit,population,0.2696330767927768,0.0031700622005343643,,
resident,population,0.2696986735175012,3.3468369659767798e-6,,
statement,population,0.2697071687740527,7.055698305420943e-8,,
trouble,population,0.26979012115914147,2.9228499286694093e-12,,
bar,population,0.27049414542545086,4.516942090538453e-6,,
practice,population,0.2707768861961874,3.866789457980195e-12,,
glance,population,0.2715913478381301,1.2541923960297418e-7,,
rush,population,0.2717953664071388,6.102751150901441e-9,,
struggle,population,0.2718690970073837,8.59107332085529e-8,,
treatment,population,0.2720013465519231,3.771447600218296e-8,,
guard,population,0.2724248663065166,4.6771679855700824e-14,,
queen,population,0.27269162540693304,2.3587542763193656e-9,,
author,population,0.2728097820814408,1.2624340558775883e-6,,
clock,population,0.2728422482272642,1.598386161454695e-6,,
deception,population,0.2730456392016527,3.8354550106045296e-5,,
rug,population,0.2735119865888303,4.5251335802119264e-4,,
satisfaction,population,0.2735640808792769,2.2087897086276153e-6,,
manure,population,0.2736995384322439,1.4514428003122749e-5,,
sorrow,population,0.27471504479628,1.315804159118469e-7,,
situation,population,0.274846835907199,1.6289974119606957e-7,,
stair,population,0.27485927816997435,6.762003096688876e-7,,
repetition,population,0.2753976551763094,3.1490413640971165e-6,,
maker,population,0.275712071174204,1.2028213622685568e-6,,
silver,population,0.2758540112292639,2.0045570688658378e-8,,
extremity,population,0.27657927836049817,5.477865365129796e-5,,
occasion,population,0.2769811227622134,1.4677712847649037e-9,,
lineage,population,0.27716419658990415,0.005237883141503324,,
ribbon,population,0.27737533814079046,6.855348749729568e-5,,
liquor,population,0.27782762893328666,1.4246747407664487e-4,,
sparkle,population,0.2781285803353862,2.6004819483351725e-5,,
regret,population,0.27832904816781895,2.929266438175236e-9,,
injury,population,0.278647427897471,1.7679005969470327e-7,,
guardian,population,0.2787539896259622,2.0790927317626586e-5,,
argument,population,0.2794522529124981,1.5421688476129678e-8,,
skill,population,0.279537424147647,1.2829827943551881e-8,,
gland,population,0.27981722350163624,6.851720019354666e-7,,
division,population,0.280118167755537,6.011743165541786e-7,,
bellow,population,0.28040429097456093,2.0519702385203803e-5,,
paradise,population,0.2812575511220552,8.147491094416072e-5,,
potter,population,0.2812585552430738,4.9617197637569595e-5,,
urge,population,0.28134481454334964,2.6595411713172317e-8,,
greed,population,0.28135563738505037,1.507269591687299e-4,,
quantity,population,0.28169366839934074,8.526397782653422e-8,,
screw,population,0.28201143974077736,3.0287087807504064e-6,,
idea,population,0.2821530724778311,5.244349649252802e-10,,
necessity,population,0.28233771652156403,4.127118764106591e-7,,
chatter,population,0.28239010358545064,1.2067116531559034e-7,,
parcel,population,0.28247853672139406,2.2181507137167e-5,,
junction,population,0.2831321904332656,8.867343685666195e-6,,
agreement,population,0.28342690862606806,2.2152626708464717e-11,,
firm,population,0.28419243211936523,2.5795655647886343e-9,,
attack,population,0.28438120066718847,2.41491769694083e-13,,
pace,population,0.28452583676748844,8.854686179472482e-7,,
age,population,0.2845977965245694,6.3385729975184055e-15,,
astonishment,population,0.28462687883453003,9.282621356342201e-6,,
console,population,0.28469080196769075,2.0110268873304785e-6,,
elephant,population,0.2848635277625378,1.1511217260293758e-4,,
ban,population,0.2856669319810312,0.011223734228400608,,
festival,population,0.2857215253442232,0.0027270395766552254,,
suggestion,population,0.28587366837425526,1.3953442037111155e-7,,
ridicule,population,0.28639419392498094,7.338678278359047e-8,,
connection,population,0.2870348761105874,9.485987629873496e-7,,
program,population,0.28802091641014776,3.31063154395271e-4,,
force,population,0.2883640388026319,5.596741674969523e-18,,
protection,population,0.28906874030303065,1.0701635450193309e-7,,
learning,population,0.2894887895014179,1.5758141590473821e-10,,
crash,population,0.29006791636985413,3.7160003265102783e-6,,
report,population,0.2901023320930428,1.0885597489701615e-11,,
temple,population,0.29011910643249245,3.070177644770568e-5,,
wrath,population,0.2907473270926538,1.0048058927588915e-4,,
stature,population,0.2912380386434935,1.195930858572517e-5,,
crook,population,0.29131866571933873,1.7860806393450254e-4,,
stroll,population,0.2915648881154028,2.2536278758898302e-4,,
proverb,population,0.2917050634608523,2.311585178760672e-4,,
tub,population,0.29186584673208077,2.5855614120498404e-5,,
habit,population,0.2921256453936244,1.0708355281153359e-10,,
sensation,population,0.29246544333006563,6.441939375243738e-6,,
purchase,population,0.29247107897905067,3.899792984983873e-9,,
exhibit,population,0.2926444430805855,4.950613595779387e-6,,
spice,population,0.29266032601031833,9.886039383826728e-5,,
cargo,population,0.2929573462497943,7.130034356488926e-5,,
gratitude,population,0.2934644902859652,5.177950606560489e-8,,
yarn,population,0.2936821557276123,3.9638418679627726e-5,,
camel,population,0.2941506998586267,3.0926770132059926e-4,,
faith,population,0.2944416257192599,1.1794370227467737e-7,,
epidemic,population,0.2954020549337563,2.8199888068356937e-6,,
plantation,population,0.29544379291406137,0.0015703546302451297,,
objective,population,0.2955827253867769,1.9443549599418097e-4,,
partition,population,0.2962750484352844,2.35328277992981e-6,,
frown,population,0.29661477255688445,3.822081847802782e-7,,
supper,population,0.29663251095402354,4.5554424751921574e-5,,
seal,population,0.29697709971367386,6.519091922470462e-7,,
mold,population,0.2973723764159064,1.0228339917200936e-11,,
as,population,0.2980005982666494,2.580671077286776e-5,,
flutter,population,0.2980112347255897,1.1236219478362822e-6,,
wagon,population,0.29814996929995746,0.003793909571337883,,
dispute,population,0.2982193140327306,3.094442982631868e-8,,
creation,population,0.29855182819455045,8.292937030729155e-7,,
increase,population,0.2986617592126886,1.3829926774148063e-11,,
wheel,population,0.29870317575921884,2.436162401234313e-12,,
judge,population,0.29908418920468216,1.6219734081196254e-11,,
lodge,population,0.29932170322178603,3.389622217008926e-5,,
copy,population,0.29940122164188815,1.68111870396723e-9,,
room,population,0.2994016656869603,5.314800512158112e-13,,
crowd,population,0.2994492055297778,5.772125323114349e-12,,
craft,population,0.2996521390090216,1.1269101819148427e-5,,
salvation,population,0.29965425130014217,1.1960079106916393e-5,,
pupil,population,0.29970767325459363,4.143519374482769e-12,,
leather,population,0.29984007794011236,2.888771504337041e-10,,
value,population,0.29992110509822034,6.162854205844499e-15,,
remembrance,population,0.30002257794020915,3.8981640381753e-6,,
trench,population,0.30006922348006887,4.969010718989536e-8,,
abundance,population,0.30037149285786496,3.980080841853177e-7,,
difficulty,population,0.3006205453215253,1.196926045853557e-15,,
harbor,population,0.30075902585098535,7.743379313984699e-5,,
pulp,population,0.3009750896197651,2.8120147401159968e-5,,
annoyance,population,0.3010417465044747,2.7399817092575603e-6,,
decrease,population,0.3012881174561097,1.9070243111787735e-7,,
trace,population,0.3017745807302212,6.655563876489104e-9,,
chimney,population,0.3023033451310574,6.326907029038531e-5,,
garment,population,0.3029912369576875,4.313606961775595e-6,,
laughter,population,0.30333011671869514,2.403630301582682e-12,,
pause,population,0.3035374422625862,6.7292856398580065e-6,,
view,population,0.3041748099627993,1.909760124799856e-11,,
record,population,0.30453909960161757,3.903533173186682e-7,,
hesitation,population,0.30463861188961044,5.77125049977055e-7,,
thrust,population,0.3052632953086531,3.0091500847042906e-6,,
ship,population,0.30635711985111813,1.4938591124438227e-5,,
childhood,population,0.307359295416178,9.062928435596442e-7,,
benefit,population,0.30760936687812074,3.981755221540426e-9,,
payment,population,0.30776861825668206,4.809506298251857e-10,,
effect,population,0.30806354287755605,8.867537573632923e-15,,
cushion,population,0.3080766948287008,6.64588486277689e-8,,
health,population,0.30893097827159277,5.8566476088034596e-15,,
candle,population,0.30959572135918634,1.009835809381821e-7,,
gate,population,0.30962452202287905,7.887481924311551e-7,,
labor,population,0.3098079433564566,1.7461366507788095e-12,,
glove,population,0.3106397954227172,9.161926961839448e-5,,
method,population,0.3112278718456151,3.503811126057772e-8,,
fore,population,0.31167717489868685,3.446787036974001e-5,,
council,population,0.31178114377636845,4.111847424998387e-8,,
brook,population,0.3126137979930502,9.115121230393656e-6,,
contest,population,0.3127408529652104,4.528238846735546e-8,,
expert,population,0.3128430680589403,1.7756090790685684e-8,,
prohibition,population,0.313247216431308,1.1284970034421805e-5,,
gas,population,0.31369086825606857,1.1373511310744543e-4,,
plunge,population,0.31385236544756695,1.725349213884056e-7,,
society,population,0.31401654970138587,5.518177799757813e-8,,
angle,population,0.3148830137417214,1.2185707285631104e-10,,
testament,population,0.31507195673487826,7.064387734960259e-5,,
plan,population,0.31523265318419913,5.719340075787361e-11,,
marble,population,0.31539710362656465,4.843382402642973e-5,,
conversation,population,0.31596356841459733,7.729374957743672e-14,,
trust,population,0.3168201459418076,1.5750256601473002e-11,,
border,population,0.3174751955794627,1.5716340342389233e-10,,
paste,population,0.3185057237751357,2.1014729347649186e-6,,
rule,population,0.31878429673406905,4.4913044261647186e-12,,
bicycle,population,0.31910507686587625,5.474949190533268e-4,,
understanding,population,0.3195169773643526,3.780071897162845e-12,,
weakness,population,0.3196359006579383,1.900608849174742e-9,,
maize,population,0.3196734199845565,0.0016034247556049488,,
defeat,population,0.3199478530322476,1.0509352911859252e-10,,
delay,population,0.32014783985915085,4.3392522782131924e-11,,
influence,population,0.32023347922776707,2.9053905763662237e-10,,
master,population,0.3203065281905708,4.047635136838308e-13,,
experience,population,0.3205351079334822,6.796533376190419e-15,,
property,population,0.32165385970184635,2.058938874155919e-12,,
gulp,population,0.3217604522225286,1.5698758958416165e-6,,
birthday,population,0.32184412096880183,2.640276013688909e-6,,
hell,population,0.3224285632214967,5.873448086353969e-9,,
rite,population,0.3233042010511518,6.4667873007197e-5,,
patience,population,0.3234853547992201,1.4785124377125278e-9,,
abortion,population,0.32367901869707333,1.4442886222792214e-10,,
pulse,population,0.32394357875330815,4.37458207834686e-7,,
dinner,population,0.3239815346564662,5.710811004499254e-6,,
agent,population,0.324540094561256,4.874337250786074e-7,,
fashion,population,0.32476554530452345,1.9893255391910292e-10,,
dollar,population,0.32477802613582435,0.009264032168483738,,
hour,population,0.3249517211388317,1.948704978968303e-13,,
robe,population,0.32509927876100214,3.9138242056880525e-5,,
sketch,population,0.3254358763662464,1.098699793158873e-5,,
bus,population,0.32690098654380734,1.199718633143083e-5,,
supply,population,0.3274659300385401,6.121536604281894e-11,,
link,population,0.32869279084729297,7.114534549026239e-9,,
sample,population,0.32934845426817677,2.0201269698757179e-7,,
error,population,0.3306863768787016,3.2187141323776824e-11,,
horse,population,0.3307820648729258,1.8860868621911813e-9,,
torment,population,0.3308064811737799,2.363353891889906e-5,,
departure,population,0.33188628373370366,1.0021852069937679e-7,,
country,population,0.33366241867729435,3.3373731517797e-13,,
magician,population,0.3338259216821346,2.9116670371533072e-5,,
silence,population,0.3338769860336815,8.612839137330395e-12,,
pillar,population,0.3340212476318029,1.3801103986984057e-7,,
sens,population,0.3342168130468102,1.471867045975242e-6,,
grudge,population,0.33466605916957115,1.2183159451804766e-7,,
existence,population,0.33475818588792633,2.583671078397833e-7,,
poverty,population,0.3351150442459232,6.788889384823991e-12,,
coat,population,0.3353095847321581,3.7921399843512996e-10,,
explanation,population,0.3356645986272507,2.3311327117466416e-12,,
disciple,population,0.3359820704400651,9.555521158205037e-7,,
slave,population,0.33607014520297923,1.2079823966423574e-8,,
grain,population,0.33609070758037707,1.8514060120658253e-7,,
punishment,population,0.33685265911096623,4.662796830291553e-13,,
arrangement,population,0.33842515956320124,6.253729465061098e-13,,
longing,population,0.33925903274514885,7.268442761122046e-7,,
evidence,population,0.33931463008811585,4.84422110551788e-11,,
opponent,population,0.33951226501615117,3.384270280957147e-10,,
collar,population,0.3395480631922059,5.345844509679334e-10,,
mill,population,0.3396679762320036,3.888574977852774e-8,,
trader,population,0.3397235719669291,4.116278457633603e-7,,
fare,population,0.3398021559517964,2.1971457560593232e-5,,
sword,population,0.3403189435758163,1.3236320544585456e-9,,
brick,population,0.34047065998106135,2.877744725626652e-8,,
consciousness,population,0.34080326025973956,1.476263276173349e-9,,
refuge,population,0.3410319984229476,1.19415582021122e-6,,
highway,population,0.341054773898528,2.8694645209374082e-9,,
kingdom,population,0.3410688767926511,3.2851122917385194e-8,,
roller,population,0.3412123735829787,2.407581427225337e-7,,
disregard,population,0.341863993340966,2.3360324953817353e-6,,
ink,population,0.3419513981729634,2.703856287779155e-10,,
instruction,population,0.34258038984808314,3.0456098548398116e-9,,
sympathy,population,0.34261299886098706,1.8543625178534407e-9,,
hardship,population,0.342737670977631,4.218245432365453e-5,,
sleeve,population,0.3430229333007361,1.878541931540362e-8,,
traveler,population,0.34385815080166837,4.4869337005760965e-11,,
pottery,population,0.34431330317229963,4.578741805595138e-6,,
rage,population,0.3452370457243127,7.47876542615054e-8,,
observation,population,0.3453349321624922,8.804802863409682e-8,,
impression,population,0.3454733022154754,3.89468210672928e-10,,
governor,population,0.345850763454931,1.3767174629500794e-8,,
selection,population,0.34602587121887085,9.018159200500101e-9,,
imitation,population,0.34688421232639816,1.028133338157737e-9,,
deed,population,0.34692923824980687,6.400234525433189e-8,,
honor,population,0.3470407392805474,3.03918144603904e-13,,
lord,population,0.3479080630159763,1.5717319291152331e-6,,
moment,population,0.3483022070492119,1.5144198813335443e-12,,
deceit,population,0.3484985652531806,2.2381087301121454e-6,,
threat,population,0.34856850532038575,1.5316736568271757e-12,,
trade,population,0.3486109545679294,1.3716682913652912e-13,,
consequence,population,0.3486110564778043,5.982935968060595e-11,,
accusation,population,0.34876239474030213,1.67078645656425e-9,,
stitch,population,0.34895895914554786,2.642589312333294e-10,,
joy,population,0.3490288555116884,8.333441986767933e-12,,
affection,population,0.3498295895146242,1.2736475902404305e-8,,
pill,population,0.35030057839944395,3.0756911512992697e-9,,
cake,population,0.35054332237116703,1.163180219611639e-10,,
reward,population,0.3523349154006664,5.965790759615466e-11,,
guilt,population,0.3528799924916832,2.1618627434194704e-8,,
obligation,population,0.3532991689709938,3.2057299258750304e-9,,
neglect,population,0.3536035098112588,8.163447631303512e-12,,
lad,population,0.3537116483810745,3.3887806669098633e-6,,
provision,population,0.35405812282424615,1.2897553116661833e-10,,
trick,population,0.3548980118646298,9.073191677336824e-13,,
filter,population,0.3549473174529827,3.419477495619087e-7,,
date,population,0.3551187164309046,3.357765788330862e-13,,
excitement,population,0.3552966492339004,4.1316188348157006e-9,,
breed,population,0.3559212503450771,1.1025605648805896e-11,,
riddle,population,0.3561788626355591,1.0719902244166947e-7,,
scorn,population,0.3564052438439928,1.8844767810954564e-8,,
confusion,population,0.3570422983659252,4.72774996104738e-11,,
stamp,population,0.35704904149024774,4.938917953785923e-15,,
holder,population,0.35718226725772534,1.6673465469482813e-9,,
consent,population,0.3573752383572386,9.572762870375401e-12,,
fragment,population,0.357698277678504,8.111510049129451e-7,,
clip,population,0.3577350693149242,4.5430210203522064e-8,,
intention,population,0.3577813537270096,5.4398605465375256e-14,,
hatred,population,0.35803997522560865,9.719628817293764e-11,,
confidence,population,0.3594945390174889,3.720790170165529e-14,,
gutter,population,0.3595692989231108,2.4759088024160135e-7,,
danger,population,0.360024278482127,2.8839717463408792e-15,,
pride,population,0.3605445315039225,1.999941684560819e-10,,
rich,population,0.36070576615620836,2.607162302307162e-8,,
wealth,population,0.36077572234320143,6.338528725056199e-10,,
servant,population,0.36102892224864747,1.0695032907697015e-11,,
unity,population,0.3612697183995058,1.6758413641663104e-7,,
motor,population,0.3632684181106719,0.002531621975360963,,
jet,population,0.3633952050606079,1.1708244311299472e-7,,
envelope,population,0.3633987883917316,4.943287246281592e-13,,
bosom,population,0.36340523495478283,1.558298153023899e-6,,
aid,population,0.3635488605309327,5.077803361882614e-13,,
stocking,population,0.3637052914966248,3.6940099696205015e-7,,
kindness,population,0.3644951661274009,5.327477205940373e-10,,
book,population,0.36458004777567476,5.783220919230228e-21,,
jar,population,0.36484220112046195,2.2353147102417539e-7,,
til,population,0.3648781314872842,7.018499506606427e-5,,
cotton,population,0.36492930670080154,4.99478956302738e-10,,
vinegar,population,0.3650503603329492,2.214989580354161e-8,,
player,population,0.3651264314777246,8.232374797779385e-9,,
disturbance,population,0.36524023110390813,6.258334744723033e-10,,
brass,population,0.3653776767761543,3.804660600430676e-8,,
obstruction,population,0.36605174674986,4.853813137451214e-8,,
chalk,population,0.3660866044365012,9.66997813613977e-9,,
expectation,population,0.3662053216847328,4.279849436696934e-12,,
staff,population,0.36690921283178446,1.3816282525228787e-11,,
accord,population,0.36756203201809595,1.714392387167414e-8,,
importance,population,0.3676174726036114,1.309954668094368e-15,,
nature,population,0.3683881681081913,1.8679933603322727e-13,,
flight,population,0.3687079240491685,1.2360176747976252e-13,,
interval,population,0.3690918958303439,1.7683092178866953e-11,,
debt,population,0.3692926193624581,9.866445594584601e-17,,
brightness,population,0.36981826338672474,6.494718176605893e-7,,
concern,population,0.37028549421974954,1.9553109416317283e-14,,
compassion,population,0.37076408107279124,4.9273127843163004e-8,,
quality,population,0.3709519852297543,7.511480942690242e-15,,
edition,population,0.37115565751014645,4.354978313596386e-8,,
idol,population,0.3713389960313572,3.6343202628511573e-6,,
tune,population,0.37166211133407057,1.516423736752879e-10,,
counsel,population,0.3724412057594423,2.0459269467269275e-7,,
lament,population,0.37264004304232146,2.851242916516485e-6,,
assembly,population,0.37270995419701125,5.891278100474953e-8,,
memory,population,0.37290275224487135,2.352173225361969e-18,,
fatigue,population,0.37332290269761,3.075814655642012e-10,,
wine,population,0.37479000741529234,3.996860721133313e-7,,
crease,population,0.3750741880770127,1.9172031615717402e-8,,
town,population,0.3772064697253632,6.836061723716428e-12,,
sir,population,0.37729821190874485,2.4749110204616507e-7,,
alphabet,population,0.3775129614411311,1.3335548290839752e-8,,
prisoner,population,0.3776594431147073,3.002145346497233e-15,,
incline,population,0.37934180313331756,9.308885775806032e-10,,
prostitute,population,0.3797258072371661,2.7219568332831375e-10,,
grant,population,0.3797697792115115,2.5452145420956273e-12,,
speed,population,0.37983844582344994,1.2019968860163972e-15,,
plaster,population,0.3802507579602482,1.2147887306058725e-12,,
arrest,population,0.38033145484907643,3.050562128034466e-14,,
company,population,0.38045579928579926,5.3237915771484e-15,,
appetite,population,0.38100565738770076,2.4294607161548057e-9,,
barber,population,0.38123534433477274,4.369831742059042e-10,,
soldier,population,0.38178200291983666,1.3026534238212117e-19,,
hero,population,0.38182755947217994,5.343237213745532e-8,,
vow,population,0.3818992962907818,6.641687058024268e-7,,
discipline,population,0.3821327780158702,1.8944224053730512e-8,,
rumor,population,0.382246703355529,7.618307316842259e-13,,
mouthful,population,0.38275879824931414,1.659699664861325e-5,,
attribute,population,0.38327773114350194,9.912067537903254e-8,,
beggar,population,0.38361586224653915,3.0516730332763352e-12,,
transport,population,0.38504188860033883,4.375260940858104e-8,,
lag,population,0.3861644887120716,4.744053653361543e-5,,
robber,population,0.38713559760404975,4.412552059526703e-12,,
flag,population,0.3872073170511642,9.372617897129519e-16,,
king,population,0.387719698177102,1.6401176395796268e-9,,
obstacle,population,0.3891352611924492,3.5072643944308646e-11,,
separation,population,0.38973860857850207,1.4960482661875258e-9,,
ruler,population,0.3900645196854889,2.140786309747063e-9,,
madness,population,0.3903432257217086,2.9574662525645235e-9,,
laborer,population,0.3906095925197238,3.161443543420485e-8,,
stain,population,0.3906463936054583,3.2536723215935706e-14,,
diamond,population,0.39151799886338046,3.417157195337459e-10,,
engine,population,0.3916160180497845,3.087469668436149e-8,,
issue,population,0.3920640031907532,4.3510561779799564e-13,,
distress,population,0.3923348912777508,3.942218596776297e-9,,
resource,population,0.393336183350807,3.91318143199728e-12,,
device,population,0.39400186493338585,4.242708707617948e-11,,
dash,population,0.3940497496881453,3.5525370967438897e-9,,
coin,population,0.39536113407298046,1.568347468688154e-12,,
contrary,population,0.39582239491251076,4.255471479822439e-13,,
print,population,0.3959640579201795,9.502144583945884e-14,,
cloak,population,0.39601183726774547,2.919233201338912e-7,,
gin,population,0.39714357184258786,7.789124970590763e-6,,
misfortune,population,0.39772177156949207,8.465404124627342e-12,,
lawyer,population,0.39800955852872294,4.0337981345824283e-10,,
halt,population,0.39820377565749354,1.7124927085110716e-10,,
din,population,0.39828515068288045,3.864416646727403e-5,,
bill,population,0.39879703978675074,2.962760158771046e-11,,
malice,population,0.3996436486379655,8.741218201775325e-9,,
residence,population,0.3999673353289438,1.0291677066784295e-12,,
verse,population,0.40020107974405594,8.709599819589473e-8,,
consideration,population,0.4002921831208253,1.8720242135313294e-14,,
grace,population,0.40041914758015495,7.830430970461344e-16,,
cycle,population,0.40046604813608444,2.47789607638474e-6,,
jacket,population,0.40094194818426226,5.765413409094861e-9,,
ability,population,0.40248652689170694,6.88696208672606e-19,,
lady,population,0.40283939635890353,2.858991943125818e-11,,
safety,population,0.40302954982663886,1.1577243927727393e-14,,
tailor,population,0.40328765046226156,9.093054520035036e-10,,
tor,population,0.40364066579046703,7.567166397486791e-7,,
card,population,0.4037593245429003,1.0701366199607283e-8,,
polish,population,0.40398720970398666,7.773625177823298e-16,,
despair,population,0.40404382527659033,7.813154600690899e-10,,
excuse,population,0.40546226356567927,2.6913922288436577e-14,,
complaint,population,0.40595771534283565,8.426005480228663e-13,,
success,population,0.4060944600445887,1.9716368441384246e-16,,
account,population,0.4061108713110271,1.8153321274463214e-14,,
happiness,population,0.40673597782079934,6.800540071851735e-13,,
breadth,population,0.4068801865912828,7.828572342910002e-11,,
population,population,0.4076431155612449,7.225342807828514e-8,,
announcement,population,0.40884729141556336,2.691249005665219e-9,,
minute,population,0.40919884671163326,1.395535374164952e-15,,
interest,population,0.40930691976040123,9.976059090774439e-22,,
professor,population,0.4098542387818342,6.304314460200433e-9,,
bid,population,0.4099561408098767,9.549253361753557e-9,,
service,population,0.41097206367781913,2.607857372337526e-16,,
decision,population,0.41098709787040066,8.32478942169394e-18,,
fling,population,0.4124259507016243,2.7830787438366143e-9,,
representative,population,0.41259078289871653,4.901151005934756e-12,,
party,population,0.4126426439628297,1.5663288155323578e-15,,
conclusion,population,0.4132513870088414,4.6512157438871044e-14,,
diet,population,0.41479407855140504,1.437825778677025e-9,,
arch,population,0.4149245752474967,1.0595549526530867e-8,,
product,population,0.41551629432734966,8.629735448565589e-10,,
ease,population,0.4166019410569806,2.931384498876393e-18,,
scholar,population,0.41691154634012256,2.827840239936926e-9,,
glitter,population,0.4171329965994966,6.427037603364894e-9,,
reel,population,0.4182180215558843,7.827741025863981e-9,,
pearl,population,0.41861991773477414,1.8005628408178993e-8,,
enmity,population,0.41887743004584505,5.362087473449279e-7,,
price,population,0.4191493285979235,7.332135109358326e-26,,
grade,population,0.4193210657622217,4.909037690944599e-6,,
control,population,0.41960148025462773,6.0350085327637996e-18,,
misery,population,0.42075700040572167,3.707795431972016e-9,,
competition,population,0.4213503788598284,5.905578501133673e-10,,
machine,population,0.42171272028070245,1.2540995509551707e-12,,
association,population,0.42176912373083025,3.6809651360303815e-13,,
attitude,population,0.42196144487532194,1.6966218397090326e-14,,
fabric,population,0.4225263978599045,2.1096358051854766e-7,,
warp,population,0.42269394395255383,9.485185471466031e-8,,
offense,population,0.4228069462493088,3.0956975233920694e-14,,
plague,population,0.42296930246205344,1.1079967079601039e-9,,
grief,population,0.4231694212422097,1.1055036891263614e-11,,
tendency,population,0.42440432829160485,5.941858073419236e-11,,
haste,population,0.4244049285289381,1.0932443292271945e-11,,
wit,population,0.4266487680068299,1.8007639748357612e-12,,
disagreement,population,0.42739420164446706,2.1621388787599633e-8,,
heir,population,0.4279490603878585,1.7585817037362618e-10,,
courage,population,0.428790363232524,1.053436143399833e-15,,
farmer,population,0.4294924701181137,6.916226215956495e-9,,
loss,population,0.43038964260164164,3.802649712191217e-18,,
law,population,0.43046499480335115,1.7345946296556687e-19,,
column,population,0.4315143190611895,1.740731710798633e-14,,
score,population,0.43168092388030244,2.2531899236939597e-9,,
endeavor,population,0.4318837165573107,1.7523977262541346e-11,,
agriculture,population,0.4320822270677436,5.3096265725100885e-9,,
ion,population,0.43227137300309143,3.7076706875876462e-6,,
fault,population,0.43309260213230805,9.577305638563091e-19,,
atmosphere,population,0.4331008552852319,6.15961723611201e-10,,
exhaust,population,0.43345428596192614,6.03073190763764e-11,,
beast,population,0.43360747683110645,3.233177297279613e-10,,
victory,population,0.4337094971801349,1.7246822446615752e-12,,
carpet,population,0.4342742582460337,4.316570603826375e-11,,
compensation,population,0.4345250428267872,1.0524772873532195e-7,,
contract,population,0.43553542951322965,2.986625963132267e-19,,
fortune,population,0.43579555428473715,1.872666642373358e-18,,
ally,population,0.43600428675341,2.0976617442053303e-9,,
sale,population,0.4362367830018433,6.6488028312213055e-15,,
transfer,population,0.4362431948938528,2.211629401707375e-14,,
ignorance,population,0.4365213603496851,2.6941114677652113e-11,,
holiday,population,0.43665836414664544,8.107405689085191e-8,,
district,population,0.4370207266491706,8.385332569234546e-9,,
display,population,0.4371862291678622,3.114192731062634e-13,,
painting,population,0.43739128447024567,6.607500438629717e-9,,
ox,population,0.43769626518014043,2.872910542275221e-8,,
conflict,population,0.43837711846502203,5.280759055931893e-11,,
remedy,population,0.4386872048162615,1.3961403638961947e-10,,
reign,population,0.4393344975822486,2.684882010026306e-10,,
opportunity,population,0.4397205948218098,1.403630930741646e-23,,
port,population,0.4403425267381147,3.142041705391772e-8,,
curtain,population,0.44047423327582014,1.448240040204906e-15,,
reprimand,population,0.4413957560771264,1.0111485015982878e-10,,
disaster,population,0.4416909155282348,6.001912730814315e-11,,
retreat,population,0.44170092440476505,3.649213293782467e-12,,
neighborhood,population,0.4419894651604734,1.8607007582102976e-9,,
sum,population,0.4434810127862869,1.929080765116096e-10,,
merchant,population,0.4455809861913842,1.316673988378592e-16,,
opinion,population,0.44601239090290673,1.573366464840533e-19,,
nation,population,0.44674965723374077,7.288569191529235e-12,,
torture,population,0.4470257691845559,6.9777521090291645e-9,,
trial,population,0.4478530792008911,1.5920397748795652e-10,,
maid,population,0.4481488069629144,1.1596971220347268e-10,,
intelligence,population,0.4485266134674723,2.150516284925444e-14,,
opposition,population,0.4489386685510217,6.444138460710592e-12,,
idiot,population,0.4495934505841758,1.7278242500436904e-8,,
gold,population,0.4496577702159708,1.5159550495816284e-16,,
multitude,population,0.449858895790357,5.358372857541742e-8,,
chance,population,0.45129199091857225,1.551717184226468e-21,,
driver,population,0.4521316894045778,3.3279359055380495e-13,,
token,population,0.4524118093868368,2.6342272948275756e-12,,
exercise,population,0.4528272119360686,3.518109951327153e-19,,
deposit,population,0.453313226479229,6.169294106720436e-17,,
cost,population,0.45373963062836675,9.613682735767777e-18,,
occupation,population,0.4544356305104627,3.1709255034222194e-16,,
salute,population,0.4558474301312948,3.7016444529540647e-11,,
contempt,population,0.4591919804236982,3.788025960769673e-10,,
uniform,population,0.45934151015829455,2.971453221792124e-13,,
furniture,population,0.45968395276632606,1.0717952115008304e-13,,
caution,population,0.45972202840313736,4.3985227355200674e-15,,
veil,population,0.4606147454151015,5.6355275356684125e-11,,
reserve,population,0.46083121452361403,3.4855308441794577e-13,,
penalty,population,0.4608357977306086,3.477198808054965e-11,,
suit,population,0.46125098705307205,9.497062838912504e-18,,
remark,population,0.4617939579020672,4.463541800130523e-13,,
chapter,population,0.4619321389851758,1.1362177785360457e-9,,
sport,population,0.46348184858728014,1.7353464971016742e-11,,
assault,population,0.4656137817638646,3.065729965977191e-14,,
destruction,population,0.4666998453873416,1.0912176790236408e-9,,
progress,population,0.4667866806785576,2.632030006779744e-20,,
mail,population,0.4670284366193426,1.1319865898219535e-13,,
battle,population,0.46717892626606544,1.3271252938375726e-15,,
temper,population,0.46767495304830725,8.724876215199677e-18,,
charm,population,0.4677499082059816,2.450622955663034e-12,,
chamber,population,0.4698971343679413,8.911086979522138e-12,,
debate,population,0.47055337977619927,4.471749395554112e-11,,
responsibility,population,0.4707137708526513,9.183277780990289e-15,,
nonsense,population,0.47090872338665274,6.763737167220025e-13,,
fort,population,0.47239979421824546,4.00289404003172e-9,,
van,population,0.47427601002530584,4.551752342860542e-6,,
equipment,population,0.47448266936509315,4.2420143759856073e-10,,
mode,population,0.47462093326092936,2.9335926130383844e-7,,
education,population,0.4750197825422371,1.2608838290045948e-12,,
friendship,population,0.47731913793252,5.469461023711223e-18,,
student,population,0.4776393600369302,7.808605123680794e-15,,
solution,population,0.4785010734273887,1.1531066197553913e-11,,
relief,population,0.4793483919654673,2.6690266167917068e-14,,
succession,population,0.4799758929956077,1.208799400994505e-13,,
application,population,0.4800438347573134,3.890288798482612e-15,,
temperature,population,0.4801388576081355,1.5587185294928342e-14,,
nerve,population,0.4804641037036439,8.915907419818148e-14,,
religion,population,0.48083113901731667,5.9994164793290594e-15,,
bond,population,0.4812393423959048,6.136887742080387e-11,,
music,population,0.4816621255052015,1.1859669326190617e-16,,
train,population,0.4818825494996422,2.7843107541337946e-17,,
tone,population,0.4826502807721884,3.065330592790111e-7,,
lust,population,0.4852597771249768,8.934600584650699e-10,,
conscience,population,0.48655695700138396,4.248949813269319e-11,,
tumor,population,0.4868264994031541,4.177394347193347e-14,,
circumstance,population,0.48692562679276424,2.131773511943335e-17,,
acquaintance,population,0.4869317438823776,2.1195841684739698e-18,,
tomb,population,0.4879062844240551,1.8539659258916965e-11,,
writer,population,0.4886311293922924,1.1021827088795783e-14,,
farm,population,0.48869637640649993,3.193580091436982e-7,,
tank,population,0.489186018090706,9.528236097974235e-11,,
reproach,population,0.489761720163318,1.8235418927297964e-10,,
judgment,population,0.49004252051412395,5.0625106746016936e-17,,
mankind,population,0.49011457994419094,2.304498016695998e-12,,
violence,population,0.49204284391837877,3.0162264560992835e-11,,
pleasure,population,0.49362931268899396,2.811717215015726e-18,,
fountain,population,0.49375541950907387,6.323225372978893e-14,,
market,population,0.49629312798995173,4.634347704796841e-12,,
police,population,0.49642336356788647,6.485851151138351e-14,,
authority,population,0.4970030668749117,1.909150240394904e-19,,
baggage,population,0.49917649252369034,1.4345593292190783e-14,,
keeper,population,0.49966536569502407,1.508108956343128e-14,,
reality,population,0.5015345419592159,1.6235726964685825e-18,,
fee,population,0.5027004452401805,4.182934594626072e-12,,
performance,population,0.5032125502353478,9.915890598972345e-15,,
pledge,population,0.5039875765294437,1.1544734216158365e-12,,
reputation,population,0.506451806768434,7.275173566934815e-20,,
delight,population,0.5073336310544174,2.880882896078257e-12,,
mistress,population,0.5075273289780038,4.759990708671721e-13,,
tower,population,0.5077655088655962,8.148718050135231e-13,,
rent,population,0.5078044205115172,8.831294917749478e-21,,
dagger,population,0.509773936275968,9.292867600954303e-13,,
prize,population,0.5121182418306278,3.971681346364926e-15,,
balance,population,0.5142105168985104,5.901744043385505e-21,,
rank,population,0.5155047035932383,4.429481970045303e-16,,
canal,population,0.5169141943508084,1.975957681649856e-12,,
passenger,population,0.520365328497067,2.1938969918711617e-12,,
freedom,population,0.5218194327369565,1.1089631813924938e-19,,
escort,population,0.5226182253449617,8.565458802925975e-14,,
profit,population,0.5238067642112788,3.295545139740841e-21,,
hedge,population,0.52505109520728,2.1074802082495955e-10,,
organization,population,0.5257168488926313,7.053678652308591e-14,,
com,population,0.527172827465642,6.071303681779339e-11,,
saint,population,0.5274697936054661,2.7120900111392663e-11,,
sauce,population,0.5278752744646447,2.9453804775816615e-9,,
hint,population,0.5284373379956138,5.559196734485513e-17,,
inn,population,0.5288440608359969,2.0746601683010158e-9,,
draft,population,0.5289087545210827,1.1074279223138141e-17,,
cart,population,0.5296423391739952,1.6502179060984208e-15,,
justice,population,0.5296880664873698,3.975292849809576e-18,,
government,population,0.5304222602523107,5.513000967691442e-20,,
drawer,population,0.5325135183417794,8.675235426535765e-15,,
communication,population,0.5341737976613801,2.1029749759881515e-17,,
counter,population,0.5343896139972633,8.507510110066464e-16,,
tax,population,0.5344652751142307,2.9658320148360108e-21,,
demand,population,0.534850794062026,1.1080946713359547e-19,,
president,population,0.5352730498291854,4.2829238310841125e-11,,
anxiety,population,0.5365469797648306,1.5470144904473617e-16,,
procession,population,0.5367234856796758,3.1417076390896394e-13,,
disposition,population,0.5373077298445286,2.3549120860635942e-15,,
screen,population,0.5389238071697904,5.447907292322517e-18,,
defense,population,0.5403423103178218,1.3379006804332082e-17,,
credit,population,0.5409823883152391,1.7648017555229453e-17,,
china,population,0.5411924729786072,7.910656314896692e-11,,
title,population,0.5419324047505419,2.622293848323112e-14,,
document,population,0.5422575284891293,6.251917892544756e-12,,
failure,population,0.5425901229619529,5.817248771014591e-17,,
era,population,0.5439624820665204,2.0614468188516275e-7,,
limit,population,0.5440758010598636,1.0288851789144449e-25,,
clerk,population,0.5453772174027278,2.37347946682783e-17,,
city,population,0.5457157607117198,2.1966745959400757e-16,,
model,population,0.5479984620555266,2.358828683374776e-17,,
fate,population,0.549509012203982,2.966214755770193e-13,,
follower,population,0.5510834038906864,2.8154361757463142e-15,,
appointment,population,0.5518471090314486,2.6072687612381223e-18,,
alarm,population,0.5538985746857085,2.9234523709612596e-18,,
esteem,population,0.5539932717135575,5.301472374974132e-16,,
production,population,0.55745552160417,8.836957819730693e-14,,
officer,population,0.558928064889228,1.8657916378224835e-18,,
conduct,population,0.5591079074998401,2.8736390961245896e-21,,
department,population,0.5622301115604188,8.101005840751737e-13,,
energy,population,0.5632513543858145,5.509071428744095e-16,,
minister,population,0.5632784322859627,1.4495839958793035e-13,,
hall,population,0.5633953798260145,1.2142719048061001e-14,,
principle,population,0.5645525772767795,4.878994626910212e-17,,
beauty,population,0.5682166225593271,2.805419679452558e-23,,
prosperity,population,0.5717633042082119,3.8545156425033976e-11,,
defect,population,0.5743061021134502,3.99061214023645e-23,,
station,population,0.5771671792255149,5.368179905813414e-17,,
decline,population,0.5772936038739298,3.350307783191743e-18,,
telephone,population,0.5791559239812215,3.7924567093351264e-4,,
court,population,0.5804474445726756,4.276886033279843e-31,,
lesson,population,0.5822067639783943,2.1936881230726994e-24,,
harmony,population,0.5844260867267865,2.398061237668427e-15,,
affair,population,0.5871679449448851,6.44738100135897e-24,,
proof,population,0.5878995038929927,1.8701537423610434e-23,,
appeal,population,0.5889086710131717,8.227872282397127e-18,,
bribe,population,0.589452160432367,1.6401637751223913e-20,,
fraud,population,0.5928614382666152,6.022182559475182e-17,,
commission,population,0.5930707905332054,1.1659056360797462e-17,,
security,population,0.5960507961864382,2.2340264665509928e-21,,
inquiry,population,0.5966846550435722,5.5652165746466585e-22,,
disgrace,population,0.5986701773714137,4.155391402529877e-19,,
street,population,0.5995473445399994,5.056090420421959e-18,,
passion,population,0.6001700863889103,1.688452964384345e-18,,
literature,population,0.6034192943778655,6.530187177287062e-12,,
throne,population,0.6042952492638264,3.1432894834285687e-16,,
training,population,0.6070683365654062,1.2002847748427785e-14,,
college,population,0.6107864613071319,3.7572592329864154e-16,,
advantage,population,0.6117719621486444,7.853004790804812e-31,,
fund,population,0.6127540069903037,6.113149796133901e-15,,
surrender,population,0.6136987905733189,2.0163511099341253e-21,,
printing,population,0.6191016034843513,5.4127845307732535e-21,,
ore,population,0.6201618269064524,1.54934140869353e-7,,
meter,population,0.6203121265258655,1.0885082989705184e-12,,
shop,population,0.6204264614262905,6.486349606028065e-22,,
suspicion,population,0.6209249611151412,6.277710918209408e-24,,
secretary,population,0.6248029431169954,1.891031195138325e-17,,
gentleman,population,0.6275599581414372,7.651738209069816e-17,,
employment,population,0.627854284006238,1.4383969444526006e-21,,
operation,population,0.6300173665171944,1.719744802751149e-22,,
pardon,population,0.6318929072067379,4.755928538861879e-21,,
rebel,population,0.6321940967391441,1.3451859948276983e-18,,
office,population,0.6343922106172957,1.2477032042720387e-26,,
risk,population,0.6382211605728095,1.304778967514703e-20,,
silk,population,0.6426381184061207,1.660311234751686e-27,,
capacity,population,0.6441223308698933,9.823651627894633e-27,,
duty,population,0.6638425232211793,9.914620690194975e-32,,
vote,population,0.665044782694276,4.846126991619525e-13,,
fame,population,0.6698524035863118,7.724371892550272e-22,,
rate,population,0.6793954038515979,1.2089042394698882e-22,,
acid,population,0.6846024453765196,8.905316165143212e-20,,
virtue,population,0.6993650636655551,3.445897320649014e-21,,
profession,population,0.699392375791636,1.4130772600138072e-23,,
film,population,0.7030180954542281,3.0549667969767965e-16,,
business,population,0.7042872713679752,4.403000068144169e-37,,
disorder,population,0.7087003900186741,1.0977146687201004e-25,,
capital,population,0.7116392301510681,4.265627102327431e-32,,
hemp,population,0.7153002809451608,2.6535390122151393e-19,,
estimate,population,0.7162104283453395,3.0569051498081933e-23,,
palace,population,0.7165949673920894,1.053801169940521e-13,,
bargain,population,0.7274077328494619,7.747698174577738e-25,,
prince,population,0.728240964004036,3.537992062161063e-17,,
union,population,0.730006987317258,1.9532083937216208e-23,,
science,population,0.7346033951336266,4.874178090231227e-22,,
calamity,population,0.7395888867902086,1.2489897482395345e-19,,
drug,population,0.7404798489853219,2.4842392047463217e-20,,
army,population,0.7424832178113688,2.7918889278356837e-24,,
salary,population,0.7450398948061255,1.3970458955381933e-20,,
merit,population,0.7469704023766851,3.7928826421815275e-20,,
crime,population,0.7584551630091813,4.424971331330485e-27,,
tile,population,0.7804074437091439,1.801052536787841e-25,,
examination,population,0.7821202860621008,2.426437647637873e-24,,
expense,population,0.7981021102123794,3.54779181047405e-33,,
newspaper,population,0.8023335081877292,1.209480013324223e-20,,
province,population,0.8454519538620532,4.88668822373574e-23,,
cash,population,0.8637036168642893,1.1904994957994275e-28,,
troop,population,0.9514547110378161,3.375827190261934e-22,,
