word,predictor,coefficient,p_val,warnings_m1,warnings_m2
snow,avgmonth_tmp,-0.8228277704209066,1.8020138759892635e-38,,
frost,avgmonth_tmp,-0.6254693908181922,3.735676587448813e-24,,
boot,avgmonth_tmp,-0.579658966917065,3.111839597353503e-19,,
winter,avgmonth_tmp,-0.5763747889261094,4.487947350428951e-23,,
cliff,avgmonth_tmp,-0.5530768423974962,7.185981969541926e-17,,
autumn,avgmonth_tmp,-0.5344201738399685,2.1693571014558139e-16,,
summer,avgmonth_tmp,-0.5131059390935643,5.668784841002624e-21,,
cheese,avgmonth_tmp,-0.49061423585154934,1.5083242783055393e-10,,
apron,avgmonth_tmp,-0.4843494246831879,6.57167604229988e-11,,
berry,avgmonth_tmp,-0.4805207923682587,2.2161662090373003e-13,,
ice,avgmonth_tmp,-0.4714433739963417,1.0863271701076146e-17,,
telephone,avgmonth_tmp,-0.4661008598580942,4.336058898694383e-8,,
chimney,avgmonth_tmp,-0.4630932918887516,5.577992138439623e-13,,
hay,avgmonth_tmp,-0.43789792728321236,3.894454935463792e-8,,
hoop,avgmonth_tmp,-0.4293234436408217,2.8247618116207744e-10,,
gorge,avgmonth_tmp,-0.4261969687011618,5.1945717418233895e-9,,
beer,avgmonth_tmp,-0.41489720896864263,9.450860513419008e-6,,
trail,avgmonth_tmp,-0.4107806195908029,6.062446007481307e-11,,
stove,avgmonth_tmp,-0.40620942449112923,6.26737835105154e-8,,
glove,avgmonth_tmp,-0.39361622509773275,1.8039388455548713e-08,,
wolf,avgmonth_tmp,-0.38996821421717803,1.4119593796202177e-12,,
rifle,avgmonth_tmp,-0.3847293803755132,2.2174488097116342e-7,,
rack,avgmonth_tmp,-0.3808182611559665,2.6600666592240378e-8,,
cupboard,avgmonth_tmp,-0.38074616457674704,3.4300681844622884e-9,,
bog,avgmonth_tmp,-0.370404381114664,5.979075436541348e-7,,
whale,avgmonth_tmp,-0.3683886187923483,1.2246547958162158e-5,,
fur,avgmonth_tmp,-0.3675716647671255,5.870390185173546e-14,,
rustle,avgmonth_tmp,-0.3656873620303184,5.00467194821018e-6,,
oak,avgmonth_tmp,-0.3630266071199917,3.3797492819522e-5,,
sock,avgmonth_tmp,-0.3601664249591173,7.511933249796991e-8,,
dollar,avgmonth_tmp,-0.3551652218544847,0.0018213586913412704,,
lace,avgmonth_tmp,-0.3509143927818995,3.0034640672966774e-7,,
football,avgmonth_tmp,-0.35005596068703904,8.855873960799027e-4,,
weather,avgmonth_tmp,-0.34807116209546657,NA,Model convergence problem; non-positive-definite Hessian matrix. See vignette('troubleshooting'),
valley,avgmonth_tmp,-0.34672257231431874,1.0129979096228243e-11,,
cloak,avgmonth_tmp,-0.345144847217773,1.762997867306706e-6,,
lunch,avgmonth_tmp,-0.341441137804541,1.504697053442019e-7,,
scarf,avgmonth_tmp,-0.3402726603185294,1.2632893925856884e-6,,
team,avgmonth_tmp,-0.3389449172121081,3.442578745048158e-8,,
wagon,avgmonth_tmp,-0.3379691414784014,1.5445534316564264e-4,,
moss,avgmonth_tmp,-0.33695160954887016,6.061600714242266e-8,,
supper,avgmonth_tmp,-0.3335503476158396,3.948670593366692e-7,,
stocking,avgmonth_tmp,-0.32211841829799387,8.364337468774067e-7,,
tea,avgmonth_tmp,-0.3220396996047878,7.381543914808361e-8,,
newspaper,avgmonth_tmp,-0.31726806610381425,3.8819526718746473e-4,,
lake,avgmonth_tmp,-0.3166749775544625,3.965521562902853e-9,,
skim,avgmonth_tmp,-0.3115537829665442,9.60900885179088e-7,,
rug,avgmonth_tmp,-0.3114213616131247,3.5100442548732434e-5,,
haul,avgmonth_tmp,-0.3051200624752119,1.662749585998751e-5,,
jacket,avgmonth_tmp,-0.30443917084692157,1.2450956429093096e-5,,
lamb,avgmonth_tmp,-0.3021451547333341,1.710645635588584e-6,,
seal,avgmonth_tmp,-0.3013350970566765,2.261457010512561e-7,,
potato,avgmonth_tmp,-0.30095898145116207,1.3007270888911889e-6,,
slope,avgmonth_tmp,-0.2996116444564188,2.7108418198565897e-10,,
crackle,avgmonth_tmp,-0.29848962479170743,2.1112482008179406e-4,,
holiday,avgmonth_tmp,-0.29720891270374206,6.577030515810125e-5,,
hare,avgmonth_tmp,-0.2970296627791025,2.293469039869234e-5,,
barrel,avgmonth_tmp,-0.29676496273930403,3.344692284141364e-8,,
ribbon,avgmonth_tmp,-0.29181624375376614,4.691965546813738e-6,,
grease,avgmonth_tmp,-0.29175124006393205,8.651169398148944e-9,,
wool,avgmonth_tmp,-0.2903251441206749,1.2948911333536982e-7,,
equipment,avgmonth_tmp,-0.28845021773465734,5.490007043683322e-5,,
fork,avgmonth_tmp,-0.28545215889815484,6.434086959370352e-10,,
coat,avgmonth_tmp,-0.2852329840214352,1.946084069894904e-8,,
pail,avgmonth_tmp,-0.28415919293352826,1.6866965390882879e-6,,
century,avgmonth_tmp,-0.28362614562508093,2.0812291624429513e-4,,
kettle,avgmonth_tmp,-0.28138218287921046,1.4927180054332907e-6,,
notch,avgmonth_tmp,-0.28120644266347666,1.630064002921396e-4,,
switch,avgmonth_tmp,-0.2808189183530113,6.984408730710868e-6,,
ravine,avgmonth_tmp,-0.2802082718897671,9.757097853806574e-5,,
loaf,avgmonth_tmp,-0.2799183266765616,3.3160089054127872e-6,,
mess,avgmonth_tmp,-0.27952056476693876,4.891376954251264e-5,,
scrap,avgmonth_tmp,-0.27833104818842513,2.47604348207492e-4,,
shovel,avgmonth_tmp,-0.27737067567417356,3.2877234332778595e-7,,
dinner,avgmonth_tmp,-0.2769534477614057,6.186977178804186e-5,,
cape,avgmonth_tmp,-0.27653688070462445,4.6685051003243414e-4,,
slide,avgmonth_tmp,-0.2745368457218938,3.5869940238304504e-8,,
mood,avgmonth_tmp,-0.27284804287694076,9.37398223543051e-6,,
program,avgmonth_tmp,-0.27079863700300705,3.2337025325023536e-4,,
stress,avgmonth_tmp,-0.27078438521142006,5.71035629681118e-4,,
folk,avgmonth_tmp,-0.27031087171543994,3.6836218552464095e-5,,
cabbage,avgmonth_tmp,-0.27010667883922834,1.0137042200229181e-4,,
lodge,avgmonth_tmp,-0.2698057167787533,1.4952658844474682e-4,,
train,avgmonth_tmp,-0.26979431256040415,4.78783312779387e-6,,
culture,avgmonth_tmp,-0.2671293447881019,1.386358585543628e-7,,
drift,avgmonth_tmp,-0.2665717302988764,4.804128811400104e-5,,
fabric,avgmonth_tmp,-0.2659267316961208,0.0014978961383923463,,
groove,avgmonth_tmp,-0.2653197712609763,1.031378105383317e-5,,
pasture,avgmonth_tmp,-0.2650310546073996,8.168952856402222e-5,,
track,avgmonth_tmp,-0.26402623091931116,9.702131626024411e-9,,
hedge,avgmonth_tmp,-0.26392134688958213,7.274767665550751e-4,,
runner,avgmonth_tmp,-0.26371769640105097,1.4111806614735346e-6,,
monster,avgmonth_tmp,-0.2631821868237852,7.011664059954267e-5,,
clip,avgmonth_tmp,-0.26063622541077724,7.375452154682528e-5,,
record,avgmonth_tmp,-0.2589703911560392,1.564288033225968e-5,,
crash,avgmonth_tmp,-0.25650054608167533,3.9534687721185115e-4,,
inn,avgmonth_tmp,-0.25622072411324215,0.0017782569111426743,,
marsh,avgmonth_tmp,-0.2559439836971053,2.8464156265085524e-5,,
howl,avgmonth_tmp,-0.2555430676664782,3.1063404567306535e-10,,
daylight,avgmonth_tmp,-0.25530616842904613,6.94702471758116e-6,,
draft,avgmonth_tmp,-0.2544473122571235,3.230860678807621e-5,,
rush,avgmonth_tmp,-0.25383594186999436,6.680778550175508e-8,,
possibility,avgmonth_tmp,-0.252886476092405,1.3281892570146704e-7,,
pop,avgmonth_tmp,-0.2523536896772159,4.4903207378970624e-5,,
rake,avgmonth_tmp,-0.25138991252700027,1.3954948181473868e-6,,
fog,avgmonth_tmp,-0.24986905198767925,2.996694824912319e-9,,
lard,avgmonth_tmp,-0.24912170631534652,7.652136876324228e-4,,
professor,avgmonth_tmp,-0.24874656562661454,2.14347038867825e-4,,
muzzle,avgmonth_tmp,-0.24645752089191852,2.501784286245012e-5,,
vote,avgmonth_tmp,-0.24589829671357058,0.006348131913328949,,
gossip,avgmonth_tmp,-0.24568201260350414,2.0345268222302543e-6,,
clot,avgmonth_tmp,-0.2451776167350639,1.3027534954487862e-4,,
beef,avgmonth_tmp,-0.24487900351720165,0.0013844069274037082,,
reserve,avgmonth_tmp,-0.2445710742515462,1.4085626160892622e-4,,
brook,avgmonth_tmp,-0.24456649507734454,2.2996359389634022e-4,,
bay,avgmonth_tmp,-0.24394873134106743,0.001841082657240503,,
nonsense,avgmonth_tmp,-0.2425022934392569,9.30321705337479e-5,,
training,avgmonth_tmp,-0.24195959091738942,7.203186804903711e-4,,
hop,avgmonth_tmp,-0.24167390069361888,4.048317467508094e-4,,
cone,avgmonth_tmp,-0.24057153570988424,NA,,Model convergence problem; non-positive-definite Hessian matrix. See vignette('troubleshooting')
gale,avgmonth_tmp,-0.24043511964148068,0.002688384018393502,,
coffee,avgmonth_tmp,-0.23871465526132474,0.005567389886528474,,
policeman,avgmonth_tmp,-0.23826304590614014,NA,Model convergence problem; non-positive-definite Hessian matrix. See vignette('troubleshooting'),
prize,avgmonth_tmp,-0.2379368628120787,2.2812658721209076e-4,,
version,avgmonth_tmp,-0.23760495167021903,1.4199239572270145e-4,,
sucker,avgmonth_tmp,-0.2374857217893277,0.001731209843869533,,
legend,avgmonth_tmp,-0.23670747395921019,NA,,Model convergence problem; non-positive-definite Hessian matrix. See vignette('troubleshooting')
church,avgmonth_tmp,-0.23595857071520657,2.7525769439211287e-4,,
exhaust,avgmonth_tmp,-0.23595068542777894,1.1857394719969698e-4,,
barn,avgmonth_tmp,-0.2340410049645118,0.0011891255029134987,,
lever,avgmonth_tmp,-0.23369505668913457,3.4975375594293847e-4,,
fling,avgmonth_tmp,-0.2335030314926186,5.781735635605872e-4,,
bos,avgmonth_tmp,-0.2334569597619436,0.0011672234607757812,,
flap,avgmonth_tmp,-0.23230447043703112,1.762248499588897e-6,,
plug,avgmonth_tmp,-0.23211073639051197,1.4089177957914308e-4,,
collar,avgmonth_tmp,-0.2318648006193016,1.5801679092665215e-5,,
strap,avgmonth_tmp,-0.23124451436754861,8.52755111089728e-6,,
buck,avgmonth_tmp,-0.2310972377009343,6.330986524205005e-4,,
rattle,avgmonth_tmp,-0.23073266099473963,1.9436478983380284e-5,,
garbage,avgmonth_tmp,-0.22999740318052558,0.028234626773014342,,
stitch,avgmonth_tmp,-0.22989874232780047,3.9844884775052126e-5,,
button,avgmonth_tmp,-0.2292999959479551,2.3300628145415356e-6,,
research,avgmonth_tmp,-0.2289736003577442,9.746412599104919e-5,,
fox,avgmonth_tmp,-0.22878618999399655,1.5803730146972308e-4,,
translation,avgmonth_tmp,-0.2285699316161695,1.7209673106422885e-4,,
edition,avgmonth_tmp,-0.22808744790826008,4.717452597956125e-4,,
creek,avgmonth_tmp,-0.22787076405291254,0.017551894209959357,,
majority,avgmonth_tmp,-0.22654992617387168,3.071309285289386e-5,,
calendar,avgmonth_tmp,-0.22535108779574634,0.002946482557866283,,
print,avgmonth_tmp,-0.22391794292366393,2.014276655714005e-5,,
competition,avgmonth_tmp,-0.22177948002454084,8.421922009775535e-4,,
page,avgmonth_tmp,-0.22167020997603987,3.2761969667991654e-5,,
bullet,avgmonth_tmp,-0.22164837800081486,4.2338858741950515e-5,,
broth,avgmonth_tmp,-0.2216165157210939,5.629257820379475e-4,,
rumble,avgmonth_tmp,-0.22021749327712695,0.0033112494259287333,,
hurry,avgmonth_tmp,-0.21997999107688634,2.1671133756718185e-9,,
education,avgmonth_tmp,-0.21961105169150597,9.353560173932025e-4,,
porridge,avgmonth_tmp,-0.21958193308938478,0.013562070093040899,,
ride,avgmonth_tmp,-0.21876528093975983,9.09860676478094e-5,,
carcass,avgmonth_tmp,-0.21839334823446266,6.689050946932741e-4,,
goose,avgmonth_tmp,-0.21829510491244294,1.679674064624881e-5,,
host,avgmonth_tmp,-0.21809897513781393,9.044637072298703e-5,,
tent,avgmonth_tmp,-0.21800909430496224,3.445000405375948e-4,,
splash,avgmonth_tmp,-0.2178727395419489,7.59699398704787e-4,,
library,avgmonth_tmp,-0.21776150505659939,2.0922485180055003e-4,,
gas,avgmonth_tmp,-0.21721768718480383,NA,Model convergence problem; non-positive-definite Hessian matrix. See vignette('troubleshooting'),
coast,avgmonth_tmp,-0.21708082283446933,0.0050568497554529575,,
cream,avgmonth_tmp,-0.21682327570256324,5.579761702209207e-4,,
heating,avgmonth_tmp,-0.2167802457131016,2.836261193211589e-4,,
sketch,avgmonth_tmp,-0.21673420530527582,0.0017398220932049611,,
tug,avgmonth_tmp,-0.2160303064847294,0.0028735488300147363,,
secretary,avgmonth_tmp,-0.21572251426377015,NA,Model convergence problem; non-positive-definite Hessian matrix. See vignette('troubleshooting'),
flutter,avgmonth_tmp,-0.21480486294637388,5.141881140226381e-4,,
harbor,avgmonth_tmp,-0.21478217826256676,0.004909073768928873,,
hack,avgmonth_tmp,-0.21327226457017012,5.282128543362475e-4,,
university,avgmonth_tmp,-0.2108865370509583,8.894566749512774e-4,,
biscuit,avgmonth_tmp,-0.21035551878814024,0.0018469667685634419,,
toilet,avgmonth_tmp,-0.20986303235152076,0.02950575206164365,,
entry,avgmonth_tmp,-0.2097584726262373,0.015634877753708157,,
population,avgmonth_tmp,-0.20971988422594562,NA,Model convergence problem; non-positive-definite Hessian matrix. See vignette('troubleshooting'),
sleeve,avgmonth_tmp,-0.20966686834660858,0.0010247026846116965,,
den,avgmonth_tmp,-0.2093821780157891,0.010090096976386761,,
bracket,avgmonth_tmp,-0.20843414113688427,3.4554165715146014e-4,,
reprimand,avgmonth_tmp,-0.2081266651964614,0.0028532055006435628,,
clam,avgmonth_tmp,-0.20797052586464196,0.07068313212241578,,
swimming,avgmonth_tmp,-0.20738547146364794,7.795596427132984e-6,,
seam,avgmonth_tmp,-0.20713227166032247,9.703137425282007e-5,,
survey,avgmonth_tmp,-0.20569105808824098,3.076627975171051e-4,,
table,avgmonth_tmp,-0.20503300929056753,3.4212836269844765e-5,,
card,avgmonth_tmp,-0.20464200776451627,0.0071305271140674085,,
linguistics,avgmonth_tmp,-0.20352132034122192,0.06661001248525589,,
glue,avgmonth_tmp,-0.2030530258593634,NA,,Model convergence problem; non-positive-definite Hessian matrix. See vignette('troubleshooting')
bus,avgmonth_tmp,-0.20274769236430462,0.03551888201720129,,
sheep,avgmonth_tmp,-0.2017773837382727,7.71268589167564e-5,,
suspect,avgmonth_tmp,-0.20130715266281404,3.062541484449461e-4,,
birthday,avgmonth_tmp,-0.20090244963630516,1.5101876074819157e-4,,
lack,avgmonth_tmp,-0.20059375039438498,1.1569556829223417e-5,,
wheat,avgmonth_tmp,-0.20036021961855727,0.001643619712896921,,
knob,avgmonth_tmp,-0.1998152146372499,7.09140782488733e-4,,
barrier,avgmonth_tmp,-0.19927341319987665,0.001941912991781479,,
mountain,avgmonth_tmp,-0.19781558587424292,5.599464745678118e-5,,
spring,avgmonth_tmp,-0.19734163753668452,1.3059730009710755e-10,,
brood,avgmonth_tmp,-0.19696153308553346,0.0031503311141571973,,
craft,avgmonth_tmp,-0.1963446093227045,8.183834546806002e-4,,
pear,avgmonth_tmp,-0.1961896810880557,0.010694569355542891,,
waterfall,avgmonth_tmp,-0.1959137146905794,6.914936512126815e-4,,
organization,avgmonth_tmp,-0.19551136242560183,0.0010940184473474265,,
pork,avgmonth_tmp,-0.19512592470126222,0.030008329982943,,
spill,avgmonth_tmp,-0.19489808332543632,1.1163278399653187e-4,,
despair,avgmonth_tmp,-0.19456435865516242,9.647063935851181e-4,,
chop,avgmonth_tmp,-0.19441072674186266,1.736723737729675e-4,,
stuff,avgmonth_tmp,-0.19415100872034743,NA,Model convergence problem; non-positive-definite Hessian matrix. See vignette('troubleshooting'),
bump,avgmonth_tmp,-0.1940396976792968,0.002812318242429053,,
mare,avgmonth_tmp,-0.19393870399270333,0.01974562816831934,,
pocket,avgmonth_tmp,-0.19382765536663582,5.0964889984761826e-5,,
shelf,avgmonth_tmp,-0.1938152071828224,2.4593109176978807e-4,,
sparkle,avgmonth_tmp,-0.19369700606543894,0.003283853331434488,,
feature,avgmonth_tmp,-0.1933813573575764,8.521896094227533e-5,,
yarn,avgmonth_tmp,-0.1931980092390995,0.006505301848426813,,
fuel,avgmonth_tmp,-0.19157066214330723,0.002140313055755616,,
crumb,avgmonth_tmp,-0.19060819470491602,0.0012520683878613072,,
trigger,avgmonth_tmp,-0.19054087155467236,0.010947222177184354,,
development,avgmonth_tmp,-0.1904695809009025,1.524867869056886e-4,,
debate,avgmonth_tmp,-0.18927027101373986,0.005776026357362294,,
transport,avgmonth_tmp,-0.18926869676115568,0.004221317060794266,,
appeal,avgmonth_tmp,-0.18886745757882395,0.004604236903798618,,
interpreter,avgmonth_tmp,-0.18843563779308187,1.260656572829211e-4,,
crust,avgmonth_tmp,-0.18839204236604618,4.0050817912495195e-4,,
situation,avgmonth_tmp,-0.188240675038541,NA,Model convergence problem; non-positive-definite Hessian matrix. See vignette('troubleshooting'),
puppy,avgmonth_tmp,-0.1875017745966428,0.007007410393290021,,
stroll,avgmonth_tmp,-0.18740029467444927,0.01077200157487248,,
stride,avgmonth_tmp,-0.18682180255007982,0.004223931940796118,,
pronunciation,avgmonth_tmp,-0.1867889652570732,3.709352867987381e-4,,
travel,avgmonth_tmp,-0.18623915372989724,5.449115143763118e-7,,
goodbye,avgmonth_tmp,-0.18596574624242607,0.12150296872147451,,
blanket,avgmonth_tmp,-0.18592706162258896,7.436058171478513e-4,,
range,avgmonth_tmp,-0.1858445510140966,3.993312535321452e-4,,
scalp,avgmonth_tmp,-0.18514502134535815,0.014442187138220113,,
window,avgmonth_tmp,-0.18416048208006242,4.925442979813911e-6,,
smack,avgmonth_tmp,-0.18390738079809169,0.01991458434899668,,
flint,avgmonth_tmp,-0.18356249762414814,0.005464767494312049,,
hunt,avgmonth_tmp,-0.18337024055635967,1.561279173212112e-4,,
contribution,avgmonth_tmp,-0.18334928880846707,4.514143025135446e-4,,
ton,avgmonth_tmp,-0.18241368727958998,0.04212408820258743,,
puff,avgmonth_tmp,-0.1819359443315793,9.022166774311008e-4,,
fund,avgmonth_tmp,-0.18135465545217694,0.02106500167434675,,
struggle,avgmonth_tmp,-0.18111500473334502,1.847572467352248e-4,,
troop,avgmonth_tmp,-0.1810915906696943,0.03106293864655735,,
whisper,avgmonth_tmp,-0.1810848099472133,5.3230328433605674e-5,,
pine,avgmonth_tmp,-0.18055134106063353,0.005263891463049471,,
wake,avgmonth_tmp,-0.1805153538357739,0.00024133238927542299,,
speed,avgmonth_tmp,-0.1795867784217147,2.641625447336043e-4,,
talk,avgmonth_tmp,-0.17941089800767396,0.005278920363981217,,
worker,avgmonth_tmp,-0.1791143588082887,8.7694005936575e-4,,
thanks,avgmonth_tmp,-0.17898253501067898,2.0898465744919532e-4,,
objective,avgmonth_tmp,-0.17848555764504864,0.015872364770786327,,
printing,avgmonth_tmp,-0.17800547441625714,0.009197490336302959,,
limp,avgmonth_tmp,-0.17766972165754355,1.7717286414694177e-4,,
rabbit,avgmonth_tmp,-0.17761959330759838,0.008638285121781738,,
flight,avgmonth_tmp,-0.1775048536057267,2.948003679434929e-4,,
truck,avgmonth_tmp,-0.17745673899772602,0.07296059510545573,,
baking,avgmonth_tmp,-0.1774510144167907,0.011359768870094435,,
carving,avgmonth_tmp,-0.17694542192806753,0.005471085890852889,,
formation,avgmonth_tmp,-0.17686430923242616,NA,Model convergence problem; non-positive-definite Hessian matrix. See vignette('troubleshooting'),
circumstance,avgmonth_tmp,-0.1762525710567146,NA,Model convergence problem; non-positive-definite Hessian matrix. See vignette('troubleshooting'),
board,avgmonth_tmp,-0.17619937189572565,3.3280428520651365e-4,,
nun,avgmonth_tmp,-0.176158307147759,0.0231340259128329,,
clock,avgmonth_tmp,-0.17544408387019328,0.002346436736202021,,
dialect,avgmonth_tmp,-0.17539527838225125,0.02146905113392294,,
mist,avgmonth_tmp,-0.17529706515948765,NA,Model convergence problem; non-positive-definite Hessian matrix. See vignette('troubleshooting'),
niece,avgmonth_tmp,-0.17511803891634084,0.0016426584941394322,,
eagle,avgmonth_tmp,-0.1750510755650506,5.068075826465063e-4,,
definition,avgmonth_tmp,-0.17457323342804115,1.690385270501141e-4,,
sadness,avgmonth_tmp,-0.17438278470161073,0.0035805732991398354,,
shiver,avgmonth_tmp,-0.1741535399533814,NA,Model convergence problem; non-positive-definite Hessian matrix. See vignette('troubleshooting'),
mill,avgmonth_tmp,-0.17404585812160783,0.005647430613838126,,
tower,avgmonth_tmp,-0.17377159083612523,0.004211984363209011,,
store,avgmonth_tmp,-0.17337034337491625,1.199797586026753e-7,,
contrast,avgmonth_tmp,-0.17303693826144476,0.021803209233604386,,
cap,avgmonth_tmp,-0.17258544353469887,1.283844018668928e-4,,
trace,avgmonth_tmp,-0.17245438097076338,2.7001709932738855e-4,,
project,avgmonth_tmp,-0.17180089289503767,4.0430198386980906e-5,,
view,avgmonth_tmp,-0.17179496050727708,1.5328855840937282e-4,,
temperature,avgmonth_tmp,-0.17160668851631564,NA,,Model convergence problem; non-positive-definite Hessian matrix. See vignette('troubleshooting')
farmer,avgmonth_tmp,-0.17153576816481972,0.013296111952366603,,
gratitude,avgmonth_tmp,-0.17137052091755808,NA,Model convergence problem; non-positive-definite Hessian matrix. See vignette('troubleshooting'),
pump,avgmonth_tmp,-0.17127129983014552,0.012418246252930813,,
comment,avgmonth_tmp,-0.17109028454783295,0.004598427637340217,,
chill,avgmonth_tmp,-0.1710113394685407,0.002505753080010318,,
distribution,avgmonth_tmp,-0.17052974914921834,0.004527861872593715,,
drill,avgmonth_tmp,-0.1702370882669495,6.364690584367973e-4,,
belt,avgmonth_tmp,-0.17000347782414119,2.3587082007195376e-5,,
hearth,avgmonth_tmp,-0.16981456983463517,0.05119509833239702,,
tangle,avgmonth_tmp,-0.16945841090136599,0.010732755193794904,,
route,avgmonth_tmp,-0.16935516861489353,3.929435443080622e-4,,
alcohol,avgmonth_tmp,-0.16859783073270285,0.06209794142101752,,
map,avgmonth_tmp,-0.1684199014096301,NA,,Model convergence problem; non-positive-definite Hessian matrix. See vignette('troubleshooting')
ridge,avgmonth_tmp,-0.16838343450193677,0.002696337295621831,,
mushroom,avgmonth_tmp,-0.16785476967600116,0.020456078704404027,,
flea,avgmonth_tmp,-0.16741331846354834,0.0014116223604257326,,
idea,avgmonth_tmp,-0.16727000811454135,6.175932299112455e-4,,
creep,avgmonth_tmp,-0.1672482725036948,0.0031547125913635224,,
decline,avgmonth_tmp,-0.1667454210549659,0.004636926520500261,,
score,avgmonth_tmp,-0.1662832567530985,0.019996877372219984,,
chatter,avgmonth_tmp,-0.16482380932814444,0.002028138535036666,,
punch,avgmonth_tmp,-0.16428502818112203,0.009215143200432591,,
march,avgmonth_tmp,-0.16340911204459266,7.520219856139872e-5,,
brow,avgmonth_tmp,-0.16335812526438526,0.004347197321807196,,
list,avgmonth_tmp,-0.1632157759267725,0.004036057868815629,,
manure,avgmonth_tmp,-0.1627335181694731,0.005166221425983942,,
stagger,avgmonth_tmp,-0.16244024838986065,0.001000196952649271,,
defense,avgmonth_tmp,-0.1619666867292021,0.00796462536624742,,
sample,avgmonth_tmp,-0.16167406927570283,0.013804410898747973,,
remark,avgmonth_tmp,-0.16140684081451287,0.012241461526213672,,
ham,avgmonth_tmp,-0.16114244376136752,0.11196508651454136,,
trim,avgmonth_tmp,-0.16109693221800986,0.0012455473595344544,,
hat,avgmonth_tmp,-0.16081271040520556,2.69197218023311e-4,,
tape,avgmonth_tmp,-0.16072653728148628,0.008215382094660176,,
conscience,avgmonth_tmp,-0.16049062002170528,0.018282290079899698,,
file,avgmonth_tmp,-0.16035106583608585,2.0069755390916125e-4,,
estimate,avgmonth_tmp,-0.16021464529715657,0.01874332013972232,,
selection,avgmonth_tmp,-0.15970575690898745,0.0014840882349454764,,
parcel,avgmonth_tmp,-0.15965167769964406,0.014412491321229001,,
bread,avgmonth_tmp,-0.1588373478213917,4.488587049264339e-4,,
choice,avgmonth_tmp,-0.15866823723160317,2.8095624474188806e-4,,
plague,avgmonth_tmp,-0.15851090799210646,0.007500174990237505,,
mane,avgmonth_tmp,-0.15845442984720098,0.07653899423659005,,
candle,avgmonth_tmp,-0.15808173956304042,0.005325078794648502,,
data,avgmonth_tmp,-0.15732979409810474,0.022349110381914943,,
porch,avgmonth_tmp,-0.1571903173697327,0.09335173535681386,,
calf,avgmonth_tmp,-0.157125813563407,2.736717380458186e-4,,
peak,avgmonth_tmp,-0.15641056865021344,NA,Model convergence problem; non-positive-definite Hessian matrix. See vignette('troubleshooting'),
shepherd,avgmonth_tmp,-0.15628580719461857,0.009657523248071712,,
ore,avgmonth_tmp,-0.15622024503330345,NA,Model convergence problem; non-positive-definite Hessian matrix. See vignette('troubleshooting'),
storm,avgmonth_tmp,-0.15615948973521576,6.754424979269914e-5,,
history,avgmonth_tmp,-0.1561201886915941,0.0029103199988072623,,
grudge,avgmonth_tmp,-0.15575653267276993,0.006101179486464172,,
counter,avgmonth_tmp,-0.15549466441025386,0.023389442651120286,,
errand,avgmonth_tmp,-0.15543104601810767,0.03779824430082812,,
breakfast,avgmonth_tmp,-0.15536381957802178,0.01145684540269361,,
shaft,avgmonth_tmp,-0.15535077593834862,0.01889256545793273,,
whistle,avgmonth_tmp,-0.15510225576096578,2.3801785801993706e-4,,
rail,avgmonth_tmp,-0.1548709622198579,0.011043215406977398,,
report,avgmonth_tmp,-0.1548405399515298,4.2900551119626483e-4,,
rape,avgmonth_tmp,-0.15475543943780315,0.01878329091752658,,
loop,avgmonth_tmp,-0.1544481618775576,0.012377664048015057,,
stair,avgmonth_tmp,-0.1541541604155752,0.010527453826931578,,
sequence,avgmonth_tmp,-0.15410890664708418,0.014717959787632627,,
mask,avgmonth_tmp,-0.1538641534701683,0.04626474701777196,,
clothing,avgmonth_tmp,-0.15368426435270932,0.002668090877833032,,
provision,avgmonth_tmp,-0.15348359665246475,0.006754675453821287,,
rock,avgmonth_tmp,-0.15231352898592726,3.361493547190499e-4,,
job,avgmonth_tmp,-0.15214847316922347,0.022217326476346874,,
model,avgmonth_tmp,-0.15210670310281185,0.0230294415270884,,
task,avgmonth_tmp,-0.15176863217372213,NA,Model convergence problem; non-positive-definite Hessian matrix. See vignette('troubleshooting'),
butcher,avgmonth_tmp,-0.151513758487609,0.0033328754245430265,,
hospital,avgmonth_tmp,-0.15113258345881214,0.05144275394253392,,
cargo,avgmonth_tmp,-0.1509281247328578,0.0483273536916941,,
damage,avgmonth_tmp,-0.15082069452557514,0.0015826105510314342,,
ox,avgmonth_tmp,-0.15065253115579655,0.04194584633441093,,
deck,avgmonth_tmp,-0.1503793316588636,0.06057376672775346,,
trip,avgmonth_tmp,-0.1499143722480947,0.0016183062382111276,,
jug,avgmonth_tmp,-0.1496717818554128,0.022991501313567014,,
curl,avgmonth_tmp,-0.14962890255869074,6.923660212366928e-4,,
painting,avgmonth_tmp,-0.14852480020679354,0.030190340585869092,,
disaster,avgmonth_tmp,-0.14803504755129032,0.017045488820915167,,
target,avgmonth_tmp,-0.14797663824537316,0.0065374542956476945,,
rate,avgmonth_tmp,-0.14796802136927353,0.03436771516778245,,
attempt,avgmonth_tmp,-0.1479461524280888,1.0358030644466719e-4,,
dash,avgmonth_tmp,-0.14788170368194875,0.024482801101923475,,
volume,avgmonth_tmp,-0.1474775333016414,0.004718676465937438,,
steam,avgmonth_tmp,-0.1473872103391196,7.314058610189079e-4,,
accent,avgmonth_tmp,-0.1473102257292454,0.06811741246507773,,
brace,avgmonth_tmp,-0.14723763295824735,0.021002909670084436,,
paw,avgmonth_tmp,-0.14698874453795607,0.015721705294112157,,
shirt,avgmonth_tmp,-0.14692261476477758,0.012148061770941585,,
sister-in-law,avgmonth_tmp,-0.14662506765078182,0.020348376638348993,,
dent,avgmonth_tmp,-0.1463995886068,0.014089926832785796,,
landing,avgmonth_tmp,-0.14624316602871726,0.030515490122253082,,
example,avgmonth_tmp,-0.145591709629558,0.07919464232677867,,
ceiling,avgmonth_tmp,-0.14537484885179902,0.02016698872501654,,
activity,avgmonth_tmp,-0.1445796977504849,0.003972101126143631,,
butter,avgmonth_tmp,-0.14441997266719817,0.01055786526075753,,
communication,avgmonth_tmp,-0.14364067236952807,NA,Model convergence problem; non-positive-definite Hessian matrix. See vignette('troubleshooting'),
storage,avgmonth_tmp,-0.14349852398365037,0.0668471905124724,,
splinter,avgmonth_tmp,-0.1434571298544444,0.008683600202873306,,
bandage,avgmonth_tmp,-0.14325246938192238,3.220774371733638e-4,,
issue,avgmonth_tmp,-0.14308296456803224,0.004469455022837898,,
reader,avgmonth_tmp,-0.14267278382112245,0.012994213959268659,,
plow,avgmonth_tmp,-0.1419822645507237,0.03888379854964373,,
shoe,avgmonth_tmp,-0.14183184744644864,4.6436830606205504e-4,,
brother-in-law,avgmonth_tmp,-0.1415224542397639,0.014447755025802273,,
socket,avgmonth_tmp,-0.14134349718998415,0.017987883480572096,,
summit,avgmonth_tmp,-0.14094815597134147,0.011615928675730114,,
spade,avgmonth_tmp,-0.14048175487488432,0.01018541977016975,,
bitch,avgmonth_tmp,-0.1403858568728777,0.007071506281333658,,
murmur,avgmonth_tmp,-0.13962333179871064,0.026189962693044352,,
nurse,avgmonth_tmp,-0.13933081198427572,4.785335451533084e-4,,
idiot,avgmonth_tmp,-0.1385127818441626,0.045286559566589994,,
lure,avgmonth_tmp,-0.13830850724339375,0.07066970273036202,,
week,avgmonth_tmp,-0.13766655828373076,0.005835324015351944,,
belonging,avgmonth_tmp,-0.137558254655732,0.07839311365801663,,
collapse,avgmonth_tmp,-0.13753068440624153,0.016375152300552823,,
camp,avgmonth_tmp,-0.13736089964784287,0.018806250771041644,,
clerk,avgmonth_tmp,-0.13715316833394742,0.025950808938882228,,
council,avgmonth_tmp,-0.1371096778962872,0.016392065451806968,,
ale,avgmonth_tmp,-0.13654219340614346,0.30004453176571616,,
bridge,avgmonth_tmp,-0.13651797182219852,3.3773754875648823e-4,,
motor,avgmonth_tmp,-0.13618397621028736,1,,
cigarette,avgmonth_tmp,-0.13609875102147345,0.12155158749655252,,
peel,avgmonth_tmp,-0.1358832836796049,0.003640151857373369,,
marrow,avgmonth_tmp,-0.13583345820852818,NA,Model convergence problem; non-positive-definite Hessian matrix. See vignette('troubleshooting'),
pant,avgmonth_tmp,-0.13565306154535894,0.004314703687579847,,
link,avgmonth_tmp,-0.13541950524097254,0.013480388230072643,,
candy,avgmonth_tmp,-0.13539197520787102,0.12238273390062258,,
president,avgmonth_tmp,-0.13504050460063594,0.10535458437353397,,
shock,avgmonth_tmp,-0.13501800522549035,0.015392205024922247,,
pea,avgmonth_tmp,-0.13469013624500373,0.03378008657112823,,
plane,avgmonth_tmp,-0.13449588832550538,NA,Model convergence problem; non-positive-definite Hessian matrix. See vignette('troubleshooting'),
student,avgmonth_tmp,-0.13247017222212312,0.03564309864126589,,
puddle,avgmonth_tmp,-0.13227190680912648,0.01911071863346559,,
smile,avgmonth_tmp,-0.1321137124259986,9.86901929597997e-4,,
escort,avgmonth_tmp,-0.13193899870439582,0.05985958338112992,,
territory,avgmonth_tmp,-0.13180336742153378,NA,Model convergence problem; non-positive-definite Hessian matrix. See vignette('troubleshooting'),
rebel,avgmonth_tmp,-0.1317955686531292,0.06267710122946157,,
warning,avgmonth_tmp,-0.13167510751565456,NA,Model convergence problem; non-positive-definite Hessian matrix. See vignette('troubleshooting'),
wrinkle,avgmonth_tmp,-0.13161525419991466,0.004453504170136019,,
jet,avgmonth_tmp,-0.13157521945871142,0.048165837845366155,,
scorn,avgmonth_tmp,-0.13145263937862742,0.030054118104514294,,
urge,avgmonth_tmp,-0.13124910393025965,0.011626192705382779,,
rescue,avgmonth_tmp,-0.13110967629928572,0.008374493383594781,,
column,avgmonth_tmp,-0.13079370059971218,0.019418678539315722,,
pace,avgmonth_tmp,-0.13068476530124332,0.01812853903114362,,
district,avgmonth_tmp,-0.130060972279577,0.06133651764257185,,
testament,avgmonth_tmp,-0.1298660578524075,0.09246764166855742,,
index,avgmonth_tmp,-0.12954851853885402,0.03552312906343247,,
relief,avgmonth_tmp,-0.12943074237226207,0.031097432184455206,,
coal,avgmonth_tmp,-0.1293334429252166,0.0023740708250731134,,
polish,avgmonth_tmp,-0.12895970818614083,0.01577071021164926,,
apple,avgmonth_tmp,-0.12866033132864726,0.0021795809099606814,,
blaze,avgmonth_tmp,-0.12858216175065526,0.016076231167906734,,
wedge,avgmonth_tmp,-0.12844150225235684,0.011258356439107692,,
progress,avgmonth_tmp,-0.12843197198088324,NA,Model convergence problem; non-positive-definite Hessian matrix. See vignette('troubleshooting'),
paint,avgmonth_tmp,-0.1283865136463045,0.0022525597797301293,,
proof,avgmonth_tmp,-0.12819255593935522,0.029217415798201533,,
fighter,avgmonth_tmp,-0.12791670798510701,0.035004270447426766,,
discipline,avgmonth_tmp,-0.12790476012420038,0.04466119428832504,,
stab,avgmonth_tmp,-0.12790150040743956,0.008774919861614435,,
ambush,avgmonth_tmp,-0.12781977306033843,NA,Model convergence problem; non-positive-definite Hessian matrix. See vignette('troubleshooting'),
gall,avgmonth_tmp,-0.12781820911407166,0.00511421746539684,,
baptism,avgmonth_tmp,-0.12778696836278813,0.08850426514675927,,
shore,avgmonth_tmp,-0.12765172237343636,0.015224820998880543,,
tub,avgmonth_tmp,-0.1276123650059186,0.06361773614447822,,
pill,avgmonth_tmp,-0.1275135962661052,0.031817831571480576,,
tomorrow,avgmonth_tmp,-0.1272362736541375,0.05336040513303885,,
illustration,avgmonth_tmp,-0.12719771352011267,NA,,Model convergence problem; non-positive-definite Hessian matrix. See vignette('troubleshooting')
illness,avgmonth_tmp,-0.12647669349921328,0.009653157893901245,,
drawer,avgmonth_tmp,-0.12636660889763698,0.06802035936268146,,
supply,avgmonth_tmp,-0.1262459229603962,0.010886673375048105,,
tow,avgmonth_tmp,-0.1261730232455248,0.1043126047262606,,
devil,avgmonth_tmp,-0.12610878664823227,0.030193658524910863,,
beach,avgmonth_tmp,-0.12564829842478367,0.16134842639013605,,
fact,avgmonth_tmp,-0.12558569986273635,0.0020297462462838404,,
nickname,avgmonth_tmp,-0.12557506114036082,0.07613835337550953,,
departure,avgmonth_tmp,-0.12556909743136513,0.0293384421410859,,
handkerchief,avgmonth_tmp,-0.12551560882159044,NA,Model convergence problem; non-positive-definite Hessian matrix. See vignette('troubleshooting'),
representative,avgmonth_tmp,-0.12512569917232688,0.02440031538947672,,
witchcraft,avgmonth_tmp,-0.1244958765668421,0.12142745936436893,,
accident,avgmonth_tmp,-0.12433416706514401,0.00596083346120105,,
commission,avgmonth_tmp,-0.12410556185321774,0.0723973979152046,,
literature,avgmonth_tmp,-0.12399249950214086,0.10258920796615789,,
mission,avgmonth_tmp,-0.12388628507771833,0.16499434420034192,,
slack,avgmonth_tmp,-0.12339851803915071,0.04263500822424003,,
breed,avgmonth_tmp,-0.12321672225762866,0.019015413804490913,,
scream,avgmonth_tmp,-0.12321007111904823,0.005279507572418536,,
towel,avgmonth_tmp,-0.1220455595226231,0.01845610227260481,,
department,avgmonth_tmp,-0.12203561977020014,0.12781064665184,,
saddle,avgmonth_tmp,-0.12124124131424109,0.05436611458169289,,
information,avgmonth_tmp,-0.12116806381999827,0.009731535430624026,,
patch,avgmonth_tmp,-0.12096259742007089,0.0037773701177290565,,
manuscript,avgmonth_tmp,-0.12069593314820397,0.0795664534509119,,
dusk,avgmonth_tmp,-0.12064835182178968,0.035668554059910526,,
trouser,avgmonth_tmp,-0.12007838850513278,0.05580132215362441,,
haste,avgmonth_tmp,-0.119952073501934,0.049591715525056965,,
comparison,avgmonth_tmp,-0.11973045783420742,0.043539179660617565,,
riddle,avgmonth_tmp,-0.1196780626752144,0.05823902417674517,,
destination,avgmonth_tmp,-0.11936960487290414,0.026122918833022566,,
role,avgmonth_tmp,-0.1193196859980486,0.062082753135316485,,
pattern,avgmonth_tmp,-0.11925353950776103,0.01743932292006063,,
grandparent,avgmonth_tmp,-0.11924394370941302,0.3034211751468522,,
observation,avgmonth_tmp,-0.11902884536999953,0.03136837597125154,,
gut,avgmonth_tmp,-0.1190144616291129,0.04876143774731722,,
duck,avgmonth_tmp,-0.11894119505138348,0.0030460128213580513,,
sink,avgmonth_tmp,-0.11871224989736566,0.0011031469942684375,,
heel,avgmonth_tmp,-0.11863852567389635,1.1708934215700443e-4,,
grip,avgmonth_tmp,-0.1185702823872017,0.09153887592249635,,
cross,avgmonth_tmp,-0.11834983861032662,2.4390373447985245e-5,,
nap,avgmonth_tmp,-0.11821932354277015,0.16235223272529417,,
sewing,avgmonth_tmp,-0.11819783544399909,0.019340252029885256,,
smoke,avgmonth_tmp,-0.11818916439411435,6.047088485703108e-5,,
braid,avgmonth_tmp,-0.11788936986244393,0.02318876280758818,,
kinship,avgmonth_tmp,-0.1176268913367027,0.19509645139956927,,
suggestion,avgmonth_tmp,-0.11727758870379759,0.03155143547075335,,
maid,avgmonth_tmp,-0.11719647851390438,0.09095027613245532,,
screw,avgmonth_tmp,-0.11708021394011152,0.04896470522936057,,
stack,avgmonth_tmp,-0.1169595356127322,0.05005643676623933,,
glitter,avgmonth_tmp,-0.11681057916739049,0.0885802092353012,,
hardship,avgmonth_tmp,-0.11635597603121951,0.08960917344741395,,
tale,avgmonth_tmp,-0.11616488028697804,0.048791207246068384,,
suit,avgmonth_tmp,-0.11610394022810175,0.030621545998404068,,
dog,avgmonth_tmp,-0.11573068961680855,8.208156135828738e-4,,
stature,avgmonth_tmp,-0.11567321550980011,0.058748211165686515,,
tune,avgmonth_tmp,-0.1156151296822292,0.042425345432616744,,
trading,avgmonth_tmp,-0.11561067047429822,0.07567216900079815,,
hint,avgmonth_tmp,-0.11558423565475746,0.06678201705495587,,
hammer,avgmonth_tmp,-0.11549599181284521,0.0013008255031882996,,
machine,avgmonth_tmp,-0.11531707122709219,0.07848089665080968,,
torment,avgmonth_tmp,-0.1153105974802545,0.11377638892092541,,
glass,avgmonth_tmp,-0.11516935113160427,0.0057832173428979195,,
spouse,avgmonth_tmp,-0.11505572124401171,0.15099001371065618,,
meat,avgmonth_tmp,-0.11492914626577005,0.0019028741793745635,,
stew,avgmonth_tmp,-0.11463187017613681,0.12827823641489952,,
torture,avgmonth_tmp,-0.11405094354689746,0.09083503001779974,,
hail,avgmonth_tmp,-0.11402703237041906,0.008599297192479656,,
burst,avgmonth_tmp,-0.11383944673642647,0.0019916695650238725,,
sob,avgmonth_tmp,-0.11367098171232946,NA,Model convergence problem; non-positive-definite Hessian matrix. See vignette('troubleshooting'),
product,avgmonth_tmp,-0.11363778506229043,0.07250390265222117,,
doctor,avgmonth_tmp,-0.11331159974853447,0.02656583401560636,,
publication,avgmonth_tmp,-0.11328916464909974,0.05189454470545255,,
rot,avgmonth_tmp,-0.11323061630360445,0.02944277560403893,,
exhibit,avgmonth_tmp,-0.11321503702074166,0.10059353290665857,,
snout,avgmonth_tmp,-0.1130149854576281,0.04417238441421037,,
captain,avgmonth_tmp,-0.11301457181238765,0.06824970707216366,,
core,avgmonth_tmp,-0.11286259485551103,0.043545239545527775,,
sack,avgmonth_tmp,-0.1128311014555699,0.013203485045166373,,
layer,avgmonth_tmp,-0.11262509368373663,0.028411268940856372,,
resource,avgmonth_tmp,-0.11240903291741616,0.038273597105150575,,
yeast,avgmonth_tmp,-0.11229502849784104,0.054803528881554674,,
rage,avgmonth_tmp,-0.1121770966506531,0.07354237310913904,,
tilt,avgmonth_tmp,-0.11198466169668556,0.10700620253357872,,
mistake,avgmonth_tmp,-0.11153596389362067,0.0018556530862534003,,
cousin,avgmonth_tmp,-0.1115078553584484,0.035249930178880035,,
tendency,avgmonth_tmp,-0.11145255673313828,0.08496569017627378,,
neighbor,avgmonth_tmp,-0.1114430507846299,0.014768082315315317,,
visit,avgmonth_tmp,-0.11119220956466615,9.773164274070444e-4,,
hall,avgmonth_tmp,-0.11108874929296535,0.12308754717261505,,
variation,avgmonth_tmp,-0.11090010976736449,0.09780103318548071,,
system,avgmonth_tmp,-0.11063610910668571,NA,Model convergence problem; non-positive-definite Hessian matrix. See vignette('troubleshooting'),
echo,avgmonth_tmp,-0.11062408244862552,0.031722336809907103,,
benefit,avgmonth_tmp,-0.11024368595015455,0.029314246995218566,,
signal,avgmonth_tmp,-0.10995460912221323,0.05771920309360347,,
box,avgmonth_tmp,-0.10966450028006576,0.00352779614807722,,
fool,avgmonth_tmp,-0.10964427302637075,0.017003316087091744,,
teaching,avgmonth_tmp,-0.10960824556800709,0.17237409347423335,,
twitch,avgmonth_tmp,-0.10951135415129573,0.048702734304998496,,
harp,avgmonth_tmp,-0.10950319136509665,0.13655724425414556,,
suspicion,avgmonth_tmp,-0.10896973890483849,0.06732373373390722,,
dragon,avgmonth_tmp,-0.10870757595345615,0.15049010344822403,,
excuse,avgmonth_tmp,-0.10852885454371529,0.04355654779925636,,
highway,avgmonth_tmp,-0.10837691837809015,0.06644366336868411,,
pool,avgmonth_tmp,-0.10835873167953002,0.0139976745992737,,
crease,avgmonth_tmp,-0.1082583836733935,0.1042151595036696,,
document,avgmonth_tmp,-0.10812657523381003,0.13919831016104545,,
laughter,avgmonth_tmp,-0.10800790740884328,0.014356192699611582,,
film,avgmonth_tmp,-0.10800416197581149,0.18423753986468663,,
halt,avgmonth_tmp,-0.10770465176178103,0.0725148454382937,,
characteristic,avgmonth_tmp,-0.1073946190534276,0.011576085085275151,,
package,avgmonth_tmp,-0.10719082370708906,NA,,Model convergence problem; non-positive-definite Hessian matrix. See vignette('troubleshooting')
peg,avgmonth_tmp,-0.10687686245884204,0.034827000430269574,,
kick,avgmonth_tmp,-0.1068382910015205,0.0062491259883742396,,
north,avgmonth_tmp,-0.1067693517444939,0.02203039890138746,,
syllable,avgmonth_tmp,-0.10666336925970483,0.15535432618537964,,
brush,avgmonth_tmp,-0.10663003817255215,0.01712988210642338,,
club,avgmonth_tmp,-0.10644629496570751,0.023044361568412292,,
sparrow,avgmonth_tmp,-0.10643712705053024,0.055978623818789444,,
risk,avgmonth_tmp,-0.10610001859895407,0.13504595786559773,,
baggage,avgmonth_tmp,-0.1056055658213805,0.1062981193148656,,
stamp,avgmonth_tmp,-0.10537064513148425,0.039552890955019744,,
kit,avgmonth_tmp,-0.10536830239033086,0.27795268131222695,,
location,avgmonth_tmp,-0.10503119009731586,0.19653659568982698,,
pouch,avgmonth_tmp,-0.105014755790981,0.0716038415432782,,
plan,avgmonth_tmp,-0.10487796621551626,NA,Model convergence problem; non-positive-definite Hessian matrix. See vignette('troubleshooting'),
pet,avgmonth_tmp,-0.1047268361491683,0.05582016536190838,,
shed,avgmonth_tmp,-0.10410333153239969,0.005960062059997139,,
copy,avgmonth_tmp,-0.1040993181731415,0.040331314038063275,,
airplane,avgmonth_tmp,-0.1040384027598464,0.21167998942617391,,
jerk,avgmonth_tmp,-0.10398549782497392,0.09740629782089756,,
tear,avgmonth_tmp,-0.10371800125345022,3.965482774538729e-5,,
energy,avgmonth_tmp,-0.1035151686030577,0.0901553480952355,,
basis,avgmonth_tmp,-0.10346920275413851,0.061896995610283535,,
swarm,avgmonth_tmp,-0.10344802557241595,0.05964896280434854,,
sweep,avgmonth_tmp,-0.10268000578744355,0.00724922534427057,,
exception,avgmonth_tmp,-0.1025539896765408,0.04202128773292462,,
baby,avgmonth_tmp,-0.10241443363614466,0.0799041752447541,,
mount,avgmonth_tmp,-0.10223512328218587,0.021790608553894645,,
station,avgmonth_tmp,-0.1018521303050648,0.15607623439058976,,
roller,avgmonth_tmp,-0.10172176239799481,0.12251805837130936,,
bruise,avgmonth_tmp,-0.10162039365812447,0.0323340216176829,,
temper,avgmonth_tmp,-0.10156344854818411,0.055404946364970765,,
needle,avgmonth_tmp,-0.1010930118440607,0.0019341277545381614,,
beverage,avgmonth_tmp,-0.10072985753638815,0.12146331125938249,,
bed,avgmonth_tmp,-0.10070354005166869,1.433122694417011e-4,,
dough,avgmonth_tmp,-0.10069787237748665,0.1027362694760069,,
fright,avgmonth_tmp,-0.10056621104653599,0.03698031535501926,,
gulp,avgmonth_tmp,-0.10055375655052134,0.12758588973352786,,
hill,avgmonth_tmp,-0.10025704632286586,0.02491638502529012,,
prisoner,avgmonth_tmp,-0.1000965622106191,0.040198692620089155,,
twilight,avgmonth_tmp,-0.10002818336162538,0.01935642330553152,,
bargain,avgmonth_tmp,-0.10000329360379226,0.15062975828089994,,
pencil,avgmonth_tmp,-0.09993293814872356,0.03872442685670493,,
strand,avgmonth_tmp,-0.09979962398069717,0.11640556726083583,,
horse,avgmonth_tmp,-0.0997696606149042,0.07902425369582584,,
writer,avgmonth_tmp,-0.09948641192074775,0.10326157534192082,,
lesson,avgmonth_tmp,-0.09945136090915219,0.09226895452868679,,
moan,avgmonth_tmp,-0.09846917943429,NA,,Model convergence problem; non-positive-definite Hessian matrix. See vignette('troubleshooting')
remnant,avgmonth_tmp,-0.09837617597494681,0.10636528035913563,,
vocabulary,avgmonth_tmp,-0.09830040381761555,NA,Model convergence problem; non-positive-definite Hessian matrix. See vignette('troubleshooting'),Model convergence problem; non-positive-definite Hessian matrix. See vignette('troubleshooting')
coffin,avgmonth_tmp,-0.09809515067280442,0.11568135521851658,,
axe,avgmonth_tmp,-0.09790274256220512,0.08594946149663187,,
challenge,avgmonth_tmp,-0.09696049412969272,0.10555098063075517,,
doubt,avgmonth_tmp,-0.09665005912299907,0.02536394569838853,,
evidence,avgmonth_tmp,-0.09664480038663485,0.039920339557550213,,
appendix,avgmonth_tmp,-0.09640243224113303,0.25696568122142394,,
nation,avgmonth_tmp,-0.09634723619536847,0.17890804606095273,,
bloom,avgmonth_tmp,-0.096244998008254,0.050726195133847636,,
penalty,avgmonth_tmp,-0.09621288033599265,0.12222624785767174,,
crook,avgmonth_tmp,-0.09609552723236044,0.18394400790071702,,
growl,avgmonth_tmp,-0.09576829300120351,0.09763001644332464,,
hunting,avgmonth_tmp,-0.09575495813816794,0.0967195416018029,,
treatment,avgmonth_tmp,-0.09556898056009326,NA,Model convergence problem; non-positive-definite Hessian matrix. See vignette('troubleshooting'),
bill,avgmonth_tmp,-0.09540454048701646,0.12641255374822002,,
steel,avgmonth_tmp,-0.09537425945879337,0.06244315061048447,,
hinge,avgmonth_tmp,-0.09490965862340395,0.12200458631121316,,
conflict,avgmonth_tmp,-0.09470011859148916,0.12235526606147544,,
structure,avgmonth_tmp,-0.09465877569744029,NA,Model convergence problem; non-positive-definite Hessian matrix. See vignette('troubleshooting'),
prick,avgmonth_tmp,-0.09446060540282727,0.06604791827297116,,
attitude,avgmonth_tmp,-0.09435440915584652,0.1078458248038092,,
contrary,avgmonth_tmp,-0.09429724887488257,0.09560103554706682,,
parting,avgmonth_tmp,-0.09422448779860632,0.10228083261635196,,
drizzle,avgmonth_tmp,-0.09420250513486053,0.14178495368844823,,
mule,avgmonth_tmp,-0.09408902490939457,0.2255833078962905,,
text,avgmonth_tmp,-0.09349403133681153,0.28769422318720983,,
drain,avgmonth_tmp,-0.09347668436916028,0.05767292807931222,,
leak,avgmonth_tmp,-0.09343353400092118,0.031143323888699604,,
party,avgmonth_tmp,-0.09341871360952624,0.08469324762469649,,
bag,avgmonth_tmp,-0.09339495660006887,0.012653634622023622,,
fringe,avgmonth_tmp,-0.09328518166022853,0.1092367280644389,,
laugh,avgmonth_tmp,-0.0931982230535619,0.0037474436171608815,,
spelling,avgmonth_tmp,-0.09307639333723011,0.19990405383342966,,
minister,avgmonth_tmp,-0.09285080819851968,0.20847447446488201,,
bulge,avgmonth_tmp,-0.09275230069564289,0.25414804803951296,,
grandmother,avgmonth_tmp,-0.092673317590789,0.062338349566315954,,
trade,avgmonth_tmp,-0.09249931595833258,0.06431548669970716,,
introduction,avgmonth_tmp,-0.09238129678675945,0.02263180848811967,,
site,avgmonth_tmp,-0.09202466521183394,0.15803364398033576,,
china,avgmonth_tmp,-0.0919792493555013,0.28404260758366673,,
hug,avgmonth_tmp,-0.09173614749647231,0.09741413973947012,,
neglect,avgmonth_tmp,-0.09170913111438576,0.04923115123356131,,
channel,avgmonth_tmp,-0.09142517517230346,0.15435038692904918,,
cushion,avgmonth_tmp,-0.09104187581517308,0.1202257994423875,,
sport,avgmonth_tmp,-0.09095938415107385,0.18977148425088425,,
dart,avgmonth_tmp,-0.09066003622489746,0.21229549726610356,,
endeavor,avgmonth_tmp,-0.09044315702565309,0.13394365977085426,,
butt,avgmonth_tmp,-0.09041738148232535,0.018652941575195568,,
orphan,avgmonth_tmp,-0.08990993848098648,0.041493682867911046,,
importance,avgmonth_tmp,-0.08989005422708211,0.04369847300385823,,
bicycle,avgmonth_tmp,-0.08986522062788646,0.33357982015531434,,
chest,avgmonth_tmp,-0.08972013420559823,0.003188924646037914,,
agriculture,avgmonth_tmp,-0.08949638570295528,0.17562427526781432,,
whip,avgmonth_tmp,-0.08933536253256708,0.028731233361190718,,
basin,avgmonth_tmp,-0.08928422746803928,0.06519913108479615,,
engine,avgmonth_tmp,-0.08917372867423927,0.19751551054794625,,
ink,avgmonth_tmp,-0.08913332260028871,0.12637772380301943,,
demand,avgmonth_tmp,-0.08898898171225282,0.12028935850084892,,
bid,avgmonth_tmp,-0.08879593795470506,0.2266943747572745,,
threat,avgmonth_tmp,-0.08869751280369059,0.05886484305358879,,
visitor,avgmonth_tmp,-0.08860884656595522,0.09028368594667782,,
detail,avgmonth_tmp,-0.08844680883920206,0.07579573534659728,,
missionary,avgmonth_tmp,-0.0884007242115394,0.23406762892295935,,
trash,avgmonth_tmp,-0.0882209378783941,0.3021515626941342,,
lantern,avgmonth_tmp,-0.08815122497504613,0.20727298808779265,,
nape,avgmonth_tmp,-0.08813513121401143,0.15592156087675968,,
stoop,avgmonth_tmp,-0.088100585087234,0.1162715457619053,,
brain,avgmonth_tmp,-0.08803565463607331,0.017921778441256607,,
institute,avgmonth_tmp,-0.0878576879311041,0.19151044258973382,,
exchange,avgmonth_tmp,-0.08738474246507698,0.02453313917175175,,
van,avgmonth_tmp,-0.08707434803291637,0.3733329648441615,,
herd,avgmonth_tmp,-0.08678390574612996,0.09778721120449836,,
spray,avgmonth_tmp,-0.086733309733243,0.17388380192679243,,
picture,avgmonth_tmp,-0.08666253254568335,0.05244434055342488,,
glance,avgmonth_tmp,-0.08666186625477242,0.10234555119650436,,
paper,avgmonth_tmp,-0.08624641124688809,0.053509279685937015,,
hesitation,avgmonth_tmp,-0.08621484262689484,0.13273780550084177,,
harm,avgmonth_tmp,-0.08620095350032513,0.051106108706482065,,
purse,avgmonth_tmp,-0.08615777518245685,0.0959669462937694,,
container,avgmonth_tmp,-0.0860966845169858,0.36525233494674997,,
reel,avgmonth_tmp,-0.08608714195080316,0.21250009230785827,,
exit,avgmonth_tmp,-0.0860017584977392,0.11952161155956045,,
drip,avgmonth_tmp,-0.08599968656581558,0.0784644825366014,,
nephew,avgmonth_tmp,-0.08575017158132543,0.10396555444668462,,
stake,avgmonth_tmp,-0.0856741678654096,0.06381610130105013,,
pin,avgmonth_tmp,-0.08563536407322224,0.11220556036422225,,
journey,avgmonth_tmp,-0.08561049710509351,0.061113925615307325,,
lad,avgmonth_tmp,-0.08550087080852195,0.22066742588597868,,
dream,avgmonth_tmp,-0.08548865678536763,0.006741183129075263,,
cork,avgmonth_tmp,-0.08544454167851379,0.15002190900709575,,
cost,avgmonth_tmp,-0.0852246896574913,0.12516746684323696,,
wrap,avgmonth_tmp,-0.08513303977887753,0.04920237253488647,,
match,avgmonth_tmp,-0.08506374783968745,0.01417810118909648,,
carpet,avgmonth_tmp,-0.08496785490445076,0.19470369238924162,,
farm,avgmonth_tmp,-0.08433630326771811,0.3651212467379554,,
floor,avgmonth_tmp,-0.08428407114088261,0.04699972630965795,,
alarm,avgmonth_tmp,-0.08407758819866816,0.19454560487502265,,
artery,avgmonth_tmp,-0.08372435878420707,NA,Model convergence problem; non-positive-definite Hessian matrix. See vignette('troubleshooting'),Model convergence problem; non-positive-definite Hessian matrix. See vignette('troubleshooting')
driver,avgmonth_tmp,-0.08353556313591962,0.17600106325839898,,
stroke,avgmonth_tmp,-0.0835117662405733,0.09646592658498605,,
kiss,avgmonth_tmp,-0.0832816540950565,0.045000330838344,,
hem,avgmonth_tmp,-0.08324084908106935,0.18861871945271444,,
groan,avgmonth_tmp,-0.08301712558141738,0.07790953681237149,,
rap,avgmonth_tmp,-0.08281083724286818,0.2785301726383505,,
gathering,avgmonth_tmp,-0.08232363749884222,0.026948225367563042,,
gasp,avgmonth_tmp,-0.08231681957287419,0.12869415912798696,,
delay,avgmonth_tmp,-0.08197541402366025,0.06712563409568172,,
arch,avgmonth_tmp,-0.08174621919911272,0.2756488685898651,,
crane,avgmonth_tmp,-0.08171358177507092,0.13066934023310312,,
kidney,avgmonth_tmp,-0.08164039751890952,0.01696550648002914,,
necessity,avgmonth_tmp,-0.08156258943317386,0.10136356046241625,,
bottom,avgmonth_tmp,-0.08150232610924214,0.014445747748644074,,
production,avgmonth_tmp,-0.08137377568710966,0.27235019528038107,,
goal,avgmonth_tmp,-0.08131052799849156,NA,Model convergence problem; non-positive-definite Hessian matrix. See vignette('troubleshooting'),
game,avgmonth_tmp,-0.081240896300261,0.0336514042160224,,
shred,avgmonth_tmp,-0.08100859621403919,0.1871058235143584,,
cradle,avgmonth_tmp,-0.08080534118358755,0.21720385185541857,,
hemp,avgmonth_tmp,-0.08069774280356536,0.2826049027561096,,
lady,avgmonth_tmp,-0.0806371586748119,0.20659676842090458,,
soil,avgmonth_tmp,-0.0805742834708368,0.04771387313313112,,
greeting,avgmonth_tmp,-0.08057340035756883,0.14493696930390018,,
pressure,avgmonth_tmp,-0.08035411164839737,0.14488567370133276,,
hum,avgmonth_tmp,-0.08033686340671348,NA,Model convergence problem; non-positive-definite Hessian matrix. See vignette('troubleshooting'),
repair,avgmonth_tmp,-0.08020010344053023,0.04375907058359644,,
spectacle,avgmonth_tmp,-0.08010358198804567,0.11991350641964572,,
trial,avgmonth_tmp,-0.07996043241914273,0.2504111690473216,,
ditch,avgmonth_tmp,-0.07985673476798164,0.09762956211081768,,
shelter,avgmonth_tmp,-0.07974487792724753,0.032811749699856514,,
college,avgmonth_tmp,-0.07972225901019286,0.28588222705230243,,
bolt,avgmonth_tmp,-0.07949832675309756,0.10537842525601267,,
obstacle,avgmonth_tmp,-0.0794878871101565,0.19710512057998442,,
nerve,avgmonth_tmp,-0.07941399902232103,0.1927351778575693,,
preface,avgmonth_tmp,-0.07916796814702998,NA,Model convergence problem; non-positive-definite Hessian matrix. See vignette('troubleshooting'),
cob,avgmonth_tmp,-0.0789748752462417,0.41589440241991865,,
device,avgmonth_tmp,-0.07862015586174997,NA,Model convergence problem; non-positive-definite Hessian matrix. See vignette('troubleshooting'),
gap,avgmonth_tmp,-0.07855415563814223,0.24464949698181035,,
bar,avgmonth_tmp,-0.0780211387924421,0.1685709070780904,,
stump,avgmonth_tmp,-0.07783790967721364,0.11029040875568087,,
lag,avgmonth_tmp,-0.07766157913299092,0.36989581990508524,,
flare,avgmonth_tmp,-0.07762200492354697,0.16970142884959066,,
tool,avgmonth_tmp,-0.0776053108243563,0.08412405261087884,,
spark,avgmonth_tmp,-0.07748473835101691,NA,,Model convergence problem; non-positive-definite Hessian matrix. See vignette('troubleshooting')
wine,avgmonth_tmp,-0.07746067375764655,0.311949464716358,,
unit,avgmonth_tmp,-0.07723205449775658,0.1921842417362576,,
band,avgmonth_tmp,-0.07718816676354913,0.08807125364996128,,
jam,avgmonth_tmp,-0.07689401521796607,0.31942280609415297,,
room,avgmonth_tmp,-0.07685698747543998,0.0813936659222759,,
couple,avgmonth_tmp,-0.07680557790922295,0.07961995691731828,,
jail,avgmonth_tmp,-0.07670247921297897,NA,Model convergence problem; non-positive-definite Hessian matrix. See vignette('troubleshooting'),Model convergence problem; non-positive-definite Hessian matrix. See vignette('troubleshooting')
radio,avgmonth_tmp,-0.0765113922672008,0.39010402305459435,,
bait,avgmonth_tmp,-0.07620329807412425,0.20068798960786569,,
log,avgmonth_tmp,-0.07613385911678403,0.14843537749659577,,
gutter,avgmonth_tmp,-0.07611474927799666,0.2690331693149593,,
bucket,avgmonth_tmp,-0.07608190571191793,0.11948918147169298,,
warmth,avgmonth_tmp,-0.07581546535031931,0.17932743952475996,,
thought,avgmonth_tmp,-0.07575211581711432,0.10398194153629828,,
announcement,avgmonth_tmp,-0.07536767651876186,0.23286032851575134,,
hatch,avgmonth_tmp,-0.07532367206631167,0.15602547930036484,,
refrain,avgmonth_tmp,-0.07527606068367773,0.1755369269353776,,
mast,avgmonth_tmp,-0.07525302075690109,0.31102921468820566,,
movement,avgmonth_tmp,-0.07521760226191115,0.08380339649921698,,
uniform,avgmonth_tmp,-0.07509334700191345,0.2374905729448779,,
habit,avgmonth_tmp,-0.0750917644612829,0.10796472951541024,,
society,avgmonth_tmp,-0.07451119925609985,0.1992913437250663,,
lighting,avgmonth_tmp,-0.07432927465444104,0.13618453877993425,,
scratch,avgmonth_tmp,-0.07395247324181631,0.04835891836591744,,
consciousness,avgmonth_tmp,-0.07393270465108863,0.22140670960101988,,
accord,avgmonth_tmp,-0.07378197417293954,0.19765778305713183,,
pinch,avgmonth_tmp,-0.07363593456219632,0.09426983309502728,,
sway,avgmonth_tmp,-0.07342162666955385,0.10370784146678964,,
fence,avgmonth_tmp,-0.07320129768702212,0.09048803569029087,,
inquiry,avgmonth_tmp,-0.0730069358656525,0.23299511493461578,,
misery,avgmonth_tmp,-0.07290088856269912,0.31057193185608645,,
element,avgmonth_tmp,-0.07290073952775253,0.39114965284776215,,
duration,avgmonth_tmp,-0.07286549535858336,0.23047983232741762,,
hour,avgmonth_tmp,-0.072729571718581,0.10133482824335117,,
opponent,avgmonth_tmp,-0.07252977435979759,0.22306672680775175,,
revenge,avgmonth_tmp,-0.07240035493365421,0.14966148473659946,,
company,avgmonth_tmp,-0.07239705306595456,0.15404023404730263,,
rent,avgmonth_tmp,-0.07221092785760067,0.2062701245881113,,
material,avgmonth_tmp,-0.07203304751153032,0.07991070196920175,,
surrender,avgmonth_tmp,-0.07190333359394256,0.2808372440496244,,
whirl,avgmonth_tmp,-0.07188408750787781,0.2771963535291266,,
frown,avgmonth_tmp,-0.07149687523240272,0.2107505576057568,,
bible,avgmonth_tmp,-0.07140676961683366,0.3758941104828194,,
smoking,avgmonth_tmp,-0.07132103694074604,0.12855287394649131,,
health,avgmonth_tmp,-0.07107344707288062,0.07404276501073183,,
reason,avgmonth_tmp,-0.07094784698321815,0.001350836180659126,,
bang,avgmonth_tmp,-0.07083946764679483,0.4378316211385258,,
display,avgmonth_tmp,-0.07077711728914621,0.2316479889812315,,
border,avgmonth_tmp,-0.07046137277996185,0.11334418507972345,,
footprint,avgmonth_tmp,-0.0703886340212015,0.20458215611724606,,
soup,avgmonth_tmp,-0.07011057388341593,0.288965323091692,,
fashion,avgmonth_tmp,-0.07003992315521225,0.1844268829435862,,
pity,avgmonth_tmp,-0.07000432361388485,0.015279682346067958,,
problem,avgmonth_tmp,-0.06995564006763981,0.3558125170350207,,
chance,avgmonth_tmp,-0.06967853408595738,0.16838463427367553,,
regret,avgmonth_tmp,-0.06945377087591312,0.1342414092323238,,
eve,avgmonth_tmp,-0.06905178947456826,0.38463143335988853,,
thrust,avgmonth_tmp,-0.06871761689966126,0.2909785216352148,,
grunt,avgmonth_tmp,-0.06871740409184184,0.36008971024675895,,
trickle,avgmonth_tmp,-0.06840381804737268,0.29707164169840644,,
occurrence,avgmonth_tmp,-0.06827525908195264,0.360965596329257,,
nuisance,avgmonth_tmp,-0.06804253549190886,0.29888120258166917,,
holder,avgmonth_tmp,-0.06780457768377317,0.2513360510460597,,
whisker,avgmonth_tmp,-0.06775779881335448,0.2227879373037,,
chat,avgmonth_tmp,-0.0677363829054263,0.31635134223909905,,
door,avgmonth_tmp,-0.06723048259003851,0.012382326988791305,,
opinion,avgmonth_tmp,-0.06697320027468467,0.20542481061223672,,
content,avgmonth_tmp,-0.06690449525181179,0.013166797788835047,,
joke,avgmonth_tmp,-0.06650860524197227,0.13942733029126342,,
car,avgmonth_tmp,-0.06645191433271128,0.28999988129874127,,
yesterday,avgmonth_tmp,-0.0661919404841163,0.1733683428344533,,
shin,avgmonth_tmp,-0.06556049352579002,0.29883520315276424,,
opposition,avgmonth_tmp,-0.06553508205935302,0.3062022522981547,,
slice,avgmonth_tmp,-0.0654542769533542,0.19096434998691142,,
sling,avgmonth_tmp,-0.06543565461632173,0.2152495480107341,,
yolk,avgmonth_tmp,-0.06506526369448482,0.2418180600074428,,
service,avgmonth_tmp,-0.06496790500214641,0.2228433233477317,,
bosom,avgmonth_tmp,-0.06487388878212762,0.2760064152221322,,
hero,avgmonth_tmp,-0.06473015796996115,0.2837642499011125,,
answer,avgmonth_tmp,-0.06459001213351646,0.03649896281662238,,
evening,avgmonth_tmp,-0.06435500550394443,0.020357546249699154,,
area,avgmonth_tmp,-0.06420843887681009,0.3060906453301936,,
butterfly,avgmonth_tmp,-0.06409505932381733,0.1807140688613742,,
skeleton,avgmonth_tmp,-0.06402506020445549,0.20555937568939223,,
assault,avgmonth_tmp,-0.06399710683031702,0.25270803266185315,,
science,avgmonth_tmp,-0.06388550266407979,0.3881485597046023,,
heir,avgmonth_tmp,-0.0635356965757474,0.22740214894408917,,
pipe,avgmonth_tmp,-0.06353359239127492,0.12717251548073305,,
mouse,avgmonth_tmp,-0.06339067397596197,0.09758755049331665,,
grade,avgmonth_tmp,-0.06321860026860553,0.4608404237505469,,
luck,avgmonth_tmp,-0.06316575059288612,0.17319246898224308,,
prison,avgmonth_tmp,-0.06286353160924836,0.16710710759736386,,
gaze,avgmonth_tmp,-0.0628274298538874,0.110254098594104,,
reflection,avgmonth_tmp,-0.06282180614258005,0.19971966638688138,,
contest,avgmonth_tmp,-0.06277738354235712,0.37317429088992005,,
rash,avgmonth_tmp,-0.0627632428131663,0.14987821949357924,,
dwarf,avgmonth_tmp,-0.06268039660559588,0.21633429177208544,,
arrest,avgmonth_tmp,-0.06262783497680237,0.25846960203872016,,
brand,avgmonth_tmp,-0.06251254962488324,0.24778217178175188,,
memory,avgmonth_tmp,-0.06249484643503198,0.15093985599353038,,
meeting,avgmonth_tmp,-0.06246040987004193,0.1687767679976574,,
payment,avgmonth_tmp,-0.0622070050008682,0.21948047751491465,,
fireplace,avgmonth_tmp,-0.06185738845392727,0.3714906051828011,,
staff,avgmonth_tmp,-0.06165749938760602,0.2094716840554891,,
lawyer,avgmonth_tmp,-0.06150990170677225,0.32688558065087436,,
trench,avgmonth_tmp,-0.06150642359598738,0.2473113357692789,,
leather,avgmonth_tmp,-0.06129362599186531,0.1726700925400223,,
cheek,avgmonth_tmp,-0.06107444548119648,0.04743878835365625,,
retreat,avgmonth_tmp,-0.060916596343949955,0.28738003476836205,,
flag,avgmonth_tmp,-0.06083835342776012,0.22159372786297046,,
fun,avgmonth_tmp,-0.06020116746795627,NA,,Model convergence problem; non-positive-definite Hessian matrix. See vignette('troubleshooting')
tongue,avgmonth_tmp,-0.060137406804483616,0.013111296765907391,,
mattress,avgmonth_tmp,-0.06013598890375382,0.34213445393506753,,
slit,avgmonth_tmp,-0.06006383907938939,0.3066317600861052,,
killer,avgmonth_tmp,-0.05972186098387,0.37493332114375544,,
leap,avgmonth_tmp,-0.059437769362161774,0.22401851016379765,,
extension,avgmonth_tmp,-0.05930223858507224,0.28519974751374255,,
kitchen,avgmonth_tmp,-0.059245355125534895,0.32706439953565775,,
sigh,avgmonth_tmp,-0.05912409010425005,0.2730946908272821,,
nod,avgmonth_tmp,-0.05911600769271439,0.19807643325373675,,
instruction,avgmonth_tmp,-0.05903224710590711,0.2211277642844305,,
appetite,avgmonth_tmp,-0.058936536422158285,0.21227498398044878,,
peace,avgmonth_tmp,-0.0588766660902582,0.18162654316801066,,
coward,avgmonth_tmp,-0.05862142784830131,0.32295204958689777,,
lock,avgmonth_tmp,-0.05850302992608538,0.07229407565286405,,
claim,avgmonth_tmp,-0.058420854187689816,0.2645812838475466,,
twine,avgmonth_tmp,-0.058338104890814556,0.3052338020084964,,
envelope,avgmonth_tmp,-0.05803105229610249,0.30030466362662617,,
shop,avgmonth_tmp,-0.0576611858297685,0.36629521618044175,,
conversation,avgmonth_tmp,-0.05765056629655683,0.16490175563384224,,
guard,avgmonth_tmp,-0.05752062842322672,0.1116027759156785,,
arrival,avgmonth_tmp,-0.057494058755048365,0.23005541057533557,,
mate,avgmonth_tmp,-0.05747998125657822,0.3618404079813634,,
wave,avgmonth_tmp,-0.05738785227211502,0.12950684739566934,,
ship,avgmonth_tmp,-0.057371831703434774,0.4238224856448859,,
guest,avgmonth_tmp,-0.05735421117535043,0.28180798184424416,,
south,avgmonth_tmp,-0.057269340193461485,0.24648363300222367,,
flock,avgmonth_tmp,-0.05719381979336405,0.19623848094262802,,
bench,avgmonth_tmp,-0.05708943367818036,0.3112659846133271,,
interest,avgmonth_tmp,-0.05700517878391038,0.20176939874054825,,
officer,avgmonth_tmp,-0.056920356113178354,0.35753597102305595,,
safety,avgmonth_tmp,-0.05684013632327954,0.2978366338044897,,
pie,avgmonth_tmp,-0.05681779170158174,0.54268350404255,,
stream,avgmonth_tmp,-0.05640272319249416,0.2916937976889909,,
reign,avgmonth_tmp,-0.05609355662763556,0.3290494455751968,,
drink,avgmonth_tmp,-0.05603718742315666,0.06534835033522218,,
circle,avgmonth_tmp,-0.055946895283016364,0.1175838600369156,,
backbone,avgmonth_tmp,-0.055834796703083625,0.26082788612734503,,
fare,avgmonth_tmp,-0.055668013788906665,0.49368943196827025,,
chamber,avgmonth_tmp,-0.05547238973974343,0.4000509458497839,,
scar,avgmonth_tmp,-0.05520646182858082,0.19678979032616004,,
childhood,avgmonth_tmp,-0.054993226490724495,NA,Model convergence problem; non-positive-definite Hessian matrix. See vignette('troubleshooting'),
brim,avgmonth_tmp,-0.05496454971012357,0.3093367599622629,,
news,avgmonth_tmp,-0.05485977944342582,0.16953608423850106,,
care,avgmonth_tmp,-0.05483480323719303,0.03860257327244849,,
garlic,avgmonth_tmp,-0.054580860219594594,0.4479010696428119,,
spoon,avgmonth_tmp,-0.05453365365665137,0.14715852477243677,,
overflow,avgmonth_tmp,-0.054417294860369156,0.24748712495054656,,
partition,avgmonth_tmp,-0.054296723914455496,0.380941417249256,,
construction,avgmonth_tmp,-0.05401268999894593,0.3146965005450725,,
condition,avgmonth_tmp,-0.053814954669429996,0.22806401874629584,,
knife,avgmonth_tmp,-0.05349801876431278,0.13025383337294194,,
difference,avgmonth_tmp,-0.053483376453937095,0.16820407453154754,,
sieve,avgmonth_tmp,-0.053434970425558115,0.3209917232724125,,
wail,avgmonth_tmp,-0.053307082430444276,NA,Model convergence problem; non-positive-definite Hessian matrix. See vignette('troubleshooting'),
spy,avgmonth_tmp,-0.05320590107044299,0.17832840511905204,,
disorder,avgmonth_tmp,-0.053028045826774534,0.40655267820431523,,
proverb,avgmonth_tmp,-0.052931108590283715,0.46143381509107717,,
succession,avgmonth_tmp,-0.05253601288987706,0.42796628805085163,,
equivalent,avgmonth_tmp,-0.052240034134004576,0.20357369810153647,,
row,avgmonth_tmp,-0.05219853548928505,0.12544517906551733,,
weakness,avgmonth_tmp,-0.05216761971700966,0.30133623965619616,,
photograph,avgmonth_tmp,-0.05211118034492363,0.34809681070572396,,
kid,avgmonth_tmp,-0.05169085796243415,0.44730735793866855,,
fountain,avgmonth_tmp,-0.05165076885810917,0.4346503410087155,,
chair,avgmonth_tmp,-0.051284001033373314,0.24010292089179916,,
fight,avgmonth_tmp,-0.051219898411674805,0.08668294623302862,,
measles,avgmonth_tmp,-0.050712742768592965,0.3410161535801115,,
sight,avgmonth_tmp,-0.05057578048126406,0.21306957834598697,,
question,avgmonth_tmp,-0.05045855807284134,0.08388186174004006,,
sweat,avgmonth_tmp,-0.05041595055407695,0.16064569608664436,,
papa,avgmonth_tmp,-0.050133029748884575,0.6730980803895584,,
resident,avgmonth_tmp,-0.04993442540868369,0.3857048900539439,,
stink,avgmonth_tmp,-0.04993289578772166,0.30622832250846466,,
breeze,avgmonth_tmp,-0.049597947375878575,0.26669251660277227,,
funnel,avgmonth_tmp,-0.0495680991495108,0.37693858889117626,,
advantage,avgmonth_tmp,-0.04917714652884697,0.3862749463445711,,
load,avgmonth_tmp,-0.04870038230182989,0.18915164319594918,,
foundation,avgmonth_tmp,-0.04867238621434105,0.3153028813565482,,
wit,avgmonth_tmp,-0.048670826593841685,0.4438787787740723,,
force,avgmonth_tmp,-0.048623565553100524,0.14925626606066997,,
test,avgmonth_tmp,-0.048616515987791785,0.22586276352717946,,
interior,avgmonth_tmp,-0.048450453136572105,0.4702862391843169,,
gentleman,avgmonth_tmp,-0.048356283903337134,0.5258863208175649,,
wilderness,avgmonth_tmp,-0.048342560797712326,0.4379990165428105,,
breath,avgmonth_tmp,-0.04811607480199089,0.051873544264578325,,
roar,avgmonth_tmp,-0.04802842005730181,0.3450933109914984,,
fort,avgmonth_tmp,-0.04801197333520921,0.5276782923217459,,
strip,avgmonth_tmp,-0.04771948794609282,0.24928911468009035,,
chase,avgmonth_tmp,-0.047652010310287166,0.30023782210708827,,
curtain,avgmonth_tmp,-0.047533059731489316,0.4076296605869306,,
swell,avgmonth_tmp,-0.04726346777010311,0.17606580675115854,,
quiver,avgmonth_tmp,-0.04720511732428054,0.3426748645104195,,
cup,avgmonth_tmp,-0.04718973225529304,0.16047958985177296,,
mold,avgmonth_tmp,-0.0470542911670647,0.29011750857591856,,
oven,avgmonth_tmp,-0.046957379982910975,0.5507734570702318,,
direction,avgmonth_tmp,-0.04692149264772195,0.20438859498121414,,
furniture,avgmonth_tmp,-0.046696310490831304,0.46475874836178765,,
chip,avgmonth_tmp,-0.046671623178742565,NA,Model convergence problem; non-positive-definite Hessian matrix. See vignette('troubleshooting'),
compensation,avgmonth_tmp,-0.04599383650385558,0.5476544131442068,,
dive,avgmonth_tmp,-0.04580865237037416,0.38642303091797814,,
rut,avgmonth_tmp,-0.045709032750339676,0.5152008295811458,,
jack,avgmonth_tmp,-0.045575615961188906,0.5285997734905676,,
diet,avgmonth_tmp,-0.045312573194246995,0.505394293554059,,
surprise,avgmonth_tmp,-0.04529673790280672,0.2670279394740515,,
concern,avgmonth_tmp,-0.045165771287395684,0.3590099388211438,,
thickness,avgmonth_tmp,-0.045084430450177015,0.35118799097987635,,
wind,avgmonth_tmp,-0.04487800215126923,0.09186882669486776,,
vowel,avgmonth_tmp,-0.04477197201062898,0.5821913194581024,,
spit,avgmonth_tmp,-0.04475131045073739,0.23190554285035528,,
office,avgmonth_tmp,-0.044718343142542104,0.5079869322514785,,
smear,avgmonth_tmp,-0.04463326420839168,0.43781080483955026,,
helper,avgmonth_tmp,-0.044577442821333184,NA,Model convergence problem; non-positive-definite Hessian matrix. See vignette('troubleshooting'),
decrease,avgmonth_tmp,-0.04445809626694683,0.376437191289891,,
consumption,avgmonth_tmp,-0.04445566921103165,0.38872124777607253,,
ward,avgmonth_tmp,-0.044404700914530776,0.39868648098402426,,
plunge,avgmonth_tmp,-0.04420949357639227,0.4578629848767804,,
tattoo,avgmonth_tmp,-0.044017502964324585,0.6116765136983165,,
bladder,avgmonth_tmp,-0.043779056796662046,0.2799929315442169,,
experience,avgmonth_tmp,-0.04365440187438571,0.2936503989295036,,
horn,avgmonth_tmp,-0.043381420372738705,0.2300042301399469,,
event,avgmonth_tmp,-0.043199101571419984,0.33716977832597095,,
moment,avgmonth_tmp,-0.043109911422207485,0.37902973094127196,,
air,avgmonth_tmp,-0.04299632917296401,0.18603723488010465,,
peep,avgmonth_tmp,-0.04287463244959196,0.49676116309100854,,
rag,avgmonth_tmp,-0.04275840144838251,0.3767105997772843,,
scoop,avgmonth_tmp,-0.042594283218585195,0.4932546042642257,,
gun,avgmonth_tmp,-0.04256867862835745,0.3760362008900209,,
imitation,avgmonth_tmp,-0.04235206648163796,0.4684772852226597,,
incline,avgmonth_tmp,-0.04227890215993941,0.49882689869639735,,
grate,avgmonth_tmp,-0.04214388430609848,0.5213989564591437,,
passenger,avgmonth_tmp,-0.042049290205513394,0.5786914213854484,,
disk,avgmonth_tmp,-0.04202563795218322,0.5275545745506143,,
approach,avgmonth_tmp,-0.04198060142784437,0.22247651137415814,,
author,avgmonth_tmp,-0.041864508542945135,0.44401956696312095,,
moth,avgmonth_tmp,-0.041817314976539594,0.3384694255968595,,
wound,avgmonth_tmp,-0.04157788385413748,0.21759235442944005,,
value,avgmonth_tmp,-0.041554103988238784,0.28521507472374896,,
expectation,avgmonth_tmp,-0.04154828732352308,0.4166030562685326,,
trick,avgmonth_tmp,-0.041399243335242884,0.42357825840751534,,
west,avgmonth_tmp,-0.041239774941479686,0.34136204139711424,,
source,avgmonth_tmp,-0.04085781343313522,NA,Model convergence problem; non-positive-definite Hessian matrix. See vignette('troubleshooting'),
salary,avgmonth_tmp,-0.040813998278079466,0.5882248977806156,,
curve,avgmonth_tmp,-0.04065440241229859,0.4057450306285499,,
burden,avgmonth_tmp,-0.04056456173530274,0.4522799712633882,,
confidence,avgmonth_tmp,-0.0404229689574694,0.3932022860931208,,
insult,avgmonth_tmp,-0.040399031952468106,0.41871366468824184,,
scrub,avgmonth_tmp,-0.04025479290802057,0.5679785288548896,,
toy,avgmonth_tmp,-0.04016831550401683,0.4085035433267029,,
filter,avgmonth_tmp,-0.040093186223046966,0.5051357352937806,,
offense,avgmonth_tmp,-0.040069003361698,0.3901122119708662,,
exercise,avgmonth_tmp,-0.040064947418688636,0.45292469568833804,,
net,avgmonth_tmp,-0.04000657624533992,0.6516204979092776,,
sympathy,avgmonth_tmp,-0.039979679244718555,0.49428063071478023,,
paddle,avgmonth_tmp,-0.03990445552839686,0.609949105344525,,
grandchild,avgmonth_tmp,-0.03982375347015371,0.5577360411054127,,
console,avgmonth_tmp,-0.03978504777893089,0.4719323079383911,,
rust,avgmonth_tmp,-0.039757938557084885,0.2527339834281035,,
discussion,avgmonth_tmp,-0.03950753750219426,0.31641946449905867,,
frame,avgmonth_tmp,-0.03919204360157039,0.33589613528785134,,
attack,avgmonth_tmp,-0.03904269984172806,0.3276243714805345,,
hawk,avgmonth_tmp,-0.038823197367286795,0.4125818864469359,,
vegetation,avgmonth_tmp,-0.03852192514319677,0.5578356813472475,,
danger,avgmonth_tmp,-0.03850199488366446,0.4122403389351942,,
category,avgmonth_tmp,-0.03842043358334735,0.5892604704739828,,
warp,avgmonth_tmp,-0.03832153281294207,0.6320075317225029,,
cardinal,avgmonth_tmp,-0.03782102143127203,0.6068623147331869,,
chick,avgmonth_tmp,-0.03710068395832078,0.6225820018338849,,
difficulty,avgmonth_tmp,-0.03678445531076025,0.34437482650341394,,
ion,avgmonth_tmp,-0.03677006710530092,0.6864422892574843,,
disturbance,avgmonth_tmp,-0.036508446098457346,0.5156946191441397,,
corner,avgmonth_tmp,-0.03650420050239762,0.19945178627545115,,
rooster,avgmonth_tmp,-0.036325632334557705,0.7306372636828349,,
murder,avgmonth_tmp,-0.036140162992493244,0.4359659933784964,,
soot,avgmonth_tmp,-0.036136725810615986,0.48372328276413296,,
crowd,avgmonth_tmp,-0.035978899624247336,0.4253157933980374,,
fold,avgmonth_tmp,-0.03552638760862115,0.286886223509705,,
clothes,avgmonth_tmp,-0.03533357689422519,0.3240696078540987,,
tongs,avgmonth_tmp,-0.0349909111238406,0.5509784728318602,,
prey,avgmonth_tmp,-0.034825618726622806,0.5069901302739059,,
mail,avgmonth_tmp,-0.0347507215123586,0.58587159148274,,
bank,avgmonth_tmp,-0.03474034741996079,0.31594665170299707,,
expense,avgmonth_tmp,-0.03468858304647524,0.6185990487491483,,
description,avgmonth_tmp,-0.03444419281929925,0.5122803729942279,,
rule,avgmonth_tmp,-0.0344071183338224,0.44760566720934186,,
bug,avgmonth_tmp,-0.0342393058994533,NA,Model convergence problem; non-positive-definite Hessian matrix. See vignette('troubleshooting'),
rumor,avgmonth_tmp,-0.03413391640521671,0.49034898912844543,,
foam,avgmonth_tmp,-0.03397230442624532,NA,,Model convergence problem; non-positive-definite Hessian matrix. See vignette('troubleshooting')
esteem,avgmonth_tmp,-0.033967663030283396,0.6288797475890605,,
harmony,avgmonth_tmp,-0.033781107453177736,0.633250692080909,,
flank,avgmonth_tmp,-0.03377988102544539,0.534291769011728,,
forest,avgmonth_tmp,-0.03375381601276804,0.5536478261385751,,
collection,avgmonth_tmp,-0.033639153659001206,0.5371308074676846,,
doorway,avgmonth_tmp,-0.03287898800061347,0.6445138358224416,,
minute,avgmonth_tmp,-0.032330986578345496,0.5301498990416713,,
vein,avgmonth_tmp,-0.032198163955283826,0.31517139514822157,,
spine,avgmonth_tmp,-0.03211786064286113,0.516591213846283,,
disgust,avgmonth_tmp,-0.03209290624986532,0.5631052541643934,,
pottery,avgmonth_tmp,-0.03197975727626394,0.6662026076245264,,
encouragement,avgmonth_tmp,-0.031494370568281756,0.5300209299665802,,
distance,avgmonth_tmp,-0.031416931032786075,0.29121116450942836,,
shield,avgmonth_tmp,-0.03126965434991676,0.5768492893357955,,
design,avgmonth_tmp,-0.031218170376458774,NA,Model convergence problem; non-positive-definite Hessian matrix. See vignette('troubleshooting'),Model convergence problem; non-positive-definite Hessian matrix. See vignette('troubleshooting')
rest,avgmonth_tmp,-0.0311937260488009,0.18448116423808678,,
ease,avgmonth_tmp,-0.031087491533090678,0.4996081011383417,,
bath,avgmonth_tmp,-0.03094146499813451,0.6065578647247978,,
tie,avgmonth_tmp,-0.030698977563833742,0.3340921194379097,,
partner,avgmonth_tmp,-0.03050521410023392,0.5259628998951263,,
greed,avgmonth_tmp,-0.03050407711339458,0.63947921715072,,
operation,avgmonth_tmp,-0.030341998690371044,0.6336814209034904,,
lid,avgmonth_tmp,-0.03005522435865356,0.4711584344511545,,
rib,avgmonth_tmp,-0.03001750379757993,0.41877635132243674,,
horizon,avgmonth_tmp,-0.02970157212572949,NA,,Model convergence problem; non-positive-definite Hessian matrix. See vignette('troubleshooting')
wink,avgmonth_tmp,-0.02951535515580978,0.4669833072609517,,
group,avgmonth_tmp,-0.029359467274984247,0.5623931640378728,,
guide,avgmonth_tmp,-0.029331402699067047,0.44717210413191,,
muscle,avgmonth_tmp,-0.029261968068382164,0.5017820495906937,,
cent,avgmonth_tmp,-0.028810380535954718,0.714951454322271,,
ghost,avgmonth_tmp,-0.028766251071632082,0.5294441495406512,,
stripe,avgmonth_tmp,-0.028624971311341497,0.6213582305009338,,
cattle,avgmonth_tmp,-0.028607564428994738,0.6592972018375599,,
fart,avgmonth_tmp,-0.028368168365480874,0.6757141003197109,,
bone,avgmonth_tmp,-0.028309297048736196,0.3688894963358908,,
country,avgmonth_tmp,-0.028167289741847196,0.5203402621929305,,
doll,avgmonth_tmp,-0.027874691209267645,0.614642888616944,,
lung,avgmonth_tmp,-0.02786134081071377,0.48201162491509153,,
aim,avgmonth_tmp,-0.027812014393762637,0.4793848027685069,,
story,avgmonth_tmp,-0.02781088987225372,NA,Model convergence problem; non-positive-definite Hessian matrix. See vignette('troubleshooting'),Model convergence problem; non-positive-definite Hessian matrix. See vignette('troubleshooting')
reality,avgmonth_tmp,-0.027754356423339285,0.6245955931167435,,
failure,avgmonth_tmp,-0.02771943691784127,0.6541729344196844,,
rudder,avgmonth_tmp,-0.027686136879951712,0.6641017213762741,,
weed,avgmonth_tmp,-0.02765116400312843,0.601664842303703,,
epidemic,avgmonth_tmp,-0.027606505143260053,0.6415785064365246,,
divorce,avgmonth_tmp,-0.027451616167218276,0.6329879228168601,,
mile,avgmonth_tmp,-0.027234845480935622,0.672126209081858,,
skin,avgmonth_tmp,-0.027160537945292464,0.38642109780475203,,
litter,avgmonth_tmp,-0.026991579058816863,0.6427240031223056,,
grammar,avgmonth_tmp,-0.026239059692365577,NA,Model convergence problem; non-positive-definite Hessian matrix. See vignette('troubleshooting'),
grant,avgmonth_tmp,-0.026015620736113416,0.6269878492113076,,
contact,avgmonth_tmp,-0.025827679208418976,0.5386721669848017,,
gamble,avgmonth_tmp,-0.025639492592395795,0.7491909032947068,,
examination,avgmonth_tmp,-0.02555741684178958,0.7323436341905817,,
slaughter,avgmonth_tmp,-0.025360206232295398,0.6329590685730446,,
beast,avgmonth_tmp,-0.024943863289054326,0.7057971269608656,,
gland,avgmonth_tmp,-0.024908280330387954,0.6677424271808667,,
straw,avgmonth_tmp,-0.02474493420894952,0.6747432815497998,,
span,avgmonth_tmp,-0.024682340139448717,0.7052317555661347,,
skirt,avgmonth_tmp,-0.024274988219002005,0.6658476359011065,,
tailor,avgmonth_tmp,-0.02423556850951442,0.6735822791265449,,
bond,avgmonth_tmp,-0.02421503720226347,0.6965487170079584,,
anchor,avgmonth_tmp,-0.024209064110824983,0.742969809613206,,
impression,avgmonth_tmp,-0.024156638677468183,0.6561016895915166,,
book,avgmonth_tmp,-0.023869501096314617,0.5536858878803497,,
scent,avgmonth_tmp,-0.023697686147669515,0.5861654479807585,,
land,avgmonth_tmp,-0.02357971033913052,0.5036647772268447,,
interval,avgmonth_tmp,-0.023579324671909395,0.6934903930915848,,
appointment,avgmonth_tmp,-0.02342599532034842,0.7175480437461219,,
cure,avgmonth_tmp,-0.023113784673434022,0.587797786623927,,
rum,avgmonth_tmp,-0.02309792408566259,0.8004862934589004,,
consent,avgmonth_tmp,-0.023062222880228748,0.6484254155244934,,
series,avgmonth_tmp,-0.023033914929926187,0.704673276120362,,
hiss,avgmonth_tmp,-0.022989221504222633,0.6806284217733545,,
flow,avgmonth_tmp,-0.022641356510841783,0.5089820012147422,,
principle,avgmonth_tmp,-0.022397214894804136,0.736651304535202,,
thicket,avgmonth_tmp,-0.022269116333650932,0.7252119484417846,,
bite,avgmonth_tmp,-0.02209958347641621,0.49238329029533856,,
spin,avgmonth_tmp,-0.021917920351563785,0.6402145841946919,,
extremity,avgmonth_tmp,-0.021459230506539546,0.7551875607544036,,
knuckle,avgmonth_tmp,-0.021190444744783658,0.7581068893032465,,
crown,avgmonth_tmp,-0.020958790008052394,0.590913378498819,,
hen,avgmonth_tmp,-0.020853284180855528,0.6860586603735177,,
enclosure,avgmonth_tmp,-0.020841915311096484,0.6983238442327674,,
tile,avgmonth_tmp,-0.02081305062942345,0.7849879131642838,,
beard,avgmonth_tmp,-0.020695373237797576,0.5109707737502607,,
fat,avgmonth_tmp,-0.020570109989421,0.49945784779294555,,
nostril,avgmonth_tmp,-0.020155440623023956,0.6399875690682522,,
yard,avgmonth_tmp,-0.02009725524437194,0.6967366034194388,,
injection,avgmonth_tmp,-0.020093888699776675,0.7955459089462144,,
extent,avgmonth_tmp,-0.019843147903201807,0.676791570248772,,
squash,avgmonth_tmp,-0.019704706860265007,0.8081315168389125,,
mole,avgmonth_tmp,-0.019590424934036458,0.7886964430152964,,
opportunity,avgmonth_tmp,-0.01940816954213837,0.6712272416409495,,
bubble,avgmonth_tmp,-0.01937271354791837,0.6159792851551906,,
trough,avgmonth_tmp,-0.019237773419891132,0.7435993223828357,,
neighborhood,avgmonth_tmp,-0.0191388049614748,0.7709251789018192,,
louse,avgmonth_tmp,-0.019010738984292553,0.7359694096177636,,
divide,avgmonth_tmp,-0.018986269374362034,0.5629177981910544,,
desert,avgmonth_tmp,-0.018445229101897116,0.7061993016693996,,
donkey,avgmonth_tmp,-0.018364285409351103,0.8005716357144678,,
community,avgmonth_tmp,-0.01829601599292247,0.6311517072034237,,
forearm,avgmonth_tmp,-0.01818163552581404,0.815525645140811,,
pile,avgmonth_tmp,-0.018086921702395026,0.6234689983968696,,
beetle,avgmonth_tmp,-0.018085353915775336,0.7699049973645951,,
beam,avgmonth_tmp,-0.018064368252406336,0.716643343085855,,
encounter,avgmonth_tmp,-0.017950742368419603,0.6984566579449123,,
savior,avgmonth_tmp,-0.017894351945867155,0.7493529601763531,,
knee,avgmonth_tmp,-0.017860672943124208,0.5277466275554659,,
hymn,avgmonth_tmp,-0.017523323044583726,0.7995779695818639,,
flood,avgmonth_tmp,-0.01745241989947724,0.6366862587649855,,
bail,avgmonth_tmp,-0.01711788242926328,0.7708204447366799,,
plaster,avgmonth_tmp,-0.017034326028924105,0.7544114171741422,,
quake,avgmonth_tmp,-0.01674803081121715,NA,Model convergence problem; non-positive-definite Hessian matrix. See vignette('troubleshooting'),
ring,avgmonth_tmp,-0.016715350498946503,0.5546458699629527,,
second,avgmonth_tmp,-0.016595830068419117,0.5952147779916488,,
palate,avgmonth_tmp,-0.016574073796298626,0.7008594482082714,,
plum,avgmonth_tmp,-0.01630464993030761,0.8424174342378588,,
explanation,avgmonth_tmp,-0.016199770879712787,0.7371520871917493,,
dish,avgmonth_tmp,-0.016194609130538544,0.6907635314796019,,
deposit,avgmonth_tmp,-0.016070943874093767,0.7516423324978344,,
tom,avgmonth_tmp,-0.01604772512306699,0.8229690437977114,,
angle,avgmonth_tmp,-0.016045839332680546,0.7535011856149804,,
vision,avgmonth_tmp,-0.016036774175893675,0.5993021383410615,,
ache,avgmonth_tmp,-0.015979399692694747,0.7236305641126858,,
bell,avgmonth_tmp,-0.01593399490692289,0.694071201768996,,
cart,avgmonth_tmp,-0.01584672225418674,0.8157827222442982,,
consideration,avgmonth_tmp,-0.015808520222678226,0.7695587956081694,,
grief,avgmonth_tmp,-0.015501168052095622,0.7900805561646133,,
spell,avgmonth_tmp,-0.015485466774826727,0.7794076128080445,,
interpretation,avgmonth_tmp,-0.015319656650346207,0.8282702835041121,,
player,avgmonth_tmp,-0.015097844003067526,0.8183961034562387,,
race,avgmonth_tmp,-0.01503429804336047,0.7133826645560338,,
perch,avgmonth_tmp,-0.014384197619799552,0.8417561098150791,,
account,avgmonth_tmp,-0.014364853959005082,0.7844995030522647,,
flash,avgmonth_tmp,-0.014265630591607192,0.6759119192842388,,
claw,avgmonth_tmp,-0.014097087871601603,0.7219130840310085,,
pig,avgmonth_tmp,-0.013955233548924478,0.8340060987588455,,
sum,avgmonth_tmp,-0.013918192538575961,0.8325911056559547,,
growth,avgmonth_tmp,-0.013897642526976357,0.7700786385079565,,
hospitality,avgmonth_tmp,-0.013842468136702642,0.823963225336623,,
veil,avgmonth_tmp,-0.013516263566476089,0.8462371290488098,,
harvest,avgmonth_tmp,-0.013465231013984426,0.8247776902572579,,
silence,avgmonth_tmp,-0.013453288380156775,0.7826451251174411,,
vehicle,avgmonth_tmp,-0.013427057564612911,0.8283874715196162,,
solution,avgmonth_tmp,-0.013242224935847403,0.8356323352452925,,
gravel,avgmonth_tmp,-0.013168320718847534,0.757119615827339,,
aid,avgmonth_tmp,-0.012974005719755342,NA,Model convergence problem; non-positive-definite Hessian matrix. See vignette('troubleshooting'),Model convergence problem; non-positive-definite Hessian matrix. See vignette('troubleshooting')
scum,avgmonth_tmp,-0.012958242439374186,0.812309107926251,,
utensil,avgmonth_tmp,-0.012897095744675876,0.8367344363133732,,
warrior,avgmonth_tmp,-0.012621357768685107,NA,Model convergence problem; non-positive-definite Hessian matrix. See vignette('troubleshooting'),Model convergence problem; non-positive-definite Hessian matrix. See vignette('troubleshooting')
loss,avgmonth_tmp,-0.012557254649047646,0.7952918090110553,,
stain,avgmonth_tmp,-0.01239951209458008,0.8158158155932503,,
shade,avgmonth_tmp,-0.012326405317910294,0.6661977630039219,,
symbol,avgmonth_tmp,-0.012112042602879831,NA,Model convergence problem; non-positive-definite Hessian matrix. See vignette('troubleshooting'),Model convergence problem; non-positive-definite Hessian matrix. See vignette('troubleshooting')
master,avgmonth_tmp,-0.012027009187794032,0.7709902596262579,,
conclusion,avgmonth_tmp,-0.011779863086352102,0.829299107732997,,
youth,avgmonth_tmp,-0.011701244999956405,0.7778924909558238,,
age,avgmonth_tmp,-0.011674752785574507,0.7087397129226012,,
transfer,avgmonth_tmp,-0.011540862946599794,0.8427858335103459,,
quarter,avgmonth_tmp,-0.011274885182898558,0.8008461546233494,,
river,avgmonth_tmp,-0.01120599451693588,0.8171451777287576,,
pledge,avgmonth_tmp,-0.010900053687138325,0.866737363160126,,
credit,avgmonth_tmp,-0.010790399472734443,0.869765981278842,,
comfort,avgmonth_tmp,-0.010670373860065882,0.8321035050293281,,
bottle,avgmonth_tmp,-0.010588925076207744,0.7881843061754333,,
edge,avgmonth_tmp,-0.010515834607591167,0.7376776153935493,,
voice,avgmonth_tmp,-0.010489406051153363,0.7340098948128524,,
assistance,avgmonth_tmp,-0.010264412304350674,0.8182780912560429,,
oath,avgmonth_tmp,-0.009948712614377905,0.8507436521752982,,
process,avgmonth_tmp,-0.009554050311633255,0.8104168900955558,,
speaker,avgmonth_tmp,-0.009361931341728707,0.8590967566787151,,
error,avgmonth_tmp,-0.009284197833507674,0.8537519881285632,,
island,avgmonth_tmp,-0.009236859596828701,0.9039783446838119,,
capital,avgmonth_tmp,-0.00897185048435998,0.8840627886755148,,
contraction,avgmonth_tmp,-0.008889718351408024,0.8870891174754048,,
skill,avgmonth_tmp,-0.008658429583781208,0.8547872715797755,,
bin,avgmonth_tmp,-0.008643211032850042,0.9233370091977402,,
search,avgmonth_tmp,-0.00861689342710721,0.7895595300923506,,
ointment,avgmonth_tmp,-0.00836864881009691,0.8515195560038249,,
size,avgmonth_tmp,-0.008339405887706063,0.8076978547553585,,
carrier,avgmonth_tmp,-0.007895116580473068,0.8897684628845351,,
justice,avgmonth_tmp,-0.007873663572815319,0.8924623054058106,,
household,avgmonth_tmp,-0.007757678667970836,0.8763157889033716,,
waste,avgmonth_tmp,-0.0077368892082204255,0.8448305231394154,,
security,avgmonth_tmp,-0.007721332909589533,0.8968095271715345,,
inch,avgmonth_tmp,-0.007671511317084143,0.9095387943510809,,
province,avgmonth_tmp,-0.007601912258081402,0.9246934183989096,,
dislike,avgmonth_tmp,-0.007525326001636107,0.8307181863053128,,
violence,avgmonth_tmp,-0.006883455647848893,0.9219751555126218,,
adult,avgmonth_tmp,-0.006882994179366048,0.8927719326684634,,
comb,avgmonth_tmp,-0.006746685004287283,0.8683479248542142,,
war,avgmonth_tmp,-0.006678687549653284,0.874983668001664,,
appearance,avgmonth_tmp,-0.006626856417589898,0.8689771563953713,,
gender,avgmonth_tmp,-0.006549437399143757,0.9370643212436235,,
plot,avgmonth_tmp,-0.0064456500137325306,0.9037559979239331,,
feather,avgmonth_tmp,-0.006380153856729128,0.8475712874478483,,
courage,avgmonth_tmp,-0.006301915581992784,0.9062864031534514,,
swamp,avgmonth_tmp,-0.006252307688016721,0.9306428117151904,,
usage,avgmonth_tmp,-0.006178633631619939,0.9311453845140486,,
vinegar,avgmonth_tmp,-0.006093186040055483,0.93077490551354,,
decision,avgmonth_tmp,-0.006070839234279071,0.8926800787297042,,
nail,avgmonth_tmp,-0.005826712066061476,0.8366383844572486,,
cry,avgmonth_tmp,-0.00578202026386672,0.9278268943315267,,
topic,avgmonth_tmp,-0.005574762508689529,NA,,Model convergence problem; non-positive-definite Hessian matrix. See vignette('troubleshooting')
bowl,avgmonth_tmp,-0.005513110362429192,0.9084122966348621,,
fatigue,avgmonth_tmp,-0.00549718752095538,0.9214309869161812,,
street,avgmonth_tmp,-0.00527675258954731,0.9422425729423572,,
cord,avgmonth_tmp,-0.005167348880001265,0.9182038093765835,,
ownership,avgmonth_tmp,-0.00494139682211325,0.9210651337493599,,
rod,avgmonth_tmp,-0.004933722837803065,0.9253616808335124,,
envy,avgmonth_tmp,-0.004672431337118985,0.9279654782313963,,
loan,avgmonth_tmp,-0.004511964705289083,NA,Model convergence problem; non-positive-definite Hessian matrix. See vignette('troubleshooting'),Model convergence problem; non-positive-definite Hessian matrix. See vignette('troubleshooting')
arm,avgmonth_tmp,-0.004481947109638381,0.868422456038309,,
grace,avgmonth_tmp,-0.004385652966069922,0.9276635653943772,,
noise,avgmonth_tmp,-0.004137084399585467,0.9013284042950416,,
request,avgmonth_tmp,-0.004044777015870949,0.9152885996253355,,
pen,avgmonth_tmp,-0.003996041395227044,0.9412291243641916,,
dot,avgmonth_tmp,-0.0037744647903480283,0.949764798257688,,
breathing,avgmonth_tmp,-0.0033456303084141745,0.9331374291215091,,
pause,avgmonth_tmp,-0.0029213378529087085,0.9627185337393848,,
shower,avgmonth_tmp,-0.0027906855366053316,0.9531991290003458,,
occupation,avgmonth_tmp,-0.0025830883166033805,0.9634873288871706,,
width,avgmonth_tmp,-0.002366616233407594,0.9609224934533744,,
advice,avgmonth_tmp,-0.002328888553797198,0.9526342090135964,,
screen,avgmonth_tmp,-0.002302760609827346,0.9722093578678462,,
east,avgmonth_tmp,-0.002175811116741917,0.9606670019247187,,
association,avgmonth_tmp,-0.0021740296344023727,0.9679628981181719,,
wheel,avgmonth_tmp,-0.0020752743352729116,0.9611617517458106,,
seat,avgmonth_tmp,-0.001743917753366528,0.9586815390402474,,
rubbish,avgmonth_tmp,-0.0017120222809644174,0.9752982038853276,,
pit,avgmonth_tmp,-0.0017084680474265387,0.9675757205224496,,
item,avgmonth_tmp,-0.0016549127440415741,0.9779195543961517,,
application,avgmonth_tmp,-0.0015878104520095243,0.9791980459425625,,
distinction,avgmonth_tmp,-0.0011551939528591426,0.9809831626456784,,
region,avgmonth_tmp,-0.0010996768918500005,NA,Model convergence problem; non-positive-definite Hessian matrix. See vignette('troubleshooting'),Model convergence problem; non-positive-definite Hessian matrix. See vignette('troubleshooting')
sponge,avgmonth_tmp,-0.0010872009235799243,0.9880531186355055,,
inheritance,avgmonth_tmp,-9.966990670534604e-4,0.9858875369694405,,
owl,avgmonth_tmp,-5.636990658891341e-4,0.989304013843318,,
trumpet,avgmonth_tmp,-5.23643062889908e-4,0.9923110587319949,,
bum,avgmonth_tmp,-2.5928682840786857e-4,NA,Model convergence problem; non-positive-definite Hessian matrix. See vignette('troubleshooting'),
decay,avgmonth_tmp,-1.9690003534795426e-4,0.9969040366774647,,
cave,avgmonth_tmp,5.091904071790613e-4,0.9904471747067733,,
chant,avgmonth_tmp,6.554189104676635e-4,0.9939057968018398,,
aspect,avgmonth_tmp,7.773130393634825e-4,0.9919707730075897,,
temptation,avgmonth_tmp,8.52325485520013e-4,0.988162976231684,,
traveler,avgmonth_tmp,0.0013977813012967962,0.977970088562414,,
purchase,avgmonth_tmp,0.0014663728634458566,0.9759521136403023,,
expert,avgmonth_tmp,0.0018916539567325331,0.9742026603034551,,
nature,avgmonth_tmp,0.0020108944328208183,0.9689883655957476,,
smallpox,avgmonth_tmp,0.0020154694321627277,0.9769839549361617,,
defect,avgmonth_tmp,0.0021187846881478194,0.9699462737086006,,
trap,avgmonth_tmp,0.002220162890664761,0.9639473694507256,,
liver,avgmonth_tmp,0.0029944881652829124,0.9366157549194266,,
study,avgmonth_tmp,0.003542165099165778,0.9463418043067785,,
hoe,avgmonth_tmp,0.00373796666335385,0.9590285846122208,,
friction,avgmonth_tmp,0.003799024501955954,0.9419864107183537,,
witness,avgmonth_tmp,0.0038764518104347488,0.9285725248022132,,
contract,avgmonth_tmp,0.0040029166716472235,0.9370374330757404,,
building,avgmonth_tmp,0.004023914959291167,0.9085357850853,,
agreement,avgmonth_tmp,0.004156222988251269,0.9216351964687769,,
position,avgmonth_tmp,0.004202729724451991,0.908216663645028,,
dung,avgmonth_tmp,0.004307609858894888,0.9407075921794731,,
origin,avgmonth_tmp,0.0043388314890931545,0.9247266700063618,,
tone,avgmonth_tmp,0.004589156307720486,0.9611440618425569,,
command,avgmonth_tmp,0.0046003126154685325,0.9160679903239044,,
robe,avgmonth_tmp,0.004637293705572059,0.9515010015704932,,
shape,avgmonth_tmp,0.004871328997155425,0.8733779099198398,,
ally,avgmonth_tmp,0.005075830088059432,0.944322905540835,,
sip,avgmonth_tmp,0.005202350376434289,0.9339012347713644,,
meal,avgmonth_tmp,0.005218930019177067,0.9027620844225219,,
scissors,avgmonth_tmp,0.005364989774149768,0.8953138767438923,,
intention,avgmonth_tmp,0.005456238696682232,0.9104310297862755,,
glow,avgmonth_tmp,0.005477047819081352,0.9282622013923136,,
patience,avgmonth_tmp,0.005809261149198035,0.9107630044642343,,
heap,avgmonth_tmp,0.005842886488372385,0.9109701695590218,,
mercy,avgmonth_tmp,0.00589247380526297,0.9070932511042143,,
bush,avgmonth_tmp,0.0059706002126546035,0.9172505685736209,,
madness,avgmonth_tmp,0.006072212827673479,0.9199351947806967,,
clause,avgmonth_tmp,0.006679515151300423,0.9425510183784945,,
farewell,avgmonth_tmp,0.006699846702672212,0.9152972798323624,,
creature,avgmonth_tmp,0.006895197131235321,0.8619891606385478,,
rank,avgmonth_tmp,0.006921319413292749,0.9151273788363239,,
soap,avgmonth_tmp,0.006962945940912484,0.8796333712889115,,
token,avgmonth_tmp,0.006985263141017334,0.9109321193625185,,
depression,avgmonth_tmp,0.007003909714443598,0.8622253954561773,,
quarrel,avgmonth_tmp,0.007303049884859304,0.8597017927020004,,
victim,avgmonth_tmp,0.007414408514855369,0.9050879490841846,,
absence,avgmonth_tmp,0.007479832098769411,0.8780077958544652,,
daybreak,avgmonth_tmp,0.0074839708744701,0.8743492354737679,,
bull,avgmonth_tmp,0.007651581259358613,0.8878303611285475,,
effect,avgmonth_tmp,0.007874579426617916,0.8469545705750116,,
accusation,avgmonth_tmp,0.00798021867342214,0.8843697048661867,,
figure,avgmonth_tmp,0.008106093497931956,0.8805080388103043,,
capacity,avgmonth_tmp,0.008284754895825672,0.8676875045067602,,
flame,avgmonth_tmp,0.008524550581929623,NA,Model convergence problem; non-positive-definite Hessian matrix. See vignette('troubleshooting'),
blister,avgmonth_tmp,0.00874748644251627,0.8533482700643669,,
influence,avgmonth_tmp,0.008997266657959883,0.8516874310788901,,
tag,avgmonth_tmp,0.009025931436056617,0.9129778222554499,,
judge,avgmonth_tmp,0.009297933558969865,0.8365074380791748,,
atmosphere,avgmonth_tmp,0.00934718739581968,0.8898857887922502,,
widower,avgmonth_tmp,0.00940310140305378,0.8659964625810078,,
music,avgmonth_tmp,0.009461731778969936,0.8749210748646823,,
gate,avgmonth_tmp,0.009472488664452668,0.8738840241772091,,
tooth,avgmonth_tmp,0.009794349790999515,0.7532708086839622,,
salute,avgmonth_tmp,0.009852637359741859,0.882972177335346,,
wrath,avgmonth_tmp,0.009905575357531227,0.8764690569858086,,
wire,avgmonth_tmp,0.01000332483321967,0.8320407606152321,,
substitute,avgmonth_tmp,0.010318980075137778,0.841370602606521,,
lament,avgmonth_tmp,0.010425789933672241,0.8685438432201111,,
diamond,avgmonth_tmp,0.010511991106695687,0.8690173435006017,,
victory,avgmonth_tmp,0.010662832578979336,0.8579543827101829,,
delight,avgmonth_tmp,0.010685394668947959,0.8759557060416798,,
liar,avgmonth_tmp,0.010769166894810582,0.8039236065396148,,
sky,avgmonth_tmp,0.01087430353023836,0.7638728938598847,,
boar,avgmonth_tmp,0.010887238973339378,0.8735610470335096,,
relationship,avgmonth_tmp,0.01090788357671951,0.8158351561938831,,
chapter,avgmonth_tmp,0.010976005762237824,0.8808192349111994,,
feeling,avgmonth_tmp,0.011218322443338364,0.7695486187637308,,
road,avgmonth_tmp,0.011309213728873061,0.7307312150289065,,
sunlight,avgmonth_tmp,0.011539031261138179,0.8575185618573329,,
stone,avgmonth_tmp,0.01166575200818883,0.7343456921163142,,
pebble,avgmonth_tmp,0.011879537717703989,0.7817159130955471,,
moisture,avgmonth_tmp,0.012076865889859035,0.8283420116324649,,
nose,avgmonth_tmp,0.012229483367624444,0.6716354965186803,,
narrative,avgmonth_tmp,0.012265848484656975,0.7987346840406376,,
dust,avgmonth_tmp,0.012458342264399581,0.6343767935697375,,
jealousy,avgmonth_tmp,0.012526729524041443,0.7927300416445869,,
message,avgmonth_tmp,0.0126212186744939,0.747896605513069,,
beginning,avgmonth_tmp,0.01263891644560885,0.7007804762718477,,
burrow,avgmonth_tmp,0.012711300022156573,0.8652060249049096,,
mustard,avgmonth_tmp,0.012736485244069935,0.8541434309813947,,
pad,avgmonth_tmp,0.013012412197964604,0.8242513170138819,,
morning,avgmonth_tmp,0.01309723089742527,0.6354331574737446,,
wing,avgmonth_tmp,0.013105365714981835,0.652098562731353,,
astonishment,avgmonth_tmp,0.01326798908109705,0.8267308780043462,,
court,avgmonth_tmp,0.013318893680638488,0.7909956539446951,,
hatred,avgmonth_tmp,0.01335191214428314,0.7975392079136384,,
division,avgmonth_tmp,0.013388411493397723,0.8109535952133002,,
leg,avgmonth_tmp,0.013485461336267256,0.6719288631689329,,
una,avgmonth_tmp,0.013841524621791473,0.8855580119143012,,
tendon,avgmonth_tmp,0.014007878067589113,0.8068866390448073,,
whirlpool,avgmonth_tmp,0.014034822074443558,0.8073644413560499,,
tail,avgmonth_tmp,0.014184034874933605,0.6327472225793679,,
pair,avgmonth_tmp,0.0141958934137386,0.7061628534569779,,
garden,avgmonth_tmp,0.014268859311582375,0.801230620880891,,
fungus,avgmonth_tmp,0.014280560307916971,0.8401495001028498,,
milk,avgmonth_tmp,0.01430059277636176,0.7225900579241938,,
heart,avgmonth_tmp,0.014333720328410925,0.6812026343440288,,
future,avgmonth_tmp,0.014359051448780568,0.7108139171101967,,
yawn,avgmonth_tmp,0.014797345904748774,0.7218146678929581,,
reproach,avgmonth_tmp,0.014976720727873016,0.8402459959361867,,
drought,avgmonth_tmp,0.015100697533734577,0.8062635262279768,,
scale,avgmonth_tmp,0.015433611806915378,0.6363165609477526,,
blade,avgmonth_tmp,0.015547506549336681,0.7140320372958028,,
tax,avgmonth_tmp,0.015586383333615226,0.7908968041707416,,
function,avgmonth_tmp,0.015659927978883503,0.7487109641058425,,
reference,avgmonth_tmp,0.01568117552022184,0.7798044497153208,,
thunder,avgmonth_tmp,0.0160112761928929,0.5974059350990291,,
abortion,avgmonth_tmp,0.016245862309771923,0.7580847745138155,,
mallet,avgmonth_tmp,0.01642425829769812,0.7791566183603539,,
fee,avgmonth_tmp,0.01657467572811472,0.8211928252389953,,
motion,avgmonth_tmp,0.0167316587698338,0.7599364546421858,,
bachelor,avgmonth_tmp,0.016782727029768883,0.7545155675832829,,
patient,avgmonth_tmp,0.017030687232848476,0.7295564233765236,,
fragment,avgmonth_tmp,0.017129905989670208,0.7867454364116321,,
iron,avgmonth_tmp,0.01747754233298663,0.5518928858098727,,
relation,avgmonth_tmp,0.017583597724282012,0.6566497724723326,,
ignorance,avgmonth_tmp,0.017597895436908557,0.77300335742734,,
rebuke,avgmonth_tmp,0.017710803985197972,0.7876477882402332,,
vapor,avgmonth_tmp,0.01781002216945625,0.716871139305428,,
miracle,avgmonth_tmp,0.018067082425987046,0.7598343412851176,,
elbow,avgmonth_tmp,0.01885745747120439,0.6132868873467774,,
responsibility,avgmonth_tmp,0.018885389043150024,0.7587660740335992,,
shoulder,avgmonth_tmp,0.018888275555211602,0.5054312880522557,,
tar,avgmonth_tmp,0.019037473170000083,0.7890519067712657,,
rim,avgmonth_tmp,0.019050763921846955,NA,Model convergence problem; non-positive-definite Hessian matrix. See vignette('troubleshooting'),
garment,avgmonth_tmp,0.019416313128254137,0.7661180387368723,,
treasure,avgmonth_tmp,0.019517012193864137,0.758949671326037,,
midnight,avgmonth_tmp,0.01969193513347579,0.6617866414963746,,
grandfather,avgmonth_tmp,0.019849658732304005,0.6727409617288407,,
tip,avgmonth_tmp,0.019894150154371723,0.6013389794359577,,
thumb,avgmonth_tmp,0.019898350483641802,0.5831335794194984,,
slap,avgmonth_tmp,0.01995813535672646,0.6869427638752207,,
agent,avgmonth_tmp,0.01999196248180062,0.7686900149548962,,
soldier,avgmonth_tmp,0.02004050826665513,0.6406520470362534,,
filth,avgmonth_tmp,0.02008127253237448,0.7187022220496228,,
connection,avgmonth_tmp,0.02043790380949414,0.7292498412553502,,
grape,avgmonth_tmp,0.020806899583157058,0.7379880673000948,,
generation,avgmonth_tmp,0.020934493381055942,0.6552113509008836,,
custom,avgmonth_tmp,0.021029013940038102,0.5970033021687604,,
fern,avgmonth_tmp,0.021232251329496764,NA,Model convergence problem; non-positive-definite Hessian matrix. See vignette('troubleshooting'),Model convergence problem; non-positive-definite Hessian matrix. See vignette('troubleshooting')
earthquake,avgmonth_tmp,0.021411362398547292,0.636468525866987,,
tick,avgmonth_tmp,0.021805201218547822,0.7120454683539762,,
result,avgmonth_tmp,0.022070001611738322,0.5729008245253573,,
ball,avgmonth_tmp,0.022216165758631407,0.46406369990137647,,
hut,avgmonth_tmp,0.022836211892979148,0.7261505553353865,,
limit,avgmonth_tmp,0.0229911555915787,0.6473118793070471,,
unity,avgmonth_tmp,0.023102730478976208,0.716669386415778,,
mourning,avgmonth_tmp,0.023132609527491816,0.6848801344933712,,
gunpowder,avgmonth_tmp,0.02318045344164097,0.7386469672092926,,
emotion,avgmonth_tmp,0.023243720468629804,0.6817860901202558,,
ladder,avgmonth_tmp,0.023252290958182608,0.5573091282800807,,
bark,avgmonth_tmp,0.023312180739413983,0.5754216535178048,,
lip,avgmonth_tmp,0.023382700557904666,0.4360930146852642,,
queen,avgmonth_tmp,0.023696823306732322,0.5978664114698277,,
affair,avgmonth_tmp,0.023878800767939152,0.6954726806087499,,
battle,avgmonth_tmp,0.02417633637095387,0.6712615733285929,,
stomach,avgmonth_tmp,0.02445765391201326,0.49337330509213306,,
union,avgmonth_tmp,0.024573617817680464,0.7422448397635096,,
pole,avgmonth_tmp,0.024655911715001293,0.5459088427752307,,
chin,avgmonth_tmp,0.02493388707661678,0.5723568468225385,,
sleep,avgmonth_tmp,0.025529499464311513,0.2842880571120943,,
midst,avgmonth_tmp,0.02557174495434344,0.6667209197910282,,
fore,avgmonth_tmp,0.02563894855466165,0.7204199405082737,,
blood,avgmonth_tmp,0.025687306955585475,0.165674568389772,,
tide,avgmonth_tmp,0.02571552963192043,0.7889830389873043,,
wood,avgmonth_tmp,0.026026647322698094,0.4091586194050026,,
hunger,avgmonth_tmp,0.02605546132625961,0.48497772286511437,,
rainbow,avgmonth_tmp,0.026174410388985596,0.5647580218107688,,
refuge,avgmonth_tmp,0.026514432729951076,0.7003099595059137,,
theft,avgmonth_tmp,0.026789859497799058,0.5816819846772685,,
stage,avgmonth_tmp,0.027154746062084123,0.5657074811102832,,
knot,avgmonth_tmp,0.027449129847281414,0.4394640233684482,,
turkey,avgmonth_tmp,0.027614742105399017,0.7096281777707575,,
attention,avgmonth_tmp,0.027650179370078992,0.31110201713392754,,
shadow,avgmonth_tmp,0.027835726972077295,0.3203666011277591,,
egg,avgmonth_tmp,0.027881593570909958,0.3656344384879569,,
copper,avgmonth_tmp,0.028188948996569575,0.5603161225387099,,
son-in-law,avgmonth_tmp,0.028280893699970475,0.6110700466762728,,
indication,avgmonth_tmp,0.02872883312016334,NA,Model convergence problem; non-positive-definite Hessian matrix. See vignette('troubleshooting'),Model convergence problem; non-positive-definite Hessian matrix. See vignette('troubleshooting')
tube,avgmonth_tmp,0.029011823166016467,NA,Model convergence problem; non-positive-definite Hessian matrix. See vignette('troubleshooting'),Model convergence problem; non-positive-definite Hessian matrix. See vignette('troubleshooting')
lightning,avgmonth_tmp,0.029491734233941868,0.4289020030706144,,
trouble,avgmonth_tmp,0.02954357017308892,0.44671924533957486,,
remembrance,avgmonth_tmp,0.029632317556223742,0.6122741820485779,,
song,avgmonth_tmp,0.02968229373505623,0.4581480246643002,,
bastard,avgmonth_tmp,0.029873418108087257,0.5711233761259857,,
labor,avgmonth_tmp,0.029881503274336727,0.4735750751942123,,
eyelash,avgmonth_tmp,0.030030449412223967,NA,Model convergence problem; non-positive-definite Hessian matrix. See vignette('troubleshooting'),
trust,avgmonth_tmp,0.030047658754589413,0.5132628368669628,,
sex,avgmonth_tmp,0.030804071016040196,0.5480127355586006,,
government,avgmonth_tmp,0.030920312000799255,0.5698322780572047,,
one,avgmonth_tmp,0.030990856524714033,0.5667970904928663,,
cash,avgmonth_tmp,0.03109389132586116,0.6893879930179921,,
argument,avgmonth_tmp,0.031183554361510046,0.5280702213093286,,
taste,avgmonth_tmp,0.03148229128309134,0.2740228505934473,,
sibling,avgmonth_tmp,0.031500224040286164,0.8271291607023585,,
peer,avgmonth_tmp,0.031573935434842035,NA,,Model convergence problem; non-positive-definite Hessian matrix. See vignette('troubleshooting')
variant,avgmonth_tmp,0.03165533914676825,0.8300217271816535,,
tor,avgmonth_tmp,0.032055176231757014,0.6817648779384579,,
spear,avgmonth_tmp,0.0321150937274987,0.6027843151338356,,
fire,avgmonth_tmp,0.03217158178990569,0.23740090799681068,,
daughter-in-law,avgmonth_tmp,0.03244427592853788,0.5989806629927444,,
scholar,avgmonth_tmp,0.03254055723906958,0.5857647192721582,,
counsel,avgmonth_tmp,0.03256977111371862,0.6286851517324602,,
hatchet,avgmonth_tmp,0.03271411957821817,0.5874202522273025,,
settlement,avgmonth_tmp,0.03272155693103604,0.602605231286128,,
contempt,avgmonth_tmp,0.03274932641123634,0.6505920256036335,,
cycle,avgmonth_tmp,0.032860098968046134,0.7040126301189142,,
plate,avgmonth_tmp,0.032866746271579275,0.4172079384760054,,
emphasis,avgmonth_tmp,0.03323596336649676,0.4455137698546385,,
fingernail,avgmonth_tmp,0.033345050025481035,0.7095506128094813,,
freedom,avgmonth_tmp,0.03344563864134235,0.5530855516090261,,
surface,avgmonth_tmp,0.03359879029157906,0.43084406243513645,,
crush,avgmonth_tmp,0.03366603107258958,NA,Model convergence problem; non-positive-definite Hessian matrix. See vignette('troubleshooting'),
invitation,avgmonth_tmp,0.03370397715074244,0.5152855875332918,,
increase,avgmonth_tmp,0.03383150805262827,0.350136985870171,,
success,avgmonth_tmp,0.034565119164955284,0.44984643655415085,,
control,avgmonth_tmp,0.03456587708951467,0.45438924789071,,
wall,avgmonth_tmp,0.03465186651011121,0.2698541077884581,,
bulb,avgmonth_tmp,0.034788255977032535,0.5403327629774098,,
testimony,avgmonth_tmp,0.0348373455053017,0.5010121258763333,,
molar,avgmonth_tmp,0.0348804992403992,0.6049045949274409,,
like,avgmonth_tmp,0.03488700385686496,0.21767786439186282,,
tobacco,avgmonth_tmp,0.034981965599103375,0.49021009912155245,,
eyebrow,avgmonth_tmp,0.03501226469940431,0.42648379697388816,,
goodness,avgmonth_tmp,0.03510700825458417,0.44013533770503066,,
police,avgmonth_tmp,0.03547259368065546,NA,Model convergence problem; non-positive-definite Hessian matrix. See vignette('troubleshooting'),Model convergence problem; non-positive-definite Hessian matrix. See vignette('troubleshooting')
dirt,avgmonth_tmp,0.03555980508387205,0.28689005368922854,,
compassion,avgmonth_tmp,0.03568623143011431,0.5414068972183618,,
purpose,avgmonth_tmp,0.0356945156648399,0.2652266623826318,,
residence,avgmonth_tmp,0.03593993811900828,0.5122458829902397,,
cough,avgmonth_tmp,0.035961756599587814,0.29902288783770975,,
meter,avgmonth_tmp,0.036173902997152195,0.668637490477241,,
port,avgmonth_tmp,0.03622449283961146,0.6477179473281635,,
sheet,avgmonth_tmp,0.03636003119416637,0.3533301162115587,,
skull,avgmonth_tmp,0.0365456621365829,0.4663238163735632,,
caterpillar,avgmonth_tmp,0.03657235699513385,0.549630350428646,,
wedding,avgmonth_tmp,0.03662342323308218,0.6163835250472924,,
balance,avgmonth_tmp,0.03722968291151223,0.4558056991631953,,
caution,avgmonth_tmp,0.03742440187888601,0.4982360792837243,,
sorrow,avgmonth_tmp,0.037458005560983644,0.4740402198977792,,
lump,avgmonth_tmp,0.03764642360906267,0.44884645714528126,,
sake,avgmonth_tmp,0.03765923601804049,0.5041985495543849,,
complaint,avgmonth_tmp,0.03771182158681166,0.49771740289084965,,
strength,avgmonth_tmp,0.037728625643746884,0.2549841575300641,,
fist,avgmonth_tmp,0.03783390397781862,0.3234008802562085,,
expression,avgmonth_tmp,0.03796308787390717,NA,"Model convergence problem; singular convergence (7). See vignette('troubleshooting'), help('diagnose')",Model convergence problem; non-positive-definite Hessian matrix. See vignette('troubleshooting')
acquaintance,avgmonth_tmp,0.03806869176963678,0.4133465011712993,,
love,avgmonth_tmp,0.03826318680454964,0.19513069279855186,,
promise,avgmonth_tmp,0.03838101729832952,0.2766748783538147,,
limb,avgmonth_tmp,0.038432373367730026,0.4956808887082753,,
dispute,avgmonth_tmp,0.03892095670137993,0.4352067336132824,,
maker,avgmonth_tmp,0.039118540305934764,0.5053213402316473,,
suicide,avgmonth_tmp,0.03931194351452329,0.5132618507936129,,
clump,avgmonth_tmp,0.03939668930098948,0.6100197065300118,,
fin,avgmonth_tmp,0.03948779310486164,0.4925885309929921,,
poverty,avgmonth_tmp,0.03949277316875541,0.3934243203703706,,
yoke,avgmonth_tmp,0.03955674577089695,0.5896478644327813,,
height,avgmonth_tmp,0.03962670652317583,0.26183182454057197,,
diarrhea,avgmonth_tmp,0.04008353655770078,0.41154487358379893,,
share,avgmonth_tmp,0.04013018737807959,NA,Model convergence problem; non-positive-definite Hessian matrix. See vignette('troubleshooting'),
duty,avgmonth_tmp,0.04019219348280622,0.5096333958288161,,
friendship,avgmonth_tmp,0.04041611527983062,0.4373847254269011,,
marble,avgmonth_tmp,0.040481966412491154,0.6054506929596948,,
intestine,avgmonth_tmp,0.04055002405033717,0.3581315084661653,,
ash,avgmonth_tmp,0.04065303805027004,0.2750338405386462,,
joy,avgmonth_tmp,0.04086459183054602,0.40308337347153883,,
chain,avgmonth_tmp,0.04088584747397389,0.20404855180403933,,
rind,avgmonth_tmp,0.04112930484722901,0.5567555376644318,,
passage,avgmonth_tmp,0.04128097387034127,0.41543040763217565,,
sickle,avgmonth_tmp,0.0414869185657611,0.5442052811816092,,
guilt,avgmonth_tmp,0.04154819921210406,0.4881074734140497,,
feast,avgmonth_tmp,0.041873098505384496,0.4804441752742519,,
throat,avgmonth_tmp,0.04188783849428115,0.15065492675579192,,
keeper,avgmonth_tmp,0.04204872405808313,0.4969295951036135,,
method,avgmonth_tmp,0.04209608464904767,NA,Model convergence problem; non-positive-definite Hessian matrix. See vignette('troubleshooting'),Model convergence problem; non-positive-definite Hessian matrix. See vignette('troubleshooting')
nipple,avgmonth_tmp,0.04240273159943356,0.3116849689214515,,
marker,avgmonth_tmp,0.043088118678341614,0.7499467842356685,,
effort,avgmonth_tmp,0.043136421162713975,0.3178771594727603,,
tumor,avgmonth_tmp,0.04319167822639951,0.47865946282802463,,
parent,avgmonth_tmp,0.04336998033208964,0.2704584893623404,,
quality,avgmonth_tmp,0.04393320232377848,0.35475155858185464,,
pardon,avgmonth_tmp,0.04407506200031268,0.48968528811868495,,
depth,avgmonth_tmp,0.04407702048800438,0.2665707168679545,,
foreigner,avgmonth_tmp,0.044094368273173895,0.3788200418474292,,
crop,avgmonth_tmp,0.04424347399627477,0.34228341440033117,,
cow,avgmonth_tmp,0.04492530476145258,0.42946683528617574,,
eel,avgmonth_tmp,0.04545898925992574,0.5025896330711013,,
crime,avgmonth_tmp,0.045481323636353876,0.4546643312316353,,
fear,avgmonth_tmp,0.04551212237864186,0.15387351847259131,,
combination,avgmonth_tmp,0.045640462610103495,0.47404576586690633,,
anxiety,avgmonth_tmp,0.04568586685554961,0.4389509240465124,,
protection,avgmonth_tmp,0.045728340405808414,0.36870799566664547,,
inhabitant,avgmonth_tmp,0.04580473579766671,NA,Model convergence problem; non-positive-definite Hessian matrix. See vignette('troubleshooting'),
deed,avgmonth_tmp,0.04594867760842702,0.44281101860715355,,
presence,avgmonth_tmp,0.046109909696422036,0.2676974845845835,,
law,avgmonth_tmp,0.04624569212449289,0.3445994548100991,,
business,avgmonth_tmp,0.046375480372128984,0.43935069369011337,,
mix,avgmonth_tmp,0.047027941763935543,0.12310888055237174,,
length,avgmonth_tmp,0.047038345742403315,0.21047613957091452,,
ember,avgmonth_tmp,0.04717161345030263,0.4320021774247402,,
satisfaction,avgmonth_tmp,0.0472039865540602,0.3653839099599541,,
hunter,avgmonth_tmp,0.04744700785280334,0.3815755385359386,,
fishing,avgmonth_tmp,0.047518973136987594,0.4989299891615083,,
grave,avgmonth_tmp,0.04764640706074476,NA,Model convergence problem; non-positive-definite Hessian matrix. See vignette('troubleshooting'),
witch,avgmonth_tmp,0.047738233091640825,0.5400025658923479,,
entrance,avgmonth_tmp,0.047990824815354965,NA,,Model convergence problem; non-positive-definite Hessian matrix. See vignette('troubleshooting')
access,avgmonth_tmp,0.048125635392576215,0.38208239705309655,,
twig,avgmonth_tmp,0.04817789825199023,0.26846585541036766,,
status,avgmonth_tmp,0.04826588451478552,0.42739924645926375,,
cloud,avgmonth_tmp,0.048363191302829595,0.16621593891632166,,
hand,avgmonth_tmp,0.04873416743694173,0.02674366893622579,,
din,avgmonth_tmp,0.04875472269459523,0.58429793933807,,
likeness,avgmonth_tmp,0.04955588315701562,0.4199121755496569,,
belly,avgmonth_tmp,0.04997262803130328,0.2574839076486165,,
power,avgmonth_tmp,0.05045082610522664,0.2538693000308213,,
wrestling,avgmonth_tmp,0.050482544580823706,0.48480490122521186,,
nest,avgmonth_tmp,0.05072621206524759,0.20203499296644706,,
blindness,avgmonth_tmp,0.05093477165988932,0.38082544131375473,,
headache,avgmonth_tmp,0.051354118112164886,0.291176857773575,,
gift,avgmonth_tmp,0.05152396857563325,0.21232354591778468,,
pillow,avgmonth_tmp,0.05158567332720134,0.1486141627821541,,
midwife,avgmonth_tmp,0.0518379400676449,0.3589766197045825,,
dawn,avgmonth_tmp,0.05188750529044767,0.13856961394818945,,
stranger,avgmonth_tmp,0.05227032724090081,0.2360209241588344,,
weapon,avgmonth_tmp,0.052286392534526056,0.20875807327891366,,
jaw,avgmonth_tmp,0.05287218494946108,0.14610689895094547,,
army,avgmonth_tmp,0.05300926012303244,0.4316228172108695,,
sensation,avgmonth_tmp,0.05332512765277863,0.4058556236204155,,
weave,avgmonth_tmp,0.053472522147010204,0.2696532579952036,,
foot,avgmonth_tmp,0.053542285853999984,0.02278806300971899,,
merit,avgmonth_tmp,0.053607366671753094,0.4436749439885321,,
color,avgmonth_tmp,0.05432965317821776,0.08174547076566206,,
disagreement,avgmonth_tmp,0.05433866749401843,0.3723392245125707,,
space,avgmonth_tmp,0.05437373419702226,0.08569784336403115,,
sting,avgmonth_tmp,0.05457873134966795,0.20820068334151678,,
teacher,avgmonth_tmp,0.054625834940558414,0.19969338287105545,,
robber,avgmonth_tmp,0.05507963440149195,0.2645465196522632,,
canoe,avgmonth_tmp,0.05514371094458469,0.6497748734972805,,
chief,avgmonth_tmp,0.05546572298534049,0.6302847252289921,,
bellow,avgmonth_tmp,0.05575822961713367,0.34277136264967784,,
daytime,avgmonth_tmp,0.05612566343173104,0.45389269474361227,,
heat,avgmonth_tmp,0.0561385055049538,0.04375334558944204,,
dance,avgmonth_tmp,0.056194781300033206,0.19036099025141773,,
faith,avgmonth_tmp,0.0563230625962162,0.30944987111883704,,
eater,avgmonth_tmp,0.05642573727047964,0.3381113481125499,,
thirst,avgmonth_tmp,0.05662349331392141,0.1740996038349669,,
kindness,avgmonth_tmp,0.05663749143069533,0.31280528912427713,,
handful,avgmonth_tmp,0.056838447832980706,0.3629835834295237,,
noon,avgmonth_tmp,0.057101658847492395,0.09239945401236806,,
healing,avgmonth_tmp,0.057542828151481346,0.3156382597194663,,
lap,avgmonth_tmp,0.05761567354829804,0.2689045370912994,,
mustache,avgmonth_tmp,0.05769705325389985,0.2925811343225377,,
fault,avgmonth_tmp,0.057903521521818116,0.24013606413055327,,
consequence,avgmonth_tmp,0.05805988255904797,0.2462298591914036,,
timber,avgmonth_tmp,0.058217440043453896,0.3714762743123234,,
web,avgmonth_tmp,0.05847738750129688,0.11444254976067095,,
lily,avgmonth_tmp,0.05884397371839184,0.35489318503933154,,
lord,avgmonth_tmp,0.058928150304332454,0.3965155747291983,,
ear,avgmonth_tmp,0.05898739526310254,0.027132595340259424,,
clan,avgmonth_tmp,0.05900769802170107,0.6168691705057399,,
separation,avgmonth_tmp,0.059106109514465675,0.35362975977105665,,
parable,avgmonth_tmp,0.059223068939387224,0.41062194400686874,,
performance,avgmonth_tmp,0.0593198712540995,0.3717600800734758,,
guardian,avgmonth_tmp,0.05961263834710268,0.3214137073143642,,
address,avgmonth_tmp,0.059993818967327105,0.2776494815371044,,
hole,avgmonth_tmp,0.06004329070260036,0.06447793452917526,,
razor,avgmonth_tmp,0.06016998625072072,0.16748568084319035,,
liquid,avgmonth_tmp,0.060184242396870646,0.16798900900645083,,
til,avgmonth_tmp,0.06036795339273999,0.5143756188808062,,
annoyance,avgmonth_tmp,0.06037475829953558,0.29777966295613234,,
disregard,avgmonth_tmp,0.060716819236204256,0.38146526715734763,,
misfortune,avgmonth_tmp,0.060735847907121165,0.23324968392501527,,
sea,avgmonth_tmp,0.060948603338373424,0.3654365569348854,,
kingdom,avgmonth_tmp,0.06117440905954349,0.25925331574646837,,
understanding,avgmonth_tmp,0.0611762899375725,0.18327238838102727,,
tradition,avgmonth_tmp,0.06120368676494261,0.14356356027687728,,
pupil,avgmonth_tmp,0.061518554352255395,0.14170805542352224,,
shine,avgmonth_tmp,0.061582181180169164,0.04079327075460615,,
herb,avgmonth_tmp,0.061682609918043516,0.33263518046758894,,
ridicule,avgmonth_tmp,0.061877133356589654,0.248690595929567,,
vomit,avgmonth_tmp,0.06188224080485759,0.0756038699789084,,
statement,avgmonth_tmp,0.06264199819486302,0.22079835502908965,,
plank,avgmonth_tmp,0.06264412150279382,0.32933309222282386,,
itch,avgmonth_tmp,0.06268789019688388,0.10121828923950517,,
judgment,avgmonth_tmp,0.0628095412805492,0.2681614596350924,,
intelligence,avgmonth_tmp,0.06293488246064521,0.21073658470122722,,
injury,avgmonth_tmp,0.0631172040777595,0.2224348220421085,,
mirror,avgmonth_tmp,0.06342126448505299,0.02271937537343702,,
murderer,avgmonth_tmp,0.06356996439652479,0.22607227928384194,,
infection,avgmonth_tmp,0.0637247118340406,0.49948609872949196,,
abundance,avgmonth_tmp,0.06374507513186378,0.2626481740639025,,
tomb,avgmonth_tmp,0.06392566907228177,0.34744082112033664,,
assembly,avgmonth_tmp,0.06411813296994011,0.3137580122035517,,
ape,avgmonth_tmp,0.06426914563628784,0.47006813792300683,,
descent,avgmonth_tmp,0.06426948434347829,0.26020976790902905,,
disposition,avgmonth_tmp,0.06431561047290647,0.34580663408329104,,
blossom,avgmonth_tmp,0.06434141209187393,0.26171218828822473,,
tasting,avgmonth_tmp,0.06435358741970298,0.2123836897312296,,
idiom,avgmonth_tmp,0.06438904257811905,0.5598433597603812,,
quail,avgmonth_tmp,0.06458141627416951,0.31950360102214015,,
bow,avgmonth_tmp,0.06507561652268755,0.04774416529532288,,
sunshine,avgmonth_tmp,0.06522592791248291,0.3106775676625886,,
cemetery,avgmonth_tmp,0.06529973017541939,NA,,Model convergence problem; non-positive-definite Hessian matrix. See vignette('troubleshooting')
abuse,avgmonth_tmp,0.06554966232927402,0.2100228021062391,,
knowledge,avgmonth_tmp,0.06562275875153366,0.08746251618154917,,
whirlwind,avgmonth_tmp,0.06580621876273667,0.1632417678935621,,
intent,avgmonth_tmp,0.06602119753669329,0.2989342847303456,,
reward,avgmonth_tmp,0.06640182490530937,0.19828205733930807,,
truth,avgmonth_tmp,0.06651838514928723,0.05859459344693573,,
excrement,avgmonth_tmp,0.06682784547095272,0.22880649969854763,,
belief,avgmonth_tmp,0.06779638186682083,0.1731415410853819,,
teeth,avgmonth_tmp,0.06787425777837204,0.0248176342721946,,
pride,avgmonth_tmp,0.06819878656874581,0.21636063339606998,,
ability,avgmonth_tmp,0.06835310035527935,0.1592539092948339,,
silver,avgmonth_tmp,0.06849235607866393,0.15887419982436043,,
behavior,avgmonth_tmp,0.06854109382988254,0.15342543571544323,,
quantity,avgmonth_tmp,0.06910112264544307,0.1590482970806856,,
mother-in-law,avgmonth_tmp,0.06951062854090241,0.23747648162120338,,
chalk,avgmonth_tmp,0.06965715146788999,0.2540009107212664,,
hair,avgmonth_tmp,0.06997883052791015,0.004323700943103958,,
spike,avgmonth_tmp,0.07002767735130885,0.23956830491239156,,
angel,avgmonth_tmp,0.07012047611225732,0.2065433782873153,,
sir,avgmonth_tmp,0.07043090881671044,0.2916967319052888,,
hive,avgmonth_tmp,0.07043866272196722,0.40357444060295866,,
ocean,avgmonth_tmp,0.0705275531304895,0.29811015704856675,,
mouth,avgmonth_tmp,0.07091696324282337,0.012958717680096052,,
hog,avgmonth_tmp,0.0714313539565251,0.3348115125874861,,
vagina,avgmonth_tmp,0.07177623859744996,0.3354294090545622,,
breadth,avgmonth_tmp,0.07219224340007173,0.20115813323560677,,
toad,avgmonth_tmp,0.0725871671859949,0.3099844200702692,,
neck,avgmonth_tmp,0.07263711493265844,0.011677430038923287,,
infant,avgmonth_tmp,0.07286424948552939,0.0797091205193944,,
reputation,avgmonth_tmp,0.07299408889118893,0.19973488292653144,,
sand,avgmonth_tmp,0.07301385636676354,0.04802698317709742,,
forgiveness,avgmonth_tmp,0.07324508775672142,0.2544264713236883,,
shame,avgmonth_tmp,0.07343471330892458,0.032384190016260306,,
strainer,avgmonth_tmp,0.07352103722793607,0.10639853411144214,,
hump,avgmonth_tmp,0.07352130031508208,0.1751751576640084,,
altar,avgmonth_tmp,0.07361555151421564,0.31721643334694366,,
beggar,avgmonth_tmp,0.0736218592487563,0.14471376271291717,,
residue,avgmonth_tmp,0.07363363356585925,0.2538037106859072,,
as,avgmonth_tmp,0.07437505908058722,0.20965472927675238,,
chicken,avgmonth_tmp,0.07453996270552342,0.324403730487292,,
profession,avgmonth_tmp,0.07538183806801574,0.28834079266051027,,
brick,avgmonth_tmp,0.0756067026908681,0.2219877196269567,,
permission,avgmonth_tmp,0.07569969825612904,0.03741313860037714,,
aunt,avgmonth_tmp,0.07581287212097346,0.11789613448487599,,
smell,avgmonth_tmp,0.07585663217179478,0.016230592235665753,,
boil,avgmonth_tmp,0.07640578951915801,0.009414596260863078,,
dam,avgmonth_tmp,0.0770149471419929,0.23005889067486493,,
dagger,avgmonth_tmp,0.07702127262281523,0.23988724233936964,,
singer,avgmonth_tmp,0.07745842334441207,0.10388429502771501,,
anger,avgmonth_tmp,0.07763105322693294,0.02163017312054286,,
wage,avgmonth_tmp,0.07854674371126805,0.08330269132690644,,
learning,avgmonth_tmp,0.0786207638180042,0.0792707116426452,,
occasion,avgmonth_tmp,0.07974779035387966,0.03704545959616107,,
companion,avgmonth_tmp,0.0798267378082281,0.11334489241911194,,
broom,avgmonth_tmp,0.07995960264873368,0.05774984974298823,,
measurement,avgmonth_tmp,0.0803355733135887,0.2008596419734356,,
employment,avgmonth_tmp,0.08129426939045183,0.22704863292647307,,
weight,avgmonth_tmp,0.08149495724244275,0.004718848043544206,,
arrangement,avgmonth_tmp,0.08188317214293504,0.0880194564062186,,
price,avgmonth_tmp,0.08195177062638459,0.057879393057104024,,
context,avgmonth_tmp,0.08198989879385814,0.19714543151290043,,
friend,avgmonth_tmp,0.08206097618316613,0.003723266849157164,,
beak,avgmonth_tmp,0.08263465595355216,0.049968249398867674,,
organ,avgmonth_tmp,0.08265434476292732,0.12069971298068362,,
grove,avgmonth_tmp,0.08326192911621565,0.28718993531439657,,
sens,avgmonth_tmp,0.08331534471970979,0.21623666524937243,,
ram,avgmonth_tmp,0.08343455960141988,0.18959965770936785,,
obstruction,avgmonth_tmp,0.08405309018603259,0.21164168524918936,,
eye,avgmonth_tmp,0.0841459781729353,9.402976421861208e-5,,
descendant,avgmonth_tmp,0.0846173321084673,0.12069557129165176,,
exclamation,avgmonth_tmp,0.08480159660707826,NA,Model convergence problem; non-positive-definite Hessian matrix. See vignette('troubleshooting'),Model convergence problem; non-positive-definite Hessian matrix. See vignette('troubleshooting')
reply,avgmonth_tmp,0.08537755754568023,0.07168460812025068,,
excitement,avgmonth_tmp,0.08556842504055293,0.13489224419586923,,
remainder,avgmonth_tmp,0.08578369834735472,0.0661619347726996,,
conduct,avgmonth_tmp,0.08582906746544706,0.161541811173729,,
distress,avgmonth_tmp,0.08594690638450689,0.16251562064035543,,
paste,avgmonth_tmp,0.08621096337861375,0.20251084652477358,,
praise,avgmonth_tmp,0.08628137211448439,0.043573410305442886,,
defeat,avgmonth_tmp,0.08631319924716035,0.07290437124744262,,
finger,avgmonth_tmp,0.0863333235790973,0.006345528813201639,,
clay,avgmonth_tmp,0.08673990747320678,0.07280675849642734,,
authority,avgmonth_tmp,0.0868173785561424,NA,,Model convergence problem; non-positive-definite Hessian matrix. See vignette('troubleshooting')
relative,avgmonth_tmp,0.08684314681050556,0.11252384263930712,,
kin,avgmonth_tmp,0.0870496155341633,0.22919434268954209,,
uncle,avgmonth_tmp,0.08752385016276618,0.06849430759254597,,
possession,avgmonth_tmp,0.08755291226175081,0.0243357949679763,,
pond,avgmonth_tmp,0.08764852540629514,0.13198984494867508,,
bead,avgmonth_tmp,0.08821805028296668,0.08093591755108037,,
onion,avgmonth_tmp,0.08862449200780664,0.06339431756502817,,
prince,avgmonth_tmp,0.0887116665031595,0.2353684595539932,,
grass,avgmonth_tmp,0.08887176767258491,0.029770701439155365,,
wax,avgmonth_tmp,0.08912106848031294,0.04475420417642479,,
others,avgmonth_tmp,0.08968272129513627,0.03355648214431966,,
mouthful,avgmonth_tmp,0.08969536774461269,0.19819063537427278,,
path,avgmonth_tmp,0.09003056075985473,0.037132224873531045,,
image,avgmonth_tmp,0.09015676458768467,0.08258757103841192,,
pu,avgmonth_tmp,0.09040933040570504,NA,Model convergence problem; non-positive-definite Hessian matrix. See vignette('troubleshooting'),
leader,avgmonth_tmp,0.09044536185701417,0.02086479838632813,,
firm,avgmonth_tmp,0.09096955792311333,0.04311549487557523,,
flesh,avgmonth_tmp,0.09101710576744225,0.020323297346445075,,
enemy,avgmonth_tmp,0.091084822605451,0.04324977061268119,,
longing,avgmonth_tmp,0.09118163028750584,0.16359229210363654,,
dew,avgmonth_tmp,0.09158314146415343,0.02816799818580149,,
practice,avgmonth_tmp,0.09197186296750463,0.02445570511504562,,
salvation,avgmonth_tmp,0.09202538644464357,0.15374990194192656,,
profit,avgmonth_tmp,0.09251961807930999,0.09706295130946228,,
bun,avgmonth_tmp,0.09274562464662632,NA,Model convergence problem; non-positive-definite Hessian matrix. See vignette('troubleshooting'),
saint,avgmonth_tmp,0.09285036594485488,0.27892264569327646,,
frying,avgmonth_tmp,0.09288878379984504,0.14997775978051683,,
branch,avgmonth_tmp,0.09300377546092922,0.003028452930758286,,
respect,avgmonth_tmp,0.09332593358226893,0.0112246071093158,,
dwelling,avgmonth_tmp,0.0936585171087237,0.11838357868624297,,
miscarriage,avgmonth_tmp,0.09373941304668106,0.10853868450052673,,
mud,avgmonth_tmp,0.09407185465026167,0.006565631223256479,,
hip,avgmonth_tmp,0.09424598128359794,0.015401087570744643,,
trunk,avgmonth_tmp,0.0943814434914109,0.016990467486097362,,
crow,avgmonth_tmp,0.0951585563925039,0.024829181487465997,,
town,avgmonth_tmp,0.0951956554058458,0.12146342534082807,,
famine,avgmonth_tmp,0.09534090229258979,0.04853527159028264,,
burial,avgmonth_tmp,0.09569250290547454,0.10494843570320042,,
passion,avgmonth_tmp,0.09580809779672103,0.15311247017781204,,
twin,avgmonth_tmp,0.09606068153344563,NA,Model convergence problem; non-positive-definite Hessian matrix. See vignette('troubleshooting'),
toe,avgmonth_tmp,0.09615832096047927,0.0172268618511502,,
brass,avgmonth_tmp,0.09618453672086832,0.1489545437181421,,
afternoon,avgmonth_tmp,0.09630404346885257,0.0351158147717759,,
cluster,avgmonth_tmp,0.09634998295575097,0.09804666175053924,,
resemblance,avgmonth_tmp,0.0968824993355207,0.11977498452439975,,
honor,avgmonth_tmp,0.09730505804873858,0.0388393894917069,,
title,avgmonth_tmp,0.09804991232516176,0.1669893724572844,,
flavor,avgmonth_tmp,0.0980662182358199,0.04948642630314775,,
sunset,avgmonth_tmp,0.09829792196299124,0.04961644879327964,,
deceit,avgmonth_tmp,0.09853643944221209,0.16584199720591086,,
frog,avgmonth_tmp,0.09861609714916382,0.04723711893978972,,
money,avgmonth_tmp,0.09871668103929623,0.01444438276454258,,
alphabet,avgmonth_tmp,0.09984616247692944,0.15435100246859307,,
era,avgmonth_tmp,0.1001316173876307,0.26960543925876584,,
goat,avgmonth_tmp,0.10025266842804044,0.0897489835010189,,
extract,avgmonth_tmp,0.10029878769725425,0.03456014606300573,,
cat,avgmonth_tmp,0.10038622447045653,0.00457481682341744,,
bowel,avgmonth_tmp,0.1010079287303357,NA,Model convergence problem; non-positive-definite Hessian matrix. See vignette('troubleshooting'),
confusion,avgmonth_tmp,0.10102395135331727,0.036460823555959844,,
creation,avgmonth_tmp,0.10178024114294107,0.08018001066816288,,
bundle,avgmonth_tmp,0.10230551813080084,0.014466870852995814,,
grandson,avgmonth_tmp,0.10387975250183946,0.10272318803829104,,
bean,avgmonth_tmp,0.1042127981699666,0.09322606147679038,,
flour,avgmonth_tmp,0.10439228802809992,0.039527321476347584,,
midday,avgmonth_tmp,0.10564003126957551,0.01991293250892763,,
cavity,avgmonth_tmp,0.10571777407922711,0.024858034434591066,,
magician,avgmonth_tmp,0.10591070816610988,0.14413556670370886,,
mixture,avgmonth_tmp,0.1061497770634829,0.029100961609035258,,
rain,avgmonth_tmp,0.10626829048507531,2.2543008527768003e-4,,
malice,avgmonth_tmp,0.1067443414817414,0.08444860496203468,,
salt,avgmonth_tmp,0.10711969175594518,2.6964546777253934e-4,,
celebration,avgmonth_tmp,0.1073445982404027,0.1261725892388214,,
pillar,avgmonth_tmp,0.10739130422609458,0.06771761652107276,,
tomato,avgmonth_tmp,0.1076597975136822,0.22399239029327328,,
vicinity,avgmonth_tmp,0.10776560495579982,0.06438240622118088,,
mistress,avgmonth_tmp,0.1081016841640592,0.08449805864986082,,
utterance,avgmonth_tmp,0.10814310010986734,0.20185904752943676,,
roof,avgmonth_tmp,0.10843587474831314,0.004614506750369868,,
obligation,avgmonth_tmp,0.10947304235631716,0.04293293483740139,,
cement,avgmonth_tmp,0.10956757681114744,0.08296392001438578,,
spittle,avgmonth_tmp,0.10981631992673259,0.007985830727620187,,
date,avgmonth_tmp,0.11047896464337326,0.022426717471036466,,
property,avgmonth_tmp,0.11145263766267834,0.017118799406622993,,
punishment,avgmonth_tmp,0.11242204063827214,0.013286839639863554,,
torch,avgmonth_tmp,0.11333239385589816,0.028949763335217156,,
animal,avgmonth_tmp,0.11381449140769474,0.0014704405332809556,,
sugar,avgmonth_tmp,0.11419702533218948,0.010066143503706266,,
gin,avgmonth_tmp,0.11420665745165555,0.1672677697594682,,
hell,avgmonth_tmp,0.11459306873038473,0.04678730975967399,,
verse,avgmonth_tmp,0.11495208444010956,0.10814024066977222,,
messenger,avgmonth_tmp,0.11496144797185386,0.012732740439477613,,
sunrise,avgmonth_tmp,0.11501849790794541,0.04344241390127348,,
repetition,avgmonth_tmp,0.11501923125151829,0.034395060102931016,,
awe,avgmonth_tmp,0.11515708318194022,0.12556699622041317,,
merchant,avgmonth_tmp,0.11565112068103549,0.016563903726082792,,
squirrel,avgmonth_tmp,0.11573882721106503,0.11253328425941492,,
coil,avgmonth_tmp,0.11645254042848932,0.008746566859563954,,
ray,avgmonth_tmp,0.11686330185849493,0.05214773775344607,,
acid,avgmonth_tmp,0.11699128386325346,0.09671459044248375,,
star,avgmonth_tmp,0.11702193498374965,1.0868038567014923e-4,,
sheath,avgmonth_tmp,0.1173798228407146,0.02074424507402402,,
remedy,avgmonth_tmp,0.11747995406310952,0.07809393722422325,,
gesture,avgmonth_tmp,0.11779493046143749,0.031694197914909066,,
existence,avgmonth_tmp,0.11786061678861585,0.058538326632917886,,
silk,avgmonth_tmp,0.11858796505151774,0.04359021714938258,,
fortune,avgmonth_tmp,0.1190362434070798,0.009326909815026695,,
reed,avgmonth_tmp,0.11905774505899253,0.05265657607072274,,
corn,avgmonth_tmp,0.11920986274540815,0.0801299856626073,,
happiness,avgmonth_tmp,0.11927951374953798,0.02174642132072397,,
rope,avgmonth_tmp,0.11973095235824219,7.600398771532058e-4,,
perspiration,avgmonth_tmp,0.12009926445259742,0.01030094749207052,,
kerosene,avgmonth_tmp,0.12033038269999125,0.20303863089257213,,
omen,avgmonth_tmp,0.12043112658544627,0.05593354225100345,,
disgrace,avgmonth_tmp,0.12091251180360743,0.05157671288574844,,
death,avgmonth_tmp,0.12096893099721041,5.8234771442118816e-5,,
lust,avgmonth_tmp,0.12136694333234249,0.05942713048797934,,
string,avgmonth_tmp,0.12208301218312802,7.282858284276646e-4,,
crest,avgmonth_tmp,0.12431056501530498,0.033459271870859376,,
junction,avgmonth_tmp,0.12434850596794089,0.04795921959761835,,
odor,avgmonth_tmp,0.12485339975672673,0.013897270622659946,,
virtue,avgmonth_tmp,0.1252994063588899,0.07798234677032242,,
sauce,avgmonth_tmp,0.125348194794469,0.17165925509914318,,
eclipse,avgmonth_tmp,0.12557947840657552,0.021902318594591335,,
thigh,avgmonth_tmp,0.12577552895069183,0.00333979457125988,,
foliage,avgmonth_tmp,0.12583469198712774,0.0968171903065496,,
pleasure,avgmonth_tmp,0.1260272418231692,0.026292744696465465,,
incense,avgmonth_tmp,0.12617013629695953,0.07147571406572574,,
firewood,avgmonth_tmp,0.12633571428793047,0.06027372879889548,,
decoration,avgmonth_tmp,0.1265733764411223,0.03259041747576799,,
pain,avgmonth_tmp,0.1268756820304308,NA,Model convergence problem; non-positive-definite Hessian matrix. See vignette('troubleshooting'),
sinner,avgmonth_tmp,0.126913784739469,0.03319354294708541,,
cock,avgmonth_tmp,0.12717153066373604,0.03246275490004728,,
bud,avgmonth_tmp,0.1276862869671531,0.013404852637070343,,
discourse,avgmonth_tmp,0.13026066584994417,0.06753544514646564,,
fluid,avgmonth_tmp,0.1320448319790879,NA,Model convergence problem; non-positive-definite Hessian matrix. See vignette('troubleshooting'),
destruction,avgmonth_tmp,0.13269338730780858,0.053829927556272875,,
sorcery,avgmonth_tmp,0.1343082190238358,0.1470330389995415,,
sap,avgmonth_tmp,0.13505267807289173,0.011732420265790577,,
throne,avgmonth_tmp,0.1356023702126956,0.04654709560709053,,
palace,avgmonth_tmp,0.13561847926678722,0.1287560323363347,,
mucus,avgmonth_tmp,0.13564031804753376,0.01606326453819744,,
fame,avgmonth_tmp,0.13706738419944428,0.02934298154670007,,
thread,avgmonth_tmp,0.13746309588755715,3.255267523770325e-4,,
servant,avgmonth_tmp,0.1375973331270633,0.005688713833788548,,
glory,avgmonth_tmp,0.13798796787586104,0.015149183176187287,,
spleen,avgmonth_tmp,0.13811319584848572,0.003115822143911038,,
brightness,avgmonth_tmp,0.13860033324638782,0.036697580153773175,,
affection,avgmonth_tmp,0.13896986054474,0.02469052472475151,,
bile,avgmonth_tmp,0.1393285275087267,0.04076612806666694,,
powder,avgmonth_tmp,0.13952765713342863,6.889409557023144e-4,,
elder,avgmonth_tmp,0.13953689263590194,0.008043736623808695,,
tin,avgmonth_tmp,0.13966269735186926,0.008142499294494667,,
vow,avgmonth_tmp,0.13974791745277215,0.04112205998314358,,
forehead,avgmonth_tmp,0.1397849612242455,5.140501011878668e-4,,
eaves,avgmonth_tmp,0.14011221796601672,0.05475481221793772,,
lamp,avgmonth_tmp,0.1402531386112338,0.0017556260069789844,,
preparation,avgmonth_tmp,0.1405968908259862,5.830570163987192e-4,,
worm,avgmonth_tmp,0.14093077936156054,1.4757701151134077e-5,,
breast,avgmonth_tmp,0.14093592047012754,8.13323401624495e-6,,
spirit,avgmonth_tmp,0.14105806956251263,0.0014297019031438028,,
drug,avgmonth_tmp,0.141633816418536,0.05576566383891551,,
platform,avgmonth_tmp,0.14241719502838723,0.016183191546576253,,
owner,avgmonth_tmp,0.14245288760660682,0.0010644507088093684,,
carpenter,avgmonth_tmp,0.1430894508825149,0.0018813051634027306,,
charm,avgmonth_tmp,0.1432736691439325,0.03041372345907415,,
leopard,avgmonth_tmp,0.1433181024632634,0.0583785088092916,,
snail,avgmonth_tmp,0.14353768220572533,0.019898234221229612,,
dye,avgmonth_tmp,0.14369324841767997,0.002502691838311809,,
food,avgmonth_tmp,0.14399348812374901,5.645110072516042e-6,,
coin,avgmonth_tmp,0.14405488317611362,0.006312565036750618,,
boundary,avgmonth_tmp,0.14423196311918465,0.0025294429070673776,,
arrow,avgmonth_tmp,0.1446901916455974,0.013525370614326869,,
ancestor,avgmonth_tmp,0.14493762837587135,0.008926275816872994,,
earth,avgmonth_tmp,0.1451591849850278,1.0477028936033067e-4,,
sale,avgmonth_tmp,0.1454269958381147,0.008207370184101994,,
darkness,avgmonth_tmp,0.14612015617557994,0.0019144945784398083,,
placenta,avgmonth_tmp,0.14637028656397372,0.05219244100624755,,
flute,avgmonth_tmp,0.14673996721691512,0.013946369406886313,,
malaria,avgmonth_tmp,0.14686674855316353,0.1082029805082242,,
maize,avgmonth_tmp,0.14741553510070035,0.12941295797922897,,
being,avgmonth_tmp,0.1478045288650307,0.08902636808639718,,
prohibition,avgmonth_tmp,0.14802008424882185,0.026049180339697667,,
blacksmith,avgmonth_tmp,0.14884725420692752,0.03162070573952503,,
prayer,avgmonth_tmp,0.15180281504709692,0.009441017863660046,,
canal,avgmonth_tmp,0.1519590793207441,0.03531857086845107,,
boat,avgmonth_tmp,0.15238421015787548,0.010451610047150632,,
instrument,avgmonth_tmp,0.15343055199036634,4.4123170865524933e-4,,
ankle,avgmonth_tmp,0.15343211609017893,6.598316606268157e-5,,
basket,avgmonth_tmp,0.15386896402244882,0.0025866068423802094,,
reptile,avgmonth_tmp,0.15412991277640917,0.01706726584204744,,
buttock,avgmonth_tmp,0.15459972006758096,0.0019654877543674866,,
potter,avgmonth_tmp,0.1549485110980746,0.00685965379844216,,
childbirth,avgmonth_tmp,0.15502051061175806,0.0076942744909282365,,
liquor,avgmonth_tmp,0.15520552486929262,0.03517515010009039,,
thief,avgmonth_tmp,0.15538735706130719,NA,Model convergence problem; non-positive-definite Hessian matrix. See vignette('troubleshooting'),
paradise,avgmonth_tmp,0.15584064486287022,0.031074393725771757,,
substance,avgmonth_tmp,0.15632123627085734,0.004092096358986038,,
lover,avgmonth_tmp,0.15687049749499302,0.008824238721377617,,
constellation,avgmonth_tmp,0.15708454328683624,0.035859784531196995,,
bunch,avgmonth_tmp,0.15718269903982326,0.00121316351892902,,
creator,avgmonth_tmp,0.15784077915536543,0.011034370316049485,,
soul,avgmonth_tmp,0.15788770332025065,7.961184670981374e-4,,
abdomen,avgmonth_tmp,0.1581140106227692,0.003320352647810902,,
oyster,avgmonth_tmp,0.15852182372686777,0.08029823536833533,,
pan,avgmonth_tmp,0.15915387802775674,0.0066103894833574725,,
lion,avgmonth_tmp,0.15970027222345623,0.0024017304481282384,,
desire,avgmonth_tmp,0.15995323042360363,8.32678740700032e-5,,
corpse,avgmonth_tmp,0.16000433923593738,3.507481271117641e-4,,
sin,avgmonth_tmp,0.16010909530458875,0.00694526516721549,,
fraud,avgmonth_tmp,0.16022031913232002,0.016737441285516255,,
umbrella,avgmonth_tmp,0.16091772932361548,0.001848580508100742,,
penis,avgmonth_tmp,0.16150897164713005,0.010332981040258574,,
bird,avgmonth_tmp,0.1617451707251347,1.0242866045642164e-5,,
oil,avgmonth_tmp,0.16240275492319542,6.11111953524855e-5,,
temple,avgmonth_tmp,0.16293800400201525,0.011700473264506964,,
portion,avgmonth_tmp,0.16306519054746416,6.193372305515021e-4,,
prophet,avgmonth_tmp,0.16372799244176525,0.017312945402541823,,
raft,avgmonth_tmp,0.16398700931914997,0.013756376089758193,,
vegetable,avgmonth_tmp,0.16432325007972895,0.001624838627123224,,
multitude,avgmonth_tmp,0.16477823999979385,0.022931447028604397,,
vessel,avgmonth_tmp,0.16483516057048042,0.007713233542071247,,
bat,avgmonth_tmp,0.164942162270329,9.646450552160693e-4,,
roofing,avgmonth_tmp,0.16516572585069222,0.06231472542050419,,
bribe,avgmonth_tmp,0.16526540915855337,0.0024273451770754056,,
mode,avgmonth_tmp,0.1655457889963489,0.09914803648955069,,
debt,avgmonth_tmp,0.16580803320368023,1.9720887510707013e-4,,
tribe,avgmonth_tmp,0.16611039778143272,0.035915140787036656,,
birth,avgmonth_tmp,0.16645786209096664,2.95871886003901e-8,,
fate,avgmonth_tmp,0.16670130070018715,0.011087713413793589,,
pitcher,avgmonth_tmp,0.16725392426291255,0.012898854722216194,,
evil,avgmonth_tmp,0.16731940801388198,9.054555901332709e-5,,
charcoal,avgmonth_tmp,0.1673976635245928,6.400632362601186e-4,,
pearl,avgmonth_tmp,0.1675721616675859,0.01645986957263058,,
groom,avgmonth_tmp,0.1683254093341171,0.02214858943347756,,
attribute,avgmonth_tmp,0.16877981002430842,0.007860590806507407,,
mum,avgmonth_tmp,0.16904992799214927,0.0290964314984307,,
magic,avgmonth_tmp,0.1690502587636111,0.008954169726012666,,
stool,avgmonth_tmp,0.1691189314927927,7.809396339108505e-4,,
resin,avgmonth_tmp,0.1693120606296251,NA,Model convergence problem; non-positive-definite Hessian matrix. See vignette('troubleshooting'),
water,avgmonth_tmp,0.16937778247972307,2.4880067049526507e-11,,
pulp,avgmonth_tmp,0.1695264455819661,0.027558876797492936,,
city,avgmonth_tmp,0.1696391942371433,0.009659062334886588,,
melon,avgmonth_tmp,0.17107263942574516,0.019497415063012696,,
rich,avgmonth_tmp,0.17117721711372377,0.005324074922897583,,
groin,avgmonth_tmp,0.1714594627126997,0.00777544688936862,,
laborer,avgmonth_tmp,0.17170962864529166,0.009575962187759779,,
womb,avgmonth_tmp,0.1729646394012763,3.761631165383175e-6,,
dancer,avgmonth_tmp,0.17345143517342967,0.006252504374200215,,
sun,avgmonth_tmp,0.17392938111572262,1.24879552386325e-7,,
blessing,avgmonth_tmp,0.17537972435033833,0.0020950670111943414,,
gum,avgmonth_tmp,0.17570298693900002,1.0054649522623604e-5,,
spider,avgmonth_tmp,0.17586944720080008,6.330352628424084e-5,,
honey,avgmonth_tmp,0.17617610693160754,4.163523779639336e-4,,
cage,avgmonth_tmp,0.17672267655751553,0.003988825262787556,,
earring,avgmonth_tmp,0.17725426590274912,0.009506005580163044,,
shell,avgmonth_tmp,0.17743786280102083,3.371213223609527e-5,,
noose,avgmonth_tmp,0.17892190233939456,0.011869167178942331,,
grain,avgmonth_tmp,0.1791971244728306,0.0037713290895308124,,
peanut,avgmonth_tmp,0.1799189940331891,0.1376561951446053,,
phlegm,avgmonth_tmp,0.18105519941035159,0.003074028614024708,,
ruler,avgmonth_tmp,0.18113517392195963,0.002789998836642847,,
epilepsy,avgmonth_tmp,0.18185698115889576,0.00850784377383947,,
eyelid,avgmonth_tmp,0.1822385889982429,6.002947102387618e-5,,
widow,avgmonth_tmp,0.18242944964980976,1.916196647131261e-6,,
mankind,avgmonth_tmp,0.1830898618647231,0.0010454060710585217,,
guitar,avgmonth_tmp,0.18400747014203517,0.01407862388512871,,
market,avgmonth_tmp,0.18435200384734482,0.009959204784886846,,
father-in-law,avgmonth_tmp,0.18457226603604673,0.0017229772657943948,,
moonlight,avgmonth_tmp,0.18533337216323265,0.001226619247665695,,
response,avgmonth_tmp,0.18657847810433303,NA,Model convergence problem; non-positive-definite Hessian matrix. See vignette('troubleshooting'),
governor,avgmonth_tmp,0.18662027508471282,0.0020024661066426466,,
circumcision,avgmonth_tmp,0.188333119953834,0.07547339429304978,,
offspring,avgmonth_tmp,0.1887577734177946,8.353927662480561e-5,,
stalk,avgmonth_tmp,0.19118355327218597,1.676498899028114e-4,,
completion,avgmonth_tmp,0.1914051742033486,3.7957584568950486e-4,,
wisdom,avgmonth_tmp,0.1915645546890521,4.3844532759826463e-4,,
massage,avgmonth_tmp,0.1922610509729332,0.013710688497292295,,
deer,avgmonth_tmp,0.19247270860711405,0.010928896740312105,,
pregnancy,avgmonth_tmp,0.195315835348014,1.5477161617056645e-4,,
saliva,avgmonth_tmp,0.19657697551886882,7.428990003597224e-6,,
sickness,avgmonth_tmp,0.1973529256736946,2.3170897545221438e-5,,
wrist,avgmonth_tmp,0.19841379029192002,4.607460235534588e-6,,
religion,avgmonth_tmp,0.19841507410670106,0.0016381801090767955,,
deception,avgmonth_tmp,0.19891229186000886,0.0012062586034306164,,
ornament,avgmonth_tmp,0.1991397955725515,0.0038132709363545457,,
bee,avgmonth_tmp,0.2010156025969548,8.236623883568847e-5,,
crab,avgmonth_tmp,0.20118612106050707,0.003237684850818446,,
trader,avgmonth_tmp,0.20183915401597372,0.0018813702360977909,,
loin,avgmonth_tmp,0.20226243388458642,0.008483145559663162,,
pun,avgmonth_tmp,0.20276185815650685,0.03652370131224473,,
aka,avgmonth_tmp,0.20289805400358038,0.14427485282577576,,
metal,avgmonth_tmp,0.20335416664417041,1.838361447538409e-5,,
pat,avgmonth_tmp,0.20381467139415646,0.006617630337347893,,
curse,avgmonth_tmp,0.20434305426182137,5.1083244684236494e-5,,
fever,avgmonth_tmp,0.20461879258526922,1.2989258780394273e-6,,
cooking,avgmonth_tmp,0.20613432292230116,2.2435381283418793e-5,,
armpit,avgmonth_tmp,0.2062010778137144,2.6418092320710997e-4,,
marriage,avgmonth_tmp,0.20636482515776852,1.1610957887522689e-7,,
ulcer,avgmonth_tmp,0.20759045462683587,9.841033385988105e-4,,
sword,avgmonth_tmp,0.20777003429354107,1.7793039024259058e-5,,
wealth,avgmonth_tmp,0.20782645182570794,9.475597712483292e-5,,
com,avgmonth_tmp,0.2079761253426095,0.010930091130357538,,
beauty,avgmonth_tmp,0.2081383275134628,1.5924374477642843e-4,,
husk,avgmonth_tmp,0.20847206780708896,0.019001625167865202,,
lineage,avgmonth_tmp,0.20869730896023955,0.025244570914577685,,
adultery,avgmonth_tmp,0.20881148647972192,1.071899888110022e-4,,
sore,avgmonth_tmp,0.2093921474909869,0.02084720083369581,,
gold,avgmonth_tmp,0.21021701253982267,7.753964982171014e-5,,
cake,avgmonth_tmp,0.2110693363953595,2.206406665323438e-4,,
lemon,avgmonth_tmp,0.21180140483277698,7.424473596348148e-4,,
month,avgmonth_tmp,0.21331288932527134,1.0099021038749473e-7,,
ceremony,avgmonth_tmp,0.21363218825945865,0.0014572777945918527,,
disease,avgmonth_tmp,0.2155600086719771,1.3516064641710778e-8,,
poison,avgmonth_tmp,0.21572584886452076,7.114231182010202e-8,,
thorn,avgmonth_tmp,0.21654849820511202,NA,Model convergence problem; non-positive-definite Hessian matrix. See vignette('troubleshooting'),
rafter,avgmonth_tmp,0.21731604333469257,0.025525428054091633,,
ban,avgmonth_tmp,0.21794968931226255,0.019833771017983337,,
asthma,avgmonth_tmp,0.21913663219825885,3.669552627843486e-4,,
heaven,avgmonth_tmp,0.21970411626458736,3.320217662778705e-7,,
wasp,avgmonth_tmp,0.2205610460531581,1.291705912619528e-4,,
mound,avgmonth_tmp,0.22125239882515213,1.928061970045706e-6,,
mat,avgmonth_tmp,0.22444248805599945,3.069871491400184e-5,,
navel,avgmonth_tmp,0.22456415906913074,5.0355464950040904e-6,,
jar,avgmonth_tmp,0.22484955992268513,0.002294080575020725,,
village,avgmonth_tmp,0.22597836552598116,0.0021409057870707088,,
fisherman,avgmonth_tmp,0.2271724906395192,3.171211643163152e-4,,
pulse,avgmonth_tmp,0.22717589290126972,3.7186337507574835e-4,,
funeral,avgmonth_tmp,0.22739518167581735,0.001566105138741535,,
intercourse,avgmonth_tmp,0.22811087936362442,4.122216051134073e-5,,
joint,avgmonth_tmp,0.22815767509919457,1.2263913142884067e-4,,
urine,avgmonth_tmp,0.22833064213658133,4.474228578136403e-9,,
moon,avgmonth_tmp,0.2287755059560849,4.287776865364093e-10,,
pot,avgmonth_tmp,0.22995868411769418,9.748260209531143e-6,,
prostitute,avgmonth_tmp,0.2305172517252236,1.7882624564723838e-5,,
bear,avgmonth_tmp,0.23241483524561737,1.4284869535420694e-4,,
pigeon,avgmonth_tmp,0.2356796428529073,1.1826033739582183e-5,,
cricket,avgmonth_tmp,0.2367343871423096,3.084021069491907e-5,,
medicine,avgmonth_tmp,0.237961126753688,9.817413150277273e-8,,
plantation,avgmonth_tmp,0.23820719693502565,0.01451701667333075,,
pumpkin,avgmonth_tmp,0.23867490292506807,0.0029188909229902605,,
pal,avgmonth_tmp,0.23933728189944822,0.0021353418336111144,,
tray,avgmonth_tmp,0.24025008107197693,9.277666240305727e-4,,
priest,avgmonth_tmp,0.24085327194078765,2.6849754778936473e-4,,
fowl,avgmonth_tmp,0.2412342095675269,2.596464205588099e-4,,
prosperity,avgmonth_tmp,0.24140538651973942,5.69281714579505e-4,,
cultivation,avgmonth_tmp,0.24392817886361237,8.071631261750066e-4,,
bracelet,avgmonth_tmp,0.24509369961377941,4.826854971650075e-5,,
necklace,avgmonth_tmp,0.24519980749335363,3.494621135801537e-6,,
testicle,avgmonth_tmp,0.2455094372132102,2.4378404632396736e-6,,
season,avgmonth_tmp,0.24754200411074248,3.938092206803038e-11,,
flower,avgmonth_tmp,0.24777227892146841,6.702865681553586e-12,,
fish,avgmonth_tmp,0.24952012242473776,4.683529360070622e-6,,
feces,avgmonth_tmp,0.2497468322511649,0.0016381098949146253,,
kernel,avgmonth_tmp,0.25395596064302817,2.4479254248986864e-4,,
bride,avgmonth_tmp,0.2546651749702846,1.0301435091464742e-4,,
kite,avgmonth_tmp,0.2587567238111343,1.7621574410023593e-4,,
body,avgmonth_tmp,0.2612389460676025,1.771774272758148e-15,,
mosquito,avgmonth_tmp,0.2614069966916282,2.992192214138188e-7,,
procession,avgmonth_tmp,0.2617427536434661,2.940210367003614e-4,,
enmity,avgmonth_tmp,0.2668384547107451,1.253565144770076e-4,,
barber,avgmonth_tmp,0.2674841388102524,8.009955777466056e-7,,
anus,avgmonth_tmp,0.2756981140352366,5.396968389360568e-7,,
disciple,avgmonth_tmp,0.28010376202310894,6.17837137286915e-6,,
cucumber,avgmonth_tmp,0.28079591736010423,2.426828413866176e-5,,
vine,avgmonth_tmp,0.28279081523931693,3.734163203627262e-4,,
drum,avgmonth_tmp,0.2835304515333623,6.122769850488982e-9,,
juice,avgmonth_tmp,0.28361755123923893,7.133776168111755e-15,,
dove,avgmonth_tmp,0.2864488532742569,1.0279859206674771e-7,,
fiber,avgmonth_tmp,0.2871870993743643,2.7853686520516886e-7,,
follower,avgmonth_tmp,0.28760845506630217,1.0335196197946908e-6,,
king,avgmonth_tmp,0.2877838153466521,2.182122056594087e-6,,
mortar,avgmonth_tmp,0.28814052731364553,9.34263627595108e-9,,
slave,avgmonth_tmp,0.2892542327837922,5.017635057323692e-7,,
tank,avgmonth_tmp,0.2896201059377658,1.4640088445072447e-4,,
serpent,avgmonth_tmp,0.29074343198468366,1.8915940324127508e-4,,
plant,avgmonth_tmp,0.2921470450857617,3.40762631868435e-13,,
calamity,avgmonth_tmp,0.29317862280037277,1.419789793158619e-5,,
rite,avgmonth_tmp,0.29456173132456787,3.904826485372276e-5,,
lime,avgmonth_tmp,0.2949739846776823,4.0880109313953545e-7,,
waist,avgmonth_tmp,0.2968246529593294,6.084423540131226e-10,,
insect,avgmonth_tmp,0.29695395895481963,4.77290912219142e-11,,
fan,avgmonth_tmp,0.29792234883388957,1.1432281104679374e-8,,
festival,avgmonth_tmp,0.30441536562591287,4.245515396393906e-4,,
leaf,avgmonth_tmp,0.3105950438131276,2.572418500473235e-15,,
pepper,avgmonth_tmp,0.3123525757373715,5.5867553603668954e-8,,
shark,avgmonth_tmp,0.3181421322799282,0.001775363259441635,,
ritual,avgmonth_tmp,0.3184977052872607,6.790630856153862e-4,,
camel,avgmonth_tmp,0.3192201677969503,5.7730775456231107e-5,,
idol,avgmonth_tmp,0.32074628878820505,3.6528568882365314e-5,,
spice,avgmonth_tmp,0.32215826185071994,9.189992035724489e-6,,
nut,avgmonth_tmp,0.3300563713407811,3.0869559136791956e-9,,
mama,avgmonth_tmp,0.33224168757758343,NA,Model convergence problem; non-positive-definite Hessian matrix. See vignette('troubleshooting'),Model convergence problem; non-positive-definite Hessian matrix. See vignette('troubleshooting')
rat,avgmonth_tmp,0.3354333677394282,5.385419935450133e-13,,
pod,avgmonth_tmp,0.3359584613778805,1.4349415945523677e-7,,
ant,avgmonth_tmp,0.3381791106900267,7.014748506215879e-10,,
cloth,avgmonth_tmp,0.3409039192308311,4.0453365976251905e-15,,
cane,avgmonth_tmp,0.3432137273430544,1.826341964188052e-9,,
seed,avgmonth_tmp,0.34524421863495386,3.100097481741938e-18,,
tree,avgmonth_tmp,0.3464373012859068,1.8011223973595017e-18,,
god,avgmonth_tmp,0.3507059765269874,8.317610160450961e-10,,
guinea,avgmonth_tmp,0.3536994410910557,0.001994182257897568,,
ingredient,avgmonth_tmp,0.35444476941511766,NA,Model convergence problem; non-positive-definite Hessian matrix. See vignette('troubleshooting'),
shrub,avgmonth_tmp,0.35696007859774553,1.9253594994645205e-6,,
sacrifice,avgmonth_tmp,0.35785173885871985,2.8188073131333796e-7,,
perfume,avgmonth_tmp,0.3624552856130334,9.26365916944703e-9,,
worship,avgmonth_tmp,0.3637572766389532,1.545976681767328e-9,,
pineapple,avgmonth_tmp,0.36966225477140446,3.760495597189692e-5,,
male,avgmonth_tmp,0.38939363340537003,1.2139910876907253e-5,,
puberty,avgmonth_tmp,0.38986687038102147,1.2612616524198335e-6,,
buffalo,avgmonth_tmp,0.395007154276843,7.507101308218072e-5,,
scrotum,avgmonth_tmp,0.4024266914515986,2.5258233297575908e-6,,
monkey,avgmonth_tmp,0.40584714442517084,9.083217617375456e-9,,
coral,avgmonth_tmp,0.4140346577533002,2.007939593104972e-5,,
female,avgmonth_tmp,0.4200259703098022,7.489853494531875e-9,,
demon,avgmonth_tmp,0.42228048295161297,1.1222156224697894e-6,,
pounding,avgmonth_tmp,0.42262140751881766,1.8665574912609662e-8,,
tiger,avgmonth_tmp,0.4272426309692051,2.7806551871476318e-8,,
cotton,avgmonth_tmp,0.43172934645915145,1.5193888127867535e-13,,
semen,avgmonth_tmp,0.43370051434904944,NA,,Model convergence problem; non-positive-definite Hessian matrix. See vignette('troubleshooting')
ginger,avgmonth_tmp,0.4454379628070586,1.3080711426207431e-12,,
lizard,avgmonth_tmp,0.4489109662906059,1.189805735520249e-16,,
fruit,avgmonth_tmp,0.4542068640621661,1.4093846173477687e-32,,
tortoise,avgmonth_tmp,0.47445212851992413,4.580341958257732e-13,,
snake,avgmonth_tmp,0.4807526048209986,8.712970778459142e-21,,
turtle,avgmonth_tmp,0.4928831372415898,8.148673646835513e-12,,
parrot,avgmonth_tmp,0.5070486244791887,8.568336480415845e-14,,
palm,avgmonth_tmp,0.5386807801566771,9.395166605884941e-24,,
crocodile,avgmonth_tmp,0.5576512783040599,2.6558309767279484e-15,,
termite,avgmonth_tmp,0.5606171024617024,4.2547774510410425e-09,,
banana,avgmonth_tmp,0.6072528428261716,3.760538047794395e-11,,
elephant,avgmonth_tmp,0.628298094564851,3.000685315024795e-21,,
rice,avgmonth_tmp,0.6846392664674763,7.611490898710386e-14,,
jungle,avgmonth_tmp,0.7593336513220665,1.5214437460963672e-10,,
yam,avgmonth_tmp,0.8904685357520632,5.004867507615113e-15,,
bamboo,avgmonth_tmp,0.9964262267828514,3.863962412370638e-25,,
coconut,avgmonth_tmp,1.0812509886553543,2.684987307747193e-16,,
mango,avgmonth_tmp,1.2684089093843787,5.418207237103116e-35,,
wagon,maxmonth_pre,-0.5734736527754475,4.018759011960418e-12,,
telephone,maxmonth_pre,-0.4515652271601242,NA,Model convergence problem; non-positive-definite Hessian matrix. See vignette('troubleshooting'),
summer,maxmonth_pre,-0.4164891866581565,6.194961339401317e-16,,
autumn,maxmonth_pre,-0.4125020316626305,3.3164678311863264e-10,,
cheese,maxmonth_pre,-0.3933491005848397,2.142960604074388e-8,,
winter,maxmonth_pre,-0.37656864698102094,2.5298380978455356e-12,,
stress,maxmonth_pre,-0.3687469856386899,1.6523197563367408e-6,,
frost,maxmonth_pre,-0.3408360507903248,9.686007742035493e-8,,
boot,maxmonth_pre,-0.32926965246289913,4.4769652458816365e-8,,
donkey,maxmonth_pre,-0.31877884213397367,1.6264848878326113e-6,,
bus,maxmonth_pre,-0.30406462022146763,2.08755908190855e-4,,
troop,maxmonth_pre,-0.3003171831164377,2.069426624363816e-5,,
apron,maxmonth_pre,-0.2982973775501777,4.401695692664323e-5,,
truck,maxmonth_pre,-0.2939703603090177,4.938465586456787e-4,,
team,maxmonth_pre,-0.2913999152124624,2.1041192732065996e-6,,
rug,maxmonth_pre,-0.2860747044817616,4.1155731851802245e-5,,
dollar,maxmonth_pre,-0.2857440094024058,0.006326881565856095,,
dragon,maxmonth_pre,-0.2741124457368588,3.9188126043419406e-5,,
cloak,maxmonth_pre,-0.27333150892866015,3.506136818324949e-5,,
mare,maxmonth_pre,-0.2711240303570378,4.2144561953175045e-4,,
rifle,maxmonth_pre,-0.269410240696037,2.1497275762480712e-4,,
ice,maxmonth_pre,-0.2682407722154101,2.0796817702210515e-8,,
runner,maxmonth_pre,-0.2675269560515067,8.542666258159678e-7,,
text,maxmonth_pre,-0.26421792420471363,3.2821059354798485e-4,,
edition,maxmonth_pre,-0.2641961729719492,2.4518102446417528e-5,,
snow,maxmonth_pre,-0.26060448407500125,6.1621994413906245e-6,,
lunch,maxmonth_pre,-0.2601804771587411,6.946160950883349e-5,,
wheat,maxmonth_pre,-0.2559595874979318,1.4287611264920613e-6,,
bos,maxmonth_pre,-0.25403009638420876,1.579086375426519e-4,,
porridge,maxmonth_pre,-0.25387331255999585,9.293360887218658e-4,,
version,maxmonth_pre,-0.25167593402583704,1.1232218831643323e-4,,
fighter,maxmonth_pre,-0.248208571356976,4.074506855447966e-5,,
lamb,maxmonth_pre,-0.23367908885251337,2.9227935614924067e-5,,
professor,maxmonth_pre,-0.23135839977895256,1.9847470020429022e-4,,
sheep,maxmonth_pre,-0.2286545480804011,5.5184446983358416e-8,,
equipment,maxmonth_pre,-0.22766113701038265,8.238931070778271e-4,,
wolf,maxmonth_pre,-0.22674160663013976,9.347773241027948e-6,,
fur,maxmonth_pre,-0.2263968842971966,8.773843424710859e-7,,
drawer,maxmonth_pre,-0.22592099609874788,2.6923491343548624e-4,,
entry,maxmonth_pre,-0.22561329403031222,0.0019914744467919875,,
berry,maxmonth_pre,-0.22528998397006775,7.985011638451933e-5,,
culture,maxmonth_pre,-0.22473107027190636,1.5409278555741357e-5,,
rush,maxmonth_pre,-0.22281987023343217,5.857357283584185e-8,,
crackle,maxmonth_pre,-0.22233240911327223,0.002491151085377831,,
camel,maxmonth_pre,-0.22124065082967787,8.890805647573788e-4,,
stove,maxmonth_pre,-0.22080968613405463,5.695471871952453e-4,,
mess,maxmonth_pre,-0.2202419475129524,4.2696462792723945e-4,,
fabric,maxmonth_pre,-0.21891298088110855,0.003431295475075942,,
toilet,maxmonth_pre,-0.21804786910748586,0.002525821820330658,,
newspaper,maxmonth_pre,-0.21668629211386914,0.008723218950954351,,
transport,maxmonth_pre,-0.2164268253886398,2.6578396124029847e-4,,
pear,maxmonth_pre,-0.2158184469733923,0.0010779663790291018,,
jug,maxmonth_pre,-0.21437082326811221,1.5637454903048305e-4,,
drought,maxmonth_pre,-0.21406172331410744,3.0453887874529335e-5,,
record,maxmonth_pre,-0.2118354940705541,NA,Model convergence problem; non-positive-definite Hessian matrix. See vignette('troubleshooting'),
china,maxmonth_pre,-0.20925144733103793,0.002939440860625921,,
student,maxmonth_pre,-0.20708051089797003,1.2240754856723227e-4,,
exhaust,maxmonth_pre,-0.2068326988100847,2.4009691852428414e-4,,
strap,maxmonth_pre,-0.20644539458320696,1.1709455662248102e-4,,
cliff,maxmonth_pre,-0.19913179152895125,0.0011108936394310113,,
coffee,maxmonth_pre,-0.1991015157570834,0.007724361325726736,,
clip,maxmonth_pre,-0.19863079476371706,9.717037330389695e-4,,
policeman,maxmonth_pre,-0.19858158252087804,0.001480153399830562,,
switch,maxmonth_pre,-0.19843301916847936,0.0013856330490408127,,
sock,maxmonth_pre,-0.1982953660675192,0.0014736502272982431,,
tower,maxmonth_pre,-0.19727292381718078,2.5848451258908355e-4,,
wool,maxmonth_pre,-0.19540307557679634,4.39355184251215e-5,,
gorge,maxmonth_pre,-0.19521643972122507,0.0013078824275458934,,
problem,maxmonth_pre,-0.19336150412358336,0.0024643361643869694,,
oak,maxmonth_pre,-0.19326304449880413,0.009178229212341073,,
hare,maxmonth_pre,-0.19248601100117335,0.00156584843075889,,
horse,maxmonth_pre,-0.19176745127899494,1.7078492385938034e-5,,
butcher,maxmonth_pre,-0.18898416462545456,1.6443605444080325e-4,,
glue,maxmonth_pre,-0.1880304482004733,NA,,Model convergence problem; non-positive-definite Hessian matrix. See vignette('troubleshooting')
card,maxmonth_pre,-0.18789984110685776,0.0022086654900335305,,
cream,maxmonth_pre,-0.18732122848490182,0.001134053384344584,,
buck,maxmonth_pre,-0.18720353603466897,0.0024821259382325953,,
kid,maxmonth_pre,-0.18689084582545074,0.0021829042562409168,,
car,maxmonth_pre,-0.18682475074306407,0.0014759402633345467,,
document,maxmonth_pre,-0.18597832069959588,0.0025978623961525754,,
beef,maxmonth_pre,-0.18572695106896384,5.618716852132776e-4,,
grease,maxmonth_pre,-0.18429841822335669,5.5572993618535536e-5,,
research,maxmonth_pre,-0.18403121590174287,0.001282924698628402,,
sketch,maxmonth_pre,-0.18376635019296594,0.005274857008598596,,
product,maxmonth_pre,-0.18374882804449985,NA,Model convergence problem; non-positive-definite Hessian matrix. See vignette('troubleshooting'),
saddle,maxmonth_pre,-0.18327975675894664,4.420285413192869e-4,,
illustration,maxmonth_pre,-0.18321284006647795,NA,,Model convergence problem; non-positive-definite Hessian matrix. See vignette('troubleshooting')
definition,maxmonth_pre,-0.18286512280389636,NA,Model convergence problem; non-positive-definite Hessian matrix. See vignette('troubleshooting'),
glove,maxmonth_pre,-0.18163720590475185,0.006181847498915096,,
nonsense,maxmonth_pre,-0.18118565280268922,0.00090952092444025745,,
marsh,maxmonth_pre,-0.18083500961231347,0.001228129961172828,,
scarf,maxmonth_pre,-0.17899251002843217,0.004319875490848422,,
farmer,maxmonth_pre,-0.17778158110512512,0.002833165178213718,,
candy,maxmonth_pre,-0.17651004365935663,0.025507770205244928,,
rustle,maxmonth_pre,-0.17586121904820573,0.015647935525720823,,
volume,maxmonth_pre,-0.17493986421763505,1.1006975864336188e-4,,
kinship,maxmonth_pre,-0.17487139923042613,0.040141631662604,,
cupboard,maxmonth_pre,-0.17484720528033787,0.00658258991668256,,
turkey,maxmonth_pre,-0.17399139354984267,0.006066728763026123,,
ride,maxmonth_pre,-0.17381021618022574,1.1477097647928923e-4,,
shovel,maxmonth_pre,-0.1733611627047336,6.038665653690379e-4,,
carcass,maxmonth_pre,-0.17315267159037712,0.010556577282615678,,
train,maxmonth_pre,-0.1725744500714416,4.7756901926390943e-4,,
university,maxmonth_pre,-0.17117035022968302,0.004680232822909913,,
lard,maxmonth_pre,-0.1709037911464368,0.009817648345195735,,
coat,maxmonth_pre,-0.1692848769702375,1.0123526297223297e-4,,
chimney,maxmonth_pre,-0.16925095957613615,0.00619592960302583,,
rebel,maxmonth_pre,-0.16831689330566693,0.0040095975073590195,,
program,maxmonth_pre,-0.16758160483993714,0.025689957310194453,,
skim,maxmonth_pre,-0.16666137952476942,0.005514937712163214,,
slaughter,maxmonth_pre,-0.16621418413005767,4.692311155895352e-4,,
biscuit,maxmonth_pre,-0.16592921912152944,0.010640157718322746,,
camp,maxmonth_pre,-0.16467523000237463,8.68618279966065e-4,,
doctor,maxmonth_pre,-0.16037930421931437,2.8529806376486136e-4,,
ally,maxmonth_pre,-0.16018742050087012,0.012557097894742577,,
fox,maxmonth_pre,-0.15934798624970972,0.0022363284836326687,,
flank,maxmonth_pre,-0.15827741816176277,0.004129214097263638,,
howl,maxmonth_pre,-0.15798729875565326,5.608806801516517e-4,"Model convergence problem; singular convergence (7). See vignette('troubleshooting'), help('diagnose')",
squash,maxmonth_pre,-0.15780272338119328,0.018871520697343394,,
bicycle,maxmonth_pre,-0.15632780249252193,0.05078933338344292,,
desert,maxmonth_pre,-0.15572716260051128,1.1524040893299906e-4,,
ribbon,maxmonth_pre,-0.15554062878377353,0.00852095819168993,,
scrap,maxmonth_pre,-0.15498163043141022,0.010681208739439478,,
drill,maxmonth_pre,-0.15386940215419173,0.001083429459335844,,
training,maxmonth_pre,-0.15383341276420606,NA,Model convergence problem; non-positive-definite Hessian matrix. See vignette('troubleshooting'),
rack,maxmonth_pre,-0.15359121805764592,0.020639359945913028,,
holiday,maxmonth_pre,-0.15355022661595508,0.02224699470540615,,
population,maxmonth_pre,-0.15317997741660963,0.008812896799364773,,
monster,maxmonth_pre,-0.15242326564329475,0.012956739874605399,,
knob,maxmonth_pre,-0.15192804214905434,0.005138705174609078,,
thanks,maxmonth_pre,-0.1513359520356474,0.0019352828691273235,,
bump,maxmonth_pre,-0.15118673384812834,0.011694614424374937,,
calendar,maxmonth_pre,-0.15110435536960717,0.027020354002294154,,
prize,maxmonth_pre,-0.15024478859619886,0.008397009584994578,,
alcohol,maxmonth_pre,-0.14960640167600273,0.012297458367449304,,
station,maxmonth_pre,-0.14914007886771083,0.01230852741368811,,
punch,maxmonth_pre,-0.14887840127471216,0.010152170687371299,,
melon,maxmonth_pre,-0.14839345499341355,0.018441445559554803,,
goal,maxmonth_pre,-0.1481771806050721,0.010534191677700262,,
film,maxmonth_pre,-0.14759249376514333,0.03888934474902948,,
tomb,maxmonth_pre,-0.1475485840951019,0.012889686953443367,,
leather,maxmonth_pre,-0.1466692303900078,1.1611034448789537e-4,,
meter,maxmonth_pre,-0.145988844465378,0.039110777257925854,,
lodge,maxmonth_pre,-0.14581572066153134,0.015397892372093346,,
interpreter,maxmonth_pre,-0.1455051217708612,0.0014919866769126204,,
cone,maxmonth_pre,-0.1447406005509232,NA,,Model convergence problem; non-positive-definite Hessian matrix. See vignette('troubleshooting')
appeal,maxmonth_pre,-0.14468524239361777,0.012697075909993841,,
pea,maxmonth_pre,-0.1446417837569253,0.01624107916775142,,
gas,maxmonth_pre,-0.1445883567698615,NA,Model convergence problem; non-positive-definite Hessian matrix. See vignette('troubleshooting'),
ravine,maxmonth_pre,-0.14360040176276415,0.03231686294833365,,
stew,maxmonth_pre,-0.14334048898906282,0.036629308437857264,,
pronunciation,maxmonth_pre,-0.1428956894288458,0.016312613207278698,,
muzzle,maxmonth_pre,-0.14245853402583325,0.00927202989514862,,
ore,maxmonth_pre,-0.14107359575282769,NA,Model convergence problem; non-positive-definite Hessian matrix. See vignette('troubleshooting'),
collar,maxmonth_pre,-0.14055764486516864,0.0031824835779127973,,
flutter,maxmonth_pre,-0.14014353558712414,0.009898750505961,,
clam,maxmonth_pre,-0.13947008212507211,0.15497597062834395,,
comment,maxmonth_pre,-0.13946882850169437,0.009747394369102517,,
speed,maxmonth_pre,-0.1392693618490804,9.460537717930503e-4,,
engine,maxmonth_pre,-0.13867356737022693,0.023815567088259926,,
driver,maxmonth_pre,-0.13860408836496857,0.01132350144239568,,
disaster,maxmonth_pre,-0.13843002687836145,0.008083453749056967,,
barrier,maxmonth_pre,-0.13792991314051387,0.020189430996867905,,
rescue,maxmonth_pre,-0.1378751144908464,0.0023596314111898158,,
loaf,maxmonth_pre,-0.1378297859562469,0.013064754245104658,,
seam,maxmonth_pre,-0.13750919812781978,0.004059668485574674,,
worker,maxmonth_pre,-0.13742620415162865,0.003700166012432532,,
drip,maxmonth_pre,-0.1371994192798494,0.001031908876404523,,
formation,maxmonth_pre,-0.13652805578882657,NA,Model convergence problem; non-positive-definite Hessian matrix. See vignette('troubleshooting'),
pottery,maxmonth_pre,-0.13641119738843813,0.03720706563098974,,
provision,maxmonth_pre,-0.13637717894709814,0.003498411550446442,,
visitor,maxmonth_pre,-0.13560341882497642,0.00416399330530933,,
sleeve,maxmonth_pre,-0.13550486501398076,0.012420526713046722,,
haul,maxmonth_pre,-0.13435157042823417,0.03806495739014095,,
solution,maxmonth_pre,-0.13416067691483094,0.020839966389370232,,
library,maxmonth_pre,-0.1339580918971481,NA,Model convergence problem; non-positive-definite Hessian matrix. See vignette('troubleshooting'),
translation,maxmonth_pre,-0.1335180600929821,NA,Model convergence problem; non-positive-definite Hessian matrix. See vignette('troubleshooting'),
beverage,maxmonth_pre,-0.1330469225416555,0.030056951730649522,,
linguistics,maxmonth_pre,-0.13282751352874322,0.16767927055692836,,
tub,maxmonth_pre,-0.131706980380415,0.02987839315984088,,
vote,maxmonth_pre,-0.13144221302872441,0.10529422591041455,,
clothing,maxmonth_pre,-0.1310765109263449,0.003834963090282335,,
college,maxmonth_pre,-0.13099969062302852,0.0378547090460087,,
supper,maxmonth_pre,-0.1309002977097649,0.038525387228845395,,
cushion,maxmonth_pre,-0.13076771602257548,0.00860607854729935,,
safety,maxmonth_pre,-0.1306813624131715,0.005520503469923285,,
daytime,maxmonth_pre,-0.13047602124179694,0.052285542472205696,,
groove,maxmonth_pre,-0.13028160972976824,0.030180371686676265,,
tilt,maxmonth_pre,-0.1299216725943881,0.03945791987427418,,
chatter,maxmonth_pre,-0.12950803461599938,0.007933845091180749,,
travel,maxmonth_pre,-0.1294268220018922,2.786371696678441e-4,,
trickle,maxmonth_pre,-0.12923774369202876,0.02596140311512892,,
constellation,maxmonth_pre,-0.12898135199837865,0.05308923240076181,,
pace,maxmonth_pre,-0.12890011049509648,0.007222383306738764,,
lack,maxmonth_pre,-0.12871037817272418,0.0024010987480942076,,
lace,maxmonth_pre,-0.12866990787188468,0.02747184894436098,,
bullet,maxmonth_pre,-0.12832200597964888,0.008851076580884947,,
dough,maxmonth_pre,-0.12830215860089425,0.015703665300228813,,
model,maxmonth_pre,-0.12804980146680522,0.02249912929941804,,
detail,maxmonth_pre,-0.12787635084802798,0.004589186394747387,,
fund,maxmonth_pre,-0.12764142639071235,0.06137017799729237,,
tea,maxmonth_pre,-0.12745199670161872,0.013419534049520187,,
basis,maxmonth_pre,-0.12737599054760074,0.009988151459118248,,
barrel,maxmonth_pre,-0.12684993674703784,0.009213219228242357,,
shepherd,maxmonth_pre,-0.12646440997923125,0.013496515337765707,,
remark,maxmonth_pre,-0.12633816076159576,0.030434215551073,,
pail,maxmonth_pre,-0.12581856261419788,0.018906360090279725,,
stuff,maxmonth_pre,-0.12575855304813538,NA,Model convergence problem; non-positive-definite Hessian matrix. See vignette('troubleshooting'),
inn,maxmonth_pre,-0.12570876138744944,0.07076741597379402,,
package,maxmonth_pre,-0.12546006900600712,NA,,Model convergence problem; non-positive-definite Hessian matrix. See vignette('troubleshooting')
twitch,maxmonth_pre,-0.1254254663188922,0.02370880746112613,,
rabbit,maxmonth_pre,-0.12529699069317407,0.03109442957110033,,
list,maxmonth_pre,-0.1250848637043742,0.009725460805962908,,
button,maxmonth_pre,-0.12470156806411002,0.0032754851675469527,,
shock,maxmonth_pre,-0.12454924758791584,0.012758662601013838,,
yolk,maxmonth_pre,-0.12432772602631652,0.026763453662900054,,
beer,maxmonth_pre,-0.12367308633365616,0.08675858539641589,,
institute,maxmonth_pre,-0.1236306353789925,NA,Model convergence problem; non-positive-definite Hessian matrix. See vignette('troubleshooting'),
temperature,maxmonth_pre,-0.12347830830461462,NA,,Model convergence problem; non-positive-definite Hessian matrix. See vignette('troubleshooting')
brand,maxmonth_pre,-0.12296854267315109,0.006817022160298079,,
ox,maxmonth_pre,-0.12283867656553646,0.03649415246547921,,
dinner,maxmonth_pre,-0.12260980793535728,0.053551526159334915,,
stocking,maxmonth_pre,-0.12240102412047513,0.03697730777968353,,
column,maxmonth_pre,-0.1223749300381096,0.010888783746704649,,
tape,maxmonth_pre,-0.12204657704425365,0.03190890702681051,,
hemp,maxmonth_pre,-0.1219238373342188,0.055709446557597325,,
gall,maxmonth_pre,-0.12092493210605029,0.009146775710294546,,
store,maxmonth_pre,-0.12047163316386672,6.755612527033695e-5,,
valley,maxmonth_pre,-0.12045010234726847,0.007600272985322404,,
folk,maxmonth_pre,-0.1203413629209353,0.060934580398856734,,
shoe,maxmonth_pre,-0.1203141577037011,4.549979539840272e-4,,
cousin,maxmonth_pre,-0.1203102222601461,0.008044699246219192,,
surrender,maxmonth_pre,-0.1201113601163943,0.035615933773674106,,
principle,maxmonth_pre,-0.11898842382836704,0.043453468661995925,,
grape,maxmonth_pre,-0.11890096138983614,0.020433275801514394,,
relief,maxmonth_pre,-0.11814936080434803,0.024308829547146808,,
birthday,maxmonth_pre,-0.11799178750250645,0.02562719564674887,,
reader,maxmonth_pre,-0.11685639288064889,0.02737761773744057,,
brick,maxmonth_pre,-0.11647324863737366,0.01676601167417459,,
suspicion,maxmonth_pre,-0.11635120481292506,0.02467629058011714,,
spring,maxmonth_pre,-0.11619540037429092,1.2046977683304083e-5,,
salary,maxmonth_pre,-0.11550843035877878,0.06502488321807402,,
range,maxmonth_pre,-0.11510014053547561,0.012299633847450012,,
oven,maxmonth_pre,-0.11501911345097932,0.08533328784012366,,
deck,maxmonth_pre,-0.11448887438587357,0.10092390494365133,,
mule,maxmonth_pre,-0.11435299136607754,0.07035089640559675,,
scholar,maxmonth_pre,-0.11431446180400455,0.025718023811579865,,
curl,maxmonth_pre,-0.11428113942465569,0.0056569635311640235,,
reserve,maxmonth_pre,-0.11427461443752976,0.03985137938104667,,
quiver,maxmonth_pre,-0.11426341427494185,0.007839183240847654,,
district,maxmonth_pre,-0.11411405288591707,0.043027788451565886,,
organization,maxmonth_pre,-0.11392178051513786,0.01902723485078576,,
mountain,maxmonth_pre,-0.113818747238483,0.0038407445984785437,,
education,maxmonth_pre,-0.11358117336529268,0.0673112668945445,,
department,maxmonth_pre,-0.11337704948744938,1,,
plan,maxmonth_pre,-0.11321798879773448,0.00541692489730874,,
hurry,maxmonth_pre,-0.11319362051502532,5.372249309245502e-4,,
wail,maxmonth_pre,-0.11297992462171579,0.01880216239971494,,
urge,maxmonth_pre,-0.11287243514655385,0.013696205336966668,,
sack,maxmonth_pre,-0.11272482461915369,0.003132735657781099,,
coal,maxmonth_pre,-0.11253181489935281,0.0021610613218889306,,
puff,maxmonth_pre,-0.11219658606479398,0.024667689245337295,,
kettle,maxmonth_pre,-0.11203651033352084,0.03139646305391057,,
mist,maxmonth_pre,-0.1114745073449916,0.0021924970031013866,,
tow,maxmonth_pre,-0.11136396406265828,0.08786896167540373,,
teaching,maxmonth_pre,-0.11131338303871759,0.1236394451821091,,
signal,maxmonth_pre,-0.11044482521920825,0.026721823625684992,,
mount,maxmonth_pre,-0.10990967788445248,0.004020358349693901,,
football,maxmonth_pre,-0.10989010011655938,0.21699019537239655,,
communication,maxmonth_pre,-0.10980871325142641,NA,Model convergence problem; non-positive-definite Hessian matrix. See vignette('troubleshooting'),
feature,maxmonth_pre,-0.10969699109553545,NA,Model convergence problem; non-positive-definite Hessian matrix. See vignette('troubleshooting'),
chill,maxmonth_pre,-0.10959053486102337,0.04532218207110581,,
majority,maxmonth_pre,-0.10921293110384983,0.032232752073077436,,
talk,maxmonth_pre,-0.10909159252385517,0.07363592277633763,,
resident,maxmonth_pre,-0.10833287243907165,0.043338542516848697,,
issue,maxmonth_pre,-0.10798196609901081,0.01346264733785083,,
pump,maxmonth_pre,-0.10791667122494998,0.08186089771341416,,
singer,maxmonth_pre,-0.10787510602045819,0.014684441082389072,,
jacket,maxmonth_pre,-0.10783548762405808,0.06335781630463048,,
rape,maxmonth_pre,-0.10777955742261774,0.050325493764312786,,
secretary,maxmonth_pre,-0.10776396024882923,0.0730967235361627,,
bandage,maxmonth_pre,-0.10760285672910383,0.00802165875603041,,
highway,maxmonth_pre,-0.10731407074105896,0.0357288193754472,,
hay,maxmonth_pre,-0.10726009705856272,0.09487946439027843,,
tangle,maxmonth_pre,-0.10707993610617558,0.10496197654717543,,
whale,maxmonth_pre,-0.10707842534681161,0.1278705643296282,,
brow,maxmonth_pre,-0.10698022842237653,0.039484947052491164,,
crash,maxmonth_pre,-0.10696476182686612,0.06247163693670611,,
insult,maxmonth_pre,-0.1069336684978197,0.013183051744319649,,
barn,maxmonth_pre,-0.10671270194487914,0.13633552096403753,,
weather,maxmonth_pre,-0.10577036109216144,0.00873591254611508,,
goose,maxmonth_pre,-0.10543939085948047,0.017423170028436644,,
machine,maxmonth_pre,-0.10539562939394456,0.0505280079647614,,
aid,maxmonth_pre,-0.10527488182555365,NA,,Model convergence problem; non-positive-definite Hessian matrix. See vignette('troubleshooting')
production,maxmonth_pre,-0.10511484289515548,0.10022346919777995,,
category,maxmonth_pre,-0.10489765638480122,0.12182688467414446,,
view,maxmonth_pre,-0.10453992913483749,0.008293301703814069,,
index,maxmonth_pre,-0.10425423075594517,0.060273622549939204,,
rooster,maxmonth_pre,-0.10413048592501145,0.257286170739285,,
puppy,maxmonth_pre,-0.10373991003336322,1,,
fork,maxmonth_pre,-0.10349394101190033,0.009112414914852202,,
damage,maxmonth_pre,-0.1033401696678869,0.009965108870741564,,
crime,maxmonth_pre,-0.10315551021920899,0.041829749505353765,,
deed,maxmonth_pre,-0.10295254402280928,0.03007159418457972,,
hospital,maxmonth_pre,-0.10278591185257899,0.09219070158498627,,
trouser,maxmonth_pre,-0.10267872568537889,0.05589090906698949,,
role,maxmonth_pre,-0.102658706811569,0.10389457934392793,,
fling,maxmonth_pre,-0.10253995960943633,0.08378490645526532,,
province,maxmonth_pre,-0.10253525276648769,0.12412133260980056,,
chamber,maxmonth_pre,-0.10249181135071514,0.06777242849927348,,
rail,maxmonth_pre,-0.1022404827840433,0.06715879244768623,,
roller,maxmonth_pre,-0.10185565019311887,0.08353996167254193,,
decline,maxmonth_pre,-0.10182990738436024,0.045393554931316096,,
idiom,maxmonth_pre,-0.10179835423076561,0.28189986825214797,,
south,maxmonth_pre,-0.10134373267489251,0.014349003133586852,,
peanut,maxmonth_pre,-0.10115513900650001,0.3254521575733855,,
gentleman,maxmonth_pre,-0.10082584976845752,0.11187558597690245,,
target,maxmonth_pre,-0.10079521479030697,0.15120210931947092,,
rate,maxmonth_pre,-0.10063370543058449,0.08569244074685432,,
notch,maxmonth_pre,-0.10062918749712434,0.11646446379803346,,
cigarette,maxmonth_pre,-0.10047670826871825,0.19116035641191143,,
coast,maxmonth_pre,-0.10000749128796947,0.12588091562795184,,
grief,maxmonth_pre,-0.0999992285697679,0.03308169890436875,,
police,maxmonth_pre,-0.09993764236034794,NA,Model convergence problem; non-positive-definite Hessian matrix. See vignette('troubleshooting'),Model convergence problem; non-positive-definite Hessian matrix. See vignette('troubleshooting')
flap,maxmonth_pre,-0.09982153013237634,0.0262437137977328,,
pause,maxmonth_pre,-0.09980905167223014,0.08405975015762436,,
skirt,maxmonth_pre,-0.09935047089605537,0.037796996200567326,,
plague,maxmonth_pre,-0.0991257592418816,0.04922080093317675,,
supply,maxmonth_pre,-0.09907642751217391,0.020881500406201486,,
bracket,maxmonth_pre,-0.09902927386441898,0.07053493474692585,,
treatment,maxmonth_pre,-0.09900914738820857,0.03339775727110777,,
data,maxmonth_pre,-0.09894609028274129,0.1516249451435634,,
sadness,maxmonth_pre,-0.09819291757378458,0.07406963519514888,,
attack,maxmonth_pre,-0.09819051255271327,NA,Model convergence problem; non-positive-definite Hessian matrix. See vignette('troubleshooting'),
tug,maxmonth_pre,-0.09745390086156358,0.12103737569508186,,
trip,maxmonth_pre,-0.09743248828855886,0.021768682513302717,,
grammar,maxmonth_pre,-0.09697419514984001,NA,Model convergence problem; non-positive-definite Hessian matrix. See vignette('troubleshooting'),
warrior,maxmonth_pre,-0.09641415044446848,NA,,Model convergence problem; non-positive-definite Hessian matrix. See vignette('troubleshooting')
city,maxmonth_pre,-0.09633282627788634,0.07221791169537416,,
assistance,maxmonth_pre,-0.0962990399175298,NA,Model convergence problem; non-positive-definite Hessian matrix. See vignette('troubleshooting'),
scream,maxmonth_pre,-0.09627191744508055,0.03377433322656747,,
print,maxmonth_pre,-0.09604289062702946,0.03721152690601025,,
fore,maxmonth_pre,-0.09591992304076581,0.1264241564325517,,
choice,maxmonth_pre,-0.09588166334018694,0.015523488080379334,,
lad,maxmonth_pre,-0.09574411558595725,0.10648610396346321,,
breakfast,maxmonth_pre,-0.0954016634233659,0.08135125575624627,,
north,maxmonth_pre,-0.09490483936399716,0.017036852970150018,,
survey,maxmonth_pre,-0.09448308849082299,0.06465585753370397,,
council,maxmonth_pre,-0.09436774096433345,0.06553013487245575,,
officer,maxmonth_pre,-0.09417792066330836,0.07035761235287936,,
calf,maxmonth_pre,-0.09396755190102515,0.01053086592655653,,
belt,maxmonth_pre,-0.09379765456545232,0.007864731946049376,,
polish,maxmonth_pre,-0.09361483409562595,0.037757251861496414,,
nation,maxmonth_pre,-0.0930775760229924,0.10604774853961524,,
grandparent,maxmonth_pre,-0.0930504536816317,0.34198353706756573,,
page,maxmonth_pre,-0.09253954313444761,0.04394265191120142,,
herd,maxmonth_pre,-0.09218923416641828,0.037017158968664775,,
carpet,maxmonth_pre,-0.09213519762914876,0.0872049300170138,,
envelope,maxmonth_pre,-0.09210453278594627,0.05316027048006982,,
loop,maxmonth_pre,-0.09201546619073012,0.0824313863729683,,
evidence,maxmonth_pre,-0.09195307490849025,NA,Model convergence problem; non-positive-definite Hessian matrix. See vignette('troubleshooting'),
sport,maxmonth_pre,-0.09187078869273789,0.10271757703826676,,
paint,maxmonth_pre,-0.0918408376844564,0.011040614983704525,,
manuscript,maxmonth_pre,-0.09165644262732776,NA,Model convergence problem; non-positive-definite Hessian matrix. See vignette('troubleshooting'),
president,maxmonth_pre,-0.09159161537999017,0.1857562462603425,,
rash,maxmonth_pre,-0.09158512229557535,0.021857050084993702,,
helper,maxmonth_pre,-0.09038674353114663,NA,Model convergence problem; non-positive-definite Hessian matrix. See vignette('troubleshooting'),
project,maxmonth_pre,-0.09035611913212044,0.02877815074160617,,
marrow,maxmonth_pre,-0.09020194087898713,0.02612205266680103,,
carrier,maxmonth_pre,-0.09004698701562114,0.10345311040113547,,
swimming,maxmonth_pre,-0.08991348027777175,0.037661544114801195,,
shirt,maxmonth_pre,-0.08990158653951164,0.0737913388614666,,
bread,maxmonth_pre,-0.08987306592690865,0.018177402519682286,,
march,maxmonth_pre,-0.08985491846721713,0.014050204926084782,,
plug,maxmonth_pre,-0.08907797046011146,0.10018037296957114,,
report,maxmonth_pre,-0.08899673846011157,0.017023253610476186,,
seal,maxmonth_pre,-0.08896984069562425,0.05159730058453132,,
heel,maxmonth_pre,-0.0888301561078467,0.002426431675825467,,
crane,maxmonth_pre,-0.08879474119507988,0.0513584055197053,,
guitar,maxmonth_pre,-0.08859683829455024,0.2079598234622348,,
inquiry,maxmonth_pre,-0.08859460913872495,0.08789806966484914,,
situation,maxmonth_pre,-0.08855232324909336,0.06190469901734594,,
suspect,maxmonth_pre,-0.08851279540577027,0.0283446637821175,,
wilderness,maxmonth_pre,-0.08840980316986548,0.10141634062645621,,
example,maxmonth_pre,-0.08840286124758513,0.23896040709513558,,
flight,maxmonth_pre,-0.08796169897532462,0.038224203562139986,,
claim,maxmonth_pre,-0.08785305344820794,0.0478818495873116,,
stab,maxmonth_pre,-0.08774870477764668,0.04895000192405726,,
description,maxmonth_pre,-0.08767132317811153,0.06730374208280368,,
score,maxmonth_pre,-0.08747594803809619,0.17244279491054207,,
idea,maxmonth_pre,-0.08724704579007582,0.040868958403056016,,
clot,maxmonth_pre,-0.08720120963694361,0.11284977553650156,,
bucket,maxmonth_pre,-0.08714842255180884,0.04117355319472477,,
approach,maxmonth_pre,-0.086939463485931,0.005771326707947798,,
location,maxmonth_pre,-0.08675104122614105,0.22633791108031515,,
plane,maxmonth_pre,-0.08637306883389809,0.048562945736659285,,
lady,maxmonth_pre,-0.08615535144898266,0.09092393110738611,,
wake,maxmonth_pre,-0.08603736888581136,0.04608412554457058,,
fuel,maxmonth_pre,-0.08582763306935072,0.08870068104600687,,
basin,maxmonth_pre,-0.08566551148227904,0.04078806671793514,,
territory,maxmonth_pre,-0.08564194542000111,0.10456338159422725,,
spade,maxmonth_pre,-0.08540987150437665,0.07587319347306094,,
scalp,maxmonth_pre,-0.08529590211861077,0.20754298886211553,,
tile,maxmonth_pre,-0.0852793324066461,0.15881541174713543,,
pop,maxmonth_pre,-0.08523075219082149,0.15648318004589318,,
goodbye,maxmonth_pre,-0.08521494245633873,NA,Model convergence problem; non-positive-definite Hessian matrix. See vignette('troubleshooting'),
rattle,maxmonth_pre,-0.08502024079666184,0.070846056346581,,
drug,maxmonth_pre,-0.08488341664887687,0.18230487798950223,,
cargo,maxmonth_pre,-0.08472242626813467,0.17776923060738056,,
baggage,maxmonth_pre,-0.08433279454505654,0.13959249919935418,,
shop,maxmonth_pre,-0.08432916147083719,0.11369248415208817,,
jet,maxmonth_pre,-0.08382610139803447,0.14728840379939284,,
descendant,maxmonth_pre,-0.08334981119314433,0.09641463756816823,,
daylight,maxmonth_pre,-0.08266921539997524,0.10999839826599696,,
link,maxmonth_pre,-0.08250974732838137,0.09122519161098179,,
observation,maxmonth_pre,-0.0822148629822678,0.12089791974037152,,
dialect,maxmonth_pre,-0.08195021271851803,0.23278946932080002,,
construction,maxmonth_pre,-0.08139129421409022,0.10315319988253176,,
neglect,maxmonth_pre,-0.081302977975527,0.04751671820879149,,
cord,maxmonth_pre,-0.08126899437571565,0.024403672449652147,,
century,maxmonth_pre,-0.08124730486621345,0.19782148201443506,,
proof,maxmonth_pre,-0.08122646193655529,0.08712488265830563,,
hunt,maxmonth_pre,-0.08117548428110698,0.05364674025128428,,
vegetation,maxmonth_pre,-0.0808766037001427,0.16376021851639128,,
mill,maxmonth_pre,-0.08060935447881667,0.10439641323843502,,
dusk,maxmonth_pre,-0.08018935921202311,0.09771399758727568,,
prisoner,maxmonth_pre,-0.08004217456848696,0.06429296901774616,,
fright,maxmonth_pre,-0.07989530401440224,0.06192117183252561,,
accident,maxmonth_pre,-0.07961837956675431,0.05643421551540524,,
trail,maxmonth_pre,-0.07948604099101056,0.1534538676248705,,
breed,maxmonth_pre,-0.07942205223720865,0.07468345268051867,,
east,maxmonth_pre,-0.07924621171180776,0.033759329523861216,,
wine,maxmonth_pre,-0.07912055824513839,0.1997504384604345,,
mate,maxmonth_pre,-0.07876563073593167,0.1192069073180736,,
limp,maxmonth_pre,-0.07871160435392399,0.044550109492386386,,
eagle,maxmonth_pre,-0.0786649932594127,0.06360412701255022,,
band,maxmonth_pre,-0.0783923385661837,0.046497465879194816,,
injection,maxmonth_pre,-0.0783890112663279,0.2176378080039812,,
expert,maxmonth_pre,-0.07821898207515711,0.12316267376210341,,
track,maxmonth_pre,-0.07767367341029258,0.045844228779045496,,
crease,maxmonth_pre,-0.0772482090123724,0.18091820428433728,,
lake,maxmonth_pre,-0.07684044549861653,0.08697968867492446,,
draft,maxmonth_pre,-0.07681810639600782,0.13201526913056105,,
lighting,maxmonth_pre,-0.07674092488923771,0.11193321650788603,,
moan,maxmonth_pre,-0.07649107674842705,NA,,Model convergence problem; non-positive-definite Hessian matrix. See vignette('troubleshooting')
socket,maxmonth_pre,-0.07647906237714501,0.1485006718548838,,
torture,maxmonth_pre,-0.07644373190871888,0.1878864903615935,,
gossip,maxmonth_pre,-0.07644174616363443,0.09674342548386307,,
mourning,maxmonth_pre,-0.07636830793303646,0.1318680466096908,,
fun,maxmonth_pre,-0.07600745098170822,NA,,Model convergence problem; non-positive-definite Hessian matrix. See vignette('troubleshooting')
fact,maxmonth_pre,-0.07572833734472167,0.046582849426978136,,
information,maxmonth_pre,-0.07525490183953239,0.06986961585946985,,
dent,maxmonth_pre,-0.07523044956583053,0.23506024458416577,,
harm,maxmonth_pre,-0.07516651954814699,0.05324767046879832,,
reprimand,maxmonth_pre,-0.07513145112163047,0.20922069465475462,,
window,maxmonth_pre,-0.0750391341288377,0.03362720966732825,,
diamond,maxmonth_pre,-0.07481131440650875,0.16183285379470178,,
hack,maxmonth_pre,-0.07444685372656774,0.18765040021363855,,
paste,maxmonth_pre,-0.07444536957450383,0.1729661358771472,,
stitch,maxmonth_pre,-0.07440965819734402,0.11893100722047327,,
wheel,maxmonth_pre,-0.07438729020607024,0.03585699654454524,,
pine,maxmonth_pre,-0.07438522195528394,0.16443012504681004,,
brook,maxmonth_pre,-0.074328209945083,0.24376515649370073,,
baking,maxmonth_pre,-0.07401680631105068,0.22242157287439876,,
emotion,maxmonth_pre,-0.07398360081607486,NA,Model convergence problem; non-positive-definite Hessian matrix. See vignette('troubleshooting'),
papa,maxmonth_pre,-0.07397270671714107,0.41440481188312533,,
pocket,maxmonth_pre,-0.07383442610392349,0.06707914694030412,,
tomato,maxmonth_pre,-0.07362210062304969,0.32230728975751666,,
tool,maxmonth_pre,-0.0735395981377254,0.06604191624972527,,
legend,maxmonth_pre,-0.07351450724399554,NA,Model convergence problem; non-positive-definite Hessian matrix. See vignette('troubleshooting'),Model convergence problem; non-positive-definite Hessian matrix. See vignette('troubleshooting')
trial,maxmonth_pre,-0.07351198618792892,0.21302085024510328,,
rage,maxmonth_pre,-0.0730282517793498,0.15073885709351695,,
reality,maxmonth_pre,-0.07300032813985044,0.14960016562041656,,
cent,maxmonth_pre,-0.07286530138608854,0.27549320214285766,,
explanation,maxmonth_pre,-0.07285627533314992,0.09438942269982639,,
sewing,maxmonth_pre,-0.07276393765226871,0.09116567870624856,,
spin,maxmonth_pre,-0.07233294514671716,0.08005926316100788,,
maker,maxmonth_pre,-0.07204828797096546,0.14650921994880559,,
painting,maxmonth_pre,-0.07191549354802317,0.23735204093896933,,
copy,maxmonth_pre,-0.07179058220475175,0.10383531943146357,,
study,maxmonth_pre,-0.071576053097229,0.10780777353810106,,
appendix,maxmonth_pre,-0.07147558735239877,0.38471850775442745,,
conflict,maxmonth_pre,-0.07113946319071598,0.2188794611247658,,
possibility,maxmonth_pre,-0.0709912628074066,0.15088663751701395,,
eve,maxmonth_pre,-0.07096735285611272,0.30444165721058963,,
encounter,maxmonth_pre,-0.070897202463641,0.10507357795782415,,
peak,maxmonth_pre,-0.07085844051701048,0.09303633507953149,,
ease,maxmonth_pre,-0.07085631409897279,0.06819047407103386,,
meat,maxmonth_pre,-0.07061834787594892,0.02325643320998991,,
representative,maxmonth_pre,-0.07050451989278113,0.14731424475654623,,
profession,maxmonth_pre,-0.07007570544477026,0.2261267840918495,,
bone,maxmonth_pre,-0.07002701170069704,0.006089729007997834,,
fog,maxmonth_pre,-0.0698386672829315,0.07069652064670581,,
rut,maxmonth_pre,-0.06969425350453387,0.2284204464383086,,
landing,maxmonth_pre,-0.06950631264788759,0.28879039755448416,,
rumble,maxmonth_pre,-0.06949588364691109,0.25504545050037886,,
sparkle,maxmonth_pre,-0.06926299910748686,0.22729832162193045,,
map,maxmonth_pre,-0.06919590545182293,NA,,Model convergence problem; non-positive-definite Hessian matrix. See vignette('troubleshooting')
mail,maxmonth_pre,-0.0691640695142096,0.20389312359108858,,
storm,maxmonth_pre,-0.06911853885956522,NA,Model convergence problem; non-positive-definite Hessian matrix. See vignette('troubleshooting'),
gratitude,maxmonth_pre,-0.06904156713151093,0.19311721249276445,,
host,maxmonth_pre,-0.06899824454657487,0.14414591853651756,,
butter,maxmonth_pre,-0.06878345440080011,0.15137399816471375,,
assault,maxmonth_pre,-0.0683673459525933,0.1574633949094053,,
muscle,maxmonth_pre,-0.06819042164441393,0.07404509539526086,,
hedge,maxmonth_pre,-0.0679604895175446,0.27542199356670577,,
route,maxmonth_pre,-0.06791409702470431,0.14988425618153314,,
concern,maxmonth_pre,-0.06742891396152645,0.11091459568795559,,
file,maxmonth_pre,-0.06738900745881277,0.07955910165525173,,
objective,maxmonth_pre,-0.06735793929989123,0.3357429654283805,,
shaft,maxmonth_pre,-0.06729569101621101,0.20390627401912265,,
craft,maxmonth_pre,-0.06703748257249881,0.19642424031944072,,
job,maxmonth_pre,-0.06683553003100398,0.15925812611233825,,
jail,maxmonth_pre,-0.06674661622953902,NA,,Model convergence problem; non-positive-definite Hessian matrix. See vignette('troubleshooting')
lever,maxmonth_pre,-0.06660385071768393,0.2397063585399658,,
battle,maxmonth_pre,-0.06654546938281061,0.15677738677309555,,
spill,maxmonth_pre,-0.06645123517854393,0.1303536667603934,,
pool,maxmonth_pre,-0.06637990076288576,0.06308052157622016,,
player,maxmonth_pre,-0.06631862582496074,0.2476502587474191,,
apple,maxmonth_pre,-0.06598518863322435,0.07773003519525377,,
whip,maxmonth_pre,-0.0655806804341252,0.059251306199380516,,
room,maxmonth_pre,-0.06543847474994703,0.07039699512800607,,
trace,maxmonth_pre,-0.06531141560121041,0.11242705357336201,,
history,maxmonth_pre,-0.06479695217598286,0.16207761740721258,,
escort,maxmonth_pre,-0.0645803212328567,0.2719600726263342,,
agent,maxmonth_pre,-0.0644243518717094,0.2612562899088425,,
brain,maxmonth_pre,-0.06434100379784874,0.058838538121991066,,
purse,maxmonth_pre,-0.06423292154120334,0.13579499347898785,,
minister,maxmonth_pre,-0.06416041875343498,0.2807738947666799,,
table,maxmonth_pre,-0.06376155288455182,0.10883963854475553,,
defense,maxmonth_pre,-0.06375495430209073,0.21325762213037314,,
nurse,maxmonth_pre,-0.06368679917806767,0.07833204358333654,,
task,maxmonth_pre,-0.06334573281720524,0.09524764118194509,,
ion,maxmonth_pre,-0.0632215836031047,0.4311618838818483,,
party,maxmonth_pre,-0.06321798409514313,0.1573517270790385,,
selection,maxmonth_pre,-0.06314468290658795,0.18628635358747261,,
drift,maxmonth_pre,-0.06299540441437844,0.2701318851143325,,
exit,maxmonth_pre,-0.06283263628792186,0.27787593912255915,,
delight,maxmonth_pre,-0.0628093704228927,0.2632605919922198,,
announcement,maxmonth_pre,-0.06280693110705222,0.2792171556798864,,
pebble,maxmonth_pre,-0.06254585521761241,0.1245671418588916,,
slide,maxmonth_pre,-0.06223855816526203,0.17064511772459753,,
bang,maxmonth_pre,-0.06216002842437645,0.39464796387218276,,
gland,maxmonth_pre,-0.06161652428692065,0.2230421167862192,,
suggestion,maxmonth_pre,-0.061552341596806816,0.22598659531421275,,
milk,maxmonth_pre,-0.06151406078193261,0.05812328908282412,,
retreat,maxmonth_pre,-0.06145027731230078,0.20271845319160484,,
gulp,maxmonth_pre,-0.06127506465462467,0.2643629360163265,,
tribe,maxmonth_pre,-0.06122466774235754,0.3428102010458829,,
experience,maxmonth_pre,-0.061066862544133176,0.0918701622775456,,
hut,maxmonth_pre,-0.06089436325976409,0.2433864755535023,,
mistake,maxmonth_pre,-0.060700364183263716,0.05046524715806234,,
pin,maxmonth_pre,-0.060657212140743794,0.17883211373419486,,
street,maxmonth_pre,-0.060650740088557184,0.2912230062678785,,
smack,maxmonth_pre,-0.060390080998564605,0.3424144231677818,,
army,maxmonth_pre,-0.0603221344150228,0.27665766332677455,,
kiss,maxmonth_pre,-0.06027193945729485,0.10044125524057819,,
killer,maxmonth_pre,-0.060247765347986294,0.3329272493870973,,
gravel,maxmonth_pre,-0.06008865260650659,0.12946840221588152,,
sucker,maxmonth_pre,-0.05986391332800606,0.3908547491810942,,
opponent,maxmonth_pre,-0.05980808640440411,0.23420227263022475,,
vinegar,maxmonth_pre,-0.05954252856645077,0.29680322787347274,,
flock,maxmonth_pre,-0.05937626437298233,0.11909055620457411,,
injury,maxmonth_pre,-0.05931569731605016,NA,Model convergence problem; non-positive-definite Hessian matrix. See vignette('troubleshooting'),
tent,maxmonth_pre,-0.059218803703696025,0.21528380991788065,,
braid,maxmonth_pre,-0.05893005421836808,0.18860957726238659,,
date,maxmonth_pre,-0.05881880102131686,0.14411027705644883,,
screw,maxmonth_pre,-0.058774606195882234,0.26935099718567773,,
operation,maxmonth_pre,-0.05875743816654227,0.27936622840769154,,
wrinkle,maxmonth_pre,-0.05872671193116119,0.14854473790912265,,
robe,maxmonth_pre,-0.0584240155786399,0.36667394334341885,,
success,maxmonth_pre,-0.05824294542898132,0.1362040377966941,,
artery,maxmonth_pre,-0.05814952261413816,NA,,Model convergence problem; non-positive-definite Hessian matrix. See vignette('troubleshooting')
guide,maxmonth_pre,-0.058043577608739065,0.08129014107347352,,
mast,maxmonth_pre,-0.05796466871979998,0.33589451142549465,,
gap,maxmonth_pre,-0.05794642502790771,NA,Model convergence problem; non-positive-definite Hessian matrix. See vignette('troubleshooting'),
curtain,maxmonth_pre,-0.057914214823208084,0.2151635907996476,,
staff,maxmonth_pre,-0.057847568460114074,0.1821142728064627,,
heir,maxmonth_pre,-0.05767692649713462,0.19974044971779908,,
control,maxmonth_pre,-0.0576397593351493,0.1425816835343683,,
despair,maxmonth_pre,-0.0575872409716251,0.26415578704575576,,
chat,maxmonth_pre,-0.05757893050420893,0.3199500218750581,,
mission,maxmonth_pre,-0.057414902620551725,1,,
cloud,maxmonth_pre,-0.05733883228881092,0.04842950379464322,,
stroll,maxmonth_pre,-0.05729418731553723,0.3524853288140098,,
bond,maxmonth_pre,-0.05725795374875118,0.26544894510614947,,
preface,maxmonth_pre,-0.05723663955347472,0.17843158344548704,,
patient,maxmonth_pre,-0.05715948964139773,0.17481644989961506,,
bowl,maxmonth_pre,-0.05708235907100509,0.16931154713412808,,
competition,maxmonth_pre,-0.056982547039314595,0.3232025164602091,,
burrow,maxmonth_pre,-0.05684698801141569,0.3542589718534205,,
passenger,maxmonth_pre,-0.056819781286882726,0.4015187827659079,,
pupil,maxmonth_pre,-0.05675724890185009,0.11285503913953426,,
rank,maxmonth_pre,-0.056424817076016945,0.27168187519764453,,
credit,maxmonth_pre,-0.05618693758128966,0.3238405940758877,,
whisper,maxmonth_pre,-0.05610595903433359,0.12127026796479054,,
ownership,maxmonth_pre,-0.05608669412633495,0.26894507776071447,,
cry,maxmonth_pre,-0.0560565987267437,0.329925200304479,,
hat,maxmonth_pre,-0.05599188583048796,0.13250060381752146,,
method,maxmonth_pre,-0.05588258522907537,NA,Model convergence problem; non-positive-definite Hessian matrix. See vignette('troubleshooting'),Model convergence problem; non-positive-definite Hessian matrix. See vignette('troubleshooting')
wedding,maxmonth_pre,-0.05575019410563928,0.3388025790835786,,
discipline,maxmonth_pre,-0.05567053927085067,0.3027132396822976,,
mattress,maxmonth_pre,-0.05566296616228983,0.2929430248931121,,
fort,maxmonth_pre,-0.05550512387961883,0.3796862252890375,,
visit,maxmonth_pre,-0.055422038507941765,0.06229711687480345,,
hour,maxmonth_pre,-0.0552981064120901,0.13217217102138606,,
collapse,maxmonth_pre,-0.05511720171065598,0.3029092672712352,,
distribution,maxmonth_pre,-0.054943167465773574,0.3116824708025804,,
til,maxmonth_pre,-0.054894625958303876,0.48305431903871104,,
afternoon,maxmonth_pre,-0.05440449859965396,0.16704971061825316,,
office,maxmonth_pre,-0.0543189441285815,0.2996235361908516,,
crust,maxmonth_pre,-0.0542561370096504,0.2950738490093783,,
shiver,maxmonth_pre,-0.05417496708814477,0.1586775099396199,,
refrain,maxmonth_pre,-0.0541623369149332,NA,Model convergence problem; non-positive-definite Hessian matrix. See vignette('troubleshooting'),
rock,maxmonth_pre,-0.054026574133186026,0.12536055408445965,,
glass,maxmonth_pre,-0.05397034229603116,0.108511931639657,,
kick,maxmonth_pre,-0.053928056804650654,0.11519147510772072,,
country,maxmonth_pre,-0.053748435336794353,0.1398169207982019,,
holder,maxmonth_pre,-0.05373266641268273,0.3029455631084652,,
rag,maxmonth_pre,-0.05362553483247801,0.18292131688180865,,
smear,maxmonth_pre,-0.05346436043101073,0.2504630484543977,,
tendon,maxmonth_pre,-0.05334013263797,0.28126115430250476,,
exhibit,maxmonth_pre,-0.05328134635946565,0.35439733796354006,,
trench,maxmonth_pre,-0.05318023208508201,0.24000080779425137,,
tattoo,maxmonth_pre,-0.053075401974353315,0.4909351422842622,,
bosom,maxmonth_pre,-0.05305142967791831,0.2937074553688002,,
reason,maxmonth_pre,-0.05302863839653802,0.016231745448759778,,
grant,maxmonth_pre,-0.05289212929056894,0.24079914436300637,,
cost,maxmonth_pre,-0.05274162159992979,0.2528998411560843,,
orphan,maxmonth_pre,-0.05258740032971531,0.17814356595272401,,
idiot,maxmonth_pre,-0.052268496842072264,0.37199672562971314,,
chant,maxmonth_pre,-0.05223660812610768,0.5004859953177817,,
healing,maxmonth_pre,-0.052061885081436825,0.27224292454702775,,
equivalent,maxmonth_pre,-0.05197796266814736,0.19078789974597124,,
accord,maxmonth_pre,-0.05194822284797539,0.2858302097379288,,
garbage,maxmonth_pre,-0.05190158645548009,0.4593943567782131,,
benefit,maxmonth_pre,-0.05190060646243163,0.23405388162571564,,
sunlight,maxmonth_pre,-0.0518655506775564,0.3995600299005129,,
region,maxmonth_pre,-0.051778514661720225,NA,Model convergence problem; non-positive-definite Hessian matrix. See vignette('troubleshooting'),Model convergence problem; non-positive-definite Hessian matrix. See vignette('troubleshooting')
memory,maxmonth_pre,-0.05162582854869143,0.15300013514755956,,
gutter,maxmonth_pre,-0.05143018859190917,0.3675005313041764,,
usage,maxmonth_pre,-0.051304348139251076,0.3900624398529675,,
energy,maxmonth_pre,-0.05125238170957616,0.31848634876294313,,
error,maxmonth_pre,-0.05103181875520535,0.22792078700892887,,
photograph,maxmonth_pre,-0.05080676110522985,0.35072648081039104,,
bog,maxmonth_pre,-0.050675566749890495,0.4431167853498926,,
fingernail,maxmonth_pre,-0.050536222605734614,0.5235161353668989,,
court,maxmonth_pre,-0.05034768895833707,0.2206709958680522,,
occurrence,maxmonth_pre,-0.05030229175096345,0.39531168398366745,,
stagger,maxmonth_pre,-0.05020513039981161,0.25158821043718227,,
purchase,maxmonth_pre,-0.050143027360254756,0.2325689668376034,,
nickname,maxmonth_pre,-0.049713699342587465,NA,Model convergence problem; non-positive-definite Hessian matrix. See vignette('troubleshooting'),
spell,maxmonth_pre,-0.0496389280784644,0.2964535370156189,,
shower,maxmonth_pre,-0.049365365072563776,0.2378178590136093,,
pencil,maxmonth_pre,-0.04913073636289018,0.27877028757823474,,
pearl,maxmonth_pre,-0.04905904705170275,0.39222082923713597,,
spouse,maxmonth_pre,-0.04897856231822373,0.47667258733044016,,
element,maxmonth_pre,-0.04892374246775239,0.46639645503950544,,
bed,maxmonth_pre,-0.048906421963472474,0.03189669427659869,,
broth,maxmonth_pre,-0.048873990190905346,0.3947622408371574,,
music,maxmonth_pre,-0.04879412400019663,0.32644349212463863,,
rake,maxmonth_pre,-0.04879346430297466,0.3087204878257116,,
parcel,maxmonth_pre,-0.04874318054486746,0.36908604023681457,,
neighbor,maxmonth_pre,-0.04866620308318405,0.22922888901051355,,
hero,maxmonth_pre,-0.04843984022945665,0.3380093055101332,,
keeper,maxmonth_pre,-0.04840798753931221,0.3620639989236611,,
soldier,maxmonth_pre,-0.048010865442221086,0.19572835257519303,,
pill,maxmonth_pre,-0.047975610336899566,0.351643984196782,,
motor,maxmonth_pre,-0.04775545939254722,NA,Model convergence problem; non-positive-definite Hessian matrix. See vignette('troubleshooting'),
glance,maxmonth_pre,-0.0477158022015745,0.2796822331541175,,
club,maxmonth_pre,-0.047650625975978605,0.22903874499416638,,
dish,maxmonth_pre,-0.047644623915493144,0.14311546211650455,,
tax,maxmonth_pre,-0.04755097815974714,0.30302618341035376,,
struggle,maxmonth_pre,-0.04754505487867175,0.23857157161208864,,
occupation,maxmonth_pre,-0.04726783715981565,0.30629443986855626,,
chair,maxmonth_pre,-0.04719811639470856,0.20459767938494194,,
intent,maxmonth_pre,-0.047166011790951916,0.40230126218176365,,
beard,maxmonth_pre,-0.04706021153400161,0.08017152652318545,,
remnant,maxmonth_pre,-0.04705850589336713,0.3593478855098778,,
leap,maxmonth_pre,-0.04679070084966272,0.26089483296232496,,
thought,maxmonth_pre,-0.046746046295238035,0.33735662541072375,,
sink,maxmonth_pre,-0.04665651176947095,0.1596117378314969,,
sway,maxmonth_pre,-0.046510139940873184,0.26384214223370445,,
trim,maxmonth_pre,-0.04630846411957673,0.2828287738137483,,
exchange,maxmonth_pre,-0.04625409741762349,0.15493875532142956,,
attempt,maxmonth_pre,-0.04623750707592593,0.18621302367963108,,
beast,maxmonth_pre,-0.04620295386383355,0.39511111292327605,,
justice,maxmonth_pre,-0.04619973724267208,0.32602085713642664,,
system,maxmonth_pre,-0.046079825322005365,0.3950379909742906,,
devil,maxmonth_pre,-0.04599779917760044,0.34478826478118696,,
brush,maxmonth_pre,-0.045972548540761986,0.211085731768379,,
pattern,maxmonth_pre,-0.045915940827337215,0.30451893541120145,,
illness,maxmonth_pre,-0.045865694596265966,0.2480836429314679,,
question,maxmonth_pre,-0.04562786011415023,0.08824020565716995,,
activity,maxmonth_pre,-0.04562221641190889,NA,Model convergence problem; non-positive-definite Hessian matrix. See vignette('troubleshooting'),
brace,maxmonth_pre,-0.045575279437989974,0.42940857549473715,,
wrath,maxmonth_pre,-0.045510265423540704,0.39544321165776175,,
pasture,maxmonth_pre,-0.04545193416845621,0.4191805395805631,,
blanket,maxmonth_pre,-0.045439578638746175,0.3364807035297673,,
board,maxmonth_pre,-0.04532054046726034,0.2584798307299781,,
literature,maxmonth_pre,-0.04528356641558441,0.47640873548205015,,
clerk,maxmonth_pre,-0.04526050703751149,0.3997963210674004,,
bitch,maxmonth_pre,-0.04518978969936681,0.36413839718397234,,
toy,maxmonth_pre,-0.04509101820894943,0.31218696830911047,,
introduction,maxmonth_pre,-0.04498647699755984,0.22629976116524667,,
heating,maxmonth_pre,-0.04492360904721874,0.42665207618689116,,
vein,maxmonth_pre,-0.04484381342186684,0.13486393949851183,,
sweat,maxmonth_pre,-0.04480756460223526,0.16184795711088967,,
material,maxmonth_pre,-0.04468338885306689,0.18784826498430773,,
wire,maxmonth_pre,-0.04434377644605656,0.2797035325272584,,
eyebrow,maxmonth_pre,-0.04430602617131482,0.2591536738881497,,
peer,maxmonth_pre,-0.04428768728540254,NA,,Model convergence problem; non-positive-definite Hessian matrix. See vignette('troubleshooting')
cabbage,maxmonth_pre,-0.04422597908376981,0.46729254181940605,,
overflow,maxmonth_pre,-0.044079623045236986,0.28799643990236806,,
flag,maxmonth_pre,-0.04402747986930896,0.28914934057155905,,
pant,maxmonth_pre,-0.0438798217720347,0.2799447174698779,,
area,maxmonth_pre,-0.04387381765425129,0.4083938023634365,,
whirl,maxmonth_pre,-0.04371389198686599,0.40033584842690156,,
function,maxmonth_pre,-0.0436539152821978,0.35783626731797297,,
leader,maxmonth_pre,-0.0436511294172308,0.22672112587422374,,
summit,maxmonth_pre,-0.043502703062239315,0.41492516480206326,,
marble,maxmonth_pre,-0.043496618106491566,0.5074424189690941,,
attitude,maxmonth_pre,-0.04347401048329012,0.39785678621980575,,
hoop,maxmonth_pre,-0.04341252211287142,0.47908952883673317,,
victim,maxmonth_pre,-0.04321283853984709,0.378813747807451,,
evening,maxmonth_pre,-0.04317586615950351,0.07802590802636042,,
eater,maxmonth_pre,-0.04290506463910927,0.42240030985911814,,
wind,maxmonth_pre,-0.04270999162116173,0.050928986117462154,,
bolt,maxmonth_pre,-0.04264620361763284,0.2672631560738471,,
missionary,maxmonth_pre,-0.04250355428217013,0.5252790829016353,,
chick,maxmonth_pre,-0.04249230023388913,0.4848454018259442,,
spelling,maxmonth_pre,-0.042483688199516395,0.5292333668451327,,
plow,maxmonth_pre,-0.04225510581605065,0.4062071558936089,,
contrast,maxmonth_pre,-0.04221039281142724,0.5240608498074205,,
van,maxmonth_pre,-0.04200096473084249,0.6030173277732249,,
partner,maxmonth_pre,-0.041853431460147195,0.30228827915183254,,
yarn,maxmonth_pre,-0.04179042355515992,0.494197344422251,,
demand,maxmonth_pre,-0.04171453344390567,0.37177363722019824,,
prophet,maxmonth_pre,-0.04156807322662202,0.48436911558556295,,
rent,maxmonth_pre,-0.041564738916244195,0.3484050393690038,,
bruise,maxmonth_pre,-0.04151375857982244,0.326593121038861,,
verse,maxmonth_pre,-0.04145879595402224,0.47085660434291365,,
needle,maxmonth_pre,-0.04134923595772184,0.12937788223796837,,
fight,maxmonth_pre,-0.04117879846496764,0.10553423471105866,,
knowledge,maxmonth_pre,-0.04115036640414814,NA,Model convergence problem; non-positive-definite Hessian matrix. See vignette('troubleshooting'),
lung,maxmonth_pre,-0.041110308173644236,0.2509561656618659,,
sympathy,maxmonth_pre,-0.04104235920310749,0.4034564054556973,,
shade,maxmonth_pre,-0.04085661520125159,0.09321144595847844,,
crowd,maxmonth_pre,-0.04048228749557876,0.27662164228410924,,
bank,maxmonth_pre,-0.04033212300025165,0.19263484069699432,,
limit,maxmonth_pre,-0.040025138649400736,0.32972340452109844,,
burden,maxmonth_pre,-0.03994924071623314,0.36638976542418045,,
bull,maxmonth_pre,-0.03985185366851712,0.34866522964184493,,
creature,maxmonth_pre,-0.03975600411674455,0.2852340997005758,,
bid,maxmonth_pre,-0.039679454579139496,0.505865579058605,,
counsel,maxmonth_pre,-0.039510998450313424,0.47887545881482557,,
tongue,maxmonth_pre,-0.039401813070239926,0.04217768982225532,,
trash,maxmonth_pre,-0.0393399607111637,0.6140704744390809,,
paper,maxmonth_pre,-0.03932874609031751,0.28966471788479076,,
fountain,maxmonth_pre,-0.03932675172718297,0.46575073819784324,,
development,maxmonth_pre,-0.039314385528675916,0.43175471106309976,,
characteristic,maxmonth_pre,-0.0391880061364958,NA,Model convergence problem; non-positive-definite Hessian matrix. See vignette('troubleshooting'),
debate,maxmonth_pre,-0.03916406675640622,0.48732962711610295,,
skill,maxmonth_pre,-0.038930547144024615,0.31720078366341103,,
cape,maxmonth_pre,-0.03879124890428928,0.5587376563422514,,
service,maxmonth_pre,-0.038788258785273005,0.34981974998833765,,
veil,maxmonth_pre,-0.03864265178784757,0.48910571541376174,,
moisture,maxmonth_pre,-0.0386345282518652,NA,Model convergence problem; non-positive-definite Hessian matrix. See vignette('troubleshooting'),
science,maxmonth_pre,-0.03858085840446336,0.5453843421459404,,
star,maxmonth_pre,-0.038541400721309474,0.1371251425574259,,
discussion,maxmonth_pre,-0.038500054674290886,0.3061784494753337,,
fashion,maxmonth_pre,-0.03830170853831197,0.3946031285039706,,
noon,maxmonth_pre,-0.03820009486602685,0.22311486304469927,,
teacher,maxmonth_pre,-0.0381755848842028,0.29111982306513556,,
mole,maxmonth_pre,-0.03812154041310878,0.45281237685582115,,
uniform,maxmonth_pre,-0.03796706659587993,0.4820470215338418,,
lock,maxmonth_pre,-0.03792605665120079,0.18161600851777296,,
lure,maxmonth_pre,-0.0378729844757984,0.5836806494703266,,
creek,maxmonth_pre,-0.03778358273163284,0.6480365433638217,,
drink,maxmonth_pre,-0.03748407925978337,0.13458618182003684,,
encouragement,maxmonth_pre,-0.03746463076016905,0.4466891044077362,,
trade,maxmonth_pre,-0.03743003027667994,0.37315787339564815,,
health,maxmonth_pre,-0.03741353570698069,0.25789767699247557,,
capital,maxmonth_pre,-0.037405248934351425,0.4450623614075054,,
design,maxmonth_pre,-0.037326365257822736,NA,Model convergence problem; non-positive-definite Hessian matrix. See vignette('troubleshooting'),Model convergence problem; non-positive-definite Hessian matrix. See vignette('troubleshooting')
splash,maxmonth_pre,-0.03730703753798466,0.4608718999884188,,
stamp,maxmonth_pre,-0.036972972847689536,NA,Model convergence problem; non-positive-definite Hessian matrix. See vignette('troubleshooting'),
race,maxmonth_pre,-0.036947086211147694,0.28906267420298437,,
flint,maxmonth_pre,-0.03680590759744688,0.5154453040273478,,
capacity,maxmonth_pre,-0.03658760917917633,0.36612293866592954,,
aspect,maxmonth_pre,-0.03657599974506464,0.573462696917462,,
butt,maxmonth_pre,-0.03645906273517611,0.3181949595234098,,
sweep,maxmonth_pre,-0.03640967969072539,0.2578855303354387,,
youth,maxmonth_pre,-0.036402909361465674,0.2947876177043279,,
separation,maxmonth_pre,-0.03624646476125813,0.4928011558547701,,
opinion,maxmonth_pre,-0.03622630966760334,0.3890568518153209,,
gasp,maxmonth_pre,-0.03619389332465447,0.474567911629459,,
grudge,maxmonth_pre,-0.036005456692080565,0.4677997522769938,,
robber,maxmonth_pre,-0.03589082538657145,0.39616349473565293,,
kidney,maxmonth_pre,-0.035714392263261056,0.26416023377991565,,
master,maxmonth_pre,-0.03567865637903145,0.28168882596205264,,
minute,maxmonth_pre,-0.035646900398484525,0.4079720744481098,,
slack,maxmonth_pre,-0.03562907063034966,0.45222276303772385,,
plum,maxmonth_pre,-0.03553436095991516,0.5971620966280085,,
war,maxmonth_pre,-0.03550122282275811,0.3137991701827594,,
ignorance,maxmonth_pre,-0.0354819029433754,0.48263352817949856,,
canal,maxmonth_pre,-0.035464073310265,0.5564345264300923,,
circumstance,maxmonth_pre,-0.03546191537979575,0.443136577975664,,
grandson,maxmonth_pre,-0.03523851262931706,0.5371013595179661,,
flow,maxmonth_pre,-0.0352376143399515,0.23203682688010788,,
commission,maxmonth_pre,-0.03522393297257079,0.5501266843931285,,
soil,maxmonth_pre,-0.03491754931944742,0.28400726856678427,,
jam,maxmonth_pre,-0.03489222134422312,0.5920162023215546,,
tear,maxmonth_pre,-0.034801809024837385,0.1291472986438535,,
stature,maxmonth_pre,-0.03479398934816638,0.5084609373729291,,
divorce,maxmonth_pre,-0.0347820764561012,0.5021234210394117,,
expectation,maxmonth_pre,-0.0346170712573653,0.4263224268186928,,
consumption,maxmonth_pre,-0.03449723586906294,0.43187026318838934,,
hail,maxmonth_pre,-0.034362104623019446,0.36896155248015594,,
chin,maxmonth_pre,-0.034358848210615404,0.3869485083609062,,
regret,maxmonth_pre,-0.034347947394316423,0.35915037139639977,,
failure,maxmonth_pre,-0.03409573856022657,0.511690583694918,,
duck,maxmonth_pre,-0.033931420933686736,0.31214924135120736,,
care,maxmonth_pre,-0.0339201980658301,0.13803409807666991,,
liver,maxmonth_pre,-0.033871606258273915,0.31106317880051043,,
chop,maxmonth_pre,-0.03382498982998146,0.4369965899140262,,
twilight,maxmonth_pre,-0.033750465865604505,0.40835587939891443,,
mile,maxmonth_pre,-0.033739171156783654,0.5247737691643988,,
coffin,maxmonth_pre,-0.03372029918668895,0.560057746138795,,
title,maxmonth_pre,-0.033557445014481956,0.5536169318306988,,
airplane,maxmonth_pre,-0.03353183243198789,0.6482772740180782,,
prayer,maxmonth_pre,-0.03344825208833461,0.48119391877523054,,
celebration,maxmonth_pre,-0.03338641113148908,0.5852143954223397,,
distinction,maxmonth_pre,-0.033312398329028735,0.42408178959996007,,
mouse,maxmonth_pre,-0.033244716855146426,0.31284467566408525,,
rule,maxmonth_pre,-0.03295283336486581,0.38428293677650943,,
arrival,maxmonth_pre,-0.032941815665008534,0.4160679779677941,,
west,maxmonth_pre,-0.03284859968503982,0.37228217523073237,,
manure,maxmonth_pre,-0.03278360825465211,0.5027204652717009,,
border,maxmonth_pre,-0.03273969931676644,0.3896858227570623,,
daybreak,maxmonth_pre,-0.03272148106031519,0.46410717209465846,,
penalty,maxmonth_pre,-0.03268343290457445,0.5205034253393871,,
pen,maxmonth_pre,-0.03267762582739015,0.4562045497162296,,
intention,maxmonth_pre,-0.032367152226860166,0.4165382571797538,,
content,maxmonth_pre,-0.032109581721382126,0.2141769832650205,,
cure,maxmonth_pre,-0.032077465447979944,0.3699497209365872,,
relative,maxmonth_pre,-0.03199953197625804,0.48251166622934394,,
book,maxmonth_pre,-0.031669157606305724,0.3614620358748455,,
exception,maxmonth_pre,-0.0316567737950726,0.479006506493287,,
dog,maxmonth_pre,-0.031533079476781925,0.2812839149368887,,
adult,maxmonth_pre,-0.03148556868977757,0.4776361279071351,,
picture,maxmonth_pre,-0.0314721206065202,0.42527785208653307,,
quarter,maxmonth_pre,-0.0314206979724117,0.37867445201522254,,
doubt,maxmonth_pre,-0.03137420491652546,0.38690557209439635,,
chief,maxmonth_pre,-0.031289571475761085,0.754241460813619,,
joy,maxmonth_pre,-0.031071915415622584,0.42485532890920913,,
hall,maxmonth_pre,-0.03101770647606607,0.6012377088725428,,
value,maxmonth_pre,-0.030884587579127386,0.34376918274789026,,
sequence,maxmonth_pre,-0.030797737168778653,0.6685466798230096,,
guard,maxmonth_pre,-0.03078791622953043,0.29610935248444753,,
thigh,maxmonth_pre,-0.03075616988555309,0.38746255728162227,,
cart,maxmonth_pre,-0.03070599494909922,0.5646004905911549,,
spy,maxmonth_pre,-0.030541602687105256,0.3526672351384352,,
figure,maxmonth_pre,-0.030524086934194873,0.49074683241771516,,
departure,maxmonth_pre,-0.03019661906618441,0.5553868720175577,,
estimate,maxmonth_pre,-0.03018228468217556,NA,Model convergence problem; non-positive-definite Hessian matrix. See vignette('troubleshooting'),
confidence,maxmonth_pre,-0.030140334704296796,0.4601105091652096,,
channel,maxmonth_pre,-0.03002068744859989,0.5730095071982259,,
kindness,maxmonth_pre,-0.02974835684869415,0.515619260641541,,
transfer,maxmonth_pre,-0.02957021011338495,0.5519382717540213,,
moth,maxmonth_pre,-0.029527466009822412,0.45122039632347016,,
conscience,maxmonth_pre,-0.029395752911612,0.6237878232320524,,
progress,maxmonth_pre,-0.02923535321550633,0.4881646628189216,,
pet,maxmonth_pre,-0.029083902329869446,0.5365205620148141,,
sample,maxmonth_pre,-0.029030663037104328,0.6081022542563388,,
game,maxmonth_pre,-0.02902602177688108,0.3788521166154235,,
expense,maxmonth_pre,-0.028857292893040017,0.5976918029755374,,
contribution,maxmonth_pre,-0.028723203785076954,0.5203405140173067,,
gate,maxmonth_pre,-0.028703437338539375,0.5395382441369462,,
gut,maxmonth_pre,-0.02868282312931436,0.5857322260276316,,
angel,maxmonth_pre,-0.02866558877473603,0.5956805932946192,,
dive,maxmonth_pre,-0.02848508703606145,0.5122011624034942,,
childhood,maxmonth_pre,-0.02846331978530948,NA,Model convergence problem; non-positive-definite Hessian matrix. See vignette('troubleshooting'),
narrative,maxmonth_pre,-0.028456749740288768,0.5292290728732651,,
onion,maxmonth_pre,-0.028385485014108484,0.4726876564321736,,
pouch,maxmonth_pre,-0.028377221735166845,0.570085428548103,,
steam,maxmonth_pre,-0.028356638913841256,0.44043041215421397,,
ditch,maxmonth_pre,-0.028281425850619935,0.45942975266345143,,
lion,maxmonth_pre,-0.028226942857858168,0.5352454099079432,,
interpretation,maxmonth_pre,-0.02800260979446758,0.645252874720579,,
steel,maxmonth_pre,-0.027887925564943558,0.520710545982916,,
traveler,maxmonth_pre,-0.027838622071654433,0.5182795349039979,,
handkerchief,maxmonth_pre,-0.027758593558600955,0.522063678098893,,
bug,maxmonth_pre,-0.027571818958249793,0.5803941038061035,,
sparrow,maxmonth_pre,-0.027570095195247613,0.565372507656636,,
instruction,maxmonth_pre,-0.02754808510297618,NA,Model convergence problem; non-positive-definite Hessian matrix. See vignette('troubleshooting'),
chapter,maxmonth_pre,-0.027451684701094763,0.6582751691739266,,
circle,maxmonth_pre,-0.027393943347340684,0.324785577199336,,
result,maxmonth_pre,-0.02734039128383354,0.41951398880136714,,
smoking,maxmonth_pre,-0.02731678409050563,0.517048834730593,,
company,maxmonth_pre,-0.027170682262669603,0.5173143970460334,,
enemy,maxmonth_pre,-0.027142778331061494,0.4747345688066783,,
jerk,maxmonth_pre,-0.027126427633118965,0.6456489799799154,,
air,maxmonth_pre,-0.02698048088248465,0.3287765088261822,,
interest,maxmonth_pre,-0.02688983215390288,0.45831147702007785,,
horizon,maxmonth_pre,-0.02687252472824358,NA,Model convergence problem; non-positive-definite Hessian matrix. See vignette('troubleshooting'),Model convergence problem; non-positive-definite Hessian matrix. See vignette('troubleshooting')
reed,maxmonth_pre,-0.026865902565357213,0.5927309271957704,,
affair,maxmonth_pre,-0.026499324985082756,0.5910262160093919,,
sand,maxmonth_pre,-0.026435000830567375,0.3621035136844215,,
cup,maxmonth_pre,-0.026379065774710254,0.3706787172744507,,
fool,maxmonth_pre,-0.026203235203142376,0.5016010217981499,,
whirlwind,maxmonth_pre,-0.02609726892512618,0.5205823592933845,,
excuse,maxmonth_pre,-0.026008557834851922,0.5530322772168905,,
match,maxmonth_pre,-0.025904902579457687,0.4338654164066508,,
peace,maxmonth_pre,-0.025706435146710636,0.4721188152159137,,
cement,maxmonth_pre,-0.025651042891651096,0.6012414583116201,,
flour,maxmonth_pre,-0.02540522252687111,0.544520878295994,,
hum,maxmonth_pre,-0.025300927353453476,0.597647506661002,,
resource,maxmonth_pre,-0.02519919836131121,0.595469238282652,,
dash,maxmonth_pre,-0.024993941015493043,0.6583867613315734,,
harvest,maxmonth_pre,-0.02485620416231845,0.5770671340793365,,
journey,maxmonth_pre,-0.02478379895884442,0.5055981237304891,,
grave,maxmonth_pre,-0.024650252324836374,NA,Model convergence problem; non-positive-definite Hessian matrix. See vignette('troubleshooting'),
clause,maxmonth_pre,-0.024547429216587768,0.7394970295498768,,
mallet,maxmonth_pre,-0.024480366827427567,0.6506441077616507,,
foundation,maxmonth_pre,-0.02424582322495679,0.5365227799531789,,
prison,maxmonth_pre,-0.024231722187659694,0.5162576691033922,,
tomorrow,maxmonth_pre,-0.024128790213215505,0.6707899233212008,,
guest,maxmonth_pre,-0.02409597852564312,0.5666053340903895,,
quail,maxmonth_pre,-0.023927893413567953,0.6388817823025016,,
application,maxmonth_pre,-0.02389889270912647,0.6485855407740428,,
cash,maxmonth_pre,-0.023759198617270834,0.7137475625889443,,
candle,maxmonth_pre,-0.023697428828608706,0.6171408156208451,,
ward,maxmonth_pre,-0.023369478278082792,0.5829084591478938,,
disorder,maxmonth_pre,-0.0232857542177265,0.6547530145691378,,
testament,maxmonth_pre,-0.023107570729811993,0.7282910069342371,,
frown,maxmonth_pre,-0.023027802845229026,0.6485785728659232,,
nun,maxmonth_pre,-0.022885558689144107,0.7399322175260471,,
interior,maxmonth_pre,-0.022806903819900096,0.6730765647837007,,
bill,maxmonth_pre,-0.022738638922841947,0.6662490906543544,,
ton,maxmonth_pre,-0.022701868665120875,0.7620604350440081,,
ham,maxmonth_pre,-0.022659086143545885,0.7599417401380235,,
hill,maxmonth_pre,-0.022438298052107165,0.5604198609805905,,
rest,maxmonth_pre,-0.022432828361344977,0.26715690660774566,,
ball,maxmonth_pre,-0.022270707485949826,0.3922055664909033,,
vocabulary,maxmonth_pre,-0.022136889155849805,NA,Model convergence problem; non-positive-definite Hessian matrix. See vignette('troubleshooting'),Model convergence problem; non-positive-definite Hessian matrix. See vignette('troubleshooting')
depression,maxmonth_pre,-0.021828062826776927,0.5605863513397565,,
pity,maxmonth_pre,-0.021826347196002852,0.43287946315515935,,
crop,maxmonth_pre,-0.021803870457856894,0.5608789904181332,,
building,maxmonth_pre,-0.021729460798661726,0.457903177945546,,
door,maxmonth_pre,-0.021728126948632753,0.3495256611089622,,
storage,maxmonth_pre,-0.021629575988428833,0.766387270087774,,
endeavor,maxmonth_pre,-0.021616311485018438,0.6797195013155224,,
conversation,maxmonth_pre,-0.02146350297477417,0.548340601509829,,
decrease,maxmonth_pre,-0.02144792744332477,0.6201395575660629,,
week,maxmonth_pre,-0.021085205798019153,0.6321066159917573,,
force,maxmonth_pre,-0.021023168613686954,0.4506339813572796,,
lesson,maxmonth_pre,-0.021017644803134103,0.6754418632773799,,
shred,maxmonth_pre,-0.02100099556217436,0.7059306687946181,,
position,maxmonth_pre,-0.0208285008753226,0.5050198577685466,,
spray,maxmonth_pre,-0.020773739739596477,0.7001168831175478,,
bag,maxmonth_pre,-0.02076414335101482,0.49317222826258916,,
layer,maxmonth_pre,-0.02074456083054061,0.6280707460732285,,
disturbance,maxmonth_pre,-0.020694377150380243,0.6505473185712813,,
rib,maxmonth_pre,-0.02064762333546312,0.5041745136052063,,
access,maxmonth_pre,-0.020629592194798384,0.6797812120438514,,
hop,maxmonth_pre,-0.020529692856412436,0.6445232257390147,,
fragment,maxmonth_pre,-0.020340375913704037,0.6934677464680749,,
infection,maxmonth_pre,-0.020324141704729404,0.746863352411292,,
liar,maxmonth_pre,-0.02031202043452264,0.6025998028877427,,
eyelash,maxmonth_pre,-0.020224746730693882,NA,Model convergence problem; non-positive-definite Hessian matrix. See vignette('troubleshooting'),
thirst,maxmonth_pre,-0.0201350985998427,0.560716964523223,,
burst,maxmonth_pre,-0.020110680738468716,0.5488504626984642,,
accent,maxmonth_pre,-0.020034981268810148,0.7540585802110317,,
destination,maxmonth_pre,-0.01996039609291298,0.6957812117443132,,
payment,maxmonth_pre,-0.019953637979245157,0.6308269359345172,,
pie,maxmonth_pre,-0.019898168160794667,0.7874907146454168,,
parting,maxmonth_pre,-0.01982998665393547,0.6812032046713082,,
structure,maxmonth_pre,-0.019804379778414052,0.6938125481370354,,
printing,maxmonth_pre,-0.019797294301222162,0.7343928248887898,,
breath,maxmonth_pre,-0.019793217643900168,0.35947052563270554,,
chase,maxmonth_pre,-0.019356958562888597,0.603126254922364,,
bloom,maxmonth_pre,-0.019329593670055736,0.644907252439119,,
greeting,maxmonth_pre,-0.019275582068484065,0.6944738065266488,,
treasure,maxmonth_pre,-0.019223482039368637,0.7067449533968588,,
farewell,maxmonth_pre,-0.019051004465389838,0.7207372623075168,,
incline,maxmonth_pre,-0.018968339214113637,0.7116352427006079,,
hatred,maxmonth_pre,-0.01887676356128881,0.6536353838896779,,
government,maxmonth_pre,-0.018850359218787752,0.6696823348080164,,
cave,maxmonth_pre,-0.018799449542295284,0.6075446724086819,,
thicket,maxmonth_pre,-0.01857253737925644,0.7307290775427859,,
rumor,maxmonth_pre,-0.01855537347589407,0.6481276270906421,,
flood,maxmonth_pre,-0.018535542241321642,0.5540025279566092,,
tick,maxmonth_pre,-0.018445311954062148,0.7019099918804934,,
flame,maxmonth_pre,-0.018433915218305032,0.5495657634015296,,
comfort,maxmonth_pre,-0.01841815571974199,0.6584792584863991,,
palate,maxmonth_pre,-0.018384296615018645,0.6358972702424117,,
coward,maxmonth_pre,-0.018331287645087232,0.7009527885649681,,
whistle,maxmonth_pre,-0.01830510470239608,0.6169944827189314,,
heart,maxmonth_pre,-0.018259243247542387,0.469014645351943,,
rap,maxmonth_pre,-0.018246172738246552,0.7708732203541676,,
gamble,maxmonth_pre,-0.018210884379996798,0.7784133833092618,,
backbone,maxmonth_pre,-0.018184017526848322,0.6797698387835208,,
command,maxmonth_pre,-0.018126815034308495,0.623602606951785,,
courage,maxmonth_pre,-0.018073830762175214,0.6710346640575999,,
cardinal,maxmonth_pre,-0.018040588700828083,0.7809899845373125,,
clay,maxmonth_pre,-0.018011372399105843,0.6463065119180411,,
society,maxmonth_pre,-0.017986892093858606,0.7141135677694931,,
wound,maxmonth_pre,-0.017938490103925373,0.5338501092979091,,
item,maxmonth_pre,-0.017738626425261837,0.7549011179263218,,
mood,maxmonth_pre,-0.0177258220790785,0.7677840312025501,,
business,maxmonth_pre,-0.01771922069247748,0.7099960493386988,,
stride,maxmonth_pre,-0.01770671402916239,0.7427008220735919,,
hymn,maxmonth_pre,-0.017633891928692202,0.772688373254712,,
flare,maxmonth_pre,-0.017622577095146665,0.7446605767144692,,
unit,maxmonth_pre,-0.017578732152347742,0.7347993159182671,,
meeting,maxmonth_pre,-0.017350932809387272,0.6384378710633521,,
prince,maxmonth_pre,-0.017284077424674884,0.7759526384507497,,
succession,maxmonth_pre,-0.01721772099806043,0.7516661117267942,,
appearance,maxmonth_pre,-0.017193547394556308,0.6055779621222697,,
stroke,maxmonth_pre,-0.017186350506946016,0.6773447437924394,,
reptile,maxmonth_pre,-0.016981837670635137,0.7772166861707047,,
cap,maxmonth_pre,-0.016953095559621444,0.6645566955896377,,
silence,maxmonth_pre,-0.0168988595588073,0.6897330575521085,,
beach,maxmonth_pre,-0.016874352123998286,0.8167170776814168,,
hospitality,maxmonth_pre,-0.016841844471487854,0.7579508271913143,,
mold,maxmonth_pre,-0.016728271529003996,0.6451725150289034,,
risk,maxmonth_pre,-0.016709619910502592,0.773384382593211,,
lament,maxmonth_pre,-0.016455281248106395,0.7549440687131923,,
creation,maxmonth_pre,-0.01625147185898861,0.7501338758072971,,
grate,maxmonth_pre,-0.016079957344077245,0.7718512808075437,,
arm,maxmonth_pre,-0.01599216534941929,0.4592248966788967,,
resin,maxmonth_pre,-0.015886625458515633,0.768689236862758,,
gaze,maxmonth_pre,-0.015777275618898596,0.6792116418800144,,
dust,maxmonth_pre,-0.015542512685100658,0.4952233642205739,,
garment,maxmonth_pre,-0.015409413991052577,0.7657260655876025,,
obligation,maxmonth_pre,-0.015309112585728096,0.7388369917342893,,
cattle,maxmonth_pre,-0.015202386740334145,0.7627906598398694,,
origin,maxmonth_pre,-0.015188640357427657,0.7052121836347786,,
spit,maxmonth_pre,-0.014804451310606339,0.6402191909891806,,
friend,maxmonth_pre,-0.014596323936813536,0.5746443825458061,,
murmur,maxmonth_pre,-0.014575474073060509,0.7842835353918035,,
exercise,maxmonth_pre,-0.014504298514887935,0.7319185504008469,,
event,maxmonth_pre,-0.014316056207772791,0.7134939570321912,,
hatchet,maxmonth_pre,-0.014312064445341511,0.7772250777271682,,
servant,maxmonth_pre,-0.0142646000276369,0.721226132958011,,
span,maxmonth_pre,-0.014209991628370054,0.7851730693508185,,
rust,maxmonth_pre,-0.014168922684539089,0.6521908215542169,,
baby,maxmonth_pre,-0.014155999638342447,0.7701296704957782,,
grace,maxmonth_pre,-0.014154174807575878,0.7278054797680681,,
groan,maxmonth_pre,-0.014010885157652142,0.7225860836677765,,
writer,maxmonth_pre,-0.013964021109712562,0.7888036800933091,,
agriculture,maxmonth_pre,-0.01377086535422752,0.8033570351846753,,
prostitute,maxmonth_pre,-0.013619909057984282,0.7790768398682655,,
wrap,maxmonth_pre,-0.013495445886324597,0.7007773751478015,,
fame,maxmonth_pre,-0.013465639060756547,0.7924372636427267,,
goat,maxmonth_pre,-0.013414965390695711,0.7773337764864655,,
account,maxmonth_pre,-0.013401387178180658,0.7562915459914962,,
yoke,maxmonth_pre,-0.013179599103139476,0.8033025805273843,,
stink,maxmonth_pre,-0.013139999417938279,0.771023739217454,,
smoke,maxmonth_pre,-0.01310972729164897,0.5897464575389889,,
divide,maxmonth_pre,-0.013056114956489243,0.6380322631792124,,
mustache,maxmonth_pre,-0.013050326821938489,0.7780789159537541,,
trust,maxmonth_pre,-0.012948621623720733,0.7239634588490047,,
importance,maxmonth_pre,-0.012945978379489399,0.7393145374750738,,
tune,maxmonth_pre,-0.012914178162532368,0.784484847439742,,
suit,maxmonth_pre,-0.01288153882644186,0.771841799824653,,
enclosure,maxmonth_pre,-0.012598329106703735,0.7740729665573709,,
wave,maxmonth_pre,-0.012141479351968425,0.7010144384606789,,
fart,maxmonth_pre,-0.012042971863791531,0.853764660506215,,
breeze,maxmonth_pre,-0.012035954659045715,0.7749115688482937,,
reign,maxmonth_pre,-0.01197174186080058,0.8015227168702008,,
quake,maxmonth_pre,-0.011951417861285962,0.23586745600496986,,
lantern,maxmonth_pre,-0.011858106059982214,0.8259467235130635,,
relationship,maxmonth_pre,-0.011758511081018858,0.7675018175144533,,
smile,maxmonth_pre,-0.01175658598856578,0.7401275645909652,,
plunge,maxmonth_pre,-0.011673664732115896,0.8220446137976138,,
argument,maxmonth_pre,-0.011637241857785753,0.7770242375464791,,
doll,maxmonth_pre,-0.011572277695655626,0.8087201637110091,,
parent,maxmonth_pre,-0.01154186141368276,0.7322424030284687,,
hoe,maxmonth_pre,-0.011445671683262925,0.8376194803391147,,
nostril,maxmonth_pre,-0.011319818917382787,0.770783492516641,,
nap,maxmonth_pre,-0.01126387558485257,0.8637460125472228,,
brother-in-law,maxmonth_pre,-0.011259677639324958,0.8270360402383276,,
source,maxmonth_pre,-0.01106054030464126,0.7580478090935431,,
fringe,maxmonth_pre,-0.010882357048823198,0.8360139299216977,,
creep,maxmonth_pre,-0.010835541867530472,0.8065285666562506,,
drain,maxmonth_pre,-0.010673795195734637,0.7860893002623616,,
second,maxmonth_pre,-0.010454379356562642,0.6805473939842229,,
bin,maxmonth_pre,-0.010361991029594068,0.9015411221925288,,
counter,maxmonth_pre,-0.010291667331417157,0.8633571981874382,,
residence,maxmonth_pre,-0.01013798669929284,0.8209938338541161,,
connection,maxmonth_pre,-0.010119102548613894,0.836758383906372,,
sunrise,maxmonth_pre,-0.010051436016644221,0.8425866360394697,,
incense,maxmonth_pre,-0.00955346425261276,0.8643462717481813,,
reputation,maxmonth_pre,-0.009390747950504602,0.8367426957910142,,
yard,maxmonth_pre,-0.009371299382217533,0.8312015854390344,,
movement,maxmonth_pre,-0.009316181574376728,0.8062193914534918,,
judge,maxmonth_pre,-0.008965796974622183,0.8130039864228317,,
alarm,maxmonth_pre,-0.008886749386821218,0.8692631419747318,,
site,maxmonth_pre,-0.008847366320460587,0.8700307138818694,,
couple,maxmonth_pre,-0.008831816100472725,0.8104801723688534,,
gathering,maxmonth_pre,-0.008622087678735452,0.8002395782480896,,
scratch,maxmonth_pre,-0.008618319263369307,0.774399720644712,,
plaster,maxmonth_pre,-0.008442016327065604,0.8465790152406569,,
hem,maxmonth_pre,-0.008431042646424447,0.8692007338308624,,
variation,maxmonth_pre,-0.008348499498290696,0.8834974454563763,,
laugh,maxmonth_pre,-0.008068555491608061,0.7650802140800703,,
shield,maxmonth_pre,-0.008029537873688562,0.851486876346669,,
examination,maxmonth_pre,-0.008023061049689724,0.8947633857627574,,
residue,maxmonth_pre,-0.00802126374652514,0.8881214886109233,,
defect,maxmonth_pre,-0.007908368678840075,0.8597552258390825,,
tar,maxmonth_pre,-0.007896911996399122,0.8945216932065375,,
sky,maxmonth_pre,-0.007798938767680927,0.785939671803173,,
responsibility,maxmonth_pre,-0.007702839326777797,0.8807861345697331,,
blood,maxmonth_pre,-0.007668511664665286,0.6538999220076124,,
land,maxmonth_pre,-0.007538036957169995,0.7844955900869419,,
scrub,maxmonth_pre,-0.0073879927800781725,0.8978002740286797,,
age,maxmonth_pre,-0.007345367630200086,0.7815059719997098,,
nape,maxmonth_pre,-0.007339260172160284,0.8815355230114319,,
complaint,maxmonth_pre,-0.007284258046221049,0.8683778187645783,,
bite,maxmonth_pre,-0.00709162457448847,0.7916255864583398,,
refuge,maxmonth_pre,-0.006969022155007019,0.8995114756413602,,
appointment,maxmonth_pre,-0.006923633099426984,0.8946760488228148,,
herb,maxmonth_pre,-0.006906216009950423,0.8948041562350016,,
ambush,maxmonth_pre,-0.006846162637529151,0.8809797886315854,,
tendency,maxmonth_pre,-0.006772993779103427,0.9055956038098415,,
hardship,maxmonth_pre,-0.006566982080117443,0.9067263954023975,,
crumb,maxmonth_pre,-0.006418652643721462,0.9072069057094216,,
island,maxmonth_pre,-0.006399996365626921,0.9154073419876566,,
community,maxmonth_pre,-0.0063980338312718925,0.8612571853151015,,
extremity,maxmonth_pre,-0.006374789533489982,0.9097914019982309,,
stair,maxmonth_pre,-0.006319473014962425,0.8910686234938072,,
rubbish,maxmonth_pre,-0.006131380116279067,0.8910518710299666,,
prick,maxmonth_pre,-0.006065255444512301,0.8926576233373733,,
duty,maxmonth_pre,-0.005932634742139225,0.8997600085473283,,
feather,maxmonth_pre,-0.005878357172320292,0.8288528156244769,,
shelf,maxmonth_pre,-0.005704223524557338,0.9009998248925554,,
warning,maxmonth_pre,-0.005593041177977823,0.889141302744839,,
answer,maxmonth_pre,-0.005564038704796062,1,,
threat,maxmonth_pre,-0.005551741808428641,0.8939491296380522,,
chest,maxmonth_pre,-0.0054408129649696005,0.8314911185593957,,
chain,maxmonth_pre,-0.005404948077506432,0.8446946388509662,,
box,maxmonth_pre,-0.0050815923309453365,0.8659279021944504,,
wing,maxmonth_pre,-0.004909071417573926,0.8413702423822602,,
owner,maxmonth_pre,-0.004867914143419624,0.8927303596866052,,
footprint,maxmonth_pre,-0.004765909241832906,0.922460503112127,,
flash,maxmonth_pre,-0.00474533700995921,0.8804836357303865,,
pile,maxmonth_pre,-0.004595221046283204,0.8791083550500964,,
warmth,maxmonth_pre,-0.0043900049832246175,0.9261609057818799,,
friendship,maxmonth_pre,-0.004275984291528135,0.9190740205834281,,
astonishment,maxmonth_pre,-0.004237992288019304,0.9338260318513576,,
cork,maxmonth_pre,-0.004115464700818106,0.9390781279290976,,
pillow,maxmonth_pre,-0.003980383940101631,0.8971427734940907,,
prey,maxmonth_pre,-0.003963875826475416,0.9302945214049411,,
nerve,maxmonth_pre,-0.0039028166464973695,0.9400262191440593,,
trick,maxmonth_pre,-0.0038705974655727773,0.9285766427426388,,
bath,maxmonth_pre,-0.0036600653616673303,0.9416886298014769,,
joke,maxmonth_pre,-0.003624445562570311,0.9243605805054765,,
wink,maxmonth_pre,-0.0035095462545500127,0.9229106525108715,,
search,maxmonth_pre,-0.003504200127035856,0.8969988440178533,,
axe,maxmonth_pre,-0.0034519766753605655,0.9393791341683071,,
scorn,maxmonth_pre,-0.0033615179877310355,0.9456026084807497,,
slope,maxmonth_pre,-0.0033458243778333053,NA,Model convergence problem; non-positive-definite Hessian matrix. See vignette('troubleshooting'),
intelligence,maxmonth_pre,-0.0031711118382445566,0.9396663532804166,,
niece,maxmonth_pre,-0.0030986099215461202,0.9479587491927663,,
knee,maxmonth_pre,-0.003076355169431805,0.8969870923401566,,
tank,maxmonth_pre,-0.003022753030923142,0.961184856341344,,
nose,maxmonth_pre,-0.0029920989270213554,0.8989409002884515,,
mane,maxmonth_pre,-0.0025624175221629457,0.970076284704601,,
lawyer,maxmonth_pre,-0.0025524859233522434,0.9660065211247162,,
disk,maxmonth_pre,-0.0025509235521198083,0.9649106664977722,,
console,maxmonth_pre,-0.0025189647794702187,0.9558440139810522,,
bladder,maxmonth_pre,-0.0025178693003660903,0.943522231044466,,
status,maxmonth_pre,-0.0021729476520460484,0.9705617189336441,,
seat,maxmonth_pre,-0.002009433847563502,0.9406843381352018,,
halt,maxmonth_pre,-0.00199401429759332,0.9665509197063946,,
pair,maxmonth_pre,-0.0019799015970175696,0.9485083245028589,,
flute,maxmonth_pre,-0.0019425373101635425,0.966659432203246,,
horn,maxmonth_pre,-0.0019198892920817764,0.9458775157120543,,
interval,maxmonth_pre,-0.001765848656404046,0.9693751733947997,,
device,maxmonth_pre,-0.0016948197149158147,NA,Model convergence problem; non-positive-definite Hessian matrix. See vignette('troubleshooting'),
truth,maxmonth_pre,-0.0016527369832571848,0.9561981361919086,,
perfume,maxmonth_pre,-0.0016352598719319579,0.9748172796538643,,
abundance,maxmonth_pre,-0.0015977530131214125,0.9728543747002609,,
grandfather,maxmonth_pre,-0.001538845142368916,0.9697919685086288,,
sex,maxmonth_pre,-0.0014743136661428994,0.9724824958045206,,
pressure,maxmonth_pre,-0.0011554346138526387,0.9803749631877952,,
stone,maxmonth_pre,-0.001145950852222782,0.968094857646331,,
radio,maxmonth_pre,-0.0010344098968341094,0.9904409319081512,,
difference,maxmonth_pre,-9.58411086240105e-4,0.9777233472913645,,
morning,maxmonth_pre,-4.2655950876637887e-4,0.9857159536406708,,
bottle,maxmonth_pre,-2.2107096428035044e-4,0.9948462643634041,,
weapon,maxmonth_pre,-1.0273855001750357e-4,0.9977129206583936,,
shin,maxmonth_pre,-9.660627797660551e-5,0.9986593523500595,,
sister-in-law,maxmonth_pre,5.84449223502534e-6,0.9999183080138455,,
grandmother,maxmonth_pre,1.1456047300375711e-4,0.9978367729638628,,
absence,maxmonth_pre,1.7074928791083663e-4,0.9968615917299581,,
sea,maxmonth_pre,3.350404618536144e-4,0.9948708045825044,,
test,maxmonth_pre,5.08196496279941e-4,0.999296766521721,,
thrust,maxmonth_pre,7.311256720499438e-4,0.9893559279565208,,
behavior,maxmonth_pre,7.542986446975343e-4,0.9850748569002429,,
balance,maxmonth_pre,8.905052169285156e-4,0.9827770152261525,,
inch,maxmonth_pre,9.090930412068214e-4,0.9879466032735599,,
reward,maxmonth_pre,9.142932993559194e-4,0.9828343237673243,,
merchant,maxmonth_pre,9.38936440428124e-4,0.9811857412610925,,
publication,maxmonth_pre,9.87415637365306e-4,0.9844305542446071,,
fortune,maxmonth_pre,0.0010297677081824172,0.9780999958131982,,
ship,maxmonth_pre,0.0011582008773482486,0.9843434167942092,,
authority,maxmonth_pre,0.001248786887850799,NA,,Model convergence problem; non-positive-definite Hessian matrix. See vignette('troubleshooting')
peg,maxmonth_pre,0.0013243867360111263,0.9744548428232156,,
flea,maxmonth_pre,0.0013418612634303892,0.9758580993256746,,
infant,maxmonth_pre,0.0014554279609938635,0.9705059318371709,,
remainder,maxmonth_pre,0.0017961356643632616,0.9660302532777735,,
porch,maxmonth_pre,0.001856816098142268,0.9751261854863422,,
roar,maxmonth_pre,0.0018617206696908176,0.9651778443779477,,
dream,maxmonth_pre,0.0018802360014403482,0.9449408596422955,,
pardon,maxmonth_pre,0.0019180802382854085,0.9707151629224187,,
whisker,maxmonth_pre,0.0020936095239752635,0.9658564666859418,,
glitter,maxmonth_pre,0.002419951952012867,0.9661720877882272,,
consciousness,maxmonth_pre,0.002447569088576005,0.9603738552034355,,
forearm,maxmonth_pre,0.002476795093373824,0.9694498227041011,,
merit,maxmonth_pre,0.002476859327502448,0.9660347884646608,,
dung,maxmonth_pre,0.0025985467574096937,0.9567061648837549,,
crush,maxmonth_pre,0.002623992591843032,NA,Model convergence problem; non-positive-definite Hessian matrix. See vignette('troubleshooting'),
remedy,maxmonth_pre,0.0026480843411926806,0.9617123655080796,,
neighborhood,maxmonth_pre,0.0027670637313570085,0.9603105080264086,,
witchcraft,maxmonth_pre,0.002864100807700686,0.9627303627073758,,
ointment,maxmonth_pre,0.0033136921140806464,0.9392127452191822,,
pork,maxmonth_pre,0.0033203654626536654,0.9628331752388541,,
burial,maxmonth_pre,0.003333856397225592,0.9331344850825712,,
skeleton,maxmonth_pre,0.003393831278050365,0.939509833013748,,
impression,maxmonth_pre,0.003527729740535283,0.9386137924300009,,
goodness,maxmonth_pre,0.0035834551360283454,0.9275271499589665,,
shine,maxmonth_pre,0.0036577942057875023,0.8967040697425191,,
pipe,maxmonth_pre,0.0037258973043400615,0.9120072317802185,,
possession,maxmonth_pre,0.003976171455307321,0.9069039794267074,,
port,maxmonth_pre,0.00411238540584359,0.9521858709813538,,
compassion,maxmonth_pre,0.00431929678678593,0.9314820654409057,,
offense,maxmonth_pre,0.004364154418029053,0.9099151436915971,,
foreigner,maxmonth_pre,0.004436308560217686,0.9162254437644154,,
brightness,maxmonth_pre,0.004588982498574555,0.9325907535710689,,
decision,maxmonth_pre,0.00460998381241708,0.904269674559977,,
weakness,maxmonth_pre,0.004620176027184558,0.9120172077537493,,
ring,maxmonth_pre,0.004816953498619813,0.8443063541915794,,
chance,maxmonth_pre,0.004869666956350359,0.9094381341357396,,
fee,maxmonth_pre,0.004981851684542933,0.9326928495626317,,
weight,maxmonth_pre,0.005101260583766744,0.8343928558618963,,
kitchen,maxmonth_pre,0.005159121933710232,0.9106966114220124,,
distance,maxmonth_pre,0.005273317680037006,0.8391681668313493,,
spine,maxmonth_pre,0.005422457814870082,0.9009420162920411,,
grade,maxmonth_pre,0.0056275448388518005,0.93899955380957,,
pledge,maxmonth_pre,0.005644643859138428,0.9117875680998038,,
praise,maxmonth_pre,0.005691869454770936,0.8667536794196956,,
moment,maxmonth_pre,0.00569394355381793,0.8869614121538218,,
tumor,maxmonth_pre,0.005741578075627638,0.9131570824357772,,
extension,maxmonth_pre,0.005794648033105096,0.9110800244747057,,
straw,maxmonth_pre,0.006011537131401263,0.895652294075221,,
mercy,maxmonth_pre,0.006036894961449202,0.8856608879921624,,
stack,maxmonth_pre,0.00604033076276075,0.90903754888798,,
arch,maxmonth_pre,0.006071724752060246,0.9240143562401357,,
story,maxmonth_pre,0.006082447704148299,NA,,Model convergence problem; non-positive-definite Hessian matrix. See vignette('troubleshooting')
altar,maxmonth_pre,0.0060833822416061605,0.9167406283782072,,
patience,maxmonth_pre,0.006100034135494062,0.887885782283037,,
tailor,maxmonth_pre,0.006104402138661659,0.9000269207572694,,
waste,maxmonth_pre,0.006115770297740313,0.8482528735972096,,
repair,maxmonth_pre,0.006195173119351484,0.8542150766655,,
cage,maxmonth_pre,0.006215445614208259,0.9045045871839164,,
oath,maxmonth_pre,0.006287607591937876,0.8808698622390857,,
reference,maxmonth_pre,0.006476151828573272,0.8892270894583929,,
curve,maxmonth_pre,0.006544480820350535,0.8814061720339301,,
deposit,maxmonth_pre,0.006580833927224743,0.873078185441119,,
yeast,maxmonth_pre,0.006583948103839267,0.8948501310242196,,
law,maxmonth_pre,0.006594374889362811,0.8712573531166136,,
harmony,maxmonth_pre,0.006767276500290649,0.9037010928398195,,
road,maxmonth_pre,0.006781180455921393,0.8131594637224397,,
tie,maxmonth_pre,0.006787524672866107,0.8060763472418655,,
laughter,maxmonth_pre,0.0068600846760621895,0.8573256641060586,,
assembly,maxmonth_pre,0.006874321459290267,0.8915739932361143,,
delay,maxmonth_pre,0.006896057298930064,0.8508247713042625,,
hug,maxmonth_pre,0.006937953245274511,0.8894920623510988,,
soap,maxmonth_pre,0.00697965241107134,0.8562305631419862,,
bottom,maxmonth_pre,0.007060786604302655,0.8089808541301211,,
clump,maxmonth_pre,0.0071041584846693534,0.921878265330444,,
group,maxmonth_pre,0.007231515067258007,0.8677513100891782,,
misery,maxmonth_pre,0.007283888360097496,0.8991018224280374,,
condition,maxmonth_pre,0.0075110529087029304,0.8405830979789934,,
settlement,maxmonth_pre,0.007571497337571318,0.8909057494902071,,
suicide,maxmonth_pre,0.007739418225310222,0.8819698835608961,,
shadow,maxmonth_pre,0.007832617021074899,0.7452787084877022,,
poverty,maxmonth_pre,0.007867305014100255,0.8346863624338471,,
firm,maxmonth_pre,0.00787087542501801,NA,Model convergence problem; non-positive-definite Hessian matrix. See vignette('troubleshooting'),
contrary,maxmonth_pre,0.008042735367601693,0.8636883192140506,,
scum,maxmonth_pre,0.008064899309508758,0.8722127428350874,,
paradise,maxmonth_pre,0.00811972108335126,0.8899402764904214,,
lover,maxmonth_pre,0.008150094652661557,0.8743565811888294,,
daughter-in-law,maxmonth_pre,0.008302596871628536,0.8792357259890649,,
torment,maxmonth_pre,0.008416403392566102,0.8904193707750082,,
owl,maxmonth_pre,0.008539550320969766,0.808523928852891,,
wit,maxmonth_pre,0.008815379528888423,0.8629649860581067,,
silk,maxmonth_pre,0.008875370878137683,0.8566149109917784,,
garden,maxmonth_pre,0.00910242266207742,0.8405877088838547,,
bridge,maxmonth_pre,0.00926933720236995,0.7795315776735198,,
speaker,maxmonth_pre,0.009296668259874677,0.8331474942288656,,
opportunity,maxmonth_pre,0.009398233095113532,0.7949522276038471,,
lightning,maxmonth_pre,0.009433251276313823,0.7451571746648694,,
hinge,maxmonth_pre,0.009529019518145778,0.8548258746561975,,
lid,maxmonth_pre,0.009546651100985822,0.784984211431602,,
tale,maxmonth_pre,0.009609057274235293,0.8469344141706603,,
soup,maxmonth_pre,0.009748717885713612,0.858825281052148,,
diet,maxmonth_pre,0.009811557951649258,0.8645282906657893,,
silver,maxmonth_pre,0.00982314176633103,0.7991591291192314,,
growl,maxmonth_pre,0.0098654001899416,0.8382243867526737,,
gift,maxmonth_pre,0.010046110351554172,0.7547470877170841,,
temper,maxmonth_pre,0.01060119618544734,0.8064743028096691,,
disagreement,maxmonth_pre,0.010653795122003309,0.838535509499907,,
variant,maxmonth_pre,0.010727244360917723,0.933495085860277,,
request,maxmonth_pre,0.010893948557276672,0.7390739147969714,,
litter,maxmonth_pre,0.01094313988260443,0.8205545001460173,,
row,maxmonth_pre,0.010994737930484173,0.6825468032458376,,
peel,maxmonth_pre,0.011030290615266712,0.759515226794174,,
captain,maxmonth_pre,0.011083683580476426,0.8308047462906407,,
nature,maxmonth_pre,0.011089460009070821,0.7889120490248592,,
sum,maxmonth_pre,0.011099516808453273,0.8305354357259254,,
towel,maxmonth_pre,0.011324487544026237,0.7943517408044708,,
intestine,maxmonth_pre,0.01151327421718115,0.7549673713200822,,
mirror,maxmonth_pre,0.011566400758961566,0.6711812885909265,,
friction,maxmonth_pre,0.011602934013136107,0.8174226942461432,,
ruler,maxmonth_pre,0.01161489442156932,0.8158543414379756,,
midday,maxmonth_pre,0.011753818141201751,0.7841944519924309,,
dart,maxmonth_pre,0.011756434753995413,0.8497980570815263,,
luck,maxmonth_pre,0.011802248340329299,0.7544156975398971,,
syllable,maxmonth_pre,0.011823866417221452,0.8419998770691948,,
bulb,maxmonth_pre,0.011976319673861072,0.8195561106936885,,
molar,maxmonth_pre,0.011993465432475021,0.8300638577346403,,
puddle,maxmonth_pre,0.01209061636828127,0.8206368337735173,,
purpose,maxmonth_pre,0.012162887095286758,0.6615141466636922,,
permission,maxmonth_pre,0.012200926054613266,0.7096598269627461,,
series,maxmonth_pre,0.012223635109058096,0.7956046698914495,,
fat,maxmonth_pre,0.012291956080085265,0.6316308683745598,,
religion,maxmonth_pre,0.012400538470230723,0.8078121178568346,,
shore,maxmonth_pre,0.0124581201159413,0.7607673141986804,,
heaven,maxmonth_pre,0.012521724342137044,0.7313543350302651,,
meal,maxmonth_pre,0.012534156952778803,0.6964721829758522,,
ear,maxmonth_pre,0.012757638615555993,0.5644911545917465,,
anxiety,maxmonth_pre,0.012842093401500618,0.7828520674884816,,
esteem,maxmonth_pre,0.012925744405705314,0.8228255226404205,,
ability,maxmonth_pre,0.012931226692743145,0.7383477404352116,,
thunder,maxmonth_pre,0.012974758820655628,0.6096893791190654,,
vehicle,maxmonth_pre,0.013015343940161251,0.8061408489660866,,
voice,maxmonth_pre,0.013161219073470672,0.6133233144925032,,
spark,maxmonth_pre,0.013389668802735786,NA,,Model convergence problem; non-positive-definite Hessian matrix. See vignette('troubleshooting')
future,maxmonth_pre,0.013445433532522618,0.6908353966851328,,
dwelling,maxmonth_pre,0.013507683313743721,0.779736734466673,,
statement,maxmonth_pre,0.013672470050398079,0.7593478204180679,,
security,maxmonth_pre,0.013716257115150815,0.7773411279981645,,
inhabitant,maxmonth_pre,0.013725522910096039,0.8216230129355865,,
contract,maxmonth_pre,0.013782912202428787,0.7303913298653029,,
hesitation,maxmonth_pre,0.013899198210957404,0.7774577747203442,,
loss,maxmonth_pre,0.014112776499807687,0.7204668986457972,,
freedom,maxmonth_pre,0.014139859592862403,0.7599564554374483,,
challenge,maxmonth_pre,0.014142842691913389,0.7740213952152222,,
symbol,maxmonth_pre,0.014150275213410944,NA,Model convergence problem; non-positive-definite Hessian matrix. See vignette('troubleshooting'),Model convergence problem; non-positive-definite Hessian matrix. See vignette('troubleshooting')
unity,maxmonth_pre,0.014253163648171327,0.7906092716032515,,
nuisance,maxmonth_pre,0.014306041105289253,0.821702137905403,,
wall,maxmonth_pre,0.014308311862432945,0.5751911028557057,,
organ,maxmonth_pre,0.014394445561838875,0.7524259026810255,,
skin,maxmonth_pre,0.014460070655616494,0.5581756788152953,,
learning,maxmonth_pre,0.014642787175279228,0.6973809178413934,,
victory,maxmonth_pre,0.014660037351106103,0.757847522779354,,
passage,maxmonth_pre,0.014800829902983077,0.7202225677372649,,
misfortune,maxmonth_pre,0.014871417881572164,0.7242028355905253,,
mound,maxmonth_pre,0.014891161157464987,0.7909823618197237,,
contempt,maxmonth_pre,0.01490247200493333,0.7944511732497995,,
tone,maxmonth_pre,0.014941340738737388,0.837511258638553,,
trading,maxmonth_pre,0.015041956442734398,0.7903780958344813,,
arrest,maxmonth_pre,0.01518218956415568,0.7303072754381043,,
reel,maxmonth_pre,0.01518898669600934,0.7943830714294282,,
haste,maxmonth_pre,0.015321533966169695,0.7517235357462678,,
cake,maxmonth_pre,0.01535879125496333,0.7397785419007461,,
church,maxmonth_pre,0.01546247439928901,0.7860716729775847,,
tail,maxmonth_pre,0.015556701033756412,0.5295361808512006,,
pinch,maxmonth_pre,0.015629905161419294,0.6647294613498169,,
ridge,maxmonth_pre,0.015635394893149197,0.7331312244162724,,
hammer,maxmonth_pre,0.0156673557390432,0.6018089047864389,,
fear,maxmonth_pre,0.015767783180677373,0.5567564183348154,,
tooth,maxmonth_pre,0.015849313883486305,0.5542381928874383,,
surprise,maxmonth_pre,0.015887058866318086,0.6384148793947798,,
murderer,maxmonth_pre,0.016126199848983145,0.726026228596423,,
queen,maxmonth_pre,0.016181243104705513,0.6702224278329288,,
display,maxmonth_pre,0.016491867689043458,0.7308476333454413,,
fraud,maxmonth_pre,0.016598595648679264,0.7609026062168938,,
advantage,maxmonth_pre,0.016747884568309005,0.7109247775506476,,
eclipse,maxmonth_pre,0.016763285715328126,0.7108103485127109,,
direction,maxmonth_pre,0.01685300689906352,0.5819339922159691,,
boar,maxmonth_pre,0.016963748166137656,0.7569673696704049,,
shelter,maxmonth_pre,0.016996199515988845,0.5814710628029607,,
harp,maxmonth_pre,0.017002923744531995,0.7798849658487694,,
iron,maxmonth_pre,0.01705672676240905,0.48453477664084654,,
tube,maxmonth_pre,0.01707388414408402,NA,Model convergence problem; non-positive-definite Hessian matrix. See vignette('troubleshooting'),Model convergence problem; non-positive-definite Hessian matrix. See vignette('troubleshooting')
cycle,maxmonth_pre,0.01713121380452459,0.8147730880525224,,
hen,maxmonth_pre,0.017334559045307372,0.7003327368059817,,
power,maxmonth_pre,0.017342263505510557,0.6222468868035498,,
attention,maxmonth_pre,0.017362022655199257,0.48170621079045906,,
like,maxmonth_pre,0.017530950351457377,0.4833367654124542,,
temple,maxmonth_pre,0.0176292406837094,0.7380458727721395,,
sigh,maxmonth_pre,0.0176387943111493,0.6999343357880965,,
beginning,maxmonth_pre,0.017846509842752607,0.5235101208913168,,
claw,maxmonth_pre,0.018253112805666286,0.5844569996284046,,
sleep,maxmonth_pre,0.018253120696608845,0.3659100644406278,,
aim,maxmonth_pre,0.01828804361653388,0.5753538236451677,,
envy,maxmonth_pre,0.018482652163870093,0.6699222712321655,,
sheet,maxmonth_pre,0.01851194652367115,0.596046385241836,,
dislike,maxmonth_pre,0.018543754931607915,0.5773224496334702,,
slit,maxmonth_pre,0.018552543612506103,0.7198432902441607,,
scale,maxmonth_pre,0.01863699158063089,0.4916939255908538,,
fault,maxmonth_pre,0.01869890166305782,0.6344909818323887,,
husk,maxmonth_pre,0.018936541175091182,0.8036255575941611,,
leg,maxmonth_pre,0.019020461342445335,0.4727453555806389,,
midst,maxmonth_pre,0.019110472263734617,0.7095168863984705,,
household,maxmonth_pre,0.019191798695638574,0.6329149924746578,,
hunting,maxmonth_pre,0.019376429948740864,0.6706792254853552,,
context,maxmonth_pre,0.01944269501667862,0.7470302976784114,,
dawn,maxmonth_pre,0.01955321464052571,0.5264336900169755,,
token,maxmonth_pre,0.01964260241835421,0.6970121579629389,,
division,maxmonth_pre,0.019681425585910284,0.6629073603018819,,
foot,maxmonth_pre,0.019739389522187244,0.3100729520305796,,
core,maxmonth_pre,0.01994084059638089,0.6640230784594757,,
nest,maxmonth_pre,0.019973162181048484,0.5280183597338478,,
advice,maxmonth_pre,0.020063321238968604,0.5387520556946186,,
topic,maxmonth_pre,0.02032470590498163,NA,,Model convergence problem; non-positive-definite Hessian matrix. See vignette('troubleshooting')
bell,maxmonth_pre,0.020411180466639353,0.5297864655065264,,
rebuke,maxmonth_pre,0.02042199239356801,NA,Model convergence problem; non-positive-definite Hessian matrix. See vignette('troubleshooting'),
bar,maxmonth_pre,0.020500977085992887,0.6503432012619104,,
cross,maxmonth_pre,0.020785783547597046,NA,Model convergence problem; non-positive-definite Hessian matrix. See vignette('troubleshooting'),
den,maxmonth_pre,0.020926844895412543,0.7651175040323195,,
cemetery,maxmonth_pre,0.020936756653874688,NA,Model convergence problem; non-positive-definite Hessian matrix. See vignette('troubleshooting'),Model convergence problem; non-positive-definite Hessian matrix. See vignette('troubleshooting')
love,maxmonth_pre,0.0209893510005532,0.40665336839607796,,
scent,maxmonth_pre,0.02106592782832605,0.6056273323591291,,
screen,maxmonth_pre,0.021171984586816142,0.7068984739562116,,
sling,maxmonth_pre,0.02117537121509163,0.6411641313298864,,
reproach,maxmonth_pre,0.021210876075702607,0.7335908669307578,,
clothes,maxmonth_pre,0.02130450418511984,0.49575887940324553,,
awe,maxmonth_pre,0.021617477419663262,0.7450923283375553,,
wage,maxmonth_pre,0.021754760163102897,0.5536014739569153,,
era,maxmonth_pre,0.021916934858353918,0.7655046064668702,,
beam,maxmonth_pre,0.021938643569586615,0.5622463493758274,,
stranger,maxmonth_pre,0.021974192905990036,0.551155018948794,,
jealousy,maxmonth_pre,0.022001247008280527,0.5874756791690936,,
hiss,maxmonth_pre,0.0220293010295833,0.6362509657912129,,
ancestor,maxmonth_pre,0.02207437749233449,0.6346035928784898,,
clock,maxmonth_pre,0.022268084944739492,0.6521058549427502,,
witness,maxmonth_pre,0.022413191467151497,0.5210082068120451,,
greed,maxmonth_pre,0.022413498644293855,0.7121883061261446,,
feeling,maxmonth_pre,0.022422164725077662,0.506063742366169,,
angle,maxmonth_pre,0.022486374570285673,0.6005733527450934,,
extract,maxmonth_pre,0.02271255202299357,NA,Model convergence problem; non-positive-definite Hessian matrix. See vignette('troubleshooting'),
scissors,maxmonth_pre,0.022717942763886195,0.530950830533904,,
yesterday,maxmonth_pre,0.02274167621479104,0.5680646961566599,,
nephew,maxmonth_pre,0.02274214870119304,0.5994759843421001,,
opposition,maxmonth_pre,0.022805859322661635,0.6686745099598377,,
consequence,maxmonth_pre,0.022822555729539697,0.582444124761868,,
palace,maxmonth_pre,0.022822934984216073,0.7381390687841604,,
swamp,maxmonth_pre,0.02283002823389604,0.687651136030344,,
sight,maxmonth_pre,0.022834798581390817,0.4761099373098134,,
paw,maxmonth_pre,0.023177757098669288,0.6632138090162739,,
pigeon,maxmonth_pre,0.023226294964286555,0.5838177517646657,,
weed,maxmonth_pre,0.02323935948441913,0.5598674164071845,,
shed,maxmonth_pre,0.023384822935930315,0.4374164241638613,,
month,maxmonth_pre,0.02350818721280748,0.4878288900800876,,
stage,maxmonth_pre,0.023623717138058376,0.5392318948116369,,
lip,maxmonth_pre,0.02363288540250595,0.3615931468496018,,
mustard,maxmonth_pre,0.02367897372164339,0.6583569243009412,,
kite,maxmonth_pre,0.023826701961665708,0.6588249735356722,,
size,maxmonth_pre,0.023974948815071197,0.41973975576338474,,
pit,maxmonth_pre,0.024074147316220946,0.49828998833931354,,
pole,maxmonth_pre,0.024168239028225964,0.49001936675336444,,
ink,maxmonth_pre,0.02421120790776758,0.5966875948368696,,
width,maxmonth_pre,0.02422974034232593,0.5589979438161289,,
scar,maxmonth_pre,0.024614899806072923,0.48633515244709835,,
agreement,maxmonth_pre,0.024713840534200896,0.4631362572189792,,
labor,maxmonth_pre,0.024738283436950437,0.4711074163706891,,
headache,maxmonth_pre,0.024747349766586452,0.5510636230443728,,
limb,maxmonth_pre,0.024839405925253813,0.5592684017977024,,
news,maxmonth_pre,0.02487347349738861,0.4491365832733174,,
glow,maxmonth_pre,0.025058626066516872,0.6302118113001782,,
heat,maxmonth_pre,0.02528904002256078,0.26239532504333574,,
mistress,maxmonth_pre,0.025295405919194432,0.6246576327278258,,
one,maxmonth_pre,0.025396998098271,0.5860262700725762,,
moonlight,maxmonth_pre,0.025506614886817634,0.6228528182558202,,
copper,maxmonth_pre,0.025626807165448087,0.519592776152455,,
sugar,maxmonth_pre,0.026098001683002307,0.4839929500124387,,
jack,maxmonth_pre,0.026214801818636193,0.6579911534276679,,
blaze,maxmonth_pre,0.026242966216227487,0.560819036196093,,
relation,maxmonth_pre,0.026336891436992006,0.42240681011547027,,
cow,maxmonth_pre,0.026481170455833647,0.5548300490935013,,
cob,maxmonth_pre,0.026642495765057613,0.7219282684150514,,
gale,maxmonth_pre,0.026672491508967933,0.6803013030602397,,
dagger,maxmonth_pre,0.026757906470825175,0.634761747346227,,
harbor,maxmonth_pre,0.02678082955226532,0.667880700155562,,
nipple,maxmonth_pre,0.02681032294478736,0.46553220153063374,,
understanding,maxmonth_pre,0.026858525009291062,0.4974657304235737,,
hand,maxmonth_pre,0.026870177369063813,0.14507657674315969,,
blindness,maxmonth_pre,0.026872343406238914,0.5864270671887656,,
excrement,maxmonth_pre,0.02701112480872698,0.581661661098814,,
combination,maxmonth_pre,0.027036231147718175,0.6022757673896557,,
difficulty,maxmonth_pre,0.02715668287943621,0.3864948867198069,,
blade,maxmonth_pre,0.02731770225994,0.43430503734700954,,
rudder,maxmonth_pre,0.02733238152047788,0.6149577598401912,,
string,maxmonth_pre,0.027443445303550005,0.3354513814439088,,
disposition,maxmonth_pre,0.02752189785258963,0.6015374793196174,,
sunset,maxmonth_pre,0.027547665616405828,0.5402751785509959,,
louse,maxmonth_pre,0.027573599173825774,0.5767558571145532,,
eye,maxmonth_pre,0.027914874277268874,0.14795090891583462,,
stomach,maxmonth_pre,0.02793751260289519,0.33848781818870577,,
space,maxmonth_pre,0.02798133580293655,0.32622037917684826,,
mix,maxmonth_pre,0.028160662813322107,0.26469920337465913,,
color,maxmonth_pre,0.028194455580002727,0.30195939704796415,,
throne,maxmonth_pre,0.028376100669886526,0.5919714496079169,,
brood,maxmonth_pre,0.028393751592293383,0.601146995120071,,
companion,maxmonth_pre,0.02859106767000971,0.49610801227554496,,
process,maxmonth_pre,0.028664193168537775,0.4506204277057329,,
response,maxmonth_pre,0.02872427598887981,NA,Model convergence problem; non-positive-definite Hessian matrix. See vignette('troubleshooting'),
quality,maxmonth_pre,0.028778325049708894,0.46374338047573227,,
fist,maxmonth_pre,0.028864845541620127,0.3740833075843301,,
contraction,maxmonth_pre,0.02895248344197722,0.6175929871651179,,
stoop,maxmonth_pre,0.02914551617837422,0.5313631466043054,,
pad,maxmonth_pre,0.029187815409826984,0.5441855185872293,,
appetite,maxmonth_pre,0.02927200262089217,0.4608360262739216,,
measles,maxmonth_pre,0.029360619918866203,0.5189323326387691,,
strength,maxmonth_pre,0.02938719705719121,0.26248155175934024,,
bastard,maxmonth_pre,0.029413951237023724,0.5204558468673348,,
emphasis,maxmonth_pre,0.029442461323848656,0.47590455701566253,,
furniture,maxmonth_pre,0.029458520757899384,0.5462147179820087,,
height,maxmonth_pre,0.029469011295298945,0.32552687310730793,,
shoulder,maxmonth_pre,0.029629419413665165,0.18974828498224494,,
reflection,maxmonth_pre,0.029673749294455726,0.4683225644123603,,
custom,maxmonth_pre,0.029696304608825396,0.36441228125847325,,
breathing,maxmonth_pre,0.029699368719880482,0.3858493701412158,,
sale,maxmonth_pre,0.029727304577622012,0.5051807928987906,,
governor,maxmonth_pre,0.02978970814913397,0.535900075444706,,
swell,maxmonth_pre,0.02981596999110335,0.3237341643747307,,
throat,maxmonth_pre,0.029943635766930883,0.2187861971719998,,
guilt,maxmonth_pre,0.03001126513575384,0.540729293771414,,
tradition,maxmonth_pre,0.030103645802272275,0.4782007958602245,,
chip,maxmonth_pre,0.030403104977880648,NA,Model convergence problem; non-positive-definite Hessian matrix. See vignette('troubleshooting'),
grip,maxmonth_pre,0.030461528732545744,0.5508192887196942,,
vision,maxmonth_pre,0.03082028033374874,0.2777957956015867,,
caterpillar,maxmonth_pre,0.03085669497118071,0.5276305717206835,,
messenger,maxmonth_pre,0.030867439064127814,0.41790660219939824,,
farm,maxmonth_pre,0.03119319953904064,0.6848710038534223,,
employment,maxmonth_pre,0.03147588368685584,0.5634142518209682,,
scoop,maxmonth_pre,0.03156361745892208,0.5181217483592349,,
madness,maxmonth_pre,0.03157334322215989,0.5253687807684888,,
accusation,maxmonth_pre,0.031579825542836594,0.48445054724064524,,
belonging,maxmonth_pre,0.031695984726202484,0.6505601570075947,,
guardian,maxmonth_pre,0.031705017984571,0.5169085778718177,,
path,maxmonth_pre,0.0317999571515435,0.36542480992721416,,
strip,maxmonth_pre,0.0318471402877751,0.3641587261536157,,
inheritance,maxmonth_pre,0.03194178755315415,0.49417266851481617,,
faith,maxmonth_pre,0.03194790346866162,0.4795549857574,,
murder,maxmonth_pre,0.03203962309534235,0.4029264239899729,,
spoon,maxmonth_pre,0.03212707355033805,0.31465906526865944,,
bible,maxmonth_pre,0.032354392740678466,0.6379200814597628,,
fare,maxmonth_pre,0.032471099237796036,0.6189309008713777,,
twine,maxmonth_pre,0.03266112222323919,0.5246817908270206,,
hunger,maxmonth_pre,0.032673243920597964,0.2825377115188019,,
money,maxmonth_pre,0.032779386516646955,0.3405349412414651,,
bay,maxmonth_pre,0.03283840660158532,0.6068747080429943,,
bubble,maxmonth_pre,0.03295618013167374,0.2892813997884834,,
danger,maxmonth_pre,0.03317608017091903,0.3945246112241249,,
spear,maxmonth_pre,0.0333015708990843,0.48082621988608665,,
bachelor,maxmonth_pre,0.03335129916273536,0.45886029901092196,,
elbow,maxmonth_pre,0.03339952722706025,0.26760911389418457,,
multitude,maxmonth_pre,0.03341820457270897,0.5798888371307773,,
conduct,maxmonth_pre,0.03345214747282556,0.4842435328761617,,
web,maxmonth_pre,0.033485234425741146,0.33058321568180477,,
magician,maxmonth_pre,0.033653774382456994,0.5824504686238569,,
ceiling,maxmonth_pre,0.03375431529172432,0.5303677895765317,,
song,maxmonth_pre,0.03376189183680027,0.3195459109545857,,
rim,maxmonth_pre,0.03410474450089741,NA,Model convergence problem; non-positive-definite Hessian matrix. See vignette('troubleshooting'),
disgrace,maxmonth_pre,0.0342397800363909,0.49968187498542005,,
tray,maxmonth_pre,0.034284402236129566,0.5575261431963261,,
drizzle,maxmonth_pre,0.03431836486285871,0.475061613741196,,
hair,maxmonth_pre,0.03434255630098338,0.10373875294311778,,
lust,maxmonth_pre,0.03442030190563176,0.5236473618301031,,
anger,maxmonth_pre,0.03459584486744228,0.20802023934037148,,
soul,maxmonth_pre,0.03476254616131648,0.39617061280723487,,
savior,maxmonth_pre,0.034922622674682054,0.48683669696541915,,
beggar,maxmonth_pre,0.03496693836561367,0.40326785085687145,,
fold,maxmonth_pre,0.034992566354216825,0.19716841470900154,,
motion,maxmonth_pre,0.03512430821671553,0.4264898838558502,,
malaria,maxmonth_pre,0.0351528253829485,0.6416305074338511,,
garlic,maxmonth_pre,0.03523314261153598,0.5166702083122434,,
animal,maxmonth_pre,0.03538101626787927,0.24135275989244762,,
jaw,maxmonth_pre,0.035405956401481704,0.2780219963636158,,
effect,maxmonth_pre,0.0355103571188726,0.2895100043759909,,
boat,maxmonth_pre,0.035541663394932414,0.4374881132150251,,
decay,maxmonth_pre,0.03579993587329951,0.38854809166371085,,
hole,maxmonth_pre,0.035953175093379766,0.17046653669409675,,
crown,maxmonth_pre,0.0360231110682902,0.27295145902044976,,
repetition,maxmonth_pre,0.036070698337242676,0.44690844661805,,
habit,maxmonth_pre,0.03615325751161981,0.350619493661969,,
earth,maxmonth_pre,0.036364191886382013,0.22368701208274333,,
fireplace,maxmonth_pre,0.03642378929421655,0.5553765131617371,,
perch,maxmonth_pre,0.03674060823899687,0.5137677570874138,,
grain,maxmonth_pre,0.03681100970564779,0.45668072663821624,,
rainbow,maxmonth_pre,0.03686858541895682,0.3292965900392297,,
ridicule,maxmonth_pre,0.03686874261849974,0.4196001652377782,,
cheek,maxmonth_pre,0.03695082194877347,0.17035605569873624,,
increase,maxmonth_pre,0.036953317333330696,0.22253254917520215,,
uncle,maxmonth_pre,0.03703431368250589,0.3610602572632072,,
belief,maxmonth_pre,0.037089454384878665,0.39232087999645426,,
vapor,maxmonth_pre,0.037434089695960834,0.37650993809609545,,
frame,maxmonth_pre,0.037663459676235043,0.2638577192638966,,
indication,maxmonth_pre,0.03778524388844135,NA,,Model convergence problem; non-positive-definite Hessian matrix. See vignette('troubleshooting')
entrance,maxmonth_pre,0.03778825740965254,NA,,Model convergence problem; non-positive-definite Hessian matrix. See vignette('troubleshooting')
ache,maxmonth_pre,0.03790278414083563,0.3381652138886465,,
epidemic,maxmonth_pre,0.03790967226416351,0.45090010714690243,,
shape,maxmonth_pre,0.03799861075620483,0.14884086142212058,,
comparison,maxmonth_pre,0.03800862940165212,0.4223532927500693,,
testimony,maxmonth_pre,0.03807826580134726,0.3886311864280964,,
rot,maxmonth_pre,0.038113459854416096,0.3632757024594641,,
rain,maxmonth_pre,0.03814123817249705,0.11393066563131143,,
trouble,maxmonth_pre,0.03816240859383208,0.22258718497979998,,
debt,maxmonth_pre,0.038163286952196326,0.28505748205799264,,
bean,maxmonth_pre,0.038221816722673156,0.41217356120505877,,
cough,maxmonth_pre,0.038384834683035836,0.1977543975727123,,
una,maxmonth_pre,0.038429201312357136,0.656191935592274,,
nail,maxmonth_pre,0.03845670478065577,0.10670172773604981,,
exclamation,maxmonth_pre,0.03867474429918611,NA,,Model convergence problem; non-positive-definite Hessian matrix. See vignette('troubleshooting')
decoration,maxmonth_pre,0.038734587091776004,0.41044604861142414,,
strand,maxmonth_pre,0.039018951454992214,0.48728717765394064,,
knot,maxmonth_pre,0.03905816200356956,0.177237005930604,,
shame,maxmonth_pre,0.039071397028245004,0.17782521288514974,,
patch,maxmonth_pre,0.03907797628018307,NA,Model convergence problem; non-positive-definite Hessian matrix. See vignette('troubleshooting'),
potato,maxmonth_pre,0.039093389088412575,0.43999133290044634,,
hawk,maxmonth_pre,0.0391164013731903,0.32918431646736135,,
neck,maxmonth_pre,0.03914138709732104,0.09575756924302516,,
sting,maxmonth_pre,0.03928436577474595,0.25465438984780425,,
confusion,maxmonth_pre,0.0393022012291089,0.32278423833165365,,
trough,maxmonth_pre,0.03939609866550713,0.41721314042008567,,
extent,maxmonth_pre,0.039722216033616774,0.3265934644975867,,
author,maxmonth_pre,0.03978132212116313,0.39406785533180716,,
swarm,maxmonth_pre,0.03992904508321509,0.37904718990033537,,
noise,maxmonth_pre,0.04020296870624161,0.15591315913142767,,
lord,maxmonth_pre,0.04042548344275498,0.4591273545565452,,
errand,maxmonth_pre,0.040436553309960196,0.5420647290640123,,
stake,maxmonth_pre,0.040450557503051085,0.32060795819035726,,
sieve,maxmonth_pre,0.04066329226897545,0.33017296026998727,,
arrow,maxmonth_pre,0.040695740565789285,0.37482964002076535,,
guinea,maxmonth_pre,0.04079100894117374,0.6593669015673521,,
bow,maxmonth_pre,0.04083644449857184,0.1304505844388037,,
offspring,maxmonth_pre,0.04086457447813289,0.35217530975014755,,
message,maxmonth_pre,0.04104163527314997,0.21894359498376695,,
passion,maxmonth_pre,0.04120758944249422,0.4548483941380316,,
corner,maxmonth_pre,0.04124760199854584,0.09044573537337203,,
tobacco,maxmonth_pre,0.041286276879711835,0.32081385866583256,,
dew,maxmonth_pre,0.04134407372691965,0.2271746200941845,,
splinter,maxmonth_pre,0.04177114259058199,0.36730658007963485,,
thickness,maxmonth_pre,0.04188881935383748,0.2967324465344,,
lump,maxmonth_pre,0.042323228528288646,0.2994873026390176,,
slap,maxmonth_pre,0.04233362221283566,0.3053063618623484,,
substitute,maxmonth_pre,0.04233801836165416,NA,Model convergence problem; non-positive-definite Hessian matrix. See vignette('troubleshooting'),
town,maxmonth_pre,0.04244256917429328,0.372586733508368,,
diarrhea,maxmonth_pre,0.042555957781565894,0.3046390858253244,,
influence,maxmonth_pre,0.042843459598211446,0.2776617548147433,,
strainer,maxmonth_pre,0.04293614695307996,0.27967769017041155,,
grandchild,maxmonth_pre,0.04297888445744262,0.44029709586081645,,
container,maxmonth_pre,0.04304829520757003,0.5962363657197403,,
grove,maxmonth_pre,0.04308988651727622,0.47403888863759897,,
knife,maxmonth_pre,0.04315411451666048,0.13215299684878073,,
generation,maxmonth_pre,0.043251535985933634,0.2833435528789488,,
practice,maxmonth_pre,0.04330490822127514,0.17902996781686675,,
liquid,maxmonth_pre,0.043317912326610655,0.23552246894014167,,
hip,maxmonth_pre,0.04343976958810232,0.20831002697981948,,
metal,maxmonth_pre,0.043500238499172936,0.2685889699378264,,
loan,maxmonth_pre,0.043580700433694684,NA,Model convergence problem; non-positive-definite Hessian matrix. See vignette('troubleshooting'),Model convergence problem; non-positive-definite Hessian matrix. See vignette('troubleshooting')
effort,maxmonth_pre,0.04361493234165479,0.22983858541189353,,
presence,maxmonth_pre,0.04386056397386838,0.20918379515768176,,
gum,maxmonth_pre,0.04387810006456344,0.1880328393842777,,
sir,maxmonth_pre,0.04420169727274293,0.41863319929157516,,
bum,maxmonth_pre,0.04425730013381459,0.4234641784231474,,
miscarriage,maxmonth_pre,0.04440056205188338,0.3157936420939455,,
teeth,maxmonth_pre,0.04454795979238855,0.07938499237465053,,
filter,maxmonth_pre,0.04491362427351468,0.3519638940696001,,
son-in-law,maxmonth_pre,0.045034189580837755,0.35168498344697274,,
as,maxmonth_pre,0.04510178221575034,0.3494186057537775,,
arrangement,maxmonth_pre,0.045275151953065626,0.2269218607693387,,
ape,maxmonth_pre,0.045572133315325364,0.5251475537624494,,
contact,maxmonth_pre,0.045677613427727554,0.2132034148401453,,
sorrow,maxmonth_pre,0.04610689280039785,0.26436699699956456,,
penis,maxmonth_pre,0.04611168462757226,0.3930686563959715,,
chicken,maxmonth_pre,0.04618513064641953,0.41777460658169335,,
beauty,maxmonth_pre,0.046246279270224115,0.29741245237744185,,
share,maxmonth_pre,0.04629579208314926,0.06541305490484563,,
heap,maxmonth_pre,0.046499895471276316,0.23449980930025577,,
leopard,maxmonth_pre,0.04683033395904798,0.41048282429639943,,
bulge,maxmonth_pre,0.046865693628912256,0.43301839085266813,,
duration,maxmonth_pre,0.046931757159157345,0.35709320286673624,,
butterfly,maxmonth_pre,0.04694049228696668,0.24481490458213573,,
ash,maxmonth_pre,0.04702699399483704,0.12351082823548766,,
compensation,maxmonth_pre,0.04714320482656282,0.46829226331045065,,
trigger,maxmonth_pre,0.047268055990605774,0.4678649362963231,,
dispute,maxmonth_pre,0.04730810010869796,0.2322550594988201,,
god,maxmonth_pre,0.04742625355985698,0.30294620556654,,
filth,maxmonth_pre,0.04745364028853787,0.30286293787712115,,
saint,maxmonth_pre,0.04772365916390693,0.4707622422902076,,
bird,maxmonth_pre,0.04799629843233774,0.10697119973626001,,
breast,maxmonth_pre,0.048108370464040616,0.07395554413828233,,
likeness,maxmonth_pre,0.04815058400513192,0.3419008110636266,,
imitation,maxmonth_pre,0.04843377943478608,0.3361693012094043,,
fate,maxmonth_pre,0.04847759337718476,0.3619610074928858,,
razor,maxmonth_pre,0.04854084499337739,0.2033976274678642,,
desire,maxmonth_pre,0.04857756286583171,0.1539877616564657,,
carving,maxmonth_pre,0.04900940294006525,0.3961699504548009,,
completion,maxmonth_pre,0.04921017038623811,0.2807130859287045,,
others,maxmonth_pre,0.04927543734350679,0.18535923876236032,,
midnight,maxmonth_pre,0.04936552367163679,0.16026705411329764,,
defeat,maxmonth_pre,0.04951101439933569,0.20726802549059978,,
spectacle,maxmonth_pre,0.049606041959184013,0.265786514019609,,
acid,maxmonth_pre,0.04962914744134983,0.37772222997205207,,
satisfaction,maxmonth_pre,0.05004029240260447,0.2694763610472567,,
promise,maxmonth_pre,0.05006375682470597,0.07541655360902721,,
union,maxmonth_pre,0.05014250226576587,0.3998608170587559,,
trumpet,maxmonth_pre,0.050147869501239395,0.23885691792866723,,
sauce,maxmonth_pre,0.05037992142799952,0.46838521330604643,,
hell,maxmonth_pre,0.05054967661110318,0.28520514472597375,,
conclusion,maxmonth_pre,0.05084698726871898,0.2351999110962924,,
quarrel,maxmonth_pre,0.05086889404473988,0.12482998422973104,,
mother-in-law,maxmonth_pre,0.05091714890766904,0.30069716071987374,,
dwarf,maxmonth_pre,0.05092760800384353,0.21990133040438678,,
necessity,maxmonth_pre,0.050979140595852734,0.2172693016425727,,
aunt,maxmonth_pre,0.05098961008771909,0.21103106419508857,,
hint,maxmonth_pre,0.05102222877950426,0.3224535354469695,,
vicinity,maxmonth_pre,0.0512348480753723,0.3261963882994242,,
widower,maxmonth_pre,0.051334354623378015,0.2592243461634698,,
protection,maxmonth_pre,0.05141637719653896,0.19548581519492556,,
leak,maxmonth_pre,0.05150117019034395,0.1665824739429292,,
vagina,maxmonth_pre,0.05153634677737927,0.40080408449279775,,
pulp,maxmonth_pre,0.05160499193341087,0.38279668551974855,,
buttock,maxmonth_pre,0.05173222888515378,0.2071963874582051,,
wedge,maxmonth_pre,0.051771985402611014,0.26220112099186416,,
toe,maxmonth_pre,0.051887668399025,0.12194533519016292,,
consideration,maxmonth_pre,0.051894481741626204,0.2419178048187834,,
thumb,maxmonth_pre,0.05196224542601221,0.09954815581546211,,
discourse,maxmonth_pre,0.052160675132190255,0.39937504673352625,,
fire,maxmonth_pre,0.05222293490520027,0.025487144868727416,,
food,maxmonth_pre,0.05223170194801862,0.05252337325506644,,
existence,maxmonth_pre,0.0522830273024759,0.30347187705372436,,
image,maxmonth_pre,0.052508342913342033,0.21057209267224097,,
mankind,maxmonth_pre,0.05261843991406644,0.2802671842871918,,
sob,maxmonth_pre,0.05276773682540714,0.23705023063949374,,
sponge,maxmonth_pre,0.052816732727234805,0.3370375656944552,,
ocean,maxmonth_pre,0.05284894682488536,0.30762412807756584,,
blessing,maxmonth_pre,0.053327822793349876,0.24973389248108033,,
widow,maxmonth_pre,0.05352536037355551,0.1116897435429143,,
association,maxmonth_pre,0.05384815779047705,0.2500139339091717,,
moss,maxmonth_pre,0.054102902805066196,0.30448619911595876,,
disgust,maxmonth_pre,0.05419887278162593,0.2307408943494561,,
mouth,maxmonth_pre,0.05427296757533595,0.020593765530950096,,
doorway,maxmonth_pre,0.05427979910668999,0.35703345044471946,,
slave,maxmonth_pre,0.05430861683129976,0.2477230713713987,,
twin,maxmonth_pre,0.05458119364555712,0.1447175277886959,,
witch,maxmonth_pre,0.05460014768645966,0.36972767676885204,,
miracle,maxmonth_pre,0.05460886334725204,0.28349166493407846,,
obstruction,maxmonth_pre,0.054852497226901255,0.3303083598482417,,
din,maxmonth_pre,0.05507626534640252,0.45923286270869806,,
foam,maxmonth_pre,0.05531254240137184,NA,,Model convergence problem; non-positive-definite Hessian matrix. See vignette('troubleshooting')
resemblance,maxmonth_pre,0.055405878860649335,0.30115783784209943,,
honey,maxmonth_pre,0.05564205232259482,0.14242583935825875,,
deceit,maxmonth_pre,0.055757937616022435,0.3260169304307057,,
property,maxmonth_pre,0.05575976502676861,0.12983653851246604,,
riddle,maxmonth_pre,0.05581216889794207,0.2762121458046811,,
egg,maxmonth_pre,0.05597659750760375,0.025676413377112167,,
moon,maxmonth_pre,0.05603407530285415,0.06667822205351381,,
profit,maxmonth_pre,0.05613066644214571,0.1914058282699014,,
excitement,maxmonth_pre,0.056332355646726985,0.24146010841746723,,
hump,maxmonth_pre,0.056737519617648814,0.21796217213806882,,
comb,maxmonth_pre,0.0569089872425941,0.07058298168237041,,
spittle,maxmonth_pre,0.05780928708191139,NA,Model convergence problem; non-positive-definite Hessian matrix. See vignette('troubleshooting'),
reply,maxmonth_pre,0.05786764844849507,0.13719318314876497,,
gold,maxmonth_pre,0.05791679325165231,0.17428672508574483,,
blister,maxmonth_pre,0.05801331131531818,0.14542256414030968,,
stain,maxmonth_pre,0.058417112319252756,0.1753756606937387,,
respect,maxmonth_pre,0.058510715827704576,0.0512534998694632,,
thief,maxmonth_pre,0.05866650781165823,NA,Model convergence problem; non-positive-definite Hessian matrix. See vignette('troubleshooting'),
contest,maxmonth_pre,0.05880205467357022,0.2183794831747882,,
nod,maxmonth_pre,0.059203954525867436,NA,Model convergence problem; non-positive-definite Hessian matrix. See vignette('troubleshooting'),
massage,maxmonth_pre,0.05936849928769589,0.35335265977128216,,
fatigue,maxmonth_pre,0.059682758804580974,0.188997872148703,,
sin,maxmonth_pre,0.05985624461830816,0.21464395403625988,,
magic,maxmonth_pre,0.059977564172509844,0.26288482622761694,,
turtle,maxmonth_pre,0.059988539532907885,0.28596398990620775,,
prohibition,maxmonth_pre,0.06004823173112985,0.2718181205820545,,
yawn,maxmonth_pre,0.060090857941723676,0.11361473795367817,,
bargain,maxmonth_pre,0.06011809100989212,0.2704569572934931,,
kerosene,maxmonth_pre,0.06039127966607414,0.45352281776534076,,
creator,maxmonth_pre,0.06039725928407428,0.24938277725374122,,
slice,maxmonth_pre,0.060484835940792556,0.16875425909906652,,
dove,maxmonth_pre,0.06053138705637499,0.15860324574032758,,
famine,maxmonth_pre,0.06061836675852761,0.127846669011655,,
ankle,maxmonth_pre,0.06089681660802244,0.0633494765575572,,
fence,maxmonth_pre,0.06095237592351575,0.06613774719283678,,
forgiveness,maxmonth_pre,0.06134969867353081,0.25396150238689624,,
cavity,maxmonth_pre,0.06166344684380629,0.12044157582626401,,
navel,maxmonth_pre,0.06186155891003552,0.14937161531936732,,
death,maxmonth_pre,0.061870481660780144,0.014984140135257283,,
utterance,maxmonth_pre,0.06189424707464357,0.2472632031560487,,
atmosphere,maxmonth_pre,0.0623657083184831,0.24238298190525923,,
womb,maxmonth_pre,0.06260779549216788,0.0711762329323015,,
tip,maxmonth_pre,0.06265841593806043,0.06722463533971584,,
feces,maxmonth_pre,0.06292226216015032,0.32658741687932785,,
bracelet,maxmonth_pre,0.0630488335523949,0.19186539733686084,,
crook,maxmonth_pre,0.06345021543525002,0.30573312540219977,,
wood,maxmonth_pre,0.06348860187439499,0.016795081486743677,,
acquaintance,maxmonth_pre,0.06352826115540697,0.10436122509254109,,
blossom,maxmonth_pre,0.06358346569521087,0.15847627537365733,,
honor,maxmonth_pre,0.06360257341617052,0.08435503014678174,,
forehead,maxmonth_pre,0.06377382900872954,0.05415730030953346,,
tor,maxmonth_pre,0.0643860121523155,0.3264610102010911,,
virtue,maxmonth_pre,0.06448955050906514,0.26986295638646873,,
lily,maxmonth_pre,0.06452551422727372,0.2328810563659488,,
mixture,maxmonth_pre,0.06458965227210645,0.11433697432684439,,
eyelid,maxmonth_pre,0.06464471094438752,0.12466867497038919,,
tin,maxmonth_pre,0.06465658207416386,0.12883711192630137,,
cat,maxmonth_pre,0.0647063291647911,0.030336268534752634,,
length,maxmonth_pre,0.06472167640801767,0.03607427803396866,,
occasion,maxmonth_pre,0.06474237254261199,0.0370778744011367,,
longing,maxmonth_pre,0.06500521088396018,0.21113439267397918,,
load,maxmonth_pre,0.06504307564196816,0.03627819235509756,,
itch,maxmonth_pre,0.06508835814491999,0.05399029920789267,,
sens,maxmonth_pre,0.0655531073048995,0.25434515950939574,,
net,maxmonth_pre,0.06599248084772846,0.40828273624741973,,
utensil,maxmonth_pre,0.06599400456860713,0.21756806768427459,,
destruction,maxmonth_pre,0.06607870964569348,0.23803205009443246,,
tom,maxmonth_pre,0.06614183176145536,0.32266166152828946,,
collection,maxmonth_pre,0.06654594829335785,0.13777753172675564,,
groom,maxmonth_pre,0.06674790524373796,0.2776726753169533,,
sake,maxmonth_pre,0.06731548101193335,0.15274178903550603,,
tongs,maxmonth_pre,0.06742456802753949,0.16255637219112848,,
parable,maxmonth_pre,0.06750407647333027,0.2753365581962166,,
mum,maxmonth_pre,0.0677419665202199,0.2961433757134404,,
cradle,maxmonth_pre,0.06790349108803924,0.2366277940937672,,
abortion,maxmonth_pre,0.06790811077786571,0.11086537459826956,,
sickle,maxmonth_pre,0.06798023394886199,0.18783166177850938,,
vowel,maxmonth_pre,0.0680560075269218,0.3260054520383752,,
knuckle,maxmonth_pre,0.06806941442573235,0.22080292809064675,,
skull,maxmonth_pre,0.06822759450249266,0.05051901205096732,,
temptation,maxmonth_pre,0.06834732631260393,0.15978407036595,,
grass,maxmonth_pre,0.06846482043493601,0.03938073545270556,,
kin,maxmonth_pre,0.06846900973892367,0.28911589066110244,,
depth,maxmonth_pre,0.0684939099440918,0.032226703005938606,,
testicle,maxmonth_pre,0.06851146798415884,0.11830889334175453,,
attribute,maxmonth_pre,0.06869759359827994,0.20852470483709915,,
dot,maxmonth_pre,0.06889284175733937,0.1539141471264425,,
funnel,maxmonth_pre,0.06894886325200693,0.16846091617229197,,
dance,maxmonth_pre,0.06906267092360178,0.04956328307401697,,
descent,maxmonth_pre,0.06911077171308941,0.13830318942233183,,
happiness,maxmonth_pre,0.0693253787968963,0.10373902251751324,,
weave,maxmonth_pre,0.06938389005841387,0.07525582679956491,,
caution,maxmonth_pre,0.06943679551402748,0.1329978087528872,,
deception,maxmonth_pre,0.06945522120596662,0.1789256669538455,,
stalk,maxmonth_pre,0.06958732062733132,0.09730814631916619,,
remembrance,maxmonth_pre,0.06962941870847907,0.15551112432575265,,
edge,maxmonth_pre,0.06972664543377158,0.006457032584200537,,
beetle,maxmonth_pre,0.06989386902793679,0.14961648226047963,,
com,maxmonth_pre,0.07049961002374451,0.32156121461053644,,
pitcher,maxmonth_pre,0.07076097130171768,0.21356661718948372,,
bush,maxmonth_pre,0.07085681792944261,0.11243110120183829,,
darkness,maxmonth_pre,0.07095858329137172,0.06862437807902458,,
charcoal,maxmonth_pre,0.07105836228969747,0.07720004369072188,,
taste,maxmonth_pre,0.07115776106848132,0.002353222758875118,,
barber,maxmonth_pre,0.07122245538742639,0.12453916950607792,,
floor,maxmonth_pre,0.07126975404835839,0.044599812537949944,,
childbirth,maxmonth_pre,0.07135440954570672,0.14929829481716314,,
branch,maxmonth_pre,0.07154351288351621,0.005792181910459345,,
trunk,maxmonth_pre,0.07155319572498184,0.026105475334776026,,
quantity,maxmonth_pre,0.07173732951556384,0.08324213134117993,,
hog,maxmonth_pre,0.07183322528990521,0.2316751342876985,,
trader,maxmonth_pre,0.07185745477400414,0.17161285981012578,,
laborer,maxmonth_pre,0.07202845386652347,0.1652425432476119,,
punishment,maxmonth_pre,0.07209513267482691,0.04147699111350779,,
dirt,maxmonth_pre,0.07211287011058498,NA,Model convergence problem; non-positive-definite Hessian matrix. See vignette('troubleshooting'),
kit,maxmonth_pre,0.07223241893201948,0.3523671360741551,,
birth,maxmonth_pre,0.07228456058754167,NA,Model convergence problem; non-positive-definite Hessian matrix. See vignette('troubleshooting'),
violence,maxmonth_pre,0.0723649324590549,0.21106900581003643,,
stripe,maxmonth_pre,0.0727695223704608,0.11262206587642545,,
mushroom,maxmonth_pre,0.07323210305227443,0.18106075160479207,,
hatch,maxmonth_pre,0.07341040682880719,0.08754373211239688,,
kingdom,maxmonth_pre,0.0734162394677792,0.09441311036352046,,
ram,maxmonth_pre,0.07355793781366406,0.1548045443195573,,
frying,maxmonth_pre,0.07407141739198338,0.1565797456260404,,
crest,maxmonth_pre,0.07433861533032998,0.08727876714451571,,
abuse,maxmonth_pre,0.07470990737993019,0.07837309697466917,,
spider,maxmonth_pre,0.07476900762534729,0.03694103246312238,,
wisdom,maxmonth_pre,0.07484847919306088,0.08717530764509869,,
clan,maxmonth_pre,0.07486139235296636,0.41420641193430197,,
hunter,maxmonth_pre,0.07489070777991967,0.09145944652425016,,
follower,maxmonth_pre,0.07510543827934626,0.1274953858759473,,
consent,maxmonth_pre,0.075110401734669055,0.058076623387447825,,
anchor,maxmonth_pre,0.07514477034487402,0.20892546842293744,,
market,maxmonth_pre,0.07521836181991925,0.17543129506894858,,
plate,maxmonth_pre,0.07527377067755674,0.023142390058095003,,
address,maxmonth_pre,0.07562326309915772,0.08458506560803741,,
lamp,maxmonth_pre,0.07568943008018236,0.032114153541144476,,
sinner,maxmonth_pre,0.07572635156453825,0.13883144285653004,,
plot,maxmonth_pre,0.07641986607640204,0.056556563234000885,,
vomit,maxmonth_pre,0.07651981644300185,0.008824306746949654,,
midwife,maxmonth_pre,0.07658293814056896,0.08959537401415352,,
maid,maxmonth_pre,0.07671894120209834,0.15711254148802165,,
price,maxmonth_pre,0.07676782165369976,0.024995767158590528,,
river,maxmonth_pre,0.07789659356114928,0.05050691737829977,,
gun,maxmonth_pre,0.07790269571538351,0.046573659821108226,,
foliage,maxmonth_pre,0.07796722515931473,0.1707588316557767,,
disciple,maxmonth_pre,0.07803329871871811,0.15501590986119812,,
eel,maxmonth_pre,0.07837487357206344,0.16696096998146306,,
stream,maxmonth_pre,0.07847371883844385,0.07172281870927091,,
proverb,maxmonth_pre,0.07855530699211663,0.16836279726988845,,
abdomen,maxmonth_pre,0.07883046826626544,0.09598213319635036,,
expression,maxmonth_pre,0.07898965629728694,NA,,Model convergence problem; non-positive-definite Hessian matrix. See vignette('troubleshooting')
stump,maxmonth_pre,0.07908787364743315,0.045653113803230214,,
ghost,maxmonth_pre,0.07912132284282515,0.03973059403023645,,
theft,maxmonth_pre,0.07924440434354776,0.05134957116627846,,
distress,maxmonth_pre,0.07943115815338836,0.10360378574410177,,
feast,maxmonth_pre,0.0795155328592394,0.08757371089111357,,
pillar,maxmonth_pre,0.07951597717033393,0.07526794581914775,,
boundary,maxmonth_pre,0.07956561110406588,0.02561459152496088,,
bribe,maxmonth_pre,0.07972574884788373,0.08311545240725518,,
shell,maxmonth_pre,0.07986074452847414,0.0256155977079278,,
pleasure,maxmonth_pre,0.07989054782074147,0.0776456953238642,,
water,maxmonth_pre,0.08008273816584012,1.6248338091330063e-4,,
lag,maxmonth_pre,0.0801690545424293,0.27193164596932107,,
performance,maxmonth_pre,0.08037468555857827,0.13542933442131017,,
wax,maxmonth_pre,0.08059485755583655,0.02703369909040646,,
glory,maxmonth_pre,0.08068123974810586,0.07718338718544493,,
ladder,maxmonth_pre,0.08074983697624352,NA,Model convergence problem; non-positive-definite Hessian matrix. See vignette('troubleshooting'),
surface,maxmonth_pre,0.08089867151354167,0.02029726861791755,,
sorcery,maxmonth_pre,0.08099006748760929,0.2772510963977828,,
corpse,maxmonth_pre,0.08103125685281026,0.03988965379073551,,
thorn,maxmonth_pre,0.08149134458555071,0.02008760108476632,,
revenge,maxmonth_pre,0.08201775832360005,0.04081760496791942,,
disease,maxmonth_pre,0.08209401095693042,0.010108332334075371,,
calamity,maxmonth_pre,0.08218373575332714,0.1314720023299426,,
bench,maxmonth_pre,0.08222682605032469,0.069623849239722,,
belly,maxmonth_pre,0.08228414482998053,0.028060830904868835,,
vessel,maxmonth_pre,0.0828809116595502,0.09160193671743913,,
annoyance,maxmonth_pre,0.08314094515364796,0.07742645526211533,,
perspiration,maxmonth_pre,0.08326397004609906,0.038465011028320284,,
bowel,maxmonth_pre,0.08330479645944727,NA,Model convergence problem; non-positive-definite Hessian matrix. See vignette('troubleshooting'),
salute,maxmonth_pre,0.0833173657656841,0.10779275800589645,,
portion,maxmonth_pre,0.0833199083427445,0.03577471545515429,,
parrot,maxmonth_pre,0.08336888474034723,0.11214531280409862,,
twig,maxmonth_pre,0.083442065424048,0.027738327085591947,,
evil,maxmonth_pre,0.08346422835449192,0.01796372450030749,,
loin,maxmonth_pre,0.08395065361982292,0.21695095054687744,,
obstacle,maxmonth_pre,0.08401677224163463,0.07663506955039581,,
being,maxmonth_pre,0.08408973474725194,0.2130259921736873,,
spike,maxmonth_pre,0.08422240344373895,0.07757112372890368,,
trap,maxmonth_pre,0.08431597158906431,0.0319472246617804,,
ray,maxmonth_pre,0.08446638010050586,0.07859228240722912,,
disregard,maxmonth_pre,0.08447196863960188,0.11382181675535383,,
pond,maxmonth_pre,0.08451750562173961,0.06185908265307986,,
finger,maxmonth_pre,0.08469563976046977,0.0013098812303164226,,
rod,maxmonth_pre,0.08477460641538435,0.044353425722517194,,
mud,maxmonth_pre,0.08522654968329357,0.0033606336293592384,,
odor,maxmonth_pre,0.08543766290498181,0.04531010596070831,,
omen,maxmonth_pre,0.08550065326040016,0.11353298056495936,,
crow,maxmonth_pre,0.08578202369095217,0.011361220743205247,,
thread,maxmonth_pre,0.08668531849867314,0.005330140028240355,,
lap,maxmonth_pre,0.08669233510055313,0.04073221219237005,,
earthquake,maxmonth_pre,0.08706509637205219,0.020351637651144432,,
idol,maxmonth_pre,0.08738348249246837,0.1574576112140594,,
charm,maxmonth_pre,0.0876289538376318,0.09941525720872338,,
judgment,maxmonth_pre,0.08838579178758459,0.0483447345790334,,
elder,maxmonth_pre,0.08854508606889164,0.049258195801139805,,
growth,maxmonth_pre,0.08871502920558562,0.020580883065351514,,
shark,maxmonth_pre,0.09001883192709352,0.2588880425971988,,
bile,maxmonth_pre,0.09051264928545848,0.11179614254304693,,
beak,maxmonth_pre,0.09060767986371523,0.009656663098905343,,
ulcer,maxmonth_pre,0.09071714539086048,0.09011529918206539,,
bud,maxmonth_pre,0.09085096386281678,0.03407737032254597,,
coil,maxmonth_pre,0.09093482477127765,0.017230178202221155,,
sun,maxmonth_pre,0.09095152137884895,0.0011005017196877062,,
peep,maxmonth_pre,0.09109830810224416,0.07678395432567042,,
pu,maxmonth_pre,0.09111942753265434,NA,Model convergence problem; non-positive-definite Hessian matrix. See vignette('troubleshooting'),
anus,maxmonth_pre,0.09144563429997697,0.04894251386327962,,
salt,maxmonth_pre,0.09165052141732168,1.6426337382955452e-4,,
grunt,maxmonth_pre,0.09181939120174602,0.11529911447907801,,
gunpowder,maxmonth_pre,0.09243689281595674,0.10274417765664204,,
malice,maxmonth_pre,0.0926390595227155,0.06692916775072355,,
corn,maxmonth_pre,0.09277421099756085,0.07150984819023468,,
fever,maxmonth_pre,0.09283795151004001,0.0036719307827201416,,
poison,maxmonth_pre,0.09298613409959341,0.004178364029408822,,
gesture,maxmonth_pre,0.09308832757246571,0.05379200146485492,,
vegetable,maxmonth_pre,0.09350721852491753,0.019788614645496444,,
powder,maxmonth_pre,0.09376095360608605,0.0053222534319957715,,
sword,maxmonth_pre,0.09404635812363107,0.0199267545623033,,
dye,maxmonth_pre,0.09484888092360445,0.020235184888615004,,
mouthful,maxmonth_pre,0.09505729462205466,0.09151969489137737,,
pulse,maxmonth_pre,0.09543386258477006,0.062027938511917756,,
mode,maxmonth_pre,0.09548693757341872,0.21736682209151656,,
smallpox,maxmonth_pre,0.09604119353659715,0.10178735981702067,,
salvation,maxmonth_pre,0.09621191825427387,0.07538541809252637,,
boil,maxmonth_pre,0.09639380114582834,2.4328659175596172e-4,,
measurement,maxmonth_pre,0.09639676068801847,0.053436476973525604,,
instrument,maxmonth_pre,0.09672937691683367,0.005430395135467441,,
flavor,maxmonth_pre,0.09747828663399982,0.019364912621669148,,
sheath,maxmonth_pre,0.0976150181657383,0.015802537473049723,,
baptism,maxmonth_pre,0.09769283709371204,0.13398666590777392,,
intercourse,maxmonth_pre,0.09809294406547889,0.037971544406086126,,
chalk,maxmonth_pre,0.09830532621736242,0.05149414205231229,,
vow,maxmonth_pre,0.09844888096987373,0.06312385197140863,,
cucumber,maxmonth_pre,0.09848744283618988,0.07109434239587606,,
coin,maxmonth_pre,0.09850696201936232,0.020687682316471858,,
oil,maxmonth_pre,0.0989476297509039,0.001729193929550264,,
tag,maxmonth_pre,0.09897882287943782,0.19070310005626476,,
snout,maxmonth_pre,0.09948599244671875,0.03972153152052007,,
bait,maxmonth_pre,0.09955141900888452,0.031018495193441815,,
oyster,maxmonth_pre,0.09959179703563338,0.16799307755717882,,
warp,maxmonth_pre,0.09968940028387845,0.11567251117697637,,
mucus,maxmonth_pre,0.1008905218910392,0.02992434195819845,,
paddle,maxmonth_pre,0.10129668925163635,0.11077943793648844,,
broom,maxmonth_pre,0.10133088642419232,0.003594984258644807,,
flesh,maxmonth_pre,0.1020126447876591,0.00228343696135018,,
plantation,maxmonth_pre,0.10245444523530273,0.17972787843645313,,
blacksmith,maxmonth_pre,0.10291964620753737,0.06433490289794733,,
lemon,maxmonth_pre,0.10296210473373738,0.04040566970301724,,
necklace,maxmonth_pre,0.10321020439045361,0.020221866094745904,,
brim,maxmonth_pre,0.1036414071859192,0.020351677887468046,,
raft,maxmonth_pre,0.10402564108370146,0.05461760164643893,,
fluid,maxmonth_pre,0.10405806546938837,0.026309650602155305,,
fishing,maxmonth_pre,0.1041734477452545,0.056466906864915414,,
invitation,maxmonth_pre,0.10430336250783953,0.01600464921260655,,
smell,maxmonth_pre,0.10433188460093502,4.324118796347146e-5,,
ornament,maxmonth_pre,0.10463432045448956,0.05714370756003206,,
funeral,maxmonth_pre,0.10498796956957562,0.06750001603429744,,
vine,maxmonth_pre,0.10525449871038056,0.08018703029578171,,
wrist,maxmonth_pre,0.10538625573004856,0.003875394321262576,,
dancer,maxmonth_pre,0.10569922048480462,0.05068180933600633,,
waterfall,maxmonth_pre,0.10594244546703735,0.02992474156916607,,
rum,maxmonth_pre,0.10619891808769433,0.16096918879935723,,
wealth,maxmonth_pre,0.10651451352712382,0.01194718015453246,,
whirlpool,maxmonth_pre,0.10818461197131182,0.028705234024329878,,
pride,maxmonth_pre,0.10857338333344477,0.012656563798387411,,
groin,maxmonth_pre,0.10933085981073866,0.03319854705733531,,
father-in-law,maxmonth_pre,0.10970873945086512,0.028582078378446254,,
seed,maxmonth_pre,0.1100111432200343,6.650369032723677e-4,,
fin,maxmonth_pre,0.11010838171058716,0.039371238446006956,,
saliva,maxmonth_pre,0.11038562925326895,0.001772095127997465,,
soot,maxmonth_pre,0.1112589579962572,0.011310669158120616,,
puberty,maxmonth_pre,0.11185114436598423,0.09841688472343824,,
log,maxmonth_pre,0.1119192787752729,0.009031243340455233,,
bail,maxmonth_pre,0.11198775244721242,0.027846608095388626,,
bride,maxmonth_pre,0.11242260395377131,0.031364884446358106,,
armpit,maxmonth_pre,0.11245267085115608,0.012828009744461041,,
potter,maxmonth_pre,0.11343215051000947,0.01375015622673187,,
stool,maxmonth_pre,0.11385772633926848,0.004925321435147508,,
firewood,maxmonth_pre,0.11421077406677886,0.029369910276650684,,
wrestling,maxmonth_pre,0.11467493800166634,0.055428285579255464,,
pain,maxmonth_pre,0.11475580582924026,2.1741978536450097e-6,,
insect,maxmonth_pre,0.11511553110726601,0.001650371052750675,,
dam,maxmonth_pre,0.11536688603905776,0.023516252707611013,,
asthma,maxmonth_pre,0.11602965941238148,0.014225158163985792,,
toad,maxmonth_pre,0.11635005988598034,0.03395103767326449,,
lineage,maxmonth_pre,0.11635245350130133,0.1101529919329257,,
pig,maxmonth_pre,0.11669349267404835,0.018021233206850805,,
coral,maxmonth_pre,0.11685962363964714,0.1178701473895198,,
breadth,maxmonth_pre,0.11690843301771751,0.009011755804577077,,
worm,maxmonth_pre,0.11705067162218068,5.167594304301271e-5,,
rite,maxmonth_pre,0.1172338862273388,0.061392785895521634,,
lizard,maxmonth_pre,0.11728082731300031,0.004167685793257158,,
mosquito,maxmonth_pre,0.11871458312514555,0.005665466900376869,,
tide,maxmonth_pre,0.1188223354662171,0.11211361967604304,,
spleen,maxmonth_pre,0.11942517105570914,0.0029402099238330357,,
cricket,maxmonth_pre,0.11959438395051107,0.011384915622995106,,
mama,maxmonth_pre,0.11976214902180082,NA,Model convergence problem; non-positive-definite Hessian matrix. See vignette('troubleshooting'),Model convergence problem; non-positive-definite Hessian matrix. See vignette('troubleshooting')
tasting,maxmonth_pre,0.12145763163629734,0.010869803392978205,,
bead,maxmonth_pre,0.12164812421703312,0.002698990787094312,,
tortoise,maxmonth_pre,0.12207943600322216,0.021390135166178766,,
frog,maxmonth_pre,0.12252248115697988,0.0014620041001811143,,
circumcision,maxmonth_pre,0.12252656586836073,0.1399922283981057,,
rich,maxmonth_pre,0.12268439478909948,0.012624112833628558,,
ritual,maxmonth_pre,0.12294833692209317,0.1375097021190025,,
maize,maxmonth_pre,0.1230792828913423,0.11433260220821324,,
rope,maxmonth_pre,0.12321717854325559,2.7742214566282076e-5,,
junction,maxmonth_pre,0.12351028685857099,0.014304241121650282,,
echo,maxmonth_pre,0.12416435487493549,0.002087819503283602,,
plant,maxmonth_pre,0.1250351624174089,2.1061305808186387e-4,,
bundle,maxmonth_pre,0.12504385327698947,2.0767576462158943e-4,,
wasp,maxmonth_pre,0.1250739845694141,0.008026620789109932,,
cooking,maxmonth_pre,0.12589285740584624,0.0016572043977603364,,
rind,maxmonth_pre,0.12593067134358346,0.023433255650495022,,
marker,maxmonth_pre,0.1260800573987695,0.25555129838120266,,
pregnancy,maxmonth_pre,0.12717511667707415,0.0024711572889649027,,
juice,maxmonth_pre,0.12889873153801346,4.137733556075025e-5,,
gender,maxmonth_pre,0.12917250186996468,0.08258195311857915,,
bellow,maxmonth_pre,0.13058618600178656,0.004202807203642541,,
medicine,maxmonth_pre,0.13160989347573396,3.126113741921926e-4,,
joint,maxmonth_pre,0.13163198313916882,0.009419360788671354,,
pumpkin,maxmonth_pre,0.13164074397593842,0.03625306681335257,,
carpenter,maxmonth_pre,0.13252344637711647,4.636753007212724e-4,,
gin,maxmonth_pre,0.1326536968418861,0.07118514968994728,,
torch,maxmonth_pre,0.13294876854551088,0.002644896317391723,,
spirit,maxmonth_pre,0.1330302799751429,1.7609603258907677e-4,,
procession,maxmonth_pre,0.13304742617199375,0.016946564833276726,,
bee,maxmonth_pre,0.13305429441971256,0.001168373707843589,,
partition,maxmonth_pre,0.1330773224968769,0.006207871924468119,,
bark,maxmonth_pre,0.1332663903223503,5.029109074410021e-5,,
marriage,maxmonth_pre,0.133319881881489,1.8778242937289828e-5,,
plank,maxmonth_pre,0.1338171262325996,0.007270121824331529,,
squirrel,maxmonth_pre,0.13409264142675992,0.02505492138821328,,
noose,maxmonth_pre,0.13454701948674325,0.014076895745308394,,
male,maxmonth_pre,0.13456184135667126,0.07389402741735157,,
phlegm,maxmonth_pre,0.135820227082053,NA,Model convergence problem; non-positive-definite Hessian matrix. See vignette('troubleshooting'),
affection,maxmonth_pre,0.13590541203257578,0.0063070983314970795,,
preparation,maxmonth_pre,0.13607732565760527,3.393683449151903e-5,,
brass,maxmonth_pre,0.1362131148699489,0.007948477269597723,,
king,maxmonth_pre,0.13641181874757669,0.007166635807798395,,
fan,maxmonth_pre,0.13677215600133769,0.0012281337976149844,,
mat,maxmonth_pre,0.13710896966853856,0.001445942652420328,,
deer,maxmonth_pre,0.1381936285098583,0.023771231307421013,,
pat,maxmonth_pre,0.1382968174467952,0.031887796065703286,,
ant,maxmonth_pre,0.1390261859897891,8.123036662682372e-4,,
sacrifice,maxmonth_pre,0.13921471520518058,0.016118609831385546,,
prosperity,maxmonth_pre,0.13957586777825814,0.011756988437223496,,
curse,maxmonth_pre,0.13986128457267177,3.2525781577915925e-4,,
flower,maxmonth_pre,0.14063392412226486,6.17255311188491e-6,,
body,maxmonth_pre,0.1407895272161608,6.240767317197556e-7,,
pineapple,maxmonth_pre,0.14165305879209128,0.048511117350592145,,
mortar,maxmonth_pre,0.1416542527393469,2.6490009816868156e-4,,
enmity,maxmonth_pre,0.14269335565977645,0.009996270163683976,,
hive,maxmonth_pre,0.14288225087899611,0.03175750173377743,,
monkey,maxmonth_pre,0.14316824168764272,0.007382304390259228,,
ceremony,maxmonth_pre,0.1432540907031049,0.006190642230939322,,
spice,maxmonth_pre,0.14420655981513839,0.010682691433227113,,
substance,maxmonth_pre,0.14493361459266307,0.0019229864521317344,,
pan,maxmonth_pre,0.14516989004628825,0.0019449341478908048,,
demon,maxmonth_pre,0.14665951324114673,0.03726255188394744,,
cultivation,maxmonth_pre,0.14691950172276524,0.008595532488667786,,
sensation,maxmonth_pre,0.14714585552471632,0.0055223661155179345,,
timber,maxmonth_pre,0.14752137126477044,0.0044871839346779015,,
cotton,maxmonth_pre,0.148600383575692,0.0014886627879037195,,
forest,maxmonth_pre,0.14904601231246076,7.710365613328462e-4,,
priest,maxmonth_pre,0.14960415253803208,0.0036691027565886568,,
sunshine,maxmonth_pre,0.1505898178369558,0.005855714258461375,,
fiber,maxmonth_pre,0.15104093862659335,7.431533947526598e-4,,
worship,maxmonth_pre,0.1513276929093969,0.0015980918320399793,,
cock,maxmonth_pre,0.15170429823809373,7.549139700921319e-4,,
drum,maxmonth_pre,0.15267770656457166,1.1174576846940264e-4,,
jar,maxmonth_pre,0.15280781016869338,0.008198704091571045,,
earring,maxmonth_pre,0.1530024261581741,0.006892730430466086,,
urine,maxmonth_pre,0.15379436932633891,2.3594403577777846e-6,,
adultery,maxmonth_pre,0.15399792009994515,2.753123450075479e-4,,
shrub,maxmonth_pre,0.15483191737082597,0.010467868876635707,,
hearth,maxmonth_pre,0.15494746280593,0.013808865318514548,,
scrotum,maxmonth_pre,0.15630454470180835,0.02356367610329104,,
handful,maxmonth_pre,0.1567454233502781,0.0011952153447120654,,
snake,maxmonth_pre,0.1579416876656342,9.87687279523125e-5,,
tiger,maxmonth_pre,0.15813477837782813,0.006215982811190354,,
pot,maxmonth_pre,0.15813913248309114,1.4167257554217292e-4,,
cluster,maxmonth_pre,0.15870361963994473,9.1571212619334e-4,,
fisherman,maxmonth_pre,0.15997384841002235,0.002711871873664755,,
bun,maxmonth_pre,0.16039883412454983,NA,Model convergence problem; non-positive-definite Hessian matrix. See vignette('troubleshooting'),
ember,maxmonth_pre,0.16130586705533936,0.0029211517207780573,,
semen,maxmonth_pre,0.16227539488006104,NA,,Model convergence problem; non-positive-definite Hessian matrix. See vignette('troubleshooting')
sip,maxmonth_pre,0.16292115098531162,0.0020722349921149874,,
mask,maxmonth_pre,0.16318957365022993,0.010028759635550673,,
ale,maxmonth_pre,0.16335753211463036,0.0923611965099547,,
sibling,maxmonth_pre,0.1639412952460189,0.15537266234994043,,
lime,maxmonth_pre,0.16561728735335626,1.5791318299821386e-4,,
pal,maxmonth_pre,0.16610165599295418,0.01672424770642371,,
buffalo,maxmonth_pre,0.1661585592472867,0.029222051362929154,,
bunch,maxmonth_pre,0.16616145158860066,1.1583711286401242e-5,,
roof,maxmonth_pre,0.17044434255124066,6.473463154232358e-8,,
alphabet,maxmonth_pre,0.17140072630486172,0.004072428293631471,,
liquor,maxmonth_pre,0.17262571081681174,0.0036210567509514535,,
pepper,maxmonth_pre,0.17357164717320678,1.3036750740961844e-4,,
kernel,maxmonth_pre,0.17379387167507018,0.0020619102557553246,,
ingredient,maxmonth_pre,0.1767158941522337,5.402011852051937e-4,,
sickness,maxmonth_pre,0.17737543248690743,NA,Model convergence problem; non-positive-definite Hessian matrix. See vignette('troubleshooting'),
bear,maxmonth_pre,0.1795881102168471,0.002563612807651706,,
pod,maxmonth_pre,0.18057191032098255,2.7656632760015204e-4,,
basket,maxmonth_pre,0.18125283163003605,3.0284429818143964e-6,,
placenta,maxmonth_pre,0.18132852473396738,0.001973486726181976,,
nut,maxmonth_pre,0.1814898246650623,5.621714950740755e-5,,
rat,maxmonth_pre,0.18176839368447528,1.1637473206845645e-6,,
festival,maxmonth_pre,0.18368349599601305,0.007551386275253671,,
bat,maxmonth_pre,0.18390637967069368,3.4982707208468133e-6,,
season,maxmonth_pre,0.18431548606369605,5.721513871084848e-10,,
sap,maxmonth_pre,0.18652358572429045,1.6059421925897273e-5,,
platform,maxmonth_pre,0.19029957823407428,1.4195727258792926e-4,,
tree,maxmonth_pre,0.19270777574853898,4.657998847159019e-9,,
waist,maxmonth_pre,0.19536931757567494,2.490835654085445e-7,,
epilepsy,maxmonth_pre,0.19840840625358538,2.9030316886623405e-5,,
crab,maxmonth_pre,0.19993472426754805,8.065188598841868e-5,,
village,maxmonth_pre,0.20015056777012324,7.547560416938392e-4,,
cane,maxmonth_pre,0.20121535494803133,5.5491211965058525e-6,,
pun,maxmonth_pre,0.20263778366830598,NA,Model convergence problem; non-positive-definite Hessian matrix. See vignette('troubleshooting'),
sore,maxmonth_pre,0.2105662552570545,0.004187574914935353,,
fruit,maxmonth_pre,0.21061830759136235,9.400162050642717e-12,,
fowl,maxmonth_pre,0.2109249385612342,3.1031501353209987e-5,,
crocodile,maxmonth_pre,0.21190954004172677,8.314647329689264e-5,,
fungus,maxmonth_pre,0.21254443433774742,6.303611592323831e-4,,
leaf,maxmonth_pre,0.2130006475723151,3.0460032161737006e-11,,
fish,maxmonth_pre,0.21767580476786988,3.7404306346112773e-7,,
fern,maxmonth_pre,0.21948735893889965,NA,,Model convergence problem; non-positive-definite Hessian matrix. See vignette('troubleshooting')
eaves,maxmonth_pre,0.22041618073628663,1.4763618555916217e-4,,
ban,maxmonth_pre,0.22114923490918795,NA,Model convergence problem; non-positive-definite Hessian matrix. See vignette('troubleshooting'),
termite,maxmonth_pre,0.2219974401660681,0.001229080274677792,,
cloth,maxmonth_pre,0.22333137432438407,4.4246106331232023e-10,,
umbrella,maxmonth_pre,0.2248056097102868,5.651100270992988e-9,,
snail,maxmonth_pre,0.22590717981002625,3.565130345873625e-6,,
serpent,maxmonth_pre,0.23789221819340037,1.1619718246591559e-4,,
aka,maxmonth_pre,0.24069774028785992,0.04065805909995756,,
banana,maxmonth_pre,0.24349262102813427,3.8894055533241487e-4,,
ginger,maxmonth_pre,0.2461750482775769,6.691136209613766e-7,,
roofing,maxmonth_pre,0.24633161698825648,6.922781748317652e-4,,
pounding,maxmonth_pre,0.24745778131023255,5.755700600609814e-5,,
canoe,maxmonth_pre,0.2605840511900145,0.0054868721265460855,,
elephant,maxmonth_pre,0.26686716698927243,5.948148512961312e-7,,
female,maxmonth_pre,0.2735937922233217,2.9148393104469823e-5,,
rafter,maxmonth_pre,0.2756201997810118,2.7162732603551166e-4,,
palm,maxmonth_pre,0.27813736203739164,2.1728724631997814e-11,,
coconut,maxmonth_pre,0.3300121960867743,0.00141348248596639,,
jungle,maxmonth_pre,0.4089271590629486,2.425968223276742e-6,,
mango,maxmonth_pre,0.43906109216604566,5.561054497670279e-9,,
rice,maxmonth_pre,0.4786560951048261,9.06052581834017e-11,,
yam,maxmonth_pre,0.5112703263050622,2.296653306913948e-9,,
bamboo,maxmonth_pre,0.6498816832399924,2.654395411109368e-20,,
bamboo,maxmonth_wnd,-0.42135287878834166,2.9481513760507994e-9,,
malaria,maxmonth_wnd,-0.3808131408272644,2.2180535021706165e-8,,
jungle,maxmonth_wnd,-0.3489780478146959,6.931356671159965e-5,,
rice,maxmonth_wnd,-0.3272661314743898,2.5189329591146188e-6,,
mango,maxmonth_wnd,-0.29729509821540323,9.757717339900523e-5,,
sibling,maxmonth_wnd,-0.28739704315706865,0.010093887595582794,,
ritual,maxmonth_wnd,-0.2853812543160648,2.585044298131703e-4,,
pounding,maxmonth_wnd,-0.26115230407298407,1.3360679807011926e-5,,
crocodile,maxmonth_wnd,-0.25179168728845414,1.0874801545383006e-6,,
buffalo,maxmonth_wnd,-0.24678536831761877,0.0011349975016200322,,
container,maxmonth_wnd,-0.23489589711584785,0.00228573706499246,,
omen,maxmonth_wnd,-0.23122484334608565,NA,Model convergence problem; non-positive-definite Hessian matrix. See vignette('troubleshooting'),
termite,maxmonth_wnd,-0.2142799157290634,0.001740446120704158,,
feces,maxmonth_wnd,-0.20890699800569343,6.114903943126979e-4,,
elephant,maxmonth_wnd,-0.2082988804559623,9.368864936188153e-5,,
demon,maxmonth_wnd,-0.20513711071472726,0.002132794816616431,,
sacrifice,maxmonth_wnd,-0.19802925335059837,3.035505006254086e-4,,
puberty,maxmonth_wnd,-0.19730278332627624,0.0022817522021773675,,
deception,maxmonth_wnd,-0.19269270021244578,2.1913540664698537e-4,,
charm,maxmonth_wnd,-0.1850628048942744,2.819557331161263e-4,,
market,maxmonth_wnd,-0.17990257240648935,6.785252503733002e-4,,
palm,maxmonth_wnd,-0.17929384658262146,5.701574546633813e-6,,
aka,maxmonth_wnd,-0.17829855440383127,0.13145924325755534,,
unit,maxmonth_wnd,-0.17760350345345355,2.9910744726715355e-4,,
parrot,maxmonth_wnd,-0.17750653651000606,2.9911778611840247e-4,,
yam,maxmonth_wnd,-0.1767552325608623,0.03301358304966918,,
fruit,maxmonth_wnd,-0.17366288990647247,2.999122947514884e-9,,
pun,maxmonth_wnd,-0.17142806889452972,NA,Model convergence problem; non-positive-definite Hessian matrix. See vignette('troubleshooting'),
dam,maxmonth_wnd,-0.17013088144257044,3.941951764842955e-4,,
snake,maxmonth_wnd,-0.16976609665228382,9.277869613575185e-6,,
massage,maxmonth_wnd,-0.16576632576908842,0.004213160974523211,,
mosquito,maxmonth_wnd,-0.16453537063326648,5.128150589821158e-5,,
flavor,maxmonth_wnd,-0.16380226269984305,0.0011584242331998903,,
monkey,maxmonth_wnd,-0.16270490514374183,0.0015059321639964668,,
forearm,maxmonth_wnd,-0.16233137794583927,0.006341286925516006,,
corpse,maxmonth_wnd,-0.16133207510389563,3.321113124431787e-5,,
magic,maxmonth_wnd,-0.1597214187335724,0.001614934461720698,,
ingredient,maxmonth_wnd,-0.159317756083511,0.003157122269721272,,
forest,maxmonth_wnd,-0.15844860160280022,1.3430910215040905e-4,,
roofing,maxmonth_wnd,-0.1563167576665862,0.01777680661237934,,
pod,maxmonth_wnd,-0.15346765007897892,0.0023675631706557786,,
pepper,maxmonth_wnd,-0.1530577595122825,4.1130135690575087e-4,,
jar,maxmonth_wnd,-0.15284562159606105,0.006365485258360921,,
bride,maxmonth_wnd,-0.15212534524274007,0.0020767342166656895,,
smallpox,maxmonth_wnd,-0.14928946686187866,0.012098782134597417,,
marker,maxmonth_wnd,-0.14875493488485322,0.15151110831656378,,
victim,maxmonth_wnd,-0.14627398483680865,0.005580226200998656,,
vine,maxmonth_wnd,-0.1458673987943862,0.0090984164926720245,,
priest,maxmonth_wnd,-0.1448678360936557,0.003208773739110707,,
idiom,maxmonth_wnd,-0.14458544228439435,0.09928151139182664,,
ban,maxmonth_wnd,-0.14450307372831298,NA,Model convergence problem; non-positive-definite Hessian matrix. See vignette('troubleshooting'),
existence,maxmonth_wnd,-0.14393684987672484,0.004237186819542961,,
coconut,maxmonth_wnd,-0.1422764312270197,0.14285958154406717,,
residue,maxmonth_wnd,-0.14157967836855417,0.015560596920624425,,
father-in-law,maxmonth_wnd,-0.1410601485683283,0.004488535278138163,,
resin,maxmonth_wnd,-0.14052633531175285,0.004841111166044362,,
anus,maxmonth_wnd,-0.14052049610309633,0.0011753757130277581,,
killer,maxmonth_wnd,-0.13893324953373698,0.015379374184853105,,
marriage,maxmonth_wnd,-0.138617567536426,4.525831760834007e-6,,
status,maxmonth_wnd,-0.13859880837708596,0.013405890033310908,,
bang,maxmonth_wnd,-0.13843931217648592,0.062311391842661525,,
magician,maxmonth_wnd,-0.13743467950239,0.022214567456020486,,
sensation,maxmonth_wnd,-0.13740839352277703,0.007939218334914325,,
cane,maxmonth_wnd,-0.13366994143549185,0.0016559146801896072,,
mama,maxmonth_wnd,-0.13366225032163953,NA,Model convergence problem; non-positive-definite Hessian matrix. See vignette('troubleshooting'),Model convergence problem; non-positive-definite Hessian matrix. See vignette('troubleshooting')
cotton,maxmonth_wnd,-0.1335765358326467,0.002998499223269294,,
mortar,maxmonth_wnd,-0.13356535149446627,5.214322292645374e-4,,
basket,maxmonth_wnd,-0.13251740519486763,4.035907026238294e-4,,
barrier,maxmonth_wnd,-0.1322369173727266,0.0021685083198710823,,
rite,maxmonth_wnd,-0.13197059284742432,NA,Model convergence problem; non-positive-definite Hessian matrix. See vignette('troubleshooting'),
frying,maxmonth_wnd,-0.13192238849735635,0.009919456406074965,,
area,maxmonth_wnd,-0.13129298637453485,0.008516127053712226,,
ginger,maxmonth_wnd,-0.13112284844748867,0.006253126573999236,,
daytime,maxmonth_wnd,-0.13041741182775893,0.03718583540140364,,
substance,maxmonth_wnd,-0.1303355463154898,0.004707110519477696,,
insect,maxmonth_wnd,-0.13028899564871746,1.9580869400300516e-4,,
fiber,maxmonth_wnd,-0.12987651590111943,0.002728498663713967,,
frog,maxmonth_wnd,-0.1293112568884108,4.521362024174486e-4,,
kernel,maxmonth_wnd,-0.12814566868674337,0.017071669329256196,,
rat,maxmonth_wnd,-0.12803729147059953,3.2241661565530854e-4,,
mother-in-law,maxmonth_wnd,-0.1268862653123188,0.00806809770529203,,
platform,maxmonth_wnd,-0.12687909064211195,0.005834953073205405,,
groom,maxmonth_wnd,-0.12548834014366606,0.036340504468165835,,
obstruction,maxmonth_wnd,-0.12543420925059182,0.020901601044695968,,
leaf,maxmonth_wnd,-0.12428156683886904,4.569441916498316e-5,,
maize,maxmonth_wnd,-0.12368221765548475,0.09354395489131984,,
infection,maxmonth_wnd,-0.1236604247748537,0.02913493367674323,,
pal,maxmonth_wnd,-0.12283385634137825,0.06104277172020274,,
sickle,maxmonth_wnd,-0.12277597859966725,0.018942090717090833,,
raft,maxmonth_wnd,-0.12209995210843415,0.019488570578901947,,
decoration,maxmonth_wnd,-0.12146410634152027,0.005893630030654777,,
warp,maxmonth_wnd,-0.12145351572698633,0.0497907690442769,,
category,maxmonth_wnd,-0.12131468697148995,0.046086031308774325,,
pulse,maxmonth_wnd,-0.12119678406680637,0.015451573370680973,,
spice,maxmonth_wnd,-0.12118625502492122,0.03031556402683311,,
seed,maxmonth_wnd,-0.12057496443908405,8.130444020774982e-5,,
fate,maxmonth_wnd,-0.11970097185261176,0.01771514318337585,,
result,maxmonth_wnd,-0.11914494406403582,2.0674601271760272e-4,,
ant,maxmonth_wnd,-0.11893768225781291,0.0036739916263179096,,
noose,maxmonth_wnd,-0.11793551497785083,0.02634291885456889,,
epilepsy,maxmonth_wnd,-0.11724645499505794,0.01791264801685695,,
pulp,maxmonth_wnd,-0.11712400501372972,0.04244087297621939,,
waist,maxmonth_wnd,-0.11644836364590896,0.0015577298614391538,,
incense,maxmonth_wnd,-0.11616862119609722,0.03415573014496355,,
vegetable,maxmonth_wnd,-0.11613877868732309,0.002723828428417264,,
reality,maxmonth_wnd,-0.11543894463391459,0.022284078648926123,,
placenta,maxmonth_wnd,-0.11427791190446034,0.04725523338270987,,
cucumber,maxmonth_wnd,-0.11388771727820504,0.026781547295367417,,
test,maxmonth_wnd,-0.1138132188689761,8.653103275459497e-4,,
stage,maxmonth_wnd,-0.11380407166120211,0.002036865140539458,,
vicinity,maxmonth_wnd,-0.1135931842363344,0.023469630260661324,,
price,maxmonth_wnd,-0.11347997194044565,4.928857218226835e-4,,
performance,maxmonth_wnd,-0.11231202113199928,0.031417039575575595,,
descent,maxmonth_wnd,-0.11229259693362621,0.012253791742273075,,
mushroom,maxmonth_wnd,-0.11226256752077635,0.03458840178028821,,
radio,maxmonth_wnd,-0.11224560816771706,0.17886882718185876,,
slave,maxmonth_wnd,-0.11203251520061844,0.011838215669956964,,
ornament,maxmonth_wnd,-0.11190145151758385,0.03422516432800464,,
tortoise,maxmonth_wnd,-0.11175350376049713,0.035432552379444926,,
province,maxmonth_wnd,-0.11141280847151928,0.08582820666989444,,
storage,maxmonth_wnd,-0.11075355723213422,0.10438243391284935,,
brass,maxmonth_wnd,-0.1106725416341482,0.028888241571154487,,
elder,maxmonth_wnd,-0.11053933469745912,0.009269503324413323,,
address,maxmonth_wnd,-0.11042864722244587,0.0070763480564857845,,
topic,maxmonth_wnd,-0.11040173005609105,NA,,Model convergence problem; non-positive-definite Hessian matrix. See vignette('troubleshooting')
sunshine,maxmonth_wnd,-0.1100940873055762,0.03801438759433597,,
din,maxmonth_wnd,-0.10991591768018198,0.13363566056025653,,
male,maxmonth_wnd,-0.10954267301210481,0.11043600049765138,,
bun,maxmonth_wnd,-0.1095269363132985,0.10692051189777872,,
measurement,maxmonth_wnd,-0.10951611134844079,0.023175313562845728,,
bracelet,maxmonth_wnd,-0.10901690505063594,0.01825513394713799,,
umbrella,maxmonth_wnd,-0.10814638569307565,0.005960871650478981,,
intercourse,maxmonth_wnd,-0.1079098464253555,0.014709958549834513,,
bulb,maxmonth_wnd,-0.1067746877178869,0.0527752705882492,,
disciple,maxmonth_wnd,-0.10659727929248418,0.047928246895955345,,
louse,maxmonth_wnd,-0.10652401726568507,0.024263627607342502,,
powder,maxmonth_wnd,-0.1064411253547379,8.519040839480966e-4,,
compensation,maxmonth_wnd,-0.10576508547813049,0.08022294794107214,,
earring,maxmonth_wnd,-0.10475078308772018,0.06015745636881973,,
plate,maxmonth_wnd,-0.10443743605112098,8.874279928464276e-4,,
ceremony,maxmonth_wnd,-0.10387295314789666,0.037411734735166666,,
utensil,maxmonth_wnd,-0.10373156429326667,0.05653811084947677,,
chick,maxmonth_wnd,-0.10300576435362095,0.06560851570945767,,
poison,maxmonth_wnd,-0.10285022038331597,8.199202085086786e-4,,
money,maxmonth_wnd,-0.10232826683029422,0.002090321143403354,,
squirrel,maxmonth_wnd,-0.10183122210176396,0.08481326769073845,,
village,maxmonth_wnd,-0.10151077485868168,0.06696689758684066,,
fingernail,maxmonth_wnd,-0.10103505335620676,0.15094408166680015,,
shrub,maxmonth_wnd,-0.10067888586565789,0.07090026080095796,,
tree,maxmonth_wnd,-0.10063163101984564,0.001269626024826867,,
metal,maxmonth_wnd,-0.10012958491231294,0.009428462993822665,,
roof,maxmonth_wnd,-0.10012386511360127,4.304167586276401e-4,,
length,maxmonth_wnd,-0.09987597591028245,4.7357038010125893e-4,,
lament,maxmonth_wnd,-0.09939120301174438,0.05362191215231085,,
liquid,maxmonth_wnd,-0.09921873785612553,0.004702366806907641,,
cavity,maxmonth_wnd,-0.09902574768640884,0.010362105608308587,,
joke,maxmonth_wnd,-0.09895440207470156,0.005135274661368624,,
role,maxmonth_wnd,-0.09865715197175423,0.10437703387462242,,
com,maxmonth_wnd,-0.09837430260165057,0.157303597283242,,
group,maxmonth_wnd,-0.09772819885706652,0.018239194827765978,,
mat,maxmonth_wnd,-0.09683472676067356,0.02356296552503278,,
molar,maxmonth_wnd,-0.09665919570552005,0.06340451639712352,,
blacksmith,maxmonth_wnd,-0.09627753719946469,0.07636072279832368,,
bachelor,maxmonth_wnd,-0.09625862005399657,0.04211964627304663,,
contact,maxmonth_wnd,-0.09589593666005329,0.007867979139837056,,
mound,maxmonth_wnd,-0.09545328916855016,NA,Model convergence problem; non-positive-definite Hessian matrix. See vignette('troubleshooting'),
celebration,maxmonth_wnd,-0.09535312361302185,0.09233727319328336,,
peanut,maxmonth_wnd,-0.09517586795692379,0.30417868955239896,,
bee,maxmonth_wnd,-0.09493362859191513,0.017633478254118127,,
debt,maxmonth_wnd,-0.09491303668935723,0.005066423797511249,,
lizard,maxmonth_wnd,-0.0948409576314384,0.0167571092556936,,
penis,maxmonth_wnd,-0.09484065814604936,0.060506565541297824,,
filter,maxmonth_wnd,-0.09469067742114125,0.05291167672121297,,
armpit,maxmonth_wnd,-0.09452399381070735,0.0280612081630035,,
grain,maxmonth_wnd,-0.09417103254796448,0.04563378095015974,,
tray,maxmonth_wnd,-0.09406975794067585,0.08567095313696663,,
headache,maxmonth_wnd,-0.09403552010960524,0.019637970938708105,,
sap,maxmonth_wnd,-0.09399714235528137,0.025859603047294837,,
preparation,maxmonth_wnd,-0.09343319665710469,0.004916875347812393,,
collapse,maxmonth_wnd,-0.0928462894511427,0.06129191968203358,,
season,maxmonth_wnd,-0.09253788624706195,0.0013019374388441092,,
trunk,maxmonth_wnd,-0.09243624870034174,0.0022733798121294902,,
cooking,maxmonth_wnd,-0.09231326978242375,0.01612207042496267,,
absence,maxmonth_wnd,-0.09221669802727199,0.024897506019317856,,
transfer,maxmonth_wnd,-0.09220223824132047,0.059126911398200685,,
consciousness,maxmonth_wnd,-0.09190299155608209,0.06992733732798778,,
expense,maxmonth_wnd,-0.09187572637662045,0.08686323056994744,,
female,maxmonth_wnd,-0.09132297539115311,0.1686042553237482,,
discipline,maxmonth_wnd,-0.091322454356422,0.0807303867860166,,
disk,maxmonth_wnd,-0.0911478287381174,0.09673914354964212,,
grandparent,maxmonth_wnd,-0.09034865221574649,0.2853115828627496,,
layer,maxmonth_wnd,-0.09017471767814911,0.023546594801648477,,
banana,maxmonth_wnd,-0.08992117411786495,0.16898650472180327,,
cluster,maxmonth_wnd,-0.08968487367888002,0.04783460317039225,,
lover,maxmonth_wnd,-0.08953317273774936,0.059607567208931664,,
gin,maxmonth_wnd,-0.08951673249178431,0.23430950439247938,,
necklace,maxmonth_wnd,-0.0892574170424506,0.0360784282821149,,
follower,maxmonth_wnd,-0.08923888436676644,0.0673563050103899,,
festival,maxmonth_wnd,-0.08902502925922891,0.1826327939100622,,
plot,maxmonth_wnd,-0.08899444005082417,0.023531013737021485,,
fern,maxmonth_wnd,-0.08886989035086225,NA,,Model convergence problem; non-positive-definite Hessian matrix. See vignette('troubleshooting')
encounter,maxmonth_wnd,-0.08828466244836004,0.04646543571072864,,
problem,maxmonth_wnd,-0.08828315325088584,0.1545650804313766,,
plant,maxmonth_wnd,-0.08824033341452898,0.007375247511333917,,
width,maxmonth_wnd,-0.08803981140854383,0.025681798639011304,,
tiger,maxmonth_wnd,-0.08755885954722481,0.13929099939838935,,
bar,maxmonth_wnd,-0.0875290547402645,0.05259057463500955,,
being,maxmonth_wnd,-0.0874701716893679,0.17814784234624867,,
curse,maxmonth_wnd,-0.08741606473204123,0.018669946307544986,,
bum,maxmonth_wnd,-0.08714370954994127,0.11076699433777666,,
instrument,maxmonth_wnd,-0.08711581277062051,0.010470005742605136,,
epidemic,maxmonth_wnd,-0.08690213095922295,0.07693762728625558,,
sore,maxmonth_wnd,-0.08659209380780468,0.21448410173711832,,
handful,maxmonth_wnd,-0.08629889918071276,0.0787690902615539,,
log,maxmonth_wnd,-0.086154984421723,0.035085114894472434,,
palace,maxmonth_wnd,-0.08609424425382511,0.20157593140498117,,
carcass,maxmonth_wnd,-0.08603523135451645,0.14870242438736406,,
childbirth,maxmonth_wnd,-0.08587014703640111,0.06401554312046091,,
tube,maxmonth_wnd,-0.08544277217567957,NA,Model convergence problem; non-positive-definite Hessian matrix. See vignette('troubleshooting'),Model convergence problem; non-positive-definite Hessian matrix. See vignette('troubleshooting')
clause,maxmonth_wnd,-0.0851032399223343,0.20685449969812858,,
wasp,maxmonth_wnd,-0.08491193606880804,0.05828111695593333,,
path,maxmonth_wnd,-0.08462090578198084,0.010029367187362347,,
spirit,maxmonth_wnd,-0.08438383808285364,0.01108424352239785,,
rooster,maxmonth_wnd,-0.0843376834043299,0.29741556349065823,,
response,maxmonth_wnd,-0.08419283537661734,0.14732722244484137,,
midday,maxmonth_wnd,-0.08349345541003213,0.04567406053452579,,
hunter,maxmonth_wnd,-0.083406911486585,0.05066913292902763,,
creator,maxmonth_wnd,-0.08337942247781169,0.10661552913655147,,
stalk,maxmonth_wnd,-0.08282915092420147,0.035301000113036794,,
river,maxmonth_wnd,-0.08254283726504595,0.030884053920457583,,
disease,maxmonth_wnd,-0.08235237567388276,0.007921908776622313,,
ram,maxmonth_wnd,-0.08184209103130795,0.11256418876737309,,
medicine,maxmonth_wnd,-0.08115211511096458,0.021127964621886118,,
tomorrow,maxmonth_wnd,-0.08110941687426856,0.13451427226162935,,
saliva,maxmonth_wnd,-0.08108072415151198,0.02021027943903936,,
arrangement,maxmonth_wnd,-0.08090816406984579,0.029917184086070504,,
promise,maxmonth_wnd,-0.0802804962304364,0.0038576905848232853,,
tor,maxmonth_wnd,-0.07996819280803157,0.2523681105149132,,
plank,maxmonth_wnd,-0.07974864217332327,0.097701481974182,,
month,maxmonth_wnd,-0.07966131063209321,0.01230454124163016,,
nut,maxmonth_wnd,-0.07890683229280634,0.06379952781180803,,
pottery,maxmonth_wnd,-0.07884763915587797,0.17790148099166958,,
religion,maxmonth_wnd,-0.07845147507910415,0.11310044642389094,,
trap,maxmonth_wnd,-0.07817768948234127,0.032224555109716176,,
calamity,maxmonth_wnd,-0.07799921129572193,0.15900222574636863,,
wealth,maxmonth_wnd,-0.07789893274595416,0.05849979066237114,,
owner,maxmonth_wnd,-0.07745150645331003,0.02390116917273231,,
sob,maxmonth_wnd,-0.07735435315970213,0.0916247717522289,,
experience,maxmonth_wnd,-0.07734829259651366,0.026481539053980457,,
union,maxmonth_wnd,-0.07728497347081908,0.18657438306497878,,
body,maxmonth_wnd,-0.07719179678189929,0.004201967149040827,,
shame,maxmonth_wnd,-0.0771626324277172,0.0050553433588573634,,
mucus,maxmonth_wnd,-0.0771293611143144,0.0873342398083143,,
testicle,maxmonth_wnd,-0.07709575743897278,0.06629821261486377,,
moment,maxmonth_wnd,-0.07709464994840938,0.04909151574323182,,
diarrhea,maxmonth_wnd,-0.07694959619136955,0.04685675018264509,,
potter,maxmonth_wnd,-0.07662728035340964,0.1095034545247798,,
paste,maxmonth_wnd,-0.07630996936068336,0.14476074906967087,,
swamp,maxmonth_wnd,-0.07589611272995353,0.14351383956912594,,
leader,maxmonth_wnd,-0.07585359907549774,0.015774760815657235,,
sorrow,maxmonth_wnd,-0.07573714420657304,0.06132489448666409,,
vagina,maxmonth_wnd,-0.0755359595562284,0.19036404370988938,,
separation,maxmonth_wnd,-0.07543399297422491,0.1378684496106062,,
deposit,maxmonth_wnd,-0.07527300100114337,0.06394461997723998,,
photograph,maxmonth_wnd,-0.07513813804805311,0.1459424324200643,,
jealousy,maxmonth_wnd,-0.07511101206787203,0.06492714982156639,,
guardian,maxmonth_wnd,-0.0748145171758381,0.10754323798143846,,
semen,maxmonth_wnd,-0.0742086375875454,NA,,Model convergence problem; non-positive-definite Hessian matrix. See vignette('troubleshooting')
canal,maxmonth_wnd,-0.0739806483837456,0.20977068253776623,,
uncle,maxmonth_wnd,-0.07373891513197879,0.06162150060089797,,
trader,maxmonth_wnd,-0.07357025160313237,0.14901387477986625,,
police,maxmonth_wnd,-0.07330954696002,NA,,Model convergence problem; non-positive-definite Hessian matrix. See vignette('troubleshooting')
destination,maxmonth_wnd,-0.07282664913990133,0.11432580684951794,,
abdomen,maxmonth_wnd,-0.0728255092094319,0.08813446470543358,,
forgiveness,maxmonth_wnd,-0.07278148893478939,0.15229682710356995,,
coin,maxmonth_wnd,-0.07275242751282301,0.08453593074932493,,
mixture,maxmonth_wnd,-0.0723385927413643,0.0763811096081756,,
obligation,maxmonth_wnd,-0.07231327289851688,0.09545336445056188,,
mankind,maxmonth_wnd,-0.07229673969384086,0.13709195277682343,,
miscarriage,maxmonth_wnd,-0.07226097852246502,0.25208745906439745,,
friction,maxmonth_wnd,-0.07208539126305999,0.13210976314364684,,
eclipse,maxmonth_wnd,-0.07181979389701358,0.10848297501253204,,
tip,maxmonth_wnd,-0.07179054133392411,0.03310832585001884,,
animal,maxmonth_wnd,-0.0717130683166852,0.013200717635385181,,
exit,maxmonth_wnd,-0.07137463975329889,0.14273824074584415,,
gamble,maxmonth_wnd,-0.07123536879894297,0.2536170561446041,,
route,maxmonth_wnd,-0.07111535619768893,0.11499430609412929,,
jam,maxmonth_wnd,-0.0709874203290204,0.2922049843839415,,
madness,maxmonth_wnd,-0.07089071601321449,0.1453545737226837,,
worship,maxmonth_wnd,-0.07082184049516967,0.12710074431614074,,
earthquake,maxmonth_wnd,-0.0707829776856283,0.04464074457724007,,
buttock,maxmonth_wnd,-0.07061269456864025,0.06965256691001553,,
branch,maxmonth_wnd,-0.07002369441555076,0.004110234060652095,,
adult,maxmonth_wnd,-0.0698646309070703,0.08763030270899118,,
responsibility,maxmonth_wnd,-0.06959876594589981,0.173630952973555,,
fungus,maxmonth_wnd,-0.06956596176437177,0.23207514075420999,,
influence,maxmonth_wnd,-0.06955992344204831,0.0742970438329803,,
guitar,maxmonth_wnd,-0.06950532371628286,0.2796939696795202,,
darkness,maxmonth_wnd,-0.0692602399107798,0.05857368498792993,,
fame,maxmonth_wnd,-0.06874736257164427,0.1641375472611176,,
regret,maxmonth_wnd,-0.06857741744989734,0.056164680644100344,,
hole,maxmonth_wnd,-0.06844150011066365,0.0058422274386609185,,
aunt,maxmonth_wnd,-0.06837417679063398,0.08733257820037221,,
smear,maxmonth_wnd,-0.06801692411760059,0.12255357959346899,,
development,maxmonth_wnd,-0.06799650673833076,0.1630462855575568,,
son-in-law,maxmonth_wnd,-0.06766451780827044,0.15513594527918304,,
airplane,maxmonth_wnd,-0.06766196802098258,0.3190909058667774,,
wit,maxmonth_wnd,-0.06760306560290631,0.1672916308211715,,
mud,maxmonth_wnd,-0.06747936944537807,0.015554688979853295,,
obstacle,maxmonth_wnd,-0.06746264700528588,0.1531961221066833,,
dot,maxmonth_wnd,-0.06737083557206235,0.1638231207241438,,
target,maxmonth_wnd,-0.06735864723827291,0.09142643303767266,,
trading,maxmonth_wnd,-0.06694436256059237,0.2136487154687906,,
relation,maxmonth_wnd,-0.06677689814525817,0.037097334344336534,,
hiss,maxmonth_wnd,-0.06670210881187895,0.13486728976347176,,
carrier,maxmonth_wnd,-0.06669785931169717,0.16068555131743908,,
string,maxmonth_wnd,-0.06669732203557086,0.013006284051139565,,
profession,maxmonth_wnd,-0.06667316409691405,0.22408208271175523,,
burial,maxmonth_wnd,-0.06652874585754727,0.09709966316760958,,
den,maxmonth_wnd,-0.06606867201244937,0.35091421332589307,,
mattress,maxmonth_wnd,-0.06588785353762046,0.19045904510840417,,
spine,maxmonth_wnd,-0.06588228206360704,0.10015985487684362,,
bark,maxmonth_wnd,-0.06558741499029518,0.038232400214683625,,
property,maxmonth_wnd,-0.06552859566044876,0.06182216972312927,,
attack,maxmonth_wnd,-0.06509098678148921,0.04766337415201452,,
communication,maxmonth_wnd,-0.06492642723085731,0.22996220813381332,,
eaves,maxmonth_wnd,-0.06475051131647003,0.24576060135832062,,
power,maxmonth_wnd,-0.06466303893055905,0.051709038245081336,,
pleasure,maxmonth_wnd,-0.06451652445793508,0.14315284168739295,,
drum,maxmonth_wnd,-0.06447127565599357,0.091763841084378,,
weave,maxmonth_wnd,-0.06413611297905912,0.0856725508989409,,
blade,maxmonth_wnd,-0.06393243187481644,0.048062872833726275,,
rot,maxmonth_wnd,-0.06378929360044774,0.11291080849730947,,
spleen,maxmonth_wnd,-0.06361263812773153,0.19140833086611955,,
boil,maxmonth_wnd,-0.06346654905080101,0.011422950864350393,,
hesitation,maxmonth_wnd,-0.06346052767388045,0.1951399613998045,,
carving,maxmonth_wnd,-0.06341914272432897,0.23205834033916056,,
divorce,maxmonth_wnd,-0.0634159508288134,0.17509218624505013,,
birth,maxmonth_wnd,-0.0632797622076606,0.011656983376569622,,
pregnancy,maxmonth_wnd,-0.06316564852370052,0.13194349056486776,,
harvest,maxmonth_wnd,-0.06294525608140214,0.1321322199348948,,
womb,maxmonth_wnd,-0.06288653610692789,NA,Model convergence problem; non-positive-definite Hessian matrix. See vignette('troubleshooting'),
pile,maxmonth_wnd,-0.06265758242164944,0.03246264193886757,,
soot,maxmonth_wnd,-0.06217748334442925,0.14217474012692033,,
pu,maxmonth_wnd,-0.06210663023549382,0.11091661862127972,,
tag,maxmonth_wnd,-0.0619220366271774,0.3820000351404946,,
motor,maxmonth_wnd,-0.06184634330257236,0.3689203276395704,,
gaze,maxmonth_wnd,-0.061771172644120825,0.08945616158795976,,
flower,maxmonth_wnd,-0.06147900993979485,0.040965081793409366,,
cultivation,maxmonth_wnd,-0.061430293881616325,0.2733602404226214,,
statement,maxmonth_wnd,-0.061180780443865754,0.15987736744087327,,
misfortune,maxmonth_wnd,-0.061113887001403334,0.133794914398901,,
fear,maxmonth_wnd,-0.06106028058525851,0.020159752700175695,,
crest,maxmonth_wnd,-0.061006777640749146,0.16532571335487797,,
symbol,maxmonth_wnd,-0.06075049386822707,NA,Model convergence problem; non-positive-definite Hessian matrix. See vignette('troubleshooting'),Model convergence problem; non-positive-definite Hessian matrix. See vignette('troubleshooting')
contrast,maxmonth_wnd,-0.06066062113394605,0.3353163700708122,,
population,maxmonth_wnd,-0.060431750376583424,0.2688226060392803,,
resident,maxmonth_wnd,-0.06041352087378679,0.2228564308367999,,
astonishment,maxmonth_wnd,-0.06034085358524232,0.21097085382817649,,
accusation,maxmonth_wnd,-0.06013268249542237,0.17401519835263396,,
garlic,maxmonth_wnd,-0.060107907177270874,0.2614438273614346,,
unity,maxmonth_wnd,-0.05997553624399156,0.24493193140868846,,
shoulder,maxmonth_wnd,-0.05978466256456106,0.004827257051719549,,
fighter,maxmonth_wnd,-0.05942829922880618,0.26948601969661506,,
height,maxmonth_wnd,-0.05942325825789141,0.03651232907776571,,
organization,maxmonth_wnd,-0.05939895402364244,0.43010695759171774,,
position,maxmonth_wnd,-0.05939536548563207,0.04634631588175224,,
goat,maxmonth_wnd,-0.05938363683966134,0.18352923904089558,,
intention,maxmonth_wnd,-0.05935522265549334,0.11729682186875352,,
grip,maxmonth_wnd,-0.05923411744340599,0.2196400891505026,,
practice,maxmonth_wnd,-0.05919552174444095,0.055854623592269954,,
settlement,maxmonth_wnd,-0.058870915838961396,0.2849187557203663,,
odor,maxmonth_wnd,-0.05881502699583631,0.1769568188909638,,
remembrance,maxmonth_wnd,-0.058540303763067375,0.22909965986295391,,
clan,maxmonth_wnd,-0.058446839807053515,0.49344021913281044,,
death,maxmonth_wnd,-0.058392167144723964,0.01788010346264251,,
singer,maxmonth_wnd,-0.05837689088491892,0.1395609327027667,,
defeat,maxmonth_wnd,-0.05821310354261018,0.12844974042544874,,
tradition,maxmonth_wnd,-0.05819482207945074,0.12229161410006613,,
thread,maxmonth_wnd,-0.05818977599261064,0.053248404395947024,,
console,maxmonth_wnd,-0.05795857033823536,0.2200590095662265,,
punishment,maxmonth_wnd,-0.05790141888516887,0.09841894038853452,,
destruction,maxmonth_wnd,-0.05780652029134826,0.2816580980763348,,
robber,maxmonth_wnd,-0.05756856799327077,0.16100970361678524,,
capacity,maxmonth_wnd,-0.057485331864090154,0.15699011189629422,,
smile,maxmonth_wnd,-0.05737362147134719,0.115791458994023,,
blessing,maxmonth_wnd,-0.057344774350895314,0.20423465501509552,,
fatigue,maxmonth_wnd,-0.05732595369251844,0.2093783454804948,,
charcoal,maxmonth_wnd,-0.057270020723410794,0.1333232508155991,,
finger,maxmonth_wnd,-0.056974142319255315,0.024844757511798654,,
perfume,maxmonth_wnd,-0.05694527919116765,0.2300626092140781,,
eyelid,maxmonth_wnd,-0.0569247091655005,0.13893033240385663,,
fever,maxmonth_wnd,-0.05660256861368429,0.06226328165952127,,
location,maxmonth_wnd,-0.056539583353816356,0.40915946856068536,,
arrow,maxmonth_wnd,-0.05648409068111322,0.1862795901907326,,
serpent,maxmonth_wnd,-0.05645632268977227,0.37046508932532796,,
pain,maxmonth_wnd,-0.056380800177870206,0.019040478548599592,,
rebuke,maxmonth_wnd,-0.05612659165653892,0.3246163756733005,,
sickness,maxmonth_wnd,-0.056088402068569077,0.14536717994864023,,
sin,maxmonth_wnd,-0.05598679066132612,0.24636753923900442,,
indication,maxmonth_wnd,-0.055829690538353426,NA,,Model convergence problem; non-positive-definite Hessian matrix. See vignette('troubleshooting')
bellow,maxmonth_wnd,-0.05582592276899561,0.22918373546883056,,
funeral,maxmonth_wnd,-0.05575537559075972,0.3175251061026185,,
search,maxmonth_wnd,-0.0556906183665553,0.027812990608378673,,
companion,maxmonth_wnd,-0.05561703364429335,0.15601848756147213,,
site,maxmonth_wnd,-0.05556341727557449,0.2639870800396992,,
misery,maxmonth_wnd,-0.05555722871942267,0.31228050473991203,,
desire,maxmonth_wnd,-0.05549282639638274,0.09774886984690971,,
pat,maxmonth_wnd,-0.055315601193646674,0.3679088590706167,,
plan,maxmonth_wnd,-0.05526214692091798,0.15066681360404496,,
conduct,maxmonth_wnd,-0.05522396902316748,0.23191469922346833,,
firewood,maxmonth_wnd,-0.05516610355080516,0.27655239128538583,,
production,maxmonth_wnd,-0.05499956936399862,0.3718910734892398,,
pitcher,maxmonth_wnd,-0.05488794572442355,0.3333731984208785,,
flour,maxmonth_wnd,-0.054545387950761796,0.173188865624588,,
trust,maxmonth_wnd,-0.05447666806432866,0.11744055922714998,,
spouse,maxmonth_wnd,-0.05440548646007592,0.39024383430254334,,
trouser,maxmonth_wnd,-0.054308949595897923,0.2779212804973453,,
thumb,maxmonth_wnd,-0.054268934888235074,0.0639580264016756,,
dye,maxmonth_wnd,-0.05423079481566875,0.15698487025998129,,
ulcer,maxmonth_wnd,-0.054220993598258285,0.2846842613406701,,
sting,maxmonth_wnd,-0.05412478451324836,0.09423406238802412,,
belonging,maxmonth_wnd,-0.054121385254369735,0.39231096253552783,,
phlegm,maxmonth_wnd,-0.05396305822762894,NA,Model convergence problem; non-positive-definite Hessian matrix. See vignette('troubleshooting'),
sadness,maxmonth_wnd,-0.05391341709231257,0.29185006210039677,,
dispute,maxmonth_wnd,-0.053832574762856654,0.15985386454438638,,
chicken,maxmonth_wnd,-0.05339993862915556,0.32864234983866475,,
sunlight,maxmonth_wnd,-0.053155444685213105,0.334896755474901,,
lime,maxmonth_wnd,-0.053136074717733586,0.20955100732680587,,
spin,maxmonth_wnd,-0.05305731741916508,0.14957576042737464,,
cradle,maxmonth_wnd,-0.05301859753996747,0.3245033939477021,,
moisture,maxmonth_wnd,-0.05285006800329319,0.2898108176078839,,
structure,maxmonth_wnd,-0.05282513523316296,0.26253437162779714,,
interpretation,maxmonth_wnd,-0.0528174507786657,0.3576528093004673,,
urine,maxmonth_wnd,-0.05257994386198714,0.10045483395686827,,
smoking,maxmonth_wnd,-0.05241102551128268,0.21174522786928296,,
activity,maxmonth_wnd,-0.05231673315605076,0.19843229202094229,,
smell,maxmonth_wnd,-0.05221626579263248,0.03501026300370588,,
freedom,maxmonth_wnd,-0.052143385172955546,0.23472131736636548,,
skin,maxmonth_wnd,-0.05213094497207252,0.028775794381279297,,
til,maxmonth_wnd,-0.05206181354711002,0.5072462402884031,,
interval,maxmonth_wnd,-0.052007716864222224,0.2403384178245763,,
taste,maxmonth_wnd,-0.051864309716024175,0.02357498162598749,,
straw,maxmonth_wnd,-0.05182320382979843,0.24779838351808328,,
surface,maxmonth_wnd,-0.05160603495364219,0.12341025252966928,,
blindness,maxmonth_wnd,-0.051485513058160196,0.2716989801754749,,
rim,maxmonth_wnd,-0.05145433230539285,NA,Model convergence problem; non-positive-definite Hessian matrix. See vignette('troubleshooting'),
flame,maxmonth_wnd,-0.050892801646593835,0.07897646456258599,,
beak,maxmonth_wnd,-0.05083972612889928,0.13272716166456713,,
generation,maxmonth_wnd,-0.05060325149111754,0.18419077720549934,,
moon,maxmonth_wnd,-0.05053757689708943,0.08652362980522679,,
size,maxmonth_wnd,-0.05047330983277395,0.06792161769572709,,
color,maxmonth_wnd,-0.050458982830262046,0.04920682458619953,,
sugar,maxmonth_wnd,-0.050242652627587474,NA,Model convergence problem; non-positive-definite Hessian matrix. See vignette('troubleshooting'),
completion,maxmonth_wnd,-0.05001807678159703,0.2628502783495215,,
announcement,maxmonth_wnd,-0.04954040147597631,0.34773198911350034,,
silk,maxmonth_wnd,-0.04951754018059845,0.3108830569600106,,
enemy,maxmonth_wnd,-0.04949096721550788,0.16462416035306868,,
duration,maxmonth_wnd,-0.04941500495161059,0.3233502796918607,,
tasting,maxmonth_wnd,-0.04936009838580164,0.3054052344632944,,
surprise,maxmonth_wnd,-0.049297466488694305,0.12339427439087725,,
pot,maxmonth_wnd,-0.049262051949693735,0.21301522185615226,,
food,maxmonth_wnd,-0.049227476616711445,0.05451763219872772,,
lamp,maxmonth_wnd,-0.049180432012540395,0.15122156470398057,,
cure,maxmonth_wnd,-0.04897478583568849,0.13888022281219892,,
control,maxmonth_wnd,-0.04883713259931715,0.21028083838026704,,
detail,maxmonth_wnd,-0.04879779681060702,0.2514232187900082,,
teaching,maxmonth_wnd,-0.04840304444870675,0.19935390112073673,,
juice,maxmonth_wnd,-0.048338821211954534,0.1165180666658472,,
attribute,maxmonth_wnd,-0.04805981205909699,0.37540357596984664,,
decrease,maxmonth_wnd,-0.047936792252172435,0.2580508680399033,,
heat,maxmonth_wnd,-0.04791769391238235,0.025220229968395305,,
dagger,maxmonth_wnd,-0.047785493657425834,0.37619633749017783,,
wrist,maxmonth_wnd,-0.04750024941164762,0.16797270545770468,,
fan,maxmonth_wnd,-0.04747564091134816,0.2572494173798932,,
trickle,maxmonth_wnd,-0.04739289928930871,0.39484059689148304,,
pant,maxmonth_wnd,-0.04735713429115074,0.23586394438640562,,
reed,maxmonth_wnd,-0.047239787233993295,0.3532055845929397,,
flute,maxmonth_wnd,-0.047075409120474615,0.27839865098766686,,
landing,maxmonth_wnd,-0.04695114290805234,0.4186178985707266,,
system,maxmonth_wnd,-0.04690972868128109,0.3562629441762849,,
solution,maxmonth_wnd,-0.04679580839367847,0.38098954021539766,,
sinner,maxmonth_wnd,-0.0467762996737127,0.3412812864491946,,
breathing,maxmonth_wnd,-0.04675136318895705,0.15898675071167637,,
strip,maxmonth_wnd,-0.04672880329798897,0.15896356550443816,,
ancestor,maxmonth_wnd,-0.046687353473971085,0.26551599918334684,,
junction,maxmonth_wnd,-0.04664009940073711,0.3706685458183286,,
impression,maxmonth_wnd,-0.04651088847659971,0.2879060924225329,,
mirror,maxmonth_wnd,-0.04630475032932446,0.07888060754695243,,
condition,maxmonth_wnd,-0.04620219505704487,0.18851617276474056,,
figure,maxmonth_wnd,-0.046074264460980056,0.27171700819390604,,
thorn,maxmonth_wnd,-0.04606621825657651,0.17328319087141095,,
sip,maxmonth_wnd,-0.04576115627168985,0.3701149693879603,,
repetition,maxmonth_wnd,-0.045690139884536775,0.31069119195723316,,
extract,maxmonth_wnd,-0.04495931207523664,0.26230705211379685,,
appearance,maxmonth_wnd,-0.04493758283577158,0.1601796350758871,,
imitation,maxmonth_wnd,-0.044857747283217904,0.36086163114021663,,
firm,maxmonth_wnd,-0.044850140368633024,0.2107113976835658,,
rope,maxmonth_wnd,-0.04469932506421406,0.1143129819323924,,
relationship,maxmonth_wnd,-0.04438250557807341,0.23393597687807696,,
spider,maxmonth_wnd,-0.04436277248492699,0.19329295655374445,,
wood,maxmonth_wnd,-0.044355443688445566,0.0750716772623716,,
twig,maxmonth_wnd,-0.044085657263755046,0.23329009390215275,,
cycle,maxmonth_wnd,-0.04403238250545005,0.5381444574805425,,
shape,maxmonth_wnd,-0.04395633883372804,0.07655468690719061,,
trigger,maxmonth_wnd,-0.043917096313616844,0.45939914780380814,,
maker,maxmonth_wnd,-0.043747560865267154,0.3472833076540436,,
hive,maxmonth_wnd,-0.043706830192683885,0.5063482183532855,,
bat,maxmonth_wnd,-0.04365681699750421,0.2677578904281835,,
plunge,maxmonth_wnd,-0.04359792413517539,0.38977364111647694,,
fabric,maxmonth_wnd,-0.0428698193072992,0.518546551145342,,
scarf,maxmonth_wnd,-0.04270497720258327,0.4468672687562736,,
tobacco,maxmonth_wnd,-0.04268643028195992,0.2798741419236544,,
yoke,maxmonth_wnd,-0.04266793400416719,0.40379133518611987,,
pride,maxmonth_wnd,-0.042506169442061856,0.3155373132282954,,
purpose,maxmonth_wnd,-0.04240667110092941,0.10134192764242271,,
worm,maxmonth_wnd,-0.04227017856862413,0.1254218774684849,,
residence,maxmonth_wnd,-0.042175752370855656,0.3257065065148706,,
baby,maxmonth_wnd,-0.04216234031200751,0.36510317036338774,,
mouthful,maxmonth_wnd,-0.042157866372012215,0.44399407918419337,,
perspiration,maxmonth_wnd,-0.0420008491502549,0.2987114662659114,,
slap,maxmonth_wnd,-0.04188404428599253,0.28803627698486295,,
compassion,maxmonth_wnd,-0.04187880819361571,0.39168446582785005,,
forehead,maxmonth_wnd,-0.041867535265680864,0.18378701003215356,,
patient,maxmonth_wnd,-0.04168145685760148,0.30120836073146423,,
gift,maxmonth_wnd,-0.04166097554436516,0.17967629404607538,,
feeling,maxmonth_wnd,-0.04162760161644639,0.18636724025186907,,
twin,maxmonth_wnd,-0.041475294899878876,NA,Model convergence problem; non-positive-definite Hessian matrix. See vignette('troubleshooting'),
friendship,maxmonth_wnd,-0.041331325260225135,0.3125599585008221,,
illness,maxmonth_wnd,-0.04128126719059984,0.2812735477400241,,
creation,maxmonth_wnd,-0.040589884897691296,0.40618686616244404,,
parent,maxmonth_wnd,-0.040384558926711854,0.19448329308209794,,
cloth,maxmonth_wnd,-0.040322769212128906,0.2453462858597989,,
brightness,maxmonth_wnd,-0.040309123897503234,0.4548644548155425,,
ability,maxmonth_wnd,-0.03990209852421887,0.2970001307751411,,
succession,maxmonth_wnd,-0.03975542968527522,0.444953539452505,,
spectacle,maxmonth_wnd,-0.039745325014403,0.351233241535688,,
blanket,maxmonth_wnd,-0.03960150506867763,0.3845446910306285,,
capital,maxmonth_wnd,-0.039503098541608404,0.41124749740807365,,
enmity,maxmonth_wnd,-0.03948745861472988,0.47668781302705915,,
estimate,maxmonth_wnd,-0.039403084304586965,0.4758933807014115,,
bird,maxmonth_wnd,-0.03931445830848687,0.15965458833313806,,
floor,maxmonth_wnd,-0.03901527752555127,0.24631773568874243,,
fire,maxmonth_wnd,-0.03899542012959085,0.0849583372240092,,
principle,maxmonth_wnd,-0.03890726860609934,0.4768201944705808,,
sheath,maxmonth_wnd,-0.03865173897254699,0.315598348961976,,
water,maxmonth_wnd,-0.03865136553078111,0.05690924391523859,,
yesterday,maxmonth_wnd,-0.03856953682374707,0.31441432265545904,,
stomach,maxmonth_wnd,-0.038341217044686904,0.16629652444538348,,
rich,maxmonth_wnd,-0.03828533949607511,0.4430700455712747,,
merchant,maxmonth_wnd,-0.038230232167136974,0.32700411843818283,,
discourse,maxmonth_wnd,-0.038119726754286216,0.5155628961893064,,
series,maxmonth_wnd,-0.03796745053949534,0.42649057659823586,,
procession,maxmonth_wnd,-0.037742440404680166,0.48374036710589197,,
mum,maxmonth_wnd,-0.03770509942273829,NA,Model convergence problem; non-positive-definite Hessian matrix. See vignette('troubleshooting'),
bullet,maxmonth_wnd,-0.03768501719733071,0.40666669341312384,,
laborer,maxmonth_wnd,-0.0376568872758117,0.4560085087362238,,
prostitute,maxmonth_wnd,-0.037509787222320644,0.43314933934594946,,
rut,maxmonth_wnd,-0.03746281721489971,0.4971613195852028,,
brim,maxmonth_wnd,-0.037395817801435714,0.3990588160368485,,
cry,maxmonth_wnd,-0.03731301529270042,0.49351379118327066,,
snail,maxmonth_wnd,-0.03725564421076356,0.42063358323151173,,
widower,maxmonth_wnd,-0.037184908053295274,0.4178489706637537,,
division,maxmonth_wnd,-0.03698828729820088,0.3971591302783263,,
wrestling,maxmonth_wnd,-0.03696870431959483,0.5074388433161633,,
smoke,maxmonth_wnd,-0.03689618265073612,0.10901390878771364,,
knot,maxmonth_wnd,-0.03688574869420077,0.18670172986993802,,
sun,maxmonth_wnd,-0.036875387092403865,0.16589192904372324,,
swarm,maxmonth_wnd,-0.03684613699049156,0.4053865029314932,,
emotion,maxmonth_wnd,-0.036767190920805215,0.4164266857628236,,
waterfall,maxmonth_wnd,-0.036727683479657186,0.4253420755396788,,
soup,maxmonth_wnd,-0.036673164586263324,0.47444090670640143,,
beam,maxmonth_wnd,-0.03658497852779831,0.30329967134851504,,
stream,maxmonth_wnd,-0.036502665499517035,0.3754101789742106,,
ring,maxmonth_wnd,-0.036311445260096505,0.10984664998175722,,
load,maxmonth_wnd,-0.0363095282600508,0.23106246621672522,,
breast,maxmonth_wnd,-0.036304796813473206,0.1501303795775216,,
grandfather,maxmonth_wnd,-0.03621496489822168,0.3512574072584598,,
prey,maxmonth_wnd,-0.036198555428652565,0.3959128823916225,,
pond,maxmonth_wnd,-0.035843613603809464,0.365667141184631,,
constellation,maxmonth_wnd,-0.035600174433185444,0.5622837488315485,,
blaze,maxmonth_wnd,-0.03553069371859958,0.4059316278858041,,
opposition,maxmonth_wnd,-0.03545417535087964,0.4984552681355957,,
occasion,maxmonth_wnd,-0.035358471362251294,0.26257925498871465,,
flint,maxmonth_wnd,-0.03527923451532055,0.5009270953766944,,
fireplace,maxmonth_wnd,-0.03519680274948701,0.5337898796141168,,
crowd,maxmonth_wnd,-0.035094757473208844,0.3161301495452997,,
stamp,maxmonth_wnd,-0.035066152037183065,0.38341501344718226,,
ally,maxmonth_wnd,-0.034988334236546015,0.5591852215154521,,
stake,maxmonth_wnd,-0.034858444874951953,0.3630241740969684,,
fortune,maxmonth_wnd,-0.03465294758238247,0.337554796265239,,
bin,maxmonth_wnd,-0.03454948202019743,0.6482521742048023,,
copper,maxmonth_wnd,-0.03446736979333912,NA,Model convergence problem; non-positive-definite Hessian matrix. See vignette('troubleshooting'),
interest,maxmonth_wnd,-0.03443625921501317,0.3242625087534544,,
injection,maxmonth_wnd,-0.03442869872730567,0.5497974866375175,,
encouragement,maxmonth_wnd,-0.03440170810322701,0.4327133867099003,,
hump,maxmonth_wnd,-0.03435512785491506,0.46264383032386874,,
cat,maxmonth_wnd,-0.03434199819217261,0.23056542574847805,,
wall,maxmonth_wnd,-0.0341319517784543,0.16283327499868022,,
footprint,maxmonth_wnd,-0.034051291879704855,0.4533616777924147,,
shred,maxmonth_wnd,-0.03402713545694757,0.5005470245760906,,
roar,maxmonth_wnd,-0.03395473250407197,0.41559135515435275,,
comb,maxmonth_wnd,-0.03394909146378197,0.26446904281496236,,
fin,maxmonth_wnd,-0.03391442251630608,0.495985207297693,,
track,maxmonth_wnd,-0.033839223150712826,0.3428128427241169,,
scissors,maxmonth_wnd,-0.033654807821043534,0.3315896705601441,,
city,maxmonth_wnd,-0.03354298322517834,0.5120178553901366,,
arrest,maxmonth_wnd,-0.033366665821169664,0.4287922515525927,,
attention,maxmonth_wnd,-0.03332148304312378,0.14540178744844548,,
partition,maxmonth_wnd,-0.03315796336262669,0.4893145165799145,,
depression,maxmonth_wnd,-0.033106502770686747,0.3762678844398097,,
envy,maxmonth_wnd,-0.03309199152002502,0.4293022020096904,,
behavior,maxmonth_wnd,-0.032735891021632865,0.39914315596912175,,
wedding,maxmonth_wnd,-0.032552373123738244,0.5522343137397663,,
linguistics,maxmonth_wnd,-0.032486537451718894,0.726634716145856,,
mane,maxmonth_wnd,-0.03246160592292157,0.6239111918880595,,
wax,maxmonth_wnd,-0.0324382883513759,0.3525048661859184,,
incline,maxmonth_wnd,-0.03212989991007487,0.5137594224083825,,
chase,maxmonth_wnd,-0.03209255159016921,0.353118201665131,,
foundation,maxmonth_wnd,-0.03184651085081644,0.3928439621060285,,
pineapple,maxmonth_wnd,-0.03182816383581396,0.62010142446412,,
repair,maxmonth_wnd,-0.03171260751482384,0.3212331441411184,,
wrap,maxmonth_wnd,-0.0317079892282913,0.3318825969299248,,
sum,maxmonth_wnd,-0.031688715022849034,0.5298509952679371,,
torch,maxmonth_wnd,-0.03146666103261967,0.42178388566072594,,
process,maxmonth_wnd,-0.031107324392496746,0.39791028705052306,,
guide,maxmonth_wnd,-0.03107990011778252,0.31785950271826496,,
disgust,maxmonth_wnd,-0.03080180808743852,0.4958026673411287,,
nature,maxmonth_wnd,-0.030679696860262014,0.4365426311512331,,
movement,maxmonth_wnd,-0.030611331247808512,0.409167574398566,,
occurrence,maxmonth_wnd,-0.030605885910986,0.5831347456611217,,
share,maxmonth_wnd,-0.03052423671427987,0.21566489178918186,,
entrance,maxmonth_wnd,-0.03045501992216739,NA,,Model convergence problem; non-positive-definite Hessian matrix. See vignette('troubleshooting')
passenger,maxmonth_wnd,-0.03024305444631768,0.6160868694274189,,
value,maxmonth_wnd,-0.03019388320360424,0.3296952256525681,,
hunger,maxmonth_wnd,-0.030090912600778192,0.3116404679917078,,
laughter,maxmonth_wnd,-0.029974428496793843,0.4045016351244108,,
flesh,maxmonth_wnd,-0.029967826249126042,0.3525946894984217,,
scream,maxmonth_wnd,-0.02995779600075009,0.46671261531519875,,
hint,maxmonth_wnd,-0.02992658007631494,0.5457285213311299,,
sauce,maxmonth_wnd,-0.029913471001125236,0.6503665896476234,,
teeth,maxmonth_wnd,-0.029845798801681853,0.2120921863931642,,
security,maxmonth_wnd,-0.02978370016075304,0.5297226041338715,,
thrust,maxmonth_wnd,-0.029642530255170066,0.5653826767593972,,
rafter,maxmonth_wnd,-0.02960379841949581,0.6852146741124137,,
permission,maxmonth_wnd,-0.02952793697824897,0.3444533639081571,,
shine,maxmonth_wnd,-0.029421512536890494,0.28293298835083247,,
violence,maxmonth_wnd,-0.029412636872514275,0.6036134259302302,,
lineage,maxmonth_wnd,-0.029096243724415095,0.680634131825691,,
strength,maxmonth_wnd,-0.02904760697473388,0.2547164918135249,,
whirlpool,maxmonth_wnd,-0.029016104915125848,0.536133095474412,,
lag,maxmonth_wnd,-0.028965499575701065,NA,Model convergence problem; non-positive-definite Hessian matrix. See vignette('troubleshooting'),
yawn,maxmonth_wnd,-0.028892915324960345,NA,Model convergence problem; non-positive-definite Hessian matrix. See vignette('troubleshooting'),
deer,maxmonth_wnd,-0.028651164254284104,0.6269118149348593,,
eyebrow,maxmonth_wnd,-0.028569659270869636,0.42218942971126483,,
protection,maxmonth_wnd,-0.028548981383075912,0.46327638785891734,,
bud,maxmonth_wnd,-0.0285423521657976,0.48143945824041,,
reptile,maxmonth_wnd,-0.02848264973276966,0.6261368281878377,,
breadth,maxmonth_wnd,-0.028391153251003325,0.5280083649642359,,
pan,maxmonth_wnd,-0.028368698334117752,0.540030013240596,,
widow,maxmonth_wnd,-0.028327688460675307,0.373342582092901,,
chant,maxmonth_wnd,-0.02830096817347586,NA,Model convergence problem; non-positive-definite Hessian matrix. See vignette('troubleshooting'),
dust,maxmonth_wnd,-0.028280261123684966,0.2042534045711338,,
agreement,maxmonth_wnd,-0.02824565640186446,0.38533293794886975,,
item,maxmonth_wnd,-0.028212851341920735,NA,Model convergence problem; non-positive-definite Hessian matrix. See vignette('troubleshooting'),
crush,maxmonth_wnd,-0.02797481644640384,NA,Model convergence problem; non-positive-definite Hessian matrix. See vignette('troubleshooting'),
source,maxmonth_wnd,-0.027939590785902524,0.4605854319659353,,
lightning,maxmonth_wnd,-0.02789167274658066,0.31706582203036177,,
respect,maxmonth_wnd,-0.027826351157158757,0.34306583233249793,,
crop,maxmonth_wnd,-0.027624731241959143,0.44864252818489625,,
silver,maxmonth_wnd,-0.027610569410601127,0.46507239022344604,,
crash,maxmonth_wnd,-0.027564208821424758,0.5892185748519121,,
rod,maxmonth_wnd,-0.02751975625736367,0.5050762018011123,,
product,maxmonth_wnd,-0.027480333604131258,0.603695041696423,,
mix,maxmonth_wnd,-0.02745107731567458,0.25594191396181326,,
descendant,maxmonth_wnd,-0.027445627076623923,0.545615408481693,,
helper,maxmonth_wnd,-0.027279271224633386,0.5347060089020883,,
model,maxmonth_wnd,-0.027266132884173698,0.6069802978041154,,
limit,maxmonth_wnd,-0.027265701911353017,0.4893639466863954,,
lip,maxmonth_wnd,-0.02723210026453004,0.27403915465196826,,
title,maxmonth_wnd,-0.027223978647014632,0.6108806613131632,,
bulge,maxmonth_wnd,-0.02706902684486162,0.6298168160117286,,
flash,maxmonth_wnd,-0.02706286919664045,0.38002863650536517,,
neck,maxmonth_wnd,-0.027005670921340437,0.22966490236427967,,
dirt,maxmonth_wnd,-0.026960025479574504,0.3409660902824696,,
growth,maxmonth_wnd,-0.02690554824379455,0.4641988016842449,,
sunset,maxmonth_wnd,-0.02658212621967774,0.5213392549518017,,
operation,maxmonth_wnd,-0.02657086103452056,0.6019572289515238,,
discussion,maxmonth_wnd,-0.02649418675186126,0.4709950734329621,,
soul,maxmonth_wnd,-0.02630438000235609,0.501504908344507,,
substitute,maxmonth_wnd,-0.026290775500632708,0.5321560851820029,,
basis,maxmonth_wnd,-0.026251564469079256,0.5659165220886369,,
crease,maxmonth_wnd,-0.02619760938201893,0.6216089645440775,,
weight,maxmonth_wnd,-0.026182470297164893,0.26314705276795475,,
difficulty,maxmonth_wnd,-0.02610081677113295,0.40165461410959985,,
exclamation,maxmonth_wnd,-0.025662597367106934,NA,,Model convergence problem; non-positive-definite Hessian matrix. See vignette('troubleshooting')
saint,maxmonth_wnd,-0.02565256592435618,0.6805192001946858,,
diet,maxmonth_wnd,-0.02543293044598133,0.645892115787044,,
bus,maxmonth_wnd,-0.025397289759228878,0.7202455212706674,,
gorge,maxmonth_wnd,-0.025281886645603546,0.6483597267885503,,
request,maxmonth_wnd,-0.025149177954317734,0.42771905450141107,,
idea,maxmonth_wnd,-0.025126150110147596,0.5384984302909653,,
region,maxmonth_wnd,-0.024924356599113382,NA,Model convergence problem; non-positive-definite Hessian matrix. See vignette('troubleshooting'),Model convergence problem; non-positive-definite Hessian matrix. See vignette('troubleshooting')
lust,maxmonth_wnd,-0.024923328862952593,0.6421158866837128,,
prince,maxmonth_wnd,-0.024906108117600526,0.6762722713020776,,
extension,maxmonth_wnd,-0.024853885636438294,0.6033601404314788,,
bite,maxmonth_wnd,-0.024811628211549492,0.32188118975368946,,
awe,maxmonth_wnd,-0.024735609607187174,0.6841360021046294,,
throat,maxmonth_wnd,-0.0247342885758842,0.2839394464161188,,
mode,maxmonth_wnd,-0.024708769106922174,0.7399091619507353,,
attitude,maxmonth_wnd,-0.024653432701977864,0.6197032316043813,,
earth,maxmonth_wnd,-0.0246526977337514,0.378295531184408,,
barber,maxmonth_wnd,-0.024626291562698337,0.5943138765309227,,
luck,maxmonth_wnd,-0.024578289693891833,0.4987171398258017,,
fee,maxmonth_wnd,-0.024327607598630396,0.6708032207352654,,
combination,maxmonth_wnd,-0.024319071594854785,0.6228446408234518,,
peer,maxmonth_wnd,-0.024141493531940946,NA,,Model convergence problem; non-positive-definite Hessian matrix. See vignette('troubleshooting')
infant,maxmonth_wnd,-0.02405555435672378,0.5192026106309015,,
frame,maxmonth_wnd,-0.024047148261123703,0.46376516311213084,,
slack,maxmonth_wnd,-0.024019941637682587,0.5735614786041123,,
muzzle,maxmonth_wnd,-0.023914129435208428,0.6303421882514101,,
adultery,maxmonth_wnd,-0.023875120984820565,0.5587712527136003,,
image,maxmonth_wnd,-0.023849395998719044,0.5516755598086719,,
sorcery,maxmonth_wnd,-0.02384814344381999,0.7322829186882743,,
dancer,maxmonth_wnd,-0.02374932689869494,0.6385581139645209,,
intelligence,maxmonth_wnd,-0.02373945784696429,0.5646322095006604,,
burrow,maxmonth_wnd,-0.023725767176804927,0.6796224387502297,,
curve,maxmonth_wnd,-0.023625378587827452,0.5542420177049633,,
divide,maxmonth_wnd,-0.023623515049417378,0.3598340792773741,,
future,maxmonth_wnd,-0.023565489539183505,0.4683444978702691,,
leopard,maxmonth_wnd,-0.023526321559841187,0.6818672356626783,,
poverty,maxmonth_wnd,-0.02351852508894494,0.5202922266436601,,
insult,maxmonth_wnd,-0.023492384585613247,0.5701375556926422,,
sieve,maxmonth_wnd,-0.023439979491154856,0.5701147932541112,,
sister-in-law,maxmonth_wnd,-0.023363572339402425,0.6614530008396897,,
urge,maxmonth_wnd,-0.02335564481317356,0.5770440672912958,,
effort,maxmonth_wnd,-0.023318708177714337,0.5102080349344736,,
rifle,maxmonth_wnd,-0.02330787988829096,0.7027670121817359,,
pity,maxmonth_wnd,-0.02327183196012015,NA,Model convergence problem; non-positive-definite Hessian matrix. See vignette('troubleshooting'),
shell,maxmonth_wnd,-0.023240518608752786,0.48405844378882285,,
governor,maxmonth_wnd,-0.02316348949482998,0.6104373377956401,,
basin,maxmonth_wnd,-0.02299248388087955,0.5549737108324813,,
sens,maxmonth_wnd,-0.0228280742846735,0.6859913304478793,,
loss,maxmonth_wnd,-0.02279258320249277,0.5502957127266843,,
veil,maxmonth_wnd,-0.02273892402184037,0.6640921829834383,,
hair,maxmonth_wnd,-0.022626471654528094,0.25970130247783774,,
gold,maxmonth_wnd,-0.02262596846542469,0.5903515529750742,,
second,maxmonth_wnd,-0.022435896018215985,0.3657201555043581,,
mistake,maxmonth_wnd,-0.02234195614064745,0.436069066294807,,
design,maxmonth_wnd,-0.02226136698230813,NA,Model convergence problem; non-positive-definite Hessian matrix. See vignette('troubleshooting'),Model convergence problem; non-positive-definite Hessian matrix. See vignette('troubleshooting')
evil,maxmonth_wnd,-0.022035117708590263,0.5201296773192052,,
bubble,maxmonth_wnd,-0.0219639021429939,0.4512426219383454,,
ambush,maxmonth_wnd,-0.021913690914030233,0.6278659280302407,,
honey,maxmonth_wnd,-0.021818123100054262,0.5481116976452697,,
parable,maxmonth_wnd,-0.021695314740599814,0.7021697710907292,,
toilet,maxmonth_wnd,-0.02167843863290445,0.7245365871515362,,
hunting,maxmonth_wnd,-0.021375970299347596,0.6151288582255855,,
possession,maxmonth_wnd,-0.021330698076970935,0.50268096982718935,,
clump,maxmonth_wnd,-0.02132180946750513,0.7375909704120206,,
worker,maxmonth_wnd,-0.021219328982246537,0.6364999647068577,,
alcohol,maxmonth_wnd,-0.021133738328214406,0.7381175825343648,,
glow,maxmonth_wnd,-0.021078679365604865,0.6630962252759544,,
mustache,maxmonth_wnd,-0.02104746117157205,0.667239371000337,,
guilt,maxmonth_wnd,-0.021040354876168618,0.6644102594175392,,
threat,maxmonth_wnd,-0.02097947840465307,0.5860623537331614,,
truth,maxmonth_wnd,-0.020974173245631125,0.48560062527910747,,
pole,maxmonth_wnd,-0.02096955223626242,0.5186333095516188,,
kerosene,maxmonth_wnd,-0.020820028696399213,0.7786393714121592,,
pit,maxmonth_wnd,-0.020816936757597417,0.5482077462385366,,
quality,maxmonth_wnd,-0.020634555689613854,0.5870910166547004,,
success,maxmonth_wnd,-0.02044356226674839,0.5861435713865791,,
harm,maxmonth_wnd,-0.02042853847654079,0.5920384331063282,,
spoon,maxmonth_wnd,-0.020424231595927,0.5048606674678985,,
reputation,maxmonth_wnd,-0.02035541248436818,0.6430516979627505,,
bile,maxmonth_wnd,-0.02028744967908437,0.7187827060330465,,
grass,maxmonth_wnd,-0.020270007374623835,0.5216661792484205,,
hut,maxmonth_wnd,-0.020262709555092826,0.6791699689739527,,
pupil,maxmonth_wnd,-0.020016375216706208,0.5651788427897052,,
slope,maxmonth_wnd,-0.019974821367067696,0.5629579385441947,,
bow,maxmonth_wnd,-0.019936264591192267,0.43476180453454194,,
happiness,maxmonth_wnd,-0.019848539038194137,0.6420788331733208,,
sample,maxmonth_wnd,-0.019840208656547835,0.7116814990725862,,
paddle,maxmonth_wnd,-0.01956313931903541,0.7300447448044106,,
belief,maxmonth_wnd,-0.019441896711398312,0.6253177012303689,,
effect,maxmonth_wnd,-0.019361581050229303,0.5549979636907706,,
spittle,maxmonth_wnd,-0.019132926474424154,0.6142586868127085,,
murderer,maxmonth_wnd,-0.019115433743667753,0.6743437288958998,,
ownership,maxmonth_wnd,-0.019113979830240678,0.6750064210977178,,
tank,maxmonth_wnd,-0.018923226660568174,0.7464746427601762,,
sale,maxmonth_wnd,-0.018859400995979242,0.6549754013164601,,
function,maxmonth_wnd,-0.018837191223101065,0.6756393593708172,,
disregard,maxmonth_wnd,-0.0187086556834525,0.7233471911245662,,
exercise,maxmonth_wnd,-0.01855725096738902,0.6469234428122335,,
gesture,maxmonth_wnd,-0.018507242633326496,0.6885024993477287,,
pledge,maxmonth_wnd,-0.018442934298391504,0.7072364226941131,,
stool,maxmonth_wnd,-0.0183250457756363,0.6492763129680721,,
lake,maxmonth_wnd,-0.01829236704190254,0.6597000716985935,,
orphan,maxmonth_wnd,-0.018173377530850205,0.6234264437009188,,
wound,maxmonth_wnd,-0.018165804740931716,0.5059440059949246,,
portion,maxmonth_wnd,-0.01813641344306782,0.6367394763726548,,
demand,maxmonth_wnd,-0.018118852931059533,0.6857775541171871,,
opponent,maxmonth_wnd,-0.018079069119128748,0.7013361661807661,,
funnel,maxmonth_wnd,-0.018030002006936673,0.7074170596230324,,
malice,maxmonth_wnd,-0.01801831551643631,0.7184211274592313,,
literature,maxmonth_wnd,-0.0179703218499985,0.7724475338942698,,
sketch,maxmonth_wnd,-0.017911806832579043,0.7697525044486299,,
mission,maxmonth_wnd,-0.017779370322439078,0.7286768001970051,,
hell,maxmonth_wnd,-0.017719245783735196,0.6950590447125727,,
kinship,maxmonth_wnd,-0.01765342386006612,0.8131290856044008,,
acid,maxmonth_wnd,-0.017421274056181567,0.7526879827981324,,
gun,maxmonth_wnd,-0.01728664485397324,0.6462419720413335,,
dawn,maxmonth_wnd,-0.017018913477025648,0.5568796828934777,,
brother-in-law,maxmonth_wnd,-0.01697995599732393,0.7287156031784585,,
direction,maxmonth_wnd,-0.01697358632908077,0.5542379885478886,,
news,maxmonth_wnd,-0.016950386819415117,0.5986860912343028,,
tin,maxmonth_wnd,-0.016934688962833726,0.6929989280255318,,
hum,maxmonth_wnd,-0.01686395240955078,0.7119502754274202,,
friend,maxmonth_wnd,-0.01668896567768515,0.4804877960723638,,
reflection,maxmonth_wnd,-0.01647355009017964,0.6738278905817275,,
mustard,maxmonth_wnd,-0.016465447724526558,0.7543156579184935,,
brick,maxmonth_wnd,-0.01645068690246102,0.7200246662726503,,
institute,maxmonth_wnd,-0.016328092014642182,0.7727734161969215,,
flow,maxmonth_wnd,-0.01620198711990817,0.5645627786991928,,
groan,maxmonth_wnd,-0.016153910748169933,0.6721994685953688,,
force,maxmonth_wnd,-0.016108462613941447,0.54904936440269,,
ankle,maxmonth_wnd,-0.016065094313949757,0.6041076919317202,,
limb,maxmonth_wnd,-0.015892299239533475,0.7110395406370474,,
shadow,maxmonth_wnd,-0.01585969448272894,0.49187977003017214,,
occupation,maxmonth_wnd,-0.015745034765055663,0.716956059359226,,
distance,maxmonth_wnd,-0.015705453678712428,0.5296872917179949,,
knowledge,maxmonth_wnd,-0.015694977226184362,0.6219735431767084,,
increase,maxmonth_wnd,-0.015546020568120844,0.601504397441498,,
stain,maxmonth_wnd,-0.015424517186942781,0.7021544959392491,,
disorder,maxmonth_wnd,-0.015362225155347476,0.7602354940576346,,
creature,maxmonth_wnd,-0.015288488368986036,0.6705920780505233,,
murder,maxmonth_wnd,-0.015241301644956667,0.683711516668228,,
tie,maxmonth_wnd,-0.015138386882877273,0.5629354234036064,,
prophet,maxmonth_wnd,-0.014905027446489834,0.7889788467705473,,
sling,maxmonth_wnd,-0.014901445370949309,0.7314378783284279,,
turtle,maxmonth_wnd,-0.014863369995527788,0.7720204225351294,,
burst,maxmonth_wnd,-0.01480827385092008,0.6551647023954937,,
access,maxmonth_wnd,-0.014683308520800227,0.7553022026974979,,
motion,maxmonth_wnd,-0.014551867471406164,0.725044149567071,,
passage,maxmonth_wnd,-0.014454998020910156,0.7093848479891075,,
daughter-in-law,maxmonth_wnd,-0.01417468685803464,0.7857515645685015,,
shed,maxmonth_wnd,-0.013866213768178145,0.6303532765398066,,
equipment,maxmonth_wnd,-0.013721682770042919,0.8218508331104217,,
relative,maxmonth_wnd,-0.013585875133450458,0.7572442198006014,,
flare,maxmonth_wnd,-0.013505748405418854,0.7942480584114759,,
lung,maxmonth_wnd,-0.01347190739852401,0.688579906050866,,
grandson,maxmonth_wnd,-0.013456155914358541,0.8053989246226431,,
expression,maxmonth_wnd,-0.01344641601688723,NA,Model convergence problem; non-positive-definite Hessian matrix. See vignette('troubleshooting'),Model convergence problem; non-positive-definite Hessian matrix. See vignette('troubleshooting')
razor,maxmonth_wnd,-0.013423459513976919,0.7030546403513435,,
thief,maxmonth_wnd,-0.013391709234104418,0.6375551696524673,,
teacher,maxmonth_wnd,-0.01336305389811595,0.7084847608843212,,
scale,maxmonth_wnd,-0.013184783328343342,0.5969771556156344,,
bath,maxmonth_wnd,-0.013150707962037803,0.7740937076440135,,
skill,maxmonth_wnd,-0.01312088164208241,0.7231786482485737,,
territory,maxmonth_wnd,-0.013117837093068288,0.7885043303434907,,
filth,maxmonth_wnd,-0.013109932113555704,0.7748566192936442,,
cock,maxmonth_wnd,-0.012986268260737573,0.7693156529883092,,
rumor,maxmonth_wnd,-0.012843276397628186,0.7417313828855391,,
rebel,maxmonth_wnd,-0.012802181250448217,0.8241268549547306,,
arm,maxmonth_wnd,-0.0127842384835261,0.5414488713419707,,
prayer,maxmonth_wnd,-0.012753998320495539,0.7753519037935097,,
idol,maxmonth_wnd,-0.012688193791327585,0.8356742454731116,,
business,maxmonth_wnd,-0.012659964394445158,0.7813428351975215,,
bowel,maxmonth_wnd,-0.012596791237705605,NA,Model convergence problem; non-positive-definite Hessian matrix. See vignette('troubleshooting'),
exchange,maxmonth_wnd,-0.012556600033557495,0.6775846610162742,,
rest,maxmonth_wnd,-0.012539702718101162,0.5285160532651059,,
pool,maxmonth_wnd,-0.01244958173688705,0.7130350503048999,,
nod,maxmonth_wnd,-0.012428706469479165,0.7562413631335136,,
abortion,maxmonth_wnd,-0.012380213443909415,0.7767496260574209,,
index,maxmonth_wnd,-0.01237891761133686,0.8077795368377092,,
wage,maxmonth_wnd,-0.012376964846065895,0.7318432793255286,,
situation,maxmonth_wnd,-0.012296097752010472,NA,Model convergence problem; non-positive-definite Hessian matrix. See vignette('troubleshooting'),
thought,maxmonth_wnd,-0.012277587752713445,0.7681069590020623,,
axe,maxmonth_wnd,-0.012190327863330692,0.7747396544946971,,
spike,maxmonth_wnd,-0.012131062966289597,0.7868534158946476,,
perch,maxmonth_wnd,-0.012015695571724551,0.8185265929027896,,
nest,maxmonth_wnd,-0.011968219056126689,0.692323119618565,,
doorway,maxmonth_wnd,-0.011926268584882636,0.8260807502912674,,
salt,maxmonth_wnd,-0.011925560830380271,0.6261642161689309,,
rum,maxmonth_wnd,-0.011868971908401662,0.8714533765354698,,
kitchen,maxmonth_wnd,-0.011854204842610974,0.783069710858022,,
bottom,maxmonth_wnd,-0.011826713602331732,0.6740215120659958,,
bail,maxmonth_wnd,-0.011664534274222572,0.8048975531844289,,
polish,maxmonth_wnd,-0.01161719346046095,0.7927542527988761,,
heaven,maxmonth_wnd,-0.01154458881400496,0.7419049967467851,,
abuse,maxmonth_wnd,-0.011372528447974475,0.7868833108514254,,
pipe,maxmonth_wnd,-0.011193197247530318,0.7209832572924192,,
rain,maxmonth_wnd,-0.011144077290540478,0.6259890180408583,,
elbow,maxmonth_wnd,-0.011078781601891732,0.6926035249301655,,
intestine,maxmonth_wnd,-0.010960145231880236,0.7500853738114983,,
kin,maxmonth_wnd,-0.010895368993559657,0.8550105051076975,,
contribution,maxmonth_wnd,-0.010814653528820923,0.7998769272923935,,
extent,maxmonth_wnd,-0.010773862497952907,0.7863500112800761,,
speaker,maxmonth_wnd,-0.010770018863955613,0.7977254504079343,,
oil,maxmonth_wnd,-0.01069002766596043,0.7262913192408544,,
eye,maxmonth_wnd,-0.010640968207001823,0.5626757101845126,,
labor,maxmonth_wnd,-0.010636362554331471,0.7455659224834448,,
grove,maxmonth_wnd,-0.010559004381649754,0.8560447112896671,,
bribe,maxmonth_wnd,-0.010558097187808665,NA,Model convergence problem; non-positive-definite Hessian matrix. See vignette('troubleshooting'),
transport,maxmonth_wnd,-0.010518478283828334,0.8488364157314743,,
garden,maxmonth_wnd,-0.01041275240447245,0.8075102336710557,,
stranger,maxmonth_wnd,-0.010200066907136913,0.7884430973170615,,
vinegar,maxmonth_wnd,-0.010192457730670002,0.8456652607372913,,
coil,maxmonth_wnd,-0.010183951533617237,0.7763448677252848,,
bead,maxmonth_wnd,-0.010135626292322765,0.7971010685605173,,
reserve,maxmonth_wnd,-0.010072994310649288,0.8470139024193527,,
boar,maxmonth_wnd,-0.010028440978567884,0.8410466613017352,,
fragment,maxmonth_wnd,-0.009928359191599638,0.8429146772423585,,
god,maxmonth_wnd,-0.009928348681691896,0.823781043878665,,
soil,maxmonth_wnd,-0.009875887938204486,0.7501306169353488,,
hand,maxmonth_wnd,-0.009858836312395437,0.5823379786561182,,
splinter,maxmonth_wnd,-0.009825762586032856,0.8220119426161459,,
sink,maxmonth_wnd,-0.009755658556783876,0.7562440857502964,,
dusk,maxmonth_wnd,-0.009747115326665442,0.810894692469758,,
baggage,maxmonth_wnd,-0.009720798721560796,0.8595385938652569,,
kit,maxmonth_wnd,-0.009689595262615452,0.8939596044081266,,
tile,maxmonth_wnd,-0.009562390926694654,0.8708960044499571,,
grandchild,maxmonth_wnd,-0.009403764945344284,0.8556327372683508,,
fault,maxmonth_wnd,-0.009298710742242073,0.8058805087137902,,
palate,maxmonth_wnd,-0.009228856051619789,0.8065969287518268,,
anger,maxmonth_wnd,-0.00914452994538006,0.7313596325037605,,
miracle,maxmonth_wnd,-0.009114972610078338,0.8454783044894048,,
signal,maxmonth_wnd,-0.009027428802355365,0.8440160671643908,,
midnight,maxmonth_wnd,-0.008955453882312737,0.7919135518973786,,
map,maxmonth_wnd,-0.0089458349160585,NA,Model convergence problem; non-positive-definite Hessian matrix. See vignette('troubleshooting'),Model convergence problem; non-positive-definite Hessian matrix. See vignette('troubleshooting')
flood,maxmonth_wnd,-0.008884441802189691,0.7635614763777485,,
squash,maxmonth_wnd,-0.008654087860406563,0.8877565799924395,,
ear,maxmonth_wnd,-0.008602390906055173,0.6872712144500257,,
tribe,maxmonth_wnd,-0.008551608366223554,0.8853748546772138,,
vessel,maxmonth_wnd,-0.008488890474319073,0.857066585082736,,
lid,maxmonth_wnd,-0.008429358761041639,0.8024749083043767,,
learning,maxmonth_wnd,-0.008290731003131005,0.8205460131355964,,
inhabitant,maxmonth_wnd,-0.008060270811522358,0.8884144346847117,,
wedge,maxmonth_wnd,-0.007953061172725342,0.8531714807630787,,
glance,maxmonth_wnd,-0.00792220187460754,0.848131769620069,,
wisdom,maxmonth_wnd,-0.007812261769289066,0.853424638152134,,
tattoo,maxmonth_wnd,-0.0078068477705895275,0.9062445765061359,,
brush,maxmonth_wnd,-0.00778838332846348,0.8192267683937107,,
method,maxmonth_wnd,-0.007704866758805314,NA,,Model convergence problem; non-positive-definite Hessian matrix. See vignette('troubleshooting')
plow,maxmonth_wnd,-0.007702623538406991,0.8761182561829394,,
like,maxmonth_wnd,-0.007645758731887482,0.7566017419453718,,
prick,maxmonth_wnd,-0.007586399852706913,0.8549917113664018,,
delay,maxmonth_wnd,-0.007581776165250668,0.8310645695397051,,
player,maxmonth_wnd,-0.007501799205203399,0.8842167551747576,,
mouth,maxmonth_wnd,-0.007377519482316104,0.7407251614476303,,
tooth,maxmonth_wnd,-0.007230724565828541,0.771621592192875,,
sunrise,maxmonth_wnd,-0.0072036414357077765,0.8802856009469353,,
refrain,maxmonth_wnd,-0.0071834950867760835,0.8761777836059851,,
faith,maxmonth_wnd,-0.0071265530870644475,0.8669596279533195,,
comparison,maxmonth_wnd,-0.007102617697187442,0.871121252909383,,
noon,maxmonth_wnd,-0.006995201937884351,0.8142252518612637,,
talk,maxmonth_wnd,-0.006964423327386257,0.9042985467750551,,
message,maxmonth_wnd,-0.006741647816213316,0.8336205418864201,,
quiver,maxmonth_wnd,-0.006590458778766859,0.8713403607159326,,
beetle,maxmonth_wnd,-0.006579827984633609,0.884849254596098,,
salary,maxmonth_wnd,-0.006518495701953756,0.9145165783902808,,
package,maxmonth_wnd,-0.006482032143298364,NA,,Model convergence problem; non-positive-definite Hessian matrix. See vignette('troubleshooting')
fish,maxmonth_wnd,-0.006472976406868832,0.8746481301165712,,
hem,maxmonth_wnd,-0.006413768505841198,0.8975210879629344,,
utterance,maxmonth_wnd,-0.006355572592295888,0.9050556622907711,,
trouble,maxmonth_wnd,-0.006248136978036969,0.8380238067637117,,
litter,maxmonth_wnd,-0.006109840952920963,0.8919021803795613,,
fashion,maxmonth_wnd,-0.006075969763462553,0.8851996958903817,,
stature,maxmonth_wnd,-0.005947850809257294,0.9072023036164345,,
temptation,maxmonth_wnd,-0.0059082796555951465,0.8988816891974065,,
pattern,maxmonth_wnd,-0.005883468450885778,0.8848964333546943,,
skirt,maxmonth_wnd,-0.005753751952079092,0.8944270368895341,,
gasp,maxmonth_wnd,-0.005708286741793924,0.8988996273292525,,
midwife,maxmonth_wnd,-0.005695193554499324,0.894844325094398,,
love,maxmonth_wnd,-0.005694053447069182,0.8174971137546276,,
employment,maxmonth_wnd,-0.005678005626143333,0.9156551590181699,,
information,maxmonth_wnd,-0.005676457919111161,0.8803824611962862,,
presence,maxmonth_wnd,-0.005399473724857034,0.8698168643964179,,
fist,maxmonth_wnd,-0.005361293394551298,0.8612765207607307,,
harmony,maxmonth_wnd,-0.005325152364140429,0.9231811557698194,,
content,maxmonth_wnd,-0.005251764284230806,0.8328519873042145,,
scratch,maxmonth_wnd,-0.005234677623562359,0.8520388563559262,,
edge,maxmonth_wnd,-0.005144081428542167,0.8334408003658651,,
connection,maxmonth_wnd,-0.005088147062481633,0.9136752458738024,,
honor,maxmonth_wnd,-0.004944084530122399,0.8896267386884918,,
pigeon,maxmonth_wnd,-0.004942092872017536,0.9007776275226842,,
quantity,maxmonth_wnd,-0.004909698257930495,0.9033081465335389,,
longing,maxmonth_wnd,-0.004865787283617682,0.9239020656466026,,
approach,maxmonth_wnd,-0.004800888225036117,NA,Model convergence problem; non-positive-definite Hessian matrix. See vignette('troubleshooting'),
temperature,maxmonth_wnd,-0.00475653294785515,NA,Model convergence problem; non-positive-definite Hessian matrix. See vignette('troubleshooting'),Model convergence problem; non-positive-definite Hessian matrix. See vignette('troubleshooting')
excuse,maxmonth_wnd,-0.004734070603452834,0.9103775083784028,,
fact,maxmonth_wnd,-0.004709966512592744,0.8939716412983871,,
profit,maxmonth_wnd,-0.004691919748612652,0.9114536208068866,,
dance,maxmonth_wnd,-0.004431208439665901,0.8928540500136528,,
overflow,maxmonth_wnd,-0.004404312701515194,0.9083864839672064,,
society,maxmonth_wnd,-0.004329218350858905,0.9255002648796835,,
relief,maxmonth_wnd,-0.004274622050184252,0.9323299711426006,,
suggestion,maxmonth_wnd,-0.004273973868254324,0.9256302851830581,,
dislike,maxmonth_wnd,-0.003992217189637289,0.9002268846223491,,
midst,maxmonth_wnd,-0.003965238685939154,0.9346574564477482,,
deceit,maxmonth_wnd,-0.0038815486161650893,0.9450399970138263,,
star,maxmonth_wnd,-0.0038343809290542494,0.8790626794723285,,
fraud,maxmonth_wnd,-0.003703260935142939,0.9451346056874975,,
throne,maxmonth_wnd,-0.0036967670474183168,0.9446140411532996,,
guard,maxmonth_wnd,-0.003672902227217659,0.8957662334909824,,
date,maxmonth_wnd,-0.0036529762020687034,0.9252774173126608,,
possibility,maxmonth_wnd,-0.003618837700849807,0.9350304803984067,,
decision,maxmonth_wnd,-0.003556616054713855,0.9228256459239927,,
issue,maxmonth_wnd,-0.0033633238555500922,0.9356286732266093,,
representative,maxmonth_wnd,-0.0032591964055442187,0.9432846862492625,,
defect,maxmonth_wnd,-0.0031152220423520767,0.9424743924276778,,
fight,maxmonth_wnd,-0.0030519980485456777,0.9007613530388251,,
temple,maxmonth_wnd,-0.0029427364810715347,0.9540027265080872,,
ember,maxmonth_wnd,-0.0027241646811245455,0.95999044882292806,,
air,maxmonth_wnd,-0.0024363344647945918,0.928142069567104,,
element,maxmonth_wnd,-0.0024154094337738748,0.9692739301359863,,
consent,maxmonth_wnd,-0.0022462822713481987,0.9539950840409992,,
cigarette,maxmonth_wnd,-0.002206077511830588,0.9751870839224774,,
itch,maxmonth_wnd,-0.0021059267798087485,0.9486973922029663,,
beauty,maxmonth_wnd,-0.0020674435867636116,0.961685465092971,,
lily,maxmonth_wnd,-0.002049398665034776,0.9677896016538482,,
opportunity,maxmonth_wnd,-0.002047839139577984,0.9539519293798964,,
swell,maxmonth_wnd,-0.0019609634523124805,0.9454483142429547,,
interior,maxmonth_wnd,-0.0019040842213815634,0.9702278852024825,,
sleep,maxmonth_wnd,-0.0017973003345501427,0.9256797435871287,,
disturbance,maxmonth_wnd,-0.0017933896414215383,0.9671335715922341,,
torment,maxmonth_wnd,-0.001776450724464899,0.9750991784671531,,
assault,maxmonth_wnd,-0.0017610793707118911,0.9695592207234038,,
chat,maxmonth_wnd,-0.0017123696762332587,0.9762012498850999,,
dove,maxmonth_wnd,-0.0014892294238816526,0.9706186796234699,,
tumor,maxmonth_wnd,-0.0012476720875203373,0.9802847189654437,,
afternoon,maxmonth_wnd,-0.0011855177473692302,0.9739502055460801,,
depth,maxmonth_wnd,-0.0011618103877029705,0.9707556408654019,,
jet,maxmonth_wnd,-0.0011502851023701903,0.9835177915479852,,
peg,maxmonth_wnd,-0.001083777823561699,0.9789904549282843,,
kidney,maxmonth_wnd,-0.0010448874313943289,0.9717209120871108,,
mountain,maxmonth_wnd,-0.001002759707777901,0.9785160840057414,,
joint,maxmonth_wnd,-9.07728103487894e-4,0.9844416738995322,,
tomb,maxmonth_wnd,-9.042680077753343e-4,0.9872603445780206,,
ash,maxmonth_wnd,-7.573371868466895e-4,0.9791658918914123,,
treatment,maxmonth_wnd,-7.337749526223882e-4,0.9859674140637497,,
doll,maxmonth_wnd,-3.1621987482976653e-4,0.9943936654813917,,
visit,maxmonth_wnd,-1.7208729409391756e-4,0.9950231871908772,,
chance,maxmonth_wnd,-1.5733925195288257e-4,0.9968595916029991,,
pressure,maxmonth_wnd,-1.4199187483655392e-4,0.9974353820444707,,
theft,maxmonth_wnd,-6.513334199004638e-5,0.9986673274452734,,
beginning,maxmonth_wnd,-4.8144962479796877e-5,0.9984510597797003,,
mourning,maxmonth_wnd,-1.8991140419044154e-5,0.9996628780655837,,
song,maxmonth_wnd,2.0975057821860253e-4,0.9945916445503084,,
lesson,maxmonth_wnd,2.543971788163119e-4,0.99578850861367,,
organ,maxmonth_wnd,3.211289455729012e-4,0.9940565225909526,,
leap,maxmonth_wnd,3.511690210903121e-4,0.9929987851648597,,
lever,maxmonth_wnd,4.0366019488392136e-4,0.993835083871004,,
passion,maxmonth_wnd,4.2890380032564084e-4,0.9936766335872433,,
nonsense,maxmonth_wnd,4.473786731150225e-4,0.992946839211182,,
pardon,maxmonth_wnd,5.88570352042042e-4,0.9907737784811884,,
dream,maxmonth_wnd,6.88744820057744e-4,0.9790973542452399,,
tailor,maxmonth_wnd,7.175550316607989e-4,0.9879206014578451,,
thickness,maxmonth_wnd,7.415082624527941e-4,0.9851926065024915,,
navel,maxmonth_wnd,9.436574310821457e-4,0.9812463159445746,,
butterfly,maxmonth_wnd,0.0011231149851677184,0.9769984269684129,,
defense,maxmonth_wnd,0.0011435276364350497,0.9809461102287848,,
splash,maxmonth_wnd,0.0011536656135839188,0.9798667330962764,,
belly,maxmonth_wnd,0.001282400018072642,0.9718575017687849,,
spit,maxmonth_wnd,0.001412144442964843,0.9617721913143368,,
duty,maxmonth_wnd,0.0014412153303514598,0.974426938769464,,
prosperity,maxmonth_wnd,0.0014579512039979686,0.9794296506908432,,
narrative,maxmonth_wnd,0.0014762669900797417,0.9731485560493459,"Model convergence problem; singular convergence (7). See vignette('troubleshooting'), help('diagnose')",
famine,maxmonth_wnd,0.0015074319644037184,0.9683623861519282,,
blood,maxmonth_wnd,0.001608516659867725,0.9203034802125564,,
trace,maxmonth_wnd,0.001627762894788766,0.9669351605666869,,
vegetation,maxmonth_wnd,0.0016828506853313436,0.9753816997756299,,
porch,maxmonth_wnd,0.0016860530826710266,0.9759358086662292,,
prison,maxmonth_wnd,0.001706498571618173,0.9610764241586106,,
fluid,maxmonth_wnd,0.0018389157509796513,NA,Model convergence problem; non-positive-definite Hessian matrix. See vignette('troubleshooting'),
wing,maxmonth_wnd,0.0018940329073685845,0.9346453517464062,,
flutter,maxmonth_wnd,0.0019021828871496828,0.9703914891247727,,
sweat,maxmonth_wnd,0.0019573335805473206,0.9481230615721986,,
reprimand,maxmonth_wnd,0.001970167948030671,0.9752284148661761,,
despair,maxmonth_wnd,0.0020236403628758125,0.9674346041302028,,
tear,maxmonth_wnd,0.002023908758361868,0.9252789280712344,,
trade,maxmonth_wnd,0.0021066258136679308,0.9566543954906749,,
vow,maxmonth_wnd,0.0021223430704821944,0.9678403092898185,,
revenge,maxmonth_wnd,0.0021235926040368463,0.9557694922478519,,
foot,maxmonth_wnd,0.0021383320259262943,0.9085159480211827,,
disgrace,maxmonth_wnd,0.0021699127034557233,0.9651583582343713,,
stripe,maxmonth_wnd,0.0021769540036904772,0.9589381001292399,,
ray,maxmonth_wnd,0.0023393890150622855,0.959780810112091,,
pair,maxmonth_wnd,0.002364201986672485,0.9364736281259743,,
mold,maxmonth_wnd,0.0024677525827597802,0.9445331545290422,,
vision,maxmonth_wnd,0.0024710205323327885,0.9298845104374903,,
story,maxmonth_wnd,0.0025719261314034176,NA,Model convergence problem; non-positive-definite Hessian matrix. See vignette('troubleshooting'),Model convergence problem; non-positive-definite Hessian matrix. See vignette('troubleshooting')
objective,maxmonth_wnd,0.00269815836249036,0.9660831418473974,,
resource,maxmonth_wnd,0.002736393536609833,0.9520080896627671,,
copy,maxmonth_wnd,0.002799874491388902,0.9454789751097805,,
invitation,maxmonth_wnd,0.002857384991696927,0.9437207888578177,,
lion,maxmonth_wnd,0.0029047235560781706,0.9472209873452482,,
column,maxmonth_wnd,0.0029450554767774194,0.9483847839797497,,
nose,maxmonth_wnd,0.0030103161458710005,0.8935337274680207,,
household,maxmonth_wnd,0.0030498104949997964,0.937411674506058,,
era,maxmonth_wnd,0.0031535851739753836,0.9646688682211715,,
envelope,maxmonth_wnd,0.0032755864142405265,0.9437180483724994,,
chain,maxmonth_wnd,0.003339851179613757,0.8998244944513377,,
melon,maxmonth_wnd,0.0033436426620240206,0.9557405658975122,,
examination,maxmonth_wnd,0.0033510180642937885,0.9545457821559513,,
king,maxmonth_wnd,0.003490524600875919,0.9436579671473893,,
pet,maxmonth_wnd,0.0036018773959177993,0.9347695649167194,,
advice,maxmonth_wnd,0.003767566566910442,0.9043679614828205,,
gulp,maxmonth_wnd,0.0038321438462584284,0.9410274422354422,,
expectation,maxmonth_wnd,0.0038368649000168767,0.9262294327893077,,
space,maxmonth_wnd,0.0038682817913849744,0.889009317340143,,
guest,maxmonth_wnd,0.004029798414769267,0.9194147543168045,,
holder,maxmonth_wnd,0.004064988103920601,0.9374080486443944,,
caterpillar,maxmonth_wnd,0.004144481096734918,0.9268897434366927,,
patience,maxmonth_wnd,0.0042643871469563105,0.9185496817190412,,
donkey,maxmonth_wnd,0.004272147142587342,0.9416632554786571,,
departure,maxmonth_wnd,0.0044734934972719895,0.9235916726808178,,
care,maxmonth_wnd,0.00452860683836084,0.8367917467953248,,
vehicle,maxmonth_wnd,0.00456235965348887,0.9269434124324827,,
sky,maxmonth_wnd,0.004646632904178072,0.8658924127535048,,
belt,maxmonth_wnd,0.004685475539953363,0.882107186507617,,
measles,maxmonth_wnd,0.004689704254816562,0.9175299478201495,,
damage,maxmonth_wnd,0.004788044612413611,0.8974479456058984,,
blossom,maxmonth_wnd,0.005027941238161436,0.9047390827559498,,
lord,maxmonth_wnd,0.005049910819195124,0.9224442374200461,,
clothes,maxmonth_wnd,0.005132006077180483,0.8642976571589299,,
study,maxmonth_wnd,0.0051452336242796045,0.9040141030613187,,
others,maxmonth_wnd,0.005429905001247291,0.8830814462232837,,
bowl,maxmonth_wnd,0.005442039014662738,0.8881140269581339,,
data,maxmonth_wnd,0.0054524742766195134,0.9336620564541055,,
thunder,maxmonth_wnd,0.00561549725360217,0.8138274964767628,,
jaw,maxmonth_wnd,0.005664170353947147,0.8531792357990093,,
kingdom,maxmonth_wnd,0.005678896680092059,0.8972501543912191,,
tar,maxmonth_wnd,0.005693565063383988,0.9244068553377204,,
backbone,maxmonth_wnd,0.0057650329068786544,0.8889191336529033,,
majority,maxmonth_wnd,0.005925500792680874,0.9015492302390634,,
rate,maxmonth_wnd,0.005973211275328408,0.9164505960507536,,
habit,maxmonth_wnd,0.005974678220944555,0.8721083995013208,,
warning,maxmonth_wnd,0.006119270559478378,0.8688480006377772,,
offspring,maxmonth_wnd,0.006141367604491103,0.8789268982823089,,
aspect,maxmonth_wnd,0.006171274421801141,0.916610543646557,,
witness,maxmonth_wnd,0.006239800702820651,0.8551265758293741,,
leg,maxmonth_wnd,0.006276047410484153,0.8115066396153885,,
view,maxmonth_wnd,0.006377335210267152,0.8643066196843276,,
hammer,maxmonth_wnd,0.006515051373047462,0.8217197732704742,,
distribution,maxmonth_wnd,0.006562831469693861,0.8992308233584488,,
praise,maxmonth_wnd,0.006564336402573684,0.8425702675268713,,
sweep,maxmonth_wnd,0.0067417851942958625,0.8154643406219203,,
nephew,maxmonth_wnd,0.006751094731604811,0.8736571022868541,,
conflict,maxmonth_wnd,0.006886212652398356,0.8989768169721654,,
leak,maxmonth_wnd,0.006999206842940791,0.8396833391902617,,
bridge,maxmonth_wnd,0.007078265229040472,0.821048953700164,,
surrender,maxmonth_wnd,0.007175177944938198,0.8897222498836485,,
quarrel,maxmonth_wnd,0.007283642638259528,0.8188370442697732,,
cement,maxmonth_wnd,0.007298776406637425,0.8698615397857883,,
gum,maxmonth_wnd,0.0074126822669895185,0.8205038949376624,,
rattle,maxmonth_wnd,0.0074598409979842045,0.859780937594266,,
equivalent,maxmonth_wnd,0.007464418395243972,NA,Model convergence problem; non-positive-definite Hessian matrix. See vignette('troubleshooting'),
exhaust,maxmonth_wnd,0.007571117944323127,0.8859792015164575,,
inquiry,maxmonth_wnd,0.00762273234061302,0.8776005651892529,,
ladder,maxmonth_wnd,0.00768962121223773,0.807438988301721,,
onion,maxmonth_wnd,0.007736592168895007,0.8397196421816729,,
alphabet,maxmonth_wnd,0.007798324032672657,0.8914610914233806,,
conversation,maxmonth_wnd,0.00807308640300819,0.8115089629927954,,
judgment,maxmonth_wnd,0.00823758994069316,0.8501224103664389,,
nerve,maxmonth_wnd,0.008267496295027684,0.8699240859690837,,
instruction,maxmonth_wnd,0.008405774437103032,0.8307394048280424,,
application,maxmonth_wnd,0.00843702009390704,0.8690120665528597,,
anxiety,maxmonth_wnd,0.008442238215368882,0.8551533764350402,,
rule,maxmonth_wnd,0.00854503460494994,0.8158752253481304,,
tool,maxmonth_wnd,0.008564502006384735,0.8112487714149726,,
soldier,maxmonth_wnd,0.008608705405217259,0.8097547924867818,,
community,maxmonth_wnd,0.008628617324306925,0.8104481245053932,,
reward,maxmonth_wnd,0.008681502388825748,0.8289364624200342,,
decay,maxmonth_wnd,0.008794830223785544,0.8279975943517108,,
formation,maxmonth_wnd,0.008810042436244463,0.8480156311876972,,
roller,maxmonth_wnd,0.008852162784605476,0.871236539610473,,
angle,maxmonth_wnd,0.009026746735594933,0.8290078682455403,,
hardship,maxmonth_wnd,0.009039045697642491,0.8692866381205191,,
ache,maxmonth_wnd,0.009089180332293946,0.8125341621367574,,
wink,maxmonth_wnd,0.009092138142490103,0.7847461018959563,,
consumption,maxmonth_wnd,0.0091846259363788,0.8270689836450101,,
cross,maxmonth_wnd,0.009236775287613887,0.6857452325332598,,
hat,maxmonth_wnd,0.00929986808303808,0.7958577020260794,,
pumpkin,maxmonth_wnd,0.009309590740985385,0.8783622181813047,,
altar,maxmonth_wnd,0.009330209384361347,0.8652215929830475,,
affection,maxmonth_wnd,0.00933638637106094,0.8498387136656214,,
greed,maxmonth_wnd,0.009404881436015252,0.8638909641180031,,
science,maxmonth_wnd,0.009749636567282227,0.8715824179670391,,
couple,maxmonth_wnd,0.009785665053897524,0.7775944136210908,,
driver,maxmonth_wnd,0.00992391237238714,0.8489153170420733,,
boundary,maxmonth_wnd,0.01028347426298573,0.7640672034206791,,
shiver,maxmonth_wnd,0.010405657837233948,0.796534063884349,,
army,maxmonth_wnd,0.010620319337372442,0.8423648766180707,,
kite,maxmonth_wnd,0.010634036187643673,0.8359349885794651,,
bell,maxmonth_wnd,0.010680346701643714,0.7332720034347774,,
film,maxmonth_wnd,0.010709421977932124,0.8728597448361122,,
paradise,maxmonth_wnd,0.010711517688257182,0.8465266643504238,,
fringe,maxmonth_wnd,0.010730954419951538,0.8179577414880531,,
material,maxmonth_wnd,0.010781437319010241,0.7448017653235749,,
contempt,maxmonth_wnd,0.010873643956679491,0.8450243929750018,,
cloud,maxmonth_wnd,0.010926062651839713,0.6915861673389069,,
appointment,maxmonth_wnd,0.011038426141538096,0.8278396284151854,,
excrement,maxmonth_wnd,0.011062587743675838,0.806924756376077,,
confusion,maxmonth_wnd,0.011088801007111763,0.7759029911426613,,
cake,maxmonth_wnd,0.011093964978570413,0.7974206780332416,,
hen,maxmonth_wnd,0.011237866783106,0.7937478577930597,,
cemetery,maxmonth_wnd,0.011440333761154045,NA,Model convergence problem; non-positive-definite Hessian matrix. See vignette('troubleshooting'),Model convergence problem; non-positive-definite Hessian matrix. See vignette('troubleshooting')
rescue,maxmonth_wnd,0.011526007933059659,NA,Model convergence problem; non-positive-definite Hessian matrix. See vignette('troubleshooting'),
scrotum,maxmonth_wnd,0.011611995046211649,0.8614267787401376,,
stone,maxmonth_wnd,0.011785675874330643,0.6601030203473773,,
ink,maxmonth_wnd,0.011799054711398188,0.7846735212432056,,
appetite,maxmonth_wnd,0.011910785024703375,0.7603067934427343,,
payment,maxmonth_wnd,0.011926606748910915,0.7576216682418532,,
understanding,maxmonth_wnd,0.011983474571527824,0.7522847199804729,,
annoyance,maxmonth_wnd,0.0119839331252588,0.8043326139668462,,
tongs,maxmonth_wnd,0.011991834136010975,0.7860357768227719,,
chop,maxmonth_wnd,0.012078957988409052,0.7705714302987804,,
acquaintance,maxmonth_wnd,0.01226293532130728,0.7601806378437712,,
assistance,maxmonth_wnd,0.012268132291958342,0.74528798413551,,
hospitality,maxmonth_wnd,0.012308784786550184,0.8146765488131308,,
strand,maxmonth_wnd,0.012358943249145578,0.817436507247262,,
growl,maxmonth_wnd,0.01250803709079957,0.7859360404695056,,
shelter,maxmonth_wnd,0.012662127174059715,0.6698912747295054,,
accord,maxmonth_wnd,0.012813724340904066,0.7930321179605168,,
exhibit,maxmonth_wnd,0.012863161766542371,0.8042798417508712,,
laugh,maxmonth_wnd,0.013007982767275722,0.6116585860780526,,
suit,maxmonth_wnd,0.013046881580459434,0.7600420890676621,,
command,maxmonth_wnd,0.013082831037236897,0.707889920997295,,
expert,maxmonth_wnd,0.013109249085377575,0.7801457561024868,,
ignorance,maxmonth_wnd,0.013113906353704944,0.7875189103452311,,
twine,maxmonth_wnd,0.013127892312016947,0.7794538138384746,,
project,maxmonth_wnd,0.01318001928163881,0.7358225490814282,,
clay,maxmonth_wnd,0.013224473642694247,0.7210962523854866,,
shelf,maxmonth_wnd,0.013247875476870622,0.7470787199170954,,
emphasis,maxmonth_wnd,0.013361098275155796,0.7391941718799662,,
steam,maxmonth_wnd,0.013425090753976847,0.7003247343120422,,
servant,maxmonth_wnd,0.013462407436563358,0.730037045435922,,
bloom,maxmonth_wnd,0.01348734532577857,0.7414258758908863,,
ion,maxmonth_wnd,0.013537663352273096,0.8692431603640766,,
cave,maxmonth_wnd,0.013660713425825945,0.6933331089384704,,
lack,maxmonth_wnd,0.013765878501569172,0.722179844007159,,
carpet,maxmonth_wnd,0.014060322493357893,0.7857014668665846,,
bush,maxmonth_wnd,0.014134811230269695,0.735890615394849,,
glory,maxmonth_wnd,0.014193724084504223,0.7437915457444141,,
trumpet,maxmonth_wnd,0.014434119715630226,0.724618693726498,,
skull,maxmonth_wnd,0.014436089466246605,NA,Model convergence problem; non-positive-definite Hessian matrix. See vignette('troubleshooting'),
president,maxmonth_wnd,0.014584568810653788,0.8236253741344005,,
seat,maxmonth_wnd,0.014620228083939125,0.5585176085848196,,
difference,maxmonth_wnd,0.014640276148212656,0.6628931432283163,,
fold,maxmonth_wnd,0.014737129204743966,0.5837619076485192,,
tendency,maxmonth_wnd,0.014779787770937605,0.7807669039784654,,
puppy,maxmonth_wnd,0.01479019715817359,0.7927150521087983,,
suspect,maxmonth_wnd,0.014830631628916973,0.6995554763638016,,
circumstance,maxmonth_wnd,0.01486149339146032,0.7469309720641744,,
whirlwind,maxmonth_wnd,0.01489435464474167,0.7000786431390837,,
rank,maxmonth_wnd,0.015002961476007336,0.75715525879338,,
nipple,maxmonth_wnd,0.015115786079942725,0.6709057719515129,,
game,maxmonth_wnd,0.015209304745066866,0.6230150499831534,,
fowl,maxmonth_wnd,0.0152471395585641,0.7558171362407933,,
skeleton,maxmonth_wnd,0.015247294672912963,0.7355171357126212,,
pause,maxmonth_wnd,0.015345830193258546,0.7682719331574596,,
sparkle,maxmonth_wnd,0.015456965239536389,0.7702346636556742,,
as,maxmonth_wnd,0.015495565937787031,0.7535301742953955,,
dog,maxmonth_wnd,0.01551688541855778,0.5778059817347628,,
healing,maxmonth_wnd,0.015561817552219331,0.7243723171494979,,
dew,maxmonth_wnd,0.015644336527034668,0.6370449801247287,,
association,maxmonth_wnd,0.01574382337013555,0.7364193381550368,,
arrival,maxmonth_wnd,0.015899915593466995,0.6744210680019542,,
fence,maxmonth_wnd,0.01591675162696313,0.6114654922548236,,
moonlight,maxmonth_wnd,0.0159673624718957,0.7373548499045359,,
plug,maxmonth_wnd,0.016008330331100773,0.7446634772962359,,
question,maxmonth_wnd,0.01608400436033291,0.5334479780570888,,
pillow,maxmonth_wnd,0.016129248521328157,0.575839738659062,,
credit,maxmonth_wnd,0.016288700823419943,0.7614757153758587,,
ball,maxmonth_wnd,0.016325675949101216,0.5153546609793068,,
sand,maxmonth_wnd,0.01632964954932141,0.554039076056652,,
comment,maxmonth_wnd,0.016353640708013595,0.7443375292625446,,
bank,maxmonth_wnd,0.0164251112302195,0.5687356367585937,,
heating,maxmonth_wnd,0.01647894291549852,0.7608608950147471,,
remainder,maxmonth_wnd,0.01648645382845773,0.6737517762893503,,
sight,maxmonth_wnd,0.01665358786697115,0.5868994771329203,,
heart,maxmonth_wnd,0.01667545503028908,0.4641920611872846,,
weapon,maxmonth_wnd,0.016834529971783085,0.6230152599370022,,
curl,maxmonth_wnd,0.01693269852248992,0.670065957061561,,
struggle,maxmonth_wnd,0.016977780324418067,0.6550642750209543,,
injury,maxmonth_wnd,0.01707752555078204,0.6931861076813068,,
comfort,maxmonth_wnd,0.017135184690614612,0.6698829544814822,,
braid,maxmonth_wnd,0.017338430604438997,0.6885092380872166,,
neglect,maxmonth_wnd,0.017414689503433067,0.6521063337292415,,
excitement,maxmonth_wnd,0.017432244919637217,0.7067024983771266,,
breath,maxmonth_wnd,0.017447121431153685,0.40074354357323594,,
tomato,maxmonth_wnd,0.01744998649722178,0.8058892254065826,,
hail,maxmonth_wnd,0.017462277686120117,0.6368433695601075,,
whisper,maxmonth_wnd,0.01784293861199924,0.5868495141014197,,
pinch,maxmonth_wnd,0.01787865376131298,0.5960217740017482,,
bag,maxmonth_wnd,0.01797174977089767,0.5383394748500416,,
sympathy,maxmonth_wnd,0.017978551187690803,0.6956248157940124,,
argument,maxmonth_wnd,0.017980726454661877,0.6566081047880685,,
chest,maxmonth_wnd,0.018128146438663735,0.4622400058094213,,
rainbow,maxmonth_wnd,0.0183458000544858,0.6055905707626301,,
glass,maxmonth_wnd,0.01843212336709046,0.5619327298761551,,
whip,maxmonth_wnd,0.018481840994485948,0.5679009534790318,,
thicket,maxmonth_wnd,0.018504859037321728,0.7120211256017054,,
soap,maxmonth_wnd,0.018613230628246335,0.6115187129322758,,
drink,maxmonth_wnd,0.018664146109199913,0.4329152065579305,,
grade,maxmonth_wnd,0.01867414152508777,0.7892527106344345,,
distress,maxmonth_wnd,0.019136662248903823,0.6922682068936445,,
ward,maxmonth_wnd,0.019278257094929904,0.6390513073944938,,
peel,maxmonth_wnd,0.019296599764652502,0.5720968977554542,,
justice,maxmonth_wnd,0.019435847478139947,0.6689232867570564,,
muscle,maxmonth_wnd,0.019475167499737045,0.5777432892395227,,
bone,maxmonth_wnd,0.019483609641804026,0.4212507564406871,,
doubt,maxmonth_wnd,0.019554053551800385,0.5747058337098753,,
voice,maxmonth_wnd,0.0196638482814678,0.44314005269446355,,
garbage,maxmonth_wnd,0.019667244967524197,0.7626132553075009,,
torture,maxmonth_wnd,0.019774352173078196,0.7188795117300029,,
messenger,maxmonth_wnd,0.019798257516180737,0.5905364189123327,,
toy,maxmonth_wnd,0.019858176354352886,0.6191375788156437,,
proverb,maxmonth_wnd,0.019924391789056566,0.7234714094010479,,
slice,maxmonth_wnd,0.020111138684061815,0.6165420087343225,,
ruler,maxmonth_wnd,0.0201509753144814,0.6746194404417701,,
trial,maxmonth_wnd,0.020169086342236225,0.715704913478314,,
net,maxmonth_wnd,0.02025692979443431,0.78228673054858755,,
balance,maxmonth_wnd,0.020298904648341096,0.6178256168709911,,
hip,maxmonth_wnd,0.020340498662811863,0.5263605955587882,,
party,maxmonth_wnd,0.020424201093117305,0.6263574615257059,,
waste,maxmonth_wnd,0.020469373109199204,0.5065334762600691,,
clothing,maxmonth_wnd,0.020514416634603457,0.6313012592576706,,
breed,maxmonth_wnd,0.02086645664865015,0.620910400376312,,
room,maxmonth_wnd,0.020971293695439455,0.5414532239418947,,
warmth,maxmonth_wnd,0.021115657766175237,0.6558701529803637,,
shade,maxmonth_wnd,0.021150386101444155,0.3623551994908266,,
department,maxmonth_wnd,0.021167787712465164,0.7513575454203645,,
master,maxmonth_wnd,0.021302172039097178,0.5121542557752878,,
chatter,maxmonth_wnd,0.021439911489368982,0.6523232616037344,,
range,maxmonth_wnd,0.021558911968663472,0.6102687119806771,,
papa,maxmonth_wnd,0.021571806718245948,0.8035626956263201,,
reply,maxmonth_wnd,0.021583235855212716,0.5774509803595691,,
loan,maxmonth_wnd,0.02163569441777717,NA,Model convergence problem; non-positive-definite Hessian matrix. See vignette('troubleshooting'),Model convergence problem; non-positive-definite Hessian matrix. See vignette('troubleshooting')
flank,maxmonth_wnd,0.021689733746033165,0.64896602656994,,
failure,maxmonth_wnd,0.021739881372140116,0.6624527449411616,,
fat,maxmonth_wnd,0.021776113526940644,0.37722715759773573,,
contract,maxmonth_wnd,0.02180427753991,0.5802489132214863,,
mercy,maxmonth_wnd,0.02193390108108237,0.5793822302950934,,
cheek,maxmonth_wnd,0.021933949235441626,0.3836680224329723,,
painting,maxmonth_wnd,0.021964294074661328,0.7061657882232087,,
mule,maxmonth_wnd,0.02198415738921865,0.7105790272640515,,
supply,maxmonth_wnd,0.02198826181258677,0.5870913628301787,,
storm,maxmonth_wnd,0.02203123209977625,0.5094331664266547,,
stack,maxmonth_wnd,0.022053880933333242,0.6602601630366821,,
hatred,maxmonth_wnd,0.02211958445760526,0.5967912498012248,,
assembly,maxmonth_wnd,0.022130517871508895,0.6474388415106916,,
corn,maxmonth_wnd,0.022249025036967254,0.6570253164354511,,
silence,maxmonth_wnd,0.02241070395739319,0.5627356668707809,,
bench,maxmonth_wnd,0.02245974476762824,0.6037103371722804,,
tail,maxmonth_wnd,0.022515838690355505,0.33938389915517864,,
rash,maxmonth_wnd,0.022517393280627473,0.5372363358588629,,
token,maxmonth_wnd,0.022564529814932635,0.6390316694994734,,
necessity,maxmonth_wnd,0.02257030512563706,0.5771179413933446,,
confidence,maxmonth_wnd,0.022586837868878273,0.5686519445708769,,
drip,maxmonth_wnd,0.02263061186128732,0.5388657347599657,,
rake,maxmonth_wnd,0.02274265890244122,0.6135655956000765,,
iron,maxmonth_wnd,0.02277745273767659,0.33433332630278106,,
seal,maxmonth_wnd,0.02289768534687749,0.6016132427480743,,
drizzle,maxmonth_wnd,0.022921159745022075,0.6203456921968232,,
trail,maxmonth_wnd,0.022982225866972735,0.6511573003933792,,
neighborhood,maxmonth_wnd,0.023146829987374218,0.6645861162211877,,
yeast,maxmonth_wnd,0.02317375121025923,0.6240064576246982,,
courage,maxmonth_wnd,0.02343993126151743,0.5683000821821235,,
danger,maxmonth_wnd,0.02345891300811164,0.5387583125935717,,
scar,maxmonth_wnd,0.023828653921096284,0.47063508559190814,,
noise,maxmonth_wnd,0.023937515335872055,0.3836688456631034,,
twitch,maxmonth_wnd,0.024024605368760506,0.6403731088274963,,
sewing,maxmonth_wnd,0.024113154124131793,0.527935563577125,,
merit,maxmonth_wnd,0.02419635550714131,0.6767194294073497,,
reason,maxmonth_wnd,0.02420589189353106,NA,Model convergence problem; non-positive-definite Hessian matrix. See vignette('troubleshooting'),
slit,maxmonth_wnd,0.02431267223605989,0.6173906675607245,,
witchcraft,maxmonth_wnd,0.024315597299403226,0.677022707827179,,
kindness,maxmonth_wnd,0.024420497277662524,0.579092868273717,,
cob,maxmonth_wnd,0.024477264694338592,0.728329475524831,,
rind,maxmonth_wnd,0.0245267972165513,0.6382863321559135,,
match,maxmonth_wnd,0.02455244819236665,0.4169956421265924,,
fort,maxmonth_wnd,0.024702711023181164,0.6920714597764673,,
stump,maxmonth_wnd,0.024851638867108568,0.5140589978622249,,
aim,maxmonth_wnd,0.024866197711845076,0.43109681488098417,,
hospital,maxmonth_wnd,0.02502393925992668,0.600463100765082,,
pump,maxmonth_wnd,0.025348117144099312,0.6585324255724616,,
fountain,maxmonth_wnd,0.025475195260077157,0.6248776033506359,,
event,maxmonth_wnd,0.025767209496687513,0.4792697331779936,,
salute,maxmonth_wnd,0.025790823079692913,0.6149239710492361,,
cage,maxmonth_wnd,0.025818163713595865,0.5876381891173169,,
scent,maxmonth_wnd,0.025981508010759644,0.481497947916533,,
spy,maxmonth_wnd,0.02619483421989421,0.40851280555015307,,
race,maxmonth_wnd,0.026196265284039615,0.4120411603164378,,
dive,maxmonth_wnd,0.026237098964108533,0.5034239170568968,,
egg,maxmonth_wnd,0.026254389621128502,0.2775076780622409,,
paw,maxmonth_wnd,0.02626204764818553,0.6008052566116941,,
display,maxmonth_wnd,0.02632006199959747,0.5755190293944712,,
job,maxmonth_wnd,0.026619264585648925,0.5632939201985028,,
progress,maxmonth_wnd,0.02665609064221166,0.5067317265683559,,
garment,maxmonth_wnd,0.02666040399862293,0.5919465653670385,,
grandmother,maxmonth_wnd,0.026681396398055765,0.5125296669974727,,
knee,maxmonth_wnd,0.02678676957476732,0.23140732451126844,,
building,maxmonth_wnd,0.026917656746862993,0.3308171105363917,,
mouse,maxmonth_wnd,0.027338551038391033,0.3823706584852118,,
gap,maxmonth_wnd,0.027815570073620115,NA,Model convergence problem; non-positive-definite Hessian matrix. See vignette('troubleshooting'),
construction,maxmonth_wnd,0.027829738390176793,0.5351776585027954,,
wheel,maxmonth_wnd,0.027862190781515826,0.41070320996823406,,
lump,maxmonth_wnd,0.028109242222454846,0.47288411648513623,,
toad,maxmonth_wnd,0.02819360706446293,0.6080170729255348,,
error,maxmonth_wnd,0.02851377875846647,0.46887469644264473,,
owl,maxmonth_wnd,0.028543806610114183,0.3958388357332899,,
witch,maxmonth_wnd,0.02859007543875023,0.6062915321345502,,
puff,maxmonth_wnd,0.028608626307196034,0.523606944604574,,
disposition,maxmonth_wnd,0.028782435916079173,0.5807205715045778,,
hawk,maxmonth_wnd,0.028964538283954986,0.45997796304661454,,
arch,maxmonth_wnd,0.029054924897077634,0.6461997702925983,,
music,maxmonth_wnd,0.029091683564360295,0.5347468978865277,,
delight,maxmonth_wnd,0.02909235364280604,0.587477625878182,,
tom,maxmonth_wnd,0.029324165318519963,0.6570175997241892,,
shin,maxmonth_wnd,0.02935927118490792,0.5813272634103883,,
bosom,maxmonth_wnd,0.029365655448262834,0.5492815894980727,,
ham,maxmonth_wnd,0.029610913519723232,0.6784362922729054,,
heap,maxmonth_wnd,0.029664852198519276,0.43612088966947427,,
rustle,maxmonth_wnd,0.029679419255129406,0.6192581414086067,,
enclosure,maxmonth_wnd,0.029728993263972745,0.47660088182672156,,
explanation,maxmonth_wnd,0.029736914703908074,0.46748841735026514,,
judge,maxmonth_wnd,0.029788073062885924,0.4079351542889026,,
hill,maxmonth_wnd,0.029837256320580895,0.4029282961802956,,
bundle,maxmonth_wnd,0.02985073039284174,0.3546169766966258,,
appendix,maxmonth_wnd,0.030103792941561052,0.6949663426925854,,
dwarf,maxmonth_wnd,0.030120075911286636,0.467040771732559,,
hearth,maxmonth_wnd,0.030145256807481167,0.6241661037144011,,
chip,maxmonth_wnd,0.03018553249275119,NA,Model convergence problem; non-positive-definite Hessian matrix. See vignette('troubleshooting'),
vomit,maxmonth_wnd,0.030246030766133893,0.2883352107505623,,
fare,maxmonth_wnd,0.030341420737423148,0.6182665813481965,,
chapter,maxmonth_wnd,0.03043924164245792,0.6073970905227232,,
spear,maxmonth_wnd,0.030444475519746272,0.48613045667429544,,
robe,maxmonth_wnd,0.030518705555530126,0.629863098857843,,
goodness,maxmonth_wnd,0.030833227121994752,0.41968412498782737,,
pillar,maxmonth_wnd,0.03090502359708336,0.48603992387815387,,
patch,maxmonth_wnd,0.030907839361215116,0.3844092786458562,,
risk,maxmonth_wnd,0.03095781673597276,0.5813464049053725,,
dough,maxmonth_wnd,0.03095924782357012,0.5225277775480819,,
cushion,maxmonth_wnd,0.03130827983215127,0.4979009064935315,,
bottle,maxmonth_wnd,0.03139214739970377,0.3413211485650163,,
safety,maxmonth_wnd,0.03156207064736688,0.46824827740484903,,
sack,maxmonth_wnd,0.031594774867352904,0.37669623236222677,,
sponge,maxmonth_wnd,0.03164906525624633,0.534641352847202,,
claw,maxmonth_wnd,0.03180313873001307,0.31294141365804057,,
suicide,maxmonth_wnd,0.03187078423316065,0.5119519354269243,,
government,maxmonth_wnd,0.031890838193978206,0.46536414802251214,,
diamond,maxmonth_wnd,0.0321041904840529,0.5201031551472959,,
vapor,maxmonth_wnd,0.0321669148814731,0.43430999395181014,,
picture,maxmonth_wnd,0.03219724783396036,0.3994553363306476,,
parcel,maxmonth_wnd,0.032216922640292946,0.5150438061253994,,
partner,maxmonth_wnd,0.032425265750384874,0.3830440061633508,,
road,maxmonth_wnd,0.032517851890083105,0.2438414765604037,,
hemp,maxmonth_wnd,0.03258680153916381,0.5985393812433356,,
bear,maxmonth_wnd,0.03263967771559999,0.5080986174218962,,
pen,maxmonth_wnd,0.03276059208615929,0.4261396075138565,,
flea,maxmonth_wnd,0.03289061246464483,0.42468887147259166,,
knife,maxmonth_wnd,0.033218573194132045,0.22232736720186058,,
peak,maxmonth_wnd,0.033359856107598715,NA,Model convergence problem; non-positive-definite Hessian matrix. See vignette('troubleshooting'),
meter,maxmonth_wnd,0.03361315087321197,0.6120071313967232,,
chin,maxmonth_wnd,0.033865451011866395,0.366366319295677,,
introduction,maxmonth_wnd,0.03399172679814532,0.32371476392946125,,
machine,maxmonth_wnd,0.03404530248623648,0.51028684970946,,
observation,maxmonth_wnd,0.03414549984379774,0.4777001942737704,,
shaft,maxmonth_wnd,0.03415280320795816,0.485014352832557,,
door,maxmonth_wnd,0.034365671121663395,0.12307258974657562,,
contrary,maxmonth_wnd,0.03439802543605565,0.4402758873561784,,
health,maxmonth_wnd,0.03446422214662284,0.26965762525337816,,
moth,maxmonth_wnd,0.03449394077890167,0.3481886244888702,,
education,maxmonth_wnd,0.03454177547794358,0.5342293069821719,,
grate,maxmonth_wnd,0.03456842917561762,0.48487718303598754,,
rust,maxmonth_wnd,0.03462547193108452,0.25375711132473655,,
flight,maxmonth_wnd,0.03462887228272348,0.3873315486318745,,
feature,maxmonth_wnd,0.03463851326477558,0.41543822775430805,,
description,maxmonth_wnd,0.03470509087121348,0.4462280541132339,,
grave,maxmonth_wnd,0.03474147580445376,0.26492996658588114,,
blister,maxmonth_wnd,0.034937797768532626,0.3671580440597668,,
history,maxmonth_wnd,0.034938047609230895,0.42193465595590285,,
document,maxmonth_wnd,0.03513050781800986,0.5513199300528822,,
butcher,maxmonth_wnd,0.03517028424716723,0.42275824054934436,,
savior,maxmonth_wnd,0.035180752856377305,0.4714928361375728,,
bastard,maxmonth_wnd,0.035200389942743944,0.41495779755906553,,
meat,maxmonth_wnd,0.03533637033347796,0.2306480762364146,,
fright,maxmonth_wnd,0.035400209784246094,0.36861023086755146,,
neighbor,maxmonth_wnd,0.03592595485942451,0.33830156292400754,,
link,maxmonth_wnd,0.035942308364744054,0.46186110687694537,,
nap,maxmonth_wnd,0.03624568396011322,0.5542718017268982,,
bunch,maxmonth_wnd,0.03632757296961805,0.3167432033739288,,
pearl,maxmonth_wnd,0.03632835132738031,0.5166779831366176,,
fool,maxmonth_wnd,0.03637835448815268,0.31255217666532825,,
ghost,maxmonth_wnd,0.03645922408205343,0.31827761153050754,,
device,maxmonth_wnd,0.03647023029521466,NA,Model convergence problem; non-positive-definite Hessian matrix. See vignette('troubleshooting'),
groove,maxmonth_wnd,0.03647129550434856,0.4978842283824371,,
goal,maxmonth_wnd,0.0365919521312382,0.43400486600861204,,
student,maxmonth_wnd,0.0366788865109239,0.47393567576115897,,
feast,maxmonth_wnd,0.036841997193003365,0.4041324950420017,,
tax,maxmonth_wnd,0.03692738023957968,0.3999675403893348,,
wake,maxmonth_wnd,0.037015380306556135,0.34795662177694203,,
dung,maxmonth_wnd,0.03714261444129646,0.4283737782608471,,
moan,maxmonth_wnd,0.037171358310042285,NA,,Model convergence problem; non-positive-definite Hessian matrix. See vignette('troubleshooting')
row,maxmonth_wnd,0.037195644299291876,0.14621023767374847,,
accident,maxmonth_wnd,0.03719968546775417,0.32077690935343517,,
circle,maxmonth_wnd,0.03721386022825208,0.17178379937872296,,
coffee,maxmonth_wnd,0.03722736332775036,0.5887557604394452,,
broom,maxmonth_wnd,0.03723641601419349,0.2684077661323052,,
lap,maxmonth_wnd,0.03731302332212118,0.34872245160806226,,
grace,maxmonth_wnd,0.03748776362603687,0.33170628995196083,,
contest,maxmonth_wnd,0.037683721134191175,0.4009281104403558,,
bug,maxmonth_wnd,0.03771464007451485,NA,Model convergence problem; non-positive-definite Hessian matrix. See vignette('troubleshooting'),
answer,maxmonth_wnd,0.03775905527134951,0.14646357006557553,,
oath,maxmonth_wnd,0.037824895838240766,0.34123465734971414,,
store,maxmonth_wnd,0.03789580049868265,0.1983171722909892,,
ravine,maxmonth_wnd,0.03813496121051066,0.5215017841992393,,
mill,maxmonth_wnd,0.038152635292937574,0.4245320236157097,,
rap,maxmonth_wnd,0.0382671395518529,0.5197989236062812,,
conclusion,maxmonth_wnd,0.03847909322626914,0.3559989601709547,,
energy,maxmonth_wnd,0.038510673988991065,0.4402069917305648,,
atmosphere,maxmonth_wnd,0.03854371117204727,0.4629207238693388,,
pocket,maxmonth_wnd,0.03865271595584691,0.30852616151013956,,
furniture,maxmonth_wnd,0.03867788697672578,0.4152032727417579,,
escort,maxmonth_wnd,0.03869648520770314,0.4940683404227596,,
shock,maxmonth_wnd,0.03871897512906082,0.4007179371400149,,
eyelash,maxmonth_wnd,0.03875491412479868,0.3618048058471738,,
halt,maxmonth_wnd,0.03895288188679908,0.41996737288735714,,
span,maxmonth_wnd,0.039010692400091994,0.43608371502177207,,
groin,maxmonth_wnd,0.039290767816982146,0.4071796855748708,,
mistress,maxmonth_wnd,0.039361752273090335,0.43380831675001796,,
angel,maxmonth_wnd,0.03942582361977536,0.3974110212149043,,
scrub,maxmonth_wnd,0.039455374421607875,0.45555861183477964,,
proof,maxmonth_wnd,0.0395949645718354,0.38790707564910887,,
training,maxmonth_wnd,0.03963832516195167,0.512299891604131,,
trip,maxmonth_wnd,0.039719432888214876,0.3126205306062805,,
web,maxmonth_wnd,0.03975889703618338,0.2303420848900656,,
snout,maxmonth_wnd,0.039798459947323644,0.36523234561630596,,
age,maxmonth_wnd,0.039834501709702326,0.138677323753989,,
childhood,maxmonth_wnd,0.04000548379641693,NA,Model convergence problem; non-positive-definite Hessian matrix. See vignette('troubleshooting'),
affair,maxmonth_wnd,0.040088204758330186,0.39362862438189933,,
agriculture,maxmonth_wnd,0.04035709735054124,0.431901509056991,,
horn,maxmonth_wnd,0.040395013527350684,0.14961590479010686,,
hatch,maxmonth_wnd,0.040591878424781284,0.3306160185659031,,
bicycle,maxmonth_wnd,0.04060456290964508,0.5931990639397537,,
wire,maxmonth_wnd,0.040608639897093804,0.29412549859577264,,
chamber,maxmonth_wnd,0.04075647121645341,0.4330615285559042,,
cord,maxmonth_wnd,0.04080265880971007,0.2305425918277742,,
crook,maxmonth_wnd,0.04080794396981806,0.49903043646564926,,
stride,maxmonth_wnd,0.04086131751266563,0.43208830061767634,,
virtue,maxmonth_wnd,0.041113792569472896,0.4805622706252922,,
mount,maxmonth_wnd,0.04112465071347851,0.2619998224456248,,
ceiling,maxmonth_wnd,0.04139858877243803,0.40473933780055366,,
treasure,maxmonth_wnd,0.04146711908761147,0.3977526000868882,,
border,maxmonth_wnd,0.041509075779256936,0.262263908544659,,
ridge,maxmonth_wnd,0.04151485723507374,0.3258506171983617,,
sir,maxmonth_wnd,0.04163122571280419,0.44606320570636493,,
crow,maxmonth_wnd,0.04165894422422291,0.2052454491840342,,
hoe,maxmonth_wnd,0.04167929868604921,0.4294912556332136,,
cabbage,maxmonth_wnd,0.041782424591453066,0.44615570779283154,,
curtain,maxmonth_wnd,0.0418640032226752,0.3447874726188367,,
milk,maxmonth_wnd,0.04208797549842862,0.1730526807926628,,
gutter,maxmonth_wnd,0.042161268063130836,0.4325916529198106,,
concern,maxmonth_wnd,0.04217033584817085,0.30491709437258097,,
needle,maxmonth_wnd,0.0422120980168874,0.09477597259268118,,
hour,maxmonth_wnd,0.04221894350364065,0.22612855674247012,,
core,maxmonth_wnd,0.04230370488543996,0.3093078607014835,,
ointment,maxmonth_wnd,0.04237460966549948,0.2677249234233438,,
benefit,maxmonth_wnd,0.042557323213784935,0.31495607911873424,,
visitor,maxmonth_wnd,0.042565542688153234,0.3132695777624169,,
offense,maxmonth_wnd,0.0427585251117913,0.26001544390705333,,
paper,maxmonth_wnd,0.04279892328070563,0.24225803376856836,,
corner,maxmonth_wnd,0.0429906903341477,0.1998766315164353,,
morning,maxmonth_wnd,0.04342164977479119,0.057035316738483194,,
rag,maxmonth_wnd,0.04349700234507126,0.2689179037421595,,
law,maxmonth_wnd,0.04377750815012198,0.2654886695163502,,
memory,maxmonth_wnd,0.04380089524162151,0.20168576996428603,,
cardinal,maxmonth_wnd,0.04384589489629577,0.45274643169725676,,
shepherd,maxmonth_wnd,0.043995406944992294,0.3635772853897204,,
selection,maxmonth_wnd,0.04404777653917469,0.3359470177669872,,
town,maxmonth_wnd,0.044398369996870184,0.31767814993476884,,
rage,maxmonth_wnd,0.04440119619210523,0.3595235730185828,,
bladder,maxmonth_wnd,0.044461266099220735,0.15664788003111907,,
lemon,maxmonth_wnd,0.04454703803523235,0.37457352848371084,,
hurry,maxmonth_wnd,0.04456150667092401,0.14352082429093252,,
secretary,maxmonth_wnd,0.04469912515912192,0.43277300235671745,,
minute,maxmonth_wnd,0.04470296608672563,0.27946480399065576,,
pig,maxmonth_wnd,0.04473033912676651,0.3370887740703984,,
murmur,maxmonth_wnd,0.04483632557597776,0.38493955003421404,,
asthma,maxmonth_wnd,0.04486014979856181,0.32979818818391476,,
evening,maxmonth_wnd,0.04493690183458063,0.05345805471209204,,
tent,maxmonth_wnd,0.04494855971373405,0.33255842575250527,,
coffin,maxmonth_wnd,0.04503909043644104,0.38199543535357683,,
sheet,maxmonth_wnd,0.04511307802734068,0.16582619637260199,,
herb,maxmonth_wnd,0.04515252626405649,0.3684107085206841,,
crust,maxmonth_wnd,0.04525553218650423,0.32348525137938405,,
niece,maxmonth_wnd,0.04533117714665302,0.3194018360297793,,
thigh,maxmonth_wnd,0.04567078457422436,0.16090605261504098,,
eater,maxmonth_wnd,0.04567202831812734,0.35386686265911504,,
cap,maxmonth_wnd,0.04574992007921602,0.23016369267883408,,
daybreak,maxmonth_wnd,0.04610101570299641,0.2902100008591171,,
disagreement,maxmonth_wnd,0.04665709723120598,0.3530298146905486,,
agent,maxmonth_wnd,0.04676693644568571,0.3919078017014089,,
bolt,maxmonth_wnd,0.04677550923046955,0.20935828288934671,,
cash,maxmonth_wnd,0.04681423197306654,0.46011728130587737,,
consequence,maxmonth_wnd,0.04685554809205974,0.24314056659843963,,
bed,maxmonth_wnd,0.04688838556585591,0.030256798540907442,,
towel,maxmonth_wnd,0.0468982903642299,0.25929279640078123,,
service,maxmonth_wnd,0.046958993231127254,0.22845112401441423,,
provision,maxmonth_wnd,0.04717463830327565,0.2771838356353378,,
purchase,maxmonth_wnd,0.04730462363179031,0.23504496151951723,,
cup,maxmonth_wnd,0.04738363789693242,0.07578712955048054,,
rumble,maxmonth_wnd,0.04745987930995763,0.38434414454438887,,
gunpowder,maxmonth_wnd,0.047610843060053344,0.3965530880823026,,
goodbye,maxmonth_wnd,0.04765859723931496,0.5460750092097035,,
steel,maxmonth_wnd,0.047797975415838884,0.23359106352394576,,
fisherman,maxmonth_wnd,0.04784585032541637,0.35124214097830503,,
inheritance,maxmonth_wnd,0.047859535630143765,0.287059605543438,,
jerk,maxmonth_wnd,0.04790097667468682,0.3486011021383695,,
traveler,maxmonth_wnd,0.04815114903816405,0.2425177441041914,,
sway,maxmonth_wnd,0.04815510873317048,0.2102963980751725,,
glue,maxmonth_wnd,0.048229870563715055,NA,Model convergence problem; non-positive-definite Hessian matrix. See vignette('troubleshooting'),Model convergence problem; non-positive-definite Hessian matrix. See vignette('troubleshooting')
claim,maxmonth_wnd,0.04829401368684145,0.23196651557101966,,
variation,maxmonth_wnd,0.048350295312404486,0.3689193800417527,,
weakness,maxmonth_wnd,0.04836934148226627,0.22966594704676624,,
stair,maxmonth_wnd,0.04850749145487832,0.2624381605367601,,
tongue,maxmonth_wnd,0.04856922495656104,0.009857636175831143,,
meal,maxmonth_wnd,0.04857053589692882,0.0967298381474503,,
intent,maxmonth_wnd,0.04877849437883613,0.3934162216241537,,
chair,maxmonth_wnd,0.04877908120390941,0.1645241034504616,,
potato,maxmonth_wnd,0.04887003049925953,0.3134004466854149,,
custom,maxmonth_wnd,0.048927004401456455,0.12028910894745143,,
highway,maxmonth_wnd,0.04903958938591524,0.3055344265943592,,
competition,maxmonth_wnd,0.04910272337369485,0.35506037706799354,,
nostril,maxmonth_wnd,0.049800815092730176,0.16862335998551112,,
screen,maxmonth_wnd,0.04982941249781008,0.33790038244152637,,
caution,maxmonth_wnd,0.05002470667189619,0.27801131064699147,,
evidence,maxmonth_wnd,0.05003482863275535,NA,Model convergence problem; non-positive-definite Hessian matrix. See vignette('troubleshooting'),
sex,maxmonth_wnd,0.0501990938024469,0.20967959232572153,,
esteem,maxmonth_wnd,0.05026492729533349,0.3769077753921331,,
window,maxmonth_wnd,0.05033498107462734,0.13244692145353695,,
broth,maxmonth_wnd,0.05046994568464371,0.3381853382325527,,
nail,maxmonth_wnd,0.05055405206645574,0.02539363769320496,,
preface,maxmonth_wnd,0.05064938997250303,0.20896858312065406,,
vein,maxmonth_wnd,0.050923700299079784,0.06430266791336084,,
refuge,maxmonth_wnd,0.050970162387079535,0.3253917862521013,,
travel,maxmonth_wnd,0.05105882839215857,0.11375383052254423,,
candy,maxmonth_wnd,0.05111753928271625,0.4705199368469989,,
bandage,maxmonth_wnd,0.05119643863507251,NA,Model convergence problem; non-positive-definite Hessian matrix. See vignette('troubleshooting'),
spring,maxmonth_wnd,0.05124193345083943,0.04719886444603731,,
scum,maxmonth_wnd,0.05127910875364468,0.26308015293634596,,
tug,maxmonth_wnd,0.05128138025055656,0.42980630432471156,,
saddle,maxmonth_wnd,0.05130331432340342,0.2945174940018558,,
grief,maxmonth_wnd,0.05135840395893601,0.24747177113864993,,
country,maxmonth_wnd,0.05150503794169901,0.13658882913242046,,
kick,maxmonth_wnd,0.05162631373430497,0.11470850358276777,,
stroke,maxmonth_wnd,0.05163276416478227,0.1798112682551999,,
station,maxmonth_wnd,0.05196475744760411,0.35864601202472135,,
riddle,maxmonth_wnd,0.05201451905823961,0.2854054226945832,,
stink,maxmonth_wnd,0.052095349735573386,0.22259533308578927,,
salvation,maxmonth_wnd,0.05217524605411466,0.33586829082039615,,
page,maxmonth_wnd,0.052179719023051914,0.23169128798097022,,
shirt,maxmonth_wnd,0.05235506384233386,0.25707200904562505,,
fart,maxmonth_wnd,0.05239353878295537,0.4101911072373833,,
scoop,maxmonth_wnd,0.052456788086850614,0.2583708929307943,,
drug,maxmonth_wnd,0.0526433580283535,0.3911718274672008,,
conscience,maxmonth_wnd,0.0527859836825463,0.34075560391448617,,
trough,maxmonth_wnd,0.05282562771340504,0.2601262358237057,,
nation,maxmonth_wnd,0.05285900813413864,0.3123908591112822,,
ridicule,maxmonth_wnd,0.05306885498886793,0.24604673343936528,,
penalty,maxmonth_wnd,0.05318588591672276,0.28063316821243256,,
joy,maxmonth_wnd,0.053381503418778425,0.15446439293616113,,
fun,maxmonth_wnd,0.053453166491769136,NA,Model convergence problem; non-positive-definite Hessian matrix. See vignette('troubleshooting'),Model convergence problem; non-positive-definite Hessian matrix. See vignette('troubleshooting')
mask,maxmonth_wnd,0.05351502099228886,0.3717319994487564,,
thirst,maxmonth_wnd,0.05356855298473827,0.11118827793161735,,
advantage,maxmonth_wnd,0.053582726817534794,0.22242111287556576,,
appeal,maxmonth_wnd,0.05366991786178256,0.30721458957492465,,
sword,maxmonth_wnd,0.054132869667638986,0.17746306610866547,,
bruise,maxmonth_wnd,0.05414169236293622,0.17197503407664122,,
bump,maxmonth_wnd,0.05418233473881998,0.31397738233246464,,
consideration,maxmonth_wnd,0.05441987330687809,0.20766661370172254,,
cough,maxmonth_wnd,0.054465033327422696,0.054214110047297454,,
rent,maxmonth_wnd,0.05466274374353905,0.1949156113784267,,
strap,maxmonth_wnd,0.05469095031909193,0.24496035528184013,,
limp,maxmonth_wnd,0.05489228630810959,0.12489163248553656,,
carpenter,maxmonth_wnd,0.05491374689174341,0.1425632698158655,,
flock,maxmonth_wnd,0.054958749829998536,0.13236733490133737,,
list,maxmonth_wnd,0.055131572310475184,0.22670585892471068,,
engine,maxmonth_wnd,0.055223387994257155,0.30976462870084404,,
gender,maxmonth_wnd,0.05562549565460555,0.43764919633706617,,
distinction,maxmonth_wnd,0.05567262976445502,0.16669604024130863,,
gathering,maxmonth_wnd,0.05569095841581095,0.07537661001892104,,
peace,maxmonth_wnd,0.055823833633584244,0.09744565151208807,,
table,maxmonth_wnd,0.05587743527143314,0.13066608638111626,,
prisoner,maxmonth_wnd,0.05589634835855979,0.16129358971092211,,
pad,maxmonth_wnd,0.05595521668129779,0.24621481769958348,,
victory,maxmonth_wnd,0.05597355836023474,0.2257599653041987,,
loop,maxmonth_wnd,0.05601050298765695,0.2380796570267867,,
knuckle,maxmonth_wnd,0.05638934198447215,0.2859144917487135,,
research,maxmonth_wnd,0.0566885035569632,0.28453982585783216,,
shield,maxmonth_wnd,0.05703358265985093,0.1616048874030543,,
cost,maxmonth_wnd,0.05703481449151494,0.20006833259163728,,
plaster,maxmonth_wnd,0.05716705061819448,0.18073072960733017,,
bull,maxmonth_wnd,0.05717340948801113,0.17053257183008674,,
reproach,maxmonth_wnd,0.05729482906198702,0.3393692117090003,,
resemblance,maxmonth_wnd,0.057543725852991355,0.2892615120421366,,
band,maxmonth_wnd,0.057676120954821435,0.11920018772064386,,
collection,maxmonth_wnd,0.05777673908032612,0.1758591715811127,,
liquor,maxmonth_wnd,0.05820230426499881,0.31978149882123935,,
origin,maxmonth_wnd,0.05835921235214917,0.12920423479826915,,
liar,maxmonth_wnd,0.058478043685434015,0.10612637203599841,,
mallet,maxmonth_wnd,0.058876342224743215,0.25108264429681726,,
multitude,maxmonth_wnd,0.0588774107014663,0.3226257095901242,,
shore,maxmonth_wnd,0.05902076166034514,0.11925002812962986,,
fling,maxmonth_wnd,0.0592693100312994,0.28958223926536764,,
pencil,maxmonth_wnd,0.05935645829743748,0.17889751132263704,,
characteristic,maxmonth_wnd,0.05935793296443554,NA,Model convergence problem; non-positive-definite Hessian matrix. See vignette('troubleshooting'),
counter,maxmonth_wnd,0.05940649640004198,0.2954937155101964,,
dwelling,maxmonth_wnd,0.05957726158682982,0.20067247622818102,,
court,maxmonth_wnd,0.05962575352398242,0.12809312072879428,,
foam,maxmonth_wnd,0.059639128768405186,NA,,Model convergence problem; non-positive-definite Hessian matrix. See vignette('troubleshooting')
puddle,maxmonth_wnd,0.05979370759267865,0.22308184724118837,,
coral,maxmonth_wnd,0.05996030168234552,0.391588638197502,,
ox,maxmonth_wnd,0.060118771372990834,0.28427441178506285,,
brand,maxmonth_wnd,0.06033715076193247,0.15420485310425275,,
definition,maxmonth_wnd,0.06081669134354124,0.1729856337761613,,
authority,maxmonth_wnd,0.06082148918368761,NA,Model convergence problem; non-positive-definite Hessian matrix. See vignette('troubleshooting'),Model convergence problem; non-positive-definite Hessian matrix. See vignette('troubleshooting')
plane,maxmonth_wnd,0.060882242374942774,0.1261553924969775,,
candle,maxmonth_wnd,0.060975932011191204,0.18109575813340856,,
decline,maxmonth_wnd,0.06100548278616912,0.2122505012793286,,
channel,maxmonth_wnd,0.06108282087833679,0.21194923584180617,,
gossip,maxmonth_wnd,0.06131142179361554,0.13850776357550607,,
pebble,maxmonth_wnd,0.06136225752503573,0.11309791533456821,,
heel,maxmonth_wnd,0.06170477600771244,0.022444681885302162,,
desert,maxmonth_wnd,0.06195476940808909,0.10270524576404354,,
illustration,maxmonth_wnd,0.06221684202268581,NA,Model convergence problem; non-positive-definite Hessian matrix. See vignette('troubleshooting'),Model convergence problem; non-positive-definite Hessian matrix. See vignette('troubleshooting')
weed,maxmonth_wnd,0.06226256501482477,0.09372456395262993,,
hunt,maxmonth_wnd,0.06254172397781917,0.10338150313953087,,
slaughter,maxmonth_wnd,0.06266321201578466,0.13992984888183496,,
street,maxmonth_wnd,0.06274091664106368,0.24619894491556538,,
one,maxmonth_wnd,0.06276753871714687,0.1708417950350936,,
gland,maxmonth_wnd,0.06294966168276112,0.18581286897223062,,
plague,maxmonth_wnd,0.06341050124788081,0.18414761894895723,,
fishing,maxmonth_wnd,0.0635457241041381,0.21234786322616814,,
hop,maxmonth_wnd,0.06354828875014036,0.13181610146761547,,
deed,maxmonth_wnd,0.0635972539961359,0.1567891097875113,,
complaint,maxmonth_wnd,0.06360751437146503,0.12511021587050739,,
extremity,maxmonth_wnd,0.06368315257623286,0.2500075493602162,,
wrinkle,maxmonth_wnd,0.06393619839831521,0.08126849940107837,,
ditch,maxmonth_wnd,0.06399519328527971,0.07896006915635707,,
bill,maxmonth_wnd,0.06400150544849414,0.19971210559939837,,
report,maxmonth_wnd,0.06421081783387866,0.06913280032135358,,
bond,maxmonth_wnd,0.06424208457153435,0.2033143438150058,,
week,maxmonth_wnd,0.06444582102120859,0.10134199760167621,,
pouch,maxmonth_wnd,0.06458279533922093,0.17174611366560297,,
wrath,maxmonth_wnd,0.06477255288438095,0.20799083551369474,,
bait,maxmonth_wnd,0.0648850465992727,0.12779091204652618,,
handkerchief,maxmonth_wnd,0.0649657276289746,0.13366171176379169,,
button,maxmonth_wnd,0.06572450708182231,0.09434380528872582,,
dash,maxmonth_wnd,0.06572890126775566,0.21622752686788363,,
aid,maxmonth_wnd,0.06576481118621169,NA,Model convergence problem; non-positive-definite Hessian matrix. See vignette('troubleshooting'),Model convergence problem; non-positive-definite Hessian matrix. See vignette('troubleshooting')
beggar,maxmonth_wnd,0.06577474783606146,0.11224004417656319,,
burden,maxmonth_wnd,0.06597988650678706,0.11380505384361211,,
slide,maxmonth_wnd,0.06610139588911072,0.11553475446223832,,
verse,maxmonth_wnd,0.06618351518928675,0.22222897102237602,,
challenge,maxmonth_wnd,0.06633797645476558,0.15771180283790975,,
box,maxmonth_wnd,0.06662873162474567,0.021770818478511433,,
drain,maxmonth_wnd,0.06663115637008721,0.08209933063883325,,
lure,maxmonth_wnd,0.06680588715229593,0.25633912714135787,,
land,maxmonth_wnd,0.0670330294775034,0.013063882451007827,,
retreat,maxmonth_wnd,0.06705660813008515,0.14185706844317136,,
holiday,maxmonth_wnd,0.06712475362530412,0.26283353698782996,,
nun,maxmonth_wnd,0.0673404275872847,0.2856548791531805,,
keeper,maxmonth_wnd,0.06783372373888623,0.18869148341762207,,
variant,maxmonth_wnd,0.06791887903160519,0.591144590916928,,
stagger,maxmonth_wnd,0.06794484866113416,0.09193025422629131,,
importance,maxmonth_wnd,0.06810497374031575,0.06788024416013569,,
queen,maxmonth_wnd,0.06812129320017794,0.059442107979752225,,
counsel,maxmonth_wnd,0.06817548385563281,0.19722018577562928,,
bread,maxmonth_wnd,0.0685051000850259,0.04777442182757293,,
wave,maxmonth_wnd,0.06857851519820181,0.018033266072087616,,
grape,maxmonth_wnd,0.0686603148591932,0.15884197948087875,,
breeze,maxmonth_wnd,0.06890839758280089,0.06939504572639772,,
stuff,maxmonth_wnd,0.06891712797552102,0.0950584782907477,,
dish,maxmonth_wnd,0.06900759592445765,0.025092251721511926,,
hero,maxmonth_wnd,0.06902487182943523,0.15637606167643867,,
company,maxmonth_wnd,0.06916942478146461,0.07384504070791686,,
shop,maxmonth_wnd,0.06937249527905359,0.17855840217161892,,
ale,maxmonth_wnd,0.06946417297020221,0.4554967625565274,,
endeavor,maxmonth_wnd,0.06959692863006309,0.1606655404421877,,
marrow,maxmonth_wnd,0.06986314613451945,0.07383793978290368,,
crown,maxmonth_wnd,0.07026886319083625,0.024200193114182315,,
kiss,maxmonth_wnd,0.0703224153209686,0.03434439851639524,,
greeting,maxmonth_wnd,0.07041878966532288,0.10597271938523221,,
quail,maxmonth_wnd,0.07071417908765322,0.15081271296823726,,
quarter,maxmonth_wnd,0.07093304331453289,0.033186803503995596,,
cricket,maxmonth_wnd,0.07107009005003614,0.11681577617700342,,
football,maxmonth_wnd,0.07114259619587375,0.4271216016706394,,
frown,maxmonth_wnd,0.07115863440329928,0.1339219912209884,,
flap,maxmonth_wnd,0.07117005797428086,0.07663065983567183,,
whirl,maxmonth_wnd,0.07118911239696607,0.13149018307874932,,
task,maxmonth_wnd,0.07147004759345575,0.05169067874372383,,
sparrow,maxmonth_wnd,0.07159734428258674,0.1293784294910397,,
ton,maxmonth_wnd,0.07167772555773841,0.3161836936994173,,
spill,maxmonth_wnd,0.07172560238824213,0.0735265090179289,,
sake,maxmonth_wnd,0.07178210270247515,0.11813611770086536,,
tone,maxmonth_wnd,0.07187192795619303,0.32129906859515955,,
trim,maxmonth_wnd,0.0720185569927483,0.0882636972821005,,
whisker,maxmonth_wnd,0.07206076380552531,0.11850930014192373,,
valley,maxmonth_wnd,0.0722699609943883,0.07625480007038968,,
paint,maxmonth_wnd,0.07233796676162405,0.03248728788955959,,
journey,maxmonth_wnd,0.07234803490455104,0.04287925465506154,,
duck,maxmonth_wnd,0.07240583790991097,0.019844179709662364,,
exception,maxmonth_wnd,0.07244158345388878,0.06585295516687924,,
shovel,maxmonth_wnd,0.07244434951945934,0.09996828951558762,,
scholar,maxmonth_wnd,0.07246200614619241,0.14200509579672166,,
meeting,maxmonth_wnd,0.0726412529849519,0.03547185825493659,,
attempt,maxmonth_wnd,0.07264760346578937,0.018981173732520767,,
bean,maxmonth_wnd,0.07270785662804521,0.10250704854724231,,
glitter,maxmonth_wnd,0.07312365790831234,0.17830581680874155,,
book,maxmonth_wnd,0.07317336301594159,0.025448876358131152,,
collar,maxmonth_wnd,0.07374492282193992,0.08605375968878991,,
tick,maxmonth_wnd,0.07374904789926144,0.10439431922863211,,
peep,maxmonth_wnd,0.07386908514863381,0.1263438206987785,,
clip,maxmonth_wnd,0.07390231621349728,0.161528610229286,,
scalp,maxmonth_wnd,0.07392821311198668,0.2017043803337086,,
satisfaction,maxmonth_wnd,0.0739317991331187,0.09463322327173515,,
lock,maxmonth_wnd,0.07424357749395086,0.005465783516914094,,
brain,maxmonth_wnd,0.07424635287520258,0.01408180537700701,,
coward,maxmonth_wnd,0.07470421861547102,0.0936003474317945,,
tale,maxmonth_wnd,0.07491072326099514,0.10704823912372867,,
butt,maxmonth_wnd,0.07498076025486754,0.03281505196239739,,
summit,maxmonth_wnd,0.07502042539005255,NA,Model convergence problem; non-positive-definite Hessian matrix. See vignette('troubleshooting'),
west,maxmonth_wnd,0.07502766304565207,0.03094115991521479,,
kettle,maxmonth_wnd,0.075155061402667,0.09975791448851361,,
cone,maxmonth_wnd,0.07524114466986598,NA,,Model convergence problem; non-positive-definite Hessian matrix. See vignette('troubleshooting')
sequence,maxmonth_wnd,0.07526187257560575,0.16862088310592963,,
bucket,maxmonth_wnd,0.07530362390723891,0.05673364109494529,,
heir,maxmonth_wnd,0.07560163961863747,0.07952603236097584,,
tendon,maxmonth_wnd,0.07587320605913893,0.10362284026426889,,
wheat,maxmonth_wnd,0.07603111014940593,0.1319436796708298,,
staff,maxmonth_wnd,0.076314347675327035,0.0727184628615323,,
survey,maxmonth_wnd,0.07638850163169875,0.1266109063099968,,
cork,maxmonth_wnd,0.07644873043652511,0.11397820765894673,,
crime,maxmonth_wnd,0.07665819521445569,0.11111540586391613,,
scrap,maxmonth_wnd,0.07698172754661872,0.14046011602786782,,
spell,maxmonth_wnd,0.07700312846861432,0.07575892474427588,,
gas,maxmonth_wnd,0.07758138119858553,NA,Model convergence problem; non-positive-definite Hessian matrix. See vignette('troubleshooting'),
account,maxmonth_wnd,0.07761407113463006,0.060582408597356065,,
liver,maxmonth_wnd,0.07766350480348747,0.010941668920382487,,
file,maxmonth_wnd,0.0776751589119586,0.03437300037199279,,
train,maxmonth_wnd,0.07772748621249294,0.09753870305267895,,
dart,maxmonth_wnd,0.07809676574221426,0.16866902925758995,,
hatchet,maxmonth_wnd,0.07830929351470704,0.09398047472965633,,
beard,maxmonth_wnd,0.07846430396335793,0.0023596374264333885,,
echo,maxmonth_wnd,0.07847978789133614,0.062074894812120404,,
rib,maxmonth_wnd,0.07915532654795002,0.0052963833746915365,,
war,maxmonth_wnd,0.07961971637663741,0.017495613687875756,,
likeness,maxmonth_wnd,0.07966697986704631,0.11240491969644288,,
cousin,maxmonth_wnd,0.07967851417012305,0.05547765752595592,,
socket,maxmonth_wnd,0.07970491353820211,0.10428999099256953,,
scorn,maxmonth_wnd,0.07973548033288742,0.09012541221554428,,
wail,maxmonth_wnd,0.08004058311106645,0.09143130001205392,,
fuel,maxmonth_wnd,0.08006511529025982,0.08645417894542536,,
tilt,maxmonth_wnd,0.08020240978022447,0.13981103700536496,,
stroll,maxmonth_wnd,0.08058227237699979,0.16115653569284086,,
drought,maxmonth_wnd,0.08065961204179373,0.08475596195801591,,
dragon,maxmonth_wnd,0.08067821758972689,0.1903325172397543,,
district,maxmonth_wnd,0.08070592092815056,0.13376118571955942,,
example,maxmonth_wnd,0.08072992002682057,0.2738736140404771,,
gale,maxmonth_wnd,0.08091697311366704,0.21323932995259956,,
disaster,maxmonth_wnd,0.0809617516967062,0.09974367916762207,,
abundance,maxmonth_wnd,0.08101554556168457,0.07054693830430141,,
flag,maxmonth_wnd,0.0812097171777553,0.04326858306236293,,
uniform,maxmonth_wnd,0.0814283101219383,0.10927851459859557,,
clot,maxmonth_wnd,0.08150344749905211,0.11845437181807712,,
vocabulary,maxmonth_wnd,0.08184284751808081,NA,Model convergence problem; non-positive-definite Hessian matrix. See vignette('troubleshooting'),Model convergence problem; non-positive-definite Hessian matrix. See vignette('troubleshooting')
creep,maxmonth_wnd,0.0819122267193501,0.05065021181777565,,
beverage,maxmonth_wnd,0.08197090084965097,0.13591168413977725,,
nape,maxmonth_wnd,0.08204702142215392,0.0818734280954649,,
drill,maxmonth_wnd,0.08222506869750623,0.0548090386820512,,
testimony,maxmonth_wnd,0.08227555685105939,0.04417754691487771,,
youth,maxmonth_wnd,0.08234017939659923,0.011949186858786468,,
reign,maxmonth_wnd,0.08234107034484446,0.07446715886744379,,
spade,maxmonth_wnd,0.08261140387168193,0.0589917481822399,,
harp,maxmonth_wnd,0.08272585823522037,0.13789007520863727,,
printing,maxmonth_wnd,0.08281125787766631,0.13940337194072394,,
notch,maxmonth_wnd,0.08316822146441949,0.1702790391293686,,
rush,maxmonth_wnd,0.08318467397141427,0.03426300676253833,,
haste,maxmonth_wnd,0.08326658990416011,0.081027090601944185,,
chalk,maxmonth_wnd,0.08343330966086053,0.09077199202947472,,
contraction,maxmonth_wnd,0.08351177586414076,0.13614379100787896,,
context,maxmonth_wnd,0.08366383588919435,0.1561815140960841,,
whistle,maxmonth_wnd,0.0837467964988939,0.012399036500213,,
ease,maxmonth_wnd,0.0839469455111528,0.02423966570552161,,
program,maxmonth_wnd,0.08427250228906104,0.23576303392541054,,
farmer,maxmonth_wnd,0.08430422869757283,0.12935302181078517,,
foreigner,maxmonth_wnd,0.08456515513618185,NA,Model convergence problem; non-positive-definite Hessian matrix. See vignette('troubleshooting'),
professor,maxmonth_wnd,0.08462106783865057,0.1368728353532757,,
gall,maxmonth_wnd,0.08492960912923611,0.04883905560074471,,
mate,maxmonth_wnd,0.08501904351189667,0.08090696972247172,,
choice,maxmonth_wnd,0.08508283102378766,0.018945260825330053,,
yard,maxmonth_wnd,0.0857825341453086,0.029113386719073656,,
guinea,maxmonth_wnd,0.085810850490859375,0.2842766702131702,,
monster,maxmonth_wnd,0.08583394790574345,0.11319066007352803,,
stoop,maxmonth_wnd,0.08679102963796956,0.054489973774645484,,
grunt,maxmonth_wnd,0.08691268264310423,0.09842012987145697,,
gratitude,maxmonth_wnd,0.08693054356689824,NA,Model convergence problem; non-positive-definite Hessian matrix. See vignette('troubleshooting'),
crackle,maxmonth_wnd,0.08700381121157308,0.14997911697573074,,
calf,maxmonth_wnd,0.08765126143971008,0.012808007792354423,,
nurse,maxmonth_wnd,0.08767341555888541,0.008732697707694257,,
wilderness,maxmonth_wnd,0.08767562437379474,0.0829253752174165,,
stew,maxmonth_wnd,0.08778207044717172,0.1495419334717181,,
boat,maxmonth_wnd,0.08823004587687464,0.04294075619836442,,
culture,maxmonth_wnd,0.0882702973205876,0.06898980244693714,,
rock,maxmonth_wnd,0.0883407955712997,0.0077511406820157955,,
swimming,maxmonth_wnd,0.08848753473069712,0.023164430415617537,,
camel,maxmonth_wnd,0.08854759875445291,0.14739629869644225,,
hog,maxmonth_wnd,0.08877257096963038,0.1208120064045146,,
lawyer,maxmonth_wnd,0.0887965771750923,0.09234858460795639,,
eagle,maxmonth_wnd,0.0893676138778903,0.024419220410142207,,
calendar,maxmonth_wnd,0.08941522342858345,0.14478696312506145,,
publication,maxmonth_wnd,0.08942111302799956,0.06819987899907617,,
pop,maxmonth_wnd,0.08954159568708533,0.12201265272727438,,
inch,maxmonth_wnd,0.08972367020724385,0.10136597277383334,,
commission,maxmonth_wnd,0.09008623974557824,0.09856518505845853,,
canoe,maxmonth_wnd,0.09036348138990986,0.28810256716229715,,
reel,maxmonth_wnd,0.09071196082174995,0.10247018807307677,,
rack,maxmonth_wnd,0.09078332913798862,0.1200581428355799,,
cow,maxmonth_wnd,0.09106160374471,0.032084339820366486,,
battle,maxmonth_wnd,0.09109429594758169,0.04106436473947914,,
wind,maxmonth_wnd,0.09117068308835957,1.005001227864904e-5,,
timber,maxmonth_wnd,0.09133383925746683,0.06401656546074072,,
usage,maxmonth_wnd,0.0914906518848728,0.11981051680144869,,
feather,maxmonth_wnd,0.09150592493162436,3.322200103009012e-4,,
loin,maxmonth_wnd,0.09170501074831322,0.16553438386603014,,
board,maxmonth_wnd,0.09175327522810584,0.012838479993926606,,
pin,maxmonth_wnd,0.09197581301813487,0.03023371203652172,,
hug,maxmonth_wnd,0.092203552493091,0.057111567977314266,,
sleeve,maxmonth_wnd,0.09229870573191196,0.05734240085352988,,
officer,maxmonth_wnd,0.0925009978593534,0.06463286315855309,,
camp,maxmonth_wnd,0.09320737179380095,0.04355222788914076,,
grudge,maxmonth_wnd,0.09359187386985622,0.04092391266659759,,
vowel,maxmonth_wnd,0.09378642660282732,0.15864997588222896,,
opinion,maxmonth_wnd,0.09410807255723085,0.016999355436390636,,
sigh,maxmonth_wnd,0.09446729137658447,0.034695125708427185,,
wine,maxmonth_wnd,0.09446828770409983,0.10233815644389813,,
remedy,maxmonth_wnd,0.09448496935686243,0.06426966485531861,,
spray,maxmonth_wnd,0.094709340127933625,0.05312145943004741,,
shoe,maxmonth_wnd,0.09474488652470482,0.0035146880022525716,,
folk,maxmonth_wnd,0.09475382987768716,0.1028915396997622,,
rubbish,maxmonth_wnd,0.09502971333114883,0.022785097013668723,,
kid,maxmonth_wnd,0.0950387683657041,0.1232460908509541,,
trick,maxmonth_wnd,0.09533066115826881,0.02242544284131749,,
quake,maxmonth_wnd,0.09545744578601485,NA,Model convergence problem; non-positive-definite Hessian matrix. See vignette('troubleshooting'),
butter,maxmonth_wnd,0.095842411793134,0.03179787364305479,,
alarm,maxmonth_wnd,0.09612077024761788,0.06967695985283302,,
college,maxmonth_wnd,0.09647032558291,0.11337152581028956,,
speed,maxmonth_wnd,0.0965148846479455,0.014364630522806026,,
leather,maxmonth_wnd,0.09659824314223218,0.007182023585408742,,
crab,maxmonth_wnd,0.09659985826590912,0.04095027156565852,,
maid,maxmonth_wnd,0.09665973231933918,0.06093593599415329,,
tow,maxmonth_wnd,0.096692694504971,0.0985907315544132,,
ride,maxmonth_wnd,0.09669763719320125,0.020558119004130883,,
shower,maxmonth_wnd,0.09691430643163686,0.0116216047398399,,
bitch,maxmonth_wnd,0.09717742742561603,0.03260674821172769,,
coal,maxmonth_wnd,0.09732074599718953,0.004971483173960154,,
writer,maxmonth_wnd,0.09734391213556072,0.05262120707324052,,
grant,maxmonth_wnd,0.09743603966640567,0.022296717210726087,,
truck,maxmonth_wnd,0.09745110338884731,0.17421919615218845,,
baking,maxmonth_wnd,0.0976282685707532,0.07174185580100903,,
entry,maxmonth_wnd,0.09770683182080564,NA,Model convergence problem; non-positive-definite Hessian matrix. See vignette('troubleshooting'),
spark,maxmonth_wnd,0.09798853965672429,NA,,Model convergence problem; non-positive-definite Hessian matrix. See vignette('troubleshooting')
lady,maxmonth_wnd,0.09803287635724273,0.042430232276068826,,
century,maxmonth_wnd,0.09872379452599285,0.08842520604468378,,
gate,maxmonth_wnd,0.09887894797914486,0.029565018860961204,,
pie,maxmonth_wnd,0.0989699301051726,0.16353049859771623,,
bid,maxmonth_wnd,0.09899989063571503,0.07931485461908654,,
daylight,maxmonth_wnd,0.09922935914647221,0.03424505652887476,,
pill,maxmonth_wnd,0.09934628105990431,0.03835829040724896,,
foliage,maxmonth_wnd,0.09945511410273708,0.07534714722986889,,
farewell,maxmonth_wnd,0.09983138902215544,0.036128944446310214,,
una,maxmonth_wnd,0.09993832981816662,0.21508234865331752,,
suspicion,maxmonth_wnd,0.10004744371050797,0.04276842000204153,,
volume,maxmonth_wnd,0.10029213048419668,0.017458657397649114,,
trash,maxmonth_wnd,0.10035027327539275,0.14558066726592936,,
cattle,maxmonth_wnd,0.10043295206494283,0.03755279518111374,,
herd,maxmonth_wnd,0.10058603023218889,0.01573268359996646,,
rail,maxmonth_wnd,0.10061434032556078,0.04236681569736735,,
policeman,maxmonth_wnd,0.10072729208398436,0.07712457112561508,,
thanks,maxmonth_wnd,0.10076550533906921,0.012864012338771194,,
ocean,maxmonth_wnd,0.10092681848070613,0.04137333172510455,,
gravel,maxmonth_wnd,0.10100185143030503,0.00402795585625997,,
prohibition,maxmonth_wnd,0.1010591158302975,0.054519300799548406,,
office,maxmonth_wnd,0.10150410562215696,0.041503087944005215,,
ape,maxmonth_wnd,0.10163876620427657,0.12786005033268108,,
mole,maxmonth_wnd,0.10210484493529245,0.02494733626232039,,
marble,maxmonth_wnd,0.10233983945199938,0.08863932853045602,,
nickname,maxmonth_wnd,0.10253134837481657,NA,Model convergence problem; non-positive-definite Hessian matrix. See vignette('troubleshooting'),
lodge,maxmonth_wnd,0.10259462975220256,0.06403177520385012,,
pasture,maxmonth_wnd,0.10309555196235255,0.053076286357033806,,
tune,maxmonth_wnd,0.10317368409756025,0.022549222121607038,,
card,maxmonth_wnd,0.10406878077163317,0.06669906318742169,,
author,maxmonth_wnd,0.10462089145400746,0.018446754607308023,,
vote,maxmonth_wnd,0.10501863925432112,0.14971814021501206,,
stitch,maxmonth_wnd,0.10511505541986939,0.024539759741547346,,
remark,maxmonth_wnd,0.10658736546198229,0.04604395873923805,,
chill,maxmonth_wnd,0.10707782304079332,NA,Model convergence problem; non-positive-definite Hessian matrix. See vignette('troubleshooting'),
jug,maxmonth_wnd,0.10727719819407595,0.0353690696856972,,
seam,maxmonth_wnd,0.10802911827868196,0.010823070619208055,,
oyster,maxmonth_wnd,0.1081820327243616,0.12685142102582675,,
drawer,maxmonth_wnd,0.10852948134329686,0.05106795433969691,,
clam,maxmonth_wnd,0.10928358259559354,0.1936269421576096,,
lighting,maxmonth_wnd,0.10953992034892449,0.03087663047836095,,
manuscript,maxmonth_wnd,0.109548647196976,0.05773628313583379,,
debate,maxmonth_wnd,0.1100498666540974,0.03817467496079558,,
bargain,maxmonth_wnd,0.11024514535281818,0.036945994569914556,,
fund,maxmonth_wnd,0.11039666735368707,0.0902703642503624,,
remnant,maxmonth_wnd,0.11041732760655829,0.023472818896607427,,
screw,maxmonth_wnd,0.11063831831083307,0.023055601942449187,,
bos,maxmonth_wnd,0.11080735118194936,0.057996782917076925,,
turkey,maxmonth_wnd,0.11089845503404643,0.04607537848077775,,
trench,maxmonth_wnd,0.11103359625827562,0.011514626734782756,,
gut,maxmonth_wnd,0.11191494733745322,0.021498715084048447,,
farm,maxmonth_wnd,0.11192604408817759,0.12156071307479735,,
marsh,maxmonth_wnd,0.11249266576478337,0.027249797094238453,,
hymn,maxmonth_wnd,0.1126873433482337,0.0374047381092315,,
lantern,maxmonth_wnd,0.11354274480472819,0.022338984042247934,,
stab,maxmonth_wnd,0.11355874652154796,0.004848633161031675,,
china,maxmonth_wnd,0.11356569211355455,0.0848615345246406,,
parting,maxmonth_wnd,0.11380029555724085,0.012162182025408067,,
club,maxmonth_wnd,0.11442193829007231,0.0013316526002681744,,
text,maxmonth_wnd,0.11464485344825236,0.09508547082497486,,
doctor,maxmonth_wnd,0.11485144170923597,0.005446338496982633,,
rape,maxmonth_wnd,0.11510123580379628,0.01868628742317066,,
jacket,maxmonth_wnd,0.11746190295581871,0.026711304294735123,,
birthday,maxmonth_wnd,0.11746217185639288,0.021091653653344058,,
temper,maxmonth_wnd,0.11748261160175498,0.004879207790648096,,
fog,maxmonth_wnd,0.1191193107717658,8.316088153065677e-4,,
east,maxmonth_wnd,0.11928026751911253,5.644811691703268e-4,,
hare,maxmonth_wnd,0.11953205673890119,0.046700687517339905,,
breakfast,maxmonth_wnd,0.11988442940326721,0.014088640987115158,,
coat,maxmonth_wnd,0.120425978962653,0.0028583156394321432,,
pine,maxmonth_wnd,0.12076540458195617,0.017258409903617943,,
yarn,maxmonth_wnd,0.12078630946257275,0.035591634378011626,,
rudder,maxmonth_wnd,0.12162680412344096,0.01273706163743288,,
knob,maxmonth_wnd,0.1216890624453202,0.01584721420009684,,
toe,maxmonth_wnd,0.12181651218735584,1.3831032614498455e-4,,
record,maxmonth_wnd,0.12193497911003223,0.012385015125156463,,
purse,maxmonth_wnd,0.12204064492809648,0.002806414345627957,,
bracket,maxmonth_wnd,0.12224985481744079,0.018393328853477695,,
dent,maxmonth_wnd,0.12232496359116506,0.023470850517215588,,
fork,maxmonth_wnd,0.12247089297600397,6.974963800307358e-4,,
reference,maxmonth_wnd,0.12257204064945088,0.008243938009116719,,
host,maxmonth_wnd,0.12321932215278485,0.004942873997029224,,
fox,maxmonth_wnd,0.12325729214394435,0.009524447910011499,,
horizon,maxmonth_wnd,0.12359990229063847,NA,,Model convergence problem; non-positive-definite Hessian matrix. See vignette('troubleshooting')
tape,maxmonth_wnd,0.12369384260396699,0.007794089131570967,,
strainer,maxmonth_wnd,0.12373776838590668,0.012247713460270168,,
barn,maxmonth_wnd,0.12404593553911566,0.048763029441608575,,
cent,maxmonth_wnd,0.12415516773171631,0.05029260055609164,,
craft,maxmonth_wnd,0.1242816135515002,0.00908378762603416,,
translation,maxmonth_wnd,0.12478167733293857,NA,Model convergence problem; non-positive-definite Hessian matrix. See vignette('troubleshooting'),
devil,maxmonth_wnd,0.12488105624781225,0.006126380365744916,,
university,maxmonth_wnd,0.1255621143334844,0.01988116739045776,,
print,maxmonth_wnd,0.12666707843517658,0.004324682320938339,,
eel,maxmonth_wnd,0.12725106551014734,0.01626341475172422,,
runner,maxmonth_wnd,0.12738328621241726,0.01607780052335393,,
pail,maxmonth_wnd,0.1275356003458251,0.005658344609603539,,
tower,maxmonth_wnd,0.12771029440527762,0.008979139752763191,,
ribbon,maxmonth_wnd,0.12784590906954163,0.01408180882867492,,
mail,maxmonth_wnd,0.13077018502724744,0.010138710832113368,,
inn,maxmonth_wnd,0.13149911098214398,0.04739327207837578,,
cart,maxmonth_wnd,0.13202003406845314,0.008887276623057442,,
twilight,maxmonth_wnd,0.1323588896192927,7.316069645624701e-4,,
pace,maxmonth_wnd,0.1327230190346077,0.0026072593659904773,,
march,maxmonth_wnd,0.13276890192586296,1.0641745206929051e-4,,
artery,maxmonth_wnd,0.13352911266662842,NA,,Model convergence problem; non-positive-definite Hessian matrix. See vignette('troubleshooting')
mood,maxmonth_wnd,0.1343611489819576,0.014982322039362329,,
clock,maxmonth_wnd,0.13509281983654364,0.003693730567839403,,
apple,maxmonth_wnd,0.13541689724330921,7.681225671675546e-5,,
interpreter,maxmonth_wnd,0.13620294021286686,0.0019137795062490327,,
sheep,maxmonth_wnd,0.1367731491326697,5.272652609402221e-4,,
library,maxmonth_wnd,0.13687915271295834,NA,Model convergence problem; non-positive-definite Hessian matrix. See vignette('troubleshooting'),
bog,maxmonth_wnd,0.13713679358879888,0.04189431840412208,,
tangle,maxmonth_wnd,0.13717975266006321,0.01650229493401392,,
nuisance,maxmonth_wnd,0.137880687684807,0.014249068741926163,,
fur,maxmonth_wnd,0.1380097034348527,9.923363663172503e-4,,
husk,maxmonth_wnd,0.1380167023948725,0.04134555303643818,,
idiot,maxmonth_wnd,0.1387026405420699,0.014861770892876517,,
brace,maxmonth_wnd,0.1387082790896357,0.006433838906493894,,
yolk,maxmonth_wnd,0.1387707107940222,0.003277576877666719,,
horse,maxmonth_wnd,0.1394821040929559,0.0011005813125096525,,
plum,maxmonth_wnd,0.13985447175781968,0.027840530943483228,,
crane,maxmonth_wnd,0.13986071968245625,0.001392654084911197,,
oven,maxmonth_wnd,0.14005518704912523,0.017896991719773072,,
circumcision,maxmonth_wnd,0.1403012009819922,0.06949690630713247,,
accent,maxmonth_wnd,0.14061190251191447,0.01877705212374278,,
car,maxmonth_wnd,0.14108965131064075,0.00887813213824667,,
punch,maxmonth_wnd,0.14125426314324457,0.006605346130410626,,
syllable,maxmonth_wnd,0.14129137335080108,0.009263047237757772,,
brow,maxmonth_wnd,0.14134131075663164,0.0037687343771326764,,
rug,maxmonth_wnd,0.14154556952891284,0.023997303386967574,,
chief,maxmonth_wnd,0.14155011794453287,0.10601544034185736,,
jail,maxmonth_wnd,0.14206248178611078,NA,,Model convergence problem; non-positive-definite Hessian matrix. See vignette('troubleshooting')
captain,maxmonth_wnd,0.1422326201146168,0.002210396589528952,,
pea,maxmonth_wnd,0.14274252533945897,0.007712948325409874,,
sock,maxmonth_wnd,0.14306289765850894,0.009474921143349805,,
weather,maxmonth_wnd,0.14405960347613922,8.603108332040253e-5,,
tea,maxmonth_wnd,0.14500641164915393,0.002833537394790945,,
skim,maxmonth_wnd,0.14626608485360765,0.0034648859886320152,,
wolf,maxmonth_wnd,0.14750706319905965,0.001802937328831201,,
testament,maxmonth_wnd,0.1477586227553799,0.03092397253785913,,
minister,maxmonth_wnd,0.14812302493861657,0.011017364096219744,,
grease,maxmonth_wnd,0.14902259481491875,2.647905521979698e-4,,
ore,maxmonth_wnd,0.14925085288020418,NA,Model convergence problem; non-positive-definite Hessian matrix. See vignette('troubleshooting'),
van,maxmonth_wnd,0.14944197323154357,0.06913897167607938,,
beast,maxmonth_wnd,0.15025644775116936,0.003591956092163432,,
berry,maxmonth_wnd,0.1522155539325213,0.0029725301295236506,,
lad,maxmonth_wnd,0.1522195471697933,0.007150102212377935,,
hack,maxmonth_wnd,0.1523024108510074,0.003186351821200275,,
anchor,maxmonth_wnd,0.15248663867233195,0.0055881354019672695,,
reader,maxmonth_wnd,0.1531951921788697,0.0012616019126366644,,
cliff,maxmonth_wnd,0.1532506721214206,0.005486767968921047,,
mile,maxmonth_wnd,0.15341739565620438,0.0024022289769505944,,
smack,maxmonth_wnd,0.155253859765396,0.009436970044175283,,
clerk,maxmonth_wnd,0.15535853912202643,0.0020192716234064467,,
sport,maxmonth_wnd,0.15591332412269146,0.0034760444194104206,,
frost,maxmonth_wnd,0.15728656390936158,0.0064556437220316485,,
island,maxmonth_wnd,0.15746480874881255,0.003818014848996455,,
warrior,maxmonth_wnd,0.15807034360706682,NA,,Model convergence problem; non-positive-definite Hessian matrix. See vignette('troubleshooting')
haul,maxmonth_wnd,0.15807216646913394,0.004758817511820572,,
north,maxmonth_wnd,0.1587865980968375,1.7322447554173895e-5,,
goose,maxmonth_wnd,0.15905011960595852,7.582264141154347e-5,,
baptism,maxmonth_wnd,0.1593357042511094,0.008534417122164902,,
legend,maxmonth_wnd,0.15947658817604024,NA,,Model convergence problem; non-positive-definite Hessian matrix. See vignette('troubleshooting')
hinge,maxmonth_wnd,0.15984301331155792,0.001089506740537103,,
south,maxmonth_wnd,0.16016780788869342,2.7700868771030246e-5,,
prize,maxmonth_wnd,0.161313902838189,0.0012760929722344138,,
barrel,maxmonth_wnd,0.1621188143746803,1.70735622471136e-4,,
mess,maxmonth_wnd,0.16353565995652705,0.004517910063621402,,
draft,maxmonth_wnd,0.1643587990447203,5.005673362415365e-4,,
howl,maxmonth_wnd,0.16438976261511457,5.871667197092145e-5,,
stocking,maxmonth_wnd,0.16460401918072276,0.0017557269785212631,,
sucker,maxmonth_wnd,0.165313395504042,0.00724123419268343,,
rabbit,maxmonth_wnd,0.16655572107844355,0.0018722639196899712,,
grammar,maxmonth_wnd,0.16663953870209153,NA,Model convergence problem; non-positive-definite Hessian matrix. See vignette('troubleshooting'),
errand,maxmonth_wnd,0.16680694279586078,0.0036967435021681267,,
moss,maxmonth_wnd,0.16682765392463497,7.649802177222805e-4,,
mist,maxmonth_wnd,0.16747651951895723,5.740501753430258e-6,,
newspaper,maxmonth_wnd,0.167621920713307,0.025023558863303555,,
mast,maxmonth_wnd,0.16799064780619,0.0024173648755204443,,
team,maxmonth_wnd,0.1682725754815571,0.0037763055580121558,,
gentleman,maxmonth_wnd,0.16895846749348875,0.0035244975537967794,,
drift,maxmonth_wnd,0.16949014614585306,7.772845516558776e-4,,
switch,maxmonth_wnd,0.17017032255296005,0.0018017662594112724,,
beer,maxmonth_wnd,0.17080683042379446,0.013086350585364292,,
beach,maxmonth_wnd,0.17104861113305225,0.006629999977405696,,
wool,maxmonth_wnd,0.17124513992279541,1.0027816076500513e-4,,
cargo,maxmonth_wnd,0.17196730245891345,0.0019051192943602127,,
eve,maxmonth_wnd,0.17310741741995603,0.0054644721695756545,,
council,maxmonth_wnd,0.1732224636781149,NA,Model convergence problem; non-positive-definite Hessian matrix. See vignette('troubleshooting'),
ship,maxmonth_wnd,0.1741257090448783,0.0013289552291997787,,
version,maxmonth_wnd,0.17441446189252288,0.0026930110038939385,,
spelling,maxmonth_wnd,0.17538247849913047,0.0036399917251607313,,
stove,maxmonth_wnd,0.17590768717219674,0.002794054464082783,,
porridge,maxmonth_wnd,0.17675616544728157,0.012852511685813493,,
mare,maxmonth_wnd,0.17772175750685174,0.007942722919026217,,
hall,maxmonth_wnd,0.1777430956354962,0.0015606961924687504,,
lace,maxmonth_wnd,0.17785072494687298,9.681912692515107e-4,,
brook,maxmonth_wnd,0.17822844875821148,0.0019186080259436568,,
bay,maxmonth_wnd,0.18017968783216295,0.0025152900546889447,,
boot,maxmonth_wnd,0.1806106655779673,5.750803895987404e-4,,
lunch,maxmonth_wnd,0.18197721744699677,0.008980481261986188,,
crumb,maxmonth_wnd,0.18218351317722278,1.0609245851454901e-4,,
shark,maxmonth_wnd,0.1825810677956974,0.01116949309423268,,
dialect,maxmonth_wnd,0.18268695976891397,0.0035735234981695272,,
edition,maxmonth_wnd,0.18451812069124873,0.0012531174196123167,,
cream,maxmonth_wnd,0.1851483216391384,1.6013332400287788e-4,,
summer,maxmonth_wnd,0.18584511314262647,8.6811405706919e-5,,
pork,maxmonth_wnd,0.18585500727442103,0.005122950710009801,,
tub,maxmonth_wnd,0.18632310628131785,8.091290951144726e-4,,
cupboard,maxmonth_wnd,0.18678098419016756,6.635835018308629e-4,,
hay,maxmonth_wnd,0.1895111543259664,0.0022839055226783356,,
supper,maxmonth_wnd,0.1913278128636116,5.917214744725972e-4,,
biscuit,maxmonth_wnd,0.19321978627358136,7.923812813899675e-4,,
pronunciation,maxmonth_wnd,0.19481550936261186,NA,Model convergence problem; non-positive-definite Hessian matrix. See vignette('troubleshooting'),
cape,maxmonth_wnd,0.19911285579928,9.298314117955205e-4,,
score,maxmonth_wnd,0.20096260871124438,7.17069068512309e-4,,
troop,maxmonth_wnd,0.20338131977109564,0.0025166121380051773,,
plantation,maxmonth_wnd,0.20503996563899288,0.002834224762645928,,
missionary,maxmonth_wnd,0.2061759445667932,8.037150831849889e-4,,
loaf,maxmonth_wnd,0.20652604255051513,2.0397876948295703e-5,,
bible,maxmonth_wnd,0.2073919777145225,7.257469922665121e-4,,
snow,maxmonth_wnd,0.20773976412008346,8.584334896831842e-5,,
ice,maxmonth_wnd,0.20933705183544815,1.0428169756872254e-6,,
apron,maxmonth_wnd,0.20941687607140713,7.147163424531011e-4,,
telephone,maxmonth_wnd,0.2097059160460782,0.010022945504597213,,
brood,maxmonth_wnd,0.20984553409812798,3.622416345684114e-5,,
autumn,maxmonth_wnd,0.21292069957906848,2.3275748596757921e-4,,
manure,maxmonth_wnd,0.21334471927605173,8.425091446041824e-6,,
deck,maxmonth_wnd,0.21372961682723077,3.0399712008430163e-4,,
winter,maxmonth_wnd,0.2156399730959194,6.810625723994692e-6,,
buck,maxmonth_wnd,0.21772436751108426,6.80935863789556e-5,,
port,maxmonth_wnd,0.22026890378502134,8.844035702881929e-4,,
beef,maxmonth_wnd,0.2206362349720705,8.25694556859687e-6,,
dinner,maxmonth_wnd,0.22106432965235076,1.0200908824893415e-4,,
harbor,maxmonth_wnd,0.22121907575219246,9.089358125566858e-5,,
coast,maxmonth_wnd,0.2232719346591046,7.148287352449939e-5,,
stress,maxmonth_wnd,0.22358105315681043,7.229750595615207e-4,,
tide,maxmonth_wnd,0.22358158669183317,8.756523261019388e-4,,
chimney,maxmonth_wnd,0.22403833852491764,3.635779913135061e-5,,
cheese,maxmonth_wnd,0.228544901714544,1.2047384347386661e-4,,
dollar,maxmonth_wnd,0.2302613154306638,0.010769340857014847,,
lard,maxmonth_wnd,0.23049670980484893,6.379380131001798e-5,,
sea,maxmonth_wnd,0.2305531601104,1.723881121726262e-6,,
church,maxmonth_wnd,0.23529200908818781,5.42254674458669e-6,,
jack,maxmonth_wnd,0.2370914696094459,2.9547761595864143e-5,,
lamb,maxmonth_wnd,0.23714093228493024,4.002013111281941e-6,,
cloak,maxmonth_wnd,0.2437681466338397,5.912441858138191e-5,,
pear,maxmonth_wnd,0.25042204203963464,4.666981093114605e-5,,
oak,maxmonth_wnd,0.2524690413326715,2.3715225494156292e-4,,
hedge,maxmonth_wnd,0.256531036350113,9.78450664809508e-6,,
glove,maxmonth_wnd,0.256848217955955,8.370298112537471e-6,,
hoop,maxmonth_wnd,0.26464229209754714,8.402504752936576e-6,,
wagon,maxmonth_wnd,0.2819374014039013,7.099984999047883e-5,,
fore,maxmonth_wnd,0.30742000410544806,1.0741730450517813e-7,,
whale,maxmonth_wnd,0.312279874594917,2.287677224097213e-7,,
creek,maxmonth_wnd,0.34115097327783045,1.538993693339463e-6,,
sibling,population,-1.017718993992532,1.3132568853729064e-14,,
variant,population,-0.9395107553067384,NA,Model convergence problem; non-positive-definite Hessian matrix. See vignette('troubleshooting'),
marker,population,-0.6712541413582824,2.469513431540603e-7,,
canoe,population,-0.595359659324742,4.5005557394725174e-7,,
container,population,-0.5357209581188672,1.145402184735483e-7,,
clan,population,-0.5334736857536355,3.2853541435126537e-6,,
linguistics,population,-0.531034727916688,3.039736845480836e-5,,
yam,population,-0.5307705971777245,2.16707582967009e-6,,
fingernail,population,-0.5278810252474738,3.788551897357221e-9,,
axe,population,-0.5264648669562948,5.912979028520139e-22,,
grandparent,population,-0.5224508034331544,1.8180852225537836e-6,,
village,population,-0.4761698420629541,1.8803173254169736e-10,,
vagina,population,-0.4715640880708481,1.5365216079229232e-10,,
penis,population,-0.4681922783291302,1.1541855960152733e-13,,
spear,population,-0.44388253849339904,5.551394990669515e-14,,
firewood,population,-0.4207912841292943,1.3596925642119208e-10,,
location,population,-0.4174325009290808,1.1202840417258122e-4,,
armpit,population,-0.4137100153293808,2.480746631906303e-13,,
fish,population,-0.4124122419779423,1.634046302246388e-14,,
grandchild,population,-0.4066173239284901,1.4544005007266112e-9,,
fishing,population,-0.4060655477376715,2.4651670642853645e-9,,
sore,population,-0.39638789185722306,4.460597814920346e-5,,
hunting,population,-0.3959401690147456,1.7996830608003755e-12,,
kinship,population,-0.395416667601194,1.8237229116182435e-5,,
bush,population,-0.3953942336065933,6.155024421061481e-12,,
crab,population,-0.3914818979843622,1.5299971810662095e-9,,
vowel,population,-0.3894602206366354,7.782679728776336e-6,,
feces,population,-0.386631966759135,1.9237349220792257e-6,,
rainbow,population,-0.38248884735089267,2.486042353825257e-16,,
berry,population,-0.3748916105594281,1.1705775448461522e-7,,
clam,population,-0.3714130175149578,0.0010098562428675882,,
example,population,-0.36808833176948597,8.487405662327293e-5,,
fern,population,-0.3679874099049804,NA,Model convergence problem; non-positive-definite Hessian matrix. See vignette('troubleshooting'),Model convergence problem; non-positive-definite Hessian matrix. See vignette('troubleshooting')
cliff,population,-0.36620335107747626,5.97192434191138e-6,,
context,population,-0.36292367118496266,3.6819617557426097e-9,,
daytime,population,-0.3617517475211847,3.40092631537536e-6,,
fox,population,-0.3591447139383191,7.926942113668981e-9,,
fart,population,-0.35743500700852177,1.7743497371370073e-7,,
coconut,population,-0.3562442207268611,0.006035792840126593,,
net,population,-0.3553568344469011,5.88930040375979e-5,,
testicle,population,-0.3549609251510305,4.3764225317852534e-11,,
lizard,population,-0.354389819523265,9.867226727814501e-12,,
tree,population,-0.3494875256341478,1.351988615251759e-17,,
father-in-law,population,-0.34066816507545017,2.8357420570563313e-7,,
sister-in-law,population,-0.3396299103477225,1.005789544388914e-5,,
one,population,-0.3391619540373645,2.2324821152828144e-7,,
roofing,population,-0.3388277551478992,9.011587818010065e-5,,
daughter-in-law,population,-0.3383059777547247,3.66760508856304e-7,,
eagle,population,-0.33810632318301925,1.4659670160944423e-10,,
log,population,-0.3328634931835063,5.820051241363613e-9,,
bark,population,-0.332814759020707,2.163430494401691e-15,,
chief,population,-0.3320253981539813,0.004150206576999154,,
vine,population,-0.331999932346429,1.588407802530331e-5,,
doorway,population,-0.3308020368834669,2.2956082674356503e-6,,
belly,population,-0.32936028880446505,NA,Model convergence problem; non-positive-definite Hessian matrix. See vignette('troubleshooting'),
turtle,population,-0.3252599439068838,3.4774222458914315e-6,,
navel,population,-0.3233513769676957,1.3195212056724482e-10,,
buttock,population,-0.3231089408144002,1.2831838564138623e-10,,
brother-in-law,population,-0.32251918937075325,3.560236611293487e-6,,
nephew,population,-0.3212355408826984,5.311819340769689e-8,,
anus,population,-0.3199985255350756,8.145993045368759e-9,,
scrotum,population,-0.3180719313834979,3.138242253936882e-4,,
baby,population,-0.3171335912968369,6.49066136171694e-7,,
spider,population,-0.31570695809813554,1.3719363437090938e-12,,
eyelash,population,-0.3121373268599925,NA,Model convergence problem; non-positive-definite Hessian matrix. See vignette('troubleshooting'),
rafter,population,-0.3097710586184907,0.0013981226269985326,,
ritual,population,-0.3095147219897797,0.003922127434643293,,
contrast,population,-0.3081394485949277,1.3215077154865735e-6,,
mother-in-law,population,-0.30709801500648415,8.116172243458208e-7,,
arrow,population,-0.3070639497859135,1.3155878540486524e-7,,
thigh,population,-0.30477903889529,8.964245821767187e-13,,
pounding,population,-0.3029215124290342,1.7398047489563457e-4,,
nostril,population,-0.30270410019700467,2.729685257511581e-10,,
footprint,population,-0.3026395249368028,8.619302267695268e-7,,
pig,population,-0.2991440856968763,1.9975711247118838e-6,,
chase,population,-0.29507825727924525,6.43773741798085e-11,,
paddle,population,-0.2946490848096906,1.5759470302731393e-4,,
island,population,-0.2937576275238047,1.0689017490381727e-4,,
spouse,population,-0.29210624050683653,0.001691043477983956,,
fire,population,-0.288584968824122,2.026909862575367e-25,,
rock,population,-0.28777995906062487,6.388041880426264e-10,,
niece,population,-0.2877659734254035,3.96076374441021e-6,,
area,population,-0.281546716745444,2.566015856115026e-5,,
chop,population,-0.28069264343165556,2.463100039751099e-6,,
shell,population,-0.28045187397923965,1.940800808235841e-10,,
speaker,population,-0.280370650078019,7.170309828550339e-7,,
fireplace,population,-0.27917295171728684,9.531867169616304e-5,,
dove,population,-0.27727693542106674,8.61055613197748e-8,,
torch,population,-0.2765859497867299,1.0031184653600559e-7,,
squirrel,population,-0.2757232311638681,3.812202055389434e-4,,
thorn,population,-0.2744644604752363,9.87440526818473e-10,,
daylight,population,-0.2743862845996305,NA,Model convergence problem; non-positive-definite Hessian matrix. See vignette('troubleshooting'),
ghost,population,-0.27438145688438265,2.58640129083095e-8,,
creek,population,-0.2736483759454059,0.010333877409440001,,
liver,population,-0.2720697432241516,2.367756794799239e-13,,
hip,population,-0.271643073104308,5.520009289885613e-13,,
backbone,population,-0.271094349454996,1.2305426311394812e-5,,
flesh,population,-0.2698220095294695,7.878061674673221e-12,,
male,population,-0.26968090534020944,0.0019503396823269642,,
rooster,population,-0.2686000856660915,0.010809427089150163,,
sorcery,population,-0.2683479319576305,0.004047219351677909,,
snail,population,-0.2668490911490469,4.839411139265757e-6,,
aka,population,-0.2664389317283022,0.06019531068510625,,
grandson,population,-0.26588349589083443,1.31847866121956e-4,,
uncle,population,-0.2650856832605767,7.599234893348019e-7,,
termite,population,-0.26398122532924934,0.0037203614531670847,,
hunt,population,-0.2631675989633295,8.353377633807432e-7,,
rib,population,-0.26206925716994606,3.972162121813373e-12,,
bird,population,-0.26092582785778995,1.2947828994150625e-12,,
leaf,population,-0.2602693791489623,1.3032151694323836e-10,,
sunrise,population,-0.25880021492446187,3.567436004139776e-6,,
wake,population,-0.2566745902544412,1.0117832153842688e-6,,
tomorrow,population,-0.25654741099521533,4.2891433304442886e-4,,
intestine,population,-0.2558969046221061,7.0868203426599655e-9,,
waterfall,population,-0.2555926674302347,1.0864822673180715e-5,,
nut,population,-0.25498725845537135,7.909419080352111e-6,,
reference,population,-0.2531883553609144,2.579983979507946e-5,,
dance,population,-0.25271599899187086,1.2891434475623125e-8,,
peel,population,-0.25213812744021863,1.628438121998049e-8,,
banana,population,-0.2509474338159783,0.00377379701933193,,
cooking,population,-0.25087579332650667,7.005863865110999e-7,,
skin,population,-0.24848862731648494,3.2473880051950854e-16,,
grandfather,population,-0.24816977711942478,1.0909055496000048e-6,,
coral,population,-0.2481658516457885,0.009376951532215837,,
wasp,population,-0.2455391662313711,5.146103411612975e-5,,
forearm,population,-0.24547312619221348,0.0010294233635107146,,
weave,population,-0.2452934938154085,3.749456822260113e-7,,
son-in-law,population,-0.24513259251902877,8.854373633542038e-5,,
grass,population,-0.2451086861568533,8.845778697852554e-9,,
trap,population,-0.24510675715042965,4.97456834586079e-7,,
swamp,population,-0.24510510429122284,6.634966462208487e-4,,
diarrhea,population,-0.2437054780769744,8.940400031148777e-7,,
knife,population,-0.24274339098459533,1.2337800747866373e-11,,
grandmother,population,-0.24049997196322592,5.555337807166387e-6,,
leg,population,-0.2372252419469997,4.418782201877552e-13,,
ant,population,-0.23631687508308163,7.246091299440516e-6,,
basket,population,-0.23615990788530997,3.218073357911269e-6,,
group,population,-0.23479679463572262,3.860159097058823e-5,,
owl,population,-0.2334557719033794,1.6689973844462297e-7,,
goodbye,population,-0.23223827628784005,0.006475010901209563,,
fungus,population,-0.23220770454727782,9.26227583860529e-4,,
widower,population,-0.23097122901351108,5.125963940949812e-5,,
ash,population,-0.229587065845791,2.621811090828537e-9,,
beach,population,-0.22940364046917794,0.009785484033514808,,
bladder,population,-0.22801150873679313,5.173071580019103e-9,,
valley,population,-0.22728665470570877,2.1819375535318546e-5,,
mouth,population,-0.22674834235133687,2.345461117937337e-15,,
sap,population,-0.2263903331455264,4.413619542129252e-5,,
wood,population,-0.22555373185721908,6.125877881761765e-12,,
food,population,-0.22262378382072273,1.756092394656373e-11,,
hole,population,-0.22171306528110352,1.946980545894201e-11,,
ridge,population,-0.22115402898522696,7.985924879432247e-5,,
cry,population,-0.22034107313313492,0.0021232354259203543,,
mat,population,-0.21923751446597023,9.535150942681624e-5,,
broom,population,-0.21808378323287111,1.0522985096140477e-6,,
song,population,-0.21782729551722282,NA,Model convergence problem; non-positive-definite Hessian matrix. See vignette('troubleshooting'),
caterpillar,population,-0.21605203731273703,2.6716490596278593e-4,,
elder,population,-0.21512974896410625,1.8139461407398383e-4,,
sequence,population,-0.214398163983319,0.0011965619988109622,,
palm,population,-0.21387669607736426,6.372476029003677e-5,,
foam,population,-0.21305245059170616,NA,,Model convergence problem; non-positive-definite Hessian matrix. See vignette('troubleshooting')
dog,population,-0.21299666607805537,3.525864106116852e-8,,
oven,population,-0.21232458075732855,0.013508079789971433,,
hill,population,-0.21184187425218334,3.448401294129427e-6,,
clause,population,-0.211713603783677,0.013564011634652956,,
translation,population,-0.21047691150270578,0.0011400949459159369,,
yawn,population,-0.2104373032859561,1.245357425565243e-6,,
frog,population,-0.2098696569533965,2.0201337859266e-5,,
mushroom,population,-0.20953591237178673,0.0026992608461154223,,
spit,population,-0.2086462855988653,1.1851204077617395e-7,,
moss,population,-0.2084979935332528,0.001964011418929841,,
mucus,population,-0.20751250950098343,5.053374930761229e-4,,
necklace,population,-0.2066677575681654,4.1836652368523053e-4,,
exclamation,population,-0.20661222124394052,NA,,Model convergence problem; non-positive-definite Hessian matrix. See vignette('troubleshooting')
wrap,population,-0.20654374082591268,1.070853867282777e-6,,
rope,population,-0.20528855672966945,2.3670367302502733e-8,,
smoke,population,-0.20321955520879492,1.2004789893698184e-10,,
knee,population,-0.20246290229681196,3.8747773946413246e-11,,
tasting,population,-0.20095986309686248,1.1638086743063013e-4,,
darkness,population,-0.20036944642861093,5.3476827388740814e-5,,
fork,population,-0.2003535250824883,8.470963693227071e-5,,
forehead,population,-0.20020689067997166,1.0068709189264808e-6,,
louse,population,-0.19986738067452622,0.0027698863998522755,,
husk,population,-0.1994002726900525,0.015922339763579322,,
meat,population,-0.19840154184204736,4.707691732393391e-7,,
baking,population,-0.19837001793365738,0.008730011584243668,,
bow,population,-0.19711083555983014,8.214263080312305e-9,,
creature,population,-0.19669977306372904,0.00958447668233511,,
vomit,population,-0.19668993557428027,NA,Model convergence problem; non-positive-definite Hessian matrix. See vignette('troubleshooting'),
sky,population,-0.19604193090473618,2.1340755661155538e-8,,
earring,population,-0.19601434182288288,0.007502949642812421,,
yesterday,population,-0.19592699369884933,1.1592445499703774e-4,,
nipple,population,-0.19579878499264763,1.1553496379768587e-6,,
nest,population,-0.19522504940979016,1.5983375608890762e-6,,
water,population,-0.19423232911721566,3.2993132458401266e-13,,
bone,population,-0.19416787913236871,1.844349249361234e-9,,
stump,population,-0.19365254704865217,1.362551685810239e-4,,
spine,population,-0.19270317832941009,4.57747695884679e-4,,
throat,population,-0.19161315324239067,2.4709496382361135e-10,,
excrement,population,-0.19149616720899162,6.139423043059109e-4,,
butterfly,population,-0.19117526259610465,3.2045021996150014e-4,,
puddle,population,-0.19107159080381994,9.466948798866578e-4,,
shovel,population,-0.19074973472665377,0.0022278590188644022,,
puppy,population,-0.1906136737321492,0.008166248885843448,,
nape,population,-0.1883792185421591,0.003072999711640959,,
west,population,-0.18806331849094154,6.277039220210555e-5,,
ankle,population,-0.18785110157611346,5.114742249015506e-6,,
chest,population,-0.1859114864528313,2.1681879857433244e-8,,
ancestor,population,-0.185777875211357,8.302082830615315e-4,,
being,population,-0.18563953582461692,0.019538103547932808,,
snake,population,-0.18560129390613184,4.16232962146807e-4,,
calf,population,-0.1851298505506051,1.2739313965546637e-4,,
plant,population,-0.18502109593137467,1.0254457500578205e-5,,
finger,population,-0.1848124357384164,1.0294987349743027e-8,,
branch,population,-0.1842684737027595,6.3625052221888394e-9,,
eyebrow,population,-0.18422265669956928,8.979030988560865e-5,,
cloud,population,-0.1841436810562453,1.9068371327821812e-7,,
cave,population,-0.18387801484492938,7.6293448757519e-5,,
cow,population,-0.18351702433433129,0.001806282011814231,,
goat,population,-0.18336443770791558,0.002630231036305623,,
skull,population,-0.18305217385070519,4.720428454241441e-7,,
scoop,population,-0.18197169044072692,0.002695203748108155,,
sunset,population,-0.1817675271429008,3.0150693650882974e-4,,
bottom,population,-0.18096640172045955,1.5603766706934544e-7,,
claw,population,-0.18023590972012632,2.261697901854839e-5,,
like,population,-0.1778718383688181,2.91612454761033e-7,,
bite,population,-0.17781117322721712,3.242805319848552e-7,,
stalk,population,-0.17758957944156484,7.63984901825151e-4,,
neck,population,-0.177547549339372,2.3660036314397374e-9,,
shoulder,population,-0.17726072735950016,2.250243441245673e-10,,
potato,population,-0.17666997498865006,0.008410531055821022,,
drip,population,-0.17637929721423282,2.0077985354879682e-4,,
breast,population,-0.1758032756980287,5.241178961547839e-8,,
bowl,population,-0.17565157803347992,0.0012080018856558163,,
fruit,population,-0.17463024640560784,1.0957616272055492e-5,,
marrow,population,-0.17461713086318018,5.781511349008024e-4,,
grunt,population,-0.1744758094281826,0.012865035464272838,,
animal,population,-0.1736319726642083,7.753043636358505e-6,,
scar,population,-0.1732625122907703,1.1851107253616313e-4,,
dew,population,-0.1722915628724722,3.4285684858853535e-5,,
groin,population,-0.1714120088551564,0.009077163380535134,,
eel,population,-0.17084653179921577,0.016676050233521478,,
healing,population,-0.17029641227770287,0.008471021968122258,,
item,population,-0.1697095187743349,0.00648771348389022,,
cheek,population,-0.16937713747739175,3.797623136167291e-7,,
hoe,population,-0.16926485039754843,0.017382999430392135,,
fog,population,-0.1681092146115766,6.34408049151887e-4,,
jaw,population,-0.16775795254920026,6.006293117599091e-7,,
stone,population,-0.1677075254754561,3.8100590373516814e-6,,
egg,population,-0.16692224050651272,2.659208171713332e-7,,
beetle,population,-0.16641335359597637,0.006680679614964372,,
burrow,population,-0.16632451870485743,0.03366620419051294,,
sand,population,-0.1656225632446927,6.66149938041215e-6,,
toe,population,-0.1654424110200367,9.441056871762781e-5,,
dirt,population,-0.1653674827121655,9.05633308687433e-6,,
stomach,population,-0.16516480026419766,6.04189862717192e-6,,
itch,population,-0.1643671188494457,6.577170937198946e-5,,
spirit,population,-0.16330432783446078,2.3330069754551962e-4,,
saliva,population,-0.16327017273245123,3.488775528810084e-4,,
pu,population,-0.16311852844034141,9.460209329718941e-4,,
tail,population,-0.16295888446234086,3.652195805758927e-7,,
kidney,population,-0.16240107582687485,NA,Model convergence problem; non-positive-definite Hessian matrix. See vignette('troubleshooting'),
bear,population,-0.16226356221200913,0.005217760964390242,,
molar,population,-0.16145636583758646,0.02068714990100192,,
wrist,population,-0.16080793341841432,4.540209666877589e-4,,
belonging,population,-0.16079971731258133,0.045667922402467816,,
rat,population,-0.16033374432400815,7.531526051215863e-4,,
path,population,-0.16001837250745066,3.03918263858336e-4,,
semen,population,-0.15980295692439414,NA,,Model convergence problem; non-positive-definite Hessian matrix. See vignette('troubleshooting')
blade,population,-0.1593110101911243,1.7648779465815164e-4,,
morning,population,-0.15899865999857446,5.233168991899929e-8,,
feather,population,-0.15733510689264743,9.330325807473659e-6,,
urine,population,-0.15677401150327444,1.8075630779029395e-4,,
braid,population,-0.15666830407719137,0.015000009436686845,,
garden,population,-0.15665962712747675,0.007568148084369315,,
rain,population,-0.15593041327604387,2.4238951633425205e-7,,
smell,population,-0.15511754948572415,1.6647148082367633e-6,,
storage,population,-0.1550144456304646,0.08516916634951863,,
fowl,population,-0.15423385016094776,0.01775780618086615,,
yeast,population,-0.15373146591626347,0.020316126631672985,,
clothing,population,-0.15230970553610182,0.005207856089116022,,
corpse,population,-0.15229123256802163,0.002571070765377763,,
roof,population,-0.15229083543175947,8.369808041092728e-5,,
seed,population,-0.15131754441149298,2.2317141416422227e-4,,
magic,population,-0.15108005133907415,0.029156407066072428,,
whisker,population,-0.15107373040461844,0.03172178056350176,,
pot,population,-0.15032364829872405,0.005363405505613311,,
beak,population,-0.1489128059926558,8.030257002689079e-4,,
dream,population,-0.14873789145771135,4.356057445076694e-6,,
dialect,population,-0.14796678262224972,0.07203109952444935,,
mama,population,-0.14795524606551475,NA,Model convergence problem; non-positive-definite Hessian matrix. See vignette('troubleshooting'),Model convergence problem; non-positive-definite Hessian matrix. See vignette('troubleshooting')
moon,population,-0.14700407873844404,9.244360557073319e-5,,
tip,population,-0.14643562719846878,2.026890013191246e-4,,
sleep,population,-0.1460911233002505,8.981830714871885e-9,,
ember,population,-0.14550201072047886,NA,"Model convergence problem; non-positive-definite Hessian matrix. See vignette('troubleshooting');Model convergence problem; singular convergence (7). See vignette('troubleshooting'), help('diagnose')",
sting,population,-0.14446694853687603,7.902726066452584e-4,,
adult,population,-0.1440992565471271,0.007265310149896353,,
cousin,population,-0.143690063751179,0.017087783741931626,,
gall,population,-0.14325220610491946,0.003538797171621649,,
feast,population,-0.14294958135302754,0.019520644520553115,,
dive,population,-0.14290518776955352,0.012327484371327363,,
whistle,population,-0.14281922846539802,0.0020143332740288965,,
gut,population,-0.14276121061513142,0.032209233392013974,,
nose,population,-0.14247020560016174,1.7344843328438964e-6,,
hair,population,-0.14218259152962523,6.272630767045526e-8,,
fat,population,-0.14129051767116188,1.5910778101344172e-5,,
bundle,population,-0.1411798172822844,0.0011017546744516798,,
quiver,population,-0.14024040664351323,0.01359748636211558,,
kin,population,-0.14020495375322492,0.06819521373277532,,
gum,population,-0.14017474252841303,0.0012980640598523655,,
cough,population,-0.13953720918166984,2.3619441774243383e-4,,
guinea,population,-0.13932654017981133,0.21640522409328078,,
drink,population,-0.1392328580012087,7.650517509175349e-6,,
river,population,-0.13896656581881833,0.007724822832053821,,
charcoal,population,-0.13850278759041776,0.006071727627076795,,
leopard,population,-0.13831987751735506,0.07300414561529586,,
body,population,-0.1379009465742186,1.0300408409664774e-4,,
elbow,population,-0.1372725558186709,3.859439967301438e-4,,
shadow,population,-0.13674870515904464,0.009940654455258961,,
star,population,-0.1365184161291695,4.7191267668584586e-5,,
lightning,population,-0.13554796368806055,2.463163477640303e-4,,
mane,population,-0.13510163076489418,0.14736499002383222,,
wind,population,-0.13502951821798445,1.4873714772761977e-6,,
forest,population,-0.13488968979250038,0.017838728141134134,,
earthquake,population,-0.13456010713959213,0.003938808076120023,,
scratch,population,-0.13426669770651822,3.787255636999989e-4,,
tendon,population,-0.13389064434374257,0.03743065972779242,,
hop,population,-0.13363090981939263,0.005568173067846567,,
sun,population,-0.1335129680999242,0.00021655690808543721,,
sucker,population,-0.1331908332443841,0.12380076406086245,,
fin,population,-0.13258963277185143,0.028382019607862474,,
witchcraft,population,-0.13098426235668945,0.10458224416272438,,
pole,population,-0.13013398783971647,0.002470407319417381,,
hug,population,-0.1299335820769057,0.048932614683828146,,
stink,population,-0.1298757449734861,0.015329888969530229,,
spoon,population,-0.12925686451702226,0.0015280122050615403,,
sex,population,-0.1288963034549957,0.010516056966257448,,
thunder,population,-0.12874614806587956,4.6758429695157164e-5,,
honey,population,-0.12847672662592427,0.009553441136488731,,
relationship,population,-0.12748584916053504,0.008511359120853813,,
offspring,population,-0.126904672145394,0.01232337616072637,,
hawk,population,-0.12644256724522282,0.01801325550115623,,
variation,population,-0.12607328161333378,0.06841136771510277,,
bait,population,-0.1253543947743632,0.03169812695574746,,
blanket,population,-0.12511096422911716,0.044439823768646344,,
flame,population,-0.12491177343865315,0.0011254917049011992,,
hunter,population,-0.12453412368523491,0.033020148071075985,,
shaft,population,-0.12435061732927932,0.056405944171559204,,
trunk,population,-0.12389192343668631,0.0022073084520478035,,
emphasis,population,-0.12333754132780653,0.00527049113370287,,
sweat,population,-0.12266938946388611,0.0027616512846374923,,
mud,population,-0.1224013696746925,9.56932470186054e-4,,
mouse,population,-0.12180354008846361,0.006667923191457006,,
carcass,population,-0.121527247581744,0.08276565264963075,,
bunch,population,-0.12142414267644952,0.01113870978830104,,
noise,population,-0.12127154309758242,0.0012582938100801104,,
shirt,population,-0.1206404827570391,0.05102546414334338,,
wing,population,-0.12009513803101349,2.9536658341156415e-4,,
womb,population,-0.11906183443466421,0.10064664040909299,,
twin,population,-0.11906012318352877,NA,Model convergence problem; non-positive-definite Hessian matrix. See vignette('troubleshooting'),
stab,population,-0.11903620147773195,0.04701968843513566,,
daybreak,population,-0.11883213576572249,0.015817208768730502,,
tooth,population,-0.11698149947401677,2.466560683501757e-4,,
tradition,population,-0.11697948584376423,NA,Model convergence problem; non-positive-definite Hessian matrix. See vignette('troubleshooting'),
fur,population,-0.11696216119769712,0.033862363248689006,,
tie,population,-0.11681934399574034,5.781464894958014e-4,,
female,population,-0.11648367141612873,0.12264844688221664,,
tongs,population,-0.11638429780378333,0.06061197031690835,,
tongue,population,-0.1163647650647719,NA,Model convergence problem; non-positive-definite Hessian matrix. See vignette('troubleshooting'),
orphan,population,-0.11607805410292397,0.019495610372942028,,
widow,population,-0.11575863556296549,0.004092064262082847,,
spill,population,-0.1153331780366683,0.043854779397891536,,
boil,population,-0.11422327983730707,3.0797801784648713e-4,,
snout,population,-0.11418538569770147,0.043111025779475044,,
tattoo,population,-0.11412018506311719,0.2167169194633171,,
dung,population,-0.11396674402977111,0.08437841560582046,,
bee,population,-0.11373816232088015,0.032720933560903144,,
dusk,population,-0.11317334667937543,0.015369675445095474,,
tangle,population,-0.11279567250007362,0.13454330701349232,,
bile,population,-0.11277142470195037,0.16384985055341678,,
papa,population,-0.11268029676206018,0.36318234085367396,,
crow,population,-0.11262508601755683,0.011040072653318559,,
version,population,-0.11204148516624828,0.11053041133548047,,
bump,population,-0.11161707871991959,0.12698787469272904,,
edge,population,-0.11157371690926757,6.170954174701938e-4,,
bead,population,-0.11133830204911006,0.04136101842410669,,
famine,population,-0.1107878902830586,0.042195738451917014,,
wave,population,-0.11074528173128179,0.002859720844830687,,
plank,population,-0.11032537584625275,0.09633832209452252,,
relative,population,-0.10972127980796237,0.0557265452209258,,
bug,population,-0.10955236095693748,NA,Model convergence problem; non-positive-definite Hessian matrix. See vignette('troubleshooting'),
cane,population,-0.10902813448327094,0.05927429673180329,,
mound,population,-0.10864385325390566,0.07072343644503999,,
clump,population,-0.10801863307706124,0.16168768757614846,,
comb,population,-0.10784845252350506,0.006825632562145281,,
stripe,population,-0.10779476905844682,0.04308729772798433,,
waist,population,-0.10739216848073672,0.03126751139352271,,
weed,population,-0.10689981240276553,0.03574574024351138,,
buffalo,population,-0.10621916252820832,0.28882164191968085,,
carving,population,-0.10548080955874822,0.11578029738199874,,
sickness,population,-0.10458749857345302,0.04306685023448294,,
greeting,population,-0.10415646286402189,0.07410002274417782,,
headache,population,-0.10413619657740461,0.06700981193367701,,
lip,population,-0.10359495250600345,0.0012536225178127658,,
arm,population,-0.10355907609770182,2.2524008669939273e-4,,
mountain,population,-0.10234947038564927,0.03928901988135519,,
hand,population,-0.10114987597696043,1.1052134724709294e-5,,
fence,population,-0.10106510097198289,0.01748874739777929,,
insect,population,-0.1008972597467234,0.0302040403638634,,
curse,population,-0.10016415037012971,0.06700516562706435,,
ear,population,-0.09989567372285563,1.393594445014322e-4,,
surface,population,-0.09913953062818286,0.02090157134767554,,
worm,population,-0.09855280205814852,0.005301141950479066,,
cluster,population,-0.09786372069432601,0.10025015877917463,,
site,population,-0.09768590414231569,0.1368008124997731,,
season,population,-0.09766840634651233,0.012482290039762483,,
bitch,population,-0.09742826370414089,0.1112918843900631,,
beard,population,-0.09682324065711084,0.009834051787325809,,
flute,population,-0.09661278429628804,0.10404974932322497,,
lung,population,-0.09556451663702356,0.026421107631896035,,
mourning,population,-0.09456700352642607,0.09602587143493553,,
cucumber,population,-0.09410644037882866,0.16350396034999581,,
gathering,population,-0.09341220424575924,0.018718538747310543,,
pigeon,population,-0.09212844816226973,0.09214219446546654,,
mosquito,population,-0.0921154785990269,0.1041264584938371,,
shore,population,-0.0915524176580341,0.06708765547654595,,
north,population,-0.090847339849849107,0.07710581500062716,,
eye,population,-0.0905764056927724,8.21768477357416e-5,,
lake,population,-0.09003960269243882,0.10371750367297707,,
second,population,-0.08973427185861653,0.003465600772798892,,
lid,population,-0.0895143780693705,0.046304838013087046,,
scalp,population,-0.08909029680821062,0.25531565317062616,,
aunt,population,-0.08836554776433099,0.10471433614946829,,
structure,population,-0.08620661151411425,0.12399499905540035,,
bag,population,-0.08600856751262,0.02792916213247318,,
mare,population,-0.0852965125843728,0.36585172877081223,,
ache,population,-0.08507805014806823,0.10631116506661502,,
sieve,population,-0.0850396406724708,0.13429292880894428,,
chin,population,-0.08481673551300511,0.09684035260805737,,
web,population,-0.08475602430293148,0.02686951538526684,,
sweep,population,-0.08412075694248809,0.02198800124525609,,
knot,population,-0.08403765087643156,0.027218707910386004,,
foot,population,-0.08294221463723918,6.506627592161665e-4,,
whisper,population,-0.08252749109094372,0.04449243524190325,,
thumb,population,-0.08222052739213045,0.03324936248506513,,
generation,population,-0.0815864451088524,0.09535967611800125,,
direction,population,-0.08144209156326893,0.025051108665040612,,
splash,population,-0.08066489035570144,0.16990148666517585,,
lap,population,-0.07956338728028238,0.11459922044261449,,
yolk,population,-0.07927539063882201,0.1453754037616798,,
south,population,-0.07917266426050057,0.14131911676950107,,
limb,population,-0.07910414318447809,0.11380357686809645,,
cigarette,population,-0.0789944824331742,0.4222917530650907,,
enclosure,population,-0.0788860476388804,0.1906097676526908,,
bucket,population,-0.07887061891113467,0.13835595034797996,,
kiss,population,-0.078632481319882,0.07277463344061803,,
liquid,population,-0.07853754372176042,0.08394161777343037,,
spark,population,-0.07790462992399264,NA,Model convergence problem; non-positive-definite Hessian matrix. See vignette('troubleshooting'),Model convergence problem; non-positive-definite Hessian matrix. See vignette('troubleshooting')
rubbish,population,-0.0763968211319061,0.1953707538302551,,
string,population,-0.07582482575742922,0.03781920192742943,,
moonlight,population,-0.07579363178042409,0.20789344750477437,,
data,population,-0.07565249907575887,0.32519287038348393,,
fiber,population,-0.07489850969878327,0.19730206866957178,,
others,population,-0.07442224513213525,0.18323228844685543,,
future,population,-0.07373980417520899,0.09097341818194274,,
tear,population,-0.07368017359375635,0.005204161863603989,,
flea,population,-0.07343585405761381,0.18570048263009833,,
limp,population,-0.07340906784641071,0.10856525135740856,,
inhabitant,population,-0.07264105933696509,0.3922305805958115,,
sheath,population,-0.0725504945309002,0.183950360480846,,
gravel,population,-0.07136714612475399,0.16572599264114796,,
shine,population,-0.07033867261243842,0.023662822365540136,,
sling,population,-0.06973893189654565,0.2400027075561748,,
mist,population,-0.06869983274016142,0.09948743705927829,,
east,population,-0.06869816403430279,0.15138166790629667,,
mix,population,-0.06848212207068462,0.028883829875561463,,
dawn,population,-0.06842794828568004,0.060379613591675256,,
clay,population,-0.06790051674713093,0.1635283434649234,,
ginger,population,-0.06786241966531924,0.3087920245769631,,
eater,population,-0.06783347998587363,0.2911309394155822,,
tobacco,population,-0.06708149002866216,0.22317954092232375,,
stream,population,-0.06691007177872711,0.2462425927475585,,
moth,population,-0.06684108830936186,0.15323183495029774,,
portion,population,-0.06678932544834404,0.20953147952278522,,
chick,population,-0.0658037339006978,0.37326181222229543,,
teeth,population,-0.06547141950004559,0.03855272762983661,,
beam,population,-0.06500056429593712,0.18989656562875995,,
belt,population,-0.06442115594469218,0.13657449452864487,,
parable,population,-0.06439623817500753,0.3852698527294156,,
cradle,population,-0.06354864392779544,0.38772144924306634,,
strip,population,-0.06345726964815386,0.15107000023157804,,
groan,population,-0.06305209986013888,0.19087362715264453,,
horizon,population,-0.0629856814109137,NA,Model convergence problem; non-positive-definite Hessian matrix. See vignette('troubleshooting'),Model convergence problem; non-positive-definite Hessian matrix. See vignette('troubleshooting')
sea,population,-0.06296745450096318,0.34305476744705776,,
vocabulary,population,-0.06285776182537059,NA,Model convergence problem; non-positive-definite Hessian matrix. See vignette('troubleshooting'),Model convergence problem; non-positive-definite Hessian matrix. See vignette('troubleshooting')
massage,population,-0.06219360734103616,0.4043371081673542,,
hut,population,-0.06187746857787381,0.3501566724458278,,
twig,population,-0.061781111305238466,0.24695821393744904,,
swell,population,-0.061705664000223245,0.1023033031712513,,
breath,population,-0.061630266171516665,NA,Model convergence problem; non-positive-definite Hessian matrix. See vignette('troubleshooting'),
knuckle,population,-0.06136558354856346,0.37326625829280424,,
length,population,-0.06087272158905208,0.10020839116610482,,
midday,population,-0.06083932247142105,0.20852919138104437,,
source,population,-0.05998533199693741,0.14531020276490228,,
pile,population,-0.0597627035986992,0.11710230066884057,,
shiver,population,-0.05959495651328773,0.1933195840900255,,
killer,population,-0.05943105326537534,0.4756564694981996,,
poison,population,-0.05925606333521057,0.1494772893307822,,
beer,population,-0.059025682159107175,0.5316731820095701,,
spray,population,-0.058887046867711554,0.34808117110799147,,
cross,population,-0.05868569233573714,0.04912342791473525,,
eyelid,population,-0.058217564189827764,0.21280088981814468,,
whirlwind,population,-0.05760502854001141,0.264253504699817,,
winter,population,-0.057562839039420624,0.39076723079440356,,
category,population,-0.057251302118276476,0.4442023655351024,,
heap,population,-0.05655914776922497,0.28154873001858544,,
evening,population,-0.05550227491014133,0.07713068004185131,,
trail,population,-0.05545513564547738,0.42036994591192706,,
sunlight,population,-0.055066932030138044,0.40995497599736447,,
drum,population,-0.05492065341064824,0.2954915560527266,,
hatch,population,-0.053929365676862254,0.2970967747181201,,
duck,population,-0.05308363584575694,0.2279209458579698,,
tea,population,-0.052798672181521046,0.4077091214841835,,
growl,population,-0.05264089853758589,0.39559179418879997,,
midnight,population,-0.052283531528229496,0.24965589263480273,,
onion,population,-0.05210843304684501,0.31160639160281645,,
pool,population,-0.05161855041604716,0.26693674624372776,,
birth,population,-0.05141091289126127,0.14500651259314673,,
swimming,population,-0.05126540608594126,0.3570359243703379,,
community,population,-0.05125164334070028,0.1995413779786686,,
mate,population,-0.05075651987725727,0.429618362114905,,
rot,population,-0.050732093087249866,0.33775503058341627,,
bracelet,population,-0.05066338697934932,0.43119317793296497,,
flour,population,-0.05060066562293353,0.3432640274580285,,
spelling,population,-0.050142799447368984,0.518365096722843,,
bread,population,-0.05013494728352334,0.28872033883986975,,
tape,population,-0.05009707859942631,0.34112123817136064,,
cat,population,-0.048766617460146065,0.19577274772353542,,
pillow,population,-0.04829023018936373,0.1963708247263786,,
platform,population,-0.04809745349664452,0.455987970663984,,
blood,population,-0.047889885509272194,0.016064929919775636,,
bat,population,-0.047806924016521236,0.36808749092422577,,
flock,population,-0.047801326571859294,0.34547256130628023,,
toad,population,-0.04722401881446193,0.5103638184464496,,
flint,population,-0.04715158778676272,0.5100377092635031,,
flash,population,-0.04638164423365772,0.1890853487697676,,
track,population,-0.04538798570955207,0.36620946982937885,,
load,population,-0.04537666733593518,0.2943141358022206,,
club,population,-0.04506582030867117,0.3556363151278843,,
noose,population,-0.044737124087744565,0.5586651159268925,,
shade,population,-0.044660867172891416,0.1693523257518257,,
milk,population,-0.04397213982796756,0.2966907683033503,,
howl,population,-0.043880819487674284,0.44338494022891106,,
bubble,population,-0.04367728709391001,0.24544842603475725,,
hearth,population,-0.04344497088005019,0.6239946842136268,,
hunger,population,-0.04334846803988355,0.27646983312713946,,
chicken,population,-0.042525730066572384,0.5534873582863589,,
hail,population,-0.042511941822337314,0.38380428305336517,,
cabbage,population,-0.04219025834105749,0.5889559511995504,,
flap,population,-0.041969890693459,0.42776338514473905,,
wail,population,-0.04174808967376932,NA,Model convergence problem; non-positive-definite Hessian matrix. See vignette('troubleshooting'),
entry,population,-0.04085674563890779,0.6831942168697552,,
splinter,population,-0.040837019620891625,0.4681410360073558,,
hen,population,-0.04039616643781919,0.4459786313824598,,
bamboo,population,-0.040118950004121814,0.6800271783499056,,
crush,population,-0.039783111082460625,NA,Model convergence problem; non-positive-definite Hessian matrix. See vignette('troubleshooting'),
apple,population,-0.03956126347184822,0.40307222149287253,,
nail,population,-0.03926966626241564,0.192951096704074,,
needle,population,-0.03910933388210079,0.2553012535921119,,
parent,population,-0.03903456116454581,0.3378874574254062,,
shelter,population,-0.03901680357222527,0.3323436905610178,,
crocodile,population,-0.03863418430554336,0.5961717089252027,,
legend,population,-0.03861102181266218,NA,Model convergence problem; non-positive-definite Hessian matrix. See vignette('troubleshooting'),Model convergence problem; non-positive-definite Hessian matrix. See vignette('troubleshooting')
strand,population,-0.03830534284265369,0.58314746732539,,
slide,population,-0.03776536391803649,0.4962390155512926,,
sheep,population,-0.03750925747216608,0.4945332608643867,,
spleen,population,-0.03740707514314915,0.564682887755052,,
pine,population,-0.037257646140253925,0.5957433590306918,,
equivalent,population,-0.03717497627139089,0.38603504372535247,,
spittle,population,-0.0361842176095588,0.4176524535950709,,
laugh,population,-0.03611797101675649,0.3074192736445697,,
possession,population,-0.035643399773261676,0.3924680520534713,,
flood,population,-0.035555850014466026,0.3870319394196741,,
cup,population,-0.034687792087062276,0.31432136754599327,,
ladder,population,-0.0337739700548032,0.4016266241111185,,
afternoon,population,-0.033478316355125014,0.5104952607447344,,
spring,population,-0.03344324898786938,0.3303452870884115,,
bible,population,-0.033100936347029306,0.6843386581870106,,
pregnancy,population,-0.03294340333593276,0.582275801469789,,
land,population,-0.032830349387861064,0.3396106580450961,,
construction,population,-0.03257664637863821,0.5566108069503293,,
leak,population,-0.0324764706343807,0.47521197763724393,,
door,population,-0.03244224809146279,0.29862029882231,,
grease,population,-0.032256631200637154,0.5740190325288467,,
shark,population,-0.03080834805726452,0.768259710241798,,
fist,population,-0.030752698245792666,0.4498010366643849,,
pet,population,-0.030019707398858682,0.6272189902790771,,
blossom,population,-0.02976418292973636,0.6025572920884213,,
boar,population,-0.02967836505964842,0.6696958452775917,,
pop,population,-0.029590206262752744,NA,Model convergence problem; non-positive-definite Hessian matrix. See vignette('troubleshooting'),
horn,population,-0.02939255874975115,0.43055289451660095,,
circumcision,population,-0.028963910682487933,0.7905924600340255,,
wilderness,population,-0.028952487715650704,0.7012489575312785,,
material,population,-0.028888037779534703,0.5066909050233477,,
kid,population,-0.02859889517677469,0.6802212374192655,,
message,population,-0.028449821870336206,0.5215262693230375,,
herd,population,-0.028431641533954596,0.6311663965232837,,
flower,population,-0.0282353706746205,0.49168705585253,,
vein,population,-0.028196931261175524,0.38508684321232783,,
earth,population,-0.027757320206168376,0.4535731984472382,,
descendant,population,-0.02666677551676488,0.69058413570538,,
fight,population,-0.02644272892808456,0.4256377664037147,,
tide,population,-0.0260958066396435,0.7826746864338902,,
abdomen,population,-0.025969609070643804,0.6619047225356471,,
shin,population,-0.025920456157790636,0.7275648275912133,,
hammer,population,-0.025864783343651217,0.5147135300006339,,
pumpkin,population,-0.024919232647144098,0.7582151770508113,,
harvest,population,-0.02448624443201768,0.6736909143173503,,
wall,population,-0.02382869307467059,0.4716225592175209,,
gap,population,-0.02372398944681387,0.7341006346865014,,
cemetery,population,-0.023293194817330578,NA,,Model convergence problem; non-positive-definite Hessian matrix. See vignette('troubleshooting')
tom,population,-0.022878055331348127,0.7529952587324813,,
core,population,-0.02275274628098131,0.6670693936693287,,
burial,population,-0.02256375773932493,0.678623525870741,,
chip,population,-0.022170350177508163,0.6923514260770071,,
donkey,population,-0.02207387613929921,0.7805135320495747,,
slap,population,-0.021970427548185918,0.6697847441940895,,
joint,population,-0.021791901354918684,0.7119164334506661,,
tool,population,-0.0210719369131729,0.6442744528707404,,
beginning,population,-0.020785209058113235,0.571221660513315,,
toilet,population,-0.02072250206864404,0.8027836301986019,,
reader,population,-0.019529883751298396,0.762351768531062,,
corner,population,-0.019392279527441318,0.547156711390347,,
blister,population,-0.01906087650053016,0.7096135801336674,,
spell,population,-0.01843517814962522,0.7567426353887259,,
text,population,-0.018323688989944416,0.8407662518823412,,
echo,population,-0.01768277770158113,0.7335690343185419,,
mortar,population,-0.017145478028432994,0.7451454429064113,,
pronunciation,population,-0.01702780132314936,0.7842452761522288,,
sunshine,population,-0.01650928680336536,0.8100984284889314,,
pineapple,population,-0.01635736136785984,0.8499916467667642,,
sack,population,-0.016190050013544937,0.7409655905521586,,
twine,population,-0.015777561565690098,0.7900604006036069,,
paw,population,-0.015767136888501208,0.8097014929743909,,
hare,population,-0.015075476424033918,0.85650282504074,,
expression,population,-0.014740553294547263,NA,,Model convergence problem; non-positive-definite Hessian matrix. See vignette('troubleshooting')
process,population,-0.014334704326180446,0.7287193224947507,,
salt,population,-0.014148965223842753,0.6582686055634066,,
story,population,-0.014105596049989665,NA,,Model convergence problem; non-positive-definite Hessian matrix. See vignette('troubleshooting')
snow,population,-0.013689849616917674,0.8526988738400408,,
warrior,population,-0.012679117058243374,NA,,Model convergence problem; non-positive-definite Hessian matrix. See vignette('troubleshooting')
barn,population,-0.011553691394431373,0.8898448980487627,,
pit,population,-0.010515782910762163,0.837066680520713,,
loin,population,-0.010377632144256816,0.9006606166410756,,
twitch,population,-0.01024704671794749,0.8653407057044818,,
publication,population,-0.010105060127490245,0.8760513986160451,,
scissors,population,-0.009777129874583568,0.8296628007222655,,
hump,population,-0.009486374270067885,0.8808779921038528,,
rod,population,-0.009355923885753901,0.8712516530775692,,
constellation,population,-0.009079034850324418,0.9137956620485107,,
ale,population,-0.008660156162026603,0.9456177957713068,,
eve,population,-0.008547231922880627,0.9243720214058744,,
stress,population,-0.008501169173204507,0.9235521769148048,,
kick,population,-0.007690892015128114,0.8665029453536958,,
heel,population,-0.007667369493815027,0.8278897111388992,,
gossip,population,-0.007571597728533306,0.8893009900665892,,
pinch,population,-0.007533631443484057,0.8625814424371092,,
household,population,-0.007444593703281605,0.891794629951389,,
parrot,population,-0.0074404647063378414,0.9149414682700671,,
intercourse,population,-0.005605846262437943,0.9256773284765171,,
grammar,population,-0.005486008219309131,0.9317114041118699,,
stagger,population,-0.004423933531549375,0.9332483790264132,,
clothes,population,-0.003797104188790045,0.9215451329041002,,
dwelling,population,-0.0033560339531147477,0.9576949431616837,,
tribe,population,-0.0021524181572460835,0.979287595653882,,
storm,population,-0.0015234607837171907,0.973052495646199,,
whale,population,-0.0014984390016875577,0.9859180414536693,,
travel,population,-0.0013976460424288263,0.9732304292106866,,
divide,population,-9.854730425568176e-4,0.9760270421925596,,
residue,population,-9.685240784655725e-4,NA,Model convergence problem; non-positive-definite Hessian matrix. See vignette('troubleshooting'),
muscle,population,-8.79639631557717e-4,0.9854833997830936,,
shepherd,population,-7.951084341784931e-4,0.9907191041632204,,
rim,population,-3.4100323361131035e-4,NA,Model convergence problem; non-positive-definite Hessian matrix. See vignette('troubleshooting'),
crest,population,-2.0928316879247746e-5,0.9997149801118368,,
coil,population,4.982574720365378e-4,0.9910739747161101,,
fluid,population,6.635749957742506e-4,NA,Model convergence problem; non-positive-definite Hessian matrix. See vignette('troubleshooting'),
divorce,population,0.0013329222347845083,0.9841856855648651,,
patch,population,0.001442545583449857,NA,Model convergence problem; non-positive-definite Hessian matrix. See vignette('troubleshooting'),
oak,population,0.0014587007125782064,0.9878070726847417,,
pain,population,0.0018804923786737429,0.9528313441080049,,
fisherman,population,0.0021015562873428857,0.9752911615494532,,
deer,population,0.002161255366081075,0.9785202887109956,,
mirror,population,0.0022394661415953525,0.9392606998346406,,
flow,population,0.0027718480977465478,0.9416843260403577,,
twilight,population,0.002889025469200148,0.9511953830251498,,
culture,population,0.0031100253304904967,0.9553662312410072,,
distance,population,0.0036166309548438854,0.9129308766778667,,
soil,population,0.0036473633776930394,0.930669632359344,,
messenger,population,0.0038946058268795156,0.9419528809183101,,
taste,population,0.004023898688543057,0.8961035696979431,,
photograph,population,0.0045726234514158,0.9375097428272512,,
boat,population,0.005051891259356344,0.9322401327676776,,
sip,population,0.005091034072961438,0.9390120191996119,,
placenta,population,0.005306525911694462,0.9460197992722654,,
sparrow,population,0.005522844177379992,0.9309676289110185,,
bastard,population,0.005542566979586488,0.9223665082186583,,
shed,population,0.005802206484553749,0.885490943059282,,
harp,population,0.0061592079852050025,0.9398223498802253,,
bottle,population,0.006718459723123287,0.8756645980231961,,
trip,population,0.006936867837087348,0.9059675851160055,,
bed,population,0.00734632785822159,0.7962836709778829,,
target,population,0.007643657885521425,0.8685552298552257,,
bandage,population,0.007785422509963938,0.8635441018805726,,
rattle,population,0.007936190143137874,0.8897819125278476,,
squash,population,0.008085198787939554,0.9203720763510042,,
fold,population,0.008519091667787635,0.8157517839389834,,
skirt,population,0.00898128635424437,0.877321796201466,,
description,population,0.009268520601225664,0.8746997537227096,,
dust,population,0.009489227507368829,0.7371087799877957,,
search,population,0.009612203089296261,0.7818215037971161,,
vision,population,0.009763467889857512,0.7632090113617959,,
couple,population,0.00999444668172279,0.8223132955857222,,
crackle,population,0.01010304808959485,0.8965494223017139,,
soup,population,0.010349178627759137,0.88103751766013,,
whirlpool,population,0.010773224336926237,0.8564473460855989,,
pouch,population,0.010906202049831039,0.8615908511740197,,
resin,population,0.01204318806551325,NA,Model convergence problem; non-positive-definite Hessian matrix. See vignette('troubleshooting'),
witch,population,0.012358395729261349,0.8659767456885161,,
palate,population,0.012601478550649782,0.802086112114817,,
hospitality,population,0.01278076459063031,0.8665867022151142,,
timber,population,0.013155166923983252,0.8461838368661515,,
smoking,population,0.013274000412044906,0.8329086335993852,,
spin,population,0.013770224277333501,0.7726496421075876,,
position,population,0.014285468381379533,0.7152098282287747,,
midst,population,0.014376961054384702,0.8314331763457563,,
mustache,population,0.014413962008237578,0.8629156668886241,,
shape,population,0.014653872347034877,0.6432290000283186,,
presence,population,0.015207483642350358,0.7272343181972943,,
bum,population,0.015331568837778725,0.8067238313084859,,
cricket,population,0.015706743059442772,0.7921346431765621,,
wedge,population,0.017146386213894457,0.7592202295829484,,
breathing,population,0.017157528477420234,0.6736931655297222,,
width,population,0.017169193357226033,0.7544834814095805,,
cord,population,0.017260105463217205,0.6766059018806551,,
introduction,population,0.017280701139335653,0.696758893576516,,
layer,population,0.017402864640425893,0.7516091056517842,,
kernel,population,0.017786858555800398,0.8045564235675742,,
camp,population,0.018058408352945827,0.7812824291670776,,
series,population,0.018355444853835157,0.764574582824573,,
definition,population,0.01860952479507151,0.7001571576676537,,
garbage,population,0.018902314765434722,0.8028634819922008,,
rest,population,0.01925988463731175,0.4717621017979997,,
wound,population,0.019554852593587368,0.5931912295201555,,
sink,population,0.01965660700738418,0.6107526559854836,,
month,population,0.020420537775565854,0.6498141969867608,,
pod,population,0.02049708772474127,0.7586387333214173,,
juice,population,0.020708115960043988,0.6220707038577316,,
road,population,0.020979303357084356,0.5562598533166869,,
bruise,population,0.021004299107446167,0.6768654914382874,,
weather,population,0.021059436321952774,0.6739939831078425,,
scrub,population,0.021098651526447357,0.7770844991069559,,
breeze,population,0.021130906828083097,0.6522810101636569,,
size,population,0.021332318523487645,0.5647872386839144,,
prey,population,0.021446992351552854,0.7095673597888251,,
bride,population,0.021457762402,0.7652127093853079,,
adultery,population,0.0217332716394176,0.6947241094883712,,
span,population,0.022548879875706397,0.7406446328153757,,
function,population,0.02270366446050558,0.657711005210187,,
narrative,population,0.022725565270427083,0.6512969034652778,,
hat,population,0.023189467796796884,0.6226110518691357,,
syllable,population,0.023293671223068413,0.7465253436824683,,
kettle,population,0.02367759141821358,0.7072683468037825,,
mission,population,0.0240206878981513,0.7021990622850968,,
raft,population,0.02413251598972229,0.7295247124506393,,
trough,population,0.024396775286829046,0.7239955586842284,,
ocean,population,0.024650976210013175,0.7044929115719203,,
growth,population,0.02472835626121511,0.6265678406254617,,
slice,population,0.024750719080548562,0.6266831336250165,,
peak,population,0.02484663428432925,0.6334109343480454,,
blacksmith,population,0.025340304206055726,0.7422032499896863,,
cloth,population,0.026372501815495723,0.5815514429136297,,
lily,population,0.026435561030881814,0.7031564912524177,,
brain,population,0.026632915785110955,0.5419706603919301,,
crumb,population,0.028002283206598137,0.653802029693724,,
childbirth,population,0.028255508950266732,0.7201211395439456,,
odor,population,0.028344121600225685,0.6316525727565941,,
pattern,population,0.028437146218868326,0.5930119413335763,,
entrance,population,0.028589728029039276,NA,Model convergence problem; non-positive-definite Hessian matrix. See vignette('troubleshooting'),Model convergence problem; non-positive-definite Hessian matrix. See vignette('troubleshooting')
una,population,0.02926441019148357,0.780986533537074,,
summer,population,0.029927285651340695,0.647787046260171,,
pipe,population,0.030312650252765153,0.4716084098360904,,
razor,population,0.030720377034524425,0.5188177806491073,,
cream,population,0.030771917083720776,0.6429054189425905,,
game,population,0.031130458972437814,0.4579547605279897,,
rudder,population,0.031196019242065408,0.6305437693376744,,
aspect,population,0.031306487445640976,0.6834138173201928,,
drift,population,0.03175177160768513,0.6286129335202256,,
perch,population,0.03223307042317472,0.6555122867311072,,
bos,population,0.03265532827731613,0.7061887542135324,,
rust,population,0.0329034316971686,0.4168882150998786,,
jealousy,population,0.033402409134047725,0.5445051349707696,,
question,population,0.03395113999999839,0.2804644289373188,,
illness,population,0.0340674354354735,0.49976106999253167,,
collapse,population,0.03411897718967259,0.5534755566627287,,
lime,population,0.034665112490032526,0.5663975708199751,,
friend,population,0.03484121092812977,0.26225554933981804,,
mole,population,0.03491601222769545,0.5685436472642363,,
decoration,population,0.03522737244154332,0.5636735194951852,,
slope,population,0.035505718615045964,0.3730816977615898,,
height,population,0.03578551194627427,0.37172376612680275,,
weapon,population,0.03634917279779724,0.42751968076703395,,
stranger,population,0.03637856462423334,0.4433439740377171,,
smear,population,0.0374569688482026,0.5471122363060186,,
infant,population,0.03754363191279572,0.39553507195255844,,
dislike,population,0.037917903144358986,0.3007441862052654,,
ram,population,0.03798277220811604,0.5947877155400256,,
reflection,population,0.03815826379942028,0.4720061396322208,,
bean,population,0.038291731779407326,0.524446748930004,,
noon,population,0.03829644074390474,0.31322404532973463,,
loop,population,0.038405715397169526,0.5782861834512713,,
heart,population,0.04019598647982499,0.16505594272318283,,
swarm,population,0.04021467221421245,0.5395423829536173,,
liar,population,0.04032971089982701,0.39419297768974504,,
floor,population,0.04037248653048052,0.3762058130255193,,
reed,population,0.04088691716269842,0.5590649945074919,,
quail,population,0.041632884579449345,0.5310899232630226,,
vegetation,population,0.041929888723696254,0.5384349393420028,,
nickname,population,0.04240938325708481,0.5993229234044577,,
pan,population,0.0426823154506897,0.49762513138021114,,
cone,population,0.0426887094661938,NA,,Model convergence problem; non-positive-definite Hessian matrix. See vignette('troubleshooting')
thicket,population,0.04386529955992322,0.6221473808757335,,
meal,population,0.04437128332890134,0.2617017614221969,,
circle,population,0.04448832078566876,0.23262984391402242,,
plug,population,0.04521506109692186,0.5002553912268407,,
bull,population,0.04581946702283395,0.4137802735490052,,
tar,population,0.04614472136447423,0.59121354509187,,
strap,population,0.04665589658977555,0.46771308611486434,,
hymn,population,0.047261311142385416,0.5367333891322663,,
symbol,population,0.04746657941006378,NA,Model convergence problem; non-positive-definite Hessian matrix. See vignette('troubleshooting'),Model convergence problem; non-positive-definite Hessian matrix. See vignette('troubleshooting')
fear,population,0.04802397198008224,0.20255332144322102,,
nod,population,0.04848983210801769,0.3150715930053244,,
strainer,population,0.04869285493978642,0.3055825470691788,,
pair,population,0.0491161939358996,0.21017544482913597,,
flare,population,0.0498019555771371,0.40533735913539287,,
soot,population,0.05034826018736057,0.38755007717850865,,
owner,population,0.050384908392890525,0.2713801549273142,,
boundary,population,0.050560689896578144,0.3031626495231949,,
blindness,population,0.05166034209965968,0.42891000655453504,,
revenge,population,0.051760270936225664,0.3000302521702831,,
biscuit,population,0.052747325729841206,0.5110641699943177,,
creep,population,0.05345648331212229,0.34066406749883454,,
spade,population,0.05387539822881673,0.35826707788795675,,
sickle,population,0.05410367601889623,0.47206249817875834,,
dancer,population,0.05414798688249572,0.4145703929522425,,
pant,population,0.054301737324765224,0.29463069708317924,,
drought,population,0.05446341951162931,0.4098847267272539,,
pal,population,0.05469452027653266,0.5013728911431599,,
lamp,population,0.05552974908960481,0.23638925888959075,,
curl,population,0.055654340889397844,0.24775148760037327,,
savior,population,0.055858189468074144,0.37077271971175396,,
bloom,population,0.05604605786853324,0.3045926672828478,,
phlegm,population,0.05604625869615814,0.4398562590404903,,
feature,population,0.05649959576660978,0.284858440296244,,
dough,population,0.05709171183322501,0.39240873381859503,,
evil,population,0.05710974299311393,0.24287814917860656,,
altar,population,0.05731279371084951,0.4633051751431393,,
soap,population,0.05746165765738022,0.2486191075591556,,
loan,population,0.057521234423339104,NA,,Model convergence problem; non-positive-definite Hessian matrix. See vignette('troubleshooting')
death,population,0.05800533458797784,0.08267753447381074,,
sewing,population,0.0584474441408623,0.2585404626739099,,
punch,population,0.05866317938887808,0.4067481700058774,,
frying,population,0.05866613070516464,0.3933960889150938,,
university,population,0.05877599845267178,0.4024989402842786,,
index,population,0.05890427699535862,0.35297193668105004,,
lighting,population,0.05898845404003653,0.24422573586660484,,
motion,population,0.05910333164104444,0.2731293318894359,,
response,population,0.05912263747600083,0.37695484369478394,,
moan,population,0.05974019064222062,NA,,Model convergence problem; non-positive-definite Hessian matrix. See vignette('troubleshooting')
brow,population,0.06015865762006788,0.42272495896872686,,
overflow,population,0.06123262443655343,0.14294359201373832,,
glow,population,0.06131609132196737,0.3432337953373683,,
burst,population,0.06161159203116656,0.161680816947443,,
cap,population,0.061962049514932276,0.2425372121320848,,
kite,population,0.062096789547294674,0.3825604648728424,,
approach,population,0.062251858405525634,0.07907595290473267,"failed to invert Hessian from numDeriv::jacobian(), falling back to internal vcov estimate",
gift,population,0.06243467495943275,0.1557595093438795,,
usage,population,0.06264835515184833,0.42152556693706533,,
leader,population,0.06271418241567456,0.13306134530985925,,
oil,population,0.0627528452014583,0.13346996851831885,,
heat,population,0.06281641902741084,0.02131111297782517,,
helper,population,0.06296754341479033,0.26863154257385424,,
gasp,population,0.06330703462924613,0.24570065179778067,,
activity,population,0.06421882765917343,0.1732119494030549,,
spike,population,0.0642610513291266,0.31870391466283493,,
rum,population,0.0643148171673944,0.501705162288851,,
distribution,population,0.06432110306538935,0.3040425194577164,,
space,population,0.06436378626907278,0.04549863951956709,,
refrain,population,0.06499238550027307,0.3473905857642163,,
pen,population,0.06506700839845894,0.2669384146820697,,
crop,population,0.0652711754169063,0.2310471979240657,,
grate,population,0.06538941716376788,0.35262571516832225,,
epilepsy,population,0.06656646197316726,0.3497587693464108,,
partner,population,0.0666335890490654,0.16561098803987273,,
bog,population,0.06717586289419096,0.3642212711040047,,
neighbor,population,0.06734991606707283,0.19025226711275572,,
trumpet,population,0.06748488503953123,0.22513329053362496,,
hive,population,0.06771493312030062,0.3998574133781216,,
butt,population,0.06771666156369756,0.10709228097009728,,
goose,population,0.06787340355416935,0.23612520402844392,,
runner,population,0.06815419121728163,0.3194313316250793,,
thirst,population,0.06827438539828015,0.1327230933786726,,
pin,population,0.06873453501743762,0.23680863221167123,,
theft,population,0.0688105845597532,0.2225755087087482,,
frost,population,0.06916858552202933,0.3743434538433626,,
pond,population,0.06985531293094202,0.1645287509440702,,
mustard,population,0.070093735694905,0.32851609418338396,,
status,population,0.07056655620182667,0.2743894967997316,,
corn,population,0.07091713166863077,0.2945497061529903,,
comparison,population,0.07108388446919679,0.24997207039902714,,
row,population,0.07168799034455807,0.038040746974172555,,
vegetable,population,0.0717148300251083,0.16848750342641253,,
drizzle,population,0.07189671076762792,0.22266404533681491,,
demon,population,0.07282449072947395,0.43352848668765526,,
grove,population,0.07300639681855435,0.3670019024755115,,
idiom,population,0.07421477109751434,0.5307193986751885,,
grip,population,0.0744953825113589,0.18670131839666898,,
thread,population,0.07647035576949889,0.06611283829345159,,
surprise,population,0.07664848632101229,0.07493394049673859,,
strength,population,0.07680255135887334,0.03106054158882731,,
grave,population,0.0768745312552758,NA,Model convergence problem; non-positive-definite Hessian matrix. See vignette('troubleshooting'),
preparation,population,0.07693609112427871,0.09734337596459514,,
thought,population,0.07724610908860263,0.1182488667608956,,
lure,population,0.07739426992699354,0.31725478133294627,,
shelf,population,0.07751717551411913,0.23689381337952287,,
foliage,population,0.07757995726167295,0.31678921253378894,,
interpreter,population,0.07765565227587419,0.20183403922221582,,
answer,population,0.0779391669768298,0.02382038998341417,,
pebble,population,0.07802518909386946,0.09270517087895905,,
lump,population,0.07814439805452998,0.13731453488879725,,
channel,population,0.07830829055319194,0.24637823950228524,,
lock,population,0.07846328332148945,0.03248811926324502,,
rabbit,population,0.07904522509777667,0.28817088548046654,,
jerk,population,0.07930707887073306,0.22496794268336762,,
fan,population,0.08059243042094438,0.15833220850129776,,
tortoise,population,0.08069147927500732,0.25738557064437906,,
malaria,population,0.08137590555540192,0.39068576937158966,,
depression,population,0.08195594230840927,0.059052046344853046,,
pepper,population,0.08214584117618173,0.17240683980025098,,
bridge,population,0.08275837749996691,0.03681762335094765,,
mango,population,0.08296789802194077,0.42660205163055115,,
lion,population,0.08317991607080961,0.16350625933740612,,
information,population,0.08320648327614297,0.10249032394293422,,
match,population,0.08365313772521522,0.019936587576929992,,
cape,population,0.08371808165124515,0.3331654695430271,,
awe,population,0.08373671956630585,0.29796006907957784,,
coast,population,0.08394740731631747,0.31163644738512075,,
garlic,population,0.08434059163378677,0.24540806726429257,,
formation,population,0.08438460326956078,0.11773217732604599,,
trigger,population,0.08456900805463054,0.30120112787017106,,
god,population,0.08459302114959133,0.17693073176913487,,
cardinal,population,0.08468574407578446,0.27652860518754097,,
talk,population,0.08488164413431824,0.29257060473588054,,
miscarriage,population,0.08515011475712393,0.15327812923450906,,
scream,population,0.08535358284920183,0.08419370719081312,,
shrub,population,0.08543483683858175,0.26105816339347065,,
blessing,population,0.08550383178006628,0.18991402486070186,,
ray,population,0.08572445217122804,0.17727716769236626,,
dye,population,0.08572843824907954,0.07751162983717678,,
paint,population,0.08588035291872446,0.0788040804774854,,
share,population,0.08593076252835302,0.013633495355965303,,
hurry,population,0.08611169904266208,0.03685029577657174,,
wrinkle,population,0.08682007846625847,0.07672169849989281,,
care,population,0.08703724248288361,0.002897804058681334,,
vehicle,population,0.0870775339506342,0.16421422820559134,,
utterance,population,0.08840699885626728,0.15276273390612322,,
content,population,0.08847136704915469,0.0031647889729622203,,
attempt,population,0.0893136475752755,0.026201460377132266,,
sinner,population,0.08955652891677514,0.16966931715581796,,
fever,population,0.09027974108622944,0.024271859922886233,,
mast,population,0.09046047907087147,0.23569939998487352,,
rebuke,population,0.09055594305965683,NA,Model convergence problem; non-positive-definite Hessian matrix. See vignette('troubleshooting'),
tag,population,0.0905723544977794,0.2919573407011512,,
bank,population,0.09074155473089764,0.030337534741030427,,
butcher,population,0.09111330353659164,0.11804840166297252,,
dish,population,0.09186009836772618,0.02430419538235528,,
crane,population,0.0920386948447239,0.1252499966670339,,
bun,population,0.09230258850359306,0.24921345365323727,,
wax,population,0.09252706636541518,0.05025963337222839,,
anger,population,0.09256678878354542,0.012698329865149417,,
duration,population,0.09287538553942593,0.13696665545568007,,
glue,population,0.09317156667296746,NA,,Model convergence problem; non-positive-definite Hessian matrix. See vignette('troubleshooting')
asthma,population,0.0933199583346473,0.15133038640147212,,
goal,population,0.09347408946438579,NA,Model convergence problem; non-positive-definite Hessian matrix. See vignette('troubleshooting'),
midwife,population,0.09374079121643344,0.11901146838669455,,
towel,population,0.09438199117097705,0.08598735214322098,,
tin,population,0.09468612585632893,0.1189698717161208,,
ball,population,0.09488203836944994,0.003922044729035206,,
skeleton,population,0.09493943320691298,0.06731290877140648,,
bud,population,0.09495022867494728,0.08221584184381842,,
coal,population,0.09507198697965857,0.05547317167620599,,
characteristic,population,0.09696718721623653,0.03075732311211657,,
dwarf,population,0.09707527929314963,0.07100119937793072,,
sight,population,0.09739334357766916,0.015155556068781943,,
umbrella,population,0.09812780634008904,0.06305908637423084,,
fighter,population,0.09831192680008986,0.1278358487112553,,
scrap,population,0.09871101887747871,0.1410020541818791,,
research,population,0.0991438916847823,0.12446454294265857,,
groove,population,0.09943426615684013,0.14366886032346773,,
plate,population,0.09950202850917143,0.018842179373136977,,
tale,population,0.09951909934811494,0.1720540267435189,,
gender,population,0.10002511696040581,0.3624944379438405,,
dam,population,0.10028320530704239,0.12631884336378776,,
praise,population,0.10030247289828269,0.028615343926930447,,
clot,population,0.10033441806396783,0.31713748340340303,,
chant,population,0.10062245802880966,0.23323960646573716,,
origin,population,0.10072652413773217,0.08921536439094632,,
element,population,0.1014333491975043,0.20707448482960986,,
topic,population,0.10225681407917885,NA,Model convergence problem; non-positive-definite Hessian matrix. See vignette('troubleshooting'),Model convergence problem; non-positive-definite Hessian matrix. See vignette('troubleshooting')
ceremony,population,0.10227141430683503,0.13121582574292465,,
shame,population,0.10230533077311263,0.00637472651746851,,
instrument,population,0.10263281274266453,0.02271783582185358,,
porridge,population,0.10267494280110284,0.3074986000416293,,
wink,population,0.1028154396940322,0.017770723646344834,,
marriage,population,0.1028778735744563,0.013987101979094143,,
mum,population,0.10311625145007682,0.22322631296855605,,
monster,population,0.10334864079733162,0.1585468624151143,,
destination,population,0.10347474244629593,0.08285910866638165,,
peer,population,0.10451009902801033,NA,,Model convergence problem; non-positive-definite Hessian matrix. See vignette('troubleshooting')
jungle,population,0.10457676473199812,0.368604483094777,,
reason,population,0.10568221107114575,2.8695497426443075e-6,,
plum,population,0.10578007252096926,0.22870535307479425,,
slack,population,0.10639456362921855,0.04333510669852355,,
rumble,population,0.10646443220957956,0.12402386150767145,,
lever,population,0.10656469509682225,0.12189095597759472,,
monkey,population,0.10658798435596083,0.128288252424133,,
steam,population,0.10676474857888563,0.018980565393321488,,
volume,population,0.10677898836974001,0.06800838747806062,,
church,population,0.10684593829103887,0.139177060940667,,
depth,population,0.10701167439667175,0.0185235480922516,,
ditch,population,0.10741328967607348,0.037419674352147124,,
host,population,0.10773111598828854,0.085083925563992,,
trouser,population,0.10787360524696904,0.09558206805447282,,
scale,population,0.1082325315145685,0.001165349824440923,,
pun,population,0.10837262377014463,0.31593957614722107,,
elephant,population,0.10869105219841056,0.13799877363149607,,
stoop,population,0.10884661004056664,NA,Model convergence problem; non-positive-definite Hessian matrix. See vignette('troubleshooting'),
fun,population,0.1089385551653432,NA,,Model convergence problem; non-positive-definite Hessian matrix. See vignette('troubleshooting')
scent,population,0.10905641896546095,0.019441637167253268,,
autumn,population,0.10913243191009854,0.18002446069704725,,
skim,population,0.10925939788999525,0.13133794037237406,,
brush,population,0.10926697135095398,0.01908855952476383,,
gesture,population,0.10944720987907923,0.06905041618417676,,
celebration,population,0.1109060201629942,0.1561832935824751,,
voice,population,0.1110614759661806,5.483355866910535e-4,,
sway,population,0.11106733332289512,0.02902498579873079,,
nurse,population,0.1112895812725251,0.008855239243767367,,
iron,population,0.11160939131806993,4.740551877174489e-4,,
pail,population,0.11186439648522746,0.08205011379469186,,
brood,population,0.11189986430401981,0.10390354832577557,,
shield,population,0.11194698668614421,0.04501611466978202,,
chain,population,0.11207400363031025,0.002026821436706314,,
pity,population,0.11211007872152659,2.6438164129553133e-4,,
contact,population,0.11237290905665256,0.02034199793695764,,
job,population,0.1124607210913101,NA,Model convergence problem; non-positive-definite Hessian matrix. See vignette('troubleshooting'),
ring,population,0.11250083057660605,1.5003429446750654e-4,,
peg,population,0.1127269301530957,0.06285105072537035,,
coffin,population,0.11320823737156281,0.09021163077070454,,
marsh,population,0.11329681021399353,0.10446718996725331,,
kerosene,population,0.1136408142871811,0.2911247505254299,,
march,population,0.11379960862583623,0.007966015742522047,,
foundation,population,0.11392405189662791,0.03086252238787218,,
week,population,0.11402358526546653,0.03268539708000697,,
bay,population,0.11466251678411266,0.17798284897518174,,
farewell,population,0.11550611140413948,0.08164337020078022,,
crown,population,0.11551657785555283,0.006185854549485419,,
manuscript,population,0.11564779046214384,0.14106678905192593,,
missionary,population,0.1161385092095915,0.2031698959322728,,
butter,population,0.11665268323134052,0.06074755297640176,,
cure,population,0.11666201522583425,0.008874356586218903,,
exit,population,0.11667243315985897,0.04883915305337695,,
infection,population,0.11671674849521127,0.10002357143180798,,
den,population,0.11732741602936164,0.3085420114558068,,
inch,population,0.11750772736180479,0.09930617799880266,,
combination,population,0.11776590610351902,0.07017322212179404,,
exception,population,0.11923181858842913,0.022307394829711495,,
dart,population,0.11924212610101366,0.1194920909071831,,
perspiration,population,0.11935869202831882,0.024770686819232095,,
comment,population,0.12034066394865923,0.037048851160035895,,
lamb,population,0.12126478434547132,0.09522721629789038,,
encounter,population,0.12129330794248208,0.011564247922999624,,
gaze,population,0.12159360312910614,0.004294327132988279,,
airplane,population,0.12175778087043292,0.22184803114749227,,
cavity,population,0.12219285952954452,0.008153729953925538,,
handful,population,0.12235562287152231,0.07842263305782293,,
hiss,population,0.1226889346387586,0.034968632938234274,,
brace,population,0.12317201968776634,0.08502688147935464,,
behavior,population,0.12338674412496008,0.017120404752465863,,
medicine,population,0.12360984279164774,0.008532951324218005,,
visit,population,0.12493181419630249,7.347267469327348e-4,,
priest,population,0.1250968290621743,0.059465951195483625,,
prick,population,0.12546580614957278,0.021951454067885318,,
basin,population,0.12581935181416407,0.01196427599224573,,
lack,population,0.12582253365272955,0.012901803700017853,,
stuff,population,0.126154864560089,0.010926975487338926,,
stool,population,0.1261917952920589,0.02742285463814582,,
toy,population,0.126335597605722,0.020485845059082637,,
prayer,population,0.12639846812967453,0.043218785070188864,,
movement,population,0.1267564074256361,0.0039059668032822856,,
funeral,population,0.12693504460395655,0.11140989312922665,,
access,population,0.1270097534819544,0.04222294846289053,,
remainder,population,0.1271536206149773,0.015213739814641919,,
devil,population,0.12793117935388715,0.046060886192764286,,
wisdom,population,0.1281311934497345,0.03902736699471718,,
thief,population,0.12843707215170164,0.0013077411880027888,,
youth,population,0.12878320995105652,0.004637695224438631,,
grape,population,0.1287936329479885,0.05011677144239277,,
fright,population,0.1290120259325896,0.013144331472947145,,
peep,population,0.12939813077883794,0.03595350119708976,,
visitor,population,0.13021048916879582,0.02025734448736966,,
color,population,0.13032469987621895,8.400449765233033e-5,,
discussion,population,0.13084942801505012,0.0014213152500191753,,
list,population,0.13099390401530833,0.03222139010765008,,
possibility,population,0.13121382884218646,0.014468752272025265,,
wolf,population,0.13145847539529626,0.044938993526847944,,
seam,population,0.1314683546288028,0.02688517154112431,,
broth,population,0.13152816306726908,0.0632373654434942,,
war,population,0.13154458436885633,0.0023582207792788557,,
quake,population,0.13165952719182544,0.0050298094128000586,,
rake,population,0.1316900358050614,0.030327300274264325,,
stage,population,0.13285636291377936,0.010305120965685782,,
fringe,population,0.13295497228789868,0.02946008061162904,,
measles,population,0.1331299948922251,0.02643305269974536,,
encouragement,population,0.13313183752599572,0.013074746650482541,,
distinction,population,0.13322813884547877,0.013727626340055865,,
omen,population,0.133335467693798,0.09277234889037268,,
pat,population,0.13339843745961807,0.08692701145547288,,
bellow,population,0.13340208759443706,0.0500138027350879,,
basis,population,0.13343187660943465,0.029597921080219317,,
drill,population,0.13410675549507228,0.02108167918007864,,
sacrifice,population,0.13427622598670164,0.08876534186485216,,
settlement,population,0.1344228519271592,0.10150516152252238,,
purpose,population,0.135075339354438,2.4433919863263324e-5,,
route,population,0.13514847967634305,0.007979580123549808,,
vessel,population,0.13560905329916537,0.03981686637782222,,
cultivation,population,0.13604660553760542,0.08768724289587937,,
whip,population,0.13607516628780744,0.001882182815013587,,
alcohol,population,0.13612937375380713,0.11330172277104102,,
sheet,population,0.1362333318330107,5.554229370656526e-4,,
remnant,population,0.1363132674753368,0.043887382508533544,,
vicinity,population,0.13700869786013614,0.026517255872977603,,
slaughter,population,0.13715141985228585,0.02169539990939533,,
mule,population,0.1378061929955777,0.09552399700691386,,
rack,population,0.13781266971131026,0.06614167394451122,,
wool,population,0.13794793941132358,0.02362618518859878,,
pork,population,0.13803603365788528,0.12790502076169757,,
oath,population,0.1381736901260034,0.015719795531171137,,
jack,population,0.13820000765139837,0.08264796326833793,,
bench,population,0.13835229542501087,0.02250145107847078,,
slit,population,0.13843471762030835,0.022538841288441445,,
extension,population,0.13858986114434121,0.0173895911729124,,
cattle,population,0.13863139395502333,0.038480722688718466,,
image,population,0.13881879137013955,0.013610734557023949,,
burden,population,0.13893120530546793,0.020561271030445243,,
radio,population,0.13941651200926453,0.13404013944381996,,
band,population,0.13942732119548554,0.0029084192018161243,,
angel,population,0.13977518847036177,0.016365687962184294,,
litter,population,0.13986252550433925,0.02943810129230287,,
tug,population,0.14037275844499214,0.05090600637717538,,
frame,population,0.140762629575001,0.001286335464022412,,
reply,population,0.14151013404252316,0.008917099659430475,,
dragon,population,0.1415992882512891,0.08276880498580996,,
permission,population,0.14228457643776377,1.653042722879821e-4,,
lace,population,0.1423400112799282,0.056095332919009096,,
soul,population,0.14251858036880424,0.008137302114175784,,
friction,population,0.14270748181053408,0.009702209994248688,,
love,population,0.1428231287319998,4.843684371661965e-6,,
summit,population,0.14316789987771664,0.02963672622251334,,
journey,population,0.14332132283242652,0.004117419194566324,,
teaching,population,0.144467917570952,0.002109496026131583,,
bracket,population,0.1445515381344224,0.0584254625140873,,
thanks,population,0.14473908918439948,0.006604329194584817,,
ointment,population,0.144868954057173,0.0023998076803036696,,
rescue,population,0.14509862284913957,NA,Model convergence problem; non-positive-definite Hessian matrix. See vignette('troubleshooting'),
treasure,population,0.14650675380390366,0.038945311814397844,,
cork,population,0.14711367490925326,0.01618400134532874,,
chair,population,0.14714977348455427,0.0019154122293644849,,
porch,population,0.14824355260367053,0.05425659414153257,,
intent,population,0.14853432309753667,0.03622675742476312,,
nuisance,population,0.14931873499750709,0.03324361546184378,,
craft,population,0.14940155876063016,0.029264298052349574,,
car,population,0.14977946164920425,0.024830277417447515,,
potter,population,0.1501934201673978,0.03286428821620605,,
tent,population,0.1502397680219494,0.020273663810483143,,
building,population,0.15038258234740812,4.129921567449066e-5,,
event,population,0.15049410084841955,9.429861577042503e-4,,
creator,population,0.15055312876564855,0.02758500242764238,,
loaf,population,0.1508120879665276,0.0397137996664559,,
yoke,population,0.15089969137590312,0.04287416461975278,,
mistake,population,0.15091981507220795,1.5039133683288556e-6,,
goodness,population,0.15162759007597365,0.0028411787614588337,,
magician,population,0.15254108567998068,0.08831693629294432,,
role,population,0.15344565520764214,0.023860586488131247,,
seat,population,0.15429617296367973,3.127273826600796e-6,,
jam,population,0.15447431493109345,0.12018727731007206,,
weight,population,0.15452201509600247,1.0364721091894968e-6,,
rind,population,0.15480899253221986,0.02548903067541901,,
sponge,population,0.15493548865000387,0.015385382726085722,,
peace,population,0.1551649535342744,8.731684893921327e-4,,
gale,population,0.15617713683185722,0.11681860009693425,,
puff,population,0.1561780514183341,0.006541425917295579,,
insult,population,0.15717815883504682,0.0042993563879929865,,
gun,population,0.15728613575922226,0.0020384288252934535,,
design,population,0.15729166551879073,NA,Model convergence problem; non-positive-definite Hessian matrix. See vignette('troubleshooting'),Model convergence problem; non-positive-definite Hessian matrix. See vignette('troubleshooting')
tick,population,0.15744613040993333,0.010673478426703714,,
barrel,population,0.15745212718637144,0.010242720458603945,,
socket,population,0.15786344702573768,0.02427655439609137,,
warmth,population,0.15809436743958458,0.01791781218688247,,
thickness,population,0.1581107198409199,0.006401770447554132,,
stack,population,0.1581240911865692,0.014201201823961136,,
cupboard,population,0.15844723832664734,0.036658731296687105,,
ambush,population,0.15848340862485683,0.019131396475039718,,
plow,population,0.15916127314172135,0.01972386141748027,,
collection,population,0.1592786545169899,0.004933250494486348,,
request,population,0.15929867680283744,2.1877973395896576e-4,,
hatchet,population,0.15948697368557405,0.014861990249131552,,
problem,population,0.159613025438175,0.0234977384356956,,
rag,population,0.15977706674253583,0.002309786566397922,,
knob,population,0.15981901246911137,NA,Model convergence problem; non-positive-definite Hessian matrix. See vignette('troubleshooting'),
companion,population,0.16026104414953882,0.0013255564261526547,,
carpenter,population,0.16045978350589676,9.215242960144483e-4,,
greed,population,0.16071772823151645,0.03826168666534616,,
disease,population,0.16081282432229418,1.5612890859662595e-4,,
eclipse,population,0.16122917986930696,0.008735433067475413,,
jail,population,0.16154931065131894,NA,Model convergence problem; non-positive-definite Hessian matrix. See vignette('troubleshooting'),Model convergence problem; non-positive-definite Hessian matrix. See vignette('troubleshooting')
heaven,population,0.16181172289896217,6.697049647876416e-4,,
warning,population,0.1625576641514798,9.420638589981815e-4,,
ravine,population,0.16262139495092345,0.031551383923204473,,
smile,population,0.16267089456740694,9.998435305258927e-6,,
box,population,0.1627708726243692,2.0248974482755835e-5,,
repair,population,0.1628625739903068,2.956089871280058e-4,,
chill,population,0.16322416972100934,0.007910821742330048,,
measurement,population,0.1632775366844411,0.009847169446817383,,
map,population,0.16348921486252901,NA,,Model convergence problem; non-positive-definite Hessian matrix. See vignette('troubleshooting')
bowel,population,0.163980844979745,1.6067834551485583e-4,,
heating,population,0.1640685708020176,0.013465641553253376,,
smallpox,population,0.16426833583630956,0.036445419874520386,,
copper,population,0.1645559093621254,0.0027455106728327015,,
football,population,0.16462228044398913,0.1220675965470609,,
address,population,0.16505735619952874,0.0028467032372890807,,
shred,population,0.16545449061438594,0.008708517433916886,,
race,population,0.16551994583308371,4.2021320431128174e-5,,
table,population,0.16620358955088838,6.885130052796188e-4,,
cob,population,0.16631131815246994,0.0880088749969544,,
harm,population,0.16661188878804858,0.002462050203626697,,
reptile,population,0.166646713997474,0.015353243036721058,,
illustration,population,0.16705633424291574,NA,Model convergence problem; non-positive-definite Hessian matrix. See vignette('troubleshooting'),Model convergence problem; non-positive-definite Hessian matrix. See vignette('troubleshooting')
powder,population,0.16748476562667944,7.56757618418463e-5,,
gorge,population,0.16757159734981777,0.019079081133963317,,
camel,population,0.16759511814248965,0.05561976744144466,,
parting,population,0.16783590707354876,0.011508672105535153,,
wheat,population,0.16786705431061946,0.016181361686235515,,
attention,population,0.1680338709735087,1.2954615433345082e-9,,
notch,population,0.16833465970100203,0.053671992375189576,,
difference,population,0.1693474644305992,6.327927601829633e-5,,
button,population,0.16939671355444869,0.001920486493536316,,
nun,population,0.16959022027880383,0.047807649880687156,,
arrival,population,0.16962146306616438,4.6366819919938705e-4,,
bulge,population,0.16967473545767758,0.018958635367179826,,
rap,population,0.16981658315433,0.028440749081731408,,
respect,population,0.16988094928403494,5.316313514379675e-5,,
miracle,population,0.17101613554313239,0.0058295695665595395,,
yard,population,0.1710891704561798,0.0012273030070602204,,
interior,population,0.1715251626825401,0.013640310839618279,,
witness,population,0.17162315500939,3.060560463977669e-4,,
murderer,population,0.171836088251199,0.004952410489959461,,
flank,population,0.17212169621321213,0.002570366595242854,,
store,population,0.1722028675523566,1.1251839064418038e-5,,
desert,population,0.17228803480053967,8.537868431538521e-4,,
wrath,population,0.17264546608291548,0.026661919980068033,,
mattress,population,0.1728743795696433,0.011324506561861406,,
whirl,population,0.17307353760240987,0.00562206992461515,,
inheritance,population,0.1735682736121934,0.009842733359912995,,
trim,population,0.17359169744642028,8.994364181513392e-4,,
exchange,population,0.17403841558080668,1.8975800209733657e-5,,
passage,population,0.17444994914141973,7.386549967170429e-4,,
ton,population,0.17512443830022698,0.06998435293507213,,
bachelor,population,0.17518580752780494,2.999018178539556e-4,,
sugar,population,0.1757956503111196,5.820016955687231e-4,,
extract,population,0.1762226740330362,0.016013018784770926,,
wrestling,population,0.17661529133370407,0.03151476169923077,,
scum,population,0.17664491278043687,0.0026948614617951566,,
ornament,population,0.17677368018316433,0.01540595209006248,,
feeling,population,0.17679013423835918,5.646161184801651e-6,,
beverage,population,0.17681074372531855,0.02016062987412056,,
artery,population,0.17702909885122176,NA,Model convergence problem; non-positive-definite Hessian matrix. See vignette('troubleshooting'),Model convergence problem; non-positive-definite Hessian matrix. See vignette('troubleshooting')
glass,population,0.17747905876868472,2.062515971366519e-5,,
worship,population,0.17796755153657992,0.0058654245363357815,,
abuse,population,0.17914432937629468,0.001792767210658429,,
pencil,population,0.17949398786784534,0.004341918708792972,,
testimony,population,0.17961462332256078,0.0017857763881572453,,
board,population,0.1797123928661577,4.052717510250404e-4,,
suspect,population,0.18012263837292436,9.489976787708868e-5,,
truth,population,0.18020676096505445,4.886132963129579e-7,,
luck,population,0.18049206041705407,1.9836878919560636e-4,,
ceiling,population,0.18062155349692616,0.004879541178644571,,
ham,population,0.18066237835869867,0.07114077549539914,,
bulb,population,0.18154533703805587,0.002289536370164727,,
interpretation,population,0.18161146045101065,0.016352684572227248,,
contribution,population,0.1817680836398393,3.2803558028327023e-4,,
shoe,population,0.1819700019960395,3.196996399030838e-5,,
pitcher,population,0.18228528697777005,0.020667999905243144,,
descent,population,0.18243603694982086,0.004160295653266179,,
curve,population,0.18252463135521152,2.8767331349767715e-4,,
mount,population,0.18315021064966525,1.7966119771070007e-4,,
straw,population,0.18369959149354426,0.003040176516357403,,
relation,population,0.18385359270667956,2.298171856397702e-5,,
filth,population,0.1838963938197352,0.010633743341362084,,
temple,population,0.18459854432793163,0.008529637307709016,,
project,population,0.1846536164539908,5.0222457486836935e-5,,
guide,population,0.18507281101003634,5.914473562574093e-6,,
page,population,0.18514174277522052,0.001484682389737259,,
foreigner,population,0.18560415400150077,0.0013270959128776631,,
folk,population,0.18738542475983727,0.012054604252753584,,
gamble,population,0.18775024938680882,0.019694868231201913,,
roar,population,0.18781526282039215,0.002841433978844856,,
shower,population,0.18831324363104154,1.1995196997981098e-4,,
bell,population,0.18878047393594205,7.743906088417767e-6,,
tow,population,0.18895085679976495,0.015095729822494977,,
territory,population,0.1896623498813149,0.005097738675464939,,
prophet,population,0.1896768478447502,0.00728618479349026,,
wedding,population,0.1898884585541631,0.016130374816923313,,
pasture,population,0.1902073207893592,0.018848422931691235,,
puberty,population,0.19069877821206874,0.0211911282646328,,
eaves,population,0.1909302062171904,0.015134512911297873,,
dent,population,0.1910004216609294,0.0306987295123616,,
pea,population,0.19151462633545083,0.004813504750460396,,
quarter,population,0.19154508209371116,2.8740375728845168e-5,,
region,population,0.19155960168268532,NA,Model convergence problem; non-positive-definite Hessian matrix. See vignette('troubleshooting'),Model convergence problem; non-positive-definite Hessian matrix. See vignette('troubleshooting')
rash,population,0.19242214753357895,1.3763952501308982e-5,,
barrier,population,0.19245725704616892,2.5293253628045953e-4,,
bullet,population,0.19266613537965027,0.0019318896529260713,,
doubt,population,0.19344162708747642,7.73105205558284e-5,,
invitation,population,0.19381235943743233,3.312682220173199e-4,,
blaze,population,0.19412851298734957,5.459661041104481e-4,,
spy,population,0.1945095905513191,2.850288081738307e-5,,
festival,population,0.19467906736750537,0.03958371200232771,,
result,population,0.1948239292344236,1.258270792797836e-6,,
assistance,population,0.19491358973530337,1.440178264418103e-4,,
rut,population,0.19504740744911475,0.01788653497441815,,
century,population,0.1953518914024478,0.014160425509338041,,
air,population,0.1955325524378194,1.796067567352394e-8,,
as,population,0.19556571621194133,0.005579601335813313,,
handkerchief,population,0.19597607184857538,NA,Model convergence problem; non-positive-definite Hessian matrix. See vignette('troubleshooting'),
incense,population,0.19602867987308875,0.009697962428151007,,
ownership,population,0.19720568781565137,7.065278848459035e-5,,
organ,population,0.19753221243518465,9.189583374131086e-4,,
sin,population,0.19821944168318523,0.0018137826012278684,,
survey,population,0.19850327139924626,0.0036123456733622725,,
substance,population,0.19879055154823502,9.902359185334384e-4,,
leap,population,0.19906764997771853,8.315284732724208e-4,,
lard,population,0.19909333830584852,0.0127186313914733,,
dot,population,0.1991011999392229,0.0019027294099945905,,
garment,population,0.1999206968881587,0.004104439854006611,,
cock,population,0.19998525991235055,0.0012295029997320284,,
figure,population,0.20020892272257973,2.864742962641205e-4,,
enemy,population,0.2002975459403928,2.3966494178474726e-5,,
discourse,population,0.20030391028253444,0.005519055653444938,,
sadness,population,0.200644464544655,7.069900505238698e-4,,
task,population,0.2009408052817526,5.6149804606624966e-5,,
knowledge,population,0.2017656982561895,4.275734236063049e-6,,
window,population,0.20204597264296095,6.960200987709954e-6,,
drain,population,0.20224365373261916,5.059375446575331e-5,,
purse,population,0.20255582994986857,3.68852554588875e-4,,
funnel,population,0.20261150372295383,5.653265702222778e-4,,
hack,population,0.20293136578440785,0.005083614990370421,,
contraction,population,0.20293595697755337,0.0025155912735708697,,
library,population,0.20350643859608292,0.0016878449153452464,,
sigh,population,0.20554696805861702,0.0030086868993151657,,
jug,population,0.20560207347210127,0.003389625923212153,,
injury,population,0.20566431689906087,4.109377969216712e-4,,
range,population,0.20589366440708934,1.5946685700416618e-4,,
appendix,population,0.20663607023064673,0.02524621175726495,,
proverb,population,0.2067763220152843,0.009779671738842406,,
guest,population,0.20683584423797993,4.18757517003858e-4,,
decay,population,0.2074079575587029,2.6541669875472854e-4,,
file,population,0.2074265598044245,7.273710803747208e-5,,
cement,population,0.20782124787273093,4.1573264713674316e-4,,
command,population,0.20789000230335686,NA,Model convergence problem; non-positive-definite Hessian matrix. See vignette('troubleshooting'),
pocket,population,0.20819100035942567,4.148814027025882e-5,,
astonishment,population,0.20819270224253034,0.0023658556043495258,,
tilt,population,0.20823702414809792,0.002510085973249599,,
wire,population,0.20825067468111222,3.609539908570985e-4,,
rape,population,0.20835627211594207,0.0014566920105579708,,
murder,population,0.20856621206481687,4.6697466626577734e-5,,
trading,population,0.20868967829778073,0.0038883787935582973,,
policeman,population,0.20894230011806503,0.008990334549907804,,
bail,population,0.20912485711981252,4.886374663261614e-4,,
appearance,population,0.2093058282471754,1.0972160352833076e-6,,
peanut,population,0.20945237736367756,0.06944222768070926,,
completion,population,0.20959481373490077,7.513042694500024e-4,,
disk,population,0.2099645820411855,0.0021628730160957186,,
steel,population,0.21029340484361184,7.31985615649309e-5,,
stride,population,0.21030460356877287,0.004702137411378271,,
unit,population,0.21098327181064727,0.0018089569969055607,,
gunpowder,population,0.21100080983912986,0.006757405814199475,,
plot,population,0.21131880163432554,1.3541217946466265e-4,,
development,population,0.2117732001335256,9.898483528476331e-5,,
ward,population,0.2118671936219998,8.928931099662368e-5,,
brand,population,0.21207334108288545,1.548120492093698e-4,,
history,population,0.21211379556594406,2.963735595862907e-4,,
increase,population,0.21239874997856453,4.554370558515837e-7,,
envy,population,0.21273591002274395,8.512998164480339e-5,,
pad,population,0.21332163049520309,0.0010372189917850912,,
comfort,population,0.21364215969259848,1.0284170945814738e-4,,
occurrence,population,0.21388146013007606,0.004163851668658021,,
mercy,population,0.2141654006111229,1.1859476195934718e-4,,
struggle,population,0.21453501275969486,3.9238152767658535e-5,,
vapor,population,0.21474737607874889,6.922192790114903e-5,,
mixture,population,0.2147502434036266,5.1517678983197786e-5,,
ape,population,0.21494307297314066,0.01669747503482019,,
haul,population,0.2149772076117908,0.0064669338508799076,,
tray,population,0.21513462580308632,0.003379002990237684,,
extent,population,0.2151538958171442,3.575303193618434e-5,,
joke,population,0.2158114275799107,2.7279856566872965e-6,,
promise,population,0.21585321590871326,7.164692735704788e-9,,
doll,population,0.21608990940167191,3.8536862633842603e-4,,
preface,population,0.21673810865354012,1.681722675537378e-5,,
plane,population,0.21676020157639342,1.2990209630800307e-4,,
ulcer,population,0.21725803671365018,0.001981655338977275,,
picture,population,0.21823012914456183,7.717071479686523e-6,,
satisfaction,population,0.21828179634550735,4.3580523273741825e-4,,
hinge,population,0.21831619449996356,5.47367910965289e-4,,
patient,population,0.2189572252321238,2.787714128068827e-5,,
captain,population,0.21913661167054085,5.381428203272658e-4,,
aim,population,0.2195303045862328,4.846225028426594e-7,,
power,population,0.2197469565626347,9.054677429410591e-7,,
lemon,population,0.22001073497609286,0.0010558289028364599,,
age,population,0.2200190292832419,3.898354353811006e-9,,
ride,population,0.22020999523107646,7.162651444726384e-5,,
hog,population,0.22042460609838008,0.00533234251571,,
stake,population,0.22118853159954813,1.2066563175462575e-5,,
institute,population,0.22125051758799777,0.011090062891806746,,
team,population,0.2216005898288212,8.527206604131884e-4,,
custom,population,0.22183641392468467,4.58041682896343e-7,,
news,population,0.2219809769196904,2.6377233002764947e-8,,
buck,population,0.2220424968604502,0.003901367440442825,,
meeting,population,0.22245287356907145,9.71582761159066e-7,,
mask,population,0.22258012662971965,0.010978354693691982,,
indication,population,0.22304501562858964,NA,"Model convergence problem; singular convergence (7). See vignette('troubleshooting'), help('diagnose')",Model convergence problem; non-positive-definite Hessian matrix. See vignette('troubleshooting')
tomato,population,0.2232771899885421,0.01705207163056996,,
hospital,population,0.2234046170847993,7.566790385642188e-5,,
kitchen,population,0.22437319558170943,1.347463031276584e-4,,
extremity,population,0.22460266783557786,0.0052207469784511604,,
singer,population,0.22472388171156452,1.0489286541561797e-5,,
resemblance,population,0.2251313767152684,8.898328135415662e-4,,
stove,population,0.2254527380779601,0.005032151509934552,,
cage,population,0.22647259442381262,1.4779746975927618e-4,,
mess,population,0.22648246270942082,8.908940134234355e-4,,
money,population,0.226496965081296,2.1173268236902042e-8,,
gate,population,0.22682918031153695,6.004670841997094e-4,,
rail,population,0.22700432809303847,3.027362605633032e-4,,
stroll,population,0.22725971383068946,0.005529896379359637,,
manure,population,0.2275307107788331,0.0013308437600402572,,
sword,population,0.22766530696667384,5.960859921078035e-5,,
crust,population,0.2277348855892037,6.284749952895443e-5,,
silver,population,0.22781986713427396,5.6912490812720055e-6,,
study,population,0.22808915569596935,6.055813575616555e-5,,
condition,population,0.22862649768770976,6.328270925585977e-7,,
bar,population,0.22900461794027477,2.333449262359585e-4,,
mile,population,0.22958467696820953,5.477845867230052e-4,,
metal,population,0.22967718402060752,1.1403379627216338e-5,,
waste,population,0.22981006804039789,1.0762147158889148e-8,,
beef,population,0.22999896086966307,0.0046703135195577256,,
suicide,population,0.23022290843457793,9.846385122533235e-5,,
sake,population,0.23043563873198522,0.0011810988792330455,,
test,population,0.23119420517542594,3.2979281965592925e-9,,
cheese,population,0.23141792139075726,0.005830775525634519,,
rice,population,0.23154634958178177,0.013602109926646962,,
scarf,population,0.23181878369409098,0.0023243974604317047,,
apron,population,0.23198112142537347,0.008293194482735577,,
desire,population,0.23218204563226305,5.352308975285225e-6,,
author,population,0.23269716828484213,1.1519498133161366e-4,,
lantern,population,0.23274757185788583,4.1573531217079104e-4,,
hay,population,0.2328295143471848,0.007949067398561006,,
signal,population,0.23299438610023146,2.1147957959062e-4,,
landing,population,0.23325252817103573,0.001964199328713101,,
quarrel,population,0.23345379686138137,4.328198549563765e-7,,
border,population,0.23384839030919674,1.574931141034704e-5,,
sob,population,0.23385006226458946,1.1060539825537743e-5,,
lament,population,0.23386139048260574,0.0016903712059276731,,
turkey,population,0.2340531291365883,0.002689629297503921,,
fool,population,0.23407684621496633,1.3322142356034432e-6,,
choice,population,0.23409778152570723,1.2026344658751137e-6,,
deception,population,0.2343653142155635,0.0016847373835567774,,
leather,population,0.23451416104584719,1.8076120128392085e-6,,
stroke,population,0.2347844079503831,7.460612902293845e-6,,
herb,population,0.23485300166248013,7.069368507791554e-4,,
abundance,population,0.23495816551027293,2.1388648234435222e-4,,
switch,population,0.23500893530875064,7.378804470326158e-4,,
forgiveness,population,0.23545466247767952,8.247188674532951e-4,,
absence,population,0.2355576302568927,9.41912793559865e-7,,
necessity,population,0.23577652900703366,3.9260840923442656e-5,,
ice,population,0.2359377381479643,6.326312222411704e-5,,
bath,population,0.23624475622179691,3.8452353587493076e-5,,
shock,population,0.23638068173071008,2.3106927924776606e-4,,
glory,population,0.23645710587254887,1.760802382821128e-4,,
oyster,population,0.23713092555560958,0.018397853150285373,,
tube,population,0.23743079242227905,NA,Model convergence problem; non-positive-definite Hessian matrix. See vignette('troubleshooting'),Model convergence problem; non-positive-definite Hessian matrix. See vignette('troubleshooting')
majority,population,0.23796905813099645,1.9831338548379865e-5,,
spice,population,0.23809062555600385,0.002448457798849428,,
childhood,population,0.2385002591588444,8.434761824048411e-5,,
regret,population,0.23863223365485292,1.393700446446216e-6,,
creation,population,0.2386548580579256,4.6264770230933005e-4,,
wage,population,0.23892395390921425,1.5558082638908906e-6,,
utensil,population,0.2390648515878077,0.0010242938115414782,,
filter,population,0.23916138438303453,NA,Model convergence problem; non-positive-definite Hessian matrix. See vignette('troubleshooting'),
system,population,0.23928931865447559,9.854298544676796e-5,,
trouble,population,0.23995785620941287,1.4946568028225842e-9,,
damage,population,0.24003763473675524,1.793584071406167e-6,,
rustle,population,0.2402682427741933,0.003009406425443593,,
division,population,0.24083354193476855,1.0837593262287593e-4,,
lover,population,0.24084048801746133,3.9231680698431463e-4,,
hem,population,0.24120499469406925,0.0014048185021201592,,
flavor,population,0.24128629817615838,7.748635024705694e-6,,
muzzle,population,0.24138100977792953,4.6656482939029406e-4,,
groom,population,0.24147694677350467,0.008846993857316639,,
bosom,population,0.24189965431573174,0.0011094003205188668,,
torment,population,0.24204401841000994,0.0030199650265427458,,
fuel,population,0.24224802122098496,1.4680651146323982e-4,,
claim,population,0.242526017594085,8.520448093907678e-6,,
worker,population,0.2428215198841876,4.984816702198531e-6,,
protection,population,0.2429498882937881,1.0085007033866275e-5,,
calendar,population,0.24308103575543005,0.0030431988804645793,,
likeness,population,0.24347932629171293,3.7545917741080894e-4,,
accident,population,0.2440868530513673,1.0452318925031803e-7,,
substitute,population,0.2445196346897337,NA,Model convergence problem; non-positive-definite Hessian matrix. See vignette('troubleshooting'),
maize,population,0.2445275525815035,0.016231404956513644,,
fact,population,0.2447853803872424,2.0384289317460024e-7,,
pace,population,0.2449346708803655,8.42023204007909e-5,,
fragment,population,0.24569251029663,0.0013677782300028614,,
brim,population,0.24586031943811631,NA,Model convergence problem; non-positive-definite Hessian matrix. See vignette('troubleshooting'),
hum,population,0.24653722084641277,0.0013675492792149411,,
tiger,population,0.24662328126508762,0.001631471679430219,,
pear,population,0.24680507480018984,0.003715130989177182,,
vow,population,0.247404757097156,0.0013359293179664648,,
package,population,0.24763080529615142,NA,,Model convergence problem; non-positive-definite Hessian matrix. See vignette('troubleshooting')
enmity,population,0.24776737333299756,0.0031887506192419834,,
temptation,population,0.24802281269790447,2.8313475373351544e-5,,
mallet,population,0.2487783502044272,8.651912560764017e-4,,
boot,population,0.24888963578805992,5.759361938166695e-4,,
bolt,population,0.2490193360869924,1.6935312137147368e-6,,
dispute,population,0.249035886471825,5.907664428390508e-6,,
coffee,population,0.2493763126340383,0.006641010229793587,,
advice,population,0.24977682576366264,4.54429407665638e-8,,
deck,population,0.2500193804412029,0.0016053171953616628,,
skill,population,0.25044684957717106,7.23157615767264e-7,,
belief,population,0.25063701819959777,2.318243748559448e-7,,
consumption,population,0.25085937420650384,7.3817464707602555e-6,,
perfume,population,0.2510960580594866,5.174671759804108e-5,,
wealth,population,0.2512720888654239,1.4198863720394177e-5,,
decrease,population,0.25162435053891113,2.1067467963677943e-5,,
disregard,population,0.2519568516243689,7.847926446001729e-4,,
victim,population,0.2519795330464475,2.9816775854960947e-4,,
pillar,population,0.252087497757815,1.1049965818895893e-4,,
argument,population,0.25212382085455004,2.3303061569421614e-6,,
murmur,population,0.2523452680018311,0.0013521203520558151,,
seal,population,0.25271032018943385,2.6671817851017195e-5,,
junction,population,0.2528424572743404,5.534855032876086e-4,,
hoop,population,0.2532697850664406,0.0020313526002190994,,
prison,population,0.25357221305438143,3.3375288028382154e-8,,
chat,population,0.25361907224813823,0.0024259380633445404,,
attribute,population,0.25385407385178566,0.00062357838884968765,,
coward,population,0.254017324515207,4.2388537544730924e-5,,
serpent,population,0.2543193108623061,0.002517397621013902,,
firm,population,0.2545089809625822,1.8771728266808326e-7,,
effort,population,0.25457488694974373,3.503810511522621e-8,,
bin,population,0.254639455988958,0.010488605463880661,,
guardian,population,0.25470282264125976,1.3311949836997895e-4,,
ingredient,population,0.254986897725935,4.951514954453418e-4,,
queen,population,0.25501411773474164,1.3989683849517537e-7,,
existence,population,0.2556653861139048,1.9885516462833316e-4,,
occasion,population,0.2562013704951045,2.229325210779522e-8,,
connection,population,0.2571289480201873,3.470771243508642e-5,,
teacher,population,0.25728768863681906,2.4328082073393775e-8,,
force,population,0.2576351317954833,2.006140875298624e-13,,
prohibition,population,0.2579219357495692,4.4738809294023966e-4,,
smack,population,0.2587408227890961,8.846576111399275e-4,,
errand,population,0.2589600298075205,0.0015656642040850189,,
annoyance,population,0.25948786962133347,9.726782638321857e-5,,
lineage,population,0.2594992930248421,0.01804619394475737,,
nap,population,0.25958899421037823,0.0021890268081718005,,
trader,population,0.2597905232789521,3.012076897525694e-4,,
stature,population,0.26010956309963823,4.178345615730886e-4,,
carrier,population,0.26048233775765905,8.128491709282275e-6,,
liquor,population,0.2606970450607932,7.717869502583747e-4,,
slave,population,0.26085639037991776,2.418060703998483e-5,,
grudge,population,0.2608582576930491,4.939643668500126e-5,,
guard,population,0.26126387235424664,7.021125859966045e-12,,
anchor,population,0.2616170525527737,2.913449835752427e-4,,
detail,population,0.2619386358740779,3.6957164243640135e-7,,
til,population,0.2621911753518108,0.01750343382687606,,
partition,population,0.2623471282526383,1.601912870470367e-4,,
brightness,population,0.26282565945707004,5.445113511920343e-4,,
hero,population,0.26305115337122503,2.4965684285783497e-4,,
quantity,population,0.2639188918967128,9.433874176129754e-6,,
spectacle,population,0.2646580359076435,1.6221467578397264e-6,,
mood,population,0.2651189233048716,0.0016143568807178484,,
rich,population,0.26715153025809046,1.5152325213993223e-4,,
labor,population,0.26723847073867585,3.38922514456017e-9,,
console,population,0.26736188859458127,1.4086893444629375e-4,,
pump,population,0.2674453500479713,2.4992609590399615e-4,,
kit,population,0.2677796486358484,0.005853298582212316,,
mold,population,0.2678125540813714,6.074862188639834e-8,,
melon,population,0.26794639762023775,3.548107192913608e-4,,
bang,population,0.26809553263118113,0.003098256100082022,,
pressure,population,0.26829222154083365,1.302339031593061e-6,,
disgust,population,0.2686407655577388,2.3463396740977497e-6,,
deceit,population,0.26881944168876143,8.939145827820903e-4,,
breakfast,population,0.26887264069518213,4.745906471015386e-5,,
suggestion,population,0.26916973266056454,4.522520472476096e-6,,
challenge,population,0.2693835717184234,5.272342840888956e-6,,
deed,population,0.26943880184629637,2.1701997620204034e-5,,
value,population,0.2696664770774998,3.773079834893193e-11,,
resident,population,0.26969855177070623,6.0341022351648725e-06,,
statement,population,0.26970638827597077,1.0957369756848091e-7,,
heir,population,0.270126640954134,1.978938259957839e-5,,
master,population,0.27032247944977417,1.0177595259578825e-9,,
emotion,population,0.27153496805568594,5.978256491830969e-6,,
glance,population,0.2715912051942279,4.3797665317600184e-7,,
situation,population,0.27169589667676775,1.1809324117255362e-6,,
rush,population,0.2717955669742158,6.418351195873754e-7,,
agreement,population,0.27185753539533186,3.112623201880156e-8,,
treatment,population,0.2720013427070685,2.0276865181839814e-7,,
weakness,population,0.2724639164824202,1.2930668772950728e-6,,
paste,population,0.2731076393014572,1.6634947318897505e-4,,
instruction,population,0.27315667916359804,4.761679401698384e-7,,
learning,population,0.27330487566122574,3.0754469878779834e-8,,
saddle,population,0.27353715384363503,5.32660489052025e-5,,
maker,population,0.2738237040094725,4.507486881458985e-6,,
poverty,population,0.2740117874369442,6.467376604148215e-8,,
rifle,population,0.27445312894313784,0.0027689990082596927,,
sorrow,population,0.27471651229130095,5.091295597200368e-7,,
repetition,population,0.2753983733239671,4.253717920834227e-6,,
thrust,population,0.27569089639346933,1.377039768366787e-4,,
trickle,population,0.27576947892759,0.031775655969051256,"Model convergence problem; singular convergence (7). See vignette('troubleshooting'), help('diagnose')",
cycle,population,0.2759026626487802,0.0032578009982023592,,
yarn,population,0.2759140669386528,3.864277899841509e-4,,
evidence,population,0.2759516304534973,NA,Model convergence problem; non-positive-definite Hessian matrix. See vignette('troubleshooting'),
longing,population,0.2761536544775693,1.2155289111919042e-4,,
parcel,population,0.27622844725956386,5.8007999484661276e-5,,
practice,population,0.2769292485684347,8.829961816988877e-12,,
delay,population,0.27694984433674497,1.781984224859859e-8,,
trace,population,0.27758842141395995,5.498284532120111e-7,,
grain,population,0.2777755563773267,2.3283429247431264e-5,,
sparkle,population,0.2781284574798301,1.813793975543595e-4,,
hardship,population,0.2794173429891042,0.0013409060574745642,,
trench,population,0.2807496125889561,1.166480606794061e-5,,
idea,population,0.2808679970980071,NA,Model convergence problem; non-positive-definite Hessian matrix. See vignette('troubleshooting'),
traveler,population,0.2809926173647024,2.2667232825241713e-6,,
paper,population,0.28119133939591784,2.5146568379769053e-9,,
urge,population,0.2813452355754951,2.585682826856913e-7,,
moisture,population,0.28164416716593804,NA,Model convergence problem; non-positive-definite Hessian matrix. See vignette('troubleshooting'),
rug,population,0.2820229821681087,7.025408311645904e-4,,
chatter,population,0.28238977138706295,2.6467001932415566e-7,,
sir,population,0.28319948435264036,1.2623887082560955e-4,,
benefit,population,0.28329257985323747,7.478785697743562e-7,,
sens,population,0.2835231922036122,1.253979741645665e-4,,
ox,population,0.2841067480520775,3.105685062783379e-4,,
attack,population,0.28438146061829706,4.250226343192769e-10,,
crowd,population,0.28481909399826894,5.001405537003681e-10,,
lord,population,0.2856992369242101,1.0412789748403315e-4,,
robe,population,0.2861987705895553,0.0010127273123489036,,
ridicule,population,0.2863943216771832,8.017233234779607e-8,,
honor,population,0.2870441972518425,3.4609071879992646e-9,,
defeat,population,0.28712894094930264,3.9570490478843164e-8,,
kingdom,population,0.28750747025154266,4.892650284223388e-6,,
paradise,population,0.2875157508768691,1.2264111527308347e-4,,
rule,population,0.28798762139413137,NA,Model convergence problem; non-positive-definite Hessian matrix. See vignette('troubleshooting'),
program,population,0.28802091692210074,3.310631229033815e-4,,
obligation,population,0.28818287718855207,9.985047090141866e-7,,
method,population,0.28828975583831445,NA,Model convergence problem; non-positive-definite Hessian matrix. See vignette('troubleshooting'),Model convergence problem; non-positive-definite Hessian matrix. See vignette('troubleshooting')
remembrance,population,0.288727173119083,2.504199251874902e-4,,
appetite,population,0.2889364797732806,1.5464612481466686e-6,,
hesitation,population,0.2891468203635332,7.333210038234868e-5,,
gas,population,0.2900426944957593,NA,Model convergence problem; non-positive-definite Hessian matrix. See vignette('troubleshooting'),
crash,population,0.29006798741136325,3.7160001357461863e-6,,
report,population,0.2901030110575282,1.9497053669640718e-10,,
idol,population,0.2910782025099422,8.221223836447194e-4,,
crook,population,0.29131898662915273,3.9167245634342e-4,,
purchase,population,0.29135574810529213,7.883112483490911e-8,,
observation,population,0.29234302407042,2.1386107149392317e-5,,
sensation,population,0.292465895808114,2.5755140170540285e-5,,
fore,population,0.29249640776836977,2.472223026066767e-4,,
exhibit,population,0.29264407873509674,6.764516374030851e-6,,
mouthful,population,0.2929423172963234,2.6622121358265766e-4,,
effect,population,0.2930538926344891,7.155651332916256e-13,,
society,population,0.293259469237697,3.1471285356862184e-6,,
gratitude,population,0.2934668626264686,6.083138273404309e-7,,
view,population,0.29389739733577175,1.0245431359050955e-9,,
wheel,population,0.29399997098412994,8.696510086403647e-11,,
sock,population,0.2942091506425293,1.291362650892231e-4,,
gland,population,0.29432657827406067,1.1544531491292762e-6,,
faith,population,0.2944412166680049,1.608531342321637e-7,,
understanding,population,0.29536322487522365,2.6578947662153106e-8,,
epidemic,population,0.2953988324592431,1.4945523848165096e-4,,
objective,population,0.29557950495627155,1.944355085856467e-4,,
departure,population,0.29616961258747526,3.952278446822905e-5,,
pulp,population,0.2963045747750534,9.397910284485889e-5,,
unity,population,0.2971982373367421,5.737902273095602e-5,,
neglect,population,0.29764424604270767,3.649180415350122e-8,,
flutter,population,0.2980112903110533,3.6183330349468405e-6,,
frown,population,0.2990790538094071,5.118790991375556e-6,,
judge,population,0.2990841878060858,1.6639033918481248e-9,,
salvation,population,0.2996542923666847,3.351597601399908e-4,,
brick,population,0.2996592709542739,2.845633023506012e-6,,
kindness,population,0.2997605612187072,1.0914000549760136e-6,,
habit,population,0.30013968787712964,1.2869306450171536e-9,,
expert,population,0.30032435588654094,1.365585997039507e-6,,
difficulty,population,0.3006206995786751,5.0149813436507475e-14,,
confusion,population,0.30086523146269145,2.3014620068243856e-8,,
accusation,population,0.30172107646901264,1.08093141144313e-6,,
compassion,population,0.30203689816369006,7.43319974329058e-5,,
prostitute,population,0.3020803345969938,3.4082179588656575e-6,,
joy,population,0.3023867158822833,1.4680893270858207e-8,,
counsel,population,0.3025977856916879,1.669974818011968e-4,,
hatred,population,0.30279676180093695,2.9082025978198833e-7,,
malice,population,0.30324588786092177,5.592830839770169e-5,,
laughter,population,0.3033248353520317,2.6591794624714858e-9,,
bicycle,population,0.3034341073164009,0.0024499920471631902,,
pause,population,0.3035380734455308,6.729286216871684e-6,,
property,population,0.3036489577145479,1.4077700152368274e-10,,
room,population,0.3040429642929809,5.6863438910328924e-12,,
excitement,population,0.3040552921259428,9.770210343418883e-7,,
breadth,population,0.3060827840887908,5.056948900044666e-6,,
screw,population,0.3064643838070979,2.5792469969537045e-6,,
staff,population,0.3064808793954747,1.4834008964264739e-7,,
tub,population,0.30656756372382915,9.28764436655806e-5,,
distress,population,0.30658285700030186,7.939214094987886e-6,,
ruler,population,0.30659854955457194,7.674746197096204e-6,,
harbor,population,0.3066029803051968,9.406143402053238e-5,,
injection,population,0.3066283940937619,1.4919219786923554e-4,,
health,population,0.3067743339679311,1.553518455485326e-13,,
lodge,population,0.30698290504388354,5.564056373683859e-5,,
doctor,population,0.30774842671822156,8.454170743310006e-8,,
ship,population,0.30789754797998065,2.59923009686592e-5,,
lad,population,0.3079012772017376,1.7485753324174367e-4,,
cushion,population,0.308077183618114,1.4250727843645868e-7,,
trust,population,0.3088871028843529,2.1094881117233196e-10,,
stair,population,0.30969511964173974,1.1277373341383364e-7,,
king,population,0.30981102361873886,4.383700227721983e-6,,
refuge,population,0.3110394381083076,1.5931323749596874e-5,,
pulse,population,0.3113811099865174,2.7981305624619943e-6,,
lunch,population,0.3116927444972065,0.0024322471646683478,,
council,population,0.31178961055636345,1.1677855909357691e-7,,
rage,population,0.3124801661858091,3.527637606413001e-6,,
brook,population,0.31261378001433,1.0330467327915307e-5,,
consent,population,0.31311088014136934,1.3886340889347137e-8,,
angle,population,0.31313893759599754,8.363961096340573e-9,,
pride,population,0.31374682551106525,2.2097189770741227e-7,,
plunge,population,0.3138527348397723,7.77421151868212e-7,,
nature,population,0.31512416039131236,1.8957059894122257e-9,,
plan,population,0.315232837657541,1.0531932812953299e-10,,
contest,population,0.31542427756664604,1.2410453054870419e-7,,
baptism,population,0.3155923266805657,2.420063066305269e-4,,
conversation,population,0.3159635971984101,7.752993664546217e-12,,
error,population,0.31675011588589663,1.4794573009979938e-9,,
payment,population,0.31676373751589326,1.0031213929003264e-9,,
disturbance,population,0.3168006663332495,2.0935324681324282e-7,,
glove,population,0.3176102930319791,1.0202626246427536e-4,,
copy,population,0.3180962776682415,4.805259754208588e-9,,
servant,population,0.31857800322602875,2.6966568477705587e-9,,
pupil,population,0.3188584433120291,NA,Model convergence problem; non-positive-definite Hessian matrix. See vignette('troubleshooting'),
robber,population,0.3194749792228119,1.5418736722793793e-8,,
cloak,population,0.3197713477517247,1.90921443927611e-4,,
guitar,population,0.31987252085488416,8.747693275753676e-5,,
misfortune,population,0.31987426480093745,6.27124436867097e-8,,
punishment,population,0.32045580070058854,1.0136399689944963e-11,,
experience,population,0.32053503941353195,3.668722374931256e-13,,
hour,population,0.3207096289643913,1.9964768251512947e-12,,
madness,population,0.3213580699766962,2.60694762938215e-6,,
gulp,population,0.3217603608492741,5.982175085991165e-5,,
patience,population,0.3221918327463276,3.765354528066302e-8,,
candle,population,0.3228002559564137,9.812925605234921e-8,,
rite,population,0.3232985133596714,0.0037729750214196478,,
record,population,0.32409597407824475,3.886871272034431e-7,,
fashion,population,0.3247654058869603,1.2385223489171107e-9,,
gutter,population,0.3249541071911208,8.144971346985002e-6,,
sketch,population,0.32543591926078796,1.101625391796412e-5,,
moment,population,0.325700693302363,2.0319107969871596e-10,,
plague,population,0.3257738655842614,3.694374319825005e-6,,
consequence,population,0.3258098749925714,3.516619510691827e-9,,
wine,population,0.3260288965420578,2.86199549369775e-5,,
impression,population,0.32612704589082053,1.36079350772966e-8,,
chimney,population,0.32649493459692963,1.8424638065772427e-5,,
arrangement,population,0.3266377155203044,2.0712795539160598e-11,,
issue,population,0.3266397270666544,1.3507747525103651e-8,,
governor,population,0.32673285524914314,1.2456193298482474e-7,,
bus,population,0.3269013879623109,NA,Model convergence problem; non-positive-definite Hessian matrix. See vignette('troubleshooting'),
influence,population,0.3274517868458467,NA,Model convergence problem; non-positive-definite Hessian matrix. See vignette('troubleshooting'),
scholar,population,0.327980930971447,2.827624083189158e-6,,
grant,population,0.32811885980330396,9.435569188960142e-9,,
supply,population,0.3283480985215575,3.3683466937549036e-10,,
link,population,0.3286911972287151,6.479712598001123e-8,,
coat,population,0.3290212407336431,2.3299775596843654e-9,,
fare,population,0.32959650778894833,7.072811404975661e-5,,
agent,population,0.3302845032951277,1.2610409365564548e-6,,
reward,population,0.33029292600646626,5.745924390018038e-9,,
stew,population,0.3316370121387408,6.312772858572007e-5,,
country,population,0.3318379956649083,NA,Model convergence problem; non-positive-definite Hessian matrix. See vignette('troubleshooting'),
trash,population,0.3318674778782728,0.002410971870791653,,
offense,population,0.3326848416447034,9.787721869569582e-10,,
ore,population,0.33284841770059337,NA,Model convergence problem; non-positive-definite Hessian matrix. See vignette('troubleshooting'),
date,population,0.33364385886156456,2.293118435039454e-10,,
silence,population,0.3338769200823886,3.1207302891323527e-10,,
threat,population,0.33554833228332215,5.576295681170343e-11,,
disciple,population,0.3359825069731839,1.7824013200227448e-5,,
debt,population,0.336195085215349,4.574041256219007e-13,,
cargo,population,0.3364577912303261,1.887935008943024e-5,,
reign,population,0.33647889299024547,8.478016268961321e-7,,
horse,population,0.336507585584188,2.597612949765371e-9,,
separation,population,0.336669128136978,2.077529270845234e-6,,
intention,population,0.33685714900555314,1.7194439472525465e-11,,
explanation,population,0.3369907935694103,NA,Model convergence problem; non-positive-definite Hessian matrix. See vignette('troubleshooting'),
sympathy,population,0.3374836116285639,4.765211421662614e-8,,
cake,population,0.3385399825247854,2.4921554340964704e-9,,
assembly,population,0.3386420937959381,1.6635462841999243e-6,,
affection,population,0.3389342479204088,2.7970398202346497e-7,,
accent,population,0.33902314135884437,2.463913999741279e-5,,
disagreement,population,0.3392306235693588,3.0095688727023954e-6,,
opponent,population,0.3395105803424938,9.844717759801978e-10,,
fatigue,population,0.3399849264511041,3.1099789570485604e-7,,
riddle,population,0.3405705385527883,4.258859530989514e-6,,
aid,population,0.3408011776046964,NA,,Model convergence problem; non-positive-definite Hessian matrix. See vignette('troubleshooting')
consciousness,population,0.34080309784633056,3.8880952047638914e-8,,
highway,population,0.34105408096261364,4.0954564588562774e-9,,
roller,population,0.34121057531749205,7.308212598103384e-7,,
announcement,population,0.3417864833775159,1.7585847200858246e-6,,
destruction,population,0.3425939256895398,6.542474006412286e-6,,
flight,population,0.3426268667182331,2.7635941072946465e-10,,
plantation,population,0.3427227600708699,5.322134451757047e-4,,
testament,population,0.34279649411342267,5.526370958333432e-5,,
tor,population,0.34313532072429004,3.3706020631573666e-4,,
jar,population,0.3434993661185483,4.661604962822799e-6,,
happiness,population,0.34425331209407817,1.860441937872483e-8,,
pottery,population,0.34431333458937186,4.578742360345444e-6,,
despair,population,0.34466522443900754,9.5706820424795e-7,,
selection,population,0.3460256466127863,7.192146183668705e-8,,
cent,population,0.3460380588480782,5.303688504130232e-5,,
mankind,population,0.3465625452429893,5.153709825143572e-7,,
imitation,population,0.34688352503168113,2.9351962430253666e-8,,
tone,population,0.34714536926039385,3.586130045841006e-4,,
grief,population,0.3475441365524144,4.236468600225642e-8,,
sample,population,0.3475782872328986,4.813646440980841e-7,,
interval,population,0.34778276504558314,3.1279303058410905e-9,,
pill,population,0.34792592263383587,2.8350339293005317e-8,,
verse,population,0.34803379682383967,4.235936741774369e-6,,
alphabet,population,0.3488517432253489,9.250692474027595e-6,,
stitch,population,0.3489588276445656,1.0188065796995153e-9,,
jet,population,0.3496338589501905,2.992429487710006e-6,,
abortion,population,0.3499098271739558,8.042541354719656e-9,,
coin,population,0.3503408030541996,2.282350558795449e-9,,
accord,population,0.351088097412363,NA,Model convergence problem; non-positive-definite Hessian matrix. See vignette('troubleshooting'),
guilt,population,0.35288196040279124,2.2424047515117379e-7,,
trade,population,0.35293760681208197,1.0128707200657568e-11,,
bond,population,0.35314301796089775,7.150685692965044e-7,,
holder,population,0.3537017118629194,8.749981236550274e-8,,
tailor,population,0.3537599873644751,1.198349530344183e-7,,
beggar,population,0.354356400805934,2.9249869153498435e-9,,
hell,population,0.3544195441376069,3.339544073806221e-9,,
memory,population,0.354883580504334,5.891379654234103e-16,,
trick,population,0.35489818844114773,3.734285681418355e-12,,
dinner,population,0.35535983505402113,3.5593824507685433e-6,,
supper,population,0.3553802154359922,1.1472671908583876e-5,,
breed,population,0.3559207560562184,2.420412556423729e-10,,
provision,population,0.3563900647207862,7.105899691741473e-10,,
scorn,population,0.3564051857594131,4.984733276367125e-7,,
stamp,population,0.35704897012052134,NA,Model convergence problem; non-positive-definite Hessian matrix. See vignette('troubleshooting'),
soldier,population,0.3593804707980701,NA,Model convergence problem; non-positive-definite Hessian matrix. See vignette('troubleshooting'),
confidence,population,0.3594929851215892,3.868381770630702e-12,,
ink,population,0.35997131601519217,2.3909968206064045e-10,,
sleeve,population,0.3600003065946965,2.9777178595427306e-8,,
discipline,population,0.36017223298981427,4.313430719833428e-7,,
account,population,0.36020801501506056,8.928850762064343e-11,,
rumor,population,0.36152190024765213,6.461400104136269e-11,,
quality,population,0.36188274805533016,2.0586817305968217e-13,,
success,population,0.3624582982028337,1.180459138802666e-13,,
fortune,population,0.3626473100545567,1.7612747961265963e-13,,
motor,population,0.3632686141529828,0.0025316229446108213,,
envelope,population,0.36339879354356447,2.352537363864072e-11,,
device,population,0.3634439863509976,3.1717451774954805e-8,,
cotton,population,0.36431777188776715,2.5158761225706245e-9,,
intelligence,population,0.3645520137259353,1.6521645166022436e-10,,
chalk,population,0.3647131264743477,2.278266288296471e-7,,
player,population,0.3651291381216821,1.123534671656474e-8,,
brass,population,0.36538027041876964,2.2011014091149137e-7,,
obstruction,population,0.36547407543833305,9.854377662224295e-7,,
ribbon,population,0.365600306149225,4.812987168756982e-7,,
tune,population,0.36572783188025554,2.4371761411334643e-9,,
marble,population,0.3660302326049797,3.0350565763679143e-5,,
mill,population,0.36619973028898745,2.1744225822105285e-8,,
expectation,population,0.36620857425495223,1.2607951592929633e-8,,
importance,population,0.3676174710238372,9.380264273601512e-14,,
clock,population,0.3678202531053698,5.858653802509778e-9,,
company,population,0.37007436761324264,2.86897222062747e-13,,
book,population,0.3702405884569846,NA,Model convergence problem; non-positive-definite Hessian matrix. See vignette('troubleshooting'),
contrary,population,0.37024823106072785,2.065302382806764e-10,,
concern,population,0.3702796302136996,3.9966577208922664e-13,,
decision,population,0.3708281535111703,8.447070561615433e-15,,
edition,population,0.37115557580632763,1.6297260422649497e-7,,
laborer,population,0.37166809299492004,1.679902497080099e-7,,
birthday,population,0.37191921020877605,3.6323812020074725e-6,,
bid,population,0.3727949021555636,6.93321494918453e-7,,
dash,population,0.3732550677035905,3.890434116680887e-6,,
resource,population,0.37465895162812496,3.4700971430048063e-9,,
tower,population,0.37475421504504275,2.525350337073542e-8,,
crease,population,0.37507807047533,1.9247262761910114e-8,,
clip,population,0.37525452841589707,8.964116994077179e-8,,
consideration,population,0.3769145297527423,1.8053273573874665e-11,,
column,population,0.37733336010577634,3.787092252864626e-10,,
prisoner,population,0.3776618453555574,3.077867712989396e-13,,
beast,population,0.3778397022350259,1.0405661287140873e-7,,
incline,population,0.37934178521601747,1.0632014241517767e-7,,
merchant,population,0.37962517868965817,1.0275148444005785e-12,,
danger,population,0.3796608358736757,NA,Model convergence problem; non-positive-definite Hessian matrix. See vignette('troubleshooting'),
speed,population,0.3798389872871485,9.290914113948323e-15,,
plaster,population,0.3802505968602438,9.45537435510759e-11,,
loss,population,0.3806768446728881,3.411642459754878e-14,,
residence,population,0.38217464227666464,8.440985923435468e-11,,
glitter,population,0.3830841385235686,5.254133753418128e-6,,
ignorance,population,0.38339287569353453,2.6874595408504622e-8,,
truck,population,0.3834117456787589,1.6501708090744578e-4,,
pie,population,0.38369813247436874,8.272197194847481e-5,,
obstacle,population,0.3842588855713508,2.84187443455027e-9,,
pearl,population,0.3843751301076176,3.648688110785511e-7,,
diamond,population,0.38439468081988964,4.198241211328124e-9,,
sum,population,0.384538140764008,3.6070538507041517e-8,,
transport,population,0.3850418109168517,2.294709609505243e-7,,
barber,population,0.3853568244183389,6.388133462666052e-9,,
haste,population,0.3854256859649631,1.732493029719076e-8,,
ease,population,0.38609864169269753,1.2778481890218527e-13,,
lag,population,0.38616447452094455,1.1524866104518627e-4,,
torture,population,0.38640690351527907,1.169568259116862e-6,,
town,population,0.3871398639893148,1.0308728662473988e-11,,
endeavor,population,0.38722906222402514,6.580406662598593e-8,,
compensation,population,0.38831738141288985,6.804874715054455e-6,,
ion,population,0.38943254314242487,2.4951311889495403e-4,,
collar,population,0.3894625228526424,1.957103986106763e-11,,
gold,population,0.38948148643182423,2.5110722623149892e-12,,
lady,population,0.3900420331638393,8.654361777554677e-10,,
stain,population,0.3906462446566574,1.6677614145820004e-12,,
engine,population,0.39161597782798824,3.087469410930147e-8,,
product,population,0.39170193193795955,NA,Model convergence problem; non-positive-definite Hessian matrix. See vignette('troubleshooting'),
district,population,0.3917326269833136,1.5748102026936683e-7,,
wagon,population,0.39187431916316295,1.1140522125178799e-4,,
warp,population,0.39262038590652026,5.661262235753682e-6,,
complaint,population,0.39291912903871057,1.5793777148055262e-11,,
era,population,0.3932346450489331,1.5381352790812098e-4,,
conclusion,population,0.3941979139724342,1.0447770293647656e-11,,
victory,population,0.39428501701182794,3.6169693186742044e-10,,
grace,population,0.3946528289198825,2.950267189315921e-14,,
authority,population,0.3947549335123185,NA,,Model convergence problem; non-positive-definite Hessian matrix. See vignette('troubleshooting')
print,population,0.39596417022552544,1.815923504733065e-11,,
gin,population,0.39714378057232746,8.70187832716123e-6,,
halt,population,0.3982035835533401,1.1994505484263912e-9,,
din,population,0.39828470936590854,5.6657823680560474e-5,,
diet,population,0.39856151546364915,5.060115384185759e-8,,
disaster,population,0.3986778164863752,2.8613527260736104e-9,,
tendency,population,0.39954017044388956,5.917990109156257e-9,,
farmer,population,0.39997448002597663,2.718720921656009e-7,,
penalty,population,0.400340666246407,5.597355670736031e-9,,
atmosphere,population,0.4011050573480516,5.665520854032332e-8,,
interest,population,0.4018924862204665,5.791816438657048e-20,,
charm,population,0.40196992611072774,1.9755845428441003e-8,,
ability,population,0.402486088899419,9.312227000610433e-16,,
association,population,0.40280537130590677,NA,Model convergence problem; non-positive-definite Hessian matrix. See vignette('troubleshooting'),
safety,population,0.40303002793421705,2.621297381382961e-14,,
retreat,population,0.40413481061002837,2.480055271864881e-9,,
neighborhood,population,0.4043789110039061,7.540021649309786e-8,,
temper,population,0.40525161199558946,3.696250474831029e-12,,
excuse,population,0.40546206496726694,8.24116092176314e-14,,
population,population,0.4076432008249895,2.215418139241551e-6,,
fault,population,0.4089857855410447,1.827276019763267e-15,,
minute,population,0.4091987760360148,2.0873379021727396e-15,,
courage,population,0.4096732580221147,5.709354871168982e-13,,
polish,population,0.4097508201753516,1.5461067032737432e-15,,
professor,population,0.4098535210889598,1.0556528784047339e-8,,
stocking,population,0.41017758846130675,3.173447528039258e-8,,
wit,population,0.41053666450678616,9.477023610332465e-11,,
competition,population,0.4106294849036954,2.7653609010315133e-8,,
misery,population,0.4112025960285114,5.392821227286699e-8,,
fling,population,0.4124260351499475,6.713065326767192e-8,,
representative,population,0.41259122933025244,6.352271348168327e-11,,
flag,population,0.4126271219591331,3.8081556321560286e-15,,
token,population,0.41299660615588757,1.4801606797959361e-9,,
ban,population,0.4131751798298474,0.014198884481937589,,
law,population,0.41348819798063213,3.791941052276084e-16,,
price,population,0.41360444206023395,6.781533825230179e-23,,
arrest,population,0.41387597684806415,1.8155176660694758e-14,,
remedy,population,0.4144801737671793,1.2498360351105828e-8,,
arch,population,0.41492329903220815,2.1893198895296397e-7,,
assault,population,0.41525308285201423,5.360346911604687e-11,,
battle,population,0.4153532696730479,4.39104466402685e-11,,
veil,population,0.4171314345397355,1.172488558226176e-8,,
relief,population,0.41738541038524996,1.2819309596700328e-10,,
reel,population,0.4182176649558616,1.4895129545368057e-7,,
debate,population,0.41870351381984944,2.43825435395198e-8,,
grade,population,0.41932014578702614,4.909037829974811e-6,,
control,population,0.4196014833387074,1.2967484813208904e-12,,
pledge,population,0.41968445762698925,2.092548790893379e-9,,
service,population,0.4205545232951749,2.3276817636813973e-16,,
attitude,population,0.4219614457566885,9.77982980703151e-13,,
acquaintance,population,0.42392905952191795,4.5905610579654386e-14,,
ally,population,0.4244995275575979,9.61964943877584e-8,,
opportunity,population,0.4250261516287766,5.0623465692235727e-20,,
judgment,population,0.42537329723383993,3.931699074618953e-12,,
jacket,population,0.42612719440478325,3.5242286683324188e-9,,
transfer,population,0.426195273820943,2.5142447352422582e-11,,
delight,population,0.4270958760846424,5.093184960768828e-9,,
display,population,0.4278606218208976,6.025178956187713e-12,,
fabric,population,0.42821106383256496,5.522400480512412e-7,,
carpet,population,0.42837546246080704,7.229759651111148e-10,,
sale,population,0.42919573587894616,7.015437630431138e-14,,
chamber,population,0.4298821447690608,4.598212729447534e-10,,
candy,population,0.4300758478788848,1.148721524446171e-5,,
curtain,population,0.43070616042393906,2.2983939902359e-13,,
vinegar,population,0.43133573152819155,8.963683356222284e-10,,
farm,population,0.43137891057053085,1.2957455175294901e-5,,
score,population,0.4316810014404192,2.6373060198517042e-9,,
agriculture,population,0.432082469237066,5.312296317822524e-9,,
party,population,0.43253014342162144,1.1354024754416665e-15,,
contract,population,0.43264259285151574,5.921597094278909e-18,,
anxiety,population,0.4326652476504647,8.593189044672235e-12,,
exhaust,population,0.43345396124047453,5.170176818761778e-9,,
mistress,population,0.43363786668160026,2.2698012646134377e-9,,
maid,population,0.43407081140638426,1.2878673523144398e-9,,
prosperity,population,0.4341449297303559,1.619835338501447e-7,,
contempt,population,0.43584688095709945,2.9465233729546233e-8,,
holiday,population,0.4366617326681226,2.015018017762133e-6,,
tomb,population,0.4371059998884795,2.819176215175143e-7,,
opinion,population,0.43730968100791767,6.352722229988862e-18,,
violence,population,0.43812619839557,7.520119451593224e-8,,
card,population,0.438213166613832,5.6718753384643925e-9,,
conflict,population,0.43837718902699724,6.915790030325438e-6,,
friendship,population,0.43989342071609727,1.018885519326164e-13,,
port,population,0.4403427131452839,3.142041717377895e-8,,
reprimand,population,0.44139537695375325,1.1192950444481174e-10,,
keeper,population,0.4416132454621883,1.3841360577063987e-10,,
opposition,population,0.4422907445774804,2.540011072469222e-10,,
inn,population,0.4450412613026933,6.321092790077193e-7,,
suit,population,0.445908212375711,3.3583920745937218e-15,,
exercise,population,0.4468735042796277,2.1540606549056713e-17,,
trial,population,0.4478533269573505,4.645168477802838e-10,,
occupation,population,0.4483323688885422,7.383249129277316e-15,,
idiot,population,0.44959361034764755,2.386401525452293e-7,,
multitude,population,0.4498595878507557,1.119186059163337e-5,,
deposit,population,0.4504405521304206,NA,Model convergence problem; non-positive-definite Hessian matrix. See vignette('troubleshooting'),
sport,population,0.4508571622909916,2.772417329800542e-10,,
writer,population,0.4513686585999222,3.282134303749144e-11,,
remark,population,0.4519367685317252,1.516926894905715e-10,,
driver,population,0.4521315297131903,1.7836092559107405e-12,,
caution,population,0.45420806327442276,1.2707060058483462e-11,,
equipment,population,0.45471493686593123,2.8701841500480028e-8,,
nation,population,0.4553687170088571,2.33653039592967e-11,,
salute,population,0.4558475776554214,9.404615108565848e-10,,
application,population,0.45840176303796554,1.9725989935085258e-12,,
uniform,population,0.4593403555563296,3.0646968075317033e-13,,
furniture,population,0.4595457236745787,4.597010686606491e-13,,
bill,population,0.4607198319869734,1.9828821182271204e-12,,
reserve,population,0.46083119225887625,1.5004395023824073e-12,,
energy,population,0.4611824530242366,2.033733874880824e-12,,
chapter,population,0.4619321121377182,1.2930395519770883e-8,,
circumstance,population,0.4635801726587446,NA,Model convergence problem; non-positive-definite Hessian matrix. See vignette('troubleshooting'),
reproach,population,0.4641576665388283,1.5063952968475794e-7,,
hedge,population,0.46522587147304184,2.662161988202791e-7,,
pleasure,population,0.46600000179025064,9.890670108389294e-16,,
balance,population,0.4662395106184267,1.9659883981240766e-16,,
progress,population,0.4667866971872001,3.661666017532642e-20,,
chance,population,0.46724709189746094,1.3059485378360832e-20,,
student,population,0.4702969071328802,6.062408327602756e-13,,
responsibility,population,0.47071401393787166,6.195110348321581e-14,,
nonsense,population,0.47090684417591994,6.077333073664355e-11,,
religion,population,0.47163166371616905,5.136089014558387e-13,,
dollar,population,0.4717998334603399,1.6077685966952175e-4,,
nerve,population,0.4734734642146881,NA,Model convergence problem; non-positive-definite Hessian matrix. See vignette('troubleshooting'),
fort,population,0.47419925753199915,2.47495405802949e-8,,
van,population,0.47427689006886953,6.723662424409345e-5,,
education,population,0.4750215046149789,1.2608839572870204e-12,,
fee,population,0.4759336492744697,3.9211787502070147e-10,,
fountain,population,0.4760589047045615,3.977214472848547e-12,,
mode,population,0.47614136822405057,7.868134494625994e-7,,
solution,population,0.47850140213560244,1.5217985259204682e-10,,
music,population,0.47945906237877367,9.495353925386071e-16,,
succession,population,0.47997552174914376,1.0306031937433362e-12,,
temperature,population,0.4801388603029444,NA,,Model convergence problem; non-positive-definite Hessian matrix. See vignette('troubleshooting')
rank,population,0.4805180275019441,3.0960610339140946e-13,,
fate,population,0.48099088152018465,5.820298715325136e-11,,
cost,population,0.48120544829602735,3.168806232371262e-17,,
market,population,0.48191736591428586,5.567943185416861e-11,,
performance,population,0.4834783502558806,8.811888916439921e-13,,
lust,population,0.4852597792822089,NA,Model convergence problem; non-positive-definite Hessian matrix. See vignette('troubleshooting'),
profit,population,0.4856717721671645,9.948170584685575e-18,,
conscience,population,0.48655678135756664,4.2489499402437645e-11,,
disposition,population,0.48668627518256385,5.129000448064973e-12,,
tumor,population,0.48683373738023933,1.0230587166050141e-10,,
lawyer,population,0.4871958288646562,1.9497795548724658e-10,,
tank,population,0.4891863343657409,9.528237592830773e-11,,
reality,population,0.48967906700196917,1.6194196696826934e-15,,
freedom,population,0.4908158280633704,8.78694348296421e-17,,
draft,population,0.49114404206221624,1.5873112947677583e-14,,
justice,population,0.49114982672306906,2.0274135233658313e-15,,
title,population,0.4915172297399068,2.3448771052941577e-11,,
painting,population,0.495918731920022,3.197490156301931e-10,,
police,population,0.49642340895925263,NA,,Model convergence problem; non-positive-definite Hessian matrix. See vignette('troubleshooting')
document,population,0.4977019599201995,2.4476454601369244e-10,,
rent,population,0.49863889115950855,2.289220590407643e-19,,
baggage,population,0.4991808424594933,1.9334931268944494e-12,,
limit,population,0.5021164331055304,NA,Model convergence problem; non-positive-definite Hessian matrix. See vignette('troubleshooting'),
hint,population,0.5025941391438182,7.241416486503715e-14,,
canal,population,0.5034536641717269,1.4400334832301766e-10,,
fraud,population,0.5036979621252493,1.8292008134854526e-11,,
bribe,population,0.504624392118092,3.2419037291510944e-16,,
demand,population,0.5047003274730824,4.431489871469733e-17,,
train,population,0.5058214756895236,7.52862712360943e-17,,
machine,population,0.5060484369931053,4.204643487974465e-14,,
city,population,0.5063899447809721,4.4588188778976415e-14,,
procession,population,0.5065473608945688,3.003965533065065e-11,,
tax,population,0.5076179494984651,1.2423432033396209e-17,,
defense,population,0.5094318627119987,9.831119920252487e-16,,
officer,population,0.5097149282813905,2.0730304128177284e-14,,
dagger,population,0.5097739489942011,1.524848267031097e-7,,
prize,population,0.5121180463050721,4.020844572852827e-15,,
disgrace,population,0.5127585842929534,2.0887249666227978e-13,,
defect,population,0.5146792688091857,7.6704453824189e-18,,
mail,population,0.5162680397378857,1.034909719502357e-14,,
throne,population,0.5174225890289033,1.139333622842812e-12,,
decline,population,0.519314456709413,9.755406672161665e-14,,
literature,population,0.5202290668023943,1.4972330745544507e-9,,
china,population,0.5206782612768384,1.1495322421471577e-9,,
beauty,population,0.5220459152224849,1.283649992247334e-18,,
escort,population,0.5226182310017872,1.3246194098193195e-9,,
organization,population,0.5257165483650414,1.1356968425678831e-13,,
com,population,0.5271730320230075,8.293307150969175e-10,,
government,population,0.5304230498651026,NA,Model convergence problem; non-positive-definite Hessian matrix. See vignette('troubleshooting'),
principle,population,0.5326781759482179,2.2075317140872568e-14,,
communication,population,0.5341742490105371,3.360470067891631e-15,,
counter,population,0.5343896439457603,2.6781154821616834e-15,,
conduct,population,0.5345284577695272,3.560118312909455e-18,,
cart,population,0.5346607237122886,7.631143956565567e-15,,
harmony,population,0.5365803218890829,1.6299869261980284e-12,,
clerk,population,0.5379127548446094,4.706408880150837e-15,,
minister,population,0.5380432729791742,4.458002765448931e-12,,
screen,population,0.53892401506254,2.0507338052870624e-17,,
proof,population,0.538989708236355,4.2967299642373833e-19,,
failure,population,0.5425899091591855,1.7512077263161382e-13,,
model,population,0.5454989085172198,4.245251446096058e-16,,
hall,population,0.5488371042281697,3.8679322127856805e-13,,
court,population,0.5495557710805657,9.539348978510265e-26,,
follower,population,0.5510834027162712,3.2418414310171144e-12,,
esteem,population,0.5514343279693378,5.334544438400253e-15,,
security,population,0.5515669992037169,8.079641071921231e-18,,
appointment,population,0.5518476001290183,2.1023326364861352e-16,,
sauce,population,0.5521256210366658,1.5012357080505727e-9,,
alarm,population,0.5538986049426161,1.287357689321019e-17,,
capacity,population,0.5557742730246273,7.370277565669906e-22,,
production,population,0.5574556533959498,1.9371454141632118e-13,,
appeal,population,0.5620825544803183,3.744261290375637e-15,,
department,population,0.5622287124184857,1.0604428753794363e-12,,
passion,population,0.5626708167262015,6.682638420002558e-16,,
passenger,population,0.5639348377545356,1.6032881981591676e-12,,
reputation,population,0.5641106259074452,NA,Model convergence problem; non-positive-definite Hessian matrix. See vignette('troubleshooting'),
inquiry,population,0.5643913215449098,8.186227324655993e-18,,
president,population,0.5670286519571889,2.8128910392460018e-11,,
meter,population,0.5678049468821614,1.1703428305638622e-10,,
credit,population,0.573823037374933,2.1978207372697918e-16,,
affair,population,0.5814924562847166,3.3967880569776324e-21,,
calamity,population,0.5816550767175978,6.572744570571082e-13,,
lesson,population,0.5822069234710469,3.275014260817039e-23,,
pardon,population,0.5825901891953329,2.0581915556299158e-16,,
saint,population,0.5892786772252244,4.139088548137766e-12,,
commission,population,0.5930708750648672,3.114571082641099e-17,,
prince,population,0.5941143623472589,3.7792663725675944e-13,,
fame,population,0.5943135476049527,4.3120941130391266e-17,,
drawer,population,0.5948198529928754,1.0848462061393744e-15,,
suspicion,population,0.5963082648877854,7.392262672977086e-20,,
hemp,population,0.5965985298482499,3.127823525857973e-12,,
college,population,0.5972823989273367,3.8476692147315684e-14,,
shop,population,0.5999667506463963,4.979738741409836e-19,,
street,population,0.6039753225732033,1.675745531847443e-17,,
training,population,0.6070683209396811,5.954367222080479e-13,,
fund,population,0.6078340266441253,6.180387210903976e-14,,
advantage,population,0.6117694773634281,4.617072809264655e-28,,
surrender,population,0.6136981905617435,7.46970755466636e-18,,
gentleman,population,0.6142966223116143,3.082856927242486e-15,,
army,population,0.6157569368042256,7.999474289659024e-18,,
employment,population,0.6158448279295806,4.8771480911859725e-18,,
palace,population,0.6166433639186671,3.0339122415920286e-11,,
station,population,0.6190752447680908,1.1025509879205183e-16,,
printing,population,0.6191017186963824,3.9128410626871046e-19,,
silk,population,0.6228306315079298,3.4246830693331024e-24,,
operation,population,0.6300172854876099,2.0795814312246945e-21,,
rebel,population,0.632194621418159,3.055939101996052e-15,,
risk,population,0.638221552127203,7.281284705298077e-19,,
duty,population,0.6460319570625395,1.0169382689790297e-28,,
secretary,population,0.6464485633721595,NA,Model convergence problem; non-positive-definite Hessian matrix. See vignette('troubleshooting'),
rate,population,0.6502065149154208,5.921717496888768e-19,,
virtue,population,0.6548183195133591,1.5578271970072584e-17,,
office,population,0.6611443797008207,1.3061755171615505e-26,,
capital,population,0.6631756042554906,1.5714495396060691e-27,,
vote,population,0.6650448179991234,4.846126862859928e-13,,
merit,population,0.6717964434225171,4.6417223872714726e-17,,
disorder,population,0.6809661341129433,5.268938211372439e-20,,
acid,population,0.6845959794084796,4.206163601753905e-18,,
profession,population,0.6902658991168936,4.728913726875113e-22,,
bargain,population,0.6904827706186326,4.1514504431533106e-19,,
estimate,population,0.691276077888695,1.581129287420637e-20,,
drug,population,0.6970538924728346,NA,Model convergence problem; non-positive-definite Hessian matrix. See vignette('troubleshooting'),
business,population,0.7003259031754508,2.8560572004077117e-36,,
film,population,0.7030181460659366,3.3014106919384687e-15,,
province,population,0.7135436832730496,1.9932960749650497e-16,,
science,population,0.7161956583244169,1.0237563034628336e-19,,
tile,population,0.7187092695418893,3.606837420446508e-21,,
union,population,0.7236265210661349,1.7008145892638206e-22,,
telephone,population,0.737332487616272,1.2673562028782916e-4,,
examination,population,0.7418350474371387,7.660773832830253e-21,,
salary,population,0.7450393514929656,NA,Model convergence problem; non-positive-definite Hessian matrix. See vignette('troubleshooting'),
troop,population,0.7499964193636217,8.679857375742138e-16,,
crime,population,0.758455158614196,3.987199485188901e-22,,
expense,population,0.7984942608304739,2.547279222560807e-32,,
newspaper,population,0.8385324303855615,1.3256814457960567e-20,,
cash,population,0.8719034806009087,NA,Model convergence problem; non-positive-definite Hessian matrix. See vignette('troubleshooting'),
berry,subsistence,-1.3497608330519062,2.7279960560807926e-10,,
variant,subsistence,-1.076943864096536,NA,Model convergence problem; non-positive-definite Hessian matrix. See vignette('troubleshooting'),
hunting,subsistence,-0.8801777550995412,2.9768697592226957e-8,,
backbone,subsistence,-0.782837825067843,3.604485562814176e-7,,
killer,subsistence,-0.7822701256386562,0.001502867156446412,,
camp,subsistence,-0.7815365585570577,1.318072201513661e-5,,
sibling,subsistence,-0.7772734081077949,0.044064671544674285,,
grandparent,subsistence,-0.7713897444490292,0.014382572155560889,,
trail,subsistence,-0.7644348634993315,9.548055251882415e-5,,
policeman,subsistence,-0.7492853175704965,0.0012271799456084445,,
data,subsistence,-0.7335455758679799,4.2776293833499834e-4,,
spear,subsistence,-0.7334893707385144,8.009971588087565e-5,,
creek,subsistence,-0.7291079719515481,0.007712560349877625,,
papa,subsistence,-0.7183112452698405,0.02824993915203763,,
hunter,subsistence,-0.7140587437844007,1.7795104046821013e-5,,
swimming,subsistence,-0.6978660077714102,7.919465755789467e-6,,
kinship,subsistence,-0.6949554238436545,0.016508833420112154,,
stress,subsistence,-0.6759018700639722,0.005168692343750405,,
contrast,subsistence,-0.6758371624328409,3.163038343662154e-4,,
rifle,subsistence,-0.67248547971343,NA,Model convergence problem; non-positive-definite Hessian matrix. See vignette('troubleshooting'),
belonging,subsistence,-0.6695108063398743,0.0037186545476331784,,
blanket,subsistence,-0.6520780463420497,6.209122567306582e-5,,
entry,subsistence,-0.6348821966454824,0.028746642394703606,,
category,subsistence,-0.6241423600550439,0.0047574274804585755,,
growl,subsistence,-0.6205675868564664,0.00032133983650910035,,
canoe,subsistence,-0.61418458675086,0.06059240105286366,,
shaft,subsistence,-0.6105648429804279,0.002984187700373077,,
drift,subsistence,-0.5954671950516542,0.00631263650080729,,
bait,subsistence,-0.5912584478995196,0.0012411101005569173,,
niece,subsistence,-0.5887335215048036,0.0013031695719530145,,
beach,subsistence,-0.5722415350997713,0.03413874207586156,,
sequence,subsistence,-0.5589473504143556,0.0030440948588012448,,
arrow,subsistence,-0.551180440758666,0.001867841699327596,,
hunt,subsistence,-0.5479795110469197,1.4330057621935694e-4,,
nostril,subsistence,-0.5434899333334903,NA,Model convergence problem; non-positive-definite Hessian matrix. See vignette('troubleshooting'),
context,subsistence,-0.5408390165107125,0.0055758916281597555,,
horizon,subsistence,-0.5383338080036243,NA,,Model convergence problem; non-positive-definite Hessian matrix. See vignette('troubleshooting')
bay,subsistence,-0.5371777823128658,0.026990070656266563,,
bladder,subsistence,-0.5312068408672712,7.517654843914467e-5,,
chop,subsistence,-0.5263634605531153,3.8507723195039346e-4,,
seal,subsistence,-0.5237496766919949,0.018949121346842544,,
one,subsistence,-0.5185586006969336,0.008243275285185049,,
snow,subsistence,-0.5120455797913924,0.03026420778450329,,
duration,subsistence,-0.5099724068079924,0.0056755569787944405,,
fluid,subsistence,-0.5083621701320603,NA,Model convergence problem; non-positive-definite Hessian matrix. See vignette('troubleshooting'),
widower,subsistence,-0.5035568503003353,0.004376396301760964,,
roofing,subsistence,-0.4969895706722959,0.07729609838012941,,
mother-in-law,subsistence,-0.4965524308964936,0.015446829769464323,,
shelter,subsistence,-0.49331466641643923,1.6831889526823235e-5,,
hip,subsistence,-0.485101713289553,1.636452499167834e-4,,
ambush,subsistence,-0.4842228334300222,0.018003216259292437,,
container,subsistence,-0.48155634746780895,0.11358788339464225,,
eater,subsistence,-0.48142717743362584,0.013912926875625096,,
shore,subsistence,-0.47922227900361575,0.0039296077238261205,,
bone,subsistence,-0.4739303468636977,1.4350403795616054e-6,,
fish,subsistence,-0.47244153305216935,0.0038571109601529393,,
net,subsistence,-0.47243553521031173,0.06822317839418539,,
cape,subsistence,-0.4722987340204539,0.016861291975533932,,
anchor,subsistence,-0.4698754051474453,0.05628267737155728,,
example,subsistence,-0.4687262712194448,0.10599716353208469,,
grandchild,subsistence,-0.46616362285291,0.01647134289132774,,
quiver,subsistence,-0.4637424221432863,0.005597041876324708,,
gut,subsistence,-0.46351660218309176,0.025748010107817854,,
tide,subsistence,-0.46247889588678465,0.10252323910428286,,
gall,subsistence,-0.4610667777745107,0.0011416296719809098,,
fart,subsistence,-0.460051709506033,0.019962334819715998,,
forearm,subsistence,-0.45914351405046977,0.04217555653073981,,
eagle,subsistence,-0.4573482940926872,0.006671740438673474,,
fishing,subsistence,-0.45286179128712434,0.02365791970237314,,
brace,subsistence,-0.4500455094686447,0.039423698146110554,,
area,subsistence,-0.4478114185274264,0.033132866408689066,,
distribution,subsistence,-0.4472695282460604,0.012487427954046067,,
marker,subsistence,-0.44648486796569065,0.22263181673983914,,
tea,subsistence,-0.44605489702954076,0.01719210869557105,,
smoking,subsistence,-0.444262156879383,0.0032532053341752677,,
river,subsistence,-0.44373469367120194,0.0022031887661016925,,
puberty,subsistence,-0.4422715981685919,0.11046804083830382,,
whisker,subsistence,-0.4421420026151191,0.027530674088002766,,
tendon,subsistence,-0.4407727296875401,0.015842619881827145,,
wail,subsistence,-0.4389463456246654,0.025298810765968557,,
wave,subsistence,-0.4370148122245643,5.505273210927875e-5,,
surface,subsistence,-0.4355964822051856,0.003686043452198488,,
whale,subsistence,-0.4346673481324293,0.12482482678149283,,
ghost,subsistence,-0.43345163110650164,0.0021829977653946776,,
axe,subsistence,-0.4308476520643248,0.012875362675509672,,
paddle,subsistence,-0.42879734341097586,0.050551188014472954,,
wind,subsistence,-0.4287753950860139,6.384304096807225e-7,,
brother-in-law,subsistence,-0.42585823584409,0.02955645953079415,,
item,subsistence,-0.42539101782198574,0.012387064579187233,,
reprimand,subsistence,-0.4243007819447139,0.11066523329025658,,
vowel,subsistence,-0.4237109118450022,0.10764950346208434,,
lake,subsistence,-0.4220846407919976,0.012757270611109492,,
carcass,subsistence,-0.42183592959275734,0.0407648255461711,,
track,subsistence,-0.421688264036865,0.005396949940613191,,
father-in-law,subsistence,-0.4214867423445477,0.05903498734397869,,
meat,subsistence,-0.4195183415328881,2.2304700588896584e-4,,
reader,subsistence,-0.4193801358456691,0.03371153109648243,,
rib,subsistence,-0.4192535871704254,3.0836120447811385e-4,,
fire,subsistence,-0.41875725405998787,4.1789733148650634e-06,,
others,subsistence,-0.418716341574186,0.0034651440080096995,,
moonlight,subsistence,-0.41717549818514743,0.017763785298972355,,
skin,subsistence,-0.4167771937157826,2.473923226895201e-5,,
spouse,subsistence,-0.41591578128484197,0.07862476804070967,,
rock,subsistence,-0.41588292069414645,0.0010355599963800517,,
flow,subsistence,-0.4150240872223136,8.890417270833976e-4,,
hare,subsistence,-0.4127485303554198,0.1217480552615882,,
marrow,subsistence,-0.4123182186969104,0.005675369141805086,,
daylight,subsistence,-0.4114642626099143,0.03064393391482565,,
noose,subsistence,-0.41129080400277823,0.10466058655562926,,
armpit,subsistence,-0.40835809480762064,0.014856579268663392,,
gathering,subsistence,-0.4079823095102039,4.3074432220494e-4,,
tasting,subsistence,-0.4060549204455188,0.009818385873778935,,
ocean,subsistence,-0.40590259426761843,0.020437609810384977,,
footprint,subsistence,-0.40331229564055904,0.02442211838350271,,
flesh,subsistence,-0.4010267311482972,0.0018602492781460878,,
dive,subsistence,-0.40032392853824966,0.012322372005601582,,
grammar,subsistence,-0.39952441556229373,0.03795684312149775,,
bucket,subsistence,-0.3991916023530752,0.007299071665726528,,
fog,subsistence,-0.3990323190467059,0.0069958871563465,,
exclamation,subsistence,-0.39556247318328974,NA,,Model convergence problem; non-positive-definite Hessian matrix. See vignette('troubleshooting')
tent,subsistence,-0.3955064870263697,0.05336394119548466,,
crackle,subsistence,-0.39180982531209807,0.09231355515743118,,
shovel,subsistence,-0.39140087529300666,0.03215901401552782,,
knee,subsistence,-0.38853682420529284,3.733651102865324e-5,,
extremity,subsistence,-0.38723881958637,0.14925319155000447,,
tape,subsistence,-0.3867296705193148,0.010612752506793515,,
clam,subsistence,-0.38658776885516066,0.24615504218445586,,
culture,subsistence,-0.3864455476078885,NA,Model convergence problem; non-positive-definite Hessian matrix. See vignette('troubleshooting'),
reflection,subsistence,-0.38509549717991887,0.03324534812433403,,
pounding,subsistence,-0.3850469424860469,0.08421621682241211,,
emphasis,subsistence,-0.3815999088535241,0.006221375605563193,,
sister-in-law,subsistence,-0.3804175557523675,0.06746312355722195,,
dialect,subsistence,-0.37964562939012186,0.1333063139660403,,
carving,subsistence,-0.3792756305297716,0.07571258229186027,,
cry,subsistence,-0.37790924042841373,NA,Model convergence problem; non-positive-definite Hessian matrix. See vignette('troubleshooting'),
mate,subsistence,-0.3777167352642313,0.030126111958081358,,
appendix,subsistence,-0.3774130756048131,0.11886543145479864,,
headache,subsistence,-0.37687535861743604,0.01765276456252939,,
landing,subsistence,-0.3760158745147961,0.09001787463393113,,
ridge,subsistence,-0.37473317272951057,0.025872293499172236,,
travel,subsistence,-0.37446415873847105,0.0015679605157150067,,
cheek,subsistence,-0.3727502662040371,2.574563418845097e-4,,
introduction,subsistence,-0.37231993067045693,0.010199201864493862,,
stab,subsistence,-0.3712843761304851,0.009596258438923644,,
aka,subsistence,-0.3686160225489095,0.3624030634831967,,
muscle,subsistence,-0.3678893200372689,0.009092517555533983,,
brush,subsistence,-0.36669448334210003,0.00925631071973534,,
buffalo,subsistence,-0.3663470937803427,0.24629824661885727,,
consideration,subsistence,-0.36541340212516815,0.06932860042599796,,
speaker,subsistence,-0.36540577063550816,0.02786761071175371,,
group,subsistence,-0.36441342084789713,0.043413326262574596,,
coffin,subsistence,-0.3619556444785574,0.07368758801090876,,
winter,subsistence,-0.3614273765817465,0.07898377129750163,,
liver,subsistence,-0.3580901991960355,0.0035760822350744174,,
arm,subsistence,-0.35750439197789524,1.0922269948805856e-5,,
kettle,subsistence,-0.35728936248421983,0.07644092137559748,,
pronunciation,subsistence,-0.3539349979063949,0.05489098771228353,,
sucker,subsistence,-0.35358715874125973,0.1171533738628457,,
navel,subsistence,-0.3534090561941344,0.016326165605051162,,
linguistics,subsistence,-0.35208836950144357,0.3138799309782292,,
glance,subsistence,-0.35105163816443846,0.07806021235254781,,
text,subsistence,-0.3495967044678187,0.1726118322759689,,
daytime,subsistence,-0.3483306603531492,0.14869359197868395,,
distance,subsistence,-0.3474443825956952,1.8304484309591542e-4,,
belly,subsistence,-0.3454566120531478,0.016179194486483004,,
bow,subsistence,-0.34529846416672993,0.003060483894295883,,
clause,subsistence,-0.344596619256904,0.20186156858968596,,
eye,subsistence,-0.34300019946361615,8.257424816763122e-7,,
baking,subsistence,-0.34245025806930407,0.13720226953312087,,
stove,subsistence,-0.3413815932007589,0.15118700741639116,,
sand,subsistence,-0.3409794634776158,0.0026947765093723827,,
direction,subsistence,-0.34004978050371365,0.0038948861122413392,,
leg,subsistence,-0.33879912528374456,7.082263960444953e-4,,
bump,subsistence,-0.3385036528931637,0.08256242514280916,,
nape,subsistence,-0.338284924925047,0.07644422981366038,,
baby,subsistence,-0.33815804492648666,0.06553486365710576,,
channel,subsistence,-0.3381453928035763,0.11804544067090235,,
island,subsistence,-0.3371641187179704,0.13125955743117868,,
bullet,subsistence,-0.3364415722430372,0.04307644330725498,,
cliff,subsistence,-0.33515835340732025,0.11276983245285313,,
forehead,subsistence,-0.33443791104964077,0.008278395565517575,,
hop,subsistence,-0.334040062445305,0.01293328611831495,,
detail,subsistence,-0.33365050889317405,0.06250809877485107,,
slide,subsistence,-0.33300120557614477,0.0322405565229669,,
scrap,subsistence,-0.33253364180252004,0.09972870225380834,,
moss,subsistence,-0.33174217742691897,0.10834744587911294,,
string,subsistence,-0.33105716111635525,0.002401798050398506,,
breathing,subsistence,-0.3307971577411862,0.02022800278287497,,
grease,subsistence,-0.3302133653690518,0.03969392627704204,,
research,subsistence,-0.32911757438479133,0.11509916226459797,,
autumn,subsistence,-0.3289855337382813,0.18285022844534835,,
goose,subsistence,-0.3286145312443817,0.06267533815596404,,
symbol,subsistence,-0.32859450644575755,NA,Model convergence problem; non-positive-definite Hessian matrix. See vignette('troubleshooting'),Model convergence problem; non-positive-definite Hessian matrix. See vignette('troubleshooting')
throat,subsistence,-0.3281404313990685,4.3067317819580654e-4,,
jaw,subsistence,-0.32772695763998355,9.114505397547739e-4,,
breeze,subsistence,-0.3253576530839379,0.020298243529638167,,
fur,subsistence,-0.3252352562244427,0.08392806746418108,,
structure,subsistence,-0.32498450026582254,0.053360187383986984,,
splash,subsistence,-0.32471073043203447,0.059603653983383256,,
lace,subsistence,-0.324059057784364,0.14827583067575578,,
bark,subsistence,-0.32390875525004603,0.01083077569780416,,
abdomen,subsistence,-0.32163345645156916,0.052916712706333864,,
goodbye,subsistence,-0.3207732211677032,0.4602393468628984,,
body,subsistence,-0.3193748493077489,0.001458770619503698,,
water,subsistence,-0.31830478037145377,2.1709736053867343e-4,,
sunlight,subsistence,-0.31650755286196475,0.12623314525363452,,
mouth,subsistence,-0.31547949616369136,4.9687982094864e-4,,
howl,subsistence,-0.31536134535687343,0.05153669477400334,,
painting,subsistence,-0.3135877443873035,0.1612803232341668,,
lily,subsistence,-0.31349317918247616,0.17016271227397836,,
spirit,subsistence,-0.3126343259948887,0.01492841079425121,,
eyebrow,subsistence,-0.3115555282897425,0.03604426151357547,,
echo,subsistence,-0.3111190698786892,0.0403295287153631,,
relationship,subsistence,-0.31010994438327166,0.047362022365441514,,
survey,subsistence,-0.30960469149132264,0.1275553422485087,,
band,subsistence,-0.3072576043836594,0.029272050792124416,,
wolf,subsistence,-0.30516595302819194,0.1400870109985742,,
blaze,subsistence,-0.30454665415739907,0.12761739285891283,,
desert,subsistence,-0.3032255335240569,0.07559736139207865,,
shadow,subsistence,-0.3028153542332928,0.004824028705978015,,
publication,subsistence,-0.3020932396288119,0.10724155057047718,,
anus,subsistence,-0.3004903452010353,0.07361609243545598,,
cone,subsistence,-0.2979967894742797,NA,,Model convergence problem; non-positive-definite Hessian matrix. See vignette('troubleshooting')
slap,subsistence,-0.2978447660906008,0.06689768077583656,,
eyelash,subsistence,-0.2974635959014881,0.07540656066770768,,
feces,subsistence,-0.29673763606935044,0.20084116954344908,,
being,subsistence,-0.29638547614741223,0.17112161395454026,,
firewood,subsistence,-0.2952786692615725,0.13654919131783674,,
urine,subsistence,-0.2933165250741895,0.026337588457227005,,
groin,subsistence,-0.2915582070836214,0.14332336122998152,,
extent,subsistence,-0.29075783286287327,0.09619786400696784,,
material,subsistence,-0.28810058151397494,0.021604092662270036,,
signal,subsistence,-0.2880889603806438,0.09355230920031216,,
sky,subsistence,-0.285690192845653,0.0060378514848775594,,
spring,subsistence,-0.2853637010460428,0.0040992224256526134,,
jack,subsistence,-0.2835334427354857,0.2561810858246262,,
rush,subsistence,-0.2833506534325128,0.0725153084805635,,
spit,subsistence,-0.2830693925878578,0.014059466079199083,,
elbow,subsistence,-0.2828397291674411,0.017566089312482526,,
nipple,subsistence,-0.28248035130773913,0.031110627560942083,,
bush,subsistence,-0.2811474726894911,0.08819542176383585,,
waterfall,subsistence,-0.2798301172637913,0.11232878713282692,,
cloud,subsistence,-0.27979670086819936,0.013240560324844228,,
tail,subsistence,-0.27817495016991123,0.0034523046003469555,,
toy,subsistence,-0.2776260861051865,0.060312897446530754,,
ankle,subsistence,-0.27748133905380734,0.028099816175306536,,
doorway,subsistence,-0.27718683993111626,0.25536469201625855,,
translation,subsistence,-0.2752102408366679,0.17005279452253516,,
ice,subsistence,-0.27390187391511056,0.13532195875435507,,
hand,subsistence,-0.27261019140576226,2.558067968803184e-4,,
shoulder,subsistence,-0.2724653184429391,0.002362613550566899,,
buttock,subsistence,-0.27187400283140195,0.06868574705023715,,
nose,subsistence,-0.2715286989689812,0.002898292794528946,,
south,subsistence,-0.2710422304722052,0.08752429949938717,,
chest,subsistence,-0.26985255726770185,0.007197401664443259,,
drill,subsistence,-0.2678992944098394,0.09924785014936244,,
spark,subsistence,-0.2652053043039433,NA,,Model convergence problem; non-positive-definite Hessian matrix. See vignette('troubleshooting')
sock,subsistence,-0.26473361457487493,0.23480334604279512,,
mast,subsistence,-0.264693728238463,0.3314083993805941,,
excitement,subsistence,-0.26452255133878977,0.26168476882829095,,
gamble,subsistence,-0.2640632302279363,0.26739881246470243,,
spine,subsistence,-0.2628390674536607,0.0797455434016148,,
clothes,subsistence,-0.26191250373202074,0.017142766110200176,,
chin,subsistence,-0.2611227461722023,0.11040660743184405,,
lap,subsistence,-0.26070032570990564,0.09406605190991557,,
difference,subsistence,-0.2592910268673413,0.04354123995360863,,
sack,subsistence,-0.25909083762735996,0.07292694855410682,,
mission,subsistence,-0.2584812354601949,0.13517100684981057,,
formation,subsistence,-0.25768409263899383,0.1161978440408278,,
paint,subsistence,-0.25751366730739805,0.04715191350441762,,
kick,subsistence,-0.2574812794584848,0.03165458848973549,,
orphan,subsistence,-0.2572562486402436,0.06415016003764863,,
boat,subsistence,-0.2566273029448075,0.142131886944615,,
foot,subsistence,-0.25652138704613414,0.0014935650951520716,,
toilet,subsistence,-0.2540378501276064,0.27620235977139457,,
breast,subsistence,-0.2524209528692807,0.013671582682951702,,
food,subsistence,-0.2514890683672384,0.012783408755893807,,
limb,subsistence,-0.2491952232592235,0.0685336154473829,,
nephew,subsistence,-0.24850539440895278,0.15475601515585363,,
log,subsistence,-0.2472555192805112,0.13530556671543573,,
deck,subsistence,-0.2468031247927446,0.3533157646576561,,
game,subsistence,-0.24307886802251533,0.03758355969419965,,
uncle,subsistence,-0.2421465473453207,0.12403255685607738,,
bog,subsistence,-0.24130352070260944,0.2592482211299767,,
site,subsistence,-0.24100634296321488,0.20498833748231346,,
crowd,subsistence,-0.24020783486944736,0.10078163197588656,,
whistle,subsistence,-0.23929948453408267,0.061881902544236714,,
itch,subsistence,-0.2382128879287106,0.058517049849630146,,
remark,subsistence,-0.23607267616177546,0.3227982139655613,,
bottom,subsistence,-0.2342252510796241,0.01874713282154339,,
hug,subsistence,-0.2342130204680726,0.21856160472374792,,
garment,subsistence,-0.23360101672361858,0.2954650484386462,,
hole,subsistence,-0.23315853771132955,0.018200455234235257,,
position,subsistence,-0.23304173393210545,0.08947540514797403,,
power,subsistence,-0.2328225488765467,0.0916539017627547,,
punch,subsistence,-0.23274595217706628,0.23213309740576626,,
partner,subsistence,-0.2323279265158212,0.1656027081674921,,
laugh,subsistence,-0.23228594364865734,0.027680021665675607,,
whirlwind,subsistence,-0.23175857484958448,0.1569843945515944,,
shin,subsistence,-0.23175439977634976,0.33197684260988775,,
heel,subsistence,-0.23125042745749974,0.01504550295377281,,
daughter-in-law,subsistence,-0.23106543441706834,0.2631660372942685,,
combination,subsistence,-0.23104362125717823,0.28127331650592713,,
cycle,subsistence,-0.22839518125938316,0.4299682915202154,,
storm,subsistence,-0.2263174980131195,0.0871240205143851,,
kerosene,subsistence,-0.22594422014328164,0.3975387037872766,,
file,subsistence,-0.22562539808797952,0.09315468739908236,,
son-in-law,subsistence,-0.22524708131822635,0.23421293326489956,,
wrist,subsistence,-0.22449067942711937,0.1027765965528771,,
parent,subsistence,-0.2242513929884731,0.07376345869996719,,
stump,subsistence,-0.22376908795789757,0.11564196422897033,,
provision,subsistence,-0.2235254527081175,0.2703689979543584,,
version,subsistence,-0.22299308768040893,0.26824118767838057,,
star,subsistence,-0.22296977784005703,0.02763091659739593,,
destination,subsistence,-0.2222036730410194,0.2228945454775794,,
spill,subsistence,-0.22095146765483825,0.15216631662898655,,
scoop,subsistence,-0.2204781424300432,0.22693237143808845,,
cousin,subsistence,-0.2201718404998243,0.1805676402006726,,
circle,subsistence,-0.21939024646958563,0.028075008477568452,,
chase,subsistence,-0.2192659861897852,0.10836628430227753,,
display,subsistence,-0.2191727020603213,0.31109230982767366,,
location,subsistence,-0.21878689403030038,0.3982123507625688,,
joint,subsistence,-0.21729709825397078,0.2215671120616446,,
grass,subsistence,-0.2172782449807744,0.08589739033812942,,
saliva,subsistence,-0.2170824277815347,0.13089932391175682,,
west,subsistence,-0.21634641103097024,0.14666495771499358,,
twine,subsistence,-0.21628464222953855,0.240788348493104,,
sore,subsistence,-0.215954286958381,0.4336493260792115,,
leak,subsistence,-0.2157166328251208,0.10593065189614032,,
torch,subsistence,-0.21567202057985485,0.1520104276910964,,
contact,subsistence,-0.21352549283231742,0.18691900952640667,,
vehicle,subsistence,-0.21258648468442212,0.29529487819035166,,
crab,subsistence,-0.21251785366103793,0.30043789809918686,,
necklace,subsistence,-0.21225428683820521,0.17559802763140275,,
tongue,subsistence,-0.21139291038177535,0.015822593473858143,,
rabbit,subsistence,-0.21013831709341996,0.31559853833600077,,
hair,subsistence,-0.20977730913987092,0.007429979763323758,,
taste,subsistence,-0.20878111665778956,0.024058163861746223,,
spray,subsistence,-0.20798344829259652,0.2967953571657375,,
description,subsistence,-0.20774292857671314,0.22909688486963947,,
breath,subsistence,-0.2053923320451558,0.011970469014803002,,
dwelling,subsistence,-0.2050490206837421,0.31197838330784566,,
variation,subsistence,-0.20439222853972686,0.36486325181664847,,
intestine,subsistence,-0.20427706514583033,0.1426874287956528,,
smear,subsistence,-0.20397404853599624,0.3090524893061582,,
cigarette,subsistence,-0.20334282138534757,0.4138281435904772,,
foam,subsistence,-0.20228653422200177,NA,,Model convergence problem; non-positive-definite Hessian matrix. See vignette('troubleshooting')
toe,subsistence,-0.2011032948892937,0.11185472958521822,,
monster,subsistence,-0.2010695091685589,0.32257808285740486,,
fungus,subsistence,-0.1982787074509635,0.3554533770470768,,
wake,subsistence,-0.19647087654690662,0.1796439178488987,,
sewing,subsistence,-0.19634581119852584,0.23126082080267055,,
mountain,subsistence,-0.19628390202924206,0.19578417919521235,,
soup,subsistence,-0.19537285095540033,0.3255994079596709,,
mosquito,subsistence,-0.19511498801483212,0.2088855219839941,,
foliage,subsistence,-0.19494075007451878,0.40722207972216334,,
territory,subsistence,-0.19261601315700275,0.3316852885754661,,
feather,subsistence,-0.19256622392720338,0.07413285208470846,,
source,subsistence,-0.19180027727963858,0.0903121104324276,,
biscuit,subsistence,-0.19148861963271932,0.38418277493164243,,
feature,subsistence,-0.19127919298213392,0.25030679157490215,,
grandfather,subsistence,-0.1910436664870173,0.22979252736507927,,
dog,subsistence,-0.1902799506462641,0.08522013886483407,,
cradle,subsistence,-0.19001847910470238,0.33614213054237563,,
fat,subsistence,-0.18985766004085117,0.05511413443974512,,
flap,subsistence,-0.18866894789158115,0.22168757830718064,,
obstacle,subsistence,-0.1885842575483768,0.4136572026959846,,
smoke,subsistence,-0.18832259673207255,0.04102704559300929,,
cupboard,subsistence,-0.18792360669324393,0.43025272506750917,,
grandmother,subsistence,-0.18783923643752182,0.26796998873430583,,
wrap,subsistence,-0.18695178150916758,0.16030445382166092,,
fork,subsistence,-0.1864185616387298,0.19901061978142878,,
information,subsistence,-0.18637579223880268,0.21354263722039113,,
search,subsistence,-0.18628025498090553,0.09492327649272399,,
preface,subsistence,-0.18585708165642373,0.26487121110738143,,
stomach,subsistence,-0.18546609300849207,0.08880233830559615,,
cluster,subsistence,-0.18518282576807824,0.3026397726439216,,
voice,subsistence,-0.1845936225855331,0.0880530318368413,,
north,subsistence,-0.1844310601194458,0.2395508919833452,,
puppy,subsistence,-0.18391346231205158,0.43159636496643417,,
tribe,subsistence,-0.18373984936931753,0.41044471711598013,,
thigh,subsistence,-0.18282333722679367,0.17963552826309886,,
creator,subsistence,-0.18151667945594005,0.37799462631117287,,
reference,subsistence,-0.1794656019547243,0.36581991071827535,,
loop,subsistence,-0.17890406487640367,0.457137866362049,,
club,subsistence,-0.17874175889453398,0.22143390394844437,,
haul,subsistence,-0.1786166533294554,0.44733894819271947,,
bite,subsistence,-0.17805937344605352,0.07210276702372703,,
midst,subsistence,-0.1777393831770283,0.4115351672673993,,
sleep,subsistence,-0.17742315737043654,0.026579661582042228,,
decoration,subsistence,-0.1772827093203798,0.34485354404197643,,
tear,subsistence,-0.17723914370536725,0.023493838602327313,,
yawn,subsistence,-0.17713089227511694,NA,Model convergence problem; non-positive-definite Hessian matrix. See vignette('troubleshooting'),
bag,subsistence,-0.1770985086038339,0.11731606318619807,,
palate,subsistence,-0.17662654457219437,0.2752213269879601,,
pop,subsistence,-0.17642511935671337,NA,Model convergence problem; non-positive-definite Hessian matrix. See vignette('troubleshooting'),
east,subsistence,-0.1762382529577678,0.17525436284866205,,
fold,subsistence,-0.17619422984754082,0.15354876759231142,,
mouse,subsistence,-0.17610779965572151,0.1603682291073742,,
herd,subsistence,-0.17597836766225414,0.32382185215038856,,
scalp,subsistence,-0.17494008459412305,0.4793951118110658,,
cooking,subsistence,-0.17487927702743608,0.24478814393334225,,
rudder,subsistence,-0.1745327393036271,0.46496589839760555,,
possibility,subsistence,-0.17356477872624193,0.3256942282261088,,
womb,subsistence,-0.1735083356697344,1,,
exhaust,subsistence,-0.17350641523293575,0.45654228509700295,,
hill,subsistence,-0.17310681820833498,0.262862967727879,,
experience,subsistence,-0.1730481240424128,0.27014920203436704,,
daybreak,subsistence,-0.17241504796455795,0.2634108724316355,,
ore,subsistence,-0.17091212233818212,0.6037353249638774,,
burst,subsistence,-0.16967320554352158,0.15222990000861758,,
frog,subsistence,-0.16935704535233095,0.25057061122072016,,
shed,subsistence,-0.16811912405109336,0.2344869348455098,,
puddle,subsistence,-0.1657641723767794,0.3381168602805757,,
nuisance,subsistence,-0.16562794326028862,0.4321809973031187,,
feeling,subsistence,-0.16530947154212072,0.1879445196859811,,
disposition,subsistence,-0.16472856625414195,0.5474550117715776,,
kidney,subsistence,-0.1641059790432288,0.21380078984136114,,
teeth,subsistence,-0.16374866855158451,0.09502177508405583,,
owl,subsistence,-0.16231499582549602,0.2383202969777589,,
generation,subsistence,-0.1617572060027258,0.2564745804634827,,
kin,subsistence,-0.1604793159183189,0.46032920934576604,,
wood,subsistence,-0.159507930606018,0.11466176385863638,,
approach,subsistence,-0.15871796544771297,0.11797576527264525,,
presence,subsistence,-0.15822344758324325,0.23628036633423968,,
sap,subsistence,-0.15738076757901728,0.3329175083863477,,
index,subsistence,-0.15720466520611998,0.4209773606434405,,
skull,subsistence,-0.1570866861087192,0.19405345226744963,,
whisper,subsistence,-0.156849395033248,0.2158659522481375,,
crumb,subsistence,-0.1562888467034822,0.39744340870102235,,
thumb,subsistence,-0.1550973954933141,0.18507355553277857,,
tip,subsistence,-0.1550100188984328,0.1896915873097245,,
stream,subsistence,-0.15386695680617385,0.3886111560891462,,
sight,subsistence,-0.15370944211767393,0.2254782448359534,,
lung,subsistence,-0.15367010330168826,0.26417739836863635,,
sens,subsistence,-0.1525095923597816,0.5075009758080813,,
apron,subsistence,-0.1519318071589407,0.5332035613803239,,
fingernail,subsistence,-0.15158712751254677,0.5670080898511441,,
pregnancy,subsistence,-0.15140639990076626,0.43070173870727435,,
bandage,subsistence,-0.15130607344185235,0.23133646387666132,,
story,subsistence,-0.14982773298751556,NA,,Model convergence problem; non-positive-definite Hessian matrix. See vignette('troubleshooting')
ray,subsistence,-0.14904405442959423,0.43905756100525806,,
depth,subsistence,-0.14843415749910657,0.31972187592859574,,
warmth,subsistence,-0.14653515910962037,0.49037024171528004,,
pole,subsistence,-0.14589124543853588,0.23219448775017992,,
noise,subsistence,-0.1455749081322072,0.18375332377081896,,
animal,subsistence,-0.14494272388266172,0.19278074542205653,,
dirt,subsistence,-0.14462794672550955,0.17657525889584239,,
summit,subsistence,-0.14438887945992318,0.4849316188528511,,
trap,subsistence,-0.14431436958332775,0.32343117482475525,,
plug,subsistence,-0.14344961122151517,0.48944442045224434,,
definition,subsistence,-0.14337549680289643,0.3874517172898414,,
usage,subsistence,-0.1433442938284271,0.509905174433812,,
friction,subsistence,-0.14223792660562756,0.36391351736053956,,
narrative,subsistence,-0.14114583308959472,NA,Model convergence problem; non-positive-definite Hessian matrix. See vignette('troubleshooting'),
edge,subsistence,-0.14008370348942423,0.1549661668234969,,
burrow,subsistence,-0.13957624149891212,0.5633234963393678,,
message,subsistence,-0.13923662510319076,0.3260344520171153,,
university,subsistence,-0.13879916924549465,0.5118052855148434,,
twitch,subsistence,-0.13735654859694382,0.430022398046403,,
tie,subsistence,-0.13731003086067214,0.15935538400022894,,
fox,subsistence,-0.13721698123670004,0.48934729260503596,,
doubt,subsistence,-0.13572527696763262,0.357697072221795,,
trip,subsistence,-0.13564538754697253,0.3342646391907883,,
regret,subsistence,-0.13505449116434695,0.4860490129465802,,
louse,subsistence,-0.13435327666191316,0.44809198439123293,,
duck,subsistence,-0.13397642979206023,0.30134338346129513,,
snail,subsistence,-0.13376471304640394,0.43884495303778687,,
crane,subsistence,-0.13287593785750434,0.49521096587213864,,
deer,subsistence,-0.1319608112400302,0.5542323839161628,,
encouragement,subsistence,-0.13170146312369874,0.5972114291773862,,
pail,subsistence,-0.13163756927405898,0.5640783643079808,,
neck,subsistence,-0.12971145076530063,0.1726366490658721,,
village,subsistence,-0.12940742785261133,0.5666667108842951,,
moon,subsistence,-0.12909028210261664,0.26680196192103006,,
penis,subsistence,-0.1288896912538194,0.48970367103323365,,
widow,subsistence,-0.12864171593948273,0.3250797963953265,,
stuff,subsistence,-0.12819296607566344,0.37955855717062087,,
smell,subsistence,-0.1280568138407435,0.1838244946874013,,
bos,subsistence,-0.12739069148790885,0.6068703404859837,,
horn,subsistence,-0.12720665859467972,0.28637933183635983,,
ache,subsistence,-0.12635477334624814,0.39073340592711403,,
sweat,subsistence,-0.12630477881647678,0.30546216710307594,,
surprise,subsistence,-0.1260189104227306,0.34727796259336674,,
adult,subsistence,-0.12530642080475723,0.4559811913450962,,
weakness,subsistence,-0.1245329727709821,0.5213865735588425,,
list,subsistence,-0.1228295351288761,0.48030770878140105,,
knife,subsistence,-0.122783852435356,0.2464232009219929,,
rake,subsistence,-0.12275184787813408,0.46622215512812676,,
design,subsistence,-0.12233383635694893,NA,,Model convergence problem; non-positive-definite Hessian matrix. See vignette('troubleshooting')
stage,subsistence,-0.12102181335900013,0.431307339108478,,
brain,subsistence,-0.12039085660146304,0.29733076921189733,,
sweep,subsistence,-0.12016040017900993,0.26907105827361155,,
murmur,subsistence,-0.1201503800274759,0.6039576134189,,
process,subsistence,-0.1195177607115591,0.33842954803313896,,
rebuke,subsistence,-0.11870710473076927,NA,Model convergence problem; non-positive-definite Hessian matrix. See vignette('troubleshooting'),
morning,subsistence,-0.11844200420273662,0.22792912889246855,,
helper,subsistence,-0.11818119423062431,0.4753138952960419,,
bubble,subsistence,-0.11657265590941357,0.3526501144585896,,
summer,subsistence,-0.11637592748888628,0.5402071471961841,,
illustration,subsistence,-0.11631491752673875,NA,Model convergence problem; non-positive-definite Hessian matrix. See vignette('troubleshooting'),Model convergence problem; non-positive-definite Hessian matrix. See vignette('troubleshooting')
web,subsistence,-0.11624841498318322,0.2995238264260689,,
loan,subsistence,-0.11598358885499957,NA,Model convergence problem; non-positive-definite Hessian matrix. See vignette('troubleshooting'),Model convergence problem; non-positive-definite Hessian matrix. See vignette('troubleshooting')
hiss,subsistence,-0.11461880730468003,0.61889098211682525,,
talk,subsistence,-0.11415691975343095,0.6401596210811066,,
elder,subsistence,-0.11349884175990939,0.4742353233344311,,
butcher,subsistence,-0.11341828890290907,0.5369332229162243,,
braid,subsistence,-0.11244897809993314,0.5195305487947173,,
sun,subsistence,-0.11107786164823938,0.28369496461140675,,
button,subsistence,-0.1104406172320257,0.4703344784571007,,
waist,subsistence,-0.1101936379450297,0.4740970382952582,,
jet,subsistence,-0.10997479129098384,0.6570053156344072,,
perch,subsistence,-0.10968462940755071,0.6146390023738487,,
song,subsistence,-0.1095303291297967,0.37077522711075434,,
weather,subsistence,-0.10949933933404765,0.4813915617029751,,
bible,subsistence,-0.10878241173603884,0.633899138304038,,
map,subsistence,-0.10831922047778163,NA,Model convergence problem; non-positive-definite Hessian matrix. See vignette('troubleshooting'),Model convergence problem; non-positive-definite Hessian matrix. See vignette('troubleshooting')
couple,subsistence,-0.10810227896875216,0.47171142576756475,,
pattern,subsistence,-0.10653271857430625,0.4848327432317554,,
flame,subsistence,-0.10526023001824635,0.3568953384610364,,
car,subsistence,-0.10495442768099626,0.5855858927245824,,
thought,subsistence,-0.10413724510737975,0.5241256208069964,,
thunder,subsistence,-0.10307199446541425,0.29490409757100156,,
gravel,subsistence,-0.10247988844172763,0.4900467840189485,,
lip,subsistence,-0.10076719631105453,0.2901767335203876,,
goodness,subsistence,-0.09971505690379291,0.56329454613064045,,
branch,subsistence,-0.0993729945462967,0.2937560015079465,,
visitor,subsistence,-0.09927630694105911,0.5751355473764999,,
bird,subsistence,-0.09884207345243962,0.3853293543915154,,
raft,subsistence,-0.09851638244779044,0.6560659379115255,,
perspiration,subsistence,-0.09771078324796396,0.5902851970522554,,
baggage,subsistence,-0.09761115340650318,0.7239295139114386,,
path,subsistence,-0.09741155367015275,0.4508895238195554,,
messenger,subsistence,-0.0971935727079383,0.5753845388584371,,
heart,subsistence,-0.09708451299775726,0.2631319300490129,,
vision,subsistence,-0.09666261675934149,0.31225124699850404,,
blade,subsistence,-0.0962250444687952,0.4714445135858165,,
smack,subsistence,-0.09586740526841424,0.7288420792377521,,
thrust,subsistence,-0.09544221786175099,0.676566427792295,,
moth,subsistence,-0.0953228497918734,0.5149705862219424,,
ancestor,subsistence,-0.09408507372268281,0.5717480797657382,,
community,subsistence,-0.09394062251293174,0.45939965958343665,,
flash,subsistence,-0.09377246058271316,0.3597767061484991,,
jam,subsistence,-0.09376016169044278,0.6980017932689794,,
needle,subsistence,-0.09268018807051898,0.3766937215352938,,
shiver,subsistence,-0.09143279813161131,0.487817552014036,,
element,subsistence,-0.09141799334818657,0.6991479282226839,,
female,subsistence,-0.09107389853880823,NA,Model convergence problem; non-positive-definite Hessian matrix. See vignette('troubleshooting'),
drip,subsistence,-0.09034499137653827,0.5622253369701014,,
tow,subsistence,-0.09030587701145229,0.7114816393909841,,
stagger,subsistence,-0.08903488570133508,0.5669450684959201,,
mustache,subsistence,-0.08869912922602406,0.6003956798910591,,
indication,subsistence,-0.08794090004209275,NA,Model convergence problem; non-positive-definite Hessian matrix. See vignette('troubleshooting'),Model convergence problem; non-positive-definite Hessian matrix. See vignette('troubleshooting')
rope,subsistence,-0.08787867135514531,0.4201592586326166,,
bank,subsistence,-0.08764063249109855,0.39387740620174183,,
boot,subsistence,-0.08754122919810087,0.7139189850221519,,
sunrise,subsistence,-0.08721239696380664,0.6614224789486356,,
fear,subsistence,-0.08712601424283431,0.42656342210457715,,
warrior,subsistence,-0.08560839940323567,NA,,Model convergence problem; non-positive-definite Hessian matrix. See vignette('troubleshooting')
praise,subsistence,-0.08413838331884059,0.5785466351851531,,
floor,subsistence,-0.08358807458976163,0.5432524419592436,,
honey,subsistence,-0.08250483244046682,0.6256636644471534,,
page,subsistence,-0.082060309022002,0.6217010827758134,,
rainbow,subsistence,-0.08070771313588002,0.5864104901260022,,
curtain,subsistence,-0.08058530241919402,0.6860803207519117,,
valley,subsistence,-0.07972831630903093,0.5950304683012503,,
groove,subsistence,-0.07923132594607092,0.6921830611050367,,
yolk,subsistence,-0.07885787033864346,0.6204042991600595,,
beetle,subsistence,-0.07878979030318164,0.6754026507294768,,
fringe,subsistence,-0.07851662343228846,0.6857896559420584,,
vomit,subsistence,-0.07775393080243344,0.5028204700967329,,
curl,subsistence,-0.07775321567734016,0.6065457629839924,,
scrotum,subsistence,-0.07714869135606205,0.7682214882336763,,
monkey,subsistence,-0.07703835108273202,0.7493199294759426,,
lever,subsistence,-0.07662746063257223,0.7295637955284681,,
layer,subsistence,-0.07642275156261855,0.6671768058047116,,
claw,subsistence,-0.07628109967573145,0.5515734867341509,,
circumstance,subsistence,-0.07601369184322392,0.7058071034242389,,
glow,subsistence,-0.07535676426348838,0.7239902094319428,,
space,subsistence,-0.07509539592601706,0.5408423202995617,,
junction,subsistence,-0.07482586162174207,0.7696415527763845,,
caterpillar,subsistence,-0.07446825254377255,0.6745785742193293,,
range,subsistence,-0.07440851547229296,0.6779207776174999,,
dawn,subsistence,-0.07387674060417865,0.4830289732845527,,
equivalent,subsistence,-0.07258261559312737,NA,Model convergence problem; non-positive-definite Hessian matrix. See vignette('troubleshooting'),
weapon,subsistence,-0.07225675202614312,0.5863715920226149,,
trunk,subsistence,-0.07219578633562884,0.5562141701099137,,
scratch,subsistence,-0.07189594298358022,0.5222019790264218,,
blood,subsistence,-0.07010274205682514,0.3096260213543734,,
collapse,subsistence,-0.07005499227590438,0.688303526165332,,
program,subsistence,-0.06996333776245929,0.7630943856830182,,
aunt,subsistence,-0.06909339053737816,0.6646853989577443,,
tool,subsistence,-0.06880609846794289,0.6268227698161098,,
fright,subsistence,-0.06868589082333422,0.6379140789278733,,
flint,subsistence,-0.06833565291258532,0.7364748054445749,,
inch,subsistence,-0.06829754895297582,0.7482896632992793,,
teaching,subsistence,-0.06798022941150082,0.6727733820363977,,
dew,subsistence,-0.0677816856337301,0.6174637131166341,,
testicle,subsistence,-0.06774671725946722,0.6817994394565092,,
crush,subsistence,-0.06769651346632331,0.5845888758863298,,
photograph,subsistence,-0.06735537095733608,NA,Model convergence problem; non-positive-definite Hessian matrix. See vignette('troubleshooting'),
event,subsistence,-0.06733531311542779,0.6547477097037225,,
tattoo,subsistence,-0.06730846051813671,0.8074405497215784,,
heating,subsistence,-0.06679412562977953,0.7578388422692895,,
scent,subsistence,-0.06677964859021172,0.6182773353035845,,
wedge,subsistence,-0.06608320596912534,0.6857039993825117,,
pan,subsistence,-0.06596832662392034,0.7089584281357058,,
imitation,subsistence,-0.06581052687084715,0.7750096578734571,,
semen,subsistence,-0.0639903375695738,NA,,Model convergence problem; non-positive-definite Hessian matrix. See vignette('troubleshooting')
slice,subsistence,-0.06397909009260064,0.67864259099226,,
nun,subsistence,-0.06343543358933575,0.8050674524570285,,
hump,subsistence,-0.0632145530940053,0.7406414341145026,,
legend,subsistence,-0.06294664806376411,NA,Model convergence problem; non-positive-definite Hessian matrix. See vignette('troubleshooting'),Model convergence problem; non-positive-definite Hessian matrix. See vignette('troubleshooting')
clothing,subsistence,-0.06280066304730492,0.7036045406991115,,
lighting,subsistence,-0.06262929909908148,0.6990732547241556,,
majority,subsistence,-0.0584726277739078,0.787977843209227,,
core,subsistence,-0.05820046708958306,0.7185724254402389,,
liquid,subsistence,-0.057998975235721534,0.6793573321163326,,
flood,subsistence,-0.05731505439391727,0.6323852696026062,,
thirst,subsistence,-0.057291470775532635,0.6991910435208873,,
contempt,subsistence,-0.057037610875878664,0.8356162224477864,,
healing,subsistence,-0.05665174615903615,NA,Model convergence problem; non-positive-definite Hessian matrix. See vignette('troubleshooting'),
overflow,subsistence,-0.0562962830016823,0.6969294197014838,,
turtle,subsistence,-0.05519641199917264,0.792029787182727,,
region,subsistence,-0.054598453163835076,NA,Model convergence problem; non-positive-definite Hessian matrix. See vignette('troubleshooting'),Model convergence problem; non-positive-definite Hessian matrix. See vignette('troubleshooting')
cap,subsistence,-0.05392878785332069,0.7214195450918771,,
thorn,subsistence,-0.05351267247013651,0.7030369286916945,,
skeleton,subsistence,-0.0534477490404768,0.7731155708081434,,
pump,subsistence,-0.05231466662094173,0.8292367742672009,,
engine,subsistence,-0.051905406254490284,0.821979806008266,,
dwarf,subsistence,-0.05075690674820595,0.7932033742087502,,
tree,subsistence,-0.049734865591705354,0.6895237410942038,,
trigger,subsistence,-0.04949848124303967,0.835516874583459,,
peel,subsistence,-0.04921803865206028,0.7174998598732365,,
relative,subsistence,-0.04836312341369248,0.795166163814941,,
dream,subsistence,-0.048082448446674315,0.6577959997490769,,
brow,subsistence,-0.04648944446206491,0.8242142720424658,,
swell,subsistence,-0.04605454176020195,0.6828562507648865,,
sling,subsistence,-0.04603391288807742,0.7789259531005213,,
visit,subsistence,-0.045966159105276835,0.6821068883926396,,
paper,subsistence,-0.04595655004013773,0.7142831303534917,,
knob,subsistence,-0.04587843588364956,0.80852916767279,,
lantern,subsistence,-0.04529482758884634,0.8375507047500024,,
twilight,subsistence,-0.045187402703582465,0.7333993717807892,,
question,subsistence,-0.04441269552507915,0.6132054468294769,,
peep,subsistence,-0.04383714448852346,0.818401105499632,,
sake,subsistence,-0.04366358154664062,0.8211032800523563,,
conscience,subsistence,-0.04322342863891136,0.8835287868586672,,
apple,subsistence,-0.0431654934751248,0.7598047715533315,,
phlegm,subsistence,-0.04309640813552031,0.8208117825606545,,
conflict,subsistence,-0.042974825997691236,0.8646987953306442,,
finger,subsistence,-0.04289384249931066,0.6818715211518404,,
nature,subsistence,-0.04273400001724326,0.7946066602805806,,
paw,subsistence,-0.04256546536639372,0.8200853819849849,,
extension,subsistence,-0.042438150694042144,0.8161073864622527,,
clot,subsistence,-0.04197972781658693,0.889483741190588,,
connection,subsistence,-0.04197691778153743,0.8269588793391625,,
midnight,subsistence,-0.04129605456905137,0.7538084667798999,,
calf,subsistence,-0.04115639980841406,0.7617754096855727,,
pinch,subsistence,-0.04110616827804565,0.739236298177333,,
lizard,subsistence,-0.0405228457698118,0.8161113982811011,,
coal,subsistence,-0.04010701921819774,0.7775890042423095,,
box,subsistence,-0.039798709064838005,0.7237079894644254,,
timber,subsistence,-0.0397721054681453,0.8505729289580333,,
plant,subsistence,-0.03965118455400418,0.7627576685890877,,
pillow,subsistence,-0.03962087478584079,0.7372631024829613,,
rain,subsistence,-0.03941480131383346,0.6592539578880124,,
load,subsistence,-0.03939107833697744,0.7395969398613411,,
chief,subsistence,-0.039378864005420136,0.9110491969122859,,
sadness,subsistence,-0.03928133102748858,0.9003080014629394,,
table,subsistence,-0.038776437347607606,0.7831510764328318,,
hint,subsistence,-0.03804223024754596,0.8767293976826038,,
mood,subsistence,-0.03701144730093274,0.8727078640687963,,
sink,subsistence,-0.03658362067786077,0.7591454547439503,,
affection,subsistence,-0.03587726556673389,0.8744273485806364,,
slit,subsistence,-0.035617720106825436,0.8607792744468287,,
card,subsistence,-0.03530831617584585,0.8704803242851021,,
bead,subsistence,-0.03397083580251106,0.8371918928137462,,
picture,subsistence,-0.03376936113518923,0.7992735447418241,,
dislike,subsistence,-0.033644237725921664,0.7572696950922951,,
strand,subsistence,-0.033576585259226646,0.8945581136595597,,
attempt,subsistence,-0.033203750539283164,0.8077429648852387,,
report,subsistence,-0.03314502866867836,0.8281857101035149,,
portion,subsistence,-0.03256606672511874,0.8382284625778358,,
rattle,subsistence,-0.032028941496484005,0.8599414184883474,,
occurrence,subsistence,-0.03194348571083288,0.894858313062149,,
exception,subsistence,-0.03188751064786987,0.8613521658182739,,
spider,subsistence,-0.03073594964500976,0.8177271291884436,,
chip,subsistence,-0.02881765133377936,NA,Model convergence problem; non-positive-definite Hessian matrix. See vignette('troubleshooting'),
sickness,subsistence,-0.027817846926630085,0.8485776764121475,,
scissors,subsistence,-0.027764774776232504,0.8403040649988357,,
diarrhea,subsistence,-0.027077305945513348,0.860510540794895,,
socket,subsistence,-0.026873374782963578,0.9115760491041849,,
stoop,subsistence,-0.025534453161152503,0.8879050790731433,,
strength,subsistence,-0.025473012852619593,0.8432137063981481,,
request,subsistence,-0.025428262331558635,0.8518513059341151,,
switch,subsistence,-0.02472250345149841,0.891894457091631,,
motion,subsistence,-0.02459133122732676,0.8762571526168523,,
robe,subsistence,-0.023784574038978906,0.9277963528320453,,
airplane,subsistence,-0.02317983524936496,0.9296188832763844,,
carpet,subsistence,-0.02302720871702399,0.9236795720159865,,
cup,subsistence,-0.022698027102357722,0.838401288583709,,
poison,subsistence,-0.02237150179517709,0.8647479045964767,,
skim,subsistence,-0.021193048547641265,0.9282662991911305,,
shirt,subsistence,-0.019915473932172807,0.9102502482919168,,
whirlpool,subsistence,-0.019556122378134012,0.9200957562553889,,
wax,subsistence,-0.0183627383784618,0.9145601902742551,,
pity,subsistence,-0.018177837635064593,0.8593945461986144,,
like,subsistence,-0.018161716968642674,0.8663690573977954,,
despair,subsistence,-0.0181085344301471,0.9424766832715616,,
substance,subsistence,-0.018016583098826765,0.9216411781894169,,
blister,subsistence,-0.017472299981057145,0.9087839593626811,,
coil,subsistence,-0.014346297060659634,0.9260628722611381,,
bear,subsistence,-0.013821562076567756,0.9424060190190447,,
lunch,subsistence,-0.013327151508885866,0.9585514896537427,,
interpreter,subsistence,-0.01324771955259127,0.9435453576028728,,
wire,subsistence,-0.013228022552934872,0.9312393062908505,,
flour,subsistence,-0.013057469841614208,0.9349226211115297,,
lament,subsistence,-0.013014655493999215,0.9571593670390037,,
evidence,subsistence,-0.012849041855628254,0.9390132096347715,,
temper,subsistence,-0.01259958377955195,0.9489264470095893,,
reserve,subsistence,-0.012004976475769693,0.9577534836580297,,
pencil,subsistence,-0.010801475828293315,NA,Model convergence problem; non-positive-definite Hessian matrix. See vignette('troubleshooting'),
passage,subsistence,-0.010636934552620644,0.9517711308187314,,
bread,subsistence,-0.010600528739454008,0.9406978502274392,,
pile,subsistence,-0.010542224635354062,0.9252721711728394,,
lump,subsistence,-0.010311554221758725,0.9469390433891092,,
puff,subsistence,-0.010146191376349756,0.9564953491794138,,
ant,subsistence,-0.009794383427421973,0.9550630775262164,,
season,subsistence,-0.009515618939658712,0.9378403480838097,,
series,subsistence,-0.009229649295276955,0.9586605785473562,,
moisture,subsistence,-0.007783222527452113,0.9718110310902153,,
gasp,subsistence,-0.007306115021316011,0.9677269399481723,,
mount,subsistence,-0.0069293514803114385,0.9641276856435663,,
share,subsistence,-0.006361955147638167,0.950383990722601,,
ear,subsistence,-0.00576233069990751,0.9489249019661306,,
nut,subsistence,-0.005388341909094435,0.9736094071551156,,
bracket,subsistence,-0.005299705684848252,0.9797745638802579,,
quarter,subsistence,-0.004951912784141525,0.9745778455512919,,
lack,subsistence,-0.0046573701770508645,0.9787357813453491,,
butterfly,subsistence,-0.004069445447408439,0.978045480915184,,
den,subsistence,-0.003853098501211288,0.9903046534422887,,
appearance,subsistence,-0.0035814804993767524,0.9790128492686438,,
rich,subsistence,-0.003484505927989023,0.9882976467214969,,
bruise,subsistence,-0.0020272281822611648,0.9897762347519194,,
glove,subsistence,-0.0018076691789589774,0.9940323897054426,,
dance,subsistence,-0.0013174189114306416,0.9913973846441466,,
cross,subsistence,-0.0012940025913887794,0.9881747699515794,,
pond,subsistence,-0.0010956323889709445,0.9942234916680721,,
vocabulary,subsistence,-9.28347994259778e-4,NA,Model convergence problem; non-positive-definite Hessian matrix. See vignette('troubleshooting'),Model convergence problem; non-positive-definite Hessian matrix. See vignette('troubleshooting')
jealousy,subsistence,-7.387747883937714e-4,0.9967396478172735,,
camel,subsistence,-5.914806061119496e-4,0.9983442257960591,,
knuckle,subsistence,-5.054044632251528e-4,0.9980784828752532,,
tangle,subsistence,-3.475689724139448e-4,0.9988945757604598,,
test,subsistence,9.822692858531402e-5,1,,
flare,subsistence,6.399421188096957e-4,0.9971319212240739,,
rubbish,subsistence,7.123002110142149e-4,0.9969195630154745,,
respect,subsistence,7.867536870003361e-4,0.9950787745687906,,
collection,subsistence,8.586205374014222e-4,0.9958345725231491,,
medicine,subsistence,0.0012289369282667809,0.9926071162588411,,
wink,subsistence,0.0015931525672232254,0.9911077378124031,,
glass,subsistence,0.0023293859361081764,0.9848770309131921,,
elephant,subsistence,0.002935537692776525,0.9907543118306619,,
race,subsistence,0.0030906000393493053,0.9809672605581644,,
glitter,subsistence,0.0037190544509982794,0.9889611219377327,,
una,subsistence,0.004003348165678124,0.9897332222463903,,
shape,subsistence,0.004090400159465243,0.9694566701703556,,
understanding,subsistence,0.004201619944607727,0.9787435823003243,,
quarrel,subsistence,0.00516344316497192,0.9717679475270743,,
impression,subsistence,0.00572449900555568,0.9780298677593146,,
dash,subsistence,0.006223874476351337,0.9786812157077623,,
anger,subsistence,0.006386680229836454,0.9577644632920714,,
atmosphere,subsistence,0.006430037976517442,0.9796790163654577,,
syllable,subsistence,0.006747260085416911,0.9768691458839783,,
kiss,subsistence,0.006892844991354528,0.9591691997637698,,
boil,subsistence,0.0072095346916261766,0.9410323537598859,,
draft,subsistence,0.007483569604907694,0.9734321173715457,,
settlement,subsistence,0.007759566053140413,0.9712038379617214,,
butt,subsistence,0.007768124139248345,0.947584962995106,,
insect,subsistence,0.008287869053702766,0.9549917689893747,,
project,subsistence,0.008624646383451997,0.9471106986461362,,
rule,subsistence,0.008737988664288578,0.9507156605051363,,
attack,subsistence,0.008748980508913004,0.9490453662395865,,
liar,subsistence,0.0093762881276798,0.9500656384985023,,
depression,subsistence,0.00947987609625099,0.9419420236109722,,
pain,subsistence,0.009659585985809405,0.921620007535415,,
bunch,subsistence,0.010230614273563617,0.9466931086814969,,
comfort,subsistence,0.01041375411868244,0.9542077817750964,,
fight,subsistence,0.010519003345638883,0.9201961529113651,,
influence,subsistence,0.011292741674618611,0.9507587177755041,,
answer,subsistence,0.01156347486938583,0.92198643185651,,
reason,subsistence,0.012388039620438655,0.8833341478064938,,
pin,subsistence,0.01240630743138898,0.9387821284378358,,
frying,subsistence,0.012607960109759828,0.9516960988372647,,
staff,subsistence,0.013126681870854121,0.9410886103882596,,
nap,subsistence,0.014529857672387101,0.9568914719262906,,
consciousness,subsistence,0.014806699830496942,0.9546787727094819,,
shade,subsistence,0.014998984939467608,0.8796738621309912,,
dart,subsistence,0.01562023173876945,0.9470193589204979,,
fact,subsistence,0.016041883461062615,0.9054116083300535,,
weave,subsistence,0.016773952778975705,0.913242940179169,,
contest,subsistence,0.017441900978591322,0.9347285008315097,,
library,subsistence,0.018152951097846013,0.9261413748449691,,
bulb,subsistence,0.018500845693374356,0.9143396590644426,,
view,subsistence,0.018606510664694643,0.8994061286111252,,
comment,subsistence,0.018697551765346775,0.9103089854737384,,
excrement,subsistence,0.019454233421713266,0.9069319315441305,,
fist,subsistence,0.01952434441597118,0.8816902617567041,,
strap,subsistence,0.019657134790400817,0.9069166960525217,,
suspect,subsistence,0.019918272174120337,0.878358064713959,,
creature,subsistence,0.02011325933263933,0.8669729922217607,,
situation,subsistence,0.020469450695293493,NA,Model convergence problem; non-positive-definite Hessian matrix. See vignette('troubleshooting'),
breakfast,subsistence,0.02050419597559798,0.9252065671904961,,
function,subsistence,0.02090409499549981,0.8875152118865522,,
cloak,subsistence,0.021244862587995374,0.9373564259303214,,
explanation,subsistence,0.021957109404528698,0.8999614288677079,,
console,subsistence,0.02203193451350121,0.9202758131866381,,
habit,subsistence,0.022193063406399885,0.8856997493723916,,
telephone,subsistence,0.022442453691098402,0.9328420489738792,,
patch,subsistence,0.02258280254521312,0.8612224370675315,,
land,subsistence,0.023039503195183657,0.8098574802074769,,
jerk,subsistence,0.023236516882683234,0.9069501377102785,,
flea,subsistence,0.023331707884486873,0.8917180826031315,,
bail,subsistence,0.023700675679301213,0.9057790874808351,,
journey,subsistence,0.024007897949215592,0.881964307750149,,
adultery,subsistence,0.024366044585031846,0.8883523482450424,,
lightning,subsistence,0.024377139709448787,0.8440651732174207,,
crocodile,subsistence,0.025155075542715958,0.9148505015258938,,
odor,subsistence,0.0251943226794026,0.8703322234669789,,
belt,subsistence,0.0252227347138589,0.8471040620373749,,
lodge,subsistence,0.025252608518891752,0.918175153268106,,
nail,subsistence,0.025611099804693185,0.7851122712591562,,
ointment,subsistence,0.026385061019899844,0.8554149224803046,,
leaf,subsistence,0.027166533201354266,0.8216303210902673,,
spoon,subsistence,0.027294437014747635,0.8293052429821993,,
squirrel,subsistence,0.027405320280053522,0.8973031656517759,,
care,subsistence,0.028080390083882995,0.760369350570241,,
wing,subsistence,0.028788370236976685,0.7614786770461723,,
beginning,subsistence,0.02922891283392681,0.7556877714076019,,
thanks,subsistence,0.029407322567933776,0.8513849952955821,,
scar,subsistence,0.029751248352120393,0.8283522704439988,,
sugar,subsistence,0.030775566527765405,0.8109427506649167,,
egg,subsistence,0.030895965799048363,0.7551777700218939,,
wagon,subsistence,0.031161813024534062,0.9123282348943369,,
drought,subsistence,0.031187263635280273,0.8891204952317844,,
tar,subsistence,0.031366245425160755,0.9026421796240904,,
lion,subsistence,0.03158056640024639,0.8628530215456872,,
shoe,subsistence,0.03176662759827699,0.7997936978165706,,
dinner,subsistence,0.032349217425351115,0.8925998080128212,,
cargo,subsistence,0.03246189925743529,0.8985547824375606,,
pant,subsistence,0.03278869692915471,0.8236474171991863,,
crest,subsistence,0.03317900539024318,0.8698969911288951,,
statement,subsistence,0.03322766314569977,0.8680457076023778,,
nest,subsistence,0.033298140076445416,0.7875002093594443,,
shark,subsistence,0.03354536670369972,0.9143080679769932,,
ritual,subsistence,0.0339942989433445,0.898153653467998,,
fin,subsistence,0.0347589390484301,0.849642450483321,,
emotion,subsistence,0.0354742591848876,0.8531136700708299,,
pit,subsistence,0.03590890642315107,0.8015490016033103,,
hatch,subsistence,0.03619474753951176,0.8065970714777526,,
revenge,subsistence,0.03626381870860717,0.8168882024312089,,
motor,subsistence,0.036270724373966494,0.8748257029939163,,
storage,subsistence,0.036617967252415874,0.8667483357530222,,
dish,subsistence,0.03671249066010632,0.7681899931349502,,
groan,subsistence,0.03721647467549297,0.7897607896211342,,
spelling,subsistence,0.037229479184819655,0.8817744951515356,,
sheath,subsistence,0.03748719740719179,0.8434608195127548,,
wound,subsistence,0.038432670920782966,0.7110736796061843,,
vagina,subsistence,0.03877931189102041,0.8683925987900026,,
sparkle,subsistence,0.03912370482474123,0.8763110653228026,,
charcoal,subsistence,0.039762816415720964,0.7909059360796351,,
print,subsistence,0.04010880124588577,0.8298595196607587,,
mix,subsistence,0.04031571411486393,0.7020306226269896,,
gum,subsistence,0.041067122497104994,0.7541022750431681,,
mistake,subsistence,0.04158898510527177,0.7205253189292844,,
ride,subsistence,0.042412188568039494,0.8014552853992407,,
peak,subsistence,0.04286651011931906,0.792295330476853,,
gun,subsistence,0.04291300957860814,0.7684787648869548,,
edition,subsistence,0.043168762401013645,0.8486864834785304,,
target,subsistence,0.043602393438948374,0.7454928271770452,,
lamp,subsistence,0.04394594492167725,0.7712732436632087,,
relief,subsistence,0.04437397184715008,0.8389449271093833,,
future,subsistence,0.04461096157627742,0.7427321497051931,,
rumble,subsistence,0.04529614927546797,0.8327245403383562,,
fireplace,subsistence,0.04531758353377312,0.8393574989993434,,
doctor,subsistence,0.04664719996151996,0.7866581681299162,,
gap,subsistence,0.04669662766855194,0.7967738869351606,,
march,subsistence,0.04746277055705252,0.7184827939604683,,
pressure,subsistence,0.0475644071375641,0.8124960285960692,,
fuel,subsistence,0.04770641802550566,0.839570358318509,,
frost,subsistence,0.0482219995399531,0.84897701161226,,
room,subsistence,0.04903634705339673,0.7369075402720369,,
evening,subsistence,0.04929505702500704,0.6100529067358224,,
dancer,subsistence,0.04939290511614742,0.8016008742796534,,
injury,subsistence,0.049734341537989724,0.7710845173511828,,
leopard,subsistence,0.04977410434590147,0.863190745937655,,
challenge,subsistence,0.04985833909183748,0.8153862206708561,,
rack,subsistence,0.05051785427919733,0.8376250287699102,,
abuse,subsistence,0.05066065302300443,0.7904566191752148,,
expectation,subsistence,0.05100601735735973,0.8003431074672911,,
dust,subsistence,0.05176575065623825,0.5614289063722853,,
plate,subsistence,0.05214517164125561,0.7033560988774383,,
spin,subsistence,0.05302380704295375,0.69019430086283,,
mercy,subsistence,0.05323710949845505,0.7697410958317376,,
movement,subsistence,0.05379631944910029,0.7452377374938648,,
attention,subsistence,0.05427239759957088,0.5729579474749112,,
effort,subsistence,0.05462648867591161,0.7282680305635647,,
role,subsistence,0.05469867717475739,0.7933368954446169,,
growth,subsistence,0.055368940761931454,0.721008796981063,,
snout,subsistence,0.05586713883716242,0.7549010760074232,,
interior,subsistence,0.0559319263753121,0.8361879173575903,,
purpose,subsistence,0.056229202050491506,0.6037139898563543,,
heat,subsistence,0.056540962717293836,0.5321515906594236,,
traveler,subsistence,0.05662480837111004,0.7523646620554959,,
stake,subsistence,0.05789818466541834,0.706675383002205,,
hammer,subsistence,0.058149918774735854,0.6260014666988774,,
sponge,subsistence,0.05941890993980865,0.7588029585239764,,
cat,subsistence,0.059684528134551516,0.6114606636478839,,
force,subsistence,0.05990293395877004,0.6175889670572108,,
division,subsistence,0.05993449790489747,0.752864687151431,,
missionary,subsistence,0.06004995424434758,0.7938155875522352,,
shine,subsistence,0.06009507183423909,0.5171532303011842,,
sunset,subsistence,0.06023034359656478,0.718836067181391,,
wrestling,subsistence,0.06086338637827445,0.8048003784730916,,
kite,subsistence,0.061392401150139865,0.7788630519231928,,
clump,subsistence,0.06140547344783252,0.7912916758355879,,
gratitude,subsistence,0.06306038482006,0.7526035087668469,,
thicket,subsistence,0.06377987987946478,0.7652589773307225,,
dot,subsistence,0.06380743247949064,0.7661289118775495,,
sheet,subsistence,0.06438093587075489,0.5973620477660548,,
massage,subsistence,0.06443407112801781,0.7955135247502975,,
scream,subsistence,0.06455749794808081,0.6487910887782633,,
potato,subsistence,0.06456990530647914,0.724299034803024,,
vegetation,subsistence,0.06486137986156215,0.7639792913768516,,
abundance,subsistence,0.06604714781090769,0.7412785604709831,,
blossom,subsistence,0.06633111304880636,0.7066116774848938,,
air,subsistence,0.0667209040497072,0.5254412581329124,,
figure,subsistence,0.06682720648641279,0.698951732632355,,
activity,subsistence,0.06695203155120977,0.6499897235081942,,
tooth,subsistence,0.0669755826310265,0.5178942761724469,,
fisherman,subsistence,0.06700456256943857,0.7538668439105011,,
frown,subsistence,0.06711823004647531,0.7570536949054509,,
hawk,subsistence,0.06753604339708125,0.6706972419993471,,
sex,subsistence,0.0682553847673292,0.6628173067288982,,
wrinkle,subsistence,0.06873723504960438,0.6853755240110991,,
ignorance,subsistence,0.06876689848620032,0.7760796865127283,,
crow,subsistence,0.06889537805972361,0.6244581636504997,,
dollar,subsistence,0.06943917385356133,0.8407639940553497,,
pad,subsistence,0.06988782739423205,0.7330278820384216,,
mirror,subsistence,0.07231025848853356,0.4463312097238679,,
vicinity,subsistence,0.07277401541291467,0.7166791237098584,,
door,subsistence,0.07391970414181263,0.4297942486520714,,
length,subsistence,0.07485952670940099,0.5180344827444662,,
retreat,subsistence,0.07550357772237588,0.7318045832382861,,
occupation,subsistence,0.07613567689539669,0.7232835717421122,,
circumcision,subsistence,0.07635391132609354,0.8309368767447037,,
ash,subsistence,0.07647088774057852,0.5353804611274254,,
decision,subsistence,0.07669343918922228,0.679170290901005,,
pocket,subsistence,0.07682935387320027,0.6357532935005876,,
difficulty,subsistence,0.07683387992672217,0.6392887599301207,,
pride,subsistence,0.07701213024265531,0.7121918988494792,,
size,subsistence,0.0773992826692504,0.5187698867295214,,
coast,subsistence,0.0779848235712195,0.744768317847107,,
runner,subsistence,0.07844734161645638,0.7041469096529108,,
nod,subsistence,0.07861919890435146,NA,Model convergence problem; non-positive-definite Hessian matrix. See vignette('troubleshooting'),
beak,subsistence,0.07866520326027174,0.5949630197484941,,
jungle,subsistence,0.07879935291062945,0.8410349384611516,,
disregard,subsistence,0.07881505342006666,0.7744508681696542,,
gesture,subsistence,0.07932563024865019,0.6646208358785519,,
sip,subsistence,0.08029619896031813,0.6971247062391402,,
hat,subsistence,0.0808438893898431,0.5690519675906275,,
sketch,subsistence,0.08085375097407932,0.7167549185410605,,
hut,subsistence,0.08136312958999423,0.668300684660879,,
entrance,subsistence,0.0813919649936154,NA,,Model convergence problem; non-positive-definite Hessian matrix. See vignette('troubleshooting')
defeat,subsistence,0.08155412036220004,0.6776286895361487,,
miscarriage,subsistence,0.08180735347255931,0.8428055917169571,,
love,subsistence,0.08260660750924793,0.3977135029265732,,
pu,subsistence,0.08319829016183862,0.5606404445397184,,
promise,subsistence,0.08345705316796358,0.5141521896582092,,
throne,subsistence,0.08357932271319887,0.7682180153400707,,
access,subsistence,0.08362852276137266,0.6980930965428419,,
radio,subsistence,0.0838794674189566,0.7590573097458264,,
hack,subsistence,0.0849263921514107,0.6547910245810118,,
stroke,subsistence,0.08544300711581011,0.6291933078246118,,
termite,subsistence,0.08655418326181481,0.7566227612519704,,
content,subsistence,0.08686411534886654,0.2981737609201488,,
wilderness,subsistence,0.0869026563462592,0.6964045387102497,,
ladder,subsistence,0.087100879197707,0.47756920283505166,,
cough,subsistence,0.08737784108913077,0.4323965674094962,,
record,subsistence,0.08760220746435411,0.6410192006524025,,
trading,subsistence,0.08784855206828422,0.7163363933308469,,
hunger,subsistence,0.08799101570614443,0.48886446029472463,,
fighter,subsistence,0.08842490221232074,0.6634266201275194,,
earthquake,subsistence,0.08846943049094537,0.6045112738698243,,
captain,subsistence,0.08876882307954757,0.6633735366420207,,
whirl,subsistence,0.0888809239883058,0.6434527035531361,,
shrub,subsistence,0.08904585550945088,0.6972966607945603,,
peg,subsistence,0.08924807467734051,0.6433262217401141,,
darkness,subsistence,0.08979121614677861,0.546740772275978,,
second,subsistence,0.0909331132116142,0.33970846946839955,,
yesterday,subsistence,0.09188140512084529,0.5506953775566504,,
malice,subsistence,0.09338514960485512,0.7225972333698948,,
expert,subsistence,0.09352272837325717,0.6066922613305943,,
shock,subsistence,0.0947055854380247,0.628760150156831,,
drink,subsistence,0.09502218274759555,0.31897183683866165,,
shield,subsistence,0.0957009546841208,0.5878216331840207,,
savior,subsistence,0.09593356030972075,0.6420841714582017,,
strip,subsistence,0.09632267014280153,0.46827568346366955,,
diamond,subsistence,0.09686403446330892,0.6520796230704781,,
endeavor,subsistence,0.0974674601370924,0.713503333236175,,
institute,subsistence,0.09810147334107484,0.6659388933323991,,
cricket,subsistence,0.09821122291776598,0.6164531944308708,,
handkerchief,subsistence,0.09874103519119239,NA,Model convergence problem; non-positive-definite Hessian matrix. See vignette('troubleshooting'),
cave,subsistence,0.09886958742618232,0.47088860143712896,,
trouble,subsistence,0.09926145096282867,0.4445565016097933,,
bundle,subsistence,0.10028005836942792,0.44750089199446785,,
issue,subsistence,0.1005535035437996,0.5770124001107355,,
preparation,subsistence,0.10087269005077476,0.49406472195484935,,
importance,subsistence,0.10123437829630955,0.5712783614784225,,
lover,subsistence,0.10125618932101974,0.6302421270154078,,
bum,subsistence,0.10126428630582797,0.5894461205532602,,
tendency,subsistence,0.10133349340032455,0.6841849902758924,,
tom,subsistence,0.10219071672884454,0.6332495871999135,,
scarf,subsistence,0.10228146226164,0.7009389713890608,,
mound,subsistence,0.10256815223148963,0.5568950465028869,,
bug,subsistence,0.10276814548487347,0.553967718757146,,
heaven,subsistence,0.10277690004043263,0.49951528444184046,,
descendant,subsistence,0.10435506664338408,0.6206607927328385,,
accident,subsistence,0.10542122410474086,0.5022460332175411,,
stature,subsistence,0.10588713932106002,0.6879475708411986,,
dusk,subsistence,0.10595877657116012,0.49048923517263004,,
fun,subsistence,0.10710468477802255,NA,Model convergence problem; non-positive-definite Hessian matrix. See vignette('troubleshooting'),Model convergence problem; non-positive-definite Hessian matrix. See vignette('troubleshooting')
tomorrow,subsistence,0.10773559798465641,0.6301478190547477,,
unity,subsistence,0.10824719493668157,0.6715757881696214,,
tin,subsistence,0.10835035484186971,0.5416100152940092,,
tobacco,subsistence,0.1084333610840487,0.47713962074012234,,
stride,subsistence,0.1088632493290102,0.679926327991924,,
alcohol,subsistence,0.10941713735108448,0.639146965779117,,
nurse,subsistence,0.1096806094316625,0.411506405891683,,
sway,subsistence,0.109863517592805,0.6012834480576993,,
hurry,subsistence,0.10989526320204522,0.36274273458231476,,
curse,subsistence,0.11040985851979888,0.49838015793830415,,
creation,subsistence,0.11142666823205993,0.606741799005752,,
arrival,subsistence,0.11155355622056112,0.5264351223752356,,
temple,subsistence,0.11186574271054088,0.5897414023210967,,
singer,subsistence,0.11198817278744584,0.5210106377594181,,
oil,subsistence,0.11240349487685306,0.4227965227492411,,
death,subsistence,0.11286476244781062,0.27543706243017857,,
neglect,subsistence,0.11326764974822437,0.539364845562544,,
awe,subsistence,0.11366132215135807,0.6562426716226687,,
ship,subsistence,0.11392838064412174,0.5995502920479395,,
friend,subsistence,0.11424622740655933,0.21368961036939008,,
sleeve,subsistence,0.11429417015014295,0.5890087198370937,,
blindness,subsistence,0.11507409983506961,0.6555584963502011,,
palm,subsistence,0.11558796760471661,0.48540956646176175,,
hero,subsistence,0.11562179523108009,0.5966291559722284,,
insult,subsistence,0.11601229776066914,0.4972499678114627,,
platform,subsistence,0.1160811091254512,0.5528194122081161,,
match,subsistence,0.1162611098854248,0.25228076362607443,,
multitude,subsistence,0.11677126270559533,0.6702369619870954,,
stripe,subsistence,0.11806856356383146,0.44349224800980874,,
grove,subsistence,0.11859944686447434,0.613162716528162,,
command,subsistence,0.11882217823039089,0.3734237897889066,,
dent,subsistence,0.11973866593187818,0.5174514608106893,,
hoop,subsistence,0.12006710005497785,0.5993564781892329,,
system,subsistence,0.12054612657667448,0.5266724793736038,,
swamp,subsistence,0.12099216913399037,0.5725356327627265,,
comparison,subsistence,0.12102286794587018,0.5336075827028809,,
discussion,subsistence,0.12109723927100455,0.33942623772079367,,
jacket,subsistence,0.12122669390288297,0.6458224864332868,,
prohibition,subsistence,0.12122912414742651,0.6297603677817891,,
judgment,subsistence,0.12206435475106096,0.5515927015972797,,
constellation,subsistence,0.12226163425987199,0.6090598139265797,,
law,subsistence,0.12290111219164924,0.42355412336192927,,
fern,subsistence,0.1231386452656315,NA,,Model convergence problem; non-positive-definite Hessian matrix. See vignette('troubleshooting')
creep,subsistence,0.12327276466399176,0.49687999956569623,,
beard,subsistence,0.12329971676209225,0.2750238263299305,,
team,subsistence,0.12388540342625673,0.5461211874901286,,
assault,subsistence,0.12429752282473971,0.5951650545257772,,
relation,subsistence,0.12486829552667124,0.31291495544144377,,
behavior,subsistence,0.12497410994445532,0.47822653992378295,,
heap,subsistence,0.1251353500368644,0.42469300934245924,,
news,subsistence,0.12579088374827224,0.36134329312974456,,
bed,subsistence,0.12607766449292857,0.14991236246291884,,
stone,subsistence,0.12639459217667234,0.2437022281592708,,
treatment,subsistence,0.12649016814757996,0.5248321293988495,,
idea,subsistence,0.1265063925964962,0.4595135078948636,,
height,subsistence,0.12701941952766663,0.3044338641432377,,
bloom,subsistence,0.12781195186489472,0.46741279265986835,,
fault,subsistence,0.12860521045138634,0.4721027355010497,,
feast,subsistence,0.12862286807250164,0.5181779307878747,,
drum,subsistence,0.1286776413320689,0.41485544273535974,,
deception,subsistence,0.12922728763172925,0.646468528033897,,
descent,subsistence,0.129723832386468,0.5337320554009225,,
earring,subsistence,0.12989470973529404,0.567917413445427,,
quail,subsistence,0.12991403754024963,0.5685876974994057,,
church,subsistence,0.1301813602047845,0.5116168258119446,,
construction,subsistence,0.13046478958579014,0.4624494424027711,,
moment,subsistence,0.13051986932945764,0.4515749978555714,,
vein,subsistence,0.13053328407675246,0.20041434299608085,,
muzzle,subsistence,0.13071946860262698,0.5870209982300795,,
shell,subsistence,0.1308797969874805,0.30633630136000467,,
distinction,subsistence,0.13123621721632234,0.4346261698710262,,
absence,subsistence,0.13170239512609921,0.40426869001121724,,
cord,subsistence,0.13300280175283077,0.25369879381598176,,
fare,subsistence,0.1331798706765726,0.6612421440857501,,
worm,subsistence,0.1332265381894559,0.2504079235228035,,
barrel,subsistence,0.1336665577066897,0.4836735632199137,,
annoyance,subsistence,0.1338177220814976,0.5930324998195425,,
expression,subsistence,0.13404370342012645,NA,,Model convergence problem; non-positive-definite Hessian matrix. See vignette('troubleshooting')
hail,subsistence,0.13444850613363418,0.35628877301394013,,
ornament,subsistence,0.13453971217272426,0.5688951655257755,,
juice,subsistence,0.13502653512891943,0.3115364180871746,,
completion,subsistence,0.13527128195393284,0.526743825007565,,
craft,subsistence,0.1353093655101255,0.577574406816709,,
yeast,subsistence,0.13541720329300835,0.5154179840425884,,
color,subsistence,0.1354409286455551,0.1772980722885969,,
alphabet,subsistence,0.1359734105353029,0.5548421664242646,,
cloth,subsistence,0.1360264708392235,0.34507469773230837,,
sunshine,subsistence,0.13616247565957823,0.5254579718800954,,
doll,subsistence,0.1363668192462405,0.4848557270559404,,
competition,subsistence,0.13646905136022322,0.6133276978838029,,
twig,subsistence,0.13648323593949252,0.30300274535377025,,
wrath,subsistence,0.13675971228510084,0.6062132764490492,,
horse,subsistence,0.1372374276761026,0.4516857404243763,,
obstruction,subsistence,0.13724686031924693,0.5939869402835672,,
ribbon,subsistence,0.13730229107900618,0.5351179338415131,,
instrument,subsistence,0.13766364164611244,0.3266839358220468,,
mud,subsistence,0.13772717293866762,0.21792055370435004,,
protection,subsistence,0.1377938513881103,0.4671619481618082,,
mist,subsistence,0.13797082571820068,NA,Model convergence problem; non-positive-definite Hessian matrix. See vignette('troubleshooting'),
evil,subsistence,0.1384958708746394,0.32964885167244884,,
chick,subsistence,0.13905176005374362,0.5101250164594766,,
basis,subsistence,0.13963946169430644,0.4946908272194979,,
inhabitant,subsistence,0.14030720624413823,0.6315650274420715,,
eyelid,subsistence,0.1407257854364175,0.35132462539981796,,
rest,subsistence,0.14121239951390702,0.09201588000619329,,
coffee,subsistence,0.14125249117639083,0.5828961023969303,,
chair,subsistence,0.14128350869076003,0.30353637996669,,
payment,subsistence,0.14182803945520125,0.4298313191388977,,
conclusion,subsistence,0.14258733434079013,0.5241258792026997,,
grandson,subsistence,0.14342293543802656,0.567794835650104,,
prophet,subsistence,0.1441954512672085,0.5715824889624511,,
curve,subsistence,0.14449112846506668,0.3912948035770498,,
ape,subsistence,0.14479627428884026,0.637643883325623,,
lock,subsistence,0.1458509604726532,0.1979901293405269,,
ball,subsistence,0.14611118626713726,0.14582627469922707,,
suggestion,subsistence,0.1463140538576527,0.4883244843858675,,
smile,subsistence,0.14691569388474457,0.44588230080205626,,
twin,subsistence,0.14723220140743606,0.2759481982407344,,
carrier,subsistence,0.14782692291469582,0.4016443747850648,,
characteristic,subsistence,0.14831046109627513,0.29481490794995774,,
stranger,subsistence,0.14870176613377817,0.3142476079086857,,
spittle,subsistence,0.1493392806692702,NA,Model convergence problem; non-positive-definite Hessian matrix. See vignette('troubleshooting'),
supper,subsistence,0.14936250386852953,0.585235019713063,,
bicycle,subsistence,0.14958967763973205,0.6326780655207523,,
gland,subsistence,0.14981365880907435,0.4666680433178228,,
cavity,subsistence,0.15072545430708945,0.36780026322515036,,
kid,subsistence,0.15109519551854148,0.4895384719272948,,
measles,subsistence,0.15124025737297295,0.4114682240619795,,
road,subsistence,0.15168232639365672,0.15310358868819582,,
fiber,subsistence,0.1520044498823637,0.40550821680341587,,
resource,subsistence,0.15212095298741116,0.4614889504239083,,
corpse,subsistence,0.1550058222306816,0.2703644797349655,,
sting,subsistence,0.15524388433731115,0.2353307059404849,,
age,subsistence,0.15635849721423076,0.13596659076389547,,
lard,subsistence,0.15695657617772282,0.5100144133844657,,
lid,subsistence,0.15702168198031624,0.28711145978907315,,
pet,subsistence,0.15743605738320762,0.3832192081911927,,
grant,subsistence,0.15757568561072907,0.4057582663647411,,
error,subsistence,0.15847616180719395,0.3292262125256125,,
pebble,subsistence,0.15935667106414622,0.23739537686891976,,
umbrella,subsistence,0.1600710745149869,0.3990317634036506,,
goal,subsistence,0.16017020781649,0.3067838561563284,,
satisfaction,subsistence,0.160557174385805,0.411575902483122,,
sorcery,subsistence,0.16065497912879992,0.5745638351441525,,
lure,subsistence,0.16067417969753328,0.5593211750477073,,
pulse,subsistence,0.16072282920157302,0.48874008868460334,,
energy,subsistence,0.16117297115683865,0.4722668165074492,,
owner,subsistence,0.16218968551554167,0.23380328880325218,,
hatred,subsistence,0.1625133963065543,0.4574896968121368,,
aim,subsistence,0.162750120646845,0.26917454108256206,,
plunge,subsistence,0.16281473603866983,0.4648367603862943,,
struggle,subsistence,0.16305962517853753,0.36891243114553607,,
sensation,subsistence,0.16311825666858093,0.4412972278031315,,
pair,subsistence,0.1638607648508542,0.22782221599621777,,
stair,subsistence,0.1639301277320657,0.4525276749992634,,
pace,subsistence,0.1640494054328801,0.40173732322011574,,
secretary,subsistence,0.16405622059904956,0.5231576789916772,,
limp,subsistence,0.16407780277143474,0.26789160828910186,,
peer,subsistence,0.16410351225571587,NA,,Model convergence problem; non-positive-definite Hessian matrix. See vignette('troubleshooting')
trace,subsistence,0.1643974747863206,0.33163694988781056,,
molar,subsistence,0.1645633801301769,0.5016108482929129,,
debate,subsistence,0.16513695869070313,0.5487019363134075,,
brook,subsistence,0.1652529494070389,0.45804581872470246,,
practice,subsistence,0.16555019673184507,0.22205748513346218,,
sample,subsistence,0.16580443002456668,0.43288840333312495,,
development,subsistence,0.1658344464053331,0.3397859384048835,,
wisdom,subsistence,0.16633901291927308,0.42726132055112065,,
coat,subsistence,0.16644325277463642,0.3528868172344694,,
possession,subsistence,0.16679694907654471,0.12466277028872458,,
metal,subsistence,0.16710018174083383,0.2739107169274939,,
astonishment,subsistence,0.1672761391569353,0.5142419333244744,,
ember,subsistence,0.16813377707219515,NA,Model convergence problem; non-positive-definite Hessian matrix. See vignette('troubleshooting'),
dispute,subsistence,0.16846171110382968,0.3322404868436318,,
scrub,subsistence,0.16895916562930602,0.4357710667077851,,
sigh,subsistence,0.16969303868659788,0.3660952993243024,,
soil,subsistence,0.16987651909565327,0.20678420881080328,,
afternoon,subsistence,0.17020052604869323,0.2533784088718251,,
prize,subsistence,0.1707457813464577,0.5165117092968139,,
stroll,subsistence,0.17114796374806596,0.5608467847721954,,
towel,subsistence,0.17141432516419552,0.3039711931225932,,
store,subsistence,0.17231840450572034,0.138046880854745,,
wit,subsistence,0.1725107783925281,0.4758533604929679,,
steam,subsistence,0.17256668338757858,0.2527564940326307,,
sea,subsistence,0.17299352817574043,0.3791869753377513,,
pipe,subsistence,0.17305175640283102,0.18787423969966002,,
accusation,subsistence,0.1733085913713343,0.40125539231532137,,
football,subsistence,0.17341730605780367,0.5925551660052314,,
station,subsistence,0.1736259918152594,0.4584168001269928,,
handful,subsistence,0.17380263257972128,0.4145050052987524,,
conduct,subsistence,0.17416656546394976,0.4211517626305194,,
birth,subsistence,0.17443783391628506,0.0842471933020091,,
appetite,subsistence,0.1746679079130117,0.3383320934412958,,
broom,subsistence,0.1746983827654982,0.20751915504502128,,
dove,subsistence,0.17474081921730855,0.28256284246254565,,
offense,subsistence,0.1752489975931515,0.35288283215027627,,
accent,subsistence,0.1752590191462873,0.44361345856927564,,
soldier,subsistence,0.17532116348851803,0.23117910281996604,,
snake,subsistence,0.17533026529998785,0.26952133489364655,,
boundary,subsistence,0.17611948137831804,0.2684054106581112,,
flower,subsistence,0.17616362512161046,0.17859930779161196,,
volume,subsistence,0.1765603940342213,0.30618158404878626,,
sympathy,subsistence,0.17663007438334577,0.4160092843554147,,
aspect,subsistence,0.17690697581819492,0.4879850000836705,,
errand,subsistence,0.17757362785856654,0.4167737296739408,,
study,subsistence,0.17774996094722412,0.2613909413543707,,
country,subsistence,0.1784019323518551,0.19915029810918594,,
mail,subsistence,0.1792425079629765,0.40458543101429834,,
infection,subsistence,0.17943570805653672,0.3627071767610124,,
divide,subsistence,0.18035729109991563,0.08059830574664749,,
proof,subsistence,0.18042416334720313,0.44640715374078066,,
argument,subsistence,0.18071492821425367,0.31345980064618817,,
balance,subsistence,0.18115861330371857,0.3107027231060236,,
board,subsistence,0.181251110817972,0.2556526877510558,,
mortar,subsistence,0.18170866096964236,0.315922955134006,,
pen,subsistence,0.18219330669745606,0.30524892912967116,,
stink,subsistence,0.18255873314663834,0.251153586421668,,
patience,subsistence,0.18331510098912074,0.3493955808584496,,
intercourse,subsistence,0.18355679496455124,0.3486275125777097,,
window,subsistence,0.18369230849194867,0.18353445997251716,,
temptation,subsistence,0.18391577672679238,0.39787732835189515,,
device,subsistence,0.18398932540092153,0.41318452340434525,,
confidence,subsistence,0.18409656261460314,0.30847685905169525,,
pun,subsistence,0.18484311621840738,0.5481187078232661,,
plane,subsistence,0.18496332376258315,0.22300226503563242,,
til,subsistence,0.1863778073305577,0.5539223627010734,,
intelligence,subsistence,0.18643214966805516,0.37324673440107403,,
link,subsistence,0.1865884033697768,0.35123826912022504,,
hem,subsistence,0.18670263505155896,0.3628820086395419,,
grape,subsistence,0.18735445930300634,0.3585965962333432,,
rage,subsistence,0.18848113981666204,0.41249544542295463,,
intention,subsistence,0.18880655147321057,0.26587887124468745,,
vapor,subsistence,0.188829380001765,0.2959965407377988,,
month,subsistence,0.1888945047430996,0.15299668489259763,,
folk,subsistence,0.18944597694978355,0.3864621165340838,,
exhibit,subsistence,0.18945177004477723,0.4007365976456514,,
gift,subsistence,0.18945231607376223,0.19283847131370344,,
steel,subsistence,0.1897724713910379,0.2714277964187543,,
splinter,subsistence,0.18987819936367636,0.2594749501839211,,
lady,subsistence,0.19002809604419763,0.36092809982158736,,
eve,subsistence,0.19012619917812582,0.519609248887408,,
quality,subsistence,0.19165258230434182,0.20981629586077294,,
slope,subsistence,0.193226065481146,0.09462889560558939,,
existence,subsistence,0.19329009849508733,0.35294498685070685,,
roof,subsistence,0.19331020838625593,0.11393068122752452,,
succession,subsistence,0.19377644365237429,0.40801027034603315,,
guest,subsistence,0.19388813132968838,0.3615272705561381,,
trough,subsistence,0.19390967223428918,0.33299236614877104,,
knowledge,subsistence,0.19426671130738116,0.11875934049582232,,
razor,subsistence,0.1943684378538,0.1844046493444264,,
exit,subsistence,0.1943981833819694,0.30808553294664187,,
bridge,subsistence,0.19447418438431213,0.11367132824309431,,
society,subsistence,0.19599054855110368,0.3110292155912376,,
joy,subsistence,0.1967064019275623,0.27782901190299647,,
column,subsistence,0.1968013485302239,0.3336633680118611,,
chill,subsistence,0.19736891322608352,0.28604471435548556,,
pupil,subsistence,0.19743937434512326,0.20596586590405722,,
skill,subsistence,0.19815812853912254,0.28290187390656657,,
suicide,subsistence,0.19826653256284438,0.3596162852231241,,
pine,subsistence,0.19829761824604433,0.3092283863811803,,
grudge,subsistence,0.19883150733132562,0.3486087506740176,,
seam,subsistence,0.19896031036020415,0.36855531204132846,,
thickness,subsistence,0.1991361372824086,0.340961078967215,,
parting,subsistence,0.19939893504969622,0.42582156421219963,,
eel,subsistence,0.1996020229918463,0.3113239632679474,,
urge,subsistence,0.20000372923829038,0.3041379987359508,,
sinner,subsistence,0.2008286415059848,0.3819877525485847,,
mucus,subsistence,0.2008322572629062,0.2659871525800106,,
corner,subsistence,0.20089551970737898,0.023353978690405564,,
fruit,subsistence,0.20094006506770856,0.1036035298613938,,
faith,subsistence,0.20117019930089736,0.3194363980017497,,
shepherd,subsistence,0.20144731039534888,0.39305444264876055,,
discipline,subsistence,0.20146023956096223,0.4460680526741763,,
dam,subsistence,0.20160092665753956,0.3219196262810938,,
childhood,subsistence,0.20257135829860298,0.29335613078248474,,
mat,subsistence,0.2028104689839648,0.24218794458606632,,
benefit,subsistence,0.20324390390356195,0.26303772893856686,,
salvation,subsistence,0.2050625859110283,0.4188310286528901,,
violence,subsistence,0.2063105767745887,0.40987626629285046,,
pause,subsistence,0.20679902545896695,0.32316715147218,,
cemetery,subsistence,0.20702283608841307,NA,Model convergence problem; non-positive-definite Hessian matrix. See vignette('troubleshooting'),Model convergence problem; non-positive-definite Hessian matrix. See vignette('troubleshooting')
trench,subsistence,0.20710682975738393,0.28250321543256757,,
status,subsistence,0.20748276219758174,0.3001062901731605,,
rag,subsistence,0.20755285213223745,0.19913319725281828,,
whip,subsistence,0.207909799778788,0.11490877865008342,,
neighbor,subsistence,0.20798400521551977,0.16903583171122627,,
tag,subsistence,0.20813345642383513,0.3975242784841514,,
male,subsistence,0.21034926364623774,0.43608236387631755,,
mare,subsistence,0.2106082169369252,0.4239610577542008,,
silence,subsistence,0.21160943430951012,0.2467297193529661,,
transfer,subsistence,0.21186088440701928,0.352425470856811,,
salt,subsistence,0.2119553033117892,0.03210850996658215,,
bottle,subsistence,0.21350381797578064,0.06908801978135053,,
kindness,subsistence,0.21359181892978363,0.31372995520803243,,
prick,subsistence,0.21372064544279662,0.18674258875020833,,
stamp,subsistence,0.2138187012505105,0.21157159502874354,,
supply,subsistence,0.2138671596299689,0.19707894345072702,,
departure,subsistence,0.21396778893733204,0.35734682630236486,,
consequence,subsistence,0.21436508055508968,0.29303242085438463,,
greeting,subsistence,0.21441340223592187,0.2724897164428849,,
magic,subsistence,0.21463748301424565,0.26781298072979826,,
buck,subsistence,0.21480104626886667,0.33605711482681894,,
companion,subsistence,0.21500861554087275,0.16845464841053884,,
exchange,subsistence,0.2152087811981016,0.11063851802996708,,
hearth,subsistence,0.21595543832647882,0.4754708168053902,,
permission,subsistence,0.21681544596062213,0.1021897270836801,,
separation,subsistence,0.21692811179761032,0.34137653109622956,,
priest,subsistence,0.2178685742607718,0.2839703014381765,,
guide,subsistence,0.21792204434088794,0.09241683458445095,,
anxiety,subsistence,0.21797835487292389,0.35276127616435765,,
crown,subsistence,0.21862958869121007,0.09223098748871116,,
silver,subsistence,0.21881185462218164,0.20526487605905125,,
laughter,subsistence,0.219133510059014,0.18519809380933228,,
fatigue,subsistence,0.2192711262566988,0.3320990701989785,,
shower,subsistence,0.2194254286428942,0.16510679163434172,,
tradition,subsistence,0.21969588845936686,0.08820474148696525,,
frame,subsistence,0.22051705503149557,0.13680862890447032,,
ceremony,subsistence,0.22144158942406592,0.26487275178917535,,
mushroom,subsistence,0.22151350937874792,0.3128273891563197,,
commission,subsistence,0.22303619763333274,0.4340644824131126,,
contract,subsistence,0.22313572408600166,0.23456410463014454,,
glue,subsistence,0.22314818668308428,NA,Model convergence problem; non-positive-definite Hessian matrix. See vignette('troubleshooting'),Model convergence problem; non-positive-definite Hessian matrix. See vignette('troubleshooting')
war,subsistence,0.22317166588075277,0.08161602627328848,,
enclosure,subsistence,0.22441249926723936,0.273306283115026,,
scum,subsistence,0.22442430094873989,0.2119545163304075,,
instruction,subsistence,0.2247214053674429,NA,Model convergence problem; non-positive-definite Hessian matrix. See vignette('troubleshooting'),
history,subsistence,0.22480226901052475,0.1952701589768015,,
shelf,subsistence,0.22501752601609276,0.18351004256549,,
grunt,subsistence,0.22517289714900005,0.29606702517522937,,
brand,subsistence,0.22617037121645422,0.25937033556334643,,
trumpet,subsistence,0.22660346831012473,0.23524479040540985,,
longing,subsistence,0.22679746377407997,0.3721973421104027,,
mourning,subsistence,0.2270068923394068,0.1641403627813552,,
bull,subsistence,0.22705849757195168,0.1695079273058806,,
spell,subsistence,0.22710831855167576,0.18471805156849433,,
midday,subsistence,0.22717066984171239,0.13343544412209232,,
danger,subsistence,0.22759143832231027,0.14804528377525358,,
account,subsistence,0.22780696959376467,0.1760146780753907,,
reproach,subsistence,0.22802162508783244,0.3916845548578818,,
ability,subsistence,0.22872384071456264,0.17201713484721232,,
marsh,subsistence,0.22905716427141046,0.28023625826896154,,
loaf,subsistence,0.22907914830697734,0.2951091912505607,,
cream,subsistence,0.22911092878239056,0.3166689803945978,,
broth,subsistence,0.2291130733694143,0.29033168406557747,,
officer,subsistence,0.22911870478787028,0.31328416177581775,,
artery,subsistence,0.22972135306391295,NA,,Model convergence problem; non-positive-definite Hessian matrix. See vignette('troubleshooting')
moan,subsistence,0.22980001417277865,NA,,Model convergence problem; non-positive-definite Hessian matrix. See vignette('troubleshooting')
gas,subsistence,0.23022899924342874,0.3667059419770992,,
judge,subsistence,0.23037839756758224,0.13833516335590612,,
guard,subsistence,0.23088780255734265,0.07076436720783003,,
authority,subsistence,0.23223859526233404,NA,,Model convergence problem; non-positive-definite Hessian matrix. See vignette('troubleshooting')
disciple,subsistence,0.23270522947113806,0.3821067572410543,,
trickle,subsistence,0.2328032473455409,0.4000777931467432,,
screw,subsistence,0.23293505598587966,0.25109342838370435,,
grip,subsistence,0.2340150025324873,0.19699484169304718,,
pearl,subsistence,0.23451509600058756,0.3136788524521167,,
company,subsistence,0.23482781914713305,0.17758011574931193,,
opponent,subsistence,0.23488865460138775,0.3676033243871911,,
association,subsistence,0.23548635616217917,0.26448815692657257,,
gorge,subsistence,0.23571011992334814,0.224958526388686,,
roar,subsistence,0.23678946540754559,0.18858896586339494,,
estimate,subsistence,0.23715103918373864,0.3704434781137179,,
soap,subsistence,0.23737136183979948,0.09895333808132238,,
leader,subsistence,0.23742730000718934,0.08325502706349763,,
government,subsistence,0.23744433422408937,0.207936863164924,,
excuse,subsistence,0.238254637684437,0.24037019556482675,,
communication,subsistence,0.23887814276464828,0.297963410499222,,
birthday,subsistence,0.23899286419214072,0.1826274735347027,,
spy,subsistence,0.23948120354000735,0.14682929381153,,
firm,subsistence,0.23957371277526623,0.11894750807935826,,
custom,subsistence,0.23959950363074248,0.06611761092238765,,
incense,subsistence,0.24012644496088367,0.34285490235977745,,
bat,subsistence,0.24048354596411273,0.1293942361397134,,
thread,subsistence,0.2410262122775033,0.05987235939164322,,
utterance,subsistence,0.2416440287800706,0.19412998309472956,,
stew,subsistence,0.24201748736016418,0.3161848415581074,,
household,subsistence,0.24293910700685561,0.23129109243075788,,
nickname,subsistence,0.24401290996163585,0.26465248309776246,,
flank,subsistence,0.24489520569622852,0.15343015793704826,,
coconut,subsistence,0.2454024414476822,0.5639906922263253,,
contrary,subsistence,0.24582783083700485,0.20675177417422588,,
performance,subsistence,0.24590728592016714,0.2889644625017081,,
spike,subsistence,0.2461385437950615,0.2423383299686407,,
delight,subsistence,0.24658108047914962,0.3255887964565089,,
fan,subsistence,0.24726650489047547,0.15703559020854238,,
wall,subsistence,0.24735600390768017,0.034490619825675396,,
appeal,subsistence,0.24751108321007484,0.34639959330913983,,
rod,subsistence,0.24777409035495365,0.1567573159664731,,
comb,subsistence,0.24811032340498718,0.07725677428679212,,
crust,subsistence,0.2481518018136336,0.17412757757326303,,
powder,subsistence,0.2492894281197782,0.05484236322339615,,
clan,subsistence,0.24938238865659543,0.493285152487145,,
beef,subsistence,0.24972120659448951,0.29213678944250504,,
tumor,subsistence,0.24982777886182483,0.3081856181530897,,
effect,subsistence,0.25009321884154184,0.10931605242263383,,
truth,subsistence,0.2514514538036114,0.03805965474466556,,
weight,subsistence,0.25228136801049456,0.009554965156268944,,
row,subsistence,0.25255087675222876,0.017745479320144312,,
bile,subsistence,0.2527541414335766,0.26175117835349754,,
brightness,subsistence,0.25291754440368397,0.3243822503716918,,
uniform,subsistence,0.2533258566988482,0.30887722286276625,,
advice,subsistence,0.25390658417636514,0.09256000731563105,,
objective,subsistence,0.2547746706570767,0.3094300435483664,,
pool,subsistence,0.2550097569970956,0.05142319022387239,,
gossip,subsistence,0.2565647662397224,0.1586154056739218,,
printing,subsistence,0.2569694449248688,0.2953146879939492,,
distress,subsistence,0.2570775473485743,0.277315988949478,,
earth,subsistence,0.2579092849954687,0.017579321163041135,,
banana,subsistence,0.25829353339031585,0.33693209725161066,,
waste,subsistence,0.25855741444486796,0.07783329489461739,,
abortion,subsistence,0.2593072867796359,0.28691879658790875,,
result,subsistence,0.25958094919528496,0.09124148866472827,,
unit,subsistence,0.26051923964604967,0.2531748894366049,,
prey,subsistence,0.26069921407827557,0.15920508635940497,,
roller,subsistence,0.2628721786203367,0.2561204176515711,,
oyster,subsistence,0.2631255480094587,0.39452189233607254,,
infant,subsistence,0.263683748775449,0.03534808311347625,,
department,subsistence,0.26368678392109646,0.3261546432561523,,
consumption,subsistence,0.26509860486572534,0.2795989555332775,,
rescue,subsistence,0.2654650468871558,NA,Model convergence problem; non-positive-definite Hessian matrix. See vignette('troubleshooting'),
building,subsistence,0.2663316484950339,0.03987276869677088,,
topic,subsistence,0.2665137889131886,NA,,Model convergence problem; non-positive-definite Hessian matrix. See vignette('troubleshooting')
worker,subsistence,0.26794284446856387,0.14784804410911365,,
desire,subsistence,0.26906297232967225,0.055074081619415384,,
king,subsistence,0.2690913081861429,0.1671446544930014,,
rug,subsistence,0.2692473326734135,0.32260805373476836,,
cow,subsistence,0.2693393214893535,0.11506580624378257,,
holder,subsistence,0.2693405270395702,0.20405327243317933,,
claim,subsistence,0.2693925020707183,0.13025141524123904,,
midwife,subsistence,0.2696635065963184,0.2300313909728654,,
fence,subsistence,0.27053311764546895,0.039963857874915895,,
principle,subsistence,0.27087300421801613,NA,Model convergence problem; non-positive-definite Hessian matrix. See vignette('troubleshooting'),
scale,subsistence,0.27123573978908183,0.01965164856055084,,
route,subsistence,0.2718033098008584,0.08752577910982746,,
flock,subsistence,0.27286199055391475,0.07517314747071757,,
victory,subsistence,0.27311336262782687,0.23913443459389327,,
clay,subsistence,0.27337443400072947,0.05669594469776813,,
copy,subsistence,0.27399029635495215,0.07916279296165192,,
response,subsistence,0.2739916968604401,NA,Model convergence problem; non-positive-definite Hessian matrix. See vignette('troubleshooting'),
basket,subsistence,0.27424699596942137,0.08272554247699913,,
refuge,subsistence,0.27484841360104356,0.27747240540273743,,
pig,subsistence,0.27551399668492793,0.13166367861783052,,
angel,subsistence,0.27586243925342585,0.10570463626486587,,
hum,subsistence,0.2777897753457362,0.15996600839351433,,
crook,subsistence,0.2781370365071283,0.31178815330184395,,
gunpowder,subsistence,0.27819007894010267,0.2851822150069541,,
remnant,subsistence,0.2782602299973671,0.2102703065605344,,
shop,subsistence,0.27900345143817395,0.19261948557557762,,
lad,subsistence,0.2793333073996217,0.2702781471956487,,
slack,subsistence,0.2796036229554363,0.09348633699877085,,
refrain,subsistence,0.279669948115275,0.21854841864053967,,
iron,subsistence,0.2803513250790428,0.009314300659373841,,
delay,subsistence,0.28039953938982776,0.08340673219634431,,
rice,subsistence,0.28053744106068784,0.3157087265823388,,
miracle,subsistence,0.28103045325642645,0.17707667730311558,,
concern,subsistence,0.2812546979146573,0.10040396376168388,,
organ,subsistence,0.2815787414340497,0.09901677091184333,,
bastard,subsistence,0.28190619719868365,0.17789279871255145,,
condition,subsistence,0.28204734859677927,0.051679148068295926,,
problem,subsistence,0.2822450373507843,0.21508745793412842,,
defense,subsistence,0.2825882926353006,0.2611225677259975,,
success,subsistence,0.2828152441185568,0.13328403207395395,,
hatchet,subsistence,0.2833856109896187,0.1529890064123761,,
bee,subsistence,0.28408718734956756,0.09224812176245177,,
discourse,subsistence,0.28433682242757624,0.23345330694875852,,
partition,subsistence,0.28470247688734535,0.2519131236747506,,
task,subsistence,0.2848443887135935,0.10643681699977987,,
chalk,subsistence,0.2851524190170697,0.21715272346636788,,
consent,subsistence,0.2853684237509419,0.1759514459412168,,
trim,subsistence,0.286412117291518,0.1904249286118197,,
lawyer,subsistence,0.28690533837440124,0.13824952517380928,,
flute,subsistence,0.28718949230643964,0.15649401610648256,,
teacher,subsistence,0.28768477294102346,0.09395566832198839,,
wheel,subsistence,0.28842080214279225,0.03968259538816247,,
speed,subsistence,0.28873823983429137,0.09796709352027044,,
spectacle,subsistence,0.2890177299436936,0.15687644055034014,,
training,subsistence,0.2890349480073155,0.30368835980471304,,
hardship,subsistence,0.28909491528303877,0.2868413124488706,,
gaze,subsistence,0.28959915000863395,0.031196008950109384,,
reply,subsistence,0.28971486559736903,0.09360615877225503,,
famine,subsistence,0.2898576892626125,0.09534735882225782,,
intent,subsistence,0.2901497109537816,0.1615472542323844,,
honor,subsistence,0.2914668101261136,0.08702630859040288,,
jail,subsistence,0.29346297267680505,NA,Model convergence problem; non-positive-definite Hessian matrix. See vignette('troubleshooting'),Model convergence problem; non-positive-definite Hessian matrix. See vignette('troubleshooting')
health,subsistence,0.2944481873467639,0.03588000095501039,,
master,subsistence,0.2945245704869242,0.048613702432412205,,
calendar,subsistence,0.2950427469498318,0.28952173744082627,,
leap,subsistence,0.29534163387275564,0.08192431993589189,,
hospital,subsistence,0.2954468192106525,0.0751950740858633,,
assembly,subsistence,0.2954915695336241,0.22720413860926536,,
courage,subsistence,0.29564313299816647,0.15325375661188245,,
beauty,subsistence,0.2957322333473032,0.14324634932100802,,
skirt,subsistence,0.29589444472974447,0.08550305898144038,,
perfume,subsistence,0.2962429435328874,0.15827914684044342,,
drizzle,subsistence,0.2967903149451956,0.1112211278163367,,
oven,subsistence,0.29702871000296066,0.21410333020971078,,
hospitality,subsistence,0.3012362603304879,0.2828014441569092,,
manuscript,subsistence,0.301391789057931,0.178739867225228,,
ridicule,subsistence,0.30184522981965034,0.0857900659213401,,
bowl,subsistence,0.30220312048295433,0.02320414952214955,,
burial,subsistence,0.3023122426550326,0.05044393563229325,,
tongs,subsistence,0.30326782114007944,0.17268660048446513,,
rustle,subsistence,0.3048947413257368,0.263045753125841,,
occasion,subsistence,0.3054052909071127,0.03652708034721998,,
grave,subsistence,0.3057489569329132,0.0026761038408294924,,
noon,subsistence,0.30611071998302003,0.019517893193505782,,
basin,subsistence,0.3062089140348922,0.08596568852150153,,
scholar,subsistence,0.3076226014947534,0.2011202760807793,,
cushion,subsistence,0.3081453420255653,0.15322342989671434,,
cork,subsistence,0.3085601563748188,0.08077510610169737,,
rust,subsistence,0.3089108211242277,0.03549525759923806,,
seat,subsistence,0.3107101852957343,0.011424031717863149,,
beverage,subsistence,0.3118138443023559,0.17845145628497386,,
stain,subsistence,0.3125958299941223,0.1145193655509861,,
bath,subsistence,0.3129401416158795,0.08506418757721693,,
meeting,subsistence,0.31358675210318887,0.04398681690510655,,
hymn,subsistence,0.31358869055264654,0.21227377945242995,,
candy,subsistence,0.31402563631817304,0.256438933244282,,
failure,subsistence,0.31641069428758084,0.1866201545786429,,
kit,subsistence,0.3172382400749645,0.3153478878462129,,
sparrow,subsistence,0.31765021524328324,0.11384776276110135,,
trade,subsistence,0.31775457399619605,0.057241126073124905,,
paste,subsistence,0.31941375998677884,0.14417968359539465,,
screen,subsistence,0.3202509566976167,0.1628620938663979,,
devil,subsistence,0.3224867298972392,0.09362961343751128,,
council,subsistence,0.3231449042244817,0.08057679734341736,,
veil,subsistence,0.32359022859799397,0.24490249674886763,,
rat,subsistence,0.32367198063847896,0.0275732875159848,,
train,subsistence,0.32420212654290004,0.09879889610292604,,
knot,subsistence,0.32692182077767085,0.005892467891779308,,
weed,subsistence,0.3277767586602374,0.037838461009231494,,
porch,subsistence,0.3278045439468363,0.1990918741222276,,
seed,subsistence,0.3279547532822555,0.010885280625965025,,
offspring,subsistence,0.3281075419201801,0.03329281586696254,,
decline,subsistence,0.32835101612005085,0.1723322864082841,,
loin,subsistence,0.32836760891190464,0.1858666105579439,,
trouser,subsistence,0.3286571967297225,0.1078780029767753,,
foundation,subsistence,0.329324798246008,0.053871192178757445,,
ward,subsistence,0.32963673538946997,0.1074584870415379,,
conversation,subsistence,0.3298374897918916,0.03500633970922499,,
quantity,subsistence,0.3305850092126071,0.04596998390236582,,
hay,subsistence,0.33064637522337154,0.17813240221797821,,
substitute,subsistence,0.332253646922972,0.044084811154006386,,
interest,subsistence,0.3339516253122273,0.037838707353167605,,
treasure,subsistence,0.33441430034014813,0.1429881956840413,,
mattress,subsistence,0.334567117448006,0.11496007202580077,,
porridge,subsistence,0.33554942514001174,0.2608043912968738,,
rot,subsistence,0.3358605827573274,0.05882666028182555,,
warning,subsistence,0.33611253831468046,0.03954874915539373,,
ox,subsistence,0.3372759192144786,0.16010720970864858,,
tortoise,subsistence,0.3372882282796807,0.1653159525990647,,
opinion,subsistence,0.33929997307527004,0.08129374037798515,,
guardian,subsistence,0.33936885187891996,0.15110587971854225,,
punishment,subsistence,0.3399312341423705,0.06873651857371306,,
milk,subsistence,0.34010033811684653,0.006950762955570704,,
chain,subsistence,0.34036607815952336,0.003995443075974063,,
learning,subsistence,0.34037100096097966,0.029864738240722548,,
forest,subsistence,0.34160515100256833,0.04489709502035593,,
spade,subsistence,0.3417018400239102,0.06784358693596972,,
fool,subsistence,0.3425605588929242,0.032117191158925834,,
fore,subsistence,0.3425947904594416,0.24891312882482192,,
sorrow,subsistence,0.3426202182789312,0.07395353550155499,,
follower,subsistence,0.34262951764051547,0.13533372896025003,,
accord,subsistence,0.3427987009129452,0.12390916270668251,,
interval,subsistence,0.34353564556060207,0.09720047613492501,,
garbage,subsistence,0.34355977968681456,0.13302656565146934,,
pigeon,subsistence,0.3444181199293013,0.03725274003977916,,
assistance,subsistence,0.3446813470531735,0.03657646993789155,,
bowel,subsistence,0.34493794758195473,0.006389437086315019,,
luck,subsistence,0.3457766933494194,0.03038173272898467,,
mouthful,subsistence,0.34787305608183183,0.20064274458122225,,
machine,subsistence,0.34904992856548506,0.08898031047770419,,
leather,subsistence,0.34946065176698726,0.0325781304655941,,
safety,subsistence,0.34984085599434145,0.09117782296590092,,
victim,subsistence,0.3513288121897035,0.08952733592216862,,
agreement,subsistence,0.35137355545347554,0.020278586422390305,,
kitchen,subsistence,0.3527513253438492,0.08671554517463535,,
plow,subsistence,0.35289961824457033,0.0934868086467605,,
rumor,subsistence,0.3530817803337461,0.08103618256517547,,
hesitation,subsistence,0.3533963301301489,0.16144878541730145,,
plan,subsistence,0.3534602521890912,0.07076931751145074,,
ring,subsistence,0.35356857432512595,1.6099683595007024e-4,,
encounter,subsistence,0.35401068943060954,0.018765070697262132,,
address,subsistence,0.35507775032303196,0.03801731820645807,,
increase,subsistence,0.3551169211302087,0.006147361972199676,,
confusion,subsistence,0.3554184820612069,0.05885967947558289,,
onion,subsistence,0.3557145281139478,0.02971968975091093,,
contraction,subsistence,0.3558352296925064,0.06764874043809144,,
goat,subsistence,0.3559055934894253,0.06088623452673782,,
wealth,subsistence,0.3560393196561752,0.07454193617944525,,
rash,subsistence,0.35644355837698605,0.007623850009901586,,
pal,subsistence,0.35664812749400016,0.13872360308049558,,
tray,subsistence,0.35696559237705205,0.155612202213171,,
film,subsistence,0.35743046577179877,0.24643887519801802,,
guitar,subsistence,0.35794298437630545,0.12803173263947573,,
bench,subsistence,0.35830571540782113,0.058198102245935704,,
witness,subsistence,0.35835700020599104,0.029306946297269338,,
butter,subsistence,0.3584777931481051,0.06613256883676277,,
liquor,subsistence,0.35872601965712053,0.13041474134401007,,
god,subsistence,0.35969522067501647,0.05813897639442193,,
sheep,subsistence,0.3598895721196909,0.04093481560660073,,
crash,subsistence,0.36013410467709617,0.05487411657805657,,
collar,subsistence,0.36043966767059193,0.044917447900835586,,
drain,subsistence,0.36121822098705203,0.06722312880137322,,
murder,subsistence,0.36175498016523944,0.03388679174548596,,
money,subsistence,0.3624003092888105,0.002687586371363966,,
opportunity,subsistence,0.3624091880443384,0.04534679874772564,,
hive,subsistence,0.36255036976278054,0.15875741041492286,,
mold,subsistence,0.36291276698181807,0.02576621215363114,,
arrangement,subsistence,0.3647943165950356,0.0749594019116347,,
haste,subsistence,0.36545576642803257,0.12003511133127094,,
parable,subsistence,0.36550510214637844,0.146582861523954,,
labor,subsistence,0.3659583523922537,0.01297524523160961,,
purse,subsistence,0.36597608871399145,0.04864874341292793,,
counsel,subsistence,0.366112550846622,0.12872521143493332,,
illness,subsistence,0.36713518780393406,0.04843183095594642,,
eclipse,subsistence,0.36752609204454484,0.08313833989401603,,
mankind,subsistence,0.367808920940407,0.11096317138759447,,
bachelor,subsistence,0.36901194662224585,0.0252164507844333,,
stalk,subsistence,0.36949472779932085,0.020437225434162296,,
mask,subsistence,0.3695972695986685,0.15475528708955583,,
carpenter,subsistence,0.36981978745825966,0.01213164360753597,,
origin,subsistence,0.37010364626313574,0.014765283129424014,,
player,subsistence,0.3719372419292523,0.08024749666848083,,
slave,subsistence,0.37295934160133815,0.06333639906483958,,
plank,subsistence,0.37378930026850776,0.07667984541347117,,
inquiry,subsistence,0.3739128184029057,0.1520838518558377,,
dung,subsistence,0.37403963318421707,0.061480647534459275,,
employment,subsistence,0.37404750542906945,0.17105506426683376,,
necessity,subsistence,0.37417243885592716,0.0845064275311101,,
temperature,subsistence,0.37421757763303093,NA,,Model convergence problem; non-positive-definite Hessian matrix. See vignette('troubleshooting')
book,subsistence,0.3745343221731479,0.002321894844572783,,
service,subsistence,0.37466357287550367,0.042324217198664596,,
prisoner,subsistence,0.37703153847846843,0.04766872847568903,,
product,subsistence,0.37739972771046415,0.10230424532957404,,
gale,subsistence,0.3776027613277596,0.26115967028511616,,
joke,subsistence,0.3776206369336189,0.006816401879306565,,
dagger,subsistence,0.3780598652111999,0.15845716518671238,,
barrier,subsistence,0.37862930705144365,0.008855820973795588,,
pill,subsistence,0.3789823046414926,0.0680377587844266,,
chimney,subsistence,0.379426936139099,0.11002060864049082,,
oath,subsistence,0.37946893693088846,0.05979018667212018,,
choice,subsistence,0.379543225164836,0.024263741754339818,,
harbor,subsistence,0.38030242136783265,0.18366342118336051,,
mixture,subsistence,0.38032737687922674,0.03204503302020372,,
opposition,subsistence,0.38175907377326534,0.10969845377243732,,
esteem,subsistence,0.3818825060171599,0.16385311589059004,,
vessel,subsistence,0.38353676807541814,0.07973014024442014,,
writer,subsistence,0.3835662982114434,0.06924262542525657,,
candle,subsistence,0.38593927599526606,0.039905340259136717,,
method,subsistence,0.38601900960119073,NA,Model convergence problem; non-positive-definite Hessian matrix. See vignette('troubleshooting'),Model convergence problem; non-positive-definite Hessian matrix. See vignette('troubleshooting')
ion,subsistence,0.38643725843396354,0.24370179650298138,,
fabric,subsistence,0.3871346955254281,0.18808550412640124,,
farmer,subsistence,0.3871689445832535,0.10841397024280508,,
disturbance,subsistence,0.3876883994335236,0.10478373754730591,,
bill,subsistence,0.3880935764894133,0.03989364978926306,,
rap,subsistence,0.38947216050058714,0.15409784500490314,,
wage,subsistence,0.3896627377194367,0.030277156663900708,,
flight,subsistence,0.3904145824180065,0.03241331657266194,,
professor,subsistence,0.3904931145006249,0.12740141193582516,,
prison,subsistence,0.39114606360715765,0.031243246103466415,,
madness,subsistence,0.39129928837189004,0.16874157548391253,,
compassion,subsistence,0.39142649392275175,0.07680382685275018,,
sob,subsistence,0.3917465953048613,0.06801508109027041,,
lord,subsistence,0.392241307697788,0.08420653427610672,,
ton,subsistence,0.3932622575596119,0.21258803127797302,,
harmony,subsistence,0.3934311441022863,0.15680229239680157,,
patient,subsistence,0.39376387774816024,0.010852438809187966,,
flavor,subsistence,0.39385270173759496,0.045787653709406455,,
bid,subsistence,0.3939562186275366,0.14422087646278622,,
squash,subsistence,0.39459271981457666,0.10773682872934105,,
enemy,subsistence,0.39494831375179873,0.014741916287628345,,
music,subsistence,0.39638028261214947,0.04988575299988808,,
disorder,subsistence,0.39638797898692524,0.09624724346013072,,
contribution,subsistence,0.3974294278678169,0.018067169884016503,,
swarm,subsistence,0.39836460659486833,0.03829723238314496,,
bolt,subsistence,0.39882914457321594,0.016780669135905486,,
week,subsistence,0.3996046112522148,0.010166279166633539,,
span,subsistence,0.3997649782745025,0.07721444082478718,,
party,subsistence,0.39985534244770315,0.021677613822862152,,
interpretation,subsistence,0.4002437166121488,0.09349307792645671,,
trust,subsistence,0.40041714859839467,0.016552813975791333,,
decay,subsistence,0.40049796797389847,0.05556159282723279,,
heir,subsistence,0.4012033200452988,0.07767851313058867,,
notch,subsistence,0.40203759308298903,0.10768999317489156,,
magician,subsistence,0.40215798269334685,0.16981371913831256,,
mile,subsistence,0.4022790159811657,0.058968677703161526,,
minute,subsistence,0.4032230447103144,0.03157885484287363,,
shame,subsistence,0.40327798789011576,0.0016008687078536681,,
value,subsistence,0.4043745037036708,0.0034408976483074573,,
model,subsistence,0.40521227214805106,0.07742308967147374,,
funeral,subsistence,0.4053614416499711,0.10227070377428712,,
breadth,subsistence,0.4055508415766675,0.09658729247602013,,
ceiling,subsistence,0.4055632133507387,0.06110292946944591,,
barn,subsistence,0.4062170710664671,0.15451133436756853,,
dough,subsistence,0.40663418439405163,0.04948912214879104,,
suspicion,subsistence,0.4067698259883706,0.08228496134345281,,
port,subsistence,0.40754254752905483,0.09125302312257759,,
width,subsistence,0.40899813913605804,0.12493130010232566,,
yarn,subsistence,0.40952720437011947,0.0839771102354376,,
mode,subsistence,0.4096917249780971,0.19760049534372384,,
childbirth,subsistence,0.4112136112564479,0.04497055542060956,,
science,subsistence,0.4112214275946019,0.11910440118850547,,
reality,subsistence,0.41147745792464463,0.04931367702997214,,
pod,subsistence,0.41188386958344275,0.05253562369386616,,
friendship,subsistence,0.4123064215575566,0.03889494100562583,,
reign,subsistence,0.4129934575088026,0.1211351129414131,,
tiger,subsistence,0.41312655390905356,0.12264019977858462,,
youth,subsistence,0.41481422216139036,0.00495453695958938,,
pulp,subsistence,0.41485216230141075,0.08785328912553128,,
disaster,subsistence,0.41491042342062984,0.13423501491178166,,
wasp,subsistence,0.41526475368267796,0.021978362628415384,,
limit,subsistence,0.4152930470497094,0.016849620828684356,,
pepper,subsistence,0.4154077055444259,0.030925434254443444,,
holiday,subsistence,0.415716979993822,0.13103530525136964,,
tube,subsistence,0.4163315750305344,NA,Model convergence problem; non-positive-definite Hessian matrix. See vignette('troubleshooting'),Model convergence problem; non-positive-definite Hessian matrix. See vignette('troubleshooting')
plaster,subsistence,0.41671434797125634,0.037884837493191555,,
hour,subsistence,0.4191094469134979,0.006232084506403213,,
yard,subsistence,0.41960952244453265,0.01544435735974194,,
mole,subsistence,0.42017144812385915,0.005181162170608364,,
servant,subsistence,0.4205630019449181,0.02605021427642666,,
testimony,subsistence,0.4208760229683079,0.09095381579443317,,
deceit,subsistence,0.4214773951886928,0.13985024754812536,,
agent,subsistence,0.42169717690208275,0.03120904077595657,,
funnel,subsistence,0.4218950831954228,0.026046216568205566,,
disease,subsistence,0.42219424830768665,0.0018865651076666744,,
clock,subsistence,0.42225228862434033,0.031269187444076516,,
application,subsistence,0.4224668996121793,0.05031530837061616,,
nonsense,subsistence,0.42293146762331923,0.08301147909884533,,
idol,subsistence,0.4239627729350651,0.13427578320986397,,
toad,subsistence,0.42408512842941304,0.05722505195236188,,
host,subsistence,0.4241452877553271,0.060994970229386346,,
pork,subsistence,0.4242836772536668,0.11914683299026996,,
fling,subsistence,0.4254527501195088,0.07810441932525848,,
aid,subsistence,0.42606956559238307,NA,Model convergence problem; non-positive-definite Hessian matrix. See vignette('troubleshooting'),Model convergence problem; non-positive-definite Hessian matrix. See vignette('troubleshooting')
mama,subsistence,0.42715596327311034,NA,,Model convergence problem; non-positive-definite Hessian matrix. See vignette('troubleshooting')
flutter,subsistence,0.4278559434794721,0.11701926990050601,,
ink,subsistence,0.42829347032897047,0.041813389490950315,,
paradise,subsistence,0.42833983870062514,0.15756954259480382,,
hen,subsistence,0.4285514708000704,0.005217215064519372,,
stool,subsistence,0.4290117963563338,0.028699598052164432,,
gold,subsistence,0.4293925430940831,0.0157918403165858,,
festival,subsistence,0.4308517403080028,0.17837830308380043,,
residue,subsistence,0.4325399670634391,0.23351630787421185,,
burden,subsistence,0.4339784164633084,0.01509254103543401,,
misfortune,subsistence,0.4339822896049825,0.03243442826359781,,
pea,subsistence,0.43509384199158985,0.01912838846222034,,
arch,subsistence,0.4357161677067919,0.07801583744032801,,
pat,subsistence,0.43574619338804277,0.06646288052380783,,
marriage,subsistence,0.43646667687291113,9.645752587412976e-4,,
coward,subsistence,0.436620174278786,0.039744488983209585,,
province,subsistence,0.43840354598267084,0.1604491800832878,,
calamity,subsistence,0.4387807278164962,0.14324972470353387,,
pledge,subsistence,0.4390844124104557,0.10584221835391878,,
profession,subsistence,0.4393828445379894,0.12508870279312714,,
grief,subsistence,0.43962774872558497,0.03850288102133307,,
placenta,subsistence,0.4399073338908617,0.08582803237860136,,
capacity,subsistence,0.43998623410652565,0.03495112781458575,,
penalty,subsistence,0.44009829284130836,0.09309844042416278,,
pillar,subsistence,0.44101803370269443,0.054790380419866745,,
loss,subsistence,0.4412523186012163,0.007558501618122423,,
inn,subsistence,0.44225398103679464,0.17009925030246437,,
disagreement,subsistence,0.44400598633737426,0.08036960617998318,,
disgust,subsistence,0.4452264077001332,0.038002385951158166,,
chatter,subsistence,0.44550748593869166,0.018792496718598728,,
incline,subsistence,0.4458168702153205,0.05727646548909995,,
repair,subsistence,0.44591069306848746,0.0031506202492399614,,
pot,subsistence,0.4464501086622343,0.004285120777463011,,
pouch,subsistence,0.4471617826274038,0.055489638131552756,,
baptism,subsistence,0.44749745125001383,0.07398807065845278,,
deed,subsistence,0.44762282737804593,0.042641646730551014,,
parcel,subsistence,0.44877995161421036,0.06725525793152773,,
wheat,subsistence,0.44919881569945375,0.04109833892353533,,
inheritance,subsistence,0.4505941277629499,0.05162012428702008,,
worship,subsistence,0.45064209352199563,0.04264913817951642,,
purchase,subsistence,0.450821077037792,0.01433042656569504,,
suit,subsistence,0.45090078872799483,0.017441406829493352,,
observation,subsistence,0.45183301008637966,0.060991718179269266,,
ravine,subsistence,0.45205890567183044,0.059779471641773475,,
repetition,subsistence,0.45362300466355066,0.017503274411980668,,
author,subsistence,0.4542881879705032,0.020048197936488505,,
murderer,subsistence,0.4561817999112425,0.019838368167249733,,
pleasure,subsistence,0.456535029654759,0.02210913146937742,,
operation,subsistence,0.4565616539222366,0.05149010198454805,,
border,subsistence,0.45992862447254523,0.0027188245266062507,,
donkey,subsistence,0.4601379043647242,0.08007135664315697,,
grate,subsistence,0.4610401134017494,0.039578937377287834,,
hedge,subsistence,0.4628153177644836,0.1267855630808845,,
residence,subsistence,0.4638349090258123,0.023400977775072718,,
beer,subsistence,0.4642678307376275,0.07524547185417925,,
ease,subsistence,0.4654800519804551,0.009380692849846346,,
property,subsistence,0.4656258061513088,0.003530941399632183,,
exercise,subsistence,0.46597860434176597,0.027475431287258663,,
theft,subsistence,0.46601556446673414,0.02801761766507916,,
manure,subsistence,0.4665994228090147,0.025305593044778345,,
meal,subsistence,0.46665742992264364,2.7614940508833495e-4,,
chapter,subsistence,0.46811387727793613,0.07694501417930324,,
bud,subsistence,0.46861141459803113,NA,Model convergence problem; non-positive-definite Hessian matrix. See vignette('troubleshooting'),
fever,subsistence,0.4696487534594559,0.0018730055686427094,,
belief,subsistence,0.47109840073636766,0.007524611894691369,,
arrest,subsistence,0.47398103133753144,0.01328993737629481,,
drawer,subsistence,0.47455820350705147,0.05516942556249296,,
control,subsistence,0.4750359189923497,0.010377227430372442,,
rite,subsistence,0.47598208184252705,0.05784420139568697,,
attitude,subsistence,0.4762589242564388,0.030284811165700948,,
ally,subsistence,0.47668028300297,0.09723375316835713,,
poverty,subsistence,0.47776250518794555,0.013268242904996579,,
memory,subsistence,0.4782240678065337,0.005864674559532979,,
package,subsistence,0.47853502883055826,NA,Model convergence problem; non-positive-definite Hessian matrix. See vignette('troubleshooting'),Model convergence problem; non-positive-definite Hessian matrix. See vignette('troubleshooting')
remainder,subsistence,0.47854218372399926,0.004592767765320191,,
breed,subsistence,0.47964007666275166,0.018843510755349728,,
cement,subsistence,0.48052472475096353,0.01236856761962346,,
gender,subsistence,0.4847729498796749,0.07820469457850845,,
canal,subsistence,0.48544637294399323,0.050031257247076674,,
fountain,subsistence,0.487217742615438,0.05606025134665173,,
ulcer,subsistence,0.4875445994595696,0.035038335648662655,,
cucumber,subsistence,0.487734667299267,0.025992018197582296,,
remembrance,subsistence,0.4879695245558347,0.04675381029620326,,
slaughter,subsistence,0.4880858246544865,0.026423427295506546,,
damage,subsistence,0.4881646841571229,0.006937193505867852,,
vow,subsistence,0.4889765019589087,0.05497617759019395,,
marble,subsistence,0.48986271384134406,0.050915201558177366,,
straw,subsistence,0.49419295720357603,0.01705602066960585,,
bell,subsistence,0.49457946479625403,8.707295490737268e-5,,
student,subsistence,0.49522046328030084,0.022946464050756444,,
salary,subsistence,0.49598590915809043,0.07939489296700847,,
job,subsistence,0.49661254656949994,0.0015208457710542752,,
happiness,subsistence,0.4969492546297801,0.011705485388293451,,
production,subsistence,0.49766626968551964,0.07126820243796259,,
stitch,subsistence,0.5015800015953138,0.015163672398383211,,
yoke,subsistence,0.5028420731526825,0.03892899182589315,,
lust,subsistence,0.5039461131933186,0.045374476843594434,,
extract,subsistence,0.5045374242726479,0.038311582985175834,,
utensil,subsistence,0.5059614334913805,0.030460709461268765,,
maker,subsistence,0.507097105070554,0.016958776234858166,,
harm,subsistence,0.5085504421197167,9.852491068817546e-4,,
remedy,subsistence,0.5089112307112387,0.03512819011980703,,
religion,subsistence,0.5091017836960118,0.019658885310191557,,
dragon,subsistence,0.5115719092382328,0.06215777678007434,,
trick,subsistence,0.5120726767460086,0.0030512844784540217,,
epidemic,subsistence,0.51208209429259,0.03443193825011562,,
rum,subsistence,0.5124671363978942,0.10176319122204974,,
cure,subsistence,0.5139747933035996,3.2193213870631876e-4,,
idiot,subsistence,0.5142898477249243,0.06456475156218215,,
tub,subsistence,0.514360456086881,0.031838925800670055,,
husk,subsistence,0.5153915517169251,0.051768042701282053,,
quake,subsistence,0.5155825906271267,0.0010604736439358124,,
transport,subsistence,0.5157853655668952,0.030626583619942704,,
coral,subsistence,0.5163469783319286,0.09016443957246999,,
ditch,subsistence,0.5168148161503936,0.0025627279919691595,,
chat,subsistence,0.5174552143774134,0.022867209710160093,,
cabbage,subsistence,0.5177411329345684,0.01604158706584998,,
sir,subsistence,0.5186246207259472,0.04238967510793179,,
envy,subsistence,0.5186510379410411,0.003733681078995238,,
boar,subsistence,0.5187174580569672,0.053601340351852524,,
bulge,subsistence,0.5190785088156961,0.01203657467588171,,
soul,subsistence,0.5202271102604554,NA,Model convergence problem; non-positive-definite Hessian matrix. See vignette('troubleshooting'),
resin,subsistence,0.5207514702343532,0.00935528680490585,,
complaint,subsistence,0.5222488550400929,0.015729314073018353,,
bin,subsistence,0.5225224698575216,0.05459945806926948,,
ruler,subsistence,0.5226608365970646,0.01635588630324015,,
stack,subsistence,0.5240792839647205,0.003862861526948728,,
image,subsistence,0.5251321260314596,0.0026814749825213578,,
torment,subsistence,0.5273433888692345,0.053265118019029035,,
bracelet,subsistence,0.529748494771867,0.014146598068876614,,
pie,subsistence,0.5301957029550669,0.05772555250484782,,
cake,subsistence,0.5328803145373365,0.003184157116404391,,
flag,subsistence,0.5343155813706595,0.0022661838822906183,,
reward,subsistence,0.5362219004439452,0.004483406743165201,,
vegetable,subsistence,0.5393989060462682,9.128893436924042e-4,,
date,subsistence,0.5397232183829999,9.928806967578721e-4,,
glory,subsistence,0.5405977809799517,0.0124608644490762,,
clip,subsistence,0.5411436554722935,0.018846820616564675,,
serpent,subsistence,0.5417568862427572,0.07011089917973362,,
lamb,subsistence,0.5417866591416491,0.02187763017657477,,
lesson,subsistence,0.5434978625417176,0.017338049158822182,,
chant,subsistence,0.5438408310135425,0.034107713384119255,,
tor,subsistence,0.5451020425070574,0.09157172423001907,,
altar,subsistence,0.5462959949269331,0.02478540666433773,,
sword,subsistence,0.5463600080118941,0.0031743065862016866,,
measurement,subsistence,0.5465170238369658,0.025521351255875954,,
queen,subsistence,0.5470772753685523,8.795989321937788e-4,,
charm,subsistence,0.5476606629382558,0.016466563810325505,,
shred,subsistence,0.5490330464806444,0.00589185670448036,,
polish,subsistence,0.5499631767875713,0.0022689908492136853,,
town,subsistence,0.5523255805648122,0.0027504695084628263,,
thief,subsistence,0.5532001390423625,4.79408530099866e-6,,
hall,subsistence,0.5542471696152337,0.021581295212017494,,
passion,subsistence,0.5547046346383434,0.029003153069889945,,
cheese,subsistence,0.5562832876868553,0.043452845306229386,,
invitation,subsistence,0.5576110175084341,0.008494272682316645,,
dye,subsistence,0.5577875555690609,2.7877535914737014e-4,,
sin,subsistence,0.559104279404415,0.006340619350790565,,
tower,subsistence,0.5593505569449366,0.015555638393621679,,
bun,subsistence,0.5612617424583052,0.01217582377390724,,
angle,subsistence,0.5623637977064929,0.001072130433577575,,
bitch,subsistence,0.5624990536913063,0.021498063028604287,,
hoe,subsistence,0.5628718521127696,0.017150779667002708,,
stocking,subsistence,0.5634380898353831,0.02175297053566269,,
injection,subsistence,0.5637126906030787,0.009032746769372619,,
resemblance,subsistence,0.5645420756174543,0.01239949240817631,,
brim,subsistence,0.5657770383998605,0.0026746823194791097,,
wool,subsistence,0.5658046174812239,0.00454217707555775,,
trader,subsistence,0.5664167017874752,0.024705581712946154,,
literature,subsistence,0.5668133435894361,0.0519606706471589,,
ingredient,subsistence,0.5675095569972636,0.1161826735167342,,
representative,subsistence,0.5683298750721266,0.01414033628750555,,
mistress,subsistence,0.5686024421798688,0.048320393969256505,,
affair,subsistence,0.56890028649001545,0.007425200951125267,,
yam,subsistence,0.5690942144451008,0.09673558963857885,,
scorn,subsistence,0.5696318089716617,0.020504028506258452,,
threat,subsistence,0.570009666570388,0.007547560172856737,,
cattle,subsistence,0.5715254763937356,0.005416959623923534,,
hinge,subsistence,0.5723937967624292,0.00772697494696098,,
divorce,subsistence,0.5733253837270246,0.005812250524533739,,
bar,subsistence,0.5736188591748675,0.0014092524251186453,,
wine,subsistence,0.5740311493747562,0.012785044334984806,,
resident,subsistence,0.5750489258175746,0.002130801736981576,,
robber,subsistence,0.5755646570157699,0.004508751928521442,,
tune,subsistence,0.5762218173130752,0.0037596062259088988,,
beam,subsistence,0.5769524140938902,5.966284970549585e-4,,
tilt,subsistence,0.5786302621969056,0.014884801367500946,,
bang,subsistence,0.579263330201011,0.028556650074637886,,
rebel,subsistence,0.5814771661500997,0.03221818266204282,,
disgrace,subsistence,0.5821802165235712,0.030162386879905682,,
driver,subsistence,0.5834343026611847,0.011761395759305059,,
cent,subsistence,0.585438944744831,0.015728950898516857,,
vinegar,subsistence,0.5872771266954603,0.019137311417929646,,
copper,subsistence,0.5885926922728865,0.0022006011441144686,,
plot,subsistence,0.5888707095333355,0.0067795101843940615,,
profit,subsistence,0.59012859361178,0.0074770046752043896,,
tax,subsistence,0.5904435419590932,0.005771898819342764,,
guilt,subsistence,0.5915073279211839,0.011105882901032451,,
rafter,subsistence,0.5924066622873068,0.0728409026076204,,
fashion,subsistence,0.5930868777759986,9.850068098295652e-4,,
tale,subsistence,0.5934739511031808,0.002459121504498981,,
farm,subsistence,0.5937476801966589,0.04681378736633625,,
filth,subsistence,0.5951920769372413,0.015913293977355105,,
defect,subsistence,0.5955487169418313,0.01705052239254288,,
caution,subsistence,0.5962554754813085,0.004553218194128185,,
din,subsistence,0.5966104563823484,0.06378158909150261,,
prince,subsistence,0.5987686330292743,0.04694631519720804,,
credit,subsistence,0.598840270553849,0.007509859664656707,,
cultivation,subsistence,0.6021615414873144,0.04533016527287567,,
deposit,subsistence,0.6024311444806099,0.004122577938652101,,
destruction,subsistence,0.60263684418258745,0.02121051581018666,,
sum,subsistence,0.6038864653766521,0.015294544563016163,,
hog,subsistence,0.6039927577891224,0.02220650000507268,,
reptile,subsistence,0.6043973010731176,0.007692839925198318,,
chicken,subsistence,0.6053904039282039,0.002796492751198749,,
greed,subsistence,0.6057941144740804,0.02645166964860919,,
diet,subsistence,0.607500638649807,0.013195550141103053,,
demand,subsistence,0.6075727924878247,0.003048329022012971,,
merit,subsistence,0.6105569402079905,0.02410843680480185,,
melon,subsistence,0.6110720653417615,0.010878614236085552,,
bride,subsistence,0.6113518246502647,0.008810690569309172,,
minister,subsistence,0.6134291537533879,0.018173811364721126,,
keeper,subsistence,0.6148049973729787,0.012438377736628226,,
likeness,subsistence,0.6156101887896809,0.009722324160632779,,
education,subsistence,0.6157205917985713,0.00604935508187302,,
score,subsistence,0.6168983890901891,0.013215009588652826,,
crime,subsistence,0.6175272889784091,0.004831302758113369,,
truck,subsistence,0.6181924170987297,0.03175715013972387,,
verse,subsistence,0.6186259365105748,0.021960188778266818,,
asthma,subsistence,0.6191077563042235,0.020771633697215797,,
testament,subsistence,0.6203094601241961,0.008541529630687715,,
mustard,subsistence,0.6213239457219074,0.023292626021558915,,
turkey,subsistence,0.6223633713545045,0.009151972544615264,,
progress,subsistence,0.6223930630950485,0.0018170800585905842,,
equipment,subsistence,0.6230815724479797,0.030762315406988854,,
sacrifice,subsistence,0.6234672658107722,0.012462381163608007,,
coin,subsistence,0.6240385211011316,3.335711780812318e-4,,
chance,subsistence,0.624532103370664,2.3018430147664687e-4,,
ham,subsistence,0.6283723096648414,0.029514929868140496,,
spleen,subsistence,0.6285331697776121,NA,Model convergence problem; non-positive-definite Hessian matrix. See vignette('troubleshooting'),
decrease,subsistence,0.628887569025979,0.002501051138598208,,
tomato,subsistence,0.6294781901801193,0.015138888214872952,,
debt,subsistence,0.6294949941979382,5.1765542204794304e-5,,
peace,subsistence,0.6312661535407019,7.124429632988969e-5,,
enmity,subsistence,0.6316288169510169,0.040833764282653826,,
pasture,subsistence,0.6317937594468801,0.020149913075947087,,
battle,subsistence,0.6325604975374365,9.537879927282028e-4,,
attribute,subsistence,0.6332439112723226,0.014572835848805189,,
token,subsistence,0.6346214081633772,0.011312982361914742,,
rail,subsistence,0.6349941344246062,0.0023248113457928765,,
gate,subsistence,0.6353047944977326,9.392748905950676e-4,,
garden,subsistence,0.6424600291858827,1.67033882220668e-4,,
cane,subsistence,0.6438813553628642,1.7613829763813202e-4,,
ownership,subsistence,0.6448984766223435,2.3241841004044251e-4,,
bosom,subsistence,0.6454715518519114,0.00812609940500931,,
president,subsistence,0.6463944253070236,0.03404175796374212,,
prayer,subsistence,0.6469077344472067,8.586971743403993e-4,,
tone,subsistence,0.6483417944614225,0.04915517020209769,,
nation,subsistence,0.6498061417551437,0.0039426561154408,,
fragment,subsistence,0.6499516773216574,0.0038921931665767324,,
clerk,subsistence,0.6503230008484405,0.010354402644942832,,
fraud,subsistence,0.650720872643869,0.03181346509496258,,
gin,subsistence,0.6529665573020381,0.007908589569495413,,
troop,subsistence,0.6541676920944509,0.04375745349038096,,
envelope,subsistence,0.6544964394386517,0.0029127695954776806,,
sieve,subsistence,0.654742767495712,0.0020716077191237536,,
lineage,subsistence,0.6564578262849329,0.05592844115877691,,
reel,subsistence,0.6582750030064017,0.008289241189393646,,
crease,subsistence,0.6595480586181939,0.008344930807726136,,
rooster,subsistence,0.6598494876888878,0.033037222881911105,,
mallet,subsistence,0.659891436531415,0.0013261302255290462,,
escort,subsistence,0.661793364179197,0.016841338735613706,,
virtue,subsistence,0.6620847693833263,0.02729428990316391,,
maid,subsistence,0.6621361057742826,0.011401411008780693,,
alarm,subsistence,0.6651498655780831,0.005004442529628582,,
rate,subsistence,0.6660273724700312,0.008812068911255596,,
strainer,subsistence,0.6665937988982037,5.886959570891636e-5,,
barber,subsistence,0.6683729595422709,0.00845218298764353,,
advantage,subsistence,0.669247314523618,9.716634828402234e-4,,
prosperity,subsistence,0.6693404043170923,0.037642188978608826,,
chamber,subsistence,0.6696629484263478,0.009100509476171643,,
court,subsistence,0.6707641139326093,5.353525435898247e-5,,
soot,subsistence,0.6713646387629686,2.784284590022792e-4,,
saddle,subsistence,0.6718786372144875,0.0020173195227324004,,
army,subsistence,0.6719984696019695,0.005279375532347416,,
plum,subsistence,0.6724324523804691,0.013718770723574176,,
reed,subsistence,0.6728027593205739,1.5214282291292863e-4,,
rank,subsistence,0.6728410196923341,0.0036191652644489546,,
city,subsistence,0.6750232062410547,0.0020262666140564976,,
governor,subsistence,0.6752587460404659,0.0053998980020259855,,
tug,subsistence,0.6783102533190943,6.294945567961762e-4,,
fee,subsistence,0.6794665202219641,0.013776854896130382,,
salute,subsistence,0.6806510273731827,0.015344868634351246,,
bond,subsistence,0.6819399088539746,0.00458841857574634,,
announcement,subsistence,0.6833782728613473,0.018964250693275616,,
lemon,subsistence,0.6867313449663721,0.001053968848642532,,
pear,subsistence,0.6897773922361194,0.006620651266594913,,
foreigner,subsistence,0.6908874276936562,1.998905893001143e-5,,
china,subsistence,0.6926172216134702,0.02752425198232139,,
newspaper,subsistence,0.6941745443190572,0.026796215448733857,,
jar,subsistence,0.6944141630967874,0.0023820569692690014,,
union,subsistence,0.6947613273471674,0.01434578619137815,,
duty,subsistence,0.6956346520385108,0.0022686191811896344,,
selection,subsistence,0.695916748150146,0.0033832047153092284,,
pardon,subsistence,0.6961078239217202,0.001827112219776113,,
filter,subsistence,0.6965897958799186,0.005336007520828582,,
riddle,subsistence,0.6973460983314598,0.0034671107226619175,,
price,subsistence,0.7001317986359396,3.22055650202036e-6,,
rut,subsistence,0.7015013968718116,0.010449161652272316,,
document,subsistence,0.7044897156986802,0.007310587164556247,,
torture,subsistence,0.7066230537408855,0.013083535787108087,,
oak,subsistence,0.70811333565097,0.011661785693101116,,
beast,subsistence,0.7112317254145624,0.0037832250167060192,,
tank,subsistence,0.7112884892796685,0.00659995455723367,,
appointment,subsistence,0.7119167856365914,0.007361664050858162,,
beggar,subsistence,0.7134452480180229,3.832645412149692e-4,,
misery,subsistence,0.7136379210803577,0.008480698853016614,,
disk,subsistence,0.7155714614822143,0.004151786215108019,,
rim,subsistence,0.7166492076508143,2.8360438072142847e-4,,
farewell,subsistence,0.7180942166864042,0.001433115030230065,,
rape,subsistence,0.7193752401350582,7.461445917287686e-4,,
mane,subsistence,0.720266716647356,0.013394110356570807,,
grace,subsistence,0.7205278970963204,7.82809320152659e-4,,
mum,subsistence,0.7219950207146563,0.023018833966062684,,
organization,subsistence,0.7233103315467686,3.590192947626662e-4,,
mango,subsistence,0.7250384962506691,0.04272613222130691,,
business,subsistence,0.7283673846844664,3.355651294370184e-4,,
office,subsistence,0.7296452455085308,7.43304871730821e-4,,
reputation,subsistence,0.7305301885858272,0.0035415238744647896,,
sport,subsistence,0.7320625010201752,0.0046052176366143584,,
acquaintance,subsistence,0.7373193875136576,3.573804712752031e-4,,
demon,subsistence,0.7431561621234432,0.0205177864217,,
nerve,subsistence,0.7509717358692559,NA,Model convergence problem; non-positive-definite Hessian matrix. See vignette('troubleshooting'),
groom,subsistence,0.7521510370356476,0.008563206068949199,,
obligation,subsistence,0.7528483237625129,1.589801768247325e-4,,
ram,subsistence,0.753423452659952,7.022939742495717e-4,,
epilepsy,subsistence,0.7596629877287482,0.010224690156909019,,
omen,subsistence,0.7599961579384582,NA,Model convergence problem; non-positive-definite Hessian matrix. See vignette('troubleshooting'),
tailor,subsistence,0.7605420948992521,0.001385606588092522,,
silk,subsistence,0.761920578896131,6.540798627476946e-4,,
as,subsistence,0.763378068996855,0.0026104407275295873,,
title,subsistence,0.7634747672985662,0.0010907396193133058,,
harvest,subsistence,0.7638693598890749,1.0246333826684457e-4,,
freedom,subsistence,0.766212829626271,0.0016156702638741682,,
kingdom,subsistence,0.7671560461126532,0.0011918610382106291,,
brass,subsistence,0.7680026816561083,0.0022335939302322266,,
solution,subsistence,0.7691557829472494,8.318516236749071e-4,,
lime,subsistence,0.7692383729057775,2.4853156292719615e-4,,
brood,subsistence,0.7701347533570848,0.001710695378859632,,
malaria,subsistence,0.7723277831415282,0.01651090928217008,,
fowl,subsistence,0.772872076813698,9.032369726367306e-5,,
herb,subsistence,0.7750241962371845,1.0756556930069425e-4,,
wedding,subsistence,0.7808570425799947,0.002482894280141027,,
tick,subsistence,0.781037624555668,4.28046754867684e-5,,
trash,subsistence,0.7811545105371018,0.006227559810065242,,
witchcraft,subsistence,0.7822896533854639,0.0018536112683402866,,
forgiveness,subsistence,0.7831275594784988,0.0010653281547543833,,
pumpkin,subsistence,0.7837149131296608,0.0022887420719424592,,
idiom,subsistence,0.7851046137121401,0.013620667144715307,,
population,subsistence,0.7852699013105047,0.00431170376466805,,
passenger,subsistence,0.7871334707863694,0.0028263114647177545,,
tomb,subsistence,0.7888958881958864,0.0017810572973894936,,
century,subsistence,0.7898048851376321,0.0015969134129970581,,
police,subsistence,0.7918354679788702,NA,Model convergence problem; non-positive-definite Hessian matrix. See vignette('troubleshooting'),Model convergence problem; non-positive-definite Hessian matrix. See vignette('troubleshooting')
prostitute,subsistence,0.7923196606201207,4.73097638577899e-4,,
fund,subsistence,0.7942231174848274,0.006353923557906521,,
justice,subsistence,0.7946090134331911,0.0012281372738094864,,
litter,subsistence,0.7947471223382787,1.622478082731555e-4,,
proverb,subsistence,0.7967426766067206,0.009033505029216215,,
sale,subsistence,0.7968637706946259,3.9904588433706454e-5,,
cardinal,subsistence,0.7978008399679855,0.0021147756652389023,,
saint,subsistence,0.8017905149667998,0.007172999812853392,,
procession,subsistence,0.8086274175796722,0.0026323595347163354,,
cost,subsistence,0.8089102382787499,1.4807703111296923e-5,,
gulp,subsistence,0.8150005473417296,NA,Model convergence problem; non-positive-definite Hessian matrix. See vignette('troubleshooting'),
com,subsistence,0.8165678400047752,0.0024176376306495172,,
grain,subsistence,0.8165683977864667,2.362063816510559e-5,,
fortune,subsistence,0.8188576884094148,2.5826234705696674e-5,,
risk,subsistence,0.819502924825172,0.0034215659164860282,,
rind,subsistence,0.8230422006885499,2.2811447429403053e-4,,
rent,subsistence,0.8251832442692768,1.5975871554966788e-4,,
cock,subsistence,0.8255536168126938,6.116861402846732e-5,,
furniture,subsistence,0.8275022899444668,0.0010751906621562473,,
cotton,subsistence,0.8312703779700052,3.306315208213632e-5,,
highway,subsistence,0.8316781565084285,1.897691758243742e-4,,
vine,subsistence,0.8428697728425868,1.7337801940561402e-4,,
examination,subsistence,0.8449793233977285,0.0034857313382834847,,
witch,subsistence,0.8451120720058368,5.438302916077701e-4,,
fort,subsistence,0.8486600068777232,0.0028314723119820585,,
halt,subsistence,0.8489188949744052,1.0830343733713441e-4,,
mess,subsistence,0.8552454003729919,7.348169621948886e-5,,
sickle,subsistence,0.8572350059071804,2.7047923325373806e-4,,
blacksmith,subsistence,0.8582369142720628,0.0015352108383009694,,
cage,subsistence,0.8595905841802933,7.11089804887764e-6,,
capital,subsistence,0.8606647801711582,2.747257263816399e-4,,
acid,subsistence,0.8644096676353354,0.003673074923258264,,
surrender,subsistence,0.8674007878563846,6.278142021464189e-4,,
cart,subsistence,0.8745674634684748,3.6780607699749305e-4,,
crop,subsistence,0.876450492325466,3.788203781449255e-8,,
mule,subsistence,0.8796222681211529,7.550615346131717e-4,,
potter,subsistence,0.8823766679083185,0.0013406872698685894,,
era,subsistence,0.8885734603139174,0.0034662829281866423,,
bargain,subsistence,0.8915017884804063,7.330789451000123e-4,,
pineapple,subsistence,0.8928511889114534,0.003055881691322265,,
cash,subsistence,0.8931823596616952,0.0017112672410251634,,
kernel,subsistence,0.8974658948647611,1.623302496991966e-4,,
blessing,subsistence,0.900208482771003,5.6032815220640344e-5,,
college,subsistence,0.9042895468460341,5.984322236599824e-4,,
grade,subsistence,0.9090836128204719,0.002199329181489864,,
compensation,subsistence,0.9135467145841081,0.0030458619030487026,,
plague,subsistence,0.9331078716847396,3.030651609367536e-4,,
harp,subsistence,0.9392894361286486,0.0010426715659467311,,
eaves,subsistence,0.939607525434806,8.774008305366754e-4,,
brick,subsistence,0.9420835624778552,1.6132877675366192e-5,,
trial,subsistence,0.9422181754360216,8.548264678408333e-5,,
expense,subsistence,0.9519510457028432,0.0010270258113515627,,
hell,subsistence,0.9528401085436047,8.082220247348857e-7,,
bamboo,subsistence,0.9530969104592166,0.0035412000967027625,,
gutter,subsistence,0.9608894076788528,0.0013781513239971496,,
peanut,subsistence,0.962224435652618,0.0061315588089946565,,
counter,subsistence,0.9679494512463476,1.5500458094289663e-4,,
smallpox,subsistence,0.9779218801893391,8.817433631835191e-5,,
sauce,subsistence,0.9789734718400135,0.0017343223785146289,,
responsibility,subsistence,0.9884655954545902,2.5728426234260623e-5,,
mill,subsistence,0.989869612339239,7.347420787871818e-6,,
street,subsistence,0.990312969891023,4.716333931666688e-5,,
van,subsistence,1.0151461201627603,6.387387762672867e-4,,
ginger,subsistence,1.0226972996006607,4.858319110204713e-5,,
bellow,subsistence,1.024102762578041,3.0759291187386006e-5,,
meter,subsistence,1.0355129529249432,3.7905137595363925e-4,,
laborer,subsistence,1.037328662955318,1.2598306484638437e-4,,
ale,subsistence,1.0398212047961723,0.005088374589331973,,
neighborhood,subsistence,1.0733047425064783,1.281799336519447e-4,,
parrot,subsistence,1.0742207296129491,1.9341315810467934e-6,,
bus,subsistence,1.07975886299468,4.137499305084356e-6,,
merchant,subsistence,1.0839458070554373,1.8222179105793352e-6,,
district,subsistence,1.0872664665853207,1.3121099781411366e-5,,
jug,subsistence,1.0927805696343054,5.6710992167485035e-5,,
warp,subsistence,1.0930458323940666,8.739890565666707e-5,,
guinea,subsistence,1.0939326978229238,0.004507184994713295,,
bean,subsistence,1.0943401105365458,1.0599054536261e-8,,
lag,subsistence,1.0965030888690677,NA,Model convergence problem; non-positive-definite Hessian matrix. See vignette('troubleshooting'),
fate,subsistence,1.0988710798818302,2.9938916103071278e-5,,
drug,subsistence,1.1252652366919202,8.025107458154212e-5,,
pitcher,subsistence,1.1285072531294738,1.0810491645946414e-5,,
garlic,subsistence,1.1302330587823048,6.916947952701931e-4,,
ban,subsistence,1.1775991395477787,0.0013060100277749172,,
corn,subsistence,1.179260505975261,9.760784768001528e-8,,
fame,subsistence,1.1898776291293456,2.6194815000981843e-5,,
gentleman,subsistence,1.196049373941724,2.3159595185306652e-5,,
celebration,subsistence,1.208641147910341,9.834083967434345e-8,,
spice,subsistence,1.2217138251424626,1.0045449489856846e-5,,
pottery,subsistence,1.2463214684090682,5.281525796171352e-6,,
hemp,subsistence,1.2473599855189117,5.542146566361972e-5,,
palace,subsistence,1.2565449475720774,0.001072071852296195,,
vote,subsistence,1.2715166343925806,1.0163827822300841e-4,,
maize,subsistence,1.3398736496082835,5.621077777034637e-5,,
plantation,subsistence,1.3626477898609333,3.479930508918701e-5,,
tile,subsistence,1.3851937289486966,4.949099399190425e-5,,
market,subsistence,1.3960979594286294,3.79186000474108e-8,,
cob,subsistence,1.478633666623476,3.6771479464666626e-6,,
security,subsistence,1.4816800912853418,9.001435952985556e-9,,
bribe,subsistence,1.6270404003292975,5.30943221889598e-10,,
agriculture,subsistence,1.7889314988921317,1.6405910499431116e-8,,
