word,estimate_set,se_set,convergence_set,estimate,se,glottocode,convergence,delta,zeta,langname,area,langfamily,longitude,latitude,population,subsistence
snow_group,-7.416197459846801,0.016251105602529504,converged,-4.3887729230518975,0.16949993153832854,east2534,converged,3.0274245367949035,17.77938864802267,Eastern Canadian Inuktitut,North America,Eskimo-Aleut,284.3861,62.1735,14000,hunter-gatherer
ice_group,-7.612487188014121,0.01790479757416687,converged,-4.930728171868662,0.21133831757971921,east2534,converged,2.6817590161454596,12.644115765949216,Eastern Canadian Inuktitut,North America,Eskimo-Aleut,284.3861,62.1735,14000,hunter-gatherer
rain_group,-6.603067545596872,0.011688275163570797,converged,-5.514281987049882,0.09258472533483343,hawa1245,converged,1.0887855585469897,11.667276715854797,Hawaiian,Papunesia,Austronesian,204.57,19.6297,1000,other
snow_group,-7.416197459846801,0.016251105602529504,converged,-5.673744904190629,0.1489717798955055,lako1247,converged,1.7424525556561719,11.627546722758291,Lakota,North America,Siouan,256.05,46.3699,6189,hunter-gatherer
wind_group,-5.9578521923046734,0.008998002000740201,converged,-5.1372657714309,0.07146321561605004,hawa1245,converged,0.8205864208737736,11.392688323520362,Hawaiian,Papunesia,Austronesian,204.57,19.6297,1000,other
snow_group,-7.416197459846801,0.016251105602529504,converged,-6.055473127317141,0.11973966843220138,nava1243,converged,1.36072433252966,11.260784285060367,Navajo,North America,Athabaskan-Eyak-Tlingit,250.62,36.33,149000,other
snow_group,-7.416197459846801,0.016251105602529504,converged,-5.465377206377287,0.17318520033413679,plai1258,converged,1.950820253469514,11.215090987860302,Plains Cree,North America,Algic,249.537,51.2437,34100,hunter-gatherer
ice_group,-7.612487188014121,0.01790479757416687,converged,-7.0524897025269135,0.050235698449476854,stan1295,converged,0.5599974854872078,10.500390807496993,German,Eurasia,Indo-European,12.4676,48.649,83520790,other
ice_group,-7.612487188014121,0.01790479757416687,converged,-4.614724704415535,0.28793625686035684,cent2128,converged,2.9977624835985868,10.39113125598942,Central Siberian Yupik,Eurasia,Eskimo-Aleut,189.728,63.4308,1130,hunter-gatherer
snow_group,-7.416197459846801,0.016251105602529504,converged,-5.992247046988974,0.13769795887663158,dako1258,converged,1.4239504128578266,10.269839430503824,Dakota,North America,Siouan,263.42,45.86,19280,hunter-gatherer
dance_group,-7.253315279651133,0.017805314144472898,converged,-4.625911741500324,0.26057976212619505,sene1264,converged,2.6274035381508094,10.059458655372365,Seneca,North America,Iroquoian,282.47,42.56,175,other
snow_group,-7.416197459846801,0.016251105602529504,converged,-5.0771249280742925,0.23788956295908495,ahte1237,converged,2.3390725317725085,9.80973520698879,Ahtena,North America,Athabaskan-Eyak-Tlingit,215.111,61.7068,100,hunter-gatherer
snow_group,-7.416197459846801,0.016251105602529504,converged,-5.6511252809962835,0.18138326737447213,mikm1235,converged,1.7650721788505175,9.692350126439402,Mi'kmaq,North America,Algic,296,46,9290,hunter-gatherer
wind_group,-5.9578521923046734,0.008998002000740201,converged,-5.404580211826564,0.05660756148980946,maor1246,converged,0.5532719804781099,9.652634645100221,Maori,Papunesia,Austronesian,176.541,-38.2881,60000,other
dance_group,-7.253315279651133,0.017805314144472898,converged,-4.81031647672235,0.2530094188633218,tiko1237,converged,2.4429988029287832,9.63194056633983,Tikopia,Papunesia,Austronesian,168.822,-12.2766,3320,other
snow_group,-7.416197459846801,0.016251105602529504,converged,-5.140653597605093,0.24133720912977227,nort2671,converged,2.275543862241708,9.40759308046462,North Saami,Eurasia,Uralic,22.1113,68.725,20700,other
ice_group,-7.612487188014121,0.01790479757416687,converged,-4.9196220188496245,0.2937625105809223,tana1289,converged,2.692865169164497,9.149830611141681,Dena'ina,North America,Athabaskan-Eyak-Tlingit,209.241,60.4712,100,hunter-gatherer
snow_group,-7.416197459846801,0.016251105602529504,converged,-6.6127025718157535,0.08683142562865813,scot1243,converged,0.8034948880310475,9.095575735517095,Scots,Eurasia,Indo-European,-3.710133,55.886945,100000,other
snow_group,-7.416197459846801,0.016251105602529504,converged,-5.212790689335551,0.24342109269254886,tana1289,converged,2.2034067705112497,9.031726590566263,Dena'ina,North America,Athabaskan-Eyak-Tlingit,209.241,60.4712,100,hunter-gatherer
snow_group,-7.416197459846801,0.016251105602529504,converged,-5.291534461140976,0.23555045448781037,cent2128,converged,2.1246629987058254,8.998600281909079,Central Siberian Yupik,Eurasia,Eskimo-Aleut,189.728,63.4308,1130,hunter-gatherer
dance_group,-7.253315279651133,0.017805314144472898,converged,-4.930626514590771,0.26076176420269614,kich1262,converged,2.322688765060362,8.88662859332843,K'iche',North America,Mayan,268.8304,14.5278,1900000,other
ice_group,-7.612487188014121,0.01790479757416687,converged,-6.833562019457457,0.08632845286042712,russ1263,converged,0.7789251685566647,8.834790906705175,Russian,Eurasia,Indo-European,50,59,135099940,other
taste_group,-6.6616898200504995,0.00856555621078967,converged,-6.371052740029506,0.03203359904248445,lati1261,converged,0.29063708002099364,8.764949359448467,Latin,Eurasia,Indo-European,12.4502,41.9026,56800000,other
ice_group,-7.612487188014121,0.01790479757416687,converged,-7.206932689125657,0.04283552356672089,mand1415,converged,0.4055544988884643,8.735320645183627,Mandarin Chinese,Eurasia,Sino-Tibetan,116.228,40.0209,844355000,other
snow_group,-7.416197459846801,0.016251105602529504,converged,-6.987923788545955,0.04660743159662387,nucl1643,converged,0.4282736713008459,8.676637192163234,Japanese,Eurasia,Japonic,135,35,121563000,other
dance_group,-7.253315279651133,0.017805314144472898,converged,-5.1398973136463795,0.2525218151385234,cent2131,converged,2.1134179660047536,8.34852178976141,Central Tarahumara,North America,Uto-Aztecan,252.846,27.5648,55000,other
wind_group,-5.9578521923046734,0.008998002000740201,converged,-4.596188998016975,0.16643331091608624,tuam1242,converged,1.3616631942876989,8.16950372747468,Tuamotuan,Papunesia,Austronesian,213.678245,-16.17259,14400,hunter-gatherer
ice_group,-7.612487188014121,0.01790479757416687,converged,-5.884151790417066,0.21434172159011888,plai1258,converged,1.7283353975970552,8.035471001719852,Plains Cree,North America,Algic,249.537,51.2437,34100,hunter-gatherer
dance_group,-7.253315279651133,0.017805314144472898,converged,-5.118116593425661,0.268749424960408,tang1348,converged,2.135198686225472,7.927562810839882,Tangga,Papunesia,Austronesian,153.611,-4.08824,5800,other
ice_group,-7.612487188014121,0.01790479757416687,converged,-5.291478693072141,0.2932708273247277,ahte1237,converged,2.3210084949419807,7.899506937780067,Ahtena,North America,Athabaskan-Eyak-Tlingit,215.111,61.7068,100,hunter-gatherer
dance_group,-7.253315279651133,0.017805314144472898,converged,-5.198755050212455,0.26294773204860167,squa1248,converged,2.054560229438678,7.79571682251474,Squamish,North America,Salishan,236.986,49.3231,100,hunter-gatherer
ice_group,-7.612487188014121,0.01790479757416687,converged,-6.796319243391711,0.10515091862074562,scot1243,converged,0.8161679446224106,7.651735992206219,Scots,Eurasia,Indo-European,-3.710133,55.886945,100000,other
rain_group,-6.603067545596872,0.011688275163570797,converged,-5.682638233769454,0.12179615827405245,nyan1308,converged,0.9204293118274176,7.522569289050162,Nyanja,Africa,Atlantic-Congo,32.8108,-14.8047,8402000,other
dance_group,-7.253315279651133,0.017805314144472898,converged,-5.241492125718699,0.27000447784084886,kwak1269,converged,2.0118231539324345,7.4349247800147955,Kwak'wala,North America,Wakashan,232.692,50.9269,190,hunter-gatherer
rain_group,-6.603067545596872,0.011688275163570797,converged,-4.983006916875998,0.21857657354175622,ngaa1240,converged,1.620060628720874,7.401293093054558,Ngaanyatjarra,Australia,Pama-Nyungan,127.602,-25.7514,990,hunter-gatherer
snow_group,-7.416197459846801,0.016251105602529504,converged,-6.085863009414718,0.18274241353182452,kaza1248,converged,1.3303344504320833,7.251217882741329,Kazakh,Eurasia,Turkic,71.454,51.17,7621000,other
dance_group,-7.253315279651133,0.017805314144472898,converged,-5.347501355415546,0.2628375509828708,koas1236,converged,1.905813924235587,7.234339066663984,Koasati,North America,Muskogean,267.291,30.4096,200,other
ice_group,-7.612487188014121,0.01790479757416687,converged,-6.257310758088971,0.18691208175948384,lako1247,converged,1.3551764299251507,7.217303352338338,Lakota,North America,Siouan,256.05,46.3699,6189,hunter-gatherer
dance_group,-7.253315279651133,0.017805314144472898,converged,-5.4521100387598835,0.2506516407601729,trin1276,converged,1.8012052408912496,7.168027336788688,Trinidadian Creole English,South America,Indo-European,298.5829,10.4208,9600,other
ice_group,-7.612487188014121,0.01790479757416687,converged,-6.910144728289138,0.09661988164496388,norw1258,converged,0.7023424597249832,7.147442515119559,Norwegian,Eurasia,Indo-European,10.71,59.92,4639000,other
dance_group,-7.253315279651133,0.017805314144472898,converged,-5.389812346665443,0.2603828147320894,west2630,converged,1.86350293298569,7.140107475434819,Western Abenaki,North America,Algic,287.3489,46.1381,100,hunter-gatherer
smell_group,-6.4695167475009825,0.009740427525109643,converged,-6.086133475810438,0.05330070957025505,sans1269,converged,0.3833832716905441,7.075658297511654,Sanskrit,Eurasia,Indo-European,77,20,2950,other
wind_group,-5.9578521923046734,0.008998002000740201,converged,-5.361760818466051,0.08390728238063695,fiji1243,converged,0.5960913738386227,7.063667803072508,Fijian,Papunesia,Austronesian,178.33,-18,333440,other
wind_group,-5.9578521923046734,0.008998002000740201,converged,-4.7652882011168085,0.16863500212787552,yama1264,converged,1.192563991187865,7.0618195602058735,Yámana,South America,isolate_yama1264,291.7352,-55.2748,100,hunter-gatherer
snow_group,-7.416197459846801,0.016251105602529504,converged,-5.626013513814302,0.25320769578635965,east2542,converged,1.7901839460324993,7.055505310393492,Eastern Ojibwa,North America,Algic,280.2497,45.0112,25900,hunter-gatherer
ice_group,-7.612487188014121,0.01790479757416687,converged,-5.4179838171104775,0.310559518400555,west2618,converged,2.194503370903644,7.054574544423219,Western Canadian Inuktitut,North America,Eskimo-Aleut,263.852,64.3486,4000,hunter-gatherer
wind_group,-5.9578521923046734,0.008998002000740201,converged,-5.062804107261784,0.12754759890533596,east2534,converged,0.8950480850428892,6.999968226017987,Eastern Canadian Inuktitut,North America,Eskimo-Aleut,284.3861,62.1735,14000,hunter-gatherer
snow_group,-7.416197459846801,0.016251105602529504,converged,-5.572045870857658,0.2632035317590623,tana1290,converged,1.8441515889891429,6.99324360779605,Tanacross,North America,Athabaskan-Eyak-Tlingit,216.662,63.4046,100,hunter-gatherer
smell_group,-6.4695167475009825,0.009740427525109643,converged,-5.935225871985286,0.07578107024694865,zulu1248,converged,0.5342908755156968,6.992924829389377,Zulu,Africa,Atlantic-Congo,30.2,-28.9,10231000,other
dance_group,-7.253315279651133,0.017805314144472898,converged,-5.436149034016511,0.26208285831597733,taku1257,converged,1.8171662456346223,6.917610412403453,Takuu,Papunesia,Austronesian,157.032085,-4.773094,1750,other
ice_group,-7.612487188014121,0.01790479757416687,converged,-6.910571642549534,0.10002273499055254,iris1253,converged,0.7019155454645878,6.907757954479229,Irish,Eurasia,Indo-European,-7.61509,53.2186,260000,other
dance_group,-7.253315279651133,0.017805314144472898,converged,-5.39379990597328,0.2687216328468108,naka1262,converged,1.8595153736778531,6.904717093795017,Nakanai,Papunesia,Austronesian,150.888,-5.59931,13000,other
wind_group,-5.9578521923046734,0.008998002000740201,converged,-5.288813853989166,0.09657574882433838,tahi1242,converged,0.6690383383155076,6.897727923590616,Tahitian,Papunesia,Austronesian,210.55,-17.6485,124260,other
ice_group,-7.612487188014121,0.01790479757416687,converged,-6.95118404087134,0.09463566018566226,poli1260,converged,0.6613031471427817,6.866078275246611,Polish,Eurasia,Indo-European,18.6255,51.8439,37794600,other
dance_group,-7.253315279651133,0.017805314144472898,converged,-5.493649349092286,0.25895498954657686,renn1242,converged,1.759665930558847,6.779251601860664,Rennell-Bellona,Papunesia,Austronesian,160.265,-11.6237,4390,other
wind_group,-5.9578521923046734,0.008998002000740201,converged,-5.399286888452392,0.08221556637471202,samo1305,converged,0.5585653038522818,6.753584968749261,Samoan,Papunesia,Austronesian,188.17,-13.92,306840,other
snow_group,-7.416197459846801,0.016251105602529504,converged,-5.7749736714825985,0.24421639951392268,carr1249,converged,1.6412237883642025,6.7055368682505305,Central Carrier,North America,Athabaskan-Eyak-Tlingit,235.672,54.3768,2060,hunter-gatherer
dance_group,-7.253315279651133,0.017805314144472898,converged,-5.497376850105584,0.26140601414173475,nuuc1236,converged,1.755938429545549,6.701755675480002,Nuu-chah-nulth,North America,Wakashan,233.33,49.67,7680,hunter-gatherer
dance_group,-7.253315279651133,0.017805314144472898,converged,-6.203562530870527,0.15700532511875473,bini1246,converged,1.0497527487806062,6.643512251881543,Bini,Africa,Atlantic-Congo,5.70426,6.40701,1000000,other
dance_group,-7.253315279651133,0.017805314144472898,converged,-6.3670110890991305,0.13225445022765844,nava1243,converged,0.8863041905520026,6.6415883055869305,Navajo,North America,Athabaskan-Eyak-Tlingit,250.62,36.33,149000,other
dance_group,-7.253315279651133,0.017805314144472898,converged,-5.512199103180137,0.2622583832218456,yaki1237,converged,1.741116176470996,6.623686379245555,Northwest Sahaptin,North America,Sahaptian,239.244,46.2655,3000,hunter-gatherer
dance_group,-7.253315279651133,0.017805314144472898,converged,-5.505918820912372,0.26366585733013537,lozi1239,converged,1.747396458738761,6.612254402599511,Lozi,Africa,Atlantic-Congo,24.7398,-17.7052,694000,other
taste_group,-6.6616898200504995,0.00856555621078967,converged,-5.48115586753842,0.1795341774625044,east2542,converged,1.1805339525120795,6.568067834967603,Eastern Ojibwa,North America,Algic,280.2497,45.0112,25900,hunter-gatherer
snow_group,-7.416197459846801,0.016251105602529504,converged,-5.668920935567793,0.26836329166659345,west2618,converged,1.747276524279008,6.498957447211888,Western Canadian Inuktitut,North America,Eskimo-Aleut,263.852,64.3486,4000,hunter-gatherer
dance_group,-7.253315279651133,0.017805314144472898,converged,-5.450017911556669,0.2780397396007997,tuni1252,converged,1.803297368094464,6.4724959087178515,Tunica,North America,isolate_tuni1252,267.4597,30.9888,100,other
ice_group,-7.612487188014121,0.01790479757416687,converged,-5.6639991477259395,0.30054350340861785,nort2671,converged,1.948488040288182,6.471740226083264,North Saami,Eurasia,Uralic,22.1113,68.725,20700,other
dance_group,-7.253315279651133,0.017805314144472898,converged,-5.438886662928636,0.27985728659133385,shos1248,converged,1.8144286167224974,6.4703244597917715,Shoshoni,North America,Uto-Aztecan,244,41,2910,hunter-gatherer
snow_group,-7.416197459846801,0.016251105602529504,converged,-5.80387805285157,0.24908021818861728,west2630,converged,1.6123194069952307,6.459359330285994,Western Abenaki,North America,Algic,287.3489,46.1381,100,hunter-gatherer
dance_group,-7.253315279651133,0.017805314144472898,converged,-5.485935720965282,0.27430617371015,kwam1252,converged,1.7673795586858514,6.429559933200423,Kwamera,Papunesia,Austronesian,169.442,-19.5954,3500,other
smell_group,-6.4695167475009825,0.009740427525109643,converged,-5.295996458845273,0.18408360917719405,mars1254,converged,1.17352028865571,6.366025356816789,Marshallese,Papunesia,Austronesian,167.73,8.72,43900,other
dance_group,-7.253315279651133,0.017805314144472898,converged,-5.634215846571291,0.2553873412154543,cent2128,converged,1.6190994330798425,6.324427509708183,Central Siberian Yupik,Eurasia,Eskimo-Aleut,189.728,63.4308,1130,hunter-gatherer
dance_group,-7.253315279651133,0.017805314144472898,converged,-5.521577731247099,0.2743026274429279,yaqu1251,converged,1.731737548404034,6.299978770872474,Yaqui,North America,Uto-Aztecan,249.319,29.9446,14620,other
ice_group,-7.612487188014121,0.01790479757416687,converged,-6.521201177306942,0.17236487589387245,dako1258,converged,1.0912860107071793,6.297370461496673,Dakota,North America,Siouan,263.42,45.86,19280,hunter-gatherer
dance_group,-7.253315279651133,0.017805314144472898,converged,-6.033600682876531,0.19306591397534845,dagb1246,converged,1.219714596774602,6.290910839921725,Dagbani,Africa,Atlantic-Congo,-0.43227,9.64745,800000,other
smell_group,-6.4695167475009825,0.009740427525109643,converged,-5.953797294848898,0.0815375426961061,nucl1305,converged,0.5157194526520845,6.280279695090303,Kannada,Eurasia,Dravidian,76.1198,13.5878,35300000,other
rain_group,-6.603067545596872,0.011688275163570797,converged,-5.177259561771442,0.22703696339967042,ngal1292,converged,1.4258079838254298,6.271764057549896,Ngalkbun,Australia,Gunwinyguan,133.936,-13.9783,100,hunter-gatherer
snow_group,-7.416197459846801,0.016251105602529504,converged,-5.86362710458613,0.24759936163205454,yama1264,converged,1.5525703552606709,6.257031291451814,Yámana,South America,isolate_yama1264,291.7352,-55.2748,100,hunter-gatherer
wind_group,-5.9578521923046734,0.008998002000740201,converged,-4.8807381636050335,0.1720779791370014,taku1257,converged,1.07711402869964,6.2509130228078575,Takuu,Papunesia,Austronesian,157.032085,-4.773094,1750,other
ice_group,-7.612487188014121,0.01790479757416687,converged,-6.875836097575312,0.11650211539022871,dutc1256,converged,0.7366510904388095,6.249693855593962,Dutch,Eurasia,Indo-European,5,52,21220000,other
rain_group,-6.603067545596872,0.011688275163570797,converged,-6.117983279913975,0.07679407944132409,scot1243,converged,0.48508426568289664,6.244770228699483,Scots,Eurasia,Indo-European,-3.710133,55.886945,100000,other
snow_group,-7.416197459846801,0.016251105602529504,converged,-5.855406596214171,0.250456368321919,klam1254,converged,1.5607908636326302,6.218710267833074,Klamath-Modoc,North America,isolate_klam1254,238.296,42.5861,100,hunter-gatherer
snow_group,-7.416197459846801,0.016251105602529504,converged,-5.72181703630025,0.2720062525069893,kati1270,converged,1.6943804235465514,6.218108700211124,Katë,Eurasia,Indo-European,70.9826,35.4145,19400,other
ice_group,-7.612487188014121,0.01790479757416687,converged,-5.768535882896347,0.2969672452415348,carr1249,converged,1.8439513051177743,6.198019914098705,Central Carrier,North America,Athabaskan-Eyak-Tlingit,235.672,54.3768,2060,hunter-gatherer
snow_group,-7.416197459846801,0.016251105602529504,converged,-6.882561158281661,0.08455813669552516,tibe1272,converged,0.5336363015651404,6.1974622941588375,Tibetan,Eurasia,Sino-Tibetan,90.1872,28.3681,1269080,other
ice_group,-7.612487188014121,0.01790479757416687,converged,-6.941592921939942,0.10743421477369598,sout1528,converged,0.6708942660741792,6.1597409431715295,Serbian-Croatian-Bosnian,Eurasia,Indo-European,18.81,44.15,18276976,other
dance_group,-7.253315279651133,0.017805314144472898,converged,-6.0032558632762445,0.2036011143822779,cree1270,converged,1.2500594163748886,6.116403319212965,Creek,North America,Muskogean,272.5,31,4300,other
wind_group,-5.9578521923046734,0.008998002000740201,converged,-5.196736001386128,0.12429705397501839,plai1258,converged,0.7611161909185453,6.107382809251839,Plains Cree,North America,Algic,249.537,51.2437,34100,hunter-gatherer
dance_group,-7.253315279651133,0.017805314144472898,converged,-5.616056045208154,0.26775871085537617,wikm1247,converged,1.637259234442979,6.101206813829718,Wik-Mungkan,Australia,Pama-Nyungan,141.81611,-13.98051,840,hunter-gatherer
ice_group,-7.612487188014121,0.01790479757416687,converged,-5.685589269536853,0.3189735512169633,nort2943,converged,1.9268979184772688,6.031438565128144,North Alaskan Inupiatun,North America,Eskimo-Aleut,216.23,69.582,6420,hunter-gatherer
wind_group,-5.9578521923046734,0.008998002000740201,converged,-4.9294340103782135,0.1730479274213817,aros1241,converged,1.02841818192646,5.93494958399127,Arosi,Papunesia,Austronesian,161.432,-10.2441,6750,other
snow_group,-7.416197459846801,0.016251105602529504,converged,-5.928157294100353,0.25342887363820876,chip1241,converged,1.4880401657464484,5.85959339647564,Chippewa,North America,Algic,265.7262,47.347,5000,hunter-gatherer
snow_group,-7.416197459846801,0.016251105602529504,converged,-6.60067401936453,0.1383537206323169,penn1240,converged,0.8155234404822709,5.854234413981426,Pennsylvania German,North America,Indo-European,283.6789,40.030507,209280,other
dance_group,-7.253315279651133,0.017805314144472898,converged,-5.733038491634412,0.26172313222930366,alab1237,converged,1.5202767880167212,5.795325937536219,Alabama,North America,Muskogean,265.37152000000003,30.76738,100,other
smell_group,-6.4695167475009825,0.009740427525109643,converged,-5.307089871563526,0.20056909960208208,gilb1244,converged,1.1624268759374567,5.788820566938549,Gilbertese,Papunesia,Austronesian,173.64,0.179,66110,other
rain_group,-6.603067545596872,0.011688275163570797,converged,-5.280940819975219,0.228727010047871,wamp1247,converged,1.3221267256216533,5.772837356145983,Wampar,Papunesia,Austronesian,146.662,-6.67364,5150,other
dance_group,-7.253315279651133,0.017805314144472898,converged,-6.105097971036735,0.1981575589534136,plai1258,converged,1.1482173086143979,5.771215373272234,Plains Cree,North America,Algic,249.537,51.2437,34100,hunter-gatherer
dance_group,-7.253315279651133,0.017805314144472898,converged,-6.122455778052268,0.19519731261812995,masa1300,converged,1.1308595015988647,5.769464556571521,Masai,Africa,Nilotic,36.4573,-3.1419,1045000,other
snow_group,-7.416197459846801,0.016251105602529504,converged,-6.873663911494573,0.09292279450838557,sout1528,converged,0.5425335483522282,5.751249887950737,Serbian-Croatian-Bosnian,Eurasia,Indo-European,18.81,44.15,18276976,other
rain_group,-6.603067545596872,0.011688275163570797,converged,-5.656850762412194,0.16509583727203253,west2721,converged,0.9462167831846777,5.717008743432246,West Central Oromo,Africa,Afro-Asiatic,36.7365,8.81391,8920000,other
snow_group,-7.416197459846801,0.016251105602529504,converged,-5.8369512507183154,0.27642281345835407,nort2943,converged,1.5792462091284856,5.703306568486197,North Alaskan Inupiatun,North America,Eskimo-Aleut,216.23,69.582,6420,hunter-gatherer
rain_group,-6.603067545596872,0.011688275163570797,converged,-5.282007368350431,0.23151879229129368,zand1248,converged,1.3210601772464408,5.698802439101642,Zande,Africa,Atlantic-Congo,26.7157,4.62047,1142000,other
snow_group,-7.416197459846801,0.016251105602529504,converged,-6.022577874354262,0.2451435497706824,aleu1260,converged,1.393619585492539,5.672461721974115,Aleut,North America,Eskimo-Aleut,185.71,52.1228,490,hunter-gatherer
rain_group,-6.603067545596872,0.011688275163570797,converged,-5.387423568972314,0.2140291597371827,sant1410,converged,1.2156439766245581,5.671354781665217,Santali,Eurasia,Austroasiatic,87.8185,25.0317,6157300,other
taste_group,-6.6616898200504995,0.00856555621078967,converged,-5.613607802264093,0.1849466379279665,mudb1240,converged,1.048082017786406,5.6608748879711985,Mudburra,Australia,Pama-Nyungan,132.329,-16.7694,130,hunter-gatherer
ice_group,-7.612487188014121,0.01790479757416687,converged,-6.578678568425354,0.1818144162101328,finn1318,converged,1.0338086195887675,5.658692375613163,Finnish,Eurasia,Uralic,25.5577,64.7628,4739460,other
smell_group,-6.4695167475009825,0.009740427525109643,converged,-5.682122844659058,0.13913704147590458,pala1344,converged,0.7873939028419246,5.645308480732954,Palauan,Papunesia,Austronesian,134.476678,7.34138,14800,other
taste_group,-6.6616898200504995,0.00856555621078967,converged,-5.66349749164688,0.17676447123352576,chip1241,converged,0.9981923284036194,5.640400705036781,Chippewa,North America,Algic,265.7262,47.347,5000,hunter-gatherer
snow_group,-7.416197459846801,0.016251105602529504,converged,-7.192976296963734,0.03640408696546896,mand1415,converged,0.2232211628830667,5.5991844705905125,Mandarin Chinese,Eurasia,Sino-Tibetan,116.228,40.0209,844355000,other
ice_group,-7.612487188014121,0.01790479757416687,converged,-6.750289121019973,0.15335274564501084,nava1243,converged,0.8621980669941482,5.584385084428262,Navajo,North America,Athabaskan-Eyak-Tlingit,250.62,36.33,149000,other
ice_group,-7.612487188014121,0.01790479757416687,converged,-5.89074157281478,0.3098405123133892,east2542,converged,1.7217456151993416,5.547621979565398,Eastern Ojibwa,North America,Algic,280.2497,45.0112,25900,hunter-gatherer
dance_group,-7.253315279651133,0.017805314144472898,converged,-5.7175487578569175,0.2775907269958813,wole1240,converged,1.5357665217942156,5.521138977910469,Woleaian,Papunesia,Austronesian,143.916,7.37957,1630,other
dance_group,-7.253315279651133,0.017805314144472898,converged,-5.788436745324118,0.26538323801118546,mbay1241,converged,1.4648785343270152,5.507478908613819,Mbay,Africa,Central Sudanic,15.7328,8.23066,88300,other
snow_group,-7.416197459846801,0.016251105602529504,converged,-5.916130238195672,0.2727998159202984,male1292,converged,1.500067221651129,5.489052785136541,Malecite-Passamaquoddy,North America,Algic,292.59195,45.494475,2060,hunter-gatherer
ice_group,-7.612487188014121,0.01790479757416687,converged,-5.852216836462864,0.32095784972771263,tana1290,converged,1.7602703515512577,5.475914448861621,Tanacross,North America,Athabaskan-Eyak-Tlingit,216.662,63.4046,100,hunter-gatherer
rain_group,-6.603067545596872,0.011688275163570797,converged,-5.818401788247861,0.14389387996003028,bora1271,converged,0.7846657573490106,5.435185026307033,Borana-Arsi-Guji Oromo,Africa,Afro-Asiatic,37.882,1.05676,3823600,other
dance_group,-7.253315279651133,0.017805314144472898,converged,-5.748654280398837,0.27800886345860737,tiwi1244,converged,1.5046609992522963,5.401210879592561,Tiwi,Australia,isolate_tiwi1244,130.949,-11.6308,1830,hunter-gatherer
rain_group,-6.603067545596872,0.011688275163570797,converged,-5.655928875473046,0.175412755335436,gras1249,converged,0.9471386701238256,5.387538767711714,Grass Koiari,Papunesia,Koiarian,147.437,-9.51218,1700,other
dance_group,-7.253315279651133,0.017805314144472898,converged,-5.8637325751029445,0.25873842791961044,romb1245,converged,1.3895827045481886,5.357936522183042,Romblomanon,Papunesia,Austronesian,122.56,12.4047,200000,other
wind_group,-5.9578521923046734,0.008998002000740201,converged,-5.025773659039275,0.17418727339969878,pint1250,converged,0.9320785332653987,5.343888765377276,Pintupi-Luritja,Australia,Pama-Nyungan,130.643,-23.2963,390,hunter-gatherer
smell_group,-6.4695167475009825,0.009740427525109643,converged,-5.787940500921857,0.12717824600791028,sida1246,converged,0.6815762465791257,5.3435710130346274,Sidamo,Africa,Afro-Asiatic,38.3729,6.74176,2900000,other
dance_group,-7.253315279651133,0.017805314144472898,converged,-5.744916004939877,0.28187824532498257,yana1271,converged,1.5083992747112562,5.340600049804069,Yana,North America,isolate_yana1271,238.392,39.2769,1500,hunter-gatherer
wind_group,-5.9578521923046734,0.008998002000740201,converged,-5.0580486701078815,0.1683967723993011,aleu1260,converged,0.8998035221967919,5.33574206401573,Aleut,North America,Eskimo-Aleut,185.71,52.1228,490,hunter-gatherer
wind_group,-5.9578521923046734,0.008998002000740201,converged,-4.972135490297779,0.1847192668139012,misk1235,converged,0.9857167020068944,5.329976260289179,Mískito,North America,Misumalpan,275.7058,15.1576,183000,hunter-gatherer
rain_group,-6.603067545596872,0.011688275163570797,converged,-5.372633586920696,0.23115760176478642,naro1249,converged,1.2304339586761763,5.316130712187585,Naro,Africa,Khoe-Kwadi,20.7458,-22.0939,14000,hunter-gatherer
dance_group,-7.253315279651133,0.017805314144472898,converged,-6.495320357111204,0.14160910291267678,sout2807,converged,0.757994922539929,5.310910701837731,Southern Sotho,Africa,Atlantic-Congo,27.89,-28.78,6010000,other
snow_group,-7.416197459846801,0.016251105602529504,converged,-7.007191665382951,0.07537560692336051,russ1263,converged,0.4090057944638499,5.304351886082154,Russian,Eurasia,Indo-European,50,59,135099940,other
rain_group,-6.603067545596872,0.011688275163570797,converged,-5.351530318960178,0.23585522576554546,huaa1248,converged,1.2515372266366942,5.299875062375229,East Taa,Africa,Tuu,20.79583,-24.20022,4200,hunter-gatherer
rain_group,-6.603067545596872,0.011688275163570797,converged,-5.4059592107707095,0.2266964357497804,maga1263,converged,1.1971083348261624,5.273661812607451,Mag-Anchi Ayta,Papunesia,Austronesian,120.459,15.1954,8200,hunter-gatherer
rain_group,-6.603067545596872,0.011688275163570797,converged,-5.737211486507197,0.16400826426356008,masa1300,converged,0.8658560590896753,5.265988311518061,Masai,Africa,Nilotic,36.4573,-3.1419,1045000,other
dance_group,-7.253315279651133,0.017805314144472898,converged,-5.878182601111143,0.26252049817411466,kala1397,converged,1.3751326785399902,5.226184790812392,Kalam,Papunesia,Nuclear Trans New Guinea,144.585,-5.25216,15000,other
snow_group,-7.416197459846801,0.016251105602529504,converged,-6.650839583907378,0.1458407893617885,pidg1254,converged,0.7653578759394231,5.215619366829509,Pidgin Chinook Jargon,North America,Pidgin,235,55,100000,other
wind_group,-5.9578521923046734,0.008998002000740201,converged,-5.030147818550887,0.17790680682664278,mota1237,converged,0.9277043737537864,5.207895696719795,Mota,Papunesia,Austronesian,167.690924,-13.835361,900,other
wind_group,-5.9578521923046734,0.008998002000740201,converged,-4.988640181449546,0.18636000085237958,urip1240,converged,0.9692120108551272,5.194699750646642,Uripiv,Papunesia,Austronesian,167.34643,-16.00951,351,other
rain_group,-6.603067545596872,0.011688275163570797,converged,-5.441910745463639,0.22336638037283407,thao1240,converged,1.1611568001332326,5.191337727219408,Thao,Papunesia,Austronesian,120.93,23.8333,100,other
ice_group,-7.612487188014121,0.01790479757416687,converged,-6.7627309136355125,0.1636044832390295,penn1240,converged,0.8497562743786089,5.1631394655656475,Pennsylvania German,North America,Indo-European,283.6789,40.030507,209280,other
dance_group,-7.253315279651133,0.017805314144472898,converged,-6.422655024065898,0.16028197760598573,newa1246,converged,0.8306602555852347,5.15080905735067,Kathmandu Valley Newari,Eurasia,Sino-Tibetan,85.326,27.67,839000,other
snow_group,-7.416197459846801,0.016251105602529504,converged,-6.033320134490759,0.26832597731906144,lisu1250,converged,1.3828773253560422,5.144295135818791,Lisu,Eurasia,Sino-Tibetan,98.94,26.91,766000,other
wind_group,-5.9578521923046734,0.008998002000740201,converged,-5.080321980578677,0.17118760000843924,ngaa1240,converged,0.8775302117259969,5.119065298861453,Ngaanyatjarra,Australia,Pama-Nyungan,127.602,-25.7514,990,hunter-gatherer
ice_group,-7.612487188014121,0.01790479757416687,converged,-5.960869939724236,0.32242161082148135,male1292,converged,1.6516172482898854,5.1146586142177215,Malecite-Passamaquoddy,North America,Algic,292.59195,45.494475,2060,hunter-gatherer
dance_group,-7.253315279651133,0.017805314144472898,converged,-6.202698798589393,0.20482029567132823,chey1247,converged,1.0506164810617404,5.110182303923017,Cheyenne,North America,Algic,253.341,45.5321,1720,hunter-gatherer
rain_group,-6.603067545596872,0.011688275163570797,converged,-5.415350909206482,0.23224933072067988,mudb1240,converged,1.1877166363903902,5.107508342782127,Mudburra,Australia,Pama-Nyungan,132.329,-16.7694,130,hunter-gatherer
rain_group,-6.603067545596872,0.011688275163570797,converged,-5.895111621660689,0.13846857738827087,shon1251,converged,0.7079559239361828,5.094637097150596,Shona,Africa,Atlantic-Congo,29.75725,-17.20849,10741200,other
dance_group,-7.253315279651133,0.017805314144472898,converged,-5.873892903760159,0.27064870589206563,nort2952,converged,1.3794223758909743,5.085732648310266,Northeast Maidu,North America,Maiduan,239.355,40.4102,100,hunter-gatherer
dance_group,-7.253315279651133,0.017805314144472898,converged,-5.771800101550931,0.29186268704376833,lena1238,converged,1.481515178100202,5.066649602050019,Lenakel,Papunesia,Austronesian,169.261,-19.4763,11500,other
dance_group,-7.253315279651133,0.017805314144472898,converged,-5.7855675675844145,0.29281097183539057,sina1266,converged,1.4677477120667186,5.003369935618408,Sinaugoro,Papunesia,Austronesian,147.861,-9.79791,18000,other
taste_group,-6.6616898200504995,0.00856555621078967,converged,-5.6405902226118565,0.20486172120563806,bant1281,converged,1.021099597438643,4.9799846459131,Bantawa,Eurasia,Sino-Tibetan,87.04738,27.12147,371000,other
wind_group,-5.9578521923046734,0.008998002000740201,converged,-5.286394780578877,0.13458185469255243,anei1239,converged,0.6714574117257968,4.978098113420139,Aneityum,Papunesia,Austronesian,169.825,-20.1864,900,other
dance_group,-7.253315279651133,0.017805314144472898,converged,-5.927625976835737,0.2664023447884164,surs1246,converged,1.3256893028153964,4.965189817764873,Sursurunga,Papunesia,Austronesian,152.768,-3.99078,3000,other
snow_group,-7.416197459846801,0.016251105602529504,converged,-6.156888241371323,0.25417331923249314,oldn1244,converged,1.2593092184754777,4.944433541498066,Old Norse,Eurasia,Indo-European,10.38,63.42,900000,other
rain_group,-6.603067545596872,0.011688275163570797,converged,-5.779526238586363,0.16616934940215242,kate1253,converged,0.8235413070105091,4.943821116948665,Kâte,Papunesia,Nuclear Trans New Guinea,147.757,-6.4795,6130,other
dance_group,-7.253315279651133,0.017805314144472898,converged,-6.830860166608975,0.08366877597604627,tami1289,converged,0.4224551130421581,4.938549424794155,Tamil,Eurasia,Dravidian,78.825989,10.520219,65296000,other
dance_group,-7.253315279651133,0.017805314144472898,converged,-5.8528007734275915,0.2835966487254084,atak1252,converged,1.4005145062235416,4.928698404050481,Atakapa,North America,isolate_atak1252,266.9173,30.9121,1700,other
smell_group,-6.4695167475009825,0.009740427525109643,converged,-6.2051791379097585,0.0529117601767094,stan1318,converged,0.264337609591224,4.913261833119572,Standard Arabic,Eurasia,Afro-Asiatic,43.8525,27.9625,273989700,other
dance_group,-7.253315279651133,0.017805314144472898,converged,-5.945988918651022,0.2662473489692517,toho1245,converged,1.3073263610001113,4.899251663514268,Tohono O'odham,North America,Uto-Aztecan,248.005,31.7973,9600,other
dance_group,-7.253315279651133,0.017805314144472898,converged,-5.89113975831902,0.27799708046913113,gela1263,converged,1.3621755213321132,4.889943861686803,Gela,Papunesia,Austronesian,160.186,-9.04587,11900,other
smell_group,-6.4695167475009825,0.009740427525109643,converged,-5.762147183561546,0.14448302321232123,mara1404,converged,0.7073695639394364,4.8847785161072,Maranao,Papunesia,Austronesian,124.175,7.79414,776000,other
dance_group,-7.253315279651133,0.017805314144472898,converged,-5.9819338058558715,0.26154822033174296,loui1240,converged,1.2713814737952616,4.849758153623247,Louisiana Creole French,North America,Indo-European,269.2525,30.0412,70000,other
rain_group,-6.603067545596872,0.011688275163570797,converged,-5.496553949529357,0.2288451009151765,hooo1248,converged,1.106513596067515,4.828913312641694,Ho,Eurasia,Austroasiatic,87.1188,23.9596,1500000,other
ice_group,-7.612487188014121,0.01790479757416687,converged,-6.130307729460774,0.3066730764284872,west2630,converged,1.4821794585533477,4.824876609119757,Western Abenaki,North America,Algic,287.3489,46.1381,100,hunter-gatherer
dance_group,-7.253315279651133,0.017805314144472898,converged,-5.912515310771374,0.2779954531480769,yape1248,converged,1.3407999688797592,4.813237866896535,Yapese,Papunesia,Austronesian,138.125,9.55811,6590,other
wind_group,-5.9578521923046734,0.008998002000740201,converged,-5.132105500042325,0.17146106769347028,toke1240,converged,0.8257466922623484,4.809324942973568,Tokelau,Papunesia,Austronesian,188.219167,-9.227642,3250,hunter-gatherer
smell_group,-6.4695167475009825,0.009740427525109643,converged,-6.069598999368856,0.08279278976592314,hawa1245,converged,0.3999177481321263,4.797259508607829,Hawaiian,Papunesia,Austronesian,204.57,19.6297,1000,other
rain_group,-6.603067545596872,0.011688275163570797,converged,-5.51304848403448,0.2292614747900675,oldc1244,converged,1.0900190615623924,4.7483129583423205,Old Chinese,Eurasia,Sino-Tibetan,114.32,36.12,57671400,other
taste_group,-6.6616898200504995,0.00856555621078967,converged,-6.388549174585788,0.05689904260430549,taga1270,converged,0.2731406454647116,4.74695680618535,Tagalog,Papunesia,Austronesian,121.747,14.06,21500000,other
snow_group,-7.416197459846801,0.016251105602529504,converged,-6.189138993401933,0.25812156247810414,yaki1237,converged,1.227058466444868,4.744406947942147,Northwest Sahaptin,North America,Sahaptian,239.244,46.2655,3000,hunter-gatherer
wind_group,-5.9578521923046734,0.008998002000740201,converged,-5.144796961523503,0.17114505225875104,raro1241,converged,0.8130552307811705,4.744126903794485,Southern Cook Island Maori,Papunesia,Austronesian,200.22,-21.23,32300,other
rain_group,-6.603067545596872,0.011688275163570797,converged,-5.547946628948743,0.2229177777570035,ndon1254,converged,1.0551209166481286,4.726736129918747,Ndonga,Africa,Atlantic-Congo,17.35,-17.22,1070000,other
snow_group,-7.416197459846801,0.016251105602529504,converged,-6.176131560897813,0.2621889127702557,west2420,converged,1.2400658989489877,4.72060649570392,Western Parbate Kham,Eurasia,Sino-Tibetan,82.7348,28.6521,24500,other
dance_group,-7.253315279651133,0.017805314144472898,converged,-6.286271335491771,0.20414460900011208,kach1280,converged,0.9670439441593617,4.719137898615412,Southern Jinghpaw,Eurasia,Sino-Tibetan,97.3278,25.4634,940000,other
dance_group,-7.253315279651133,0.017805314144472898,converged,-5.89459691755523,0.2884278788118696,west2599,converged,1.3587183620959031,4.701822827776411,West Kewa,Papunesia,Nuclear Trans New Guinea,143.73,-6.32097,45000,other
rain_group,-6.603067545596872,0.011688275163570797,converged,-6.047297460646788,0.11800501896515919,iban1264,converged,0.5557700849500842,4.686781467569728,Iban,Papunesia,Austronesian,112.934,2.09041,694400,other
ice_group,-7.612487188014121,0.01790479757416687,converged,-6.1815531324972985,0.3098243296802562,chip1241,converged,1.4309340555168228,4.610840531244643,Chippewa,North America,Algic,265.7262,47.347,5000,hunter-gatherer
dance_group,-7.253315279651133,0.017805314144472898,converged,-5.947759028339476,0.2829922550202521,mali1284,converged,1.305556251311657,4.604294770885732,Mali,Papunesia,Baining,152.214,-4.71826,2200,other
dance_group,-7.253315279651133,0.017805314144472898,converged,-6.006328080790151,0.2711303503522633,ralu1237,converged,1.2469871988609817,4.58933115042407,Raluana,Papunesia,Austronesian,152.114,-4.30986,61000,other
snow_group,-7.416197459846801,0.016251105602529504,converged,-6.727371169041274,0.14958707353337328,swed1254,converged,0.6888262908055269,4.577915301256792,Swedish,Eurasia,Indo-European,17.389526,59.800634,8236000,other
snow_group,-7.416197459846801,0.016251105602529504,converged,-6.230332867915347,0.25884693892794053,kali1308,converged,1.1858645919314537,4.572332756400383,Kalispel-Pend d'Oreille,North America,Salishan,245.81,47.5825,100,hunter-gatherer
dance_group,-7.253315279651133,0.017805314144472898,converged,-6.312319009985699,0.20538818239448234,bali1278,converged,0.9409962696654341,4.564430697786884,Balinese,Papunesia,Austronesian,115.075,-8.35714,3330000,other
dance_group,-7.253315279651133,0.017805314144472898,converged,-5.999462787288559,0.2745945974886764,ibib1240,converged,1.253852492362574,4.556625912131637,Ibibio,Africa,Atlantic-Congo,7.86688,5.15279,6259000,other
dance_group,-7.253315279651133,0.017805314144472898,converged,-5.921500847893202,0.2918452911332991,sele1250,converged,1.3318144317579312,4.554956901320235,Selepet,Papunesia,Nuclear Trans New Guinea,147.234,-6.03532,7000,other
dance_group,-7.253315279651133,0.017805314144472898,converged,-6.0202589617489854,0.272176182207908,hais1244,converged,1.2330563179021476,4.520697871687746,Haisla,North America,Wakashan,231.398,53.964,100,hunter-gatherer
rain_group,-6.603067545596872,0.011688275163570797,converged,-5.849977536955269,0.1662275339865317,dagb1246,converged,0.7530900086416032,4.519318530987163,Dagbani,Africa,Atlantic-Congo,-0.43227,9.64745,800000,other
dance_group,-7.253315279651133,0.017805314144472898,converged,-5.922257228673434,0.2948263140992766,tumu1242,converged,1.331058050977699,4.506508576184874,Tumulung Sisaala,Africa,Atlantic-Congo,-1.79707,10.63451,105000,other
rain_group,-6.603067545596872,0.011688275163570797,converged,-5.5887152750424764,0.224992535679142,kuru1301,converged,1.0143522705543955,4.502310638413493,Kurukh,Eurasia,Dravidian,86.46568,24.46442,2090000,other
dance_group,-7.253315279651133,0.017805314144472898,converged,-5.964924836716401,0.28690754185635675,huaa1248,converged,1.2883904429347321,4.481989366537107,East Taa,Africa,Tuu,20.79583,-24.20022,4200,hunter-gatherer
smell_group,-6.4695167475009825,0.009740427525109643,converged,-6.040921183551966,0.09581022467042372,sinh1246,converged,0.4285955639490169,4.45044053336365,Sinhala,Eurasia,Indo-European,81,8,15500000,other
wind_group,-5.9578521923046734,0.008998002000740201,converged,-5.131072389200241,0.18612081262509544,mang1401,converged,0.8267798031044329,4.436985271435964,Mangareva,Papunesia,Austronesian,225.03,-23.1095,1600,hunter-gatherer
wind_group,-5.9578521923046734,0.008998002000740201,converged,-5.180866900109333,0.1760121132502208,chip1241,converged,0.7769852921953406,4.408628327619685,Chippewa,North America,Algic,265.7262,47.347,5000,hunter-gatherer
smell_group,-6.4695167475009825,0.009740427525109643,converged,-5.820646082475413,0.14690402697588323,gand1255,converged,0.6488706650255693,4.407292602702189,Ganda,Africa,Atlantic-Congo,32.15153,0.66884,4130000,other
smell_group,-6.4695167475009825,0.009740427525109643,converged,-5.568753849710958,0.20424618288844562,caro1242,converged,0.9007628977900248,4.405175780985719,Carolinian,Papunesia,Austronesian,145.765,15.205,3000,other
wind_group,-5.9578521923046734,0.008998002000740201,converged,-5.196748129251917,0.17292265793552805,latv1249,converged,0.7611040630527564,4.395466551415854,Latvian,Eurasia,Indo-European,24.309118,56.826108,1398450,other
dance_group,-7.253315279651133,0.017805314144472898,converged,-6.0232247776599275,0.2813154743317728,mudb1240,converged,1.2300905019912056,4.363904991538452,Mudburra,Australia,Pama-Nyungan,132.329,-16.7694,130,hunter-gatherer
rain_group,-6.603067545596872,0.011688275163570797,converged,-5.548797880739434,0.24208115374836758,sout2789,converged,1.0542696648574381,4.349958425124956,Central Dagaare,Africa,Atlantic-Congo,-2.52265,10.4226,700000,other
dance_group,-7.253315279651133,0.017805314144472898,converged,-6.834924157563734,0.09454608307076258,scot1243,converged,0.4183911220873995,4.348815649754206,Scots,Eurasia,Indo-European,-3.710133,55.886945,100000,other
dance_group,-7.253315279651133,0.017805314144472898,converged,-6.766907801822575,0.11109142230605883,zulu1248,converged,0.48640747782855787,4.323266217379886,Zulu,Africa,Atlantic-Congo,30.2,-28.9,10231000,other
smell_group,-6.4695167475009825,0.009740427525109643,converged,-5.678069724477741,0.18285537678353675,cent2131,converged,0.7914470230232418,4.322139951952399,Central Tarahumara,North America,Uto-Aztecan,252.846,27.5648,55000,other
rain_group,-6.603067545596872,0.011688275163570797,converged,-5.581629843412065,0.23664616801554733,yank1247,converged,1.021437702184807,4.311052589278675,Yankunytjatjara,Australia,Pama-Nyungan,133.577,-26.4064,100,hunter-gatherer
dance_group,-7.253315279651133,0.017805314144472898,converged,-6.648743172170174,0.1393546797563484,fiji1243,converged,0.6045721074809594,4.303385189494164,Fijian,Papunesia,Austronesian,178.33,-18,333440,other
smell_group,-6.4695167475009825,0.009740427525109643,converged,-5.531259502984193,0.21791801537973562,bant1281,converged,0.9382572445167892,4.301256972568881,Bantawa,Eurasia,Sino-Tibetan,87.04738,27.12147,371000,other
dance_group,-7.253315279651133,0.017805314144472898,converged,-6.097780210504406,0.2684810946367569,tuwa1243,converged,1.155535069146727,4.2945381437314465,Tuwali Ifugao,Papunesia,Austronesian,121.113,16.6646,30000,other
rain_group,-6.603067545596872,0.011688275163570797,converged,-5.533255070803075,0.2491531949358461,djin1251,converged,1.069812474793797,4.289076955837445,Jingulu,Australia,Mirndi,133.659,-17.165,100,hunter-gatherer
dance_group,-7.253315279651133,0.017805314144472898,converged,-6.1022358572477895,0.26809970855309173,ngaa1240,converged,1.1510794224033436,4.284037710214444,Ngaanyatjarra,Australia,Pama-Nyungan,127.602,-25.7514,990,hunter-gatherer
ice_group,-7.612487188014121,0.01790479757416687,converged,-7.3559155167081824,0.05720001457963868,nucl1643,converged,0.25657167130593894,4.280701474080119,Japanese,Eurasia,Japonic,135,35,121563000,other
dance_group,-7.253315279651133,0.017805314144472898,converged,-6.007607675996133,0.2918364030693923,hava1248,converged,1.245707603655,4.260591025153919,Havasupai-Walapai-Yavapai,North America,Cochimi-Yuman,246.615,35.6302,2690,other
rain_group,-6.603067545596872,0.011688275163570797,converged,-5.599547126165373,0.23531599881100104,kosa1249,converged,1.0035204194314993,4.259314223884601,Kosarek Yale,Papunesia,Nuclear Trans New Guinea,139.645,-4.06603,2300,other
smell_group,-6.4695167475009825,0.009740427525109643,converged,-5.575939964686627,0.21004752687353795,huaa1248,converged,0.8935767828143559,4.249598009967801,East Taa,Africa,Tuu,20.79583,-24.20022,4200,hunter-gatherer
dance_group,-7.253315279651133,0.017805314144472898,converged,-6.053490851777634,0.28185163214684583,naro1249,converged,1.1998244278734989,4.2484673266695925,Naro,Africa,Khoe-Kwadi,20.7458,-22.0939,14000,hunter-gatherer
rain_group,-6.603067545596872,0.011688275163570797,converged,-5.663471119386868,0.22105402697960747,mamb1296,converged,0.939596426210004,4.24459907501665,Mambwe-Lungu,Africa,Atlantic-Congo,31.2269,-8.86817,674000,other
rain_group,-6.603067545596872,0.011688275163570797,converged,-5.636855636578352,0.22769035188654776,mbay1241,converged,0.9662119090185195,4.237954470224897,Mbay,Africa,Central Sudanic,15.7328,8.23066,88300,other
dance_group,-7.253315279651133,0.017805314144472898,converged,-6.158946103665462,0.25774185632714963,mush1238,converged,1.0943691759856709,4.235893860089604,Mushungulu,Africa,Atlantic-Congo,42.6626,0.00689,23000,other
wind_group,-5.9578521923046734,0.008998002000740201,converged,-5.194127934855279,0.18067242765987834,wamp1249,converged,0.7637242574493941,4.2218886623574505,Wampanoag,North America,Algic,286.6852,41.705,2756,other
rain_group,-6.603067545596872,0.011688275163570797,converged,-5.660105843873047,0.22383309672374357,tbol1240,converged,0.9429617017238252,4.207057436417841,Tboli,Papunesia,Austronesian,124.538,6.20377,95300,other
dance_group,-7.253315279651133,0.017805314144472898,converged,-6.180743464001993,0.2545799339919758,sant1410,converged,1.0725718156491402,4.202837543849207,Santali,Eurasia,Austroasiatic,87.8185,25.0317,6157300,other
ice_group,-7.612487188014121,0.01790479757416687,converged,-7.175783698547856,0.10238405052242112,tibe1272,converged,0.43670348946626536,4.201583074864035,Tibetan,Eurasia,Sino-Tibetan,90.1872,28.3681,1269080,other
smell_group,-6.4695167475009825,0.009740427525109643,converged,-5.6662738410045606,0.19224572677077373,thao1240,converged,0.8032429064964219,4.17285678409576,Thao,Papunesia,Austronesian,120.93,23.8333,100,other
snow_group,-7.416197459846801,0.016251105602529504,converged,-6.317905307859766,0.26364474422670703,hais1244,converged,1.0982921519870352,4.1579117997027915,Haisla,North America,Wakashan,231.398,53.964,100,hunter-gatherer
taste_group,-6.6616898200504995,0.00856555621078967,converged,-5.737469915733088,0.22312235688009754,zuni1245,converged,0.9242199043174111,4.139162174213217,Zuni,North America,isolate_zuni1245,251.218,35.0056,9650,other
smell_group,-6.4695167475009825,0.009740427525109643,converged,-5.876214569199936,0.14312908443176534,chuu1238,converged,0.5933021783010464,4.135658818888044,Chuukese,Papunesia,Austronesian,151.598607,7.346993,45900,other
rain_group,-6.603067545596872,0.011688275163570797,converged,-5.852769760604403,0.181727856401479,giry1241,converged,0.750297784992469,4.120175662841493,Giryama,Africa,Atlantic-Congo,39.6648,-3.30638,623000,other
wind_group,-5.9578521923046734,0.008998002000740201,converged,-5.225010234359227,0.1782971955344972,rotu1241,converged,0.7328419579454462,4.105002974141494,Rotuman,Papunesia,Austronesian,177.066,-12.5008,9000,other
rain_group,-6.603067545596872,0.011688275163570797,converged,-5.654581600450435,0.23096390239317197,lozi1239,converged,0.9484859451464374,4.101392981378021,Lozi,Africa,Atlantic-Congo,24.7398,-17.7052,694000,other
wind_group,-5.9578521923046734,0.008998002000740201,converged,-5.25949392760471,0.1709873896214511,mars1254,converged,0.6983582646999631,4.078624169585892,Marshallese,Papunesia,Austronesian,167.73,8.72,43900,other
snow_group,-7.416197459846801,0.016251105602529504,converged,-7.073659643045492,0.08271299377297246,poli1260,converged,0.34253781680130935,4.063591555550557,Polish,Eurasia,Indo-European,18.6255,51.8439,37794600,other
snow_group,-7.416197459846801,0.016251105602529504,converged,-6.229983410274399,0.2922457711018783,wyan1247,converged,1.1862140495724018,4.05269946077966,Huron-Wyandot,North America,Iroquoian,282.5,44.33,11226,other
dance_group,-7.253315279651133,0.017805314144472898,converged,-6.052418058533646,0.29590009292880376,izon1238,converged,1.2008972211174873,4.051127421259889,Izon,Africa,Ijoid,5.51702,5.17986,1000000,other
smell_group,-6.4695167475009825,0.009740427525109643,converged,-5.541253325630726,0.2291029050018543,zuni1245,converged,0.9282634218702563,4.048074412142876,Zuni,North America,isolate_zuni1245,251.218,35.0056,9650,other
smell_group,-6.4695167475009825,0.009740427525109643,converged,-5.656046904906294,0.20078514568230016,chep1245,converged,0.8134698425946887,4.046685437767406,Chepang,Eurasia,Sino-Tibetan,84.9017,27.7206,36800,other
snow_group,-7.416197459846801,0.016251105602529504,converged,-6.436783442079916,0.24250528808971084,icel1247,converged,0.9794140177668851,4.029694487289506,Icelandic,Eurasia,Indo-European,-19.0212,63.4837,230000,other
snow_group,-7.416197459846801,0.016251105602529504,converged,-7.073828899416907,0.08341806750096052,norw1258,converged,0.34236856042989405,4.028514375246917,Norwegian,Eurasia,Indo-European,10.71,59.92,4639000,other
snow_group,-7.416197459846801,0.016251105602529504,converged,-6.654399061500335,0.18905932929585553,halh1238,converged,0.7617983983464658,4.014610342719566,Halh Mongolian,Eurasia,Mongolic-Khitan,106.28874,48.32397,2332660,other
wind_group,-5.9578521923046734,0.008998002000740201,converged,-5.195189551312285,0.19008961749278427,male1292,converged,0.7626626409923887,4.007634144067965,Malecite-Passamaquoddy,North America,Algic,292.59195,45.494475,2060,hunter-gatherer
rain_group,-6.603067545596872,0.011688275163570797,converged,-5.692376455498781,0.22711197630251842,muna1247,converged,0.9106910900980907,4.0045771911499966,Muna,Papunesia,Austronesian,122.541,-5.40419,300000,other
dance_group,-7.253315279651133,0.017805314144472898,converged,-6.091298309669106,0.29182846742041096,nanc1247,converged,1.1620169699820275,3.9744585230823524,Nancowry,Eurasia,Austroasiatic,93.3921,7.94812,930,other
smell_group,-6.4695167475009825,0.009740427525109643,converged,-5.664567311468103,0.20299131549527497,nupe1254,converged,0.8049494360328797,3.9608804450842108,Nupe-Nupe-Tako,Africa,Atlantic-Congo,5.40031,9.18404,800000,other
rain_group,-6.603067545596872,0.011688275163570797,converged,-5.675704034063638,0.2338864578163274,misi1242,converged,0.9273635115332342,3.9600739562236376,Mising-Padam-Miri-Minyong,Eurasia,Sino-Tibetan,94.69,27.418,571000,other
snow_group,-7.416197459846801,0.016251105602529504,converged,-6.331407688712876,0.27361189481602566,arom1237,converged,1.0847897711339254,3.957727767945225,Aromanian,Eurasia,Indo-European,21.2,40.616,69700,other
wind_group,-5.9578521923046734,0.008998002000740201,converged,-5.426077297169164,0.13413991263567496,mikm1235,converged,0.5317748951355092,3.955441104982251,Mi'kmaq,North America,Algic,296,46,9290,hunter-gatherer
dance_group,-7.253315279651133,0.017805314144472898,converged,-6.149565969927218,0.27979213512289125,lamb1271,converged,1.1037493097239155,3.9369266758208874,Lamba,Africa,Atlantic-Congo,27.9026,-12.3366,219000,other
dance_group,-7.253315279651133,0.017805314144472898,converged,-6.163014807981876,0.2771497293404765,geda1237,converged,1.0903004716692575,3.925882931086572,Gedaged,Papunesia,Austronesian,145.781,-5.18175,6950,other
snow_group,-7.416197459846801,0.016251105602529504,converged,-6.365411330377113,0.26764891943472563,nort2952,converged,1.0507861294696879,3.9187698481066184,Northeast Maidu,North America,Maiduan,239.355,40.4102,100,hunter-gatherer
wind_group,-5.9578521923046734,0.008998002000740201,converged,-5.239620115815579,0.18375758152401347,gela1263,converged,0.7182320764890946,3.903907256032775,Gela,Papunesia,Austronesian,160.186,-9.04587,11900,other
wind_group,-5.9578521923046734,0.008998002000740201,converged,-5.458852674376432,0.12806141135656332,chuu1238,converged,0.49899951792824115,3.8869812211124652,Chuukese,Papunesia,Austronesian,151.598607,7.346993,45900,other
snow_group,-7.416197459846801,0.016251105602529504,converged,-6.263820457976598,0.2960311742525808,tuni1252,converged,1.152377001870203,3.8869031165763035,Tunica,North America,isolate_tuni1252,267.4597,30.9888,100,other
rain_group,-6.603067545596872,0.011688275163570797,converged,-5.685588085439181,0.23582337033458994,cent2292,converged,0.9174794601576908,3.885766748814339,Central Bontoc,Papunesia,Austronesian,120.92,17.08,19600,other
dance_group,-7.253315279651133,0.017805314144472898,converged,-6.198009994967945,0.27112109219526587,yiry1245,converged,1.0553052846831878,3.8840094690731184,Yir-Yoront,Australia,Pama-Nyungan,141.767,-15.1117,100,hunter-gatherer
wind_group,-5.9578521923046734,0.008998002000740201,converged,-5.297587394777122,0.16991273843761226,yabe1254,converged,0.6602647975275513,3.880467835004247,Yabem,Papunesia,Austronesian,147.81,-6.67052,2080,other
wind_group,-5.9578521923046734,0.008998002000740201,converged,-5.279588025329891,0.17461865991287653,oldn1244,converged,0.6782641669747829,3.879112718432637,Old Norse,Eurasia,Indo-European,10.38,63.42,900000,other
taste_group,-6.6616898200504995,0.00856555621078967,converged,-6.103354264226628,0.1439646670591355,here1253,converged,0.5583355558238718,3.8714355288081084,Herero,Africa,Atlantic-Congo,20.5655,-21.0231,237000,other
ice_group,-7.612487188014121,0.01790479757416687,converged,-6.965720107267335,0.16650869970986043,roma1327,converged,0.6467670807467867,3.862020204658074,Romanian,Eurasia,Indo-European,24.2256,46.3913,22610000,other
rain_group,-6.603067545596872,0.011688275163570797,converged,-5.697902857121954,0.23457499184598307,chep1245,converged,0.905164688474918,3.8539620488745543,Chepang,Eurasia,Sino-Tibetan,84.9017,27.7206,36800,other
dance_group,-7.253315279651133,0.017805314144472898,converged,-6.182915093410216,0.27797760736960714,bamb1269,converged,1.0704001862409172,3.8427955208863227,Bambara,Africa,Mande,-7.65,12.9,2772040,other
smell_group,-6.4695167475009825,0.009740427525109643,converged,-5.671619475489928,0.20746820946376157,besi1244,converged,0.7978972720110544,3.8416457088061504,Besisi,Eurasia,Austroasiatic,101.676,2.717,2990,other
smell_group,-6.4695167475009825,0.009740427525109643,converged,-5.89460731813208,0.1501915622899369,tulu1258,converged,0.5749094293689021,3.819816496790457,Tulu,Eurasia,Dravidian,75.2651,12.8114,1950000,other
rain_group,-6.603067545596872,0.011688275163570797,converged,-5.702865172844003,0.23582199451080546,nuer1246,converged,0.9002023727528687,3.81261592973148,Nuer,Africa,Nilotic,32.3829,8.13911,804900,other
smell_group,-6.4695167475009825,0.009740427525109643,converged,-6.021649969796843,0.11710152478083567,ilok1237,converged,0.44786677770413963,3.811439870626065,Iloko,Papunesia,Austronesian,120.993,15.9361,6920000,other
rain_group,-6.603067545596872,0.011688275163570797,converged,-6.046229441044343,0.1457425541664935,tswa1253,converged,0.5568381045525292,3.808468860427847,Tswana,Africa,Atlantic-Congo,24.7587,-24.368,4521700,other
ice_group,-7.612487188014121,0.01790479757416687,converged,-6.789713647378949,0.2162201816511366,esto1258,converged,0.8227735406351728,3.792277859373707,Estonian,Eurasia,Uralic,25.82,58.55,1148690,other
rain_group,-6.603067545596872,0.011688275163570797,converged,-5.94978139811755,0.17209457402632924,gand1255,converged,0.6532861474793217,3.787362839865792,Ganda,Africa,Atlantic-Congo,32.15153,0.66884,4130000,other
rain_group,-6.603067545596872,0.011688275163570797,converged,-5.695275587913765,0.23943160525874255,rabh1238,converged,0.9077919576831066,3.7869362213692415,Rabha,Eurasia,Sino-Tibetan,91.1689,25.8248,50000,other
rain_group,-6.603067545596872,0.011688275163570797,converged,-5.70272215735293,0.23811693849328397,mung1266,converged,0.9003453882439416,3.7765590118785575,Mungaka,Africa,Atlantic-Congo,10.0294,5.89752,50100,other
ice_group,-7.612487188014121,0.01790479757416687,converged,-7.082541035773385,0.13977031249042984,hung1274,converged,0.5299461522407363,3.7608181960081266,Hungarian,Eurasia,Uralic,19.6555271429,46.9068585714,12173900,other
wind_group,-5.9578521923046734,0.008998002000740201,converged,-5.286083064735522,0.1787208874481513,geda1237,converged,0.6717691275691511,3.7540063522807787,Gedaged,Papunesia,Austronesian,145.781,-5.18175,6950,other
wind_group,-5.9578521923046734,0.008998002000740201,converged,-5.30822336723285,0.1731795747425093,renn1242,converged,0.6496288250718232,3.7461330508492896,Rennell-Bellona,Papunesia,Austronesian,160.265,-11.6237,4390,other
dance_group,-7.253315279651133,0.017805314144472898,converged,-6.538899795448098,0.1901709739770813,mand1436,converged,0.7144154842030348,3.740342477509716,Mandinka,Africa,Mande,-15.6539466667,12.8165233333,1346000,other
dance_group,-7.253315279651133,0.017805314144472898,converged,-6.65082447069991,0.16031289972308155,nyan1308,converged,0.6024908089512229,3.73525012594163,Nyanja,Africa,Atlantic-Congo,32.8108,-14.8047,8402000,other
dance_group,-7.253315279651133,0.017805314144472898,converged,-6.188140651776907,0.2848254405665334,kamb1297,converged,1.0651746278742262,3.7324594892390093,Kamba,Africa,Atlantic-Congo,37.9532,-1.60827,3960000,other
rain_group,-6.603067545596872,0.011688275163570797,converged,-5.690396620063568,0.24426759150580074,yeyi1239,converged,0.9126709255333036,3.732086856588508,Yeyi,Africa,Atlantic-Congo,23.6088,-18.9178,24000,other
dance_group,-7.253315279651133,0.017805314144472898,converged,-6.243857620078103,0.2713717908882698,kuru1301,converged,1.0094576595730302,3.7118515726722245,Kurukh,Eurasia,Dravidian,86.46568,24.46442,2090000,other
dance_group,-7.253315279651133,0.017805314144472898,converged,-6.807462941588141,0.118828543089593,hawa1245,converged,0.4458523380629922,3.710639658697231,Hawaiian,Papunesia,Austronesian,204.57,19.6297,1000,other
smell_group,-6.4695167475009825,0.009740427525109643,converged,-6.231814213061577,0.06338733378715034,telu1262,converged,0.23770253443940526,3.7064951165028446,Telugu,Eurasia,Dravidian,78.7024,16.4529,69600600,other
dance_group,-7.253315279651133,0.017805314144472898,converged,-6.114668116360844,0.30689591035761676,arap1274,converged,1.1386471632902895,3.703977775532091,Arapaho,North America,Algic,251.19,43.3879,1040,hunter-gatherer
rain_group,-6.603067545596872,0.011688275163570797,converged,-6.26273436692343,0.0911443523417285,zulu1248,converged,0.3403331786734416,3.7036720536642886,Zulu,Africa,Atlantic-Congo,30.2,-28.9,10231000,other
wind_group,-5.9578521923046734,0.008998002000740201,converged,-5.303911346545756,0.17641232117026212,west2630,converged,0.6539408457589175,3.7020762689699658,Western Abenaki,North America,Algic,287.3489,46.1381,100,hunter-gatherer
wind_group,-5.9578521923046734,0.008998002000740201,converged,-5.285806525522988,0.18164738434685693,saaa1240,converged,0.6720456667816856,3.6951958361685686,Sa'a,Papunesia,Austronesian,161.467,-9.60258,11500,other
smell_group,-6.4695167475009825,0.009740427525109643,converged,-5.690948428903815,0.21050060537524165,nucl1347,converged,0.7785683185971672,3.694697852589071,Wolof,Africa,Atlantic-Congo,-15.383,15.2534,3942000,other
dance_group,-7.253315279651133,0.017805314144472898,converged,-6.275692872244633,0.2644517391441854,mamb1296,converged,0.9776224074064999,3.6884386890380223,Mambwe-Lungu,Africa,Atlantic-Congo,31.2269,-8.86817,674000,other
rain_group,-6.603067545596872,0.011688275163570797,converged,-5.760271721953592,0.22882869162084743,toab1237,converged,0.8427958236432795,3.678291050348189,To'abaita,Papunesia,Austronesian,160.619,-8.39233,12600,other
snow_group,-7.416197459846801,0.016251105602529504,converged,-6.788522890835303,0.17004554162681992,lith1251,converged,0.6276745690114982,3.6744723194433204,Lithuanian,Eurasia,Indo-European,23.9601,55.1429,2960000,other
ice_group,-7.612487188014121,0.01790479757416687,converged,-6.381421756465092,0.33612376931393817,atak1252,converged,1.2310654315490295,3.6573508326286173,Atakapa,North America,isolate_atak1252,266.9173,30.9121,1700,other
dance_group,-7.253315279651133,0.017805314144472898,converged,-6.208344492238929,0.2854865646788464,wamp1247,converged,1.044970787412204,3.65321685731293,Wampar,Papunesia,Austronesian,146.662,-6.67364,5150,other
wind_group,-5.9578521923046734,0.008998002000740201,converged,-5.332861997644413,0.171096365529819,tiko1237,converged,0.6249901946602607,3.647813924505343,Tikopia,Papunesia,Austronesian,168.822,-12.2766,3320,other
snow_group,-7.416197459846801,0.016251105602529504,converged,-6.34948646478558,0.2922334043134326,nort2961,converged,1.0667109950612206,3.644571109310512,Northwestern Ojibwa,North America,Algic,272.2138,51.6192,20000,hunter-gatherer
dance_group,-7.253315279651133,0.017805314144472898,converged,-6.466985780162189,0.2150723136429585,sang1328,converged,0.7863294994889438,3.6436517267065573,Sango,Africa,Atlantic-Congo,20.1702,6.78584,5400,other
wind_group,-5.9578521923046734,0.008998002000740201,converged,-5.249084488799233,0.19511594874058463,sanb1242,converged,0.7087677035054405,3.6286897059901153,San Blas Kuna,South America,Chibchan,281.6925,9.15686,57100,other
rain_group,-6.603067545596872,0.011688275163570797,converged,-5.976728305343925,0.17251439637832,luok1236,converged,0.6263392402529471,3.622344634196159,Luo,Africa,Nilotic,34.4896,-0.93296,4410000,other
ice_group,-7.612487188014121,0.01790479757416687,converged,-6.787772734038743,0.22698047130617474,halh1238,converged,0.8247144539753783,3.6221640005534104,Halh Mongolian,Eurasia,Mongolic-Khitan,106.28874,48.32397,2332660,other
dance_group,-7.253315279651133,0.017805314144472898,converged,-6.1561694955948365,0.3036822662986,sanb1242,converged,1.0971457840562966,3.6066144043195543,San Blas Kuna,South America,Chibchan,281.6925,9.15686,57100,other
dance_group,-7.253315279651133,0.017805314144472898,converged,-6.152211781102429,0.30524121058414294,teop1238,converged,1.1011034985487038,3.601200989023429,Teop,Papunesia,Austronesian,154.971,-5.67474,5000,other
smell_group,-6.4695167475009825,0.009740427525109643,converged,-5.729108549423789,0.20594451351187162,wamp1247,converged,0.7404081980771933,3.591168540963967,Wampar,Papunesia,Austronesian,146.662,-6.67364,5150,other
taste_group,-6.6616898200504995,0.00856555621078967,converged,-6.023941098926817,0.1775949302832246,alab1237,converged,0.6377487211236827,3.5868605097612076,Alabama,North America,Muskogean,265.37152000000003,30.76738,100,other
taste_group,-6.6616898200504995,0.00856555621078967,converged,-5.963314634044825,0.19517498038372721,ngal1292,converged,0.6983751860056744,3.57475947536775,Ngalkbun,Australia,Gunwinyguan,133.936,-13.9783,100,hunter-gatherer
dance_group,-7.253315279651133,0.017805314144472898,converged,-6.6318149476246955,0.17360977755306303,lako1247,converged,0.6215003320264376,3.5611893429034986,Lakota,North America,Siouan,256.05,46.3699,6189,hunter-gatherer
ice_group,-7.612487188014121,0.01790479757416687,converged,-6.780515077034636,0.23340601502453245,kaza1248,converged,0.8319721109794855,3.554042781175446,Kazakh,Eurasia,Turkic,71.454,51.17,7621000,other
snow_group,-7.416197459846801,0.016251105602529504,converged,-6.376009981953378,0.2922308541570406,maha1287,converged,1.040187477893423,3.5539806267045977,Mahasu Pahari,Eurasia,Indo-European,77.5317,31.0088,1000000,other
rain_group,-6.603067545596872,0.011688275163570797,converged,-5.79581214108901,0.2279234823813439,mbuk1240,converged,0.8072554045078615,3.537134589958323,Mbukushu,Africa,Atlantic-Congo,22.5026,-17.6827,35100,other
taste_group,-6.6616898200504995,0.00856555621078967,converged,-5.9808678475466595,0.192330142930634,yoga1237,converged,0.68082197250384,3.536355686089498,Yogad,Papunesia,Austronesian,121.718,16.7015,16000,other
dance_group,-7.253315279651133,0.017805314144472898,converged,-6.139660809250108,0.31459940359601435,komn1238,converged,1.1136544704010252,3.5342569139825297,Kómnjo,Papunesia,Yam,141.5878,-8.70216,200,other
smell_group,-6.4695167475009825,0.009740427525109643,converged,-5.946934341511145,0.1476109039454346,west2721,converged,0.5225824059898372,3.5325870363972443,West Central Oromo,Africa,Afro-Asiatic,36.7365,8.81391,8920000,other
smell_group,-6.4695167475009825,0.009740427525109643,converged,-5.787493868615371,0.19285414396127157,alab1237,converged,0.6820228788856113,3.5319678915944706,Alabama,North America,Muskogean,265.37152000000003,30.76738,100,other
taste_group,-6.6616898200504995,0.00856555621078967,converged,-6.297616849113699,0.10274556106007479,goan1235,converged,0.36407297093680047,3.5311926831476983,Goan Konkani,Eurasia,Indo-European,74.2098,15.2732,3630000,other
dance_group,-7.253315279651133,0.017805314144472898,converged,-6.134093855283006,0.3168609854089226,west2624,converged,1.1192214243681269,3.5266523932613234,Western Huasteca Nahuatl,North America,Uto-Aztecan,261.2289,21.3711,400000,other
smell_group,-6.4695167475009825,0.009740427525109643,converged,-6.087876247519873,0.10779383232267924,shan1277,converged,0.3816404999811098,3.526100505631213,Shan,Eurasia,Tai-Kadai,98.0342,21.5995,3295000,other
dance_group,-7.253315279651133,0.017805314144472898,converged,-6.304620831970178,0.26907363603297463,mapu1244,converged,0.9486944476809551,3.518085895043576,Mapun,Papunesia,Austronesian,118.75,6.09061,42470,other
wind_group,-5.9578521923046734,0.008998002000740201,converged,-5.563934131742197,0.11177154171915192,tong1325,converged,0.39391806056247614,3.512949453260231,Tonga,Papunesia,Austronesian,184.75,-21.17,102290,other
wind_group,-5.9578521923046734,0.008998002000740201,converged,-5.295811008874109,0.18870675041522128,pulu1242,converged,0.6620411834305644,3.504325356071488,Puluwatese,Papunesia,Austronesian,149.2005,7.35695,1360,other
ice_group,-7.612487188014121,0.01790479757416687,converged,-6.909698228014066,0.20007570986441492,lith1251,converged,0.7027889600000554,3.4986336696509373,Lithuanian,Eurasia,Indo-European,23.9601,55.1429,2960000,other
dance_group,-7.253315279651133,0.017805314144472898,converged,-6.815222143889342,0.12441814033756782,cebu1242,converged,0.43809313576179143,3.4856234987248684,Cebuano,Papunesia,Austronesian,124.367,8.38799,15800000,other
dance_group,-7.253315279651133,0.017805314144472898,converged,-6.25534610956766,0.28762584758188303,kosa1249,converged,0.997969170083473,3.463049196815303,Kosarek Yale,Papunesia,Nuclear Trans New Guinea,139.645,-4.06603,2300,other
rain_group,-6.603067545596872,0.011688275163570797,converged,-5.8101399478767775,0.22924317725276097,ulst1239,converged,0.7929275977200945,3.454405760341936,Ulster,Eurasia,Indo-European,-3.710133,55.886945,2215454,other
snow_group,-7.416197459846801,0.016251105602529504,converged,-6.392450368046,0.2960176491122946,sene1264,converged,1.023747091800801,3.4531989271894608,Seneca,North America,Iroquoian,282.47,42.56,175,other
snow_group,-7.416197459846801,0.016251105602529504,converged,-6.5075711165912145,0.2631322887704553,ulst1239,converged,0.9086263432555866,3.446549230794373,Ulster,Eurasia,Indo-European,-3.710133,55.886945,2215454,other
snow_group,-7.416197459846801,0.016251105602529504,converged,-7.065404563060761,0.10058577813254684,kore1280,converged,0.3507928967860403,3.442854772727433,Korean,Eurasia,Koreanic,126.98,37.54,65236300,other
rain_group,-6.603067545596872,0.011688275163570797,converged,-5.794207250756694,0.23480736425564663,mara1385,converged,0.8088602948401782,3.440522545336749,Marra,Australia,Mangarrayi-Maran,134.865,-14.7927,100,hunter-gatherer
rain_group,-6.603067545596872,0.011688275163570797,converged,-5.85198933069425,0.21810216141858008,bata1298,converged,0.7510782149026216,3.43876460489728,Batad Ifugao,Papunesia,Austronesian,121.23,16.8266,43000,other
snow_group,-7.416197459846801,0.016251105602529504,converged,-6.921913536862384,0.1430353504848379,east2295,converged,0.49428392298441715,3.4335863337142984,Eastern Yiddish,Eurasia,Indo-European,19.42,51.75,401947,other
wind_group,-5.9578521923046734,0.008998002000740201,converged,-5.5992262348243385,0.10409698607991578,ilok1237,converged,0.358625957480335,3.43231509742945,Iloko,Papunesia,Austronesian,120.993,15.9361,6920000,other
wind_group,-5.9578521923046734,0.008998002000740201,converged,-5.337347147853597,0.1806581585524057,tana1289,converged,0.6205050444510762,3.430439179103802,Dena'ina,North America,Athabaskan-Eyak-Tlingit,209.241,60.4712,100,hunter-gatherer
dance_group,-7.253315279651133,0.017805314144472898,converged,-6.324182299541703,0.2703907716319041,tuam1242,converged,0.9291329801094301,3.4288338327444796,Tuamotuan,Papunesia,Austronesian,213.678245,-16.17259,14400,hunter-gatherer
wind_group,-5.9578521923046734,0.008998002000740201,converged,-5.5815531082166405,0.1095357020609448,lako1247,converged,0.3762990840880329,3.423868356199936,Lakota,North America,Siouan,256.05,46.3699,6189,hunter-gatherer
wind_group,-5.9578521923046734,0.008998002000740201,converged,-5.2968464402396025,0.19290276850525837,lonw1238,converged,0.661005752065071,3.422904847457324,Lonwolwol,Papunesia,Austronesian,168.016,-16.2286,1200,other
rain_group,-6.603067545596872,0.011688275163570797,converged,-5.837396533675357,0.2234818173653128,yabe1254,converged,0.7656710119215147,3.421423571360976,Yabem,Papunesia,Austronesian,147.81,-6.67052,2080,other
smell_group,-6.4695167475009825,0.009740427525109643,converged,-6.03076471674909,0.12818217261886086,khas1269,converged,0.4387520307518926,3.413038914689789,Khasi,Eurasia,Austroasiatic,91.9998,24.977,865000,other
dance_group,-7.253315279651133,0.017805314144472898,converged,-6.7023929218115255,0.16116146095836723,efik1245,converged,0.5509223578396076,3.397775863109769,Efik,Africa,Atlantic-Congo,8.38121,4.89379,400000,other
smell_group,-6.4695167475009825,0.009740427525109643,converged,-5.95634245618623,0.1508987506777154,kach1280,converged,0.5131742913147521,3.393722712303919,Southern Jinghpaw,Eurasia,Sino-Tibetan,97.3278,25.4634,940000,other
wind_group,-5.9578521923046734,0.008998002000740201,converged,-5.57854035519663,0.111433072128969,tswa1253,converged,0.3793118371080437,3.3928998028915,Tswana,Africa,Atlantic-Congo,24.7587,-24.368,4521700,other
smell_group,-6.4695167475009825,0.009740427525109643,converged,-5.983366876676314,0.143002154011673,wara1300,converged,0.48614987082466854,3.3917393609082263,Waray,Papunesia,Austronesian,125.012,11.4911,2570000,other
dance_group,-7.253315279651133,0.017805314144472898,converged,-6.349099657392302,0.2663866451783775,yabe1254,converged,0.9042156222588309,3.38681590849404,Yabem,Papunesia,Austronesian,147.81,-6.67052,2080,other
rain_group,-6.603067545596872,0.011688275163570797,converged,-5.784368864353936,0.24247381354265243,chek1238,converged,0.8186986812429362,3.3725256272737556,Cheke Holo,Papunesia,Austronesian,159.625,-8.27055,10800,other
smell_group,-6.4695167475009825,0.009740427525109643,converged,-6.266807722509183,0.05947803886144342,tami1289,converged,0.20270902499179932,3.363330100142143,Tamil,Eurasia,Dravidian,78.825989,10.520219,65296000,other
snow_group,-7.416197459846801,0.016251105602529504,converged,-6.471838701792431,0.2806534777207217,squa1248,converged,0.9443587580543698,3.359229857745106,Squamish,North America,Salishan,236.986,49.3231,100,hunter-gatherer
ice_group,-7.612487188014121,0.01790479757416687,converged,-7.206351531051295,0.12016216534014736,kore1280,converged,0.4061356569628263,3.34298855167963,Korean,Eurasia,Koreanic,126.98,37.54,65236300,other
taste_group,-6.6616898200504995,0.00856555621078967,converged,-6.2092248108171315,0.13526998777375332,plai1258,converged,0.45246500923336797,3.33821728414918,Plains Cree,North America,Algic,249.537,51.2437,34100,hunter-gatherer
rain_group,-6.603067545596872,0.011688275163570797,converged,-5.823826790926774,0.23343810664992973,taku1257,converged,0.7792407546700977,3.3339278387481595,Takuu,Papunesia,Austronesian,157.032085,-4.773094,1750,other
taste_group,-6.6616898200504995,0.00856555621078967,converged,-6.090158358528574,0.17171804380867312,biat1246,converged,0.5715314615219258,3.324180386300269,Biatah Bidayuh,Papunesia,Austronesian,110.254,1.17596,72380,other
rain_group,-6.603067545596872,0.011688275163570797,converged,-6.095086836393631,0.1524371055253492,sida1246,converged,0.5079807092032409,3.3226424462202018,Sidamo,Africa,Afro-Asiatic,38.3729,6.74176,2900000,other
ice_group,-7.612487188014121,0.01790479757416687,converged,-6.466320599676504,0.34463176864085576,sene1264,converged,1.1461665883376178,3.3212923903696083,Seneca,North America,Iroquoian,282.47,42.56,175,other
taste_group,-6.6616898200504995,0.00856555621078967,converged,-5.968351900017122,0.20870036079308818,bard1255,converged,0.6933379200333771,3.3193747183119773,Bardi,Australia,Nyulnyulan,122.906,-16.6274,380,hunter-gatherer
smell_group,-6.4695167475009825,0.009740427525109643,converged,-5.780389680276936,0.20745719847331479,ngal1292,converged,0.6891270672240468,3.3181241956597307,Ngalkbun,Australia,Gunwinyguan,133.936,-13.9783,100,hunter-gatherer
snow_group,-7.416197459846801,0.016251105602529504,converged,-6.323399220379313,0.32976041238415954,arik1262,converged,1.0927982394674878,3.309898904671955,Arikara,North America,Caddoan,260,45,100,other
taste_group,-6.6616898200504995,0.00856555621078967,converged,-6.187359905659056,0.14339937315922385,luok1236,converged,0.47432991439144345,3.301869269305514,Luo,Africa,Nilotic,34.4896,-0.93296,4410000,other
smell_group,-6.4695167475009825,0.009740427525109643,converged,-5.979518566680436,0.14841377073199952,bemb1257,converged,0.4899981808205469,3.2944805904831638,Bemba,Africa,Atlantic-Congo,29.2993,-10.6122,3600000,other
dance_group,-7.253315279651133,0.017805314144472898,converged,-6.191946061938319,0.3218818983999513,tean1237,converged,1.061369217712814,3.2923538173857665,Teanu,Papunesia,Austronesian,166.868,-11.6752,520,other
ice_group,-7.612487188014121,0.01790479757416687,converged,-6.5797146204378825,0.3136329928706948,latv1249,converged,1.032772567576239,3.287580541743565,Latvian,Eurasia,Indo-European,24.309118,56.826108,1398450,other
dance_group,-7.253315279651133,0.017805314144472898,converged,-6.2309045593971035,0.31049370900881895,bell1243,converged,1.0224107202540296,3.287453957313497,Bella Coola,North America,Salishan,233.311,52.3448,100,hunter-gatherer
dance_group,-7.253315279651133,0.017805314144472898,converged,-6.3455682583426665,0.27561628978202735,toab1237,converged,0.9077470213084666,3.2866661721767896,To'abaita,Papunesia,Austronesian,160.619,-8.39233,12600,other
snow_group,-7.416197459846801,0.016251105602529504,converged,-6.849651367954238,0.17172996254111894,slov1269,converged,0.5665460918925627,3.2843787878030275,Slovak,Eurasia,Indo-European,18.78479,48.545705,4701800,other
snow_group,-7.416197459846801,0.016251105602529504,converged,-6.4857660046160355,0.28311476065456387,west2763,converged,0.9304314552307655,3.2810101330583805,Western Neo-Aramaic,Eurasia,Afro-Asiatic,36.484,33.8162,15000,other
rain_group,-6.603067545596872,0.011688275163570797,converged,-5.756780793128199,0.2583731022909864,mart1256,converged,0.8462867524686732,3.2720980622862026,Martu Wangka,Australia,Pama-Nyungan,123.66842240336,-23.350911655789,720,hunter-gatherer
ice_group,-7.612487188014121,0.01790479757416687,converged,-6.606800390686538,0.3069082445533506,aleu1260,converged,1.0056867973275834,3.271270028532554,Aleut,North America,Eskimo-Aleut,185.71,52.1228,490,hunter-gatherer
smell_group,-6.4695167475009825,0.009740427525109643,converged,-5.822627380326534,0.19762098840712228,anda1287,converged,0.6468893671744489,3.26941506135332,Andalusian Arabic,Eurasia,Afro-Asiatic,-5.2,36.54,500000,other
rain_group,-6.603067545596872,0.011688275163570797,converged,-5.820163383892585,0.23942098571308598,nupe1254,converged,0.7829041617042867,3.2661000072465693,Nupe-Nupe-Tako,Africa,Atlantic-Congo,5.40031,9.18404,800000,other
wind_group,-5.9578521923046734,0.008998002000740201,converged,-5.797238925535929,0.04846854309331681,sans1269,converged,0.16061326676874454,3.258094298678759,Sanskrit,Eurasia,Indo-European,77,20,2950,other
rain_group,-6.603067545596872,0.011688275163570797,converged,-6.034919083409375,0.17432025429750378,bemb1257,converged,0.568148462187497,3.2519205478859745,Bemba,Africa,Atlantic-Congo,29.2993,-10.6122,3600000,other
dance_group,-7.253315279651133,0.017805314144472898,converged,-6.723341808226594,0.16205428242725878,tahi1242,converged,0.5299734714245394,3.2507825487598643,Tahitian,Papunesia,Austronesian,210.55,-17.6485,124260,other
smell_group,-6.4695167475009825,0.009740427525109643,converged,-5.730024570014487,0.228009601110164,gaam1241,converged,0.7394921774864951,3.2402948375292504,Gaam,Africa,Eastern Jebel,33.9797,11.4674,67200,other
dance_group,-7.253315279651133,0.017805314144472898,converged,-6.369712923739211,0.27216005082247346,raro1241,converged,0.8836023559119219,3.23970201806802,Southern Cook Island Maori,Papunesia,Austronesian,200.22,-21.23,32300,other
rain_group,-6.603067545596872,0.011688275163570797,converged,-6.277081352031673,0.10041456043260702,soma1255,converged,0.32598619356519887,3.224631849142796,Somali,Africa,Afro-Asiatic,45.152856,4.778704,13742400,other
rain_group,-6.603067545596872,0.011688275163570797,converged,-5.775031103778691,0.25652832674684195,iraq1241,converged,0.8280364418181811,3.2245104499579615,Iraqw,Africa,Afro-Asiatic,35.2939,-4.19948,462000,other
rain_group,-6.603067545596872,0.011688275163570797,converged,-6.397340446342345,0.06273943544023182,stan1318,converged,0.2057270992545268,3.2236075152584776,Standard Arabic,Eurasia,Afro-Asiatic,43.8525,27.9625,273989700,other
rain_group,-6.603067545596872,0.011688275163570797,converged,-5.84848991562912,0.23456442997686766,pint1250,converged,0.754577629967752,3.2129447898838586,Pintupi-Luritja,Australia,Pama-Nyungan,130.643,-23.2963,390,hunter-gatherer
rain_group,-6.603067545596872,0.011688275163570797,converged,-5.81890037434063,0.2437901322912038,nand1266,converged,0.7841671712562421,3.2128760115399486,Nandi,Africa,Nilotic,35.408478,0.793737,938000,other
taste_group,-6.6616898200504995,0.00856555621078967,converged,-5.980763597574091,0.21200850779711133,yana1271,converged,0.6809262224764083,3.2091691281048407,Yana,North America,isolate_yana1271,238.392,39.2769,1500,hunter-gatherer
rain_group,-6.603067545596872,0.011688275163570797,converged,-6.2741376483626,0.10227598777288792,xhos1239,converged,0.32892989723427224,3.1953027735710275,Xhosa,Africa,Atlantic-Congo,28.0769,-31.0389,7808000,other
smell_group,-6.4695167475009825,0.009740427525109643,converged,-6.181059815812252,0.08995962960886199,mala1464,converged,0.28845693168873066,3.1878830618596674,Malayalam,Eurasia,Dravidian,76.7651,9.59208,35400313,other
rain_group,-6.603067545596872,0.011688275163570797,converged,-5.838179483434575,0.2401251750846427,wamp1249,converged,0.7648880621622967,3.181605314766146,Wampanoag,North America,Algic,286.6852,41.705,2756,other
rain_group,-6.603067545596872,0.011688275163570797,converged,-6.031102508715676,0.17981706210233936,east2304,converged,0.5719650368811955,3.1741178241437074,Eastern Balochi,Eurasia,Indo-European,62,28,1800000,other
dance_group,-7.253315279651133,0.017805314144472898,converged,-6.282198131720929,0.30687780217510835,beng1286,converged,0.9711171479302045,3.1591945143856184,Beng,Africa,Mande,-4.23539,7.78122,17000,other
ice_group,-7.612487188014121,0.01790479757416687,converged,-6.645537431312684,0.30570535818118755,ukra1253,converged,0.9669497567014371,3.1576010011816233,Ukrainian,Eurasia,Indo-European,29.945,49.796,31651360,other
ice_group,-7.612487188014121,0.01790479757416687,converged,-6.610507472064617,0.3171264864903867,plau1238,converged,1.0019797159495045,3.1545347818501623,Plautdietsch,North America,Indo-European,250.646132,49.578028,84900,other
snow_group,-7.416197459846801,0.016251105602529504,converged,-6.5373877361708015,0.2784083651119846,jica1244,converged,0.8788097236759995,3.1511854378478112,Jicarilla Apache,North America,Athabaskan-Eyak-Tlingit,252.993,36.8079,680,hunter-gatherer
dance_group,-7.253315279651133,0.017805314144472898,converged,-6.3909721509942665,0.2736126517385266,toke1240,converged,0.8623431286568666,3.1450409976892373,Tokelau,Papunesia,Austronesian,188.219167,-9.227642,3250,hunter-gatherer
dance_group,-7.253315279651133,0.017805314144472898,converged,-6.6682726828549805,0.18520868326272943,tokp1240,converged,0.5850425967961526,3.144332303755614,Tok Pisin,Papunesia,Indo-European,147.303,-9.41971,125630,other
rain_group,-6.603067545596872,0.011688275163570797,converged,-5.863294898259361,0.235046898380081,aros1241,converged,0.739772647337511,3.143456410007669,Arosi,Papunesia,Austronesian,161.432,-10.2441,6750,other
wind_group,-5.9578521923046734,0.008998002000740201,converged,-5.372228383045543,0.18609033368896258,naro1249,converged,0.5856238092591308,3.1433143327650206,Naro,Africa,Khoe-Kwadi,20.7458,-22.0939,14000,hunter-gatherer
ice_group,-7.612487188014121,0.01790479757416687,converged,-6.832772942602276,0.24782363576447805,mikm1235,converged,0.7797142454118458,3.138067122486205,Mi'kmaq,North America,Algic,296,46,9290,hunter-gatherer
dance_group,-7.253315279651133,0.017805314144472898,converged,-6.748237936851766,0.16023287782250356,nucl1417,converged,0.5050773427993667,3.1328625647966866,Igbo,Africa,Atlantic-Congo,7.23441,4.62705,18000000,other
wind_group,-5.9578521923046734,0.008998002000740201,converged,-5.3936164784952,0.18000399656465207,osag1243,converged,0.5642357138094738,3.130664278203872,Osage,North America,Siouan,263.7051,36.7828,100,hunter-gatherer
rain_group,-6.603067545596872,0.011688275163570797,converged,-6.1018581137539485,0.1597205347233292,tzot1259,converged,0.5012094318429234,3.1296711432303512,Tzotzil,North America,Mayan,267.26120000000003,16.6362,4230,other
dance_group,-7.253315279651133,0.017805314144472898,converged,-6.856996260886964,0.12540769637743127,xhos1239,converged,0.396319018764169,3.1288660407354842,Xhosa,Africa,Atlantic-Congo,28.0769,-31.0389,7808000,other
rain_group,-6.603067545596872,0.011688275163570797,converged,-5.890243748595057,0.2275592047041956,tuam1242,converged,0.712823797001815,3.128352285938037,Tuamotuan,Papunesia,Austronesian,213.678245,-16.17259,14400,hunter-gatherer
taste_group,-6.6616898200504995,0.00856555621078967,converged,-6.513205209120299,0.04668552559211458,beng1280,converged,0.1484846109302005,3.1283101806088216,Bengali,Eurasia,Indo-European,90,24,180623600,other
dance_group,-7.253315279651133,0.017805314144472898,converged,-6.327151241076003,0.2958753877278544,tere1278,converged,0.9261640385751297,3.124597696270287,Terei,Papunesia,South Bougainville,155.745,-6.70051,26500,other
rain_group,-6.603067545596872,0.011688275163570797,converged,-5.889501139073646,0.22829466793324393,lepc1244,converged,0.7135664065232259,3.121549126401734,Lepcha,Eurasia,Sino-Tibetan,88.5726,27.0869,52830,other
snow_group,-7.416197459846801,0.016251105602529504,converged,-6.596358451710069,0.26216753453960556,alab1237,converged,0.8198390081367322,3.12116616518044,Alabama,North America,Muskogean,265.37152000000003,30.76738,100,other
snow_group,-7.416197459846801,0.016251105602529504,converged,-6.8341423550969145,0.18581308508076289,slov1268,converged,0.5820551047498865,3.1205643070692357,Slovenian,Eurasia,Indo-European,14.7766,46.2543,1851190,other
wind_group,-5.9578521923046734,0.008998002000740201,converged,-5.335196231221375,0.19952976997581318,orok1267,converged,0.6226559610832982,3.11744855039065,Orokolo,Papunesia,Eleman,145.34,-7.81309,13000,hunter-gatherer
smell_group,-6.4695167475009825,0.009740427525109643,converged,-6.300966104037581,0.05324487718810648,hind1269,converged,0.16855064346340143,3.1138991576141652,Hindi,Eurasia,Indo-European,77,25,180122200,other
snow_group,-7.416197459846801,0.016251105602529504,converged,-6.5526487486532154,0.27736098903210005,koas1236,converged,0.8635487111935856,3.1081163726580283,Koasati,North America,Muskogean,267.291,30.4096,200,other
smell_group,-6.4695167475009825,0.009740427525109643,converged,-5.8682747825305865,0.19323904506062758,tuam1242,converged,0.601241964970396,3.1074444961041565,Tuamotuan,Papunesia,Austronesian,213.678245,-16.17259,14400,hunter-gatherer
rain_group,-6.603067545596872,0.011688275163570797,converged,-6.252183121548042,0.11250444938695366,samo1305,converged,0.3508844240488296,3.102152729594878,Samoan,Papunesia,Austronesian,188.17,-13.92,306840,other
smell_group,-6.4695167475009825,0.009740427525109643,converged,-5.731707332428406,0.23786531418655993,guar1292,converged,0.7378094150725767,3.0991975320378597,Guarayu,South America,Tupian,298.3066,-15.8247,5930,other
rain_group,-6.603067545596872,0.011688275163570797,converged,-5.846544027254947,0.24522251462707353,doro1266,converged,0.7565235183419246,3.0815507538882754,Doromu-Koki,Papunesia,Manubaran,147.986,-9.56687,1500,other
dance_group,-7.253315279651133,0.017805314144472898,converged,-6.358009515750285,0.2900276260944972,mota1237,converged,0.8953057639008479,3.081166260601103,Mota,Papunesia,Austronesian,167.690924,-13.835361,900,other
rain_group,-6.603067545596872,0.011688275163570797,converged,-5.907549728448434,0.22550046284187333,tiko1237,converged,0.6955178171484375,3.0801950084329595,Tikopia,Papunesia,Austronesian,168.822,-12.2766,3320,other
rain_group,-6.603067545596872,0.011688275163570797,converged,-5.831309061792195,0.2503980405210653,paiw1248,converged,0.7717584838046765,3.0787743312401576,Paiwan,Papunesia,Austronesian,120.806,22.3271,66100,other
dance_group,-7.253315279651133,0.017805314144472898,converged,-6.547048625157016,0.22870781183723266,giry1241,converged,0.706266654494117,3.078758099708731,Giryama,Africa,Atlantic-Congo,39.6648,-3.30638,623000,other
rain_group,-6.603067545596872,0.011688275163570797,converged,-6.02130828906703,0.18916432788953697,rovi1238,converged,0.5817592565298417,3.0695633215003153,Roviana,Papunesia,Austronesian,157.408,-8.20493,9870,other
taste_group,-6.6616898200504995,0.00856555621078967,converged,-5.966130199205711,0.2265260908377343,sina1266,converged,0.6955596208447883,3.0683569208347126,Sinaugoro,Papunesia,Austronesian,147.861,-9.79791,18000,other
snow_group,-7.416197459846801,0.016251105602529504,converged,-6.464012226332742,0.3108571895311925,bell1243,converged,0.9521852335140588,3.058918218395279,Bella Coola,North America,Salishan,233.311,52.3448,100,hunter-gatherer
rain_group,-6.603067545596872,0.011688275163570797,converged,-5.833830400303697,0.25176810840956465,kara1483,converged,0.7692371452931752,3.052052681135666,Karamojong,Africa,Nilotic,34.2761,2.45157,260000,other
rain_group,-6.603067545596872,0.011688275163570797,converged,-5.873101677008199,0.2390767483294587,wikm1247,converged,0.729965868588673,3.049627654678384,Wik-Mungkan,Australia,Pama-Nyungan,141.81611,-13.98051,840,hunter-gatherer
rain_group,-6.603067545596872,0.011688275163570797,converged,-5.805237256402062,0.2614296366989906,chim1302,converged,0.7978302891948097,3.048751859000079,Bolivar-North Chimborazo Highland Quichua,South America,Quechuan,281.1479,-1.36727,1000000,other
wind_group,-5.9578521923046734,0.008998002000740201,converged,-5.41275049768105,0.17871033143412307,yaki1237,converged,0.5451016946236233,3.0463379542702906,Northwest Sahaptin,North America,Sahaptian,239.244,46.2655,3000,hunter-gatherer
rain_group,-6.603067545596872,0.011688275163570797,converged,-5.85585628775128,0.2452216563287148,kxoe1243,converged,0.7472112578455921,3.0436297088441324,Kxoe,Africa,Khoe-Kwadi,22.599835,-16.59051,6590,hunter-gatherer
taste_group,-6.6616898200504995,0.00856555621078967,converged,-5.972084279257818,0.22652512483935525,kuku1273,converged,0.6896055407926811,3.042104344139261,Kuku-Yalanji,Australia,Pama-Nyungan,145.188,-16.0036,240,hunter-gatherer
rain_group,-6.603067545596872,0.011688275163570797,converged,-5.9066298115474085,0.22868646093486986,renn1242,converged,0.6964377340494634,3.041412525589421,Rennell-Bellona,Papunesia,Austronesian,160.265,-11.6237,4390,other
rain_group,-6.603067545596872,0.011688275163570797,converged,-5.901488603586842,0.23045177771158548,toho1245,converged,0.7015789420100296,3.040455190848783,Tohono O'odham,North America,Uto-Aztecan,248.005,31.7973,9600,other
rain_group,-6.603067545596872,0.011688275163570797,converged,-5.830635767926507,0.25401337753946157,siee1239,converged,0.7724317776703646,3.0376956386776217,Sie,Papunesia,Austronesian,169.166,-18.8181,1900,other
wind_group,-5.9578521923046734,0.008998002000740201,converged,-5.51650989024958,0.145134453477466,rovi1238,converged,0.4413423020550935,3.0350928532282953,Roviana,Papunesia,Austronesian,157.408,-8.20493,9870,other
dance_group,-7.253315279651133,0.017805314144472898,converged,-6.615197762604963,0.2097297320428824,west2721,converged,0.6381175170461697,3.031664989358344,West Central Oromo,Africa,Afro-Asiatic,36.7365,8.81391,8920000,other
dance_group,-7.253315279651133,0.017805314144472898,converged,-6.298272005609812,0.3145805756248461,kumb1268,converged,0.95504327404132106,3.031074501397667,Kumbainggar,Australia,Pama-Nyungan,152.913,-29.8189,100,hunter-gatherer
wind_group,-5.9578521923046734,0.008998002000740201,converged,-5.526160732337321,0.14231781262627854,nung1290,converged,0.43169145996735203,3.0272473719732376,Wubuy,Australia,Gunwinyguan,135.753,-14.2623,360,hunter-gatherer
smell_group,-6.4695167475009825,0.009740427525109643,converged,-5.851703718117932,0.20389864266395483,rotu1241,converged,0.6178130293830506,3.0265492789434236,Rotuman,Papunesia,Austronesian,177.066,-12.5008,9000,other
rain_group,-6.603067545596872,0.011688275163570797,converged,-5.784023888837131,0.27041404414444303,adny1235,converged,0.8190436567597406,3.0260248782581014,Adnyamathanha,Australia,Pama-Nyungan,138.671,-30.1451,130,hunter-gatherer
snow_group,-7.416197459846801,0.016251105602529504,converged,-6.613251751104063,0.2652358007801885,latv1249,converged,0.8029457087427376,3.02162371103259,Latvian,Eurasia,Indo-European,24.309118,56.826108,1398450,other
snow_group,-7.416197459846801,0.016251105602529504,converged,-6.514546269871876,0.2980824161308393,atak1252,converged,0.9016511899749249,3.0203531998471678,Atakapa,North America,isolate_atak1252,266.9173,30.9121,1700,other
rain_group,-6.603067545596872,0.011688275163570797,converged,-5.852286260181113,0.24850531912003576,sout2832,converged,0.7507812854157585,3.0178517485346465,Southwestern Dinka,Africa,Nilotic,28.0613,8.81115,450000,other
smell_group,-6.4695167475009825,0.009740427525109643,converged,-5.8327710235560675,0.2109644246112769,mudb1240,converged,0.636745723944915,3.0150491718904315,Mudburra,Australia,Pama-Nyungan,132.329,-16.7694,130,hunter-gatherer
rain_group,-6.603067545596872,0.011688275163570797,converged,-5.910780161401708,0.23013320274707924,tuwa1243,converged,0.692287384195164,3.00433057083658,Tuwali Ifugao,Papunesia,Austronesian,121.113,16.6646,30000,other
ice_group,-7.612487188014121,0.01790479757416687,converged,-7.247481374493217,0.12041805965850276,nucl1235,converged,0.365005813520904,2.9981937647304164,Eastern Armenian,Eurasia,Indo-European,45,40,4684400,other
rain_group,-6.603067545596872,0.011688275163570797,converged,-6.0770136129673045,0.17533292088512437,yaoo1241,converged,0.5260539326295675,2.9936700993622996,Yao,Africa,Atlantic-Congo,35.2387,-13.6119,1916000,other
dance_group,-7.253315279651133,0.017805314144472898,converged,-6.377230406548327,0.2927547163076888,mung1266,converged,0.8760848731028057,2.9870364515120453,Mungaka,Africa,Atlantic-Congo,10.0294,5.89752,50100,other
rain_group,-6.603067545596872,0.011688275163570797,converged,-5.9216614769137985,0.2286857651335433,raro1241,converged,0.6814060686830734,2.9757767854432626,Southern Cook Island Maori,Papunesia,Austronesian,200.22,-21.23,32300,other
taste_group,-6.6616898200504995,0.00856555621078967,converged,-6.545274623204506,0.03824393168377849,ital1282,converged,0.11641519684599366,2.970425915844221,Italian,Eurasia,Indo-European,12.6489,43.0464,57191010,other
snow_group,-7.416197459846801,0.016251105602529504,converged,-6.988219834359887,0.14322904742417486,roma1327,converged,0.4279776254869141,2.969014458652468,Romanian,Eurasia,Indo-European,24.2256,46.3913,22610000,other
wind_group,-5.9578521923046734,0.008998002000740201,converged,-5.38511601935175,0.19289011463810735,huaa1248,converged,0.572736172952923,2.9660101198771023,East Taa,Africa,Tuu,20.79583,-24.20022,4200,hunter-gatherer
wind_group,-5.9578521923046734,0.008998002000740201,converged,-5.426014682780159,0.1795110755206771,ralu1237,converged,0.5318375095245145,2.9589853325277957,Raluana,Papunesia,Austronesian,152.114,-4.30986,61000,other
smell_group,-6.4695167475009825,0.009740427525109643,converged,-5.873247860603484,0.20182731312437768,chip1241,converged,0.5962688868974988,2.950917249885411,Chippewa,North America,Algic,265.7262,47.347,5000,hunter-gatherer
dance_group,-7.253315279651133,0.017805314144472898,converged,-6.400720702461167,0.2883872084434684,pohn1238,converged,0.8525945771899659,2.950804193563875,Pohnpeian,Papunesia,Austronesian,158.223,6.87212,29000,other
snow_group,-7.416197459846801,0.016251105602529504,converged,-6.786606164375421,0.21283962777330037,chey1247,converged,0.6295912954713803,2.9494698031380104,Cheyenne,North America,Algic,253.341,45.5321,1720,hunter-gatherer
rain_group,-6.603067545596872,0.011688275163570797,converged,-5.88823738013804,0.24246482781953999,kamb1297,converged,0.7148301654588316,2.9447612945364665,Kamba,Africa,Atlantic-Congo,37.9532,-1.60827,3960000,other
dance_group,-7.253315279651133,0.017805314144472898,converged,-6.605924012692488,0.22015632077608277,vend1245,converged,0.6473912669586452,2.931027993435631,Venda,Africa,Atlantic-Congo,29.9523,-22.188,1064000,other
smell_group,-6.4695167475009825,0.009740427525109643,converged,-6.16044684718428,0.10505635259722175,sout2807,converged,0.3090699003167021,2.9293799774087685,Southern Sotho,Africa,Atlantic-Congo,27.89,-28.78,6010000,other
rain_group,-6.603067545596872,0.011688275163570797,converged,-5.901623929493647,0.23941474002762175,lamb1271,converged,0.7014436161032247,2.9263410966809924,Lamba,Africa,Atlantic-Congo,27.9026,-12.3366,219000,other
snow_group,-7.416197459846801,0.016251105602529504,converged,-6.628978636338314,0.2689641550866901,plau1238,converged,0.7872188235084874,2.9215260784156905,Plautdietsch,North America,Indo-European,250.646132,49.578028,84900,other
rain_group,-6.603067545596872,0.011688275163570797,converged,-5.948525494769002,0.22382212034098603,yaka1277,converged,0.6545420508278701,2.920405646525346,Yakan,Papunesia,Austronesian,122.021729,6.531023,106000,other
ice_group,-7.612487188014121,0.01790479757416687,converged,-6.592806463160935,0.34890004135595265,nezp1238,converged,1.0196807248531865,2.918717612502943,Nez Perce,North America,Sahaptian,243.592,46.3073,200,hunter-gatherer
rain_group,-6.603067545596872,0.011688275163570797,converged,-6.268213074674495,0.11434282549651059,nava1243,converged,0.33485447092237663,2.913331738252941,Navajo,North America,Athabaskan-Eyak-Tlingit,250.62,36.33,149000,other
dance_group,-7.253315279651133,0.017805314144472898,converged,-6.332698058133543,0.3168370052429616,gari1256,converged,0.9206172215175901,2.9010719534098866,Garifuna,North America,Arawakan,273.09090000000003,15.3529,130800,other
wind_group,-5.9578521923046734,0.008998002000740201,converged,-5.451461867458364,0.1744108674831338,carr1249,converged,0.5063903248463095,2.8995771113241324,Central Carrier,North America,Athabaskan-Eyak-Tlingit,235.672,54.3768,2060,hunter-gatherer
dance_group,-7.253315279651133,0.017805314144472898,converged,-6.849792916253653,0.13810249514739106,samo1305,converged,0.4035223633974798,2.897918888360644,Samoan,Papunesia,Austronesian,188.17,-13.92,306840,other
rain_group,-6.603067545596872,0.011688275163570797,converged,-6.110579640346745,0.1696153032354392,pala1344,converged,0.492487905250127,2.896688659487499,Palauan,Papunesia,Austronesian,134.476678,7.34138,14800,other
rain_group,-6.603067545596872,0.011688275163570797,converged,-5.877751814907667,0.25106651711702116,nung1283,converged,0.7253157306892053,2.885812964200599,Nung,Eurasia,Tai-Kadai,104.286,20.8965,856000,other
rain_group,-6.603067545596872,0.011688275163570797,converged,-5.898783464674746,0.24378311120159682,angg1239,converged,0.7042840809221262,2.8856633274620083,Angguruk Yali,Papunesia,Nuclear Trans New Guinea,139.457,-4.0836,15000,other
smell_group,-6.4695167475009825,0.009740427525109643,converged,-5.8847955990123815,0.20297269264858114,aros1241,converged,0.584721148488601,2.8774758588698877,Arosi,Papunesia,Austronesian,161.432,-10.2441,6750,other
rain_group,-6.603067545596872,0.011688275163570797,converged,-5.927308631505291,0.23504285023833887,ralu1237,converged,0.6757589140915812,2.8714973349247668,Raluana,Papunesia,Austronesian,152.114,-4.30986,61000,other
taste_group,-6.6616898200504995,0.00856555621078967,converged,-6.115123568029888,0.19029558775744668,nort2671,converged,0.5465662520206118,2.869290920522901,North Saami,Eurasia,Uralic,22.1113,68.725,20700,other
dance_group,-7.253315279651133,0.017805314144472898,converged,-6.6610149131401135,0.2057632619448882,chuu1238,converged,0.5923003665110196,2.867835474065439,Chuukese,Papunesia,Austronesian,151.598607,7.346993,45900,other
dance_group,-7.253315279651133,0.017805314144472898,converged,-6.37657400121415,0.30686885992558904,maha1287,converged,0.8767412784369828,2.8522580258698484,Mahasu Pahari,Eurasia,Indo-European,77.5317,31.0088,1000000,other
taste_group,-6.6616898200504995,0.00856555621078967,converged,-6.246283620205125,0.14555977282286586,gand1255,converged,0.41540619984537486,2.8489246611490486,Ganda,Africa,Atlantic-Congo,32.15153,0.66884,4130000,other
rain_group,-6.603067545596872,0.011688275163570797,converged,-6.07807115965228,0.18413348943953403,cent2050,converged,0.5249963859445916,2.845445852415534,Central Kanuri,Africa,Saharan,13.13,11.8,3240500,other
wind_group,-5.9578521923046734,0.008998002000740201,converged,-5.419591300635099,0.18895473053387704,west2452,converged,0.5382608916695748,2.845399168545606,Western Temne,Africa,Atlantic-Congo,-12.3331,8.90294,240000,other
wind_group,-5.9578521923046734,0.008998002000740201,converged,-5.384246100860161,0.2016274264908915,kati1270,converged,0.5736060914445122,2.842052632756704,Katë,Eurasia,Indo-European,70.9826,35.4145,19400,other
rain_group,-6.603067545596872,0.011688275163570797,converged,-5.897765490156829,0.24791054790517664,casi1235,converged,0.7053020554400433,2.8418293382735262,Casiguran-Nagtipunan Agta,Papunesia,Austronesian,121.878,16.2176,610,hunter-gatherer
dance_group,-7.253315279651133,0.017805314144472898,converged,-6.393822088630093,0.3021860490733224,tivv1240,converged,0.8594931910210404,2.839327254294033,Tiv,Africa,Atlantic-Congo,9.26287,6.88039,2210000,other
smell_group,-6.4695167475009825,0.009740427525109643,converged,-5.92921007275341,0.19021621980750242,yabe1254,converged,0.5403066747475727,2.8367700569964844,Yabem,Papunesia,Austronesian,147.81,-6.67052,2080,other
smell_group,-6.4695167475009825,0.009740427525109643,converged,-5.860122389894077,0.2147014635414794,geez1241,converged,0.6093943576069059,2.8354170878226013,Geez,Africa,Afro-Asiatic,40.6821,10.1342,5150000,other
wind_group,-5.9578521923046734,0.008998002000740201,converged,-5.387658863908496,0.20107929427643026,mele1250,converged,0.5701933283961775,2.832829208561157,Mele-Fila,Papunesia,Austronesian,168.275,-17.6841,3500,other
wind_group,-5.9578521923046734,0.008998002000740201,converged,-5.561682789346923,0.13975813652509111,sgaw1245,converged,0.39616940295775027,2.828821778460393,S'gaw Karen,Eurasia,Sino-Tibetan,97.7126,17.9872,1480000,other
dance_group,-7.253315279651133,0.017805314144472898,converged,-6.348904494604616,0.31925817179593374,cahu1264,converged,0.9044107850465171,2.8284554667910715,Cahuilla,North America,Uto-Aztecan,243.309,33.5324,100,hunter-gatherer
rain_group,-6.603067545596872,0.011688275163570797,converged,-5.914710924171646,0.24378177710104443,saba1279,converged,0.6883566214252257,2.8204191433010233,Sabaic,Eurasia,Afro-Asiatic,45.35,15.42,2590000,other
smell_group,-6.4695167475009825,0.009740427525109643,converged,-5.88544976769461,0.20744764127935636,wikm1247,converged,0.5840669798063729,2.812392602303151,Wik-Mungkan,Australia,Pama-Nyungan,141.81611,-13.98051,840,hunter-gatherer
dance_group,-7.253315279651133,0.017805314144472898,converged,-6.8626615741897865,0.13784187694082653,sinh1246,converged,0.3906537054613466,2.8107192884314447,Sinhala,Eurasia,Indo-European,81,8,15500000,other
smell_group,-6.4695167475009825,0.009740427525109643,converged,-5.92361335645214,0.19450524069777717,masb1238,converged,0.5459033910488422,2.8031129895413884,Masbatenyo,Papunesia,Austronesian,123.63579,12.21453,350000,other
dance_group,-7.253315279651133,0.017805314144472898,converged,-6.433695651273575,0.2927508887129956,boko1267,converged,0.8196196283775583,2.794552985855908,Bokobaru,Africa,Mande,3.80058,9.52724,30000,other
dance_group,-7.253315279651133,0.017805314144472898,converged,-6.661543748974433,0.21367057332830316,luok1236,converged,0.5917715306767004,2.759984817094951,Luo,Africa,Nilotic,34.4896,-0.93296,4410000,other
snow_group,-7.416197459846801,0.016251105602529504,converged,-6.4613547372825675,0.34620478185639775,mesk1242,converged,0.9548427225642335,2.7549951421620396,Meskwaki,North America,Algic,271,44,250,hunter-gatherer
rain_group,-6.603067545596872,0.011688275163570797,converged,-5.9108236398122465,0.25106313464815744,lauu1247,converged,0.6922439057846255,2.754267154241192,Lau,Papunesia,Austronesian,160.872,-8.51018,16900,other
taste_group,-6.6616898200504995,0.00856555621078967,converged,-6.037677341801746,0.22651485479990474,bell1243,converged,0.62401247824875306,2.7528737863942303,Bella Coola,North America,Salishan,233.311,52.3448,100,hunter-gatherer
dance_group,-7.253315279651133,0.017805314144472898,converged,-6.431203055608827,0.2982045346309588,caro1242,converged,0.8221122240423062,2.75197249691378,Carolinian,Papunesia,Austronesian,145.765,15.205,3000,other
rain_group,-6.603067545596872,0.011688275163570797,converged,-5.886134643949159,0.2603547037483207,twee1234,converged,0.7169329016477128,2.750906796550717,Tweed-Albert,Australia,Pama-Nyungan,153.286993,-28.028726,210,other
snow_group,-7.416197459846801,0.016251105602529504,converged,-6.533142503438075,0.32118377689444416,unam1242,converged,0.883054956408726,2.745863355220912,Unami,North America,Algic,285.7,40.4,16000,other
snow_group,-7.416197459846801,0.016251105602529504,converged,-6.680820559572338,0.26763271179874987,thao1240,converged,0.7353769002744635,2.7426577301278594,Thao,Papunesia,Austronesian,120.93,23.8333,100,other
dance_group,-7.253315279651133,0.017805314144472898,converged,-6.509247765973546,0.2711093720198384,niue1239,converged,0.744067513677587,2.738629009628471,Niuean,Papunesia,Austronesian,190.14,-19.06,7950,other
wind_group,-5.9578521923046734,0.008998002000740201,converged,-5.400656613107043,0.20336004645813524,mart1256,converged,0.5571955791976304,2.7372680082448713,Martu Wangka,Australia,Pama-Nyungan,123.66842240336,-23.350911655789,720,hunter-gatherer
ice_group,-7.612487188014121,0.01790479757416687,converged,-6.608429155027851,0.3665779770922481,chim1302,converged,1.0040580329862703,2.7357412898301745,Bolivar-North Chimborazo Highland Quichua,South America,Quechuan,281.1479,-1.36727,1000000,other
dance_group,-7.253315279651133,0.017805314144472898,converged,-6.403510328853802,0.3104761946764474,male1292,converged,0.8498049507973313,2.732611926058832,Malecite-Passamaquoddy,North America,Algic,292.59195,45.494475,2060,hunter-gatherer
taste_group,-6.6616898200504995,0.00856555621078967,converged,-6.1270753278826415,0.19577584942684711,koas1236,converged,0.534614492167858,2.7281380264880846,Koasati,North America,Muskogean,267.291,30.4096,200,other
smell_group,-6.4695167475009825,0.009740427525109643,converged,-5.899429987680562,0.20911466212671773,nuer1246,converged,0.5700867598204207,2.7232395753880962,Nuer,Africa,Nilotic,32.3829,8.13911,804900,other
rain_group,-6.603067545596872,0.011688275163570797,converged,-6.270890792594836,0.12167639167620277,sout2807,converged,0.3321767530020363,2.717492514335016,Southern Sotho,Africa,Atlantic-Congo,27.89,-28.78,6010000,other
dance_group,-7.253315279651133,0.017805314144472898,converged,-6.646969325223725,0.22242178502282023,warl1254,converged,0.6063459544274084,2.7174155222590834,Warlpiri,Australia,Pama-Nyungan,131.05,-20.1008,2670,hunter-gatherer
rain_group,-6.603067545596872,0.011688275163570797,converged,-5.877835297622415,0.26752014739414476,arta1239,converged,0.7252322479744571,2.708360619167455,Arta,Papunesia,Austronesian,121.656,16.4185,100,hunter-gatherer
dance_group,-7.253315279651133,0.017805314144472898,converged,-7.012963998255776,0.08701292076423806,taga1270,converged,0.24035128139535722,2.7061717073570866,Tagalog,Papunesia,Austronesian,121.747,14.06,21500000,other
dance_group,-7.253315279651133,0.017805314144472898,converged,-6.394589065443713,0.3168304542704214,twee1234,converged,0.8587262142074197,2.7060952428021405,Tweed-Albert,Australia,Pama-Nyungan,153.286993,-28.028726,210,other
wind_group,-5.9578521923046734,0.008998002000740201,converged,-5.682473952022546,0.10154526787510558,dako1258,converged,0.27537824028212743,2.701292289927903,Dakota,North America,Siouan,263.42,45.86,19280,hunter-gatherer
rain_group,-6.603067545596872,0.011688275163570797,converged,-5.914118256860118,0.2548084357316468,maha1287,converged,0.6889492887367537,2.700953004266275,Mahasu Pahari,Eurasia,Indo-European,77.5317,31.0088,1000000,other
taste_group,-6.6616898200504995,0.00856555621078967,converged,-6.056091864765486,0.2247491924689341,west2618,converged,0.6055979552850133,2.692595301289168,Western Canadian Inuktitut,North America,Eskimo-Aleut,263.852,64.3486,4000,hunter-gatherer
rain_group,-6.603067545596872,0.011688275163570797,converged,-5.9272564277942745,0.25106149508916653,pulu1242,converged,0.6758111178025974,2.6889026801756954,Puluwatese,Papunesia,Austronesian,149.2005,7.35695,1360,other
wind_group,-5.9578521923046734,0.008998002000740201,converged,-5.686650291779579,0.10070770356648957,swed1254,converged,0.2712019005250941,2.6822757877786225,Swedish,Eurasia,Indo-European,17.389526,59.800634,8236000,other
wind_group,-5.9578521923046734,0.008998002000740201,converged,-5.432507195680754,0.19589090538541454,kwam1252,converged,0.5253449966239199,2.678999599903944,Kwamera,Papunesia,Austronesian,169.442,-19.5954,3500,other
ice_group,-7.612487188014121,0.01790479757416687,converged,-6.711121873509053,0.3361014175084764,wamp1249,converged,0.9013653145050684,2.6780280832770935,Wampanoag,North America,Algic,286.6852,41.705,2756,other
smell_group,-6.4695167475009825,0.009740427525109643,converged,-5.881878885203468,0.21928394942415871,wole1240,converged,0.5876378622975142,2.6771635369701885,Woleaian,Papunesia,Austronesian,143.916,7.37957,1630,other
taste_group,-6.6616898200504995,0.00856555621078967,converged,-6.331610155004181,0.12302378765831276,sind1272,converged,0.3300796650463189,2.676575887969299,Sindhi,Eurasia,Indo-European,69,26,21315000,other
wind_group,-5.9578521923046734,0.008998002000740201,converged,-5.450953091914438,0.18921935474658005,yank1247,converged,0.5068991003902354,2.6758728883700664,Yankunytjatjara,Australia,Pama-Nyungan,133.577,-26.4064,100,hunter-gatherer
dance_group,-7.253315279651133,0.017805314144472898,converged,-6.339794552722571,0.3427973410506255,suau1242,converged,0.9135207269285619,2.6613127229199645,Suau,Papunesia,Austronesian,150.21,-10.6606,6800,other
dance_group,-7.253315279651133,0.017805314144472898,converged,-6.361832905605854,0.33457807880779616,zuni1245,converged,0.8914823740452791,2.660732230405807,Zuni,North America,isolate_zuni1245,251.218,35.0056,9650,other
wind_group,-5.9578521923046734,0.008998002000740201,converged,-5.4146794700140655,0.2039692382285395,cahu1264,converged,0.543172722290608,2.6604254925859,Cahuilla,North America,Uto-Aztecan,243.309,33.5324,100,hunter-gatherer
dance_group,-7.253315279651133,0.017805314144472898,converged,-6.4894669600575305,0.28686998474109426,gulf1241,converged,0.7638483195936026,2.6575845532920206,Gulf Arabic,Eurasia,Afro-Asiatic,47.5,30.17,2339000,other
rain_group,-6.603067545596872,0.011688275163570797,converged,-6.090309210571978,0.1931523974898504,esse1265,converged,0.5127583350248939,2.649835518162343,Essex,Eurasia,Indo-European,-1,53,1832751,other
taste_group,-6.6616898200504995,0.00856555621078967,converged,-6.571890635060171,0.03285066067225175,stan1288,converged,0.08979918499032813,2.6451201125069947,Spanish,Eurasia,Indo-European,-1.11788,40.4414,327355040,other
dance_group,-7.253315279651133,0.017805314144472898,converged,-6.67731540355723,0.21708741459747857,yaoo1241,converged,0.5759998760939027,2.6444286686982363,Yao,Africa,Atlantic-Congo,35.2387,-13.6119,1916000,other
wind_group,-5.9578521923046734,0.008998002000740201,converged,-5.461018072191793,0.18792505639511156,toar1246,converged,0.4968341201128803,2.6407632556219607,Toaripi,Papunesia,Eleman,146.206,-8.07231,23000,hunter-gatherer
dance_group,-7.253315279651133,0.017805314144472898,converged,-6.644953999606765,0.23063313834041985,nung1290,converged,0.6083612800443685,2.6299619896658135,Wubuy,Australia,Gunwinyguan,135.753,-14.2623,360,hunter-gatherer
taste_group,-6.6616898200504995,0.00856555621078967,converged,-6.442603576788767,0.08287963150072639,cebu1242,converged,0.21908624326173243,2.62942160637599,Cebuano,Papunesia,Austronesian,124.367,8.38799,15800000,other
smell_group,-6.4695167475009825,0.009740427525109643,converged,-5.970258069340701,0.1901205762922732,mamb1296,converged,0.4992586781602819,2.622571136117709,Mambwe-Lungu,Africa,Atlantic-Congo,31.2269,-8.86817,674000,other
wind_group,-5.9578521923046734,0.008998002000740201,converged,-5.602902512135345,0.13522937798717952,kach1280,converged,0.3549496801693284,2.6190057997807856,Southern Jinghpaw,Eurasia,Sino-Tibetan,97.3278,25.4634,940000,other
rain_group,-6.603067545596872,0.011688275163570797,converged,-5.985175281885013,0.2358025757633909,bara1370,converged,0.6178922637118589,2.6171664131720562,Baram Kayan,Papunesia,Austronesian,114.482,3.51211,4150,other
rain_group,-6.603067545596872,0.011688275163570797,converged,-6.4175461994302,0.06996799583914491,tami1289,converged,0.18552134616667182,2.6152769886658573,Tamil,Eurasia,Dravidian,78.825989,10.520219,65296000,other
taste_group,-6.6616898200504995,0.00856555621078967,converged,-6.514043365699388,0.055805461686586094,wels1247,converged,0.14764645435111134,2.615109424659494,Welsh,Eurasia,Indo-European,-4,52,508000,other
taste_group,-6.6616898200504995,0.00856555621078967,converged,-6.089976209779952,0.21846256031191705,nort2961,converged,0.5717136102705478,2.6149774558781385,Northwestern Ojibwa,North America,Algic,272.2138,51.6192,20000,hunter-gatherer
dance_group,-7.253315279651133,0.017805314144472898,converged,-6.387348019753913,0.3309913010653007,ncan1245,converged,0.8659672598972197,2.6125067601272645,Ncane-Mungong,Africa,Atlantic-Congo,10.5312,6.50696,15500,other
rain_group,-6.603067545596872,0.011688275163570797,converged,-5.990115908066075,0.23455584745197053,mans1262,converged,0.6129516375307968,2.6100053516213544,Mansaka,Papunesia,Austronesian,126.181,6.79221,57800,other
smell_group,-6.4695167475009825,0.009740427525109643,converged,-6.307928009565923,0.06133245165318933,west2369,converged,0.1615887379350598,2.60202734395408,Western Farsi,Eurasia,Indo-European,53.3,32.9,22472000,other
rain_group,-6.603067545596872,0.011688275163570797,converged,-6.017978697077107,0.22540681377007576,biat1246,converged,0.5850888485197645,2.592218988727556,Biatah Bidayuh,Papunesia,Austronesian,110.254,1.17596,72380,other
rain_group,-6.603067545596872,0.011688275163570797,converged,-6.018240545396837,0.2260582849332126,jude1267,converged,0.5848270002000353,2.5836117138401344,Judeo-Yemeni Arabic,Eurasia,Afro-Asiatic,45,15,37680,other
dance_group,-7.253315279651133,0.017805314144472898,converged,-6.823555911591503,0.16546875218121734,dako1258,converged,0.42975936805962967,2.582316555422777,Dakota,North America,Siouan,263.42,45.86,19280,hunter-gatherer
ice_group,-7.612487188014121,0.01790479757416687,converged,-6.674446444434266,0.3629598003955876,wyan1247,converged,0.9380407435798555,2.581281688678249,Huron-Wyandot,North America,Iroquoian,282.5,44.33,11226,other
wind_group,-5.9578521923046734,0.008998002000740201,converged,-5.830438561432916,0.048607881017380256,stan1306,converged,0.12741363087175728,2.5774652804995104,Standard Malay,Eurasia,Austronesian,101.699,3.08896,33200000,other
rain_group,-6.603067545596872,0.011688275163570797,converged,-6.112630038122652,0.19019003762105927,hmon1264,converged,0.49043750747422,2.5738150311726304,Hmong Njua,Eurasia,Hmong-Mien,101.95,22.5638,210000,other
dance_group,-7.253315279651133,0.017805314144472898,converged,-7.00741666885887,0.09401807296395492,indo1316,converged,0.24589861079226338,2.569762874011985,Standard Indonesian,Papunesia,Austronesian,109.716,-7.33458,43666200,other
dance_group,-7.253315279651133,0.017805314144472898,converged,-6.425777009713736,0.32185394326635836,nort2943,converged,0.8275382699373974,2.5672354724363164,North Alaskan Inupiatun,North America,Eskimo-Aleut,216.23,69.582,6420,hunter-gatherer
snow_group,-7.416197459846801,0.016251105602529504,converged,-7.047197645651925,0.1428685559341441,czec1258,converged,0.3689998141948756,2.566243713470045,Czech,Eurasia,Indo-European,15.10437,49.873398,9282000,other
dance_group,-7.253315279651133,0.017805314144472898,converged,-6.487292811221238,0.2982005161856421,gung1250,converged,0.7660224684298953,2.5642497583856465,Gungu,Africa,Atlantic-Congo,31.4819,2.06754,49000,other
dance_group,-7.253315279651133,0.017805314144472898,converged,-6.4834446411721665,0.3007831590873008,chek1238,converged,0.7698706384789666,2.555080792556581,Cheke Holo,Papunesia,Austronesian,159.625,-8.27055,10800,other
taste_group,-6.6616898200504995,0.00856555621078967,converged,-6.313639812490947,0.13597280850527863,wara1300,converged,0.34805000755955273,2.554639214653406,Waray,Papunesia,Austronesian,125.012,11.4911,2570000,other
wind_group,-5.9578521923046734,0.008998002000740201,converged,-5.47263302691059,0.1897687527274337,cent1990,converged,0.48521916539408316,2.554027634898558,Central Nicobarese,Eurasia,Austroasiatic,93.3921,7.94812,10100,other
smell_group,-6.4695167475009825,0.009740427525109643,converged,-5.907994000046302,0.2200221012499589,pulu1242,converged,0.5615227474546804,2.5496225189745862,Puluwatese,Papunesia,Austronesian,149.2005,7.35695,1360,other
smell_group,-6.4695167475009825,0.009740427525109643,converged,-5.885113433255843,0.22904720551926086,araw1276,converged,0.5844033142451392,2.549149626382184,Lokono,South America,Arawakan,303.0757,5.64295,2450,other
rain_group,-6.603067545596872,0.011688275163570797,converged,-5.922474329979301,0.26751391878195196,lena1238,converged,0.6805932156175709,2.5417164007533053,Lenakel,Papunesia,Austronesian,169.261,-19.4763,11500,other
dance_group,-7.253315279651133,0.017805314144472898,converged,-6.484631675852848,0.3021789155822524,doro1266,converged,0.7686836037982854,2.53939841957834,Doromu-Koki,Papunesia,Manubaran,147.986,-9.56687,1500,other
smell_group,-6.4695167475009825,0.009740427525109643,converged,-5.9585035255467025,0.20101930779846486,mans1262,converged,0.51101322195428,2.539131074829375,Mansaka,Papunesia,Austronesian,126.181,6.79221,57800,other
ice_group,-7.612487188014121,0.01790479757416687,converged,-6.651635186996017,0.3798129526541158,midl1243,converged,0.9608520010181048,2.5269968497048656,Midland American English,Eurasia,Indo-European,-1,53,60783913,other
rain_group,-6.603067545596872,0.011688275163570797,converged,-5.945462074072409,0.2603475033046965,urip1240,converged,0.6576054715244632,2.5233341756052625,Uripiv,Papunesia,Austronesian,167.34643,-16.00951,351,other
smell_group,-6.4695167475009825,0.009740427525109643,converged,-6.156795530117968,0.1236295846468781,shon1251,converged,0.3127212173830145,2.5216870018254958,Shona,Africa,Atlantic-Congo,29.75725,-17.20849,10741200,other
smell_group,-6.4695167475009825,0.009740427525109643,converged,-6.315996808095989,0.060433241624703496,poli1260,converged,0.1535199394049931,2.5079558922933667,Polish,Eurasia,Indo-European,18.6255,51.8439,37794600,other
dance_group,-7.253315279651133,0.017805314144472898,converged,-6.7213152176533795,0.21151582644675654,kate1253,converged,0.5320000619977536,2.5063140656581995,Kâte,Papunesia,Nuclear Trans New Guinea,147.757,-6.4795,6130,other
rain_group,-6.603067545596872,0.011688275163570797,converged,-5.999098524048383,0.24085448001034182,ibib1240,converged,0.6039690215484885,2.5046621547508043,Ibibio,Africa,Atlantic-Congo,7.86688,5.15279,6259000,other
wind_group,-5.9578521923046734,0.008998002000740201,converged,-5.535332223443277,0.16878231437280972,cent2131,converged,0.42251996886139676,2.4997928645933696,Central Tarahumara,North America,Uto-Aztecan,252.846,27.5648,55000,other
wind_group,-5.9578521923046734,0.008998002000740201,converged,-5.524348760912624,0.17333119537189412,niue1239,converged,0.43350343139204917,2.4976490211417657,Niuean,Papunesia,Austronesian,190.14,-19.06,7950,other
dance_group,-7.253315279651133,0.017805314144472898,converged,-6.543690721965525,0.28480454354002394,sanj1284,converged,0.7096245576856077,2.4867645434254615,Western Tlacolula Valley Zapotec,North America,Otomanguean,263.4033,17.0332,28000,other
wind_group,-5.9578521923046734,0.008998002000740201,converged,-5.479740868371481,0.19220415699414647,naka1262,converged,0.47811132393319244,2.484796740077244,Nakanai,Papunesia,Austronesian,150.888,-5.59931,13000,other
smell_group,-6.4695167475009825,0.009740427525109643,converged,-5.959998674485181,0.20487411061299624,pint1250,converged,0.5095180730158013,2.484175248426246,Pintupi-Luritja,Australia,Pama-Nyungan,130.643,-23.2963,390,hunter-gatherer
dance_group,-7.253315279651133,0.017805314144472898,converged,-6.520128448467072,0.29477473639559176,nuer1246,converged,0.733186831184061,2.482753303076461,Nuer,Africa,Nilotic,32.3829,8.13911,804900,other
dance_group,-7.253315279651133,0.017805314144472898,converged,-6.401521035996198,0.34278865531500974,bafa1249,converged,0.8517942436549353,2.481550857125,Bafanji,Africa,Atlantic-Congo,10.4518,5.84612,17000,other
snow_group,-7.416197459846801,0.016251105602529504,converged,-7.016269551044921,0.16069048013217924,finn1318,converged,0.3999279088018799,2.476178163503324,Finnish,Eurasia,Uralic,25.5577,64.7628,4739460,other
snow_group,-7.416197459846801,0.016251105602529504,converged,-6.874733750345974,0.2183437410090868,cree1270,converged,0.5414637095008272,2.47302781798717,Creek,North America,Muskogean,272.5,31,4300,other
snow_group,-7.416197459846801,0.016251105602529504,converged,-6.559375187809763,0.3461905245345492,phal1254,converged,0.8568222720370384,2.472279615129972,Palula,Eurasia,Indo-European,71.8421,35.5096,10000,other
dance_group,-7.253315279651133,0.017805314144472898,converged,-6.516280886867185,0.29819852604923996,braz1246,converged,0.737034392783948,2.4672289781356715,Brazilian Portuguese,Eurasia,Indo-European,-8.1,39.91,227062512,other
rain_group,-6.603067545596872,0.011688275163570797,converged,-6.047882490482291,0.22489035907928764,romb1245,converged,0.5551850551145812,2.4653646155963727,Romblomanon,Papunesia,Austronesian,122.56,12.4047,200000,other
rain_group,-6.603067545596872,0.011688275163570797,converged,-6.0531122605164995,0.22410786678680944,mamp1244,converged,0.5499552850803724,2.450645065132686,Mampruli,Africa,Atlantic-Congo,-0.74675,10.3884,220000,other
dance_group,-7.253315279651133,0.017805314144472898,converged,-6.486704398218881,0.31244887140871547,mexi1248,converged,0.7666108814322525,2.4495820370717514,Mexican Spanish,Eurasia,Indo-European,-1.11788,40.4414,120000000,other
rain_group,-6.603067545596872,0.011688275163570797,converged,-5.983787779631532,0.2532217277755987,ndau1241,converged,0.6192797659653397,2.4430016710756277,Ndau,Africa,Atlantic-Congo,33.1739,-20.1239,2380000,other
rain_group,-6.603067545596872,0.011688275163570797,converged,-6.154637223926848,0.18349220448009698,vend1245,converged,0.44843032167002406,2.438922756020299,Venda,Africa,Atlantic-Congo,29.9523,-22.188,1064000,other
dance_group,-7.253315279651133,0.017805314144472898,converged,-6.436836876810785,0.33456862881467486,xara1244,converged,0.8164784028403478,2.4369428412527583,Xârâcùù,Papunesia,Austronesian,165.996,-21.7034,3780,other
ice_group,-7.612487188014121,0.01790479757416687,converged,-7.18953843065838,0.1729529617835871,sout2807,converged,0.42294875735574156,2.432455554269758,Southern Sotho,Africa,Atlantic-Congo,27.89,-28.78,6010000,other
rain_group,-6.603067545596872,0.011688275163570797,converged,-5.958557544094513,0.26489899750844104,oksa1245,converged,0.6445100015023586,2.4306755739045967,Oksapmin,Papunesia,Nuclear Trans New Guinea,142.177,-5.20797,8000,other
ice_group,-7.612487188014121,0.01790479757416687,converged,-6.700128067588272,0.37493048347083213,unam1242,converged,0.9123591204258492,2.430638749754338,Unami,North America,Algic,285.7,40.4,16000,other
snow_group,-7.416197459846801,0.016251105602529504,converged,-6.624849199283763,0.3252502176338296,cahu1264,converged,0.791348260563038,2.4300131562209297,Cahuilla,North America,Uto-Aztecan,243.309,33.5324,100,hunter-gatherer
dance_group,-7.253315279651133,0.017805314144472898,converged,-6.419778998004837,0.3427861872056119,neng1238,converged,0.8335362816462961,2.4283769733403835,Nengone,Papunesia,Austronesian,167.964,-21.5305,6500,other
dance_group,-7.253315279651133,0.017805314144472898,converged,-6.421339044552732,0.34278597839995834,gbar1246,converged,0.8319762350984012,2.423833495358579,Gbari,Africa,Atlantic-Congo,7.10757,8.46411,350000,other
ice_group,-7.612487188014121,0.01790479757416687,converged,-6.7445531421123786,0.35965490272069617,nort2961,converged,0.8679340459017428,2.4102563367703285,Northwestern Ojibwa,North America,Algic,272.2138,51.6192,20000,hunter-gatherer
dance_group,-7.253315279651133,0.017805314144472898,converged,-6.524032996121112,0.3036493714675725,kxoe1243,converged,0.7292822835300212,2.397606579441121,Kxoe,Africa,Khoe-Kwadi,22.599835,-16.59051,6590,hunter-gatherer
taste_group,-6.6616898200504995,0.00856555621078967,converged,-6.206267893895143,0.18981373230202805,west2630,converged,0.45542192615535626,2.396870472592456,Western Abenaki,North America,Algic,287.3489,46.1381,100,hunter-gatherer
ice_group,-7.612487188014121,0.01790479757416687,converged,-7.158821951616613,0.18866096754363204,nucl1417,converged,0.45366523639750866,2.3939020609834483,Igbo,Africa,Atlantic-Congo,7.23441,4.62705,18000000,other
smell_group,-6.4695167475009825,0.009740427525109643,converged,-5.945797569860386,0.21855946189702832,nyan1307,converged,0.5237191776405963,2.3938558799497334,Nyankole,Africa,Atlantic-Congo,30.548,-0.46364,2330000,other
smell_group,-6.4695167475009825,0.009740427525109643,converged,-5.945062173203801,0.2192769559999012,temi1246,converged,0.5244545742971818,2.3893888473693714,Temiar,Eurasia,Austroasiatic,101.438,4.974,25725,other
smell_group,-6.4695167475009825,0.009740427525109643,converged,-6.218360663299028,0.10471122545998322,czec1258,converged,0.2511560842019547,2.38824873582601,Czech,Eurasia,Indo-European,15.10437,49.873398,9282000,other
smell_group,-6.4695167475009825,0.009740427525109643,converged,-5.904771166136215,0.23640988426729478,hida1246,converged,0.5647455813647673,2.386815797384114,Hidatsa,North America,Siouan,258,47.33,100,other
ice_group,-7.612487188014121,0.01790479757416687,converged,-7.383448256422194,0.09440409145095342,stan1306,converged,0.22903893159192723,2.38366166315851,Standard Malay,Eurasia,Austronesian,101.699,3.08896,33200000,other
dance_group,-7.253315279651133,0.017805314144472898,converged,-6.455418342135254,0.3345663951459363,esan1238,converged,0.7978969375158789,2.381498601947145,Esan,Africa,Atlantic-Congo,6.33917,6.25685,200000,other
dance_group,-7.253315279651133,0.017805314144472898,converged,-6.572818824448805,0.2854652965828843,klam1254,converged,0.680496455202328,2.379191503619589,Klamath-Modoc,North America,isolate_klam1254,238.296,42.5861,100,hunter-gatherer
taste_group,-6.6616898200504995,0.00856555621078967,converged,-6.328920474856615,0.13988514702409754,chuu1238,converged,0.3327693451938849,2.37442823336051,Chuukese,Papunesia,Austronesian,151.598607,7.346993,45900,other
wind_group,-5.9578521923046734,0.008998002000740201,converged,-5.510216397773324,0.1884228297614525,ngal1292,converged,0.44763579453134916,2.372994055592762,Ngalkbun,Australia,Gunwinyguan,133.936,-13.9783,100,hunter-gatherer
wind_group,-5.9578521923046734,0.008998002000740201,converged,-5.549950556225366,0.17212612641804412,aona1235,converged,0.4079016360793073,2.366552012588027,Ao Naga,Eurasia,Sino-Tibetan,94.3824,26.3241,232000,other
rain_group,-6.603067545596872,0.011688275163570797,converged,-6.025983335810736,0.2437730265001977,yoga1237,converged,0.5770842097861362,2.364584858723333,Yogad,Papunesia,Austronesian,121.718,16.7015,16000,other
dance_group,-7.253315279651133,0.017805314144472898,converged,-6.765581901206054,0.20554299255619793,wara1300,converged,0.48773337844507925,2.364048646372817,Waray,Papunesia,Austronesian,125.012,11.4911,2570000,other
snow_group,-7.416197459846801,0.016251105602529504,converged,-6.5970031143753065,0.3461854119347804,medi1245,converged,0.8191943454714945,2.363742623819238,Media Lengua,South America,mixedlanguage_medi1245,281.4608,-1.04518,1000,other
rain_group,-6.603067545596872,0.011688275163570797,converged,-5.960854091177556,0.27194102071636833,cayu1262,converged,0.6422134544193163,2.3594126175115746,Cayubaba,South America,isolate_cayu1262,294.51779999999997,-13.2482,1246,other
rain_group,-6.603067545596872,0.011688275163570797,converged,-6.009018339594033,0.25247176770761887,paam1238,converged,0.5940492060028388,2.3504157767813068,Paama,Papunesia,Austronesian,168.23693,-16.47548,6000,other
smell_group,-6.4695167475009825,0.009740427525109643,converged,-6.237517014232111,0.09840663074800751,samo1305,converged,0.23199973326887147,2.346097279716453,Samoan,Papunesia,Austronesian,188.17,-13.92,306840,other
smell_group,-6.4695167475009825,0.009740427525109643,converged,-5.9435360542373035,0.22412270165028078,mang1401,converged,0.525980693263679,2.3446293376858653,Mangareva,Papunesia,Austronesian,225.03,-23.1095,1600,hunter-gatherer
wind_group,-5.9578521923046734,0.008998002000740201,converged,-5.523029366395267,0.1856516052566729,misi1242,converged,0.43482282590940624,2.3393980898468443,Mising-Padam-Miri-Minyong,Eurasia,Sino-Tibetan,94.69,27.418,571000,other
smell_group,-6.4695167475009825,0.009740427525109643,converged,-6.075353334448476,0.16838591808176517,tson1249,converged,0.3941634130525067,2.336927008806235,Tsonga,Africa,Atlantic-Congo,31.8105,-23.5754,3650000,other
wind_group,-5.9578521923046734,0.008998002000740201,converged,-5.501620096837715,0.1950787084678675,lauu1247,converged,0.45623209546695875,2.336223937423925,Lau,Papunesia,Austronesian,160.872,-8.51018,16900,other
dance_group,-7.253315279651133,0.017805314144472898,converged,-6.453372495618487,0.3427817620608989,tiri1258,converged,0.7999427840326465,2.330537601735032,Tiri-Mea,Papunesia,Austronesian,165.792,-21.8147,260,other
wind_group,-5.9578521923046734,0.008998002000740201,converged,-5.476137606902914,0.20659113143080915,kapi1249,converged,0.48171458540175927,2.329520745915098,Kapingamarangi,Papunesia,Austronesian,154.797223,1.039166,3000,other
dance_group,-7.253315279651133,0.017805314144472898,converged,-6.586029398718166,0.28615166989787827,buli1254,converged,0.6672858809329671,2.3274295058551266,Buli,Africa,Atlantic-Congo,-1.26748,10.5763,150000,other
dance_group,-7.253315279651133,0.017805314144472898,converged,-6.496879081650814,0.3246531286584688,iraq1241,converged,0.7564361980003191,2.326486510450342,Iraqw,Africa,Afro-Asiatic,35.2939,-4.19948,462000,other
rain_group,-6.603067545596872,0.011688275163570797,converged,-5.953355212288522,0.2790777615618835,haaa1252,converged,0.6497123333083499,2.326030039838212,Ha,Africa,Atlantic-Congo,30.4894,-3.77873,990000,other
smell_group,-6.4695167475009825,0.009740427525109643,converged,-5.989208413147782,0.20628854395694757,lozi1239,converged,0.4803083343532002,2.3257413965339064,Lozi,Africa,Atlantic-Congo,24.7398,-17.7052,694000,other
taste_group,-6.6616898200504995,0.00856555621078967,converged,-6.231039969635054,0.18525600778281423,kuru1301,converged,0.43064985041544546,2.3221393532610275,Kurukh,Eurasia,Dravidian,86.46568,24.46442,2090000,other
dance_group,-7.253315279651133,0.017805314144472898,converged,-6.5133837093758515,0.3192413545474629,ayiw1239,converged,0.7399315702752816,2.3141844803671563,Äiwoo,Papunesia,Austronesian,166.328715,-10.282595,8400,other
ice_group,-7.612487188014121,0.01790479757416687,converged,-6.814003502108172,0.34460691555472645,uppe1395,converged,0.798483685905949,2.3139642738323114,Upper Sorbian,Eurasia,Indo-European,14.4098,51.2403,18000,other
snow_group,-7.416197459846801,0.016251105602529504,converged,-6.758408661076687,0.28442165764625676,oldc1244,converged,0.6577887987701141,2.3089580851596003,Old Chinese,Eurasia,Sino-Tibetan,114.32,36.12,57671400,other
smell_group,-6.4695167475009825,0.009740427525109643,converged,-5.960073830514838,0.2207822011819766,cent2087,converged,0.5094429169861447,2.3052032806504332,Coastal-Naga Bikol,Papunesia,Austronesian,123.403,13.7574,2500000,other
snow_group,-7.416197459846801,0.016251105602529504,converged,-6.741641118223514,0.2922017969272997,wamp1249,converged,0.6745563416232869,2.3049670224953505,Wampanoag,North America,Algic,286.6852,41.705,2756,other
rain_group,-6.603067545596872,0.011688275163570797,converged,-6.168098334622358,0.1884797959630183,mara1382,converged,0.434969210974514,2.3033516181893856,Mara Chin,Eurasia,Sino-Tibetan,93.0387,22.1138,42000,other
dance_group,-7.253315279651133,0.017805314144472898,converged,-6.828368205380316,0.18363477919703272,tswa1253,converged,0.42494707427081746,2.3032865394370012,Tswana,Africa,Atlantic-Congo,24.7587,-24.368,4521700,other
snow_group,-7.416197459846801,0.016251105602529504,converged,-6.633527002513026,0.3401011077715621,devo1240,converged,0.7826704573337748,2.298664891559552,Devon,Eurasia,Indo-European,-1,53,1194166,other
rain_group,-6.603067545596872,0.011688275163570797,converged,-6.069224825064067,0.2322058008453509,toke1240,converged,0.5338427205328049,2.2960998524217358,Tokelau,Papunesia,Austronesian,188.219167,-9.227642,3250,hunter-gatherer
ice_group,-7.612487188014121,0.01790479757416687,converged,-7.1531979816337685,0.1992384673572491,bulg1262,converged,0.45928920638035287,2.2959711406992453,Bulgarian,Eurasia,Indo-European,25.047,43.3646,8775000,other
rain_group,-6.603067545596872,0.011688275163570797,converged,-6.1829268607904435,0.18284181341083344,here1253,converged,0.4201406848064284,2.2931563080134927,Herero,Africa,Atlantic-Congo,20.5655,-21.0231,237000,other
ice_group,-7.612487188014121,0.01790479757416687,converged,-6.853769778645406,0.33088229268976843,uppe1439,converged,0.7587174093687157,2.2896632560575845,Upper Chehalis,North America,Salishan,236.831,46.7981,691,hunter-gatherer
rain_group,-6.603067545596872,0.011688275163570797,converged,-6.013800670643107,0.25740305524257473,yaqu1251,converged,0.5892668749537648,2.2869204073371723,Yaqui,North America,Uto-Aztecan,249.319,29.9446,14620,other
ice_group,-7.612487188014121,0.01790479757416687,converged,-6.781501274079403,0.3629508319830902,hava1248,converged,0.8309859139347182,2.28674672369977,Havasupai-Walapai-Yavapai,North America,Cochimi-Yuman,246.615,35.6302,2690,other
taste_group,-6.6616898200504995,0.00856555621078967,converged,-6.481701338174288,0.07826507667969432,nucl1301,converged,0.17998848187621164,2.286078912771693,Turkish,Eurasia,Turkic,32.8667,39.8667,47644500,other
wind_group,-5.9578521923046734,0.008998002000740201,converged,-5.46406281514449,0.2158275649163654,adny1235,converged,0.49378937716018356,2.2859026591276037,Adnyamathanha,Australia,Pama-Nyungan,138.671,-30.1451,130,hunter-gatherer
dance_group,-7.253315279651133,0.017805314144472898,converged,-6.571966244964741,0.29819486113717125,nupe1254,converged,0.6813490346863924,2.28084969472541,Nupe-Nupe-Tako,Africa,Atlantic-Congo,5.40031,9.18404,800000,other
smell_group,-6.4695167475009825,0.009740427525109643,converged,-6.08392588832323,0.1692464235281136,giry1241,converged,0.3855908591777526,2.2745169757556867,Giryama,Africa,Atlantic-Congo,39.6648,-3.30638,623000,other
taste_group,-6.6616898200504995,0.00856555621078967,converged,-6.154505655710342,0.22305537529828265,male1292,converged,0.5071841643401571,2.2721291515062756,Malecite-Passamaquoddy,North America,Algic,292.59195,45.494475,2060,hunter-gatherer
wind_group,-5.9578521923046734,0.008998002000740201,converged,-5.65551397567442,0.1327990377094694,kate1253,converged,0.30233821663025306,2.2714516078341727,Kâte,Papunesia,Nuclear Trans New Guinea,147.757,-6.4795,6130,other
dance_group,-7.253315279651133,0.017805314144472898,converged,-6.574901028671482,0.29819467358731166,diri1252,converged,0.6784142509796514,2.2710267839644573,Diriku-Shambyu,Africa,Atlantic-Congo,20.6678,-18.1681,36200,other
ice_group,-7.612487188014121,0.01790479757416687,converged,-6.787590247245172,0.3629503501631867,hoch1243,converged,0.8248969407689497,2.26999380266653,Ho-Chunk,North America,Siouan,271.5,43.5,100,hunter-gatherer
taste_group,-6.6616898200504995,0.00856555621078967,converged,-6.421183705083212,0.10582361289648909,shan1277,converged,0.24050611496728713,2.265298936980102,Shan,Eurasia,Tai-Kadai,98.0342,21.5995,3295000,other
rain_group,-6.603067545596872,0.011688275163570797,converged,-6.180797906576447,0.1861663933597049,sgaw1245,converged,0.422269639020425,2.2637804036937133,S'gaw Karen,Eurasia,Sino-Tibetan,97.7126,17.9872,1480000,other
smell_group,-6.4695167475009825,0.009740427525109643,converged,-5.98642002307652,0.21354550659946694,mota1237,converged,0.4830967244244624,2.2599162349576996,Mota,Papunesia,Austronesian,167.690924,-13.835361,900,other
wind_group,-5.9578521923046734,0.008998002000740201,converged,-5.799242120927518,0.06977806371827021,zulu1248,converged,0.15861007137715522,2.2543985476309887,Zulu,Africa,Atlantic-Congo,30.2,-28.9,10231000,other
rain_group,-6.603067545596872,0.011688275163570797,converged,-6.414240915966815,0.0833892494292736,mara1378,converged,0.18882662963005714,2.2424790956624734,Marathi,Eurasia,Indo-European,76.6665,17.9344,68000000,other
snow_group,-7.416197459846801,0.016251105602529504,converged,-6.695253031739091,0.3211666151038334,west2354,converged,0.7209444281077104,2.241899424330998,Western Frisian,Eurasia,Indo-European,5.86091,53.143,467000,other
dance_group,-7.253315279651133,0.017805314144472898,converged,-6.5691157518193055,0.3052036720973274,kwai1243,converged,0.6841995278318276,2.2379749439470067,Kwaio,Papunesia,Austronesian,160.965,-8.93744,13200,other
smell_group,-6.4695167475009825,0.009740427525109643,converged,-6.140043300934059,0.14691614327742175,plai1258,converged,0.3294734465669231,2.237682686910245,Plains Cree,North America,Algic,249.537,51.2437,34100,hunter-gatherer
rain_group,-6.603067545596872,0.011688275163570797,converged,-6.041031109533075,0.25105085296293705,kwai1243,converged,0.5620364360637966,2.2363130226301307,Kwaio,Papunesia,Austronesian,160.965,-8.93744,13200,other
rain_group,-6.603067545596872,0.011688275163570797,converged,-6.050982838972408,0.24677105989211873,mota1237,converged,0.5520847066244636,2.234729086076403,Mota,Papunesia,Austronesian,167.690924,-13.835361,900,other
dance_group,-7.253315279651133,0.017805314144472898,converged,-6.487334394688456,0.34277743690511214,wara1303,converged,0.7659808849626772,2.231621754170892,Warao,South America,isolate_wara1303,300.6472,7.50851,33100,hunter-gatherer
smell_group,-6.4695167475009825,0.009740427525109643,converged,-6.302104417213147,0.07440478484193878,dutc1256,converged,0.16741233028783586,2.2309851815737916,Dutch,Eurasia,Indo-European,5,52,21220000,other
dance_group,-7.253315279651133,0.017805314144472898,converged,-6.534611694383797,0.32184299931480004,urip1240,converged,0.7187035852673365,2.2296780149251094,Uripiv,Papunesia,Austronesian,167.34643,-16.00951,351,other
wind_group,-5.9578521923046734,0.008998002000740201,converged,-5.464068207166503,0.22139190048493304,nugu1241,converged,0.4937839851381707,2.228521738386024,Nugunu,Australia,Pama-Nyungan,133.908,-31.9899,100,hunter-gatherer
wind_group,-5.9578521923046734,0.008998002000740201,converged,-5.667566883786634,0.13055425562944845,pala1344,converged,0.29028530851803946,2.218221841313207,Palauan,Papunesia,Austronesian,134.476678,7.34138,14800,other
snow_group,-7.416197459846801,0.016251105602529504,converged,-6.719625069298136,0.31399910716023033,nezp1238,converged,0.6965723905486652,2.2154245756485205,Nez Perce,North America,Sahaptian,243.592,46.3073,200,hunter-gatherer
dance_group,-7.253315279651133,0.017805314144472898,converged,-6.561745284981481,0.31244250474413177,east2387,converged,0.6915699946696519,2.209845810367571,East Limba,Africa,Atlantic-Congo,-11.7496,9.71107,4600,other
smell_group,-6.4695167475009825,0.009740427525109643,converged,-6.021759803778569,0.20266782797105626,nuuc1236,converged,0.44775694372241315,2.206767169347125,Nuu-chah-nulth,North America,Wakashan,233.33,49.67,7680,hunter-gatherer
snow_group,-7.416197459846801,0.016251105602529504,converged,-6.687874085146931,0.3297136255320425,utes1238,converged,0.7283233746998699,2.2062791673085203,Ute-Southern Paiute,North America,Uto-Aztecan,249.695,40.0965,1980,hunter-gatherer
snow_group,-7.416197459846801,0.016251105602529504,converged,-7.2115720464739566,0.09132126861605135,iris1253,converged,0.20462541337284446,2.2060615923560434,Irish,Eurasia,Indo-European,-7.61509,53.2186,260000,other
wind_group,-5.9578521923046734,0.008998002000740201,converged,-5.486063855576323,0.21387563914633795,futu1245,converged,0.4717883367283502,2.2039506835502123,Futuna-Aniwa,Papunesia,Austronesian,170.215,-19.5303,1500,other
rain_group,-6.603067545596872,0.011688275163570797,converged,-6.019069925093551,0.26489159556899583,sele1250,converged,0.5839976205033208,2.2025233692518036,Selepet,Papunesia,Nuclear Trans New Guinea,147.234,-6.03532,7000,other
wind_group,-5.9578521923046734,0.008998002000740201,converged,-5.482096217288074,0.2158238899816752,tonk1249,converged,0.4757559750165994,2.2024579395064108,Tonkawa,North America,isolate_tonk1249,263.25,30.25,1900,hunter-gatherer
rain_group,-6.603067545596872,0.011688275163570797,converged,-6.03976705691301,0.25563055313914534,kuan1247,converged,0.5633004886838622,2.201272811379496,Kuanyama,Africa,Atlantic-Congo,16.58,-17.7176,668000,other
smell_group,-6.4695167475009825,0.009740427525109643,converged,-6.038718001318762,0.19611845705725492,kala1397,converged,0.43079874618222025,2.193920983159719,Kalam,Papunesia,Nuclear Trans New Guinea,144.585,-5.25216,15000,other
wind_group,-5.9578521923046734,0.008998002000740201,converged,-5.509472985125807,0.20458272373707884,west2618,converged,0.44837920717886615,2.1895600314938517,Western Canadian Inuktitut,North America,Eskimo-Aleut,263.852,64.3486,4000,hunter-gatherer
taste_group,-6.6616898200504995,0.00856555621078967,converged,-6.517879926127942,0.06529564272320697,mara1378,converged,0.14380989392255739,2.1837332001533767,Marathi,Eurasia,Indo-European,76.6665,17.9344,68000000,other
dance_group,-7.253315279651133,0.017805314144472898,converged,-6.61061033777374,0.2947692827141629,bang1354,converged,0.6427049418773931,2.1763991995347403,Bobangi,Africa,Atlantic-Congo,17.227,-0.87437,111300,other
taste_group,-6.6616898200504995,0.00856555621078967,converged,-6.242979070439761,0.19230841110641908,sanj1284,converged,0.41871074961073873,2.175131233247982,Western Tlacolula Valley Zapotec,North America,Otomanguean,263.4033,17.0332,28000,other
wind_group,-5.9578521923046734,0.008998002000740201,converged,-5.503504777660868,0.2087814393378392,lena1238,converged,0.4543474146438058,2.1741685835145064,Lenakel,Papunesia,Austronesian,169.261,-19.4763,11500,other
rain_group,-6.603067545596872,0.011688275163570797,converged,-6.113411133441449,0.22522774119841427,hakk1236,converged,0.48965641215542277,2.1711285853234377,Hakka Chinese,Eurasia,Sino-Tibetan,116,25,28070000,other
wind_group,-5.9578521923046734,0.008998002000740201,converged,-5.537327738461385,0.19430713493447255,paam1238,converged,0.4205244538432886,2.1619086831112573,Paama,Papunesia,Austronesian,168.23693,-16.47548,6000,other
taste_group,-6.6616898200504995,0.00856555621078967,converged,-6.1756663332672765,0.22473276821664748,misk1235,converged,0.48602348678322294,2.1611038287554054,Mískito,North America,Misumalpan,275.7058,15.1576,183000,hunter-gatherer
smell_group,-6.4695167475009825,0.009740427525109643,converged,-6.003940562161478,0.21528418248946432,squa1248,converged,0.4655761853395042,2.1604020221165885,Squamish,North America,Salishan,236.986,49.3231,100,hunter-gatherer
rain_group,-6.603067545596872,0.011688275163570797,converged,-6.109259082354992,0.2286779065084534,niue1239,converged,0.49380846324188,2.156590902471994,Niuean,Papunesia,Austronesian,190.14,-19.06,7950,other
rain_group,-6.603067545596872,0.011688275163570797,converged,-6.097626888143204,0.23455009720583114,yiry1245,converged,0.5054406574536676,2.1522661848940685,Yir-Yoront,Australia,Pama-Nyungan,141.767,-15.1117,100,hunter-gatherer
ice_group,-7.612487188014121,0.01790479757416687,converged,-7.129543293334376,0.22376218071943982,slov1268,converged,0.4829438946797451,2.151414494849481,Slovenian,Eurasia,Indo-European,14.7766,46.2543,1851190,other
rain_group,-6.603067545596872,0.011688275163570797,converged,-6.0612724994932,0.25174564937968064,besi1244,converged,0.5417950461036716,2.1498366760574634,Besisi,Eurasia,Austroasiatic,101.676,2.717,2990,other
wind_group,-5.9578521923046734,0.008998002000740201,converged,-5.550723476977746,0.1894816798682909,east2542,converged,0.4071287153269276,2.1462256462247677,Eastern Ojibwa,North America,Algic,280.2497,45.0112,25900,hunter-gatherer
dance_group,-7.253315279651133,0.017805314144472898,converged,-6.669612018493377,0.2730006467296132,jude1267,converged,0.5837032611577557,2.1335690996535686,Judeo-Yemeni Arabic,Eurasia,Afro-Asiatic,45,15,37680,other
dance_group,-7.253315279651133,0.017805314144472898,converged,-6.59420061166636,0.3086007427734439,nyan1307,converged,0.659114667984773,2.1322707085539196,Nyankole,Africa,Atlantic-Congo,30.548,-0.46364,2330000,other
smell_group,-6.4695167475009825,0.009740427525109643,converged,-6.051233877277563,0.19611783010736006,khot1251,converged,0.41828287022341915,2.1301884010418317,Khotanese,Eurasia,Indo-European,79.04,38.33,83000,other
ice_group,-7.612487188014121,0.01790479757416687,converged,-6.803262973082478,0.3797977302873917,mart1256,converged,0.8092242149316435,2.128307812436688,Martu Wangka,Australia,Pama-Nyungan,123.66842240336,-23.350911655789,720,hunter-gatherer
dance_group,-7.253315279651133,0.017805314144472898,converged,-6.609122003068837,0.30217013145234256,agus1235,converged,0.6441932765822962,2.1281978314845134,Agusan Manobo,Papunesia,Austronesian,125.742,8.62731,60000,other
snow_group,-7.416197459846801,0.016251105602529504,converged,-7.056442659969352,0.16840074493844828,bulg1262,converged,0.3597547998774493,2.1264232377108288,Bulgarian,Eurasia,Indo-European,25.047,43.3646,8775000,other
dance_group,-7.253315279651133,0.017805314144472898,converged,-6.775321613938367,0.22412000982756564,shil1265,converged,0.47799366571276636,2.1260588105288774,Shilluk,Africa,Nilotic,31.7926,9.85472,175000,other
snow_group,-7.416197459846801,0.016251105602529504,converged,-7.192161908200394,0.10428329891258592,nepa1254,converged,0.22403555164640743,2.122715517358916,Nepali,Eurasia,Indo-European,85,28,16903270,other
dance_group,-7.253315279651133,0.017805314144472898,converged,-6.589091040066465,0.31244030085594665,ndau1241,converged,0.6642242395846685,2.1224799869493247,Ndau,Africa,Atlantic-Congo,33.1739,-20.1239,2380000,other
wind_group,-5.9578521923046734,0.008998002000740201,converged,-5.697254271502487,0.12265421180797732,tzot1259,converged,0.26059792080218624,2.118961039810625,Tzotzil,North America,Mayan,267.26120000000003,16.6362,4230,other
rain_group,-6.603067545596872,0.011688275163570797,converged,-6.020044061384056,0.27530036112931494,yand1253,converged,0.5830234842128164,2.115866200404332,Yandruwandha,Australia,Pama-Nyungan,140.583,-28.4744,2000,hunter-gatherer
rain_group,-6.603067545596872,0.011688275163570797,converged,-6.072504620980647,0.25104811653294157,sora1254,converged,0.5305629246162251,2.111104559179099,Sora,Eurasia,Austroasiatic,84.19,19.1213,310000,other
snow_group,-7.416197459846801,0.016251105602529504,converged,-7.027547994943597,0.1835541375138538,esto1258,converged,0.38864946490320396,2.10910599349998,Estonian,Eurasia,Uralic,25.82,58.55,1148690,other
smell_group,-6.4695167475009825,0.009740427525109643,converged,-6.141835468261144,0.1551103225773411,bali1278,converged,0.3276812792398385,2.1084160201871787,Balinese,Papunesia,Austronesian,115.075,-8.35714,3330000,other
wind_group,-5.9578521923046734,0.008998002000740201,converged,-5.575243091343089,0.1814755184078471,kali1308,converged,0.3826091009615844,2.10573670084294,Kalispel-Pend d'Oreille,North America,Salishan,245.81,47.5825,100,hunter-gatherer
wind_group,-5.9578521923046734,0.008998002000740201,converged,-5.532726554456411,0.20216619127164262,ayiw1239,converged,0.4251256378482626,2.100772546996659,Äiwoo,Papunesia,Austronesian,166.328715,-10.282595,8400,other
taste_group,-6.6616898200504995,0.00856555621078967,converged,-6.257434921331278,0.19230737025902184,kali1308,converged,0.4042548987192216,2.1000468867099222,Kalispel-Pend d'Oreille,North America,Salishan,245.81,47.5825,100,hunter-gatherer
rain_group,-6.603067545596872,0.011688275163570797,converged,-6.193190641350375,0.19535846887941727,pula1263,converged,0.4098769042464969,2.094330844230459,Pulaar,Africa,Atlantic-Congo,-13.4482,13.8694,3691000,other
taste_group,-6.6616898200504995,0.00856555621078967,converged,-6.242978597117593,0.19985989720999528,ibib1240,converged,0.41871122293290686,2.0931022938346975,Ibibio,Africa,Atlantic-Congo,7.86688,5.15279,6259000,other
wind_group,-5.9578521923046734,0.008998002000740201,converged,-5.654945200925447,0.1444517125552746,yuca1254,converged,0.30290699137922683,2.092886479055307,Yucatec Maya,North America,Mayan,271.0433,18.7757,706000,other
smell_group,-6.4695167475009825,0.009740427525109643,converged,-6.063014410843414,0.19405752214861247,niue1239,converged,0.4065023366575682,2.0921179923026916,Niuean,Papunesia,Austronesian,190.14,-19.06,7950,other
snow_group,-7.416197459846801,0.016251105602529504,converged,-6.751231557621321,0.3174284066866511,yana1271,converged,0.6649659022254797,2.0921131986788604,Yana,North America,isolate_yana1271,238.392,39.2769,1500,hunter-gatherer
rain_group,-6.603067545596872,0.011688275163570797,converged,-6.123158109000484,0.229815853361927,bada1257,converged,0.47990943659638763,2.085539129054484,Badaga,Eurasia,Dravidian,76.5974,11.3094,245000,other
taste_group,-6.6616898200504995,0.00856555621078967,converged,-6.443797536906443,0.10415177258730673,sout2807,converged,0.21789228314405662,2.0850257924034215,Southern Sotho,Africa,Atlantic-Congo,27.89,-28.78,6010000,other
dance_group,-7.253315279651133,0.017805314144472898,converged,-6.528055452782931,0.34751374982965266,haaa1252,converged,0.7252598268682018,2.0842620959061153,Ha,Africa,Atlantic-Congo,30.4894,-3.77873,990000,other
dance_group,-7.253315279651133,0.017805314144472898,converged,-6.563796637566773,0.3309714558063572,zigu1244,converged,0.6895186420843604,2.0803093798517884,Zigula-Mushungulu,Africa,Atlantic-Congo,38.41138,-5.61864,355000,other
smell_group,-6.4695167475009825,0.009740427525109643,converged,-6.002851144377488,0.22411592178299394,ndau1241,converged,0.46666560312349414,2.0802871961228804,Ndau,Africa,Atlantic-Congo,33.1739,-20.1239,2380000,other
ice_group,-7.612487188014121,0.01790479757416687,converged,-6.957670930580777,0.3145371009614026,loui1240,converged,0.6548162574333443,2.078476282172576,Louisiana Creole French,North America,Indo-European,269.2525,30.0412,70000,other
taste_group,-6.6616898200504995,0.00856555621078967,converged,-6.236357427980356,0.20478651320797123,cent2292,converged,0.4253323920701435,2.0751406823136165,Central Bontoc,Papunesia,Austronesian,120.92,17.08,19600,other
ice_group,-7.612487188014121,0.01790479757416687,converged,-6.93753033389761,0.32482077909449547,yama1264,converged,0.6749568541165116,2.0747865255411666,Yámana,South America,isolate_yama1264,291.7352,-55.2748,100,hunter-gatherer
dance_group,-7.253315279651133,0.017805314144472898,converged,-6.780541342305165,0.22721447447327298,tuva1244,converged,0.47277393734596806,2.074379183265767,Tuvalu,Papunesia,Austronesian,179.198088,-8.520813,12580,hunter-gatherer
dance_group,-7.253315279651133,0.017805314144472898,converged,-6.6935699148907934,0.2696999668923427,mamp1244,converged,0.5597453647603396,2.0709291065104836,Mampruli,Africa,Atlantic-Congo,-0.74675,10.3884,220000,other
rain_group,-6.603067545596872,0.011688275163570797,converged,-6.1096626691757185,0.23872906849106074,sanj1284,converged,0.4934048764211534,2.0643257422561443,Western Tlacolula Valley Zapotec,North America,Otomanguean,263.4033,17.0332,28000,other
rain_group,-6.603067545596872,0.011688275163570797,converged,-6.06207262838999,0.2625093854857966,tele1256,converged,0.5409949172068815,2.058819548531108,Telefol,Papunesia,Nuclear Trans New Guinea,141.731,-5.07444,5400,other
dance_group,-7.253315279651133,0.017805314144472898,converged,-7.03435985781402,0.10500080637398156,swah1253,converged,0.21895542183711303,2.055924116763743,Swahili,Africa,Atlantic-Congo,37.624,-8.25605,675000,other
smell_group,-6.4695167475009825,0.009740427525109643,converged,-6.026124653493873,0.21589686286850357,kamb1297,converged,0.4433920940071099,2.05163484809094,Kamba,Africa,Atlantic-Congo,37.9532,-1.60827,3960000,other
dance_group,-7.253315279651133,0.017805314144472898,converged,-6.713135553100712,0.26298886923091697,bata1298,converged,0.5401797265504209,2.0493108068156265,Batad Ifugao,Papunesia,Austronesian,121.23,16.8266,43000,other
wind_group,-5.9578521923046734,0.008998002000740201,converged,-5.557289343384792,0.1954683717818533,west2615,converged,0.4005628489198818,2.047078584665304,Western Apache,North America,Athabaskan-Eyak-Tlingit,249.877,33.8574,12700,hunter-gatherer
rain_group,-6.603067545596872,0.011688275163570797,converged,-6.101701011135668,0.2452016600339734,rend1243,converged,0.5013665344612042,2.0423919272810354,Rendille,Africa,Afro-Asiatic,37.3608,2.27065,34700,other
taste_group,-6.6616898200504995,0.00856555621078967,converged,-6.227475376024238,0.21316969252526227,gwer1238,converged,0.43421444402626186,2.035300259101538,Gwere,Africa,Atlantic-Congo,33.8227,1.11392,409000,other
wind_group,-5.9578521923046734,0.008998002000740201,converged,-5.524557396371173,0.21294578527453895,bugh1239,converged,0.4332947959335005,2.032951691520169,Bughotu,Papunesia,Austronesian,159.802,-8.47948,4050,other
dance_group,-7.253315279651133,0.017805314144472898,converged,-6.632333830890603,0.3051992258733437,boko1266,converged,0.6209814487605305,2.031221951919714,Boko,Africa,Mande,3.71771,10.5189,110000,other
smell_group,-6.4695167475009825,0.009740427525109643,converged,-6.3394394540974695,0.06360107354786314,urdu1245,converged,0.13007729340351304,2.021635077114705,Urdu,Eurasia,Indo-European,67,25,59050000,other
rain_group,-6.603067545596872,0.011688275163570797,converged,-6.085822250819393,0.255626153021995,nucl1347,converged,0.5172452947774788,2.0213324592952207,Wolof,Africa,Atlantic-Congo,-15.383,15.2534,3942000,other
smell_group,-6.4695167475009825,0.009740427525109643,converged,-6.079812313466522,0.19296795430810548,jude1267,converged,0.38970443403446087,2.016961388398717,Judeo-Yemeni Arabic,Eurasia,Afro-Asiatic,45,15,37680,other
taste_group,-6.6616898200504995,0.00856555621078967,converged,-6.275682631128467,0.1912695747768388,mbay1241,converged,0.3860071889220329,2.0161110560045015,Mbay,Africa,Central Sudanic,15.7328,8.23066,88300,other
smell_group,-6.4695167475009825,0.009740427525109643,converged,-6.211407634366754,0.12784248549000338,slov1269,converged,0.25810911313422835,2.0131272525788715,Slovak,Eurasia,Indo-European,18.78479,48.545705,4701800,other
rain_group,-6.603067545596872,0.011688275163570797,converged,-6.071831798832583,0.26366987410732,misk1235,converged,0.5312357467642892,2.012799363933926,Mískito,North America,Misumalpan,275.7058,15.1576,183000,hunter-gatherer
rain_group,-6.603067545596872,0.011688275163570797,converged,-6.104161502601675,0.24789293723956551,diri1252,converged,0.4989060429951966,2.010353321113229,Diriku-Shambyu,Africa,Atlantic-Congo,20.6678,-18.1681,36200,other
dance_group,-7.253315279651133,0.017805314144472898,converged,-6.587478173968887,0.3309690489245479,rong1269,converged,0.6658371056822459,2.0088756646978005,Rongga,Papunesia,Austronesian,120.702,-8.84604,2120,other
dance_group,-7.253315279651133,0.017805314144472898,converged,-6.660251292806126,0.2947664937403471,hooo1248,converged,0.5930639868450074,2.0083183904357136,Ho,Eurasia,Austroasiatic,87.1188,23.9596,1500000,other
snow_group,-7.416197459846801,0.016251105602529504,converged,-7.170610161493861,0.12149320570721857,hung1274,converged,0.24558729835294013,2.003563141525316,Hungarian,Eurasia,Uralic,19.6555271429,46.9068585714,12173900,other
taste_group,-6.6616898200504995,0.00856555621078967,converged,-6.451485854241472,0.10469403070076934,swed1254,converged,0.21020396580902734,2.0011069767453,Swedish,Eurasia,Indo-European,17.389526,59.800634,8236000,other
dance_group,-7.253315279651133,0.017805314144472898,converged,-6.643993814750755,0.3051984360628305,angg1239,converged,0.6093214649003782,1.9930874421378875,Angguruk Yali,Papunesia,Nuclear Trans New Guinea,139.457,-4.0836,15000,other
rain_group,-6.603067545596872,0.011688275163570797,converged,-6.096351456609767,0.2547902895526608,tere1278,converged,0.5067160889871047,1.9866681532052615,Terei,Papunesia,South Bougainville,155.745,-6.70051,26500,other
snow_group,-7.416197459846801,0.016251105602529504,converged,-6.700910706118344,0.36070005412111805,powh1243,converged,0.7152867537284573,1.981041784479498,Powhatan,North America,Algic,282.79248,36.99422,8000,other
dance_group,-7.253315279651133,0.017805314144472898,converged,-6.666705538961688,0.29699253867674363,bisl1239,converged,0.586609740689445,1.9716265122166154,Bislama,Papunesia,Indo-European,166.89,-15.4,1200,other
wind_group,-5.9578521923046734,0.008998002000740201,converged,-5.899515598372127,0.028257685213362853,stan1295,converged,0.05833659393254642,1.9671289141758097,German,Eurasia,Indo-European,12.4676,48.649,83520790,other
smell_group,-6.4695167475009825,0.009740427525109643,converged,-6.074886984585567,0.20075493595806337,latv1249,converged,0.3946297629154154,1.9634191408282038,Latvian,Eurasia,Indo-European,24.309118,56.826108,1398450,other
taste_group,-6.6616898200504995,0.00856555621078967,converged,-6.56058193705537,0.050790751654250094,sans1269,converged,0.1011078829951293,1.9629567358162514,Sanskrit,Eurasia,Indo-European,77,20,2950,other
wind_group,-5.9578521923046734,0.008998002000740201,converged,-5.688396841818212,0.13717126308125324,manx1243,converged,0.26945535048646185,1.9601590212813749,Manx,Eurasia,Indo-European,-4.45437,54.2604,1660,other
wind_group,-5.9578521923046734,0.008998002000740201,converged,-5.563885565598809,0.20159937008563972,area1240,converged,0.3939666267058648,1.9522620481030688,'Are'are,Papunesia,Austronesian,161.158,-9.20699,17900,other
taste_group,-6.6616898200504995,0.00856555621078967,converged,-6.265095628886474,0.20303405731785407,chep1245,converged,0.3965941911640254,1.951602287297878,Chepang,Eurasia,Sino-Tibetan,84.9017,27.7206,36800,other
snow_group,-7.416197459846801,0.016251105602529504,converged,-6.726725922115568,0.3529884472255318,tonk1249,converged,0.689471537731233,1.951174368365377,Tonkawa,North America,isolate_tonk1249,263.25,30.25,1900,hunter-gatherer
rain_group,-6.603067545596872,0.011688275163570797,converged,-6.256192501869703,0.17772614347994536,mind1253,converged,0.34687504372716926,1.9475318787963132,Min Dong Chinese,Eurasia,Sino-Tibetan,119.5,26,8820000,other
smell_group,-6.4695167475009825,0.009740427525109643,converged,-6.296385569005728,0.08837211185472887,cebu1242,converged,0.17313117849525472,1.9473226543399418,Cebuano,Papunesia,Austronesian,124.367,8.38799,15800000,other
taste_group,-6.6616898200504995,0.00856555621078967,converged,-6.369163246230515,0.1500151666028889,east2534,converged,0.29252657381998404,1.9468091089114299,Eastern Canadian Inuktitut,North America,Eskimo-Aleut,284.3861,62.1735,14000,hunter-gatherer
dance_group,-7.253315279651133,0.017805314144472898,converged,-6.703759379408433,0.28181642937691687,ahte1237,converged,0.5495559002426997,1.9461687207998077,Ahtena,North America,Athabaskan-Eyak-Tlingit,215.111,61.7068,100,hunter-gatherer
rain_group,-6.603067545596872,0.011688275163570797,converged,-6.168643840466152,0.2230824456927195,cent2131,converged,0.4344237051307198,1.944700956094708,Central Tarahumara,North America,Uto-Aztecan,252.846,27.5648,55000,other
rain_group,-6.603067545596872,0.011688275163570797,converged,-6.096351316064565,0.26033100328829206,mang1401,converged,0.5067162295323069,1.94447174088611,Mangareva,Papunesia,Austronesian,225.03,-23.1095,1600,hunter-gatherer
taste_group,-6.6616898200504995,0.00856555621078967,converged,-6.180982098807075,0.24740771398730407,tamp1252,converged,0.48070772124342476,1.941814493979614,Tampulma,Africa,Atlantic-Congo,-1.35467,9.75577,16000,other
rain_group,-6.603067545596872,0.011688275163570797,converged,-6.060893185578807,0.27906179685726784,coas1301,converged,0.5421743600180653,1.9411450324356105,Coast Miwok,North America,Miwok-Costanoan,237.006,38.3285,2000,hunter-gatherer
dance_group,-7.253315279651133,0.017805314144472898,converged,-6.800657757889687,0.23308885610746646,anei1239,converged,0.4526575217614459,1.936354255615985,Aneityum,Papunesia,Austronesian,169.825,-20.1864,900,other
wind_group,-5.9578521923046734,0.008998002000740201,converged,-5.57679267574327,0.19671252628458274,tiwi1244,converged,0.381059516561403,1.935115668457711,Tiwi,Australia,isolate_tiwi1244,130.949,-11.6308,1830,hunter-gatherer
smell_group,-6.4695167475009825,0.009740427525109643,converged,-6.048844908155785,0.21785434924472136,toar1246,converged,0.42067183934519736,1.9290502954219824,Toaripi,Papunesia,Eleman,146.206,-8.07231,23000,hunter-gatherer
taste_group,-6.6616898200504995,0.00856555621078967,converged,-6.270320227074104,0.20303360313111682,lamb1271,converged,0.3913695929763952,1.9258968371976275,Lamba,Africa,Atlantic-Congo,27.9026,-12.3366,219000,other
taste_group,-6.6616898200504995,0.00856555621078967,converged,-6.259529861757733,0.2086679249355139,ladi1251,converged,0.4021599582927662,1.9256508462448687,Ladino,Eurasia,Indo-European,28.6632,41.205,8000,other
wind_group,-5.9578521923046734,0.008998002000740201,converged,-5.687131694932522,0.14048860306672842,chey1247,converged,0.2707204973721513,1.9230523183465247,Cheyenne,North America,Algic,253.341,45.5321,1720,hunter-gatherer
smell_group,-6.4695167475009825,0.009740427525109643,converged,-6.264939314299409,0.10621886594503856,pali1273,converged,0.20457743320157373,1.9179517329437776,Pali,Eurasia,Indo-European,82.251,24.5271,22500000,other
rain_group,-6.603067545596872,0.011688275163570797,converged,-6.121518743463558,0.25104402284398647,toar1246,converged,0.48154880213331364,1.916109034334671,Toaripi,Papunesia,Eleman,146.206,-8.07231,23000,hunter-gatherer
wind_group,-5.9578521923046734,0.008998002000740201,converged,-5.5713888646960665,0.20159830423638742,nort2961,converged,0.3864633276086069,1.9150903079575283,Northwestern Ojibwa,North America,Algic,272.2138,51.6192,20000,hunter-gatherer
taste_group,-6.6616898200504995,0.00856555621078967,converged,-6.203410016920148,0.2392109844936008,utes1238,converged,0.45827980313035166,1.914570469208903,Ute-Southern Paiute,North America,Uto-Aztecan,249.695,40.0965,1980,hunter-gatherer
ice_group,-7.612487188014121,0.01790479757416687,converged,-6.968963768425585,0.33608840896714903,hais1244,converged,0.6435234195885364,1.9120330878110348,Haisla,North America,Wakashan,231.398,53.964,100,hunter-gatherer
ice_group,-7.612487188014121,0.01790479757416687,converged,-6.8866327485148044,0.37979029309968326,twee1234,converged,0.7258544394993169,1.909077645381997,Tweed-Albert,Australia,Pama-Nyungan,153.286993,-28.028726,210,other
rain_group,-6.603067545596872,0.011688275163570797,converged,-6.066155856785296,0.2811177812715684,komn1238,converged,0.5369116888115757,1.908268494083904,Kómnjo,Papunesia,Yam,141.5878,-8.70216,200,other
ice_group,-7.612487188014121,0.01790479757416687,converged,-7.239878140800273,0.19444207267537636,nort2690,converged,0.3726090472138486,1.90822537480008,Northern Uzbek,Eurasia,Turkic,69.211,40.886,17695000,other
smell_group,-6.4695167475009825,0.009740427525109643,converged,-6.043661151292978,0.2232327516654403,casi1235,converged,0.4258555962080042,1.9058618477911378,Casiguran-Nagtipunan Agta,Papunesia,Austronesian,121.878,16.2176,610,hunter-gatherer
wind_group,-5.9578521923046734,0.008998002000740201,converged,-5.599444599065992,0.18791095410250483,jica1244,converged,0.3584075932386819,1.9051438545788901,Jicarilla Apache,North America,Athabaskan-Eyak-Tlingit,252.993,36.8079,680,hunter-gatherer
rain_group,-6.603067545596872,0.011688275163570797,converged,-6.457316925028959,0.07560672770397778,telu1262,converged,0.1457506205679131,1.9051159293146416,Telugu,Eurasia,Dravidian,78.7024,16.4529,69600600,other
snow_group,-7.416197459846801,0.016251105602529504,converged,-6.995902218860198,0.2200729992965037,manx1243,converged,0.4202952409866034,1.9046133833425043,Manx,Eurasia,Indo-European,-4.45437,54.2604,1660,other
wind_group,-5.9578521923046734,0.008998002000740201,converged,-5.5887944669147585,0.19356735065712466,mala1522,converged,0.369057725389915,1.904554807101678,Malayo,South America,Chibchan,286.5944,10.9286,1920,other
rain_group,-6.603067545596872,0.011688275163570797,converged,-6.085129734980685,0.27192458582072837,tumu1242,converged,0.5179378106161865,1.9029541023418266,Tumulung Sisaala,Africa,Atlantic-Congo,-1.79707,10.63451,105000,other
dance_group,-7.253315279651133,0.017805314144472898,converged,-6.663497263040846,0.31045490992165037,nand1266,converged,0.5898180166102867,1.8967339312287672,Nandi,Africa,Nilotic,35.408478,0.793737,938000,other
snow_group,-7.416197459846801,0.016251105602529504,converged,-6.87848598904852,0.2830909061847284,turk1304,converged,0.5377114707982811,1.896308372218692,Turkmen,Eurasia,Turkic,59.17574,37.08719,5930000,other
smell_group,-6.4695167475009825,0.009740427525109643,converged,-6.104078081212776,0.192588200522682,biat1246,converged,0.3654386662882061,1.8950910188969632,Biatah Bidayuh,Papunesia,Austronesian,110.254,1.17596,72380,other
smell_group,-6.4695167475009825,0.009740427525109643,converged,-6.092690240643059,0.19885974912040685,lepc1244,converged,0.37682650685792307,1.8926669854959857,Lepcha,Eurasia,Sino-Tibetan,88.5726,27.0869,52830,other
smell_group,-6.4695167475009825,0.009740427525109643,converged,-6.336419047052644,0.06988833891525098,nucl1310,converged,0.13309770044833868,1.8862025656349222,Burmese,Eurasia,Sino-Tibetan,93.9665,20.7926,32300000,other
wind_group,-5.9578521923046734,0.008998002000740201,converged,-5.555370088256128,0.2138625921954318,djin1253,converged,0.4024821040485458,1.880302371364576,Djinang,Australia,Pama-Nyungan,134.82,-12.462,120,hunter-gatherer
smell_group,-6.4695167475009825,0.009740427525109643,converged,-6.069171079509698,0.21299050159172253,lamb1271,converged,0.40034566799128424,1.8776784905097965,Lamba,Africa,Atlantic-Congo,27.9026,-12.3366,219000,other
smell_group,-6.4695167475009825,0.009740427525109643,converged,-6.088586013536364,0.20266360685027254,choc1276,converged,0.3809307339646182,1.8774536445926513,Choctaw,North America,Muskogean,271.5,32.25,11400,other
taste_group,-6.6616898200504995,0.00856555621078967,converged,-6.2677430909358325,0.20972859921252537,nyol1238,converged,0.393946729114667,1.8767997766346194,Nyole,Africa,Atlantic-Congo,33.9181,0.88072,341000,other
wind_group,-5.9578521923046734,0.008998002000740201,converged,-5.600265726236368,0.19032818244724406,arom1237,converged,0.35758646606830524,1.876692770595017,Aromanian,Eurasia,Indo-European,21.2,40.616,69700,other
snow_group,-7.416197459846801,0.016251105602529504,converged,-7.089633685717268,0.1736205859776939,dani1285,converged,0.3265637741295331,1.8727189495334016,Danish,Eurasia,Indo-European,9.36284,54.8655,5471000,other
dance_group,-7.253315279651133,0.017805314144472898,converged,-6.644895144645645,0.3246390560367976,hoch1243,converged,0.6084201350054883,1.871330874318907,Ho-Chunk,North America,Siouan,271.5,43.5,100,hunter-gatherer
snow_group,-7.416197459846801,0.016251105602529504,converged,-7.217364700772192,0.10506563384250678,nucl1235,converged,0.19883275907460884,1.8702224598658483,Eastern Armenian,Eurasia,Indo-European,45,40,4684400,other
snow_group,-7.416197459846801,0.016251105602529504,converged,-6.780926584802965,0.34008430191562883,arap1274,converged,0.6352708750438358,1.8658515100788828,Arapaho,North America,Algic,251.19,43.3879,1040,hunter-gatherer
snow_group,-7.416197459846801,0.016251105602529504,converged,-6.757537968452401,0.3529847116291529,west2624,converged,0.6586594913943999,1.8639973061773156,Western Huasteca Nahuatl,North America,Uto-Aztecan,261.2289,21.3711,400000,other
wind_group,-5.9578521923046734,0.008998002000740201,converged,-5.579629541519062,0.20273726059556738,kwak1269,converged,0.37822265078561124,1.8637456437142235,Kwak'wala,North America,Wakashan,232.692,50.9269,190,hunter-gatherer
taste_group,-6.6616898200504995,0.00856555621078967,converged,-6.468526909439455,0.1033219794809221,pali1273,converged,0.1931629106110444,1.8631325176509557,Pali,Eurasia,Indo-European,82.251,24.5271,22500000,other
taste_group,-6.6616898200504995,0.00856555621078967,converged,-6.333444576999811,0.17672337434355845,mamb1296,converged,0.3282452430506888,1.8552178657717535,Mambwe-Lungu,Africa,Atlantic-Congo,31.2269,-8.86817,674000,other
dance_group,-7.253315279651133,0.017805314144472898,converged,-6.701482648170054,0.29699059377894177,west2420,converged,0.5518326314810791,1.854750902633281,Western Parbate Kham,Eurasia,Sino-Tibetan,82.7348,28.6521,24500,other
taste_group,-6.6616898200504995,0.00856555621078967,converged,-6.226593385839159,0.23450192686962978,wyan1247,converged,0.43509643421134037,1.8541701514206659,Huron-Wyandot,North America,Iroquoian,282.5,44.33,11226,other
snow_group,-7.416197459846801,0.016251105602529504,converged,-6.870218534347357,0.2940300190175018,sout3283,converged,0.545978925499444,1.8540518599012625,South Yorkshire English,Eurasia,Indo-European,-1,53,1402918,other
dance_group,-7.253315279651133,0.017805314144472898,converged,-6.575492626725817,0.3652188323892771,sout2859,converged,0.6778226529253164,1.8537339834406987,Southeast Ambrym,Papunesia,Austronesian,168.211,-16.2975,3700,other
wind_group,-5.9578521923046734,0.008998002000740201,converged,-5.628055382172534,0.17805968347395448,ahte1237,converged,0.32979681013213913,1.8498096596438933,Ahtena,North America,Athabaskan-Eyak-Tlingit,215.111,61.7068,100,hunter-gatherer
wind_group,-5.9578521923046734,0.008998002000740201,converged,-5.625115190512139,0.17998643764296932,ulst1239,converged,0.33273700179253485,1.8463723414959647,Ulster,Eurasia,Indo-European,-3.710133,55.886945,2215454,other
rain_group,-6.603067545596872,0.011688275163570797,converged,-6.087611844914575,0.27905808935721077,gade1242,converged,0.5154557006822973,1.8455087822685858,Gade,Africa,Atlantic-Congo,7.49869,8.71139,72100,other
smell_group,-6.4695167475009825,0.009740427525109643,converged,-6.16950635981891,0.16255747791680855,tuva1244,converged,0.30001038768207255,1.8422607172336394,Tuvalu,Papunesia,Austronesian,179.198088,-8.520813,12580,hunter-gatherer
wind_group,-5.9578521923046734,0.008998002000740201,converged,-5.690440350068555,0.14490928808886538,beij1234,converged,0.26741184223611825,1.8418267455564792,Beijing Mandarin,Eurasia,Sino-Tibetan,116.1172766,39.9385466,27000000,other
taste_group,-6.6616898200504995,0.00856555621078967,converged,-6.26997363882475,0.21316528832221765,rabh1238,converged,0.3917161812257497,1.8361353513895584,Rabha,Eurasia,Sino-Tibetan,91.1689,25.8248,50000,other
rain_group,-6.603067545596872,0.011688275163570797,converged,-6.142251971778147,0.25104235065652464,agus1235,converged,0.4608155738187252,1.8336225715549272,Agusan Manobo,Papunesia,Austronesian,125.742,8.62731,60000,other
rain_group,-6.603067545596872,0.011688275163570797,converged,-6.110970324185054,0.26889327722844003,araw1276,converged,0.492097221411818,1.8283572641093058,Lokono,South America,Arawakan,303.0757,5.64295,2450,other
rain_group,-6.603067545596872,0.011688275163570797,converged,-6.09294698242498,0.2790573608343001,enga1252,converged,0.5101205631718919,1.8264119138748347,Enga,Papunesia,Nuclear Trans New Guinea,143.685,-5.45619,165000,other
dance_group,-7.253315279651133,0.017805314144472898,converged,-7.012716863302574,0.13076080797482456,mala1464,converged,0.2405984163485595,1.823164314489844,Malayalam,Eurasia,Dravidian,76.7651,9.59208,35400313,other
taste_group,-6.6616898200504995,0.00856555621078967,converged,-6.506211583827626,0.08511417969447772,mala1464,converged,0.1554782362228737,1.817521532504575,Malayalam,Eurasia,Dravidian,76.7651,9.59208,35400313,other
smell_group,-6.4695167475009825,0.009740427525109643,converged,-6.172612117937292,0.1632043427451325,sgaw1245,converged,0.29690462956369057,1.8159887628003182,S'gaw Karen,Eurasia,Sino-Tibetan,97.7126,17.9872,1480000,other
dance_group,-7.253315279651133,0.017805314144472898,converged,-6.690419018816529,0.31045300565094625,cent1990,converged,0.562896260834604,1.810170145768782,Central Nicobarese,Eurasia,Austroasiatic,93.3921,7.94812,10100,other
wind_group,-5.9578521923046734,0.008998002000740201,converged,-5.563188542155549,0.2179047150658962,dehu1237,converged,0.3946636501491243,1.8096331793882954,Dehu,Papunesia,Austronesian,167.229,-20.8892,11300,other
rain_group,-6.603067545596872,0.011688275163570797,converged,-6.184632942856042,0.2311075652407308,mars1254,converged,0.4184346027408301,1.8082509907770614,Marshallese,Papunesia,Austronesian,167.73,8.72,43900,other
smell_group,-6.4695167475009825,0.009740427525109643,converged,-6.107916725668014,0.1997714590423504,ahte1237,converged,0.36160002183296847,1.8079207482416362,Ahtena,North America,Athabaskan-Eyak-Tlingit,215.111,61.7068,100,hunter-gatherer
taste_group,-6.6616898200504995,0.00856555621078967,converged,-6.3869369588404865,0.15191075837961543,tulu1258,converged,0.27475286121001297,1.805778204102352,Tulu,Eurasia,Dravidian,75.2651,12.8114,1950000,other
wind_group,-5.9578521923046734,0.008998002000740201,converged,-5.608087205382445,0.19356517050956226,rabh1238,converged,0.3497649869222288,1.805013221725831,Rabha,Eurasia,Sino-Tibetan,91.1689,25.8248,50000,other
rain_group,-6.603067545596872,0.011688275163570797,converged,-6.128804410896151,0.262502344239609,bard1255,converged,0.47426313470072134,1.8049122479804478,Bardi,Australia,Nyulnyulan,122.906,-16.6274,380,hunter-gatherer
dance_group,-7.253315279651133,0.017805314144472898,converged,-6.6424832497098105,0.33846146263154436,djin1251,converged,0.6108320299413226,1.8022393152942375,Jingulu,Australia,Mirndi,133.659,-17.165,100,hunter-gatherer
dance_group,-7.253315279651133,0.017805314144472898,converged,-6.70247237271348,0.3051946108599726,kwom1262,converged,0.5508429069376533,1.8018268802203237,Kwoma,Papunesia,Sepik,142.664,-4.08721,3000,hunter-gatherer
wind_group,-5.9578521923046734,0.008998002000740201,converged,-5.715628662566222,0.13429961453393882,mind1253,converged,0.2422235297384514,1.799570997360327,Min Dong Chinese,Eurasia,Sino-Tibetan,119.5,26,8820000,other
ice_group,-7.612487188014121,0.01790479757416687,converged,-7.063454672199885,0.3048299657962186,mush1238,converged,0.5490325158142362,1.7980117776466107,Mushungulu,Africa,Atlantic-Congo,42.6626,0.00689,23000,other
rain_group,-6.603067545596872,0.011688275163570797,converged,-6.358475621978311,0.1357232744428638,pedi1238,converged,0.24459192361856097,1.7954911919928718,Pedi,Africa,Atlantic-Congo,29.471800000000002,-24.7993,4090000,other
snow_group,-7.416197459846801,0.016251105602529504,converged,-6.845964245373276,0.31742037826529057,wuch1236,converged,0.5702332144735252,1.7941108340436858,Wu Chinese,Eurasia,Sino-Tibetan,119.682,29.8621,77200000,other
wind_group,-5.9578521923046734,0.008998002000740201,converged,-5.560741598547779,0.22137127286937225,mail1248,converged,0.39711059375689484,1.7923868407781214,Mailu,Papunesia,Mailuan,149.521,-10.3657,8500,other
taste_group,-6.6616898200504995,0.00856555621078967,converged,-6.219260299124481,0.24740163307582677,pang1290,converged,0.4424295209260185,1.7872339248087503,Pangasinan,Papunesia,Austronesian,120.365,15.9377,1160000,other
smell_group,-6.4695167475009825,0.009740427525109643,converged,-6.18712117000768,0.15774005555839224,east2534,converged,0.28239557749330224,1.7868557078103584,Eastern Canadian Inuktitut,North America,Eskimo-Aleut,284.3861,62.1735,14000,hunter-gatherer
ice_group,-7.612487188014121,0.01790479757416687,converged,-7.434083395013317,0.09858702002213153,wels1247,converged,0.178403793000804,1.7804820928880916,Welsh,Eurasia,Indo-European,-4,52,508000,other
rain_group,-6.603067545596872,0.011688275163570797,converged,-6.172566449496511,0.2416230104880781,lund1271,converged,0.430501096100361,1.779624719820379,Lundayeh,Papunesia,Austronesian,115.5,4.25064,47500,other
rain_group,-6.603067545596872,0.011688275163570797,converged,-6.141252260934042,0.25930719623158976,tiwi1244,converged,0.46181528466282984,1.779151743144084,Tiwi,Australia,isolate_tiwi1244,130.949,-11.6308,1830,hunter-gatherer
smell_group,-6.4695167475009825,0.009740427525109643,converged,-6.04070225450452,0.2408787651222111,kosr1238,converged,0.42881449299646235,1.7787551052885067,Kosraean,Papunesia,Austronesian,162.98,5.31,8000,other
rain_group,-6.603067545596872,0.011688275163570797,converged,-6.145157729810978,0.2573902541753294,naka1262,converged,0.45790981578589385,1.7772172872250023,Nakanai,Papunesia,Austronesian,150.888,-5.59931,13000,other
ice_group,-7.612487188014121,0.01790479757416687,converged,-7.017131205707278,0.3346732518656184,kali1308,converged,0.5953559823068435,1.7763767968650155,Kalispel-Pend d'Oreille,North America,Salishan,245.81,47.5825,100,hunter-gatherer
dance_group,-7.253315279651133,0.017805314144472898,converged,-6.676467364294101,0.3246363144055072,kara1483,converged,0.5768479153570318,1.7742384591743932,Karamojong,Africa,Nilotic,34.2761,2.45157,260000,other
dance_group,-7.253315279651133,0.017805314144472898,converged,-6.711340585905793,0.30684315393711065,east2542,converged,0.54197469374534,1.7633260555188186,Eastern Ojibwa,North America,Algic,280.2497,45.0112,25900,hunter-gatherer
snow_group,-7.416197459846801,0.016251105602529504,converged,-7.311014263281121,0.057622957497894325,ital1282,converged,0.10518319656568043,1.7568385428556996,Italian,Eurasia,Indo-European,12.6489,43.0464,57191010,other
smell_group,-6.4695167475009825,0.009740427525109643,converged,-6.0754924245560415,0.22410814799605663,zand1248,converged,0.39402432294494094,1.7565300030652269,Zande,Africa,Atlantic-Congo,26.7157,4.62047,1142000,other
rain_group,-6.603067545596872,0.011688275163570797,converged,-6.172600363412012,0.24519674899763438,rotu1241,converged,0.43046718218486024,1.7536078031070446,Rotuman,Papunesia,Austronesian,177.066,-12.5008,9000,other
smell_group,-6.4695167475009825,0.009740427525109643,converged,-6.049746726273411,0.23931034074469057,wyan1247,converged,0.41977002122757145,1.7526310959769855,Huron-Wyandot,North America,Iroquoian,282.5,44.33,11226,other
rain_group,-6.603067545596872,0.011688275163570797,converged,-6.136214624772486,0.26615193260141595,area1240,converged,0.4668529208243859,1.7523952604672637,'Are'are,Papunesia,Austronesian,161.158,-9.20699,17900,other
taste_group,-6.6616898200504995,0.00856555621078967,converged,-6.555306791178289,0.06013249640716422,telu1262,converged,0.10638302887221052,1.7514639245200694,Telugu,Eurasia,Dravidian,78.7024,16.4529,69600600,other
wind_group,-5.9578521923046734,0.008998002000740201,converged,-5.656857022423615,0.17216730970561905,hakk1236,converged,0.300995169881058,1.7458885563688868,Hakka Chinese,Eurasia,Sino-Tibetan,116,25,28070000,other
dance_group,-7.253315279651133,0.017805314144472898,converged,-6.686077732296714,0.3246354969056313,sout2789,converged,0.5672375473544191,1.7446837753449502,Central Dagaare,Africa,Atlantic-Congo,-2.52265,10.4226,700000,other
dance_group,-7.253315279651133,0.017805314144472898,converged,-6.761069985873579,0.28181428876530773,masb1238,converged,0.4922452937775539,1.7432251043012932,Masbatenyo,Papunesia,Austronesian,123.63579,12.21453,350000,other
wind_group,-5.9578521923046734,0.008998002000740201,converged,-5.594561829809809,0.2087662016726103,awap1236,converged,0.36329036249486446,1.738563951890803,Awa,Papunesia,Nuclear Trans New Guinea,145.714,-6.65534,2050,other
snow_group,-7.416197459846801,0.016251105602529504,converged,-6.834184782362958,0.33462380158076427,bret1244,converged,0.582012677483843,1.7372569503577064,Breton,Eurasia,Indo-European,-3.78934,48.2452,500000,other
wind_group,-5.9578521923046734,0.008998002000740201,converged,-5.669734565113395,0.16564604237558458,sant1410,converged,0.2881176271912782,1.7367966192166684,Santali,Eurasia,Austroasiatic,87.8185,25.0317,6157300,other
ice_group,-7.612487188014121,0.01790479757416687,converged,-7.244605114020094,0.21139547932840635,slov1269,converged,0.3678820739940276,1.734046451373706,Slovak,Eurasia,Indo-European,18.78479,48.545705,4701800,other
wind_group,-5.9578521923046734,0.008998002000740201,converged,-5.575816421411379,0.2201666007966678,urak1238,converged,0.3820357708932942,1.7337648638483607,Urak Lawoi',Eurasia,Austronesian,99.0768,7.5258,3000,hunter-gatherer
rain_group,-6.603067545596872,0.011688275163570797,converged,-6.12560695400034,0.2752864196694294,kumb1268,converged,0.47746059159653154,1.732852664217003,Kumbainggar,Australia,Pama-Nyungan,152.913,-29.8189,100,hunter-gatherer
dance_group,-7.253315279651133,0.017805314144472898,converged,-6.666689171082036,0.338459003619695,orok1267,converged,0.5866261085690967,1.7308331004383943,Orokolo,Papunesia,Eleman,145.34,-7.81309,13000,hunter-gatherer
rain_group,-6.603067545596872,0.011688275163570797,converged,-6.108661355409983,0.28562893962043623,futu1245,converged,0.494406190186889,1.7294912681596644,Futuna-Aniwa,Papunesia,Austronesian,170.215,-19.5303,1500,other
rain_group,-6.603067545596872,0.011688275163570797,converged,-6.109991518240978,0.2856287460544392,tali1259,converged,0.49307602735589384,1.7248393683569172,Talise,Papunesia,Austronesian,160.231,-9.76764,12500,other
taste_group,-6.6616898200504995,0.00856555621078967,converged,-6.217596851377922,0.25736068354774855,haaa1252,converged,0.4440929686725772,1.7246115576912817,Ha,Africa,Atlantic-Congo,30.4894,-3.77873,990000,other
snow_group,-7.416197459846801,0.016251105602529504,converged,-6.9622425359358235,0.26311547752028686,uigh1240,converged,0.45395492391097747,1.7220253310998852,Uighur,Eurasia,Turkic,87.38,43.88,8701000,other
rain_group,-6.603067545596872,0.011688275163570797,converged,-6.302559614024386,0.17440054025767537,lush1249,converged,0.30050793157248634,1.7192338340088626,Mizo,Eurasia,Sino-Tibetan,92.6247,22.6138,541750,other
dance_group,-7.253315279651133,0.017805314144472898,converged,-6.727815812624383,0.30519302130374515,cent2292,converged,0.5254994670267497,1.7189365028805075,Central Bontoc,Papunesia,Austronesian,120.92,17.08,19600,other
ice_group,-7.612487188014121,0.01790479757416687,converged,-7.0345765521742845,0.33608560021014594,yaki1237,converged,0.5779106358398369,1.717099071146655,Northwest Sahaptin,North America,Sahaptian,239.244,46.2655,3000,hunter-gatherer
dance_group,-7.253315279651133,0.017805314144472898,converged,-6.887799254979844,0.21219560709676727,pala1344,converged,0.3655160246712894,1.716510577748347,Palauan,Papunesia,Austronesian,134.476678,7.34138,14800,other
wind_group,-5.9578521923046734,0.008998002000740201,converged,-5.589154711894226,0.21481230756014397,yand1253,converged,0.3686974804104475,1.7148665944893289,Yandruwandha,Australia,Pama-Nyungan,140.583,-28.4744,2000,hunter-gatherer
rain_group,-6.603067545596872,0.011688275163570797,converged,-6.209368834943046,0.22951454038313837,loui1240,converged,0.3936987106538261,1.713134073751037,Louisiana Creole French,North America,Indo-European,269.2525,30.0412,70000,other
rain_group,-6.603067545596872,0.011688275163570797,converged,-6.131450466986281,0.2752856900583795,bant1281,converged,0.4716170786105911,1.711649270429971,Bantawa,Eurasia,Sino-Tibetan,87.04738,27.12147,371000,other
ice_group,-7.612487188014121,0.01790479757416687,converged,-6.991052044633451,0.3629358263935385,tosk1239,converged,0.62143514338067,1.7101654379423588,Northern Tosk Albanian,Eurasia,Indo-European,20,41,2915000,other
smell_group,-6.4695167475009825,0.009740427525109643,converged,-6.112795430427159,0.20866530508956474,taku1257,converged,0.3567213170738235,1.707678737210309,Takuu,Papunesia,Austronesian,157.032085,-4.773094,1750,other
dance_group,-7.253315279651133,0.017805314144472898,converged,-7.1124948983816285,0.08068761896528484,stan1306,converged,0.14082038126950458,1.7042527027955292,Standard Malay,Eurasia,Austronesian,101.699,3.08896,33200000,other
ice_group,-7.612487188014121,0.01790479757416687,converged,-7.1632403152453525,0.26301313396654075,cree1270,converged,0.44924687276876885,1.7041335475449888,Creek,North America,Muskogean,272.5,31,4300,other
smell_group,-6.4695167475009825,0.009740427525109643,converged,-6.05772972098811,0.24252213009381351,kokb1239,converged,0.41178702651287225,1.6965680901249987,Kok Borok,Eurasia,Sino-Tibetan,91.4673,23.1916,696000,other
smell_group,-6.4695167475009825,0.009740427525109643,converged,-6.070666201268009,0.23502415003855814,misk1235,converged,0.3988505462329739,1.6956063742312482,Mískito,North America,Misumalpan,275.7058,15.1576,183000,hunter-gatherer
taste_group,-6.6616898200504995,0.00856555621078967,converged,-6.2475823077378205,0.2444956642570918,lega1249,converged,0.41410751231267895,1.6926828522887893,Lega-Shabunda,Africa,Atlantic-Congo,27.1424,-3.83196,400000,other
smell_group,-6.4695167475009825,0.009740427525109643,converged,-6.373460264748528,0.05595506983397767,stan1306,converged,0.09605648275245482,1.6912385936229997,Standard Malay,Eurasia,Austronesian,101.699,3.08896,33200000,other
dance_group,-7.253315279651133,0.017805314144472898,converged,-6.7246784407827,0.31243022069298976,yank1247,converged,0.528636838868433,1.6892746867452695,Yankunytjatjara,Australia,Pama-Nyungan,133.577,-26.4064,100,hunter-gatherer
smell_group,-6.4695167475009825,0.009740427525109643,converged,-6.09539481808916,0.2215601500739459,gela1263,converged,0.37412192941182276,1.6869500805402737,Gela,Papunesia,Austronesian,160.186,-9.04587,11900,other
dance_group,-7.253315279651133,0.017805314144472898,converged,-6.67486979321159,0.3427560262409101,giky1238,converged,0.5784454864395432,1.6853579185951084,Gikyode,Africa,Atlantic-Congo,0.56975,8.39478,10400,other
dance_group,-7.253315279651133,0.017805314144472898,converged,-6.719437422484301,0.31680199353003874,vure1239,converged,0.5338778571668321,1.6825545645951963,Vurës,Papunesia,Austronesian,167.451412,-13.905677,1050,other
rain_group,-6.603067545596872,0.011688275163570797,converged,-6.546759007441177,0.031431197184277976,mand1415,converged,0.0563085381556947,1.6791426161726568,Mandarin Chinese,Eurasia,Sino-Tibetan,116.228,40.0209,844355000,other
rain_group,-6.603067545596872,0.011688275163570797,converged,-6.325173425194043,0.16515443250644238,mand1436,converged,0.2778941204028289,1.6784338324606338,Mandinka,Africa,Mande,-15.6539466667,12.8165233333,1346000,other
ice_group,-7.612487188014121,0.01790479757416687,converged,-6.983444404166508,0.37490625146645495,kara1483,converged,0.6290427838476136,1.6759566837840985,Karamojong,Africa,Nilotic,34.2761,2.45157,260000,other
wind_group,-5.9578521923046734,0.008998002000740201,converged,-5.628827252139618,0.19670616446585715,casi1235,converged,0.32902494016505557,1.6709249825347467,Casiguran-Nagtipunan Agta,Papunesia,Austronesian,121.878,16.2176,610,hunter-gatherer
ice_group,-7.612487188014121,0.01790479757416687,converged,-6.959879302709023,0.39137369533950617,tuvi1240,converged,0.6526078853050983,1.6657379648554398,Tuvinian,Eurasia,Turkic,94.36667,51.7,264400,other
rain_group,-6.603067545596872,0.011688275163570797,converged,-6.177739696968727,0.25561795423418693,cent2100,converged,0.4253278486281449,1.6621833251973854,Kadazan Dusun,Papunesia,Austronesian,116.681,6.02998,141000,other
dance_group,-7.253315279651133,0.017805314144472898,converged,-6.646045907777398,0.3652093902651305,kudm1238,converged,0.607269371873735,1.6608251467147024,Kudmali,Eurasia,Indo-European,87.33,25.92,37000,other
smell_group,-6.4695167475009825,0.009740427525109643,converged,-6.125304044049842,0.20824268437227975,maya1287,converged,0.34421270345114063,1.6511349688962678,Mayan,North America,Mayan,267.1557966206964,17.423987813269193,6000000,other
smell_group,-6.4695167475009825,0.009740427525109643,converged,-6.366441530395876,0.061666688276864445,taga1270,converged,0.10307521710510681,1.651020570591598,Tagalog,Papunesia,Austronesian,121.747,14.06,21500000,other
dance_group,-7.253315279651133,0.017805314144472898,converged,-6.688931529552449,0.3427545768216103,utes1238,converged,0.5643837500986839,1.644394599242539,Ute-Southern Paiute,North America,Uto-Aztecan,249.695,40.0965,1980,hunter-gatherer
wind_group,-5.9578521923046734,0.008998002000740201,converged,-5.648783607980178,0.1881554996265097,koas1236,converged,0.30906858432449535,1.640748085544909,Koasati,North America,Muskogean,267.291,30.4096,200,other
smell_group,-6.4695167475009825,0.009740427525109643,converged,-6.043864151176743,0.25942985465258134,adny1235,converged,0.42565259632423924,1.6395680434612037,Adnyamathanha,Australia,Pama-Nyungan,138.671,-30.1451,130,hunter-gatherer
ice_group,-7.612487188014121,0.01790479757416687,converged,-6.9459457148694925,0.40631380665314254,west2443,converged,0.6665414731446289,1.6388693701020762,Western Victoria,Australia,Pama-Nyungan,143.6694397,-34.13829932,2000,hunter-gatherer
dance_group,-7.253315279651133,0.017805314144472898,converged,-6.848894458754087,0.24686310920226423,pula1263,converged,0.40442082089704634,1.6339945249676222,Pulaar,Africa,Atlantic-Congo,-13.4482,13.8694,3691000,other
dance_group,-7.253315279651133,0.017805314144472898,converged,-6.941122441846912,0.19044249696789606,khas1269,converged,0.31219283780422113,1.6321842649630076,Khasi,Eurasia,Austroasiatic,91.9998,24.977,865000,other
rain_group,-6.603067545596872,0.011688275163570797,converged,-6.214863154928749,0.23808252582747574,sund1252,converged,0.38820439066812273,1.6285841053726549,Sundanese,Papunesia,Austronesian,107.106,-6.89708,34000000,other
taste_group,-6.6616898200504995,0.00856555621078967,converged,-6.342578487728446,0.1957588829148825,klam1254,converged,0.3191113323220538,1.6285661584462547,Klamath-Modoc,North America,isolate_klam1254,238.296,42.5861,100,hunter-gatherer
smell_group,-6.4695167475009825,0.009740427525109643,converged,-6.071764164302292,0.24425057154026622,nort2943,converged,0.3977525831986908,1.6271678720661422,North Alaskan Inupiatun,North America,Eskimo-Aleut,216.23,69.582,6420,hunter-gatherer
snow_group,-7.416197459846801,0.016251105602529504,converged,-6.814730994475985,0.36947481799055204,adyg1241,converged,0.6014664653708159,1.626323293998186,Adyghe,Eurasia,Abkhaz-Adyge,39.33,44,475300,other
taste_group,-6.6616898200504995,0.00856555621078967,converged,-6.2429523967923854,0.25735643508219097,fuyu1242,converged,0.41873742325811403,1.6261714528720268,Fuyug,Papunesia,isolate_fuyu1242,147.312,-8.6371,14000,other
dance_group,-7.253315279651133,0.017805314144472898,converged,-6.729208254724347,0.32182616693837385,lauu1247,converged,0.5241070249267858,1.62605400723758,Lau,Papunesia,Austronesian,160.872,-8.51018,16900,other
rain_group,-6.603067545596872,0.011688275163570797,converged,-6.208540373736898,0.24244232621682935,maya1287,converged,0.3945271718599743,1.6254153497859996,Mayan,North America,Mayan,267.1557966206964,17.423987813269193,6000000,other
snow_group,-7.416197459846801,0.016251105602529504,converged,-7.165389931807222,0.15390546289254517,sout2807,converged,0.2508075280395792,1.6206111911592824,Southern Sotho,Africa,Atlantic-Congo,27.89,-28.78,6010000,other
wind_group,-5.9578521923046734,0.008998002000740201,converged,-5.66820821700202,0.1785836754755844,alab1237,converged,0.2896439753026536,1.61984019987721,Alabama,North America,Muskogean,265.37152000000003,30.76738,100,other
ice_group,-7.612487188014121,0.01790479757416687,converged,-7.065780468372924,0.3375820162297411,sanj1284,converged,0.5467067196411977,1.617205154232895,Western Tlacolula Valley Zapotec,North America,Otomanguean,263.4033,17.0332,28000,other
dance_group,-7.253315279651133,0.017805314144472898,converged,-6.6528997102774925,0.3726647622384218,arik1262,converged,0.6004155693736406,1.609305454003379,Arikara,North America,Caddoan,260,45,100,other
rain_group,-6.603067545596872,0.011688275163570797,converged,-6.189929832128166,0.2564842939482603,kich1262,converged,0.4131377134687062,1.6091020121002335,K'iche',North America,Mayan,268.8304,14.5278,1900000,other
snow_group,-7.416197459846801,0.016251105602529504,converged,-7.1252519870462185,0.18011981083497702,cent1972,converged,0.29094547280058247,1.6087539410661549,Central Kurdish,Eurasia,Indo-European,45.8077,35.6539,3712000,other
wind_group,-5.9578521923046734,0.008998002000740201,converged,-5.795781894987472,0.10054174031516287,nyan1308,converged,0.16207029731720102,1.605553353093497,Nyanja,Africa,Atlantic-Congo,32.8108,-14.8047,8402000,other
wind_group,-5.9578521923046734,0.008998002000740201,converged,-5.604168675105562,0.22016110207951917,misi1243,converged,0.3536835171991113,1.605135936301665,Misima-Paneati,Papunesia,Austronesian,152.696,-10.6821,18000,other
taste_group,-6.6616898200504995,0.00856555621078967,converged,-6.442402340142921,0.13684505798647886,sida1246,converged,0.21928747990757813,1.5993209292109283,Sidamo,Africa,Afro-Asiatic,38.3729,6.74176,2900000,other
snow_group,-7.416197459846801,0.016251105602529504,converged,-6.872810862923385,0.3400750117208648,wilt1234,converged,0.5433865969234164,1.5960220692740756,Wiltshire-Hampshire,Eurasia,Indo-European,-1,53,2564305,other
snow_group,-7.416197459846801,0.016251105602529504,converged,-7.059077279258731,0.22368314745649595,ling1263,converged,0.35712018058806994,1.5923479010487316,Kinshasa Lingala,Africa,Atlantic-Congo,15.28532,-4.409174,20259660,other
rain_group,-6.603067545596872,0.011688275163570797,converged,-6.195989440549686,0.2556164141361872,gela1263,converged,0.40707810504718633,1.5908728024967227,Gela,Papunesia,Austronesian,160.186,-9.04587,11900,other
wind_group,-5.9578521923046734,0.008998002000740201,converged,-5.651375262429149,0.19251792616540195,squa1248,converged,0.3064769298755241,1.5902037576798835,Squamish,North America,Salishan,236.986,49.3231,100,hunter-gatherer
rain_group,-6.603067545596872,0.011688275163570797,converged,-6.298559056168556,0.19115938861353904,anei1239,converged,0.3045084894283159,1.5899865774325157,Aneityum,Papunesia,Austronesian,169.825,-20.1864,900,other
taste_group,-6.6616898200504995,0.00856555621078967,converged,-6.252529375968809,0.25735485820636717,west2624,converged,0.4091604440816905,1.5889888727289663,Western Huasteca Nahuatl,North America,Uto-Aztecan,261.2289,21.3711,400000,other
wind_group,-5.9578521923046734,0.008998002000740201,converged,-5.8013004493913884,0.09824829282713161,pidg1254,converged,0.156551742913285,1.5867888040398228,Pidgin Chinook Jargon,North America,Pidgin,235,55,100000,other
smell_group,-6.4695167475009825,0.009740427525109643,converged,-6.0577659074731525,0.25942749735294063,haaa1252,converged,0.41175084002783,1.5860343637987397,Ha,Africa,Atlantic-Congo,30.4894,-3.77873,990000,other
rain_group,-6.603067545596872,0.011688275163570797,converged,-6.192967188061283,0.2583246844679614,tain1252,converged,0.4101003575355886,1.5859158587058286,Tai Nüa,Eurasia,Tai-Kadai,99.722,21.7837,647400,other
rain_group,-6.603067545596872,0.011688275163570797,converged,-6.201239928463459,0.25320253533354686,squa1248,converged,0.40182761713341275,1.5852928594248366,Squamish,North America,Salishan,236.986,49.3231,100,hunter-gatherer
smell_group,-6.4695167475009825,0.009740427525109643,converged,-6.196881155379702,0.17172750293593378,gras1249,converged,0.2726355921212802,1.5850582054149793,Grass Koiari,Papunesia,Koiarian,147.437,-9.51218,1700,other
dance_group,-7.253315279651133,0.017805314144472898,converged,-6.902221868459294,0.22088556317015295,bemb1257,converged,0.35109341119183934,1.5843420104376966,Bemba,Africa,Atlantic-Congo,29.2993,-10.6122,3600000,other
taste_group,-6.6616898200504995,0.00856555621078967,converged,-6.5805950797849615,0.05052110754311428,port1283,converged,0.08109474026553798,1.5825808723216388,Portuguese,Eurasia,Indo-European,-8.1,39.91,173000000,other
rain_group,-6.603067545596872,0.011688275163570797,converged,-6.15801870439964,0.28110517061263823,sina1266,converged,0.44504884119723176,1.5818443389320749,Sinaugoro,Papunesia,Austronesian,147.861,-9.79791,18000,other
snow_group,-7.416197459846801,0.016251105602529504,converged,-6.816943142678051,0.3795993673493839,west1510,converged,0.5992543171687501,1.57720472159645,Western Ojibwa,North America,Algic,257.475,50.5664,10000,hunter-gatherer
taste_group,-6.6616898200504995,0.00856555621078967,converged,-6.256065710190465,0.25735427974380537,misi1243,converged,0.4056241098600344,1.5752589321167167,Misima-Paneati,Papunesia,Austronesian,152.696,-10.6821,18000,other
rain_group,-6.603067545596872,0.011688275163570797,converged,-6.3344983840905,0.17016196367147302,tigr1271,converged,0.2685691615063721,1.5746046186847773,Tigrinya,Africa,Afro-Asiatic,38.9266,15.3359,5760000,other
dance_group,-7.253315279651133,0.017805314144472898,converged,-6.731561695370529,0.3309555714907719,lonw1238,converged,0.5217535842806038,1.5742298370083094,Lonwolwol,Papunesia,Austronesian,168.016,-16.2286,1200,other
snow_group,-7.416197459846801,0.016251105602529504,converged,-6.930842114797897,0.3078850678849121,uppe1395,converged,0.4853553450489043,1.5742258832401312,Upper Sorbian,Eurasia,Indo-European,14.4098,51.2403,18000,other
taste_group,-6.6616898200504995,0.00856555621078967,converged,-6.334027949049934,0.20866103496441313,nuer1246,converged,0.3276618710005659,1.5689855378253559,Nuer,Africa,Nilotic,32.3829,8.13911,804900,other
taste_group,-6.6616898200504995,0.00856555621078967,converged,-6.3652105763200035,0.18933975366947903,mbuk1240,converged,0.29647924373049594,1.564258532425551,Mbukushu,Africa,Atlantic-Congo,22.5026,-17.6827,35100,other
taste_group,-6.6616898200504995,0.00856555621078967,converged,-6.288126717754644,0.23919906238004723,akaw1239,converged,0.3735631022958552,1.5607244329935412,Akawaio-Ingariko,South America,Cariban,299.138,6.16277,5350,hunter-gatherer
taste_group,-6.6616898200504995,0.00856555621078967,converged,-6.259840813466533,0.25735366447592245,dehu1237,converged,0.4018490065839666,1.5606018806673883,Dehu,Papunesia,Austronesian,167.229,-20.8892,11300,other
smell_group,-6.4695167475009825,0.009740427525109643,converged,-6.308032200764741,0.10370279781392558,fiji1243,converged,0.1614845467362418,1.5503622600690987,Fijian,Papunesia,Austronesian,178.33,-18,333440,other
wind_group,-5.9578521923046734,0.008998002000740201,converged,-5.677933436302244,0.1807662434773282,muna1247,converged,0.2799187560024299,1.5465974695584956,Muna,Papunesia,Austronesian,122.541,-5.40419,300000,other
dance_group,-7.253315279651133,0.017805314144472898,converged,-6.791786952506861,0.29818223130787047,aros1241,converged,0.46152832714427205,1.545054178291689,Arosi,Papunesia,Austronesian,161.432,-10.2441,6750,other
snow_group,-7.416197459846801,0.016251105602529504,converged,-6.906747522643523,0.32969270879747453,gali1258,converged,0.5094499372032777,1.5433528001563703,Galician,Eurasia,Indo-European,-7.5343,42.2446,3185000,other
snow_group,-7.416197459846801,0.016251105602529504,converged,-7.268549924833798,0.09437882061043347,scot1245,converged,0.14764753501300287,1.5417251518769128,Scottish Gaelic,Eurasia,Indo-European,-5.24366,56.7574,58700,other
wind_group,-5.9578521923046734,0.008998002000740201,converged,-5.727566543067901,0.14911632967019253,tson1249,converged,0.2302856492367722,1.541531607198608,Tsonga,Africa,Atlantic-Congo,31.8105,-23.5754,3650000,other
wind_group,-5.9578521923046734,0.008998002000740201,converged,-5.6313635118188285,0.212036568293348,gari1256,converged,0.3264886804858449,1.5383907863856452,Garifuna,North America,Arawakan,273.09090000000003,15.3529,130800,other
dance_group,-7.253315279651133,0.017805314144472898,converged,-6.719002584213884,0.3474919168138273,lega1249,converged,0.534312695437249,1.5356117142887518,Lega-Shabunda,Africa,Atlantic-Congo,27.1424,-3.83196,400000,other
smell_group,-6.4695167475009825,0.009740427525109643,converged,-6.1320954580653755,0.21999942900911368,east2542,converged,0.337421289435607,1.5322360617827397,Eastern Ojibwa,North America,Algic,280.2497,45.0112,25900,hunter-gatherer
ice_group,-7.612487188014121,0.01790479757416687,converged,-7.001653302593613,0.39833428181829195,shos1248,converged,0.610833885420508,1.5319237477299155,Shoshoni,North America,Uto-Aztecan,244,41,2910,hunter-gatherer
smell_group,-6.4695167475009825,0.009740427525109643,converged,-6.240247073810362,0.1493934058392604,dagb1246,converged,0.22926967369062012,1.5314190448328844,Dagbani,Africa,Atlantic-Congo,-0.43227,9.64745,800000,other
snow_group,-7.416197459846801,0.016251105602529504,converged,-7.161606915902225,0.16550890453270134,nort2690,converged,0.2545905439445759,1.5308668218519772,Northern Uzbek,Eurasia,Turkic,69.211,40.886,17695000,other
snow_group,-7.416197459846801,0.016251105602529504,converged,-6.88651479856834,0.3461518939114175,tuvi1240,converged,0.5296826612784606,1.5285194029500924,Tuvinian,Eurasia,Turkic,94.36667,51.7,264400,other
dance_group,-7.253315279651133,0.017805314144472898,converged,-6.796829435172896,0.29818197291401355,osag1243,converged,0.45648584447823737,1.5281748245409787,Osage,North America,Siouan,263.7051,36.7828,100,hunter-gatherer
snow_group,-7.416197459846801,0.016251105602529504,converged,-6.887689062450336,0.34615177675521397,lada1244,converged,0.5285083973964646,1.5251313133526843,Leh Ladakhi,Eurasia,Sino-Tibetan,80.6013,33.468,150000,other
taste_group,-6.6616898200504995,0.00856555621078967,converged,-6.310258255629992,0.23027675184921717,west2555,converged,0.3514315644205075,1.5250723011265368,Western Bukidnon Manobo,Papunesia,Austronesian,124.825,7.6682,19000,other
wind_group,-5.9578521923046734,0.008998002000740201,converged,-5.680808731805296,0.18146791510300722,choc1276,converged,0.2770434604993772,1.5248068174258127,Choctaw,North America,Muskogean,271.5,32.25,11400,other
snow_group,-7.416197459846801,0.016251105602529504,converged,-7.029847035266168,0.25291220359849087,mush1238,converged,0.38635042458063307,1.524463012098998,Mushungulu,Africa,Atlantic-Congo,42.6626,0.00689,23000,other
rain_group,-6.603067545596872,0.011688275163570797,converged,-6.217844078576174,0.2524540170499912,boko1267,converged,0.38522346702069754,1.5242825552449202,Bokobaru,Africa,Mande,3.80058,9.52724,30000,other
taste_group,-6.6616898200504995,0.00856555621078967,converged,-6.3805846180713575,0.18453150808396704,mapu1244,converged,0.281105201979142,1.5217068151194753,Mapun,Papunesia,Austronesian,118.75,6.09061,42470,other
smell_group,-6.4695167475009825,0.009740427525109643,converged,-6.226469531847035,0.15944780329707792,monn1252,converged,0.24304721565394782,1.5214695565982392,Mon,Eurasia,Austroasiatic,98.122465,15.49394,851000,other
wind_group,-5.9578521923046734,0.008998002000740201,converged,-5.674568393007047,0.1862779480990464,maga1263,converged,0.28328379929762626,1.5189875525237957,Mag-Anchi Ayta,Papunesia,Austronesian,120.459,15.1954,8200,hunter-gatherer
wind_group,-5.9578521923046734,0.008998002000740201,converged,-5.606499158009807,0.23138701835461026,wira1265,converged,0.3513530342948661,1.5173179405373272,Wirangu,Australia,Pama-Nyungan,134,-32,100,hunter-gatherer
ice_group,-7.612487188014121,0.01790479757416687,converged,-7.07897671967934,0.3512519818189588,jica1244,converged,0.5335104683347813,1.5169129699505646,Jicarilla Apache,North America,Athabaskan-Eyak-Tlingit,252.993,36.8079,680,hunter-gatherer
wind_group,-5.9578521923046734,0.008998002000740201,converged,-5.761637598221979,0.12904617842239482,halh1238,converged,0.19621459408269448,1.5168162700600858,Halh Mongolian,Eurasia,Mongolic-Khitan,106.28874,48.32397,2332660,other
dance_group,-7.253315279651133,0.017805314144472898,converged,-6.908806551619381,0.22660327647859227,monn1252,converged,0.3445087280317525,1.515645023149995,Mon,Eurasia,Austroasiatic,98.122465,15.49394,851000,other
snow_group,-7.416197459846801,0.016251105602529504,converged,-6.901930375225721,0.34007224118610174,cher1273,converged,0.5142670846210802,1.5105052145096345,Cherokee,North America,Iroquoian,276.837,35.4664,16400,other
taste_group,-6.6616898200504995,0.00856555621078967,converged,-6.485575281721955,0.11630503275951536,efik1245,converged,0.1761145383285445,1.5101569710641571,Efik,Africa,Atlantic-Congo,8.38121,4.89379,400000,other
taste_group,-6.6616898200504995,0.00856555621078967,converged,-6.2545650259783585,0.26975127476420047,cari1275,converged,0.40712479407214097,1.50849963623196,Caribbean Hindustani,South America,Indo-European,304.666832,5.722918,150000,other
ice_group,-7.612487188014121,0.01790479757416687,converged,-7.216866653903261,0.26199441336746027,nort3139,converged,0.3956205341108605,1.506520303369997,Levantine Arabic,Eurasia,Afro-Asiatic,36.0468,34.1709,13300000,other
wind_group,-5.9578521923046734,0.008998002000740201,converged,-5.624533984966776,0.22135871240301166,ipai1240,converged,0.3333182073378973,1.504540604342752,Ipai,North America,Cochimi-Yuman,243.007,33.005,3200,other
smell_group,-6.4695167475009825,0.009740427525109643,converged,-6.153927683961221,0.20999228515798132,uppe1439,converged,0.31558906353976113,1.5012461479909576,Upper Chehalis,North America,Salishan,236.831,46.7981,691,hunter-gatherer
ice_group,-7.612487188014121,0.01790479757416687,converged,-7.076866517919243,0.35660788454927334,arom1237,converged,0.535620670094878,1.5000981243026525,Aromanian,Eurasia,Indo-European,21.2,40.616,69700,other
smell_group,-6.4695167475009825,0.009740427525109643,converged,-6.295757167025991,0.11609191032573594,nyan1308,converged,0.17375958047499118,1.4915008761605837,Nyanja,Africa,Atlantic-Congo,32.8108,-14.8047,8402000,other
rain_group,-6.603067545596872,0.011688275163570797,converged,-6.44697086009238,0.10401077405111862,minn1241,converged,0.15609668550449207,1.4913869108347226,Min Nan Chinese,Eurasia,Sino-Tibetan,118.17,24.5,40700000,other
wind_group,-5.9578521923046734,0.008998002000740201,converged,-5.680821050746345,0.18563778745007317,nort2671,converged,0.27703114155832864,1.4905708980737578,North Saami,Eurasia,Uralic,22.1113,68.725,20700,other
wind_group,-5.9578521923046734,0.008998002000740201,converged,-5.920160868228429,0.023637337963848235,mand1415,converged,0.03769132407624465,1.4902439417829887,Mandarin Chinese,Eurasia,Sino-Tibetan,116.228,40.0209,844355000,other
wind_group,-5.9578521923046734,0.008998002000740201,converged,-5.682738557013004,0.18483224587173816,maya1287,converged,0.2751136352916692,1.4866897894186877,Mayan,North America,Mayan,267.1557966206964,17.423987813269193,6000000,other
ice_group,-7.612487188014121,0.01790479757416687,converged,-7.019915911273516,0.3983326591948458,utes1238,converged,0.5925712767406051,1.4861285909717483,Ute-Southern Paiute,North America,Uto-Aztecan,249.695,40.0965,1980,hunter-gatherer
dance_group,-7.253315279651133,0.017805314144472898,converged,-6.686413971072038,0.3811747035487733,bela1256,converged,0.5669013085790953,1.4856280582661987,Belanda Bor,Africa,Nilotic,27.8232,6.6503,8000,other
smell_group,-6.4695167475009825,0.009740427525109643,converged,-6.1447034844458,0.21854041232654428,cent2292,converged,0.32481326305518277,1.4848105930145943,Central Bontoc,Papunesia,Austronesian,120.92,17.08,19600,other
rain_group,-6.603067545596872,0.011688275163570797,converged,-6.226956260709006,0.25320052924945974,ewee1241,converged,0.37611128488786605,1.483848353917896,Ewe,Africa,Atlantic-Congo,0.814975,6.46061,3112000,other
rain_group,-6.603067545596872,0.011688275163570797,converged,-6.191687714474686,0.27710713091345784,awap1236,converged,0.41137983112218635,1.4832327487358241,Awa,Papunesia,Nuclear Trans New Guinea,145.714,-6.65534,2050,other
dance_group,-7.253315279651133,0.017805314144472898,converged,-6.737298453348345,0.3474900354139485,moki1238,converged,0.5160168263027884,1.4830374966512248,Mokilese,Papunesia,Austronesian,159.776,6.65651,1050,other
wind_group,-5.9578521923046734,0.008998002000740201,converged,-5.670436078114539,0.1939211137168288,angg1239,converged,0.28741611419013413,1.4805361077622567,Angguruk Yali,Papunesia,Nuclear Trans New Guinea,139.457,-4.0836,15000,other
taste_group,-6.6616898200504995,0.00856555621078967,converged,-6.3341590960763625,0.22143100962763324,temi1246,converged,0.32753072397413696,1.4780492953120692,Temiar,Eurasia,Austroasiatic,101.438,4.974,25725,other
ice_group,-7.612487188014121,0.01790479757416687,converged,-7.0336633437863405,0.3913674156035199,bret1244,converged,0.5788238442277809,1.4774327929328046,Breton,Eurasia,Indo-European,-3.78934,48.2452,500000,other
dance_group,-7.253315279651133,0.017805314144472898,converged,-6.7399153079758465,0.3474897691194597,mart1256,converged,0.5133999716752866,1.4755177581792984,Martu Wangka,Australia,Pama-Nyungan,123.66842240336,-23.350911655789,720,hunter-gatherer
rain_group,-6.603067545596872,0.011688275163570797,converged,-6.246843016595045,0.24244008642729242,buli1254,converged,0.35622452900182733,1.467625541485394,Buli,Africa,Atlantic-Congo,-1.26748,10.5763,150000,other
smell_group,-6.4695167475009825,0.009740427525109643,converged,-6.1351678721408955,0.22795770725183484,coma1245,converged,0.33434887536008695,1.4653773879333964,Comanche,North America,Uto-Aztecan,259,34,200,hunter-gatherer
snow_group,-7.416197459846801,0.016251105602529504,converged,-6.875761870238861,0.36946737049080175,zuni1245,converged,0.5404355896079398,1.4613294696835661,Zuni,North America,isolate_zuni1245,251.218,35.0056,9650,other
ice_group,-7.612487188014121,0.01790479757416687,converged,-7.0712662585072685,0.3705120901690834,cent2087,converged,0.5412209295068529,1.4590349530637767,Coastal-Naga Bikol,Papunesia,Austronesian,123.403,13.7574,2500000,other
snow_group,-7.416197459846801,0.016251105602529504,converged,-7.019076284286408,0.2724136246159243,hait1244,converged,0.39712117556039317,1.4552003842504972,Haitian,North America,Indo-European,287.863885,18.795135,7489840,other
snow_group,-7.416197459846801,0.016251105602529504,converged,-7.029533843574255,0.2652208463012092,ukra1253,converged,0.3866636162725463,1.455163866657534,Ukrainian,Eurasia,Indo-European,29.945,49.796,31651360,other
smell_group,-6.4695167475009825,0.009740427525109643,converged,-6.150161075077578,0.21999781301375076,ewee1241,converged,0.3193556724234048,1.4502104060249907,Ewe,Africa,Atlantic-Congo,0.814975,6.46061,3112000,other
taste_group,-6.6616898200504995,0.00856555621078967,converged,-6.330434775318871,0.22832741256858946,mang1401,converged,0.3312550447316287,1.449769848737691,Mangareva,Papunesia,Austronesian,225.03,-23.1095,1600,hunter-gatherer
rain_group,-6.603067545596872,0.011688275163570797,converged,-6.249279726398209,0.24422247544919595,kyak1244,converged,0.3537878191986632,1.4469730454344583,Kyaka,Papunesia,Nuclear Trans New Guinea,144.119,-5.52462,15400,other
dance_group,-7.253315279651133,0.017805314144472898,converged,-6.713621406000102,0.3726567812525183,reel1238,converged,0.5396938736510313,1.4465828289204434,Reel,Africa,Nilotic,30.49451,6.32234,50000,other
smell_group,-6.4695167475009825,0.009740427525109643,converged,-6.362367418513552,0.07347802262092469,swah1253,converged,0.10714932898743079,1.4456036932779293,Swahili,Africa,Atlantic-Congo,37.624,-8.25605,675000,other
taste_group,-6.6616898200504995,0.00856555621078967,converged,-6.6122503527638035,0.03311610619112821,nucl1643,converged,0.049439467286696015,1.445348097154866,Japanese,Eurasia,Japonic,135,35,121563000,other
ice_group,-7.612487188014121,0.01790479757416687,converged,-7.063746846372109,0.3797764080747101,sema1266,converged,0.548740341642012,1.4433005824769787,Semai,Eurasia,Austroasiatic,101.477,4.13257,43900,other
snow_group,-7.416197459846801,0.016251105602529504,converged,-6.932789536954336,0.33461479325911125,kwak1269,converged,0.48340792289246526,1.442969134423643,Kwak'wala,North America,Wakashan,232.692,50.9269,190,hunter-gatherer
dance_group,-7.253315279651133,0.017805314144472898,converged,-6.7855637757181855,0.32462748004732034,sout2832,converged,0.4677515039329476,1.4387244932600356,Southwestern Dinka,Africa,Nilotic,28.0613,8.81115,450000,other
smell_group,-6.4695167475009825,0.009740427525109643,converged,-6.179039960337688,0.20180790565318732,toke1240,converged,0.2904767871632945,1.437699034505507,Tokelau,Papunesia,Austronesian,188.219167,-9.227642,3250,hunter-gatherer
smell_group,-6.4695167475009825,0.009740427525109643,converged,-6.176105544180548,0.20387635523770786,nucl1706,converged,0.29341120332043413,1.4375228099673454,Neo-Mandaic,Eurasia,Afro-Asiatic,48.8128,31.3443,500,other
ice_group,-7.612487188014121,0.01790479757416687,converged,-6.981612200456264,0.43919524605020116,mesk1242,converged,0.6308749875578572,1.4352418375777207,Meskwaki,North America,Algic,271,44,250,hunter-gatherer
rain_group,-6.603067545596872,0.011688275163570797,converged,-6.202558292100024,0.27904322170810164,zigu1244,converged,0.40050925349684796,1.4340372158319192,Zigula-Mushungulu,Africa,Atlantic-Congo,38.41138,-5.61864,355000,other
taste_group,-6.6616898200504995,0.00856555621078967,converged,-6.328788221852752,0.23232528858356188,turk1308,converged,0.3329015981977479,1.431938694983307,Turkana,Africa,Nilotic,35.7101,4.30688,476200,other
taste_group,-6.6616898200504995,0.00856555621078967,converged,-6.53163776357626,0.09059295297875405,sinh1246,converged,0.13005205647423956,1.4291907774177086,Sinhala,Eurasia,Indo-European,81,8,15500000,other
ice_group,-7.612487188014121,0.01790479757416687,converged,-7.0428677770149735,0.39833066149945606,kati1270,converged,0.5696194109991479,1.4285740176829183,Katë,Eurasia,Indo-European,70.9826,35.4145,19400,other
ice_group,-7.612487188014121,0.01790479757416687,converged,-7.062495884485489,0.38522788854665024,kwak1269,converged,0.5499913035286328,1.4261641540364325,Kwak'wala,North America,Wakashan,232.692,50.9269,190,hunter-gatherer
taste_group,-6.6616898200504995,0.00856555621078967,converged,-6.341040993990369,0.2247130569906149,tiwi1244,converged,0.3206488260601308,1.425890148383077,Tiwi,Australia,isolate_tiwi1244,130.949,-11.6308,1830,hunter-gatherer
rain_group,-6.603067545596872,0.011688275163570797,converged,-6.480385083888852,0.0855977404648414,swah1253,converged,0.12268246170801955,1.4200663135443243,Swahili,Africa,Atlantic-Congo,37.624,-8.25605,675000,other
rain_group,-6.603067545596872,0.011688275163570797,converged,-6.229029515563475,0.26365383730127934,tivv1240,converged,0.37403803003339675,1.4172788951115103,Tiv,Africa,Atlantic-Congo,9.26287,6.88039,2210000,other
wind_group,-5.9578521923046734,0.008998002000740201,converged,-5.698871118118474,0.18253403849879418,plau1238,converged,0.25898107418619976,1.4170890423540003,Plautdietsch,North America,Indo-European,250.646132,49.578028,84900,other
snow_group,-7.416197459846801,0.016251105602529504,converged,-6.9046923899989565,0.3606754951889261,coas1301,converged,0.5115050698478445,1.416748974110682,Coast Miwok,North America,Miwok-Costanoan,237.006,38.3285,2000,hunter-gatherer
rain_group,-6.603067545596872,0.011688275163570797,converged,-6.2200906725285074,0.27190890475958096,west2599,converged,0.3829768730683645,1.4071754342363747,West Kewa,Papunesia,Nuclear Trans New Guinea,143.73,-6.32097,45000,other
rain_group,-6.603067545596872,0.011688275163570797,converged,-6.21795623452035,0.2735464243133344,beng1286,converged,0.3851113110765221,1.4065628394394967,Beng,Africa,Mande,-4.23539,7.78122,17000,other
taste_group,-6.6616898200504995,0.00856555621078967,converged,-6.325920370439962,0.23919406073623206,araw1276,converged,0.33576944961053723,1.4028540949760875,Lokono,South America,Arawakan,303.0757,5.64295,2450,other
smell_group,-6.4695167475009825,0.009740427525109643,converged,-6.240456199217723,0.1629968345568342,mikm1235,converged,0.22906054828325928,1.402804208232426,Mi'kmaq,North America,Algic,296,46,9290,hunter-gatherer
smell_group,-6.4695167475009825,0.009740427525109643,converged,-6.185489462425784,0.2026579657058847,ngaa1240,converged,0.28402728507519814,1.3998945822740039,Ngaanyatjarra,Australia,Pama-Nyungan,127.602,-25.7514,990,hunter-gatherer
smell_group,-6.4695167475009825,0.009740427525109643,converged,-6.1701626537683945,0.2140935625190151,iqui1243,converged,0.29935409373258803,1.3967947201224984,Iquito,South America,Zaparoan,286.02954,-3.31233,100,other
snow_group,-7.416197459846801,0.016251105602529504,converged,-6.922863826449036,0.3529665195463638,shos1248,converged,0.49333363339776515,1.3961992056922452,Shoshoni,North America,Uto-Aztecan,244,41,2910,hunter-gatherer
smell_group,-6.4695167475009825,0.009740427525109643,converged,-6.242693076963356,0.16224088524639302,shil1265,converged,0.22682367053762675,1.3955544438647243,Shilluk,Africa,Nilotic,31.7926,9.85472,175000,other
rain_group,-6.603067545596872,0.011688275163570797,converged,-6.196970592524944,0.2907678637101347,didi1258,converged,0.40609695307192784,1.3955092692103137,Didinga,Africa,Surmic,33.6869,4.21489,60000,other
smell_group,-6.4695167475009825,0.009740427525109643,converged,-6.145808882792457,0.23246309228485287,wuch1236,converged,0.32370786470852586,1.3912921389521569,Wu Chinese,Eurasia,Sino-Tibetan,119.682,29.8621,77200000,other
rain_group,-6.603067545596872,0.011688275163570797,converged,-6.411153364982963,0.13757132864017382,efik1245,converged,0.1919141806139093,1.3900079831161012,Efik,Africa,Atlantic-Congo,8.38121,4.89379,400000,other
smell_group,-6.4695167475009825,0.009740427525109643,converged,-6.140817447926608,0.23637858025802178,nezp1238,converged,0.3286992995743745,1.3893838732947947,Nez Perce,North America,Sahaptian,243.592,46.3073,200,hunter-gatherer
ice_group,-7.612487188014121,0.01790479757416687,converged,-7.415980942639312,0.14062875185659288,nucl1301,converged,0.19650624537480965,1.3861506819650309,Turkish,Eurasia,Turkic,32.8667,39.8667,47644500,other
smell_group,-6.4695167475009825,0.009740427525109643,converged,-6.123458749584522,0.250015008617135,giky1238,converged,0.34605799791646064,1.3830996361602852,Gikyode,Africa,Atlantic-Congo,0.56975,8.39478,10400,other
wind_group,-5.9578521923046734,0.008998002000740201,converged,-5.700520133744064,0.18584588080136905,uppe1439,converged,0.2573320585606096,1.3830329388871103,Upper Chehalis,North America,Salishan,236.831,46.7981,691,hunter-gatherer
smell_group,-6.4695167475009825,0.009740427525109643,converged,-6.160999040845333,0.22322114519093436,boko1266,converged,0.3085177066556497,1.3808028977625038,Boko,Africa,Mande,3.71771,10.5189,110000,other
smell_group,-6.4695167475009825,0.009740427525109643,converged,-6.124384271169256,0.2500148768487459,kapi1249,converged,0.3451324763317265,1.3794013041722002,Kapingamarangi,Papunesia,Austronesian,154.797223,1.039166,3000,other
wind_group,-5.9578521923046734,0.008998002000740201,converged,-5.675032590511131,0.20520576002189783,yana1271,converged,0.28281960179354204,1.3769014262290658,Yana,North America,isolate_yana1271,238.392,39.2769,1500,hunter-gatherer
snow_group,-7.416197459846801,0.016251105602529504,converged,-7.252110344258483,0.11807901194262105,nucl1301,converged,0.1640871155883179,1.3766612524065733,Turkish,Eurasia,Turkic,32.8667,39.8667,47644500,other
smell_group,-6.4695167475009825,0.009740427525109643,converged,-6.128576548744728,0.2479855919953163,kati1270,converged,0.3409401987562548,1.373779430469076,Katë,Eurasia,Indo-European,70.9826,35.4145,19400,other
smell_group,-6.4695167475009825,0.009740427525109643,converged,-6.170460318984696,0.21784359387559132,yoga1237,converged,0.29905642851628667,1.3714331776728972,Yogad,Papunesia,Austronesian,121.718,16.7015,16000,other
smell_group,-6.4695167475009825,0.009740427525109643,converged,-6.143378200943648,0.23780437257652268,baba1267,converged,0.32613854655733476,1.3703083091829074,Baba Malay,Eurasia,Austronesian,103.076,1.75414,15000,other
rain_group,-6.603067545596872,0.011688275163570797,converged,-6.220516468393795,0.2790410493529884,anuf1239,converged,0.38255107720307713,1.3697479901616343,Anufo,Africa,Atlantic-Congo,0.56021,10.2839,137600,other
wind_group,-5.9578521923046734,0.008998002000740201,converged,-5.643463014619683,0.22974505299908107,powh1243,converged,0.31438917768499053,1.367378005743011,Powhatan,North America,Algic,282.79248,36.99422,8000,other
rain_group,-6.603067545596872,0.011688275163570797,converged,-6.201483300943085,0.2936250655204859,beja1238,converged,0.4015842446537867,1.3665946743123036,Beja,Africa,Afro-Asiatic,36.6666,17.2436,1109000,other
smell_group,-6.4695167475009825,0.009740427525109643,converged,-6.248420479293831,0.16153767967175808,vend1245,converged,0.22109626820715178,1.366216369692622,Venda,Africa,Atlantic-Congo,29.9523,-22.188,1064000,other
smell_group,-6.4695167475009825,0.009740427525109643,converged,-6.173182984796791,0.21717019009875752,chan1313,converged,0.2963337627041911,1.3631527854668646,Chang Naga,Eurasia,Sino-Tibetan,94.9536,26.4336,60900,other
snow_group,-7.416197459846801,0.016251105602529504,converged,-6.996333861340451,0.3078808269538961,chan1310,converged,0.4198635985063497,1.3618253720673186,Chantyal,Eurasia,Sino-Tibetan,83.4488,28.684,2000,other
taste_group,-6.6616898200504995,0.00856555621078967,converged,-6.380229808830331,0.2066470220617635,moro1292,converged,0.28146001122016884,1.3608641869886384,Moroccan Arabic,Africa,Afro-Asiatic,-7.5,32.5,20140000,other
dance_group,-7.253315279651133,0.017805314144472898,converged,-6.772858731020835,0.3527430039081609,nzim1238,converged,0.48045654863029785,1.3603264493757314,Nzima,Africa,Atlantic-Congo,-2.81123,5.1785,328700,other
smell_group,-6.4695167475009825,0.009740427525109643,converged,-6.166827093561697,0.22237258216539063,nyol1238,converged,0.3026896539392858,1.359878506111114,Nyole,Africa,Atlantic-Congo,33.9181,0.88072,341000,other
smell_group,-6.4695167475009825,0.009740427525109643,converged,-6.176509709810817,0.21526944569972484,ibib1240,converged,0.2930070376901659,1.359726426203698,Ibibio,Africa,Atlantic-Congo,7.86688,5.15279,6259000,other
rain_group,-6.603067545596872,0.011688275163570797,converged,-6.235224362493983,0.2703545083814591,atay1247,converged,0.367843183102889,1.359325937463555,Atayal,Papunesia,Austronesian,121.388,24.5209,84300,other
snow_group,-7.416197459846801,0.016251105602529504,converged,-6.9136036100289076,0.3694629757959078,ipai1240,converged,0.5025938498178935,1.3590221249027474,Ipai,North America,Cochimi-Yuman,243.007,33.005,3200,other
ice_group,-7.612487188014121,0.01790479757416687,converged,-7.179388961710835,0.31889034977329245,uigh1240,converged,0.43309822630328654,1.3560057990379075,Uighur,Eurasia,Turkic,87.38,43.88,8701000,other
wind_group,-5.9578521923046734,0.008998002000740201,converged,-5.712051189243299,0.18117940894677112,toho1245,converged,0.24580100306137442,1.3550018438596296,Tohono O'odham,North America,Uto-Aztecan,248.005,31.7973,9600,other
taste_group,-6.6616898200504995,0.00856555621078967,converged,-6.330515194195177,0.2444839169992289,iraq1241,converged,0.3311746258553221,1.3537559588410146,Iraqw,Africa,Afro-Asiatic,35.2939,-4.19948,462000,other
ice_group,-7.612487188014121,0.01790479757416687,converged,-7.392802462669008,0.16172886124979532,olde1238,converged,0.21968472534511374,1.3501034968251606,Old English,Eurasia,Indo-European,-1.31,51.06,2250000,other
smell_group,-6.4695167475009825,0.009740427525109643,converged,-6.18243348400654,0.21244897960365133,maga1263,converged,0.28708326349444224,1.3498864745843524,Mag-Anchi Ayta,Papunesia,Austronesian,120.459,15.1954,8200,hunter-gatherer
taste_group,-6.6616898200504995,0.00856555621078967,converged,-6.3612784677939604,0.22303119047192865,saur1248,converged,0.30041135225653903,1.3459554656626571,Saurashtra,Eurasia,Indo-European,77.9427,9.99172,310000,other
snow_group,-7.416197459846801,0.016251105602529504,converged,-6.889480113992186,0.39139363901082924,thom1243,converged,0.5267173458546148,1.3445898149244873,Thompson,North America,Salishan,239.807,50.1668,720,hunter-gatherer
taste_group,-6.6616898200504995,0.00856555621078967,converged,-6.347006413206752,0.23448640416858219,baba1267,converged,0.3146834068437476,1.3411168379497482,Baba Malay,Eurasia,Austronesian,103.076,1.75414,15000,other
wind_group,-5.9578521923046734,0.008998002000740201,converged,-5.673363992455447,0.2120298474489161,tuni1252,converged,0.2844881998492266,1.3405300070153365,Tunica,North America,isolate_tuni1252,267.4597,30.9888,100,other
smell_group,-6.4695167475009825,0.009740427525109643,converged,-6.154972449886273,0.23501415037565612,sadr1248,converged,0.3145442976147095,1.3372577158669958,Sadri,Eurasia,Indo-European,84.8114,23.6585,1970000,other
taste_group,-6.6616898200504995,0.00856555621078967,converged,-6.409954378185124,0.18844258271807773,lepc1244,converged,0.25173544186537544,1.3344955487472059,Lepcha,Eurasia,Sino-Tibetan,88.5726,27.0869,52830,other
dance_group,-7.253315279651133,0.017805314144472898,converged,-6.864537579485052,0.2908714160634247,muna1247,converged,0.3887777001660808,1.3340992677489374,Muna,Papunesia,Austronesian,122.541,-5.40419,300000,other
dance_group,-7.253315279651133,0.017805314144472898,converged,-6.782186935959454,0.35274204781902346,bond1245,converged,0.4711283436916789,1.3339189183320654,Bondo,Eurasia,Austroasiatic,83.8141,19.1512,9000,other
rain_group,-6.603067545596872,0.011688275163570797,converged,-6.2358880146224305,0.2752733438054125,tang1348,converged,0.36717953097444145,1.3326716569142794,Tangga,Papunesia,Austronesian,153.611,-4.08824,5800,other
dance_group,-7.253315279651133,0.017805314144472898,converged,-6.766188667437422,0.3651947675141821,dehu1237,converged,0.4871266122137108,1.3322991118556766,Dehu,Papunesia,Austronesian,167.229,-20.8892,11300,other
ice_group,-7.612487188014121,0.01790479757416687,converged,-7.027461153175535,0.43918985544805855,arik1262,converged,0.5850260348385863,1.3309516887127544,Arikara,North America,Caddoan,260,45,100,other
smell_group,-6.4695167475009825,0.009740427525109643,converged,-6.347145062027401,0.09155204715823519,guja1252,converged,0.12237168547358124,1.329133891871413,Gujarati,Eurasia,Indo-European,71.0962,22.687,45544800,other
taste_group,-6.6616898200504995,0.00856555621078967,converged,-6.455448634360923,0.1549408096426517,chey1247,converged,0.20624118568957606,1.3290672173735079,Cheyenne,North America,Algic,253.341,45.5321,1720,hunter-gatherer
rain_group,-6.603067545596872,0.011688275163570797,converged,-6.312208655783189,0.21858851885972408,anci1244,converged,0.29085888981368324,1.3287247082279303,Ancient Hebrew,Eurasia,Afro-Asiatic,35.1725,31.7761,40000,other
taste_group,-6.6616898200504995,0.00856555621078967,converged,-6.376947584154993,0.21439333008538466,kamb1297,converged,0.2847422358955063,1.327071388010959,Kamba,Africa,Atlantic-Congo,37.9532,-1.60827,3960000,other
wind_group,-5.9578521923046734,0.008998002000740201,converged,-5.669934096074517,0.21681749787993382,sina1266,converged,0.28791809623015663,1.3267862658567715,Sinaugoro,Papunesia,Austronesian,147.861,-9.79791,18000,other
wind_group,-5.9578521923046734,0.008998002000740201,converged,-5.671359231632845,0.2157890636615841,arap1274,converged,0.2864929606718283,1.3265001132237721,Arapaho,North America,Algic,251.19,43.3879,1040,hunter-gatherer
snow_group,-7.416197459846801,0.016251105602529504,converged,-7.028855916296387,0.2921853619847888,nort2697,converged,0.3873415435504137,1.323624867810177,North Azerbaijani,Eurasia,Turkic,46.4737,40.97768,6460000,other
smell_group,-6.4695167475009825,0.009740427525109643,converged,-6.166282184841773,0.22901393214741145,naka1262,converged,0.30323456265920967,1.3228918420386295,Nakanai,Papunesia,Austronesian,150.888,-5.59931,13000,other
rain_group,-6.603067545596872,0.011688275163570797,converged,-6.228491933156876,0.2832827140272201,kapi1249,converged,0.3745756124399957,1.3211437278960465,Kapingamarangi,Papunesia,Austronesian,154.797223,1.039166,3000,other
snow_group,-7.416197459846801,0.016251105602529504,converged,-6.898866255072435,0.39139240230199546,jeha1242,converged,0.5173312047743659,1.3206332931743126,Jehai,Eurasia,Austroasiatic,101.541,5.63695,1000,hunter-gatherer
rain_group,-6.603067545596872,0.011688275163570797,converged,-6.444365108011694,0.11974064719290174,fiji1243,converged,0.15870243758517777,1.319115236384457,Fijian,Papunesia,Austronesian,178.33,-18,333440,other
ice_group,-7.612487188014121,0.01790479757416687,converged,-7.2365777138903304,0.2862633517141848,hmon1264,converged,0.37590947412379094,1.310598541415247,Hmong Njua,Eurasia,Hmong-Mien,101.95,22.5638,210000,other
snow_group,-7.416197459846801,0.016251105602529504,converged,-7.103963233218162,0.23775650523242012,corn1251,converged,0.31223422662863864,1.310195050398226,Cornish,Eurasia,Indo-European,-4.18619,50.5233,468425,other
dance_group,-7.253315279651133,0.017805314144472898,converged,-6.832389617231695,0.32181848489244425,lisu1250,converged,0.42092566241943796,1.3059625534309491,Lisu,Eurasia,Sino-Tibetan,98.94,26.91,766000,other
dance_group,-7.253315279651133,0.017805314144472898,converged,-6.799152810455186,0.3474839236995898,awap1236,converged,0.45416246919594716,1.3052903560093303,Awa,Papunesia,Nuclear Trans New Guinea,145.714,-6.65534,2050,other
wind_group,-5.9578521923046734,0.008998002000740201,converged,-5.69526455406849,0.2010348075462965,gilb1244,converged,0.2625876382361838,1.304873583048869,Gilbertese,Papunesia,Austronesian,173.64,0.179,66110,other
rain_group,-6.603067545596872,0.011688275163570797,converged,-6.272326066476865,0.2547756403316289,kwom1262,converged,0.3307414791200065,1.296803632646843,Kwoma,Papunesia,Sepik,142.664,-4.08721,3000,hunter-gatherer
dance_group,-7.253315279651133,0.017805314144472898,converged,-6.78784460851668,0.35860566384583537,cayu1262,converged,0.46547067113445273,1.296404436896974,Cayubaba,South America,isolate_cayu1262,294.51779999999997,-13.2482,1246,other
snow_group,-7.416197459846801,0.016251105602529504,converged,-7.103998563609798,0.24063917289286943,nucl1302,converged,0.31219889623700325,1.294425146815335,Georgian,Eurasia,Kartvelian,43.78613,41.850397,4016300,other
taste_group,-6.6616898200504995,0.00856555621078967,converged,-6.392512293783276,0.208655974272787,misi1242,converged,0.2691775262672236,1.2889686264850255,Mising-Padam-Miri-Minyong,Eurasia,Sino-Tibetan,94.69,27.418,571000,other
smell_group,-6.4695167475009825,0.009740427525109643,converged,-6.1589467457286515,0.24086335092727001,mala1533,converged,0.31057000177233096,1.2883502784227197,Malacca-Batavia Portuguese Creole,Eurasia,Indo-European,102.262059,2.188087,1000,other
ice_group,-7.612487188014121,0.01790479757416687,converged,-7.123334823133658,0.3797722627128865,wuch1236,converged,0.48915236488046343,1.2865858926029112,Wu Chinese,Eurasia,Sino-Tibetan,119.682,29.8621,77200000,other
taste_group,-6.6616898200504995,0.00856555621078967,converged,-6.557997274121762,0.08014873434003063,nucl1305,converged,0.10369254592873745,1.286425998682954,Kannada,Eurasia,Dravidian,76.1198,13.5878,35300000,other
smell_group,-6.4695167475009825,0.009740427525109643,converged,-6.297624710534076,0.133354505351862,tong1325,converged,0.17189203696690658,1.2855608779322434,Tonga,Papunesia,Austronesian,184.75,-21.17,102290,other
rain_group,-6.603067545596872,0.011688275163570797,converged,-6.286890820575686,0.24569572147903807,chip1241,converged,0.31617672502118577,1.2854092772856935,Chippewa,North America,Algic,265.7262,47.347,5000,hunter-gatherer
wind_group,-5.9578521923046734,0.008998002000740201,converged,-5.686231685736535,0.21116751769523262,bret1244,converged,0.2716205065681381,1.285113627467907,Breton,Eurasia,Indo-European,-3.78934,48.2452,500000,other
smell_group,-6.4695167475009825,0.009740427525109643,converged,-6.299349214240671,0.13229299942248587,bora1271,converged,0.17016753326031164,1.282820396341543,Borana-Arsi-Guji Oromo,Africa,Afro-Asiatic,37.882,1.05676,3823600,other
smell_group,-6.4695167475009825,0.009740427525109643,converged,-6.1611923950925345,0.2408630754534755,west2599,converged,0.308324352408448,1.2790360194829966,West Kewa,Papunesia,Nuclear Trans New Guinea,143.73,-6.32097,45000,other
rain_group,-6.603067545596872,0.011688275163570797,converged,-6.406474115567338,0.15336543967013577,tong1325,converged,0.19659343002953378,1.2781561018888925,Tonga,Papunesia,Austronesian,184.75,-21.17,102290,other
smell_group,-6.4695167475009825,0.009740427525109643,converged,-6.1977138390498965,0.2124478739386668,osag1243,converged,0.271802908451086,1.278043766507851,Osage,North America,Siouan,263.7051,36.7828,100,hunter-gatherer
snow_group,-7.416197459846801,0.016251105602529504,converged,-7.088389200557825,0.2560588341464994,swat1243,converged,0.32780825928897617,1.2776362398803738,Swati,Africa,Atlantic-Congo,31.5,-26,2034200,other
dance_group,-7.253315279651133,0.017805314144472898,converged,-6.810669542339358,0.3474828268977287,port1286,converged,0.4426457373117749,1.27219457831714,Daakie,Papunesia,Austronesian,168.046,-16.3083,1300,other
taste_group,-6.6616898200504995,0.00856555621078967,converged,-6.505970003214759,0.12215488898777964,assa1263,converged,0.15571981683574077,1.2716510688230718,Assamese,Eurasia,Indo-European,91.2932,26.0876,16709000,other
ice_group,-7.612487188014121,0.01790479757416687,converged,-7.17808059027047,0.34266247429868874,klam1254,converged,0.4344065977436511,1.2660119447546452,Klamath-Modoc,North America,isolate_klam1254,238.296,42.5861,100,hunter-gatherer
smell_group,-6.4695167475009825,0.009740427525109643,converged,-6.183275121727326,0.22595310683425074,rabh1238,converged,0.2862416257736564,1.2656432845431833,Rabha,Eurasia,Sino-Tibetan,91.1689,25.8248,50000,other
ice_group,-7.612487188014121,0.01790479757416687,converged,-7.458466116833798,0.12037937666522121,hebr1245,converged,0.15402107118032315,1.2655420215172821,Modern Hebrew,Eurasia,Afro-Asiatic,35.0179,31.1056,4850000,other
smell_group,-6.4695167475009825,0.009740427525109643,converged,-6.169001021199987,0.23780134533795885,maha1287,converged,0.3005157263009952,1.2626671536014855,Mahasu Pahari,Eurasia,Indo-European,77.5317,31.0088,1000000,other
ice_group,-7.612487188014121,0.01790479757416687,converged,-7.463032847657236,0.11722980640532836,maor1246,converged,0.14945434035688532,1.2602689138870828,Maori,Papunesia,Austronesian,176.541,-38.2881,60000,other
smell_group,-6.4695167475009825,0.009740427525109643,converged,-6.386405384777855,0.06523957814457058,panj1256,converged,0.08311136272312769,1.259975048006482,Eastern Panjabi,Eurasia,Indo-European,75.6702,30.0368,27100000,other
wind_group,-5.9578521923046734,0.008998002000740201,converged,-5.684730078090521,0.21681499870224258,dima1251,converged,0.27312211421415267,1.258617796572781,Dimasa,Eurasia,Sino-Tibetan,93.1806,25.4198,106000,other
wind_group,-5.9578521923046734,0.008998002000740201,converged,-5.8073408467557375,0.11961151523334945,tokp1240,converged,0.15051134554893597,1.2547894415965182,Tok Pisin,Papunesia,Indo-European,147.303,-9.41971,125630,other
wind_group,-5.9578521923046734,0.008998002000740201,converged,-5.7083179820107715,0.19898398135944134,zand1248,converged,0.249534210293902,1.2527615158696797,Zande,Africa,Atlantic-Congo,26.7157,4.62047,1142000,other
snow_group,-7.416197459846801,0.016251105602529504,converged,-6.940315723539496,0.379583890705122,kara1499,converged,0.4758817363073051,1.2525457829461022,Kalamang,Papunesia,West Bomberai,132.678,-3.47037,240,other
dance_group,-7.253315279651133,0.017805314144472898,converged,-6.805334274673483,0.3586038175887894,mwag1236,converged,0.4479810049776498,1.2476995462946432,Mwaghavul,Africa,Afro-Asiatic,8.96522,9.47205,295000,other
wind_group,-5.9578521923046734,0.008998002000740201,converged,-5.846676367748961,0.08872274569215005,nava1243,converged,0.11117582455571284,1.2466752626936533,Navajo,North America,Athabaskan-Eyak-Tlingit,250.62,36.33,149000,other
wind_group,-5.9578521923046734,0.008998002000740201,converged,-5.693362563113887,0.21202674509223157,twee1234,converged,0.2644896291907868,1.2463134259084234,Tweed-Albert,Australia,Pama-Nyungan,153.286993,-28.028726,210,other
taste_group,-6.6616898200504995,0.00856555621078967,converged,-6.429618409208833,0.18637762880203107,khot1251,converged,0.23207141084166683,1.2438548324806329,Khotanese,Eurasia,Indo-European,79.04,38.33,83000,other
taste_group,-6.6616898200504995,0.00856555621078967,converged,-6.37056512709236,0.23448357962526822,nezp1238,converged,0.2911246929581397,1.2407293043760959,Nez Perce,North America,Sahaptian,243.592,46.3073,200,hunter-gatherer
wind_group,-5.9578521923046734,0.008998002000740201,converged,-5.7298974346141565,0.18389128893826812,mans1262,converged,0.22795475769051698,1.2381356261621559,Mansaka,Papunesia,Austronesian,126.181,6.79221,57800,other
taste_group,-6.6616898200504995,0.00856555621078967,converged,-6.355384205420101,0.24738179891658965,kokb1239,converged,0.3063056146303982,1.2374482241282552,Kok Borok,Eurasia,Sino-Tibetan,91.4673,23.1916,696000,other
snow_group,-7.416197459846801,0.016251105602529504,converged,-7.127276075479845,0.23300410899135085,east2304,converged,0.28892138436695625,1.2369790786633248,Eastern Balochi,Eurasia,Indo-European,62,28,1800000,other
taste_group,-6.6616898200504995,0.00856555621078967,converged,-6.343569232608553,0.25734059837073037,pamp1243,converged,0.31812058744194616,1.2355007926993742,Pampanga,Papunesia,Austronesian,120.502,14.9603,1900000,other
smell_group,-6.4695167475009825,0.009740427525109643,converged,-6.2794330531781934,0.15356966561497173,oldk1249,converged,0.19008369432278904,1.2352862414363481,Old Khmer,Eurasia,Austroasiatic,103.866667,13.4125,17000000,other
snow_group,-7.416197459846801,0.016251105602529504,converged,-7.039062110229189,0.30515706585163005,chan1313,converged,0.3771353496176122,1.234124105281733,Chang Naga,Eurasia,Sino-Tibetan,94.9536,26.4336,60900,other
snow_group,-7.416197459846801,0.016251105602529504,converged,-7.107211239559822,0.25011104414597835,hmon1264,converged,0.30898622028697886,1.2327965631336413,Hmong Njua,Eurasia,Hmong-Mien,101.95,22.5638,210000,other
taste_group,-6.6616898200504995,0.00856555621078967,converged,-6.35699811774408,0.24738157956861392,teop1238,converged,0.3046917023064193,1.2309292478815383,Teop,Papunesia,Austronesian,154.971,-5.67474,5000,other
taste_group,-6.6616898200504995,0.00856555621078967,converged,-6.3408277927018695,0.26115933539414565,komn1238,converged,0.32086202734863,1.227946099697583,Kómnjo,Papunesia,Yam,141.5878,-8.70216,200,other
taste_group,-6.6616898200504995,0.00856555621078967,converged,-6.431446630913268,0.18800959727699948,masb1238,converged,0.23024318913723185,1.2233663245514816,Masbatenyo,Papunesia,Austronesian,123.63579,12.21453,350000,other
dance_group,-7.253315279651133,0.017805314144472898,converged,-7.0200850489727795,0.19025887047457082,tong1325,converged,0.23323023067835358,1.2205242487066226,Tonga,Papunesia,Austronesian,184.75,-21.17,102290,other
ice_group,-7.612487188014121,0.01790479757416687,converged,-7.3434784596558975,0.2198398386858079,tswa1253,converged,0.26900872835822387,1.219619445710195,Tswana,Africa,Atlantic-Congo,24.7587,-24.368,4521700,other
taste_group,-6.6616898200504995,0.00856555621078967,converged,-6.378279238891324,0.2323194563325749,sadr1248,converged,0.28341058115917583,1.2190892268080433,Sadri,Eurasia,Indo-European,84.8114,23.6585,1970000,other
smell_group,-6.4695167475009825,0.009740427525109643,converged,-6.162974657430851,0.2521553185351622,nucl1418,converged,0.3065420900701312,1.2147815888100706,Bassa,Africa,Kru,-11.543,7.27501,403000,other
ice_group,-7.612487188014121,0.01790479757416687,converged,-7.119333931339842,0.40629776564013015,kumb1268,converged,0.49315325667427956,1.2125961352415058,Kumbainggar,Australia,Pama-Nyungan,152.913,-29.8189,100,hunter-gatherer
rain_group,-6.603067545596872,0.011688275163570797,converged,-6.291102313236852,0.2573778701341294,nyol1238,converged,0.31196523236001994,1.2108424126397572,Nyole,Africa,Atlantic-Congo,33.9181,0.88072,341000,other
dance_group,-7.253315279651133,0.017805314144472898,converged,-6.802834474337675,0.3726459001326401,tonk1249,converged,0.45048080531345835,1.207493385345452,Tonkawa,North America,isolate_tonk1249,263.25,30.25,1900,hunter-gatherer
rain_group,-6.603067545596872,0.011688275163570797,converged,-6.312637349204418,0.2404606005903285,surs1246,converged,0.29043019639245404,1.2063834959926307,Sursurunga,Papunesia,Austronesian,152.768,-3.99078,3000,other
rain_group,-6.603067545596872,0.011688275163570797,converged,-6.36701703868145,0.19540289449690965,beij1234,converged,0.23605050691542218,1.2058641426104888,Beijing Mandarin,Eurasia,Sino-Tibetan,116.1172766,39.9385466,27000000,other
smell_group,-6.4695167475009825,0.009740427525109643,converged,-6.26276195271577,0.17124638337532197,yaga1260,converged,0.20675479478521286,1.205404424992034,Yagaria,Papunesia,Nuclear Trans New Guinea,145.388,-6.32432,21100,other
snow_group,-7.416197459846801,0.016251105602529504,converged,-6.927723373943217,0.4053484354955516,lopi1242,converged,0.4884740859035839,1.204104772201396,Lopit,Africa,Nilotic,32.7534,4.6986,50000,other
snow_group,-7.416197459846801,0.016251105602529504,converged,-7.104059648629885,0.25926628894749215,aves1237,converged,0.31213781121691575,1.2015693611640947,Avestan,Eurasia,Indo-European,62.112,34.217,150000,other
dance_group,-7.253315279651133,0.017805314144472898,converged,-6.7831396833466915,0.3909846000355874,wari1262,converged,0.4701755963044416,1.2012974768875624,Wariyangga,Australia,Pama-Nyungan,116.927,-24.353,2000,hunter-gatherer
wind_group,-5.9578521923046734,0.008998002000740201,converged,-5.699599876756586,0.21479363410814534,bell1243,converged,0.2582523155480878,1.2012740159109268,Bella Coola,North America,Salishan,233.311,52.3448,100,hunter-gatherer
dance_group,-7.253315279651133,0.017805314144472898,converged,-6.80708420656456,0.372645405621926,abua1244,converged,0.4462310730865733,1.196103754330675,Abua,Africa,Atlantic-Congo,6.61492,4.83057,25000,other
wind_group,-5.9578521923046734,0.008998002000740201,converged,-5.726079296728822,0.19391536501206097,mala1479,converged,0.23177289557585112,1.1939424224235535,Central Malay,Eurasia,Austronesian,103,1.85856,10181000,other
snow_group,-7.416197459846801,0.016251105602529504,converged,-7.027582866165123,0.3252141495477407,coma1245,converged,0.3886145936816776,1.1934606974426507,Comanche,North America,Uto-Aztecan,259,34,200,hunter-gatherer
taste_group,-6.6616898200504995,0.00856555621078967,converged,-6.420404759233016,0.20218922915111748,hais1244,converged,0.2412850608174839,1.192293150679162,Haisla,North America,Wakashan,231.398,53.964,100,hunter-gatherer
smell_group,-6.4695167475009825,0.009740427525109643,converged,-6.1601629830332785,0.2594111072350181,louu1245,converged,0.309353764467704,1.1916834397396296,Lou,Papunesia,Austronesian,147.346,-2.38659,1000,other
taste_group,-6.6616898200504995,0.00856555621078967,converged,-6.510379211454283,0.12689586046713347,cent1972,converged,0.1513106085962166,1.1896926359946487,Central Kurdish,Eurasia,Indo-European,45.8077,35.6539,3712000,other
snow_group,-7.416197459846801,0.016251105602529504,converged,-6.93424472847554,0.40534754641435633,bord1248,converged,0.48195273137126105,1.188032019281507,Border Kuna,South America,Chibchan,282.8336,7.92993,1200,hunter-gatherer
rain_group,-6.603067545596872,0.011688275163570797,converged,-6.301048461612925,0.25396969823245935,saaa1240,converged,0.3020190839839465,1.1879359896011803,Sa'a,Papunesia,Austronesian,161.467,-9.60258,11500,other
taste_group,-6.6616898200504995,0.00856555621078967,converged,-6.3746816104634565,0.24175294865550043,urip1240,converged,0.287008209587043,1.186451836881426,Uripiv,Papunesia,Austronesian,167.34643,-16.00951,351,other
rain_group,-6.603067545596872,0.011688275163570797,converged,-6.425121584293606,0.14956207464852986,lako1247,converged,0.17794596130326568,1.186163288284531,Lakota,North America,Siouan,256.05,46.3699,6189,hunter-gatherer
snow_group,-7.416197459846801,0.016251105602529504,converged,-6.988047805557375,0.36066680508375754,chim1302,converged,0.42814965428942564,1.1859025548581403,Bolivar-North Chimborazo Highland Quichua,South America,Quechuan,281.1479,-1.36727,1000000,other
dance_group,-7.253315279651133,0.017805314144472898,converged,-6.851966256341996,0.338442029112668,busa1253,converged,0.40134902330913746,1.184234572983515,Busa,Africa,Mande,4.39929,9.91074,40000,hunter-gatherer
smell_group,-6.4695167475009825,0.009740427525109643,converged,-6.232591435617727,0.20000366537369563,mapu1244,converged,0.2369253118832555,1.1832025138152173,Mapun,Papunesia,Austronesian,118.75,6.09061,42470,other
rain_group,-6.603067545596872,0.011688275163570797,converged,-6.270402635359802,0.2810912374591575,port1286,converged,0.33266491023707,1.1824548121559326,Daakie,Papunesia,Austronesian,168.046,-16.3083,1300,other
dance_group,-7.253315279651133,0.017805314144472898,converged,-6.852587020132005,0.3384419773607404,atay1247,converged,0.40072825951912794,1.1824031057718962,Atayal,Papunesia,Austronesian,121.388,24.5209,84300,other
dance_group,-7.253315279651133,0.017805314144472898,converged,-7.0148235119692774,0.20134620173153925,sida1246,converged,0.23849176768185565,1.1798816395710197,Sidamo,Africa,Afro-Asiatic,38.3729,6.74176,2900000,other
rain_group,-6.603067545596872,0.011688275163570797,converged,-6.477759345930703,0.1055878601863535,amha1245,converged,0.12530819966616935,1.1795620218349199,Amharic,Africa,Afro-Asiatic,39.543456,11.708182,17400000,other
rain_group,-6.603067545596872,0.011688275163570797,converged,-6.2827180526607656,0.27190231624879624,kwam1252,converged,0.3203494929361064,1.1770915465186893,Kwamera,Papunesia,Austronesian,169.442,-19.5954,3500,other
taste_group,-6.6616898200504995,0.00856555621078967,converged,-6.5817603737584225,0.06742261600430623,nucl1310,converged,0.07992944629207699,1.1760464085146713,Burmese,Eurasia,Sino-Tibetan,93.9665,20.7926,32300000,other
smell_group,-6.4695167475009825,0.009740427525109643,converged,-6.2002500977020265,0.2290105092285735,doro1266,converged,0.269266649798956,1.174720868681436,Doromu-Koki,Papunesia,Manubaran,147.986,-9.56687,1500,other
smell_group,-6.4695167475009825,0.009740427525109643,converged,-6.158416840848107,0.2650727604062599,beja1238,converged,0.3110999066528759,1.172848095314067,Beja,Africa,Afro-Asiatic,36.6666,17.2436,1109000,other
rain_group,-6.603067545596872,0.011688275163570797,converged,-6.267973092252041,0.28560749372651867,gaam1241,converged,0.3350944533448308,1.1722878615538994,Gaam,Africa,Eastern Jebel,33.9797,11.4674,67200,other
rain_group,-6.603067545596872,0.011688275163570797,converged,-6.436361322882877,0.1421238112982731,ilok1237,converged,0.16670622271399527,1.1690181378212203,Iloko,Papunesia,Austronesian,120.993,15.9361,6920000,other
smell_group,-6.4695167475009825,0.009740427525109643,converged,-6.344852755001971,0.10628266695536343,iban1264,converged,0.12466399249901183,1.1680525176793826,Iban,Papunesia,Austronesian,112.934,2.09041,694400,other
ice_group,-7.612487188014121,0.01790479757416687,converged,-7.461708265836449,0.1284094638579764,yuec1235,converged,0.15077892217767275,1.16295337731345,Yue Chinese,Eurasia,Sino-Tibetan,113,23,52025130,other
rain_group,-6.603067545596872,0.011688275163570797,converged,-6.246260135151509,0.3075088550949972,khwa1238,converged,0.3568074104453629,1.1594786261965546,Khwarezmian,Eurasia,Indo-European,60.75,41.68,5000000,other
ice_group,-7.612487188014121,0.01790479757416687,converged,-7.24389298514031,0.31767956656230295,hakk1236,converged,0.36859420287381095,1.1584319470594473,Hakka Chinese,Eurasia,Sino-Tibetan,116,25,28070000,other
ice_group,-7.612487188014121,0.01790479757416687,converged,-7.301991798917365,0.26765344082004583,here1253,converged,0.3104953890967561,1.1574780340819268,Herero,Africa,Atlantic-Congo,20.5655,-21.0231,237000,other
snow_group,-7.416197459846801,0.016251105602529504,converged,-7.040089126684066,0.3252132455552708,tosk1239,converged,0.37610833316273506,1.1550563605228756,Northern Tosk Albanian,Eurasia,Indo-European,20,41,2915000,other
rain_group,-6.603067545596872,0.011688275163570797,converged,-6.290635248928455,0.2703488793863656,sadr1248,converged,0.3124322966684172,1.154584807584125,Sadri,Eurasia,Indo-European,84.8114,23.6585,1970000,other
smell_group,-6.4695167475009825,0.009740427525109643,converged,-6.2037026501720565,0.23011244860604657,tere1278,converged,0.265814097328926,1.1541152299352166,Terei,Papunesia,South Bougainville,155.745,-6.70051,26500,other
taste_group,-6.6616898200504995,0.00856555621078967,converged,-6.5616571022066035,0.086333854504939,guja1252,converged,0.100032717843896,1.153012202504795,Gujarati,Eurasia,Indo-European,71.0962,22.687,45544800,other
snow_group,-7.416197459846801,0.016251105602529504,converged,-7.253142120499891,0.1405886662533773,olde1238,converged,0.16305533934690963,1.1521325533218998,Old English,Eurasia,Indo-European,-1.31,51.06,2250000,other
snow_group,-7.416197459846801,0.016251105602529504,converged,-7.101638181396178,0.2734229562099112,kips1239,converged,0.3145592784506226,1.1484227318881626,Kipsigis,Africa,Nilotic,35.258532,-0.35774,471000,other
wind_group,-5.9578521923046734,0.008998002000740201,converged,-5.736403411178457,0.19284949089203515,nuer1246,converged,0.2214487811262167,1.1470506235742475,Nuer,Africa,Nilotic,32.3829,8.13911,804900,other
dance_group,-7.253315279651133,0.017805314144472898,converged,-6.8770649002103506,0.3276538026425934,paam1238,converged,0.37625037944078255,1.1466250755693135,Paama,Papunesia,Austronesian,168.23693,-16.47548,6000,other
ice_group,-7.612487188014121,0.01790479757416687,converged,-7.163628713036179,0.3913574206389217,yana1271,converged,0.44885847497794273,1.1457287706826358,Yana,North America,isolate_yana1271,238.392,39.2769,1500,hunter-gatherer
smell_group,-6.4695167475009825,0.009740427525109643,converged,-6.2126616460232595,0.22409492246715076,kosa1249,converged,0.25685510147772295,1.1451076567088612,Kosarek Yale,Papunesia,Nuclear Trans New Guinea,139.645,-4.06603,2300,other
rain_group,-6.603067545596872,0.011688275163570797,converged,-6.429899625243104,0.15135013886022117,yoru1245,converged,0.1731679203537677,1.140757690442574,Yoruba,Africa,Atlantic-Congo,3.67225,7.15345,18900000,other
dance_group,-7.253315279651133,0.017805314144472898,converged,-7.041124329920973,0.18536086799219048,shon1251,converged,0.21219094973015995,1.1395000791335796,Shona,Africa,Atlantic-Congo,29.75725,-17.20849,10741200,other
smell_group,-6.4695167475009825,0.009740427525109643,converged,-6.22046261169101,0.21853409628261344,misi1242,converged,0.24905413580997227,1.138527664405539,Mising-Padam-Miri-Minyong,Eurasia,Sino-Tibetan,94.69,27.418,571000,other
dance_group,-7.253315279651133,0.017805314144472898,converged,-6.820346611976671,0.3811573002949512,bayu1240,converged,0.4329686676744622,1.1346943402831016,Bayungu,Australia,Pama-Nyungan,114.108,-23.3809,100,hunter-gatherer
smell_group,-6.4695167475009825,0.009740427525109643,converged,-6.274274181858182,0.17204161738309037,yuca1254,converged,0.19524256564280051,1.1330421019735204,Yucatec Maya,North America,Mayan,271.0433,18.7757,706000,other
dance_group,-7.253315279651133,0.017805314144472898,converged,-6.976457388654636,0.24436197792235237,yaga1260,converged,0.2768578909964967,1.1299869769518196,Yagaria,Papunesia,Nuclear Trans New Guinea,145.388,-6.32432,21100,other
rain_group,-6.603067545596872,0.011688275163570797,converged,-6.336513724582951,0.2357849376006674,kala1397,converged,0.2665538210139209,1.12910908042763,Kalam,Papunesia,Nuclear Trans New Guinea,144.585,-5.25216,15000,other
ice_group,-7.612487188014121,0.01790479757416687,converged,-7.476910447670022,0.11897961776303179,afri1274,converged,0.13557674034409928,1.126808027830032,Afrikaans,Africa,Indo-European,30,-22,4849900,other
dance_group,-7.253315279651133,0.017805314144472898,converged,-6.932900917726194,0.28415037611647675,caju1236,converged,0.32041436192493933,1.1254152229606111,Cajun French,North America,Indo-European,268.3867,29.6869,17200,other
smell_group,-6.4695167475009825,0.009740427525109643,converged,-6.190328540106916,0.2479773045359479,akaw1239,converged,0.2791882073940668,1.1249944016511075,Akawaio-Ingariko,South America,Cariban,299.138,6.16277,5350,hunter-gatherer
smell_group,-6.4695167475009825,0.009740427525109643,converged,-6.219394704539846,0.2223679095114118,wamp1249,converged,0.25012204296113616,1.1237342252677607,Wampanoag,North America,Algic,286.6852,41.705,2756,other
ice_group,-7.612487188014121,0.01790479757416687,converged,-7.333504919714989,0.2478842230329977,bodo1269,converged,0.2789822682991323,1.1225294660161105,Bodo-Mech,Eurasia,Sino-Tibetan,92,26.1,1543300,other
rain_group,-6.603067545596872,0.011688275163570797,converged,-6.311836745754358,0.25929229299849016,gung1250,converged,0.29123079984251365,1.1220362840855929,Gungu,Africa,Atlantic-Congo,31.4819,2.06754,49000,other
dance_group,-7.253315279651133,0.017805314144472898,converged,-6.909587534713575,0.30683152682102877,oldc1244,converged,0.3437277449375582,1.1183676772334612,Old Chinese,Eurasia,Sino-Tibetan,114.32,36.12,57671400,other
taste_group,-6.6616898200504995,0.00856555621078967,converged,-6.4089878360120816,0.2264678597688334,coma1245,converged,0.2527019840384179,1.1150431177439548,Comanche,North America,Uto-Aztecan,259,34,200,hunter-gatherer
snow_group,-7.416197459846801,0.016251105602529504,converged,-7.014029436521616,0.36066424113235573,hida1246,converged,0.402168023325185,1.113945708449656,Hidatsa,North America,Siouan,258,47.33,100,other
dance_group,-7.253315279651133,0.017805314144472898,converged,-6.853968470623812,0.3585988501109834,thay1249,converged,0.3993468090273211,1.1122608149062903,Thayore,Australia,Pama-Nyungan,142.034,-14.8159,150,hunter-gatherer
wind_group,-5.9578521923046734,0.008998002000740201,converged,-5.848412341603617,0.09812839099851246,shan1277,converged,0.10943985070105633,1.1106126881073008,Shan,Eurasia,Tai-Kadai,98.0342,21.5995,3295000,other
smell_group,-6.4695167475009825,0.009740427525109643,converged,-6.250026128465261,0.19740095157039292,aleu1260,converged,0.21949061903572176,1.1105513924332946,Aleut,North America,Eskimo-Aleut,185.71,52.1228,490,hunter-gatherer
rain_group,-6.603067545596872,0.011688275163570797,converged,-6.276994774997135,0.293614495540649,muru1266,converged,0.3260727705997368,1.1096683548010786,Muruwari,Australia,Pama-Nyungan,146.546,-28.9618,2000,hunter-gatherer
snow_group,-7.416197459846801,0.016251105602529504,converged,-6.966335134252453,0.4053432548511483,savo1255,converged,0.44986232559434836,1.108939656717562,Savosavo,Papunesia,isolate_savo1255,159.814,-9.12853,2420,other
taste_group,-6.6616898200504995,0.00856555621078967,converged,-6.462402014376299,0.18024481961876127,aona1235,converged,0.19928780567420024,1.1044043244106287,Ao Naga,Eurasia,Sino-Tibetan,94.3824,26.3241,232000,other
smell_group,-6.4695167475009825,0.009740427525109643,converged,-6.1774398086076605,0.26506972672572116,dehu1237,converged,0.292076938893322,1.1011440036445306,Dehu,Papunesia,Austronesian,167.229,-20.8892,11300,other
smell_group,-6.4695167475009825,0.009740427525109643,converged,-6.194322498094864,0.2500052640651896,tuni1252,converged,0.2751942494061188,1.099919324645546,Tunica,North America,isolate_tuni1252,267.4597,30.9888,100,other
taste_group,-6.6616898200504995,0.00856555621078967,converged,-6.500112523843413,0.1469142401060949,mind1253,converged,0.16157729620708672,1.0979424001017413,Min Dong Chinese,Eurasia,Sino-Tibetan,119.5,26,8820000,other
wind_group,-5.9578521923046734,0.008998002000740201,converged,-5.7449160609693966,0.19391349023146678,nupe1254,converged,0.2129361313352769,1.0969183109928324,Nupe-Nupe-Tako,Africa,Atlantic-Congo,5.40031,9.18404,800000,other
snow_group,-7.416197459846801,0.016251105602529504,converged,-6.97133714960998,0.40534259822867336,suda1236,converged,0.4448603102368214,1.0966111397105736,Sudanese Arabic,Africa,Afro-Asiatic,33.3179,17.8021,16520000,other
taste_group,-6.6616898200504995,0.00856555621078967,converged,-6.491769394424302,0.15473289233728116,yaoo1241,converged,0.1699204256261977,1.0964744961012565,Yao,Africa,Atlantic-Congo,35.2387,-13.6119,1916000,other
rain_group,-6.603067545596872,0.011688275163570797,converged,-6.328390362742011,0.2503560408673226,west2420,converged,0.27467718285486065,1.0959524752377037,Western Parbate Kham,Eurasia,Sino-Tibetan,82.7348,28.6521,24500,other
wind_group,-5.9578521923046734,0.008998002000740201,converged,-5.753314062141992,0.18694430587274363,kyak1244,converged,0.20453813016268185,1.0928474899861005,Kyaka,Papunesia,Nuclear Trans New Guinea,144.119,-5.52462,15400,other
rain_group,-6.603067545596872,0.011688275163570797,converged,-6.400073825028143,0.18588182360977207,monn1252,converged,0.20299372056872933,1.089905366348932,Mon,Eurasia,Austroasiatic,98.122465,15.49394,851000,other
wind_group,-5.9578521923046734,0.008998002000740201,converged,-5.87156503651923,0.07868221031088676,cebu1242,converged,0.08628715578544366,1.0895525336121952,Cebuano,Papunesia,Austronesian,124.367,8.38799,15800000,other
snow_group,-7.416197459846801,0.016251105602529504,converged,-6.974622710270748,0.40534216871102285,bela1256,converged,0.4415747495760529,1.0885131591879347,Belanda Bor,Africa,Nilotic,27.8232,6.6503,8000,other
dance_group,-7.253315279651133,0.017805314144472898,converged,-6.855535589433055,0.36518497663908195,yand1253,converged,0.39777969021807813,1.0879629436398197,Yandruwandha,Australia,Pama-Nyungan,140.583,-28.4744,2000,hunter-gatherer
snow_group,-7.416197459846801,0.016251105602529504,converged,-7.062222792526714,0.32521167310587884,tain1252,converged,0.3539746673200872,1.087087487520335,Tai Nüa,Eurasia,Tai-Kadai,99.722,21.7837,647400,other
ice_group,-7.612487188014121,0.01790479757416687,converged,-7.235753222963618,0.34664866895420016,turk1304,converged,0.37673396505050327,1.0853422184463706,Turkmen,Eurasia,Turkic,59.17574,37.08719,5930000,other
dance_group,-7.253315279651133,0.017805314144472898,converged,-6.906589204888124,0.3192107696989539,nyol1238,converged,0.34672607476300943,1.0845121021054325,Nyole,Africa,Atlantic-Congo,33.9181,0.88072,341000,other
smell_group,-6.4695167475009825,0.009740427525109643,converged,-6.335247841294761,0.12344995085352198,akan1250,converged,0.13426890620622167,1.0842685732443709,Akan,Africa,Atlantic-Congo,-1.33254,6.34756,8300000,other
snow_group,-7.416197459846801,0.016251105602529504,converged,-7.1479543581657445,0.2471554347453319,beij1234,converged,0.2682431016810565,1.0829829181035375,Beijing Mandarin,Eurasia,Sino-Tibetan,116.1172766,39.9385466,27000000,other
dance_group,-7.253315279651133,0.017805314144472898,converged,-6.947584479534753,0.28180811362579794,aleu1260,converged,0.3057308001163799,1.0827309975196393,Aleut,North America,Eskimo-Aleut,185.71,52.1228,490,hunter-gatherer
dance_group,-7.253315279651133,0.017805314144472898,converged,-6.865342217122033,0.35859772283279945,nucl1418,converged,0.3879730625290998,1.0805860423491487,Bassa,Africa,Kru,-11.543,7.27501,403000,other
ice_group,-7.612487188014121,0.01790479757416687,converged,-7.204088952443986,0.37976702485138364,coma1245,converged,0.408398235570135,1.074198301224391,Comanche,North America,Uto-Aztecan,259,34,200,hunter-gatherer
wind_group,-5.9578521923046734,0.008998002000740201,converged,-5.730317163801463,0.2120211729644258,west2354,converged,0.22753502850321006,1.0722061243800258,Western Frisian,Eurasia,Indo-European,5.86091,53.143,467000,other
rain_group,-6.603067545596872,0.011688275163570797,converged,-6.291138478309215,0.2907551476669447,lari1255,converged,0.31192906728765735,1.0719580838273912,Larike-Wakasihu,Papunesia,Austronesian,127.956,-3.76522,12600,other
taste_group,-6.6616898200504995,0.00856555621078967,converged,-6.471217033736883,0.17779580406777304,hakk1236,converged,0.19047278631361664,1.070059730827198,Hakka Chinese,Eurasia,Sino-Tibetan,116,25,28070000,other
taste_group,-6.6616898200504995,0.00856555621078967,converged,-6.417390521129592,0.22831779664229318,west2615,converged,0.2442992989209074,1.0692445564473396,Western Apache,North America,Athabaskan-Eyak-Tlingit,249.877,33.8574,12700,hunter-gatherer
smell_group,-6.4695167475009825,0.009740427525109643,converged,-6.226693382945586,0.22692975885649994,sici1248,converged,0.2428233645553961,1.0690532218246822,Sicilian,Eurasia,Indo-European,14.0414,37.5735,4830000,other
wind_group,-5.9578521923046734,0.008998002000740201,converged,-5.720119361402276,0.2225927365661199,coas1301,converged,0.23773283090239783,1.067145480364412,Coast Miwok,North America,Miwok-Costanoan,237.006,38.3285,2000,hunter-gatherer
smell_group,-6.4695167475009825,0.009740427525109643,converged,-6.235344140935211,0.21924993871724258,rend1243,converged,0.23417260656577188,1.0670099082973759,Rendille,Africa,Afro-Asiatic,37.3608,2.27065,34700,other
snow_group,-7.416197459846801,0.016251105602529504,converged,-6.983576517120363,0.4053410053252166,wari1262,converged,0.43262094272643825,1.066444444501047,Wariyangga,Australia,Pama-Nyungan,116.927,-24.353,2000,hunter-gatherer
taste_group,-6.6616898200504995,0.00856555621078967,converged,-6.5000717525713725,0.15137749336437828,west2721,converged,0.161618067479127,1.065944167493266,West Central Oromo,Africa,Afro-Asiatic,36.7365,8.81391,8920000,other
snow_group,-7.416197459846801,0.016251105602529504,converged,-6.999196889988383,0.3913798830392663,nort2810,converged,0.41700056985841805,1.0645451426386667,Northern Grebo,Africa,Kru,-8.1409,5.17103,84500,other
taste_group,-6.6616898200504995,0.00856555621078967,converged,-6.424169813944127,0.22302477226602294,chek1238,converged,0.23752000610637225,1.0642092402553986,Cheke Holo,Papunesia,Austronesian,159.625,-8.27055,10800,other
smell_group,-6.4695167475009825,0.009740427525109643,converged,-6.193592098115052,0.25940610947731624,arta1239,converged,0.27592464938593064,1.0629292387392693,Arta,Papunesia,Austronesian,121.656,16.4185,100,hunter-gatherer
rain_group,-6.603067545596872,0.011688275163570797,converged,-6.312786543223583,0.2735363451268394,west2555,converged,0.29028100237328935,1.060247976706295,Western Bukidnon Manobo,Papunesia,Austronesian,124.825,7.6682,19000,other
wind_group,-5.9578521923046734,0.008998002000740201,converged,-5.812931968668369,0.1365551609765256,bemb1257,converged,0.14492022363630408,1.058961313972204,Bemba,Africa,Atlantic-Congo,29.2993,-10.6122,3600000,other
smell_group,-6.4695167475009825,0.009740427525109643,converged,-6.197599924153549,0.25683798395391916,kuku1273,converged,0.27191682334743383,1.0579490083179546,Kuku-Yalanji,Australia,Pama-Nyungan,145.188,-16.0036,240,hunter-gatherer
dance_group,-7.253315279651133,0.017805314144472898,converged,-6.964931200955871,0.2721427510606317,amer1254,converged,0.2883840786952625,1.0574186603402909,Latin American Spanish,Eurasia,Indo-European,-1.11788,40.4414,455000000,other
rain_group,-6.603067545596872,0.011688275163570797,converged,-6.301251121734692,0.28560342913964265,kati1270,converged,0.30181642386217966,1.0558836576243933,Katë,Eurasia,Indo-European,70.9826,35.4145,19400,other
dance_group,-7.253315279651133,0.017805314144472898,converged,-6.890977674487987,0.34273585153754654,area1240,converged,0.3623376051631464,1.0557682890595836,'Are'are,Papunesia,Austronesian,161.158,-9.20699,17900,other
taste_group,-6.6616898200504995,0.00856555621078967,converged,-6.446788061938384,0.20476898511624564,aros1241,converged,0.21490175811211554,1.0485669461034608,Arosi,Papunesia,Austronesian,161.432,-10.2441,6750,other
smell_group,-6.4695167475009825,0.009740427525109643,converged,-6.207506053060044,0.25000352609305354,west2618,converged,0.2620106944409386,1.0472334618387826,Western Canadian Inuktitut,North America,Eskimo-Aleut,263.852,64.3486,4000,hunter-gatherer
taste_group,-6.6616898200504995,0.00856555621078967,converged,-6.36885449636874,0.2798579446387501,nort2875,converged,0.2928353236817598,1.0458815445348322,Northern Alta,Papunesia,Austronesian,121.454,15.6913,200,hunter-gatherer
dance_group,-7.253315279651133,0.017805314144472898,converged,-6.906936044686929,0.33094158233213966,west2615,converged,0.3463792349642043,1.0451361062700713,Western Apache,North America,Athabaskan-Eyak-Tlingit,249.877,33.8574,12700,hunter-gatherer
wind_group,-5.9578521923046734,0.008998002000740201,converged,-5.7410980053494685,0.2072594328509433,nezp1238,converged,0.21675418695520499,1.044826785137067,Nez Perce,North America,Sahaptian,243.592,46.3073,200,hunter-gatherer
ice_group,-7.612487188014121,0.01790479757416687,converged,-7.268618682624777,0.3286487589066442,caju1236,converged,0.3438685053893442,1.0447607530852951,Cajun French,North America,Indo-European,268.3867,29.6869,17200,other
snow_group,-7.416197459846801,0.016251105602529504,converged,-6.992762642225467,0.4053398225263135,wand1263,converged,0.4234348176213336,1.0438029689448716,Wandarang,Australia,Mangarrayi-Maran,135.705,-14.2996,2000,hunter-gatherer
wind_group,-5.9578521923046734,0.008998002000740201,converged,-5.815822290881853,0.13613734779645023,mara1404,converged,0.1420299014228208,1.041012506205267,Maranao,Papunesia,Austronesian,124.175,7.79414,776000,other
snow_group,-7.416197459846801,0.016251105602529504,converged,-6.994112557954783,0.40533964962563285,shat1244,converged,0.42208490189201786,1.0404757545564516,Shatt,Africa,Dajuic,29.7687,10.8525,15000,other
ice_group,-7.612487188014121,0.01790479757416687,converged,-7.180298289737709,0.4155183651129762,cahu1264,converged,0.4321888982764124,1.0391555572000986,Cahuilla,North America,Uto-Aztecan,243.309,33.5324,100,hunter-gatherer
wind_group,-5.9578521923046734,0.008998002000740201,converged,-5.74719058327021,0.20330901246480187,wole1240,converged,0.21066160903446374,1.0351513315395626,Woleaian,Papunesia,Austronesian,143.916,7.37957,1630,other
rain_group,-6.603067545596872,0.011688275163570797,converged,-6.358731641350414,0.2357840169164071,mapu1244,converged,0.24433590424645768,1.0349990922155137,Mapun,Papunesia,Austronesian,118.75,6.09061,42470,other
dance_group,-7.253315279651133,0.017805314144472898,converged,-7.015944980510416,0.22881592052088076,east2534,converged,0.23737029914071694,1.034258833055685,Eastern Canadian Inuktitut,North America,Eskimo-Aleut,284.3861,62.1735,14000,hunter-gatherer
snow_group,-7.416197459846801,0.016251105602529504,converged,-7.327438242517826,0.08428974676375163,wels1247,converged,0.08875921732897485,1.0339828034109873,Welsh,Eurasia,Indo-European,-4,52,508000,other
ice_group,-7.612487188014121,0.01790479757416687,converged,-7.289044834116818,0.31275519503098054,cent2131,converged,0.32344235389730347,1.0324804605566311,Central Tarahumara,North America,Uto-Aztecan,252.846,27.5648,55000,other
dance_group,-7.253315279651133,0.017805314144472898,converged,-6.859650403602559,0.38115261993693256,djiw1241,converged,0.39366487604857436,1.0317023224589534,Djiwarli,Australia,Pama-Nyungan,116.98858,-24.10724,2000,other
smell_group,-6.4695167475009825,0.009740427525109643,converged,-6.244069323172628,0.2185322239470289,koas1236,converged,0.22544742432835463,1.030620605568133,Koasati,North America,Muskogean,267.291,30.4096,200,other
dance_group,-7.253315279651133,0.017805314144472898,converged,-6.949083327037136,0.2947527460644856,ulst1239,converged,0.30423195261399716,1.0302817789836174,Ulster,Eurasia,Indo-European,-3.710133,55.886945,2215454,other
smell_group,-6.4695167475009825,0.009740427525109643,converged,-6.257514124092455,0.20627082199588098,yiry1245,converged,0.2120026234085275,1.0266437409813534,Yir-Yoront,Australia,Pama-Nyungan,141.767,-15.1117,100,hunter-gatherer
smell_group,-6.4695167475009825,0.009740427525109643,converged,-6.222162052580615,0.24085582776311967,kara1483,converged,0.2473546949203671,1.0261436262203727,Karamojong,Africa,Nilotic,34.2761,2.45157,260000,other
snow_group,-7.416197459846801,0.016251105602529504,converged,-7.131806752040638,0.2767461965863227,chad1249,converged,0.28439070780616316,1.0258556265549172,Chadian Arabic,Africa,Afro-Asiatic,13.5,14.67,1076000,other
snow_group,-7.416197459846801,0.016251105602529504,converged,-7.000216299488461,0.40533887074863245,dhar1247,converged,0.4159811603583403,1.0254314715126187,Dhargari,Australia,Pama-Nyungan,114.847,-24.0601,100,hunter-gatherer
taste_group,-6.6616898200504995,0.00856555621078967,converged,-6.5003262247054945,0.1572012051894002,manx1243,converged,0.161363595345005,1.0249577216253967,Manx,Eurasia,Indo-European,-4.45437,54.2604,1660,other
dance_group,-7.253315279651133,0.017805314144472898,converged,-6.885840851062734,0.35859572325185674,mund1320,converged,0.36747442858839907,1.0234987569413285,Mundari,Eurasia,Austroasiatic,85.85,23.03,1560280,other
snow_group,-7.416197459846801,0.016251105602529504,converged,-7.117238608553786,0.2921811833364164,nuuc1236,converged,0.2989588512930146,1.0216177903524026,Nuu-chah-nulth,North America,Wakashan,233.33,49.67,7680,hunter-gatherer
snow_group,-7.416197459846801,0.016251105602529504,converged,-7.002379858703192,0.4053385958032796,ying1247,converged,0.41381760114360944,1.0200987917008593,Yinggarda,Australia,Pama-Nyungan,115.58,-25.4446,100,hunter-gatherer
wind_group,-5.9578521923046734,0.008998002000740201,converged,-5.72522744228121,0.22817021443443572,tean1237,converged,0.23262475002346328,1.0187310262521514,Teanu,Papunesia,Austronesian,166.868,-11.6752,520,other
snow_group,-7.416197459846801,0.016251105602529504,converged,-7.003408482063807,0.40533846529411877,goem1240,converged,0.41278897778299406,1.017563466759081,Goemai,Africa,Afro-Asiatic,9.72453,8.74455,200000,other
smell_group,-6.4695167475009825,0.009740427525109643,converged,-6.193215707431849,0.27156234209633007,libe1247,converged,0.2763010400691339,1.0167959065110235,Liberia Kpelle,Africa,Mande,-9.96128,6.92048,487000,other
rain_group,-6.603067545596872,0.011688275163570797,converged,-6.307259336674682,0.2907530882458015,unam1242,converged,0.29580820892218984,1.0165652272984214,Unami,North America,Algic,285.7,40.4,16000,other
smell_group,-6.4695167475009825,0.009740427525109643,converged,-6.403353120357745,0.0644245609709534,thai1261,converged,0.06616362714323731,1.015453401179588,Thai,Eurasia,Tai-Kadai,100.671,14.192,20230000,other
taste_group,-6.6616898200504995,0.00856555621078967,converged,-6.372609424601569,0.28564614855468784,sout2859,converged,0.2890803954489307,1.0115680345103282,Southeast Ambrym,Papunesia,Austronesian,168.211,-16.2975,3700,other
taste_group,-6.6616898200504995,0.00856555621078967,converged,-6.430642959660976,0.22831640314451465,nucl1347,converged,0.23104686038952327,1.0112476971347173,Wolof,Africa,Atlantic-Congo,-15.383,15.2534,3942000,other
dance_group,-7.253315279651133,0.017805314144472898,converged,-6.896464007191402,0.35273103084531576,bret1244,converged,0.35685127245973103,1.0103945121594198,Breton,Eurasia,Indo-European,-3.78934,48.2452,500000,other
snow_group,-7.416197459846801,0.016251105602529504,converged,-7.006897908259475,0.40533802356288273,wira1265,converged,0.4092995515873259,1.008962802367466,Wirangu,Australia,Pama-Nyungan,134,-32,100,hunter-gatherer
snow_group,-7.416197459846801,0.016251105602529504,converged,-7.007512427384516,0.4053379459295107,gami1243,converged,0.4086850324622846,1.007448146202169,Yuwaalaraay-Gamilaraay,Australia,Pama-Nyungan,149.543,-29.9037,100,hunter-gatherer
snow_group,-7.416197459846801,0.016251105602529504,converged,-7.113733924109264,0.30025466627652725,osag1243,converged,0.30246353573753737,1.0058843859778275,Osage,North America,Siouan,263.7051,36.7828,100,hunter-gatherer
dance_group,-7.253315279651133,0.017805314144472898,converged,-6.92018025767407,0.3309406221536067,nucl1347,converged,0.33313502197706324,1.0051770194104912,Wolof,Africa,Atlantic-Congo,-15.383,15.2534,3942000,other
snow_group,-7.416197459846801,0.016251105602529504,converged,-7.045178584071808,0.3694489268885535,bela1254,converged,0.37101887577499326,1.0032792840576195,Belarusian,Eurasia,Indo-European,25.6038,53.2307,6720000,other
smell_group,-6.4695167475009825,0.009740427525109643,converged,-6.22937244743068,0.239288286981531,paiw1248,converged,0.24014430007030274,1.0027469155880497,Paiwan,Papunesia,Austronesian,120.806,22.3271,66100,other
taste_group,-6.6616898200504995,0.00856555621078967,converged,-6.410731402989257,0.2504698509709257,nucl1696,converged,0.2509584170612422,1.001365221188284,Tangale,Africa,Afro-Asiatic,11.3228,9.75444,130000,other
taste_group,-6.6616898200504995,0.00856555621078967,converged,-6.512922746957138,0.14836281794986894,bemb1257,converged,0.1487670730933619,1.0010578004305655,Bemba,Africa,Atlantic-Congo,29.2993,-10.6122,3600000,other
rain_group,-6.603067545596872,0.011688275163570797,converged,-6.339095795062034,0.2636440178711026,clas1250,converged,0.26397175053483757,1.0002605824424566,Classical Nahuatl,North America,Uto-Aztecan,263.03,19.72,5500000,other
snow_group,-7.416197459846801,0.016251105602529504,converged,-7.010885548915974,0.405337520644921,bong1285,converged,0.40531191093082697,0.9991341218891994,Bongo,Africa,Central Sudanic,27.9918,7.4145,10100,other
wind_group,-5.9578521923046734,0.008998002000740201,converged,-5.80974591522329,0.1480668018482466,yaga1260,converged,0.14810627708138302,0.9984247226375209,Yagaria,Papunesia,Nuclear Trans New Guinea,145.388,-6.32432,21100,other
snow_group,-7.416197459846801,0.016251105602529504,converged,-7.134644001558259,0.2818196280101373,lepc1244,converged,0.28155345828854195,0.9973986116810424,Lepcha,Eurasia,Sino-Tibetan,88.5726,27.0869,52830,other
rain_group,-6.603067545596872,0.011688275163570797,converged,-6.304393532572168,0.3000037541217239,misi1243,converged,0.2986740130247041,0.9948128507257382,Misima-Paneati,Papunesia,Austronesian,152.696,-10.6821,18000,other
wind_group,-5.9578521923046734,0.008998002000740201,converged,-5.720541593815648,0.2387731106875801,ying1247,converged,0.23731059848902536,0.9931699333258083,Yinggarda,Australia,Pama-Nyungan,115.58,-25.4446,100,hunter-gatherer
taste_group,-6.6616898200504995,0.00856555621078967,converged,-6.559415623126962,0.10286623291726696,oriy1255,converged,0.10227419692353745,0.9908155248035295,Odia,Eurasia,Indo-European,85,21,34463280,other
snow_group,-7.416197459846801,0.016251105602529504,converged,-7.079567749912447,0.3400569800779805,vlaa1240,converged,0.33662970993435426,0.9887930125779534,Western Flemish,Eurasia,Indo-European,3.11345,51.0754,6132000,other
snow_group,-7.416197459846801,0.016251105602529504,converged,-7.016279287558343,0.4053368435728939,calo1236,converged,0.3999181722884577,0.985839664446221,Caló,Eurasia,Indo-European,0.6,41.424,460000,other
snow_group,-7.416197459846801,0.016251105602529504,converged,-7.074823830895907,0.3461347587250158,hoch1243,converged,0.34137362895089396,0.9851596588635747,Ho-Chunk,North America,Siouan,271.5,43.5,100,hunter-gatherer
taste_group,-6.6616898200504995,0.00856555621078967,converged,-6.4084892647626734,0.25733119370913204,chim1302,converged,0.25320055528782603,0.9834035250143085,Bolivar-North Chimborazo Highland Quichua,South America,Quechuan,281.1479,-1.36727,1000000,other
snow_group,-7.416197459846801,0.016251105602529504,converged,-7.0181045252121725,0.40533661527762266,dhal1245,converged,0.39809293463462847,0.9813408166440876,Dhalandji,Australia,Pama-Nyungan,114.937,-22.196,100,hunter-gatherer
wind_group,-5.9578521923046734,0.008998002000740201,converged,-5.825652335878953,0.1346635219877822,kaza1248,converged,0.13219985642572052,0.9795208286878074,Kazakh,Eurasia,Turkic,71.454,51.17,7621000,other
ice_group,-7.612487188014121,0.01790479757416687,converged,-7.21437098387897,0.40629008402231376,west2354,converged,0.39811620413515136,0.9789315463095175,Western Frisian,Eurasia,Indo-European,5.86091,53.143,467000,other
wind_group,-5.9578521923046734,0.008998002000740201,converged,-5.745450481622307,0.2168051207735439,nort2943,converged,0.21240171068236613,0.9788468902992725,North Alaskan Inupiatun,North America,Eskimo-Aleut,216.23,69.582,6420,hunter-gatherer
snow_group,-7.416197459846801,0.016251105602529504,converged,-7.0192183103968535,0.4053364761732039,sout2859,converged,0.3969791494499475,0.9785955547016891,Southeast Ambrym,Papunesia,Austronesian,168.211,-16.2975,3700,other
rain_group,-6.603067545596872,0.011688275163570797,converged,-6.312563537585513,0.29668441189172945,esan1238,converged,0.290504008011359,0.9784094382351564,Esan,Africa,Atlantic-Congo,6.33917,6.25685,200000,other
taste_group,-6.6616898200504995,0.00856555621078967,converged,-6.416608643270115,0.25046907623008297,port1286,converged,0.24508117678038488,0.9779170903811075,Daakie,Papunesia,Austronesian,168.046,-16.3083,1300,other
ice_group,-7.612487188014121,0.01790479757416687,converged,-7.282256042390417,0.3375739831975159,ngaa1240,converged,0.3302311456237046,0.9768751040281741,Ngaanyatjarra,Australia,Pama-Nyungan,127.602,-25.7514,990,hunter-gatherer
dance_group,-7.253315279651133,0.017805314144472898,converged,-6.97187310960608,0.28758999378244066,plat1254,converged,0.2814421700450529,0.9767527448919052,Plateau Malagasy,Africa,Austronesian,47.1211,-19.5907,7520000,other
taste_group,-6.6616898200504995,0.00856555621078967,converged,-6.410579925517467,0.25733090086978033,arap1274,converged,0.2511098945330321,0.9752847337769303,Arapaho,North America,Algic,251.19,43.3879,1040,hunter-gatherer
rain_group,-6.603067545596872,0.011688275163570797,converged,-6.348971278796088,0.2603083854207958,west2386,converged,0.2540962668007838,0.9751530054377249,Western Panjabi,Eurasia,Indo-European,75.3474,30.0948,60600000,other
snow_group,-7.416197459846801,0.016251105602529504,converged,-7.145697773767372,0.2773333741775959,kirg1245,converged,0.27049968607942887,0.9736890588965189,Kirghiz,Eurasia,Turkic,74,42,2674750,other
taste_group,-6.6616898200504995,0.00856555621078967,converged,-6.547041487213021,0.11744548222719037,nucl1417,converged,0.11464833283747833,0.973597523547839,Igbo,Africa,Atlantic-Congo,7.23441,4.62705,18000000,other
dance_group,-7.253315279651133,0.017805314144472898,converged,-6.93961549557645,0.32181129846457845,toar1246,converged,0.31369978407468313,0.9733055698948484,Toaripi,Papunesia,Eleman,146.206,-8.07231,23000,hunter-gatherer
wind_group,-5.9578521923046734,0.008998002000740201,converged,-5.73756898721968,0.226679570142311,tali1259,converged,0.22028320508499366,0.9710176443946751,Talise,Papunesia,Austronesian,160.231,-9.76764,12500,other
ice_group,-7.612487188014121,0.01790479757416687,converged,-7.252719418565778,0.3705013492970238,ladi1251,converged,0.359767769448343,0.9698976958219325,Ladino,Eurasia,Indo-European,28.6632,41.205,8000,other
dance_group,-7.253315279651133,0.017805314144472898,converged,-6.976168963183135,0.28544924253768533,mars1254,converged,0.2771463164679977,0.9690294450102634,Marshallese,Papunesia,Austronesian,167.73,8.72,43900,other
dance_group,-7.253315279651133,0.017805314144472898,converged,-7.031197934781924,0.2289220383493336,gand1255,converged,0.22211734486920953,0.9673534403545844,Ganda,Africa,Atlantic-Congo,32.15153,0.66884,4130000,other
ice_group,-7.612487188014121,0.01790479757416687,converged,-7.2537989833096415,0.3705012910465601,squa1248,converged,0.35868820470447993,0.9669874496067979,Squamish,North America,Salishan,236.986,49.3231,100,hunter-gatherer
dance_group,-7.253315279651133,0.017805314144472898,converged,-6.929519911307169,0.3345214259520778,pulu1242,converged,0.32379536834396383,0.966567921448245,Puluwatese,Papunesia,Austronesian,149.2005,7.35695,1360,other
smell_group,-6.4695167475009825,0.009740427525109643,converged,-6.4081247237776795,0.06287492847493188,hind1270,converged,0.06139202372330299,0.9649050669555529,Hindustani,Eurasian,Indo-European,78.91266666666667,20.558666666666667,415206010,other
dance_group,-7.253315279651133,0.017805314144472898,converged,-6.918254409786161,0.34747316855728133,mala1533,converged,0.3350608698649724,0.9630148975900525,Malacca-Batavia Portuguese Creole,Eurasia,Indo-European,102.262059,2.188087,1000,other
ice_group,-7.612487188014121,0.01790479757416687,converged,-7.2120433619990525,0.4155157057127949,bell1243,converged,0.4004438260150689,0.9628338144808877,Bella Coola,North America,Salishan,233.311,52.3448,100,hunter-gatherer
smell_group,-6.4695167475009825,0.009740427525109643,converged,-6.211184278824712,0.2681962606133443,west2624,converged,0.25833246867627047,0.96258711401573,Western Huasteca Nahuatl,North America,Uto-Aztecan,261.2289,21.3711,400000,other
snow_group,-7.416197459846801,0.016251105602529504,converged,-7.026578526196942,0.4053355608139988,mand1425,converged,0.3896189336498592,0.9604540104373244,Mandari,Africa,Nilotic,31.2327,5.83656,70000,other
taste_group,-6.6616898200504995,0.00856555621078967,converged,-6.5867878790275975,0.07782517822028528,zulu1248,converged,0.07490194102290193,0.9566615782194289,Zulu,Africa,Atlantic-Congo,30.2,-28.9,10231000,other
smell_group,-6.4695167475009825,0.009740427525109643,converged,-6.2287611089821615,0.2521463855986515,nucl1696,converged,0.24075563851882098,0.9541132276975316,Tangale,Africa,Afro-Asiatic,11.3228,9.75444,130000,other
dance_group,-7.253315279651133,0.017805314144472898,converged,-6.889292162555866,0.38114920980871625,tali1258,converged,0.36402311709526725,0.9540268157574978,Talinga-Bwisi,Africa,Atlantic-Congo,29.9494,0.676185,99400,other
smell_group,-6.4695167475009825,0.009740427525109643,converged,-6.276489939624417,0.20236402399915987,ndon1254,converged,0.19302680787656534,0.9527562713123751,Ndonga,Africa,Atlantic-Congo,17.35,-17.22,1070000,other
wind_group,-5.9578521923046734,0.008998002000740201,converged,-5.820931147269388,0.14345491555273823,hmon1333,converged,0.1369210450352858,0.9525814869662589,Hmong Daw,Eurasia,Hmong-Mien,103.164,21.5461,435400,other
wind_group,-5.9578521923046734,0.008998002000740201,converged,-5.761096100904172,0.20654833941773268,bard1255,converged,0.1967560914005011,0.9516883851266352,Bardi,Australia,Nyulnyulan,122.906,-16.6274,380,hunter-gatherer
taste_group,-6.6616898200504995,0.00856555621078967,converged,-6.40504666421109,0.26972619868782405,semb1240,converged,0.25664315583940933,0.9510156813055486,Sembakung Murut,Papunesia,Austronesian,116.799,4.22102,5180,other
snow_group,-7.416197459846801,0.016251105602529504,converged,-7.0731000727003535,0.36065865382170015,sanz1248,converged,0.34309738714644755,0.9503435100016699,Sanzhi,Eurasia,Nakh-Daghestanian,47.5667,41.97796,596000,other
taste_group,-6.6616898200504995,0.00856555621078967,converged,-6.391073162318046,0.2856429054783925,ngan1295,converged,0.2706166577324538,0.946969320999855,Ngandi,Australia,Gunwinyguan,134.649,-12.8448,2000,hunter-gatherer
rain_group,-6.603067545596872,0.011688275163570797,converged,-6.332393651756173,0.28559974591578585,rong1269,converged,0.27067389384069873,0.9469458853165633,Rongga,Papunesia,Austronesian,120.702,-8.84604,2120,other
wind_group,-5.9578521923046734,0.008998002000740201,converged,-5.769280712463597,0.19946959768425568,chek1238,converged,0.1885714798410767,0.9444041307544883,Cheke Holo,Papunesia,Austronesian,159.625,-8.27055,10800,other
ice_group,-7.612487188014121,0.01790479757416687,converged,-7.248633930215597,0.3852150654597935,west2615,converged,0.3638532577985245,0.9435271189285183,Western Apache,North America,Athabaskan-Eyak-Tlingit,249.877,33.8574,12700,hunter-gatherer
rain_group,-6.603067545596872,0.011688275163570797,converged,-6.331139850616512,0.2880874441248914,gari1256,converged,0.2719276949803602,0.9431308737376741,Garifuna,North America,Arawakan,273.09090000000003,15.3529,130800,other
rain_group,-6.603067545596872,0.011688275163570797,converged,-6.323504198438598,0.2966829501764933,louu1245,converged,0.27956334715827413,0.941566227810382,Lou,Papunesia,Austronesian,147.346,-2.38659,1000,other
wind_group,-5.9578521923046734,0.008998002000740201,converged,-5.7585375691268474,0.21201705423199396,beng1286,converged,0.199314623177826,0.9392422131270967,Beng,Africa,Mande,-4.23539,7.78122,17000,other
taste_group,-6.6616898200504995,0.00856555621078967,converged,-6.423925396684236,0.25377879229932554,zigu1244,converged,0.23776442336626324,0.9363631454035867,Zigula-Mushungulu,Africa,Atlantic-Congo,38.41138,-5.61864,355000,other
smell_group,-6.4695167475009825,0.009740427525109643,converged,-6.2288960831294995,0.2568335903567821,papi1253,converged,0.240620664371483,0.9362007787629545,Papiamento,South America,Indo-European,290.06012,12.48485,239400,other
wind_group,-5.9578521923046734,0.008998002000740201,converged,-5.752703413339185,0.21898086955426047,moki1238,converged,0.2051487789654889,0.9360443677177668,Mokilese,Papunesia,Austronesian,159.776,6.65651,1050,other
snow_group,-7.416197459846801,0.016251105602529504,converged,-7.037170435394401,0.4053342553062653,suau1242,converged,0.3790270244523999,0.9343467806032713,Suau,Papunesia,Austronesian,150.21,-10.6606,6800,other
taste_group,-6.6616898200504995,0.00856555621078967,converged,-6.613433638782786,0.0509464042968431,hind1269,converged,0.04825618126771314,0.9340850142450198,Hindi,Eurasia,Indo-European,77,25,180122200,other
smell_group,-6.4695167475009825,0.009740427525109643,converged,-6.38404879329104,0.09105441745100096,xhos1239,converged,0.08546795420994258,0.9333219982088858,Xhosa,Africa,Atlantic-Congo,28.0769,-31.0389,7808000,other
snow_group,-7.416197459846801,0.016251105602529504,converged,-7.037667293659428,0.40533419440467156,ngan1295,converged,0.3785301661873728,0.9331221057506056,Ngandi,Australia,Gunwinyguan,134.649,-12.8448,2000,hunter-gatherer
taste_group,-6.6616898200504995,0.00856555621078967,converged,-6.478799788161563,0.19638335459727535,sund1252,converged,0.18289003188893638,0.9304063223916895,Sundanese,Papunesia,Austronesian,107.106,-6.89708,34000000,other
taste_group,-6.6616898200504995,0.00856555621078967,converged,-6.3902193665930644,0.29201825023848854,mesk1242,converged,0.27147045345743503,0.9292355681185739,Meskwaki,North America,Algic,271,44,250,hunter-gatherer
ice_group,-7.612487188014121,0.01790479757416687,converged,-7.2360481840785775,0.406288431794101,luxe1241,converged,0.37643900393554386,0.9256330389729674,Moselle Franconian,Eurasia,Indo-European,6.14931,49.6839,320000,other
smell_group,-6.4695167475009825,0.009740427525109643,converged,-6.260263130463713,0.2259460137944315,ladi1251,converged,0.20925361703726963,0.9252628197230893,Ladino,Eurasia,Indo-European,28.6632,41.205,8000,other
taste_group,-6.6616898200504995,0.00856555621078967,converged,-6.416429224770817,0.2652666501567214,coas1301,converged,0.24526059527968247,0.9240997027406818,Coast Miwok,North America,Miwok-Costanoan,237.006,38.3285,2000,hunter-gatherer
rain_group,-6.603067545596872,0.011688275163570797,converged,-6.473417922980412,0.1398729044185557,dako1258,converged,0.1296496226164603,0.9236908118557715,Dakota,North America,Siouan,263.42,45.86,19280,hunter-gatherer
smell_group,-6.4695167475009825,0.009740427525109643,converged,-6.279259051228456,0.20590361710634553,kuru1301,converged,0.19025769627252664,0.922981212751775,Kurukh,Eurasia,Dravidian,86.46568,24.46442,2090000,other
taste_group,-6.6616898200504995,0.00856555621078967,converged,-6.4572601908551155,0.22141872082959443,gung1250,converged,0.204429629195384,0.9225815839395126,Gungu,Africa,Atlantic-Congo,31.4819,2.06754,49000,other
taste_group,-6.6616898200504995,0.00856555621078967,converged,-6.4243123596017115,0.2573289924988993,kwan1273,converged,0.23737746044878794,0.921956216614424,Kwangali,Africa,Atlantic-Congo,19.256,-17.9026,84000,other
snow_group,-7.416197459846801,0.016251105602529504,converged,-7.043314097716124,0.4053335043780856,nugu1241,converged,0.3728833621306773,0.919203621090939,Nugunu,Australia,Pama-Nyungan,133.908,-31.9899,100,hunter-gatherer
taste_group,-6.6616898200504995,0.00856555621078967,converged,-6.455475829672388,0.2247012042750479,caro1242,converged,0.20621399037811106,0.9170592907535764,Carolinian,Papunesia,Austronesian,145.765,15.205,3000,other
snow_group,-7.416197459846801,0.016251105602529504,converged,-7.233017284679188,0.19910576945145153,dzon1239,converged,0.18318017516761298,0.9169651057410118,Dzongkha,Eurasia,Sino-Tibetan,89.581604,27.410786,160300,other
smell_group,-6.4695167475009825,0.009740427525109643,converged,-6.251542985589019,0.2377921040941977,east2387,converged,0.2179737619119635,0.9158887992336784,East Limba,Africa,Atlantic-Congo,-11.7496,9.71107,4600,other
taste_group,-6.6616898200504995,0.00856555621078967,converged,-6.540839831268484,0.13172663830081005,khas1269,converged,0.12084998878201514,0.9154966969145767,Khasi,Eurasia,Austroasiatic,91.9998,24.977,865000,other
ice_group,-7.612487188014121,0.01790479757416687,converged,-7.195925498807831,0.45472160903921083,powh1243,converged,0.41656168920629,0.9153713710407789,Powhatan,North America,Algic,282.79248,36.99422,8000,other
dance_group,-7.253315279651133,0.017805314144472898,converged,-7.090764742172512,0.17674559881804675,ilok1237,converged,0.16255053747862114,0.9150549802008067,Iloko,Papunesia,Austronesian,120.993,15.9361,6920000,other
wind_group,-5.9578521923046734,0.008998002000740201,converged,-5.758435490356223,0.21787057016263375,kumb1268,converged,0.19941670194845074,0.9145193382568416,Kumbainggar,Australia,Pama-Nyungan,152.913,-29.8189,100,hunter-gatherer
rain_group,-6.603067545596872,0.011688275163570797,converged,-6.428601185910751,0.19082664845869776,hmon1333,converged,0.17446635968612068,0.9125560310439255,Hmong Daw,Eurasia,Hmong-Mien,103.164,21.5461,435400,other
snow_group,-7.416197459846801,0.016251105602529504,converged,-7.142273315550259,0.3002532384819964,uppe1439,converged,0.2739241442965419,0.9109770057005886,Upper Chehalis,North America,Salishan,236.831,46.7981,691,hunter-gatherer
ice_group,-7.612487188014121,0.01790479757416687,converged,-7.261874326919909,0.3852142410372602,nucl1347,converged,0.35061286109421275,0.9091946878725387,Wolof,Africa,Atlantic-Congo,-15.383,15.2534,3942000,other
dance_group,-7.253315279651133,0.017805314144472898,converged,-6.946636768060637,0.3384344962497469,yeyi1239,converged,0.306678511590496,0.9049165101766884,Yeyi,Africa,Atlantic-Congo,23.6088,-18.9178,24000,other
ice_group,-7.612487188014121,0.01790479757416687,converged,-7.510729897804564,0.11109035288560905,indo1316,converged,0.10175729020955782,0.9043164074681372,Standard Indonesian,Papunesia,Austronesian,109.716,-7.33458,43666200,other
smell_group,-6.4695167475009825,0.009740427525109643,converged,-6.2581215709750735,0.23369954609409332,vure1239,converged,0.211395176525909,0.9037749756471212,Vurës,Papunesia,Austronesian,167.451412,-13.905677,1050,other
rain_group,-6.603067545596872,0.011688275163570797,converged,-6.392967789208924,0.23298939587729528,taus1251,converged,0.2100997563879483,0.9006241520527536,Tausug,Papunesia,Austronesian,118.88,5.12236,1050000,other
dance_group,-7.253315279651133,0.017805314144472898,converged,-6.987635874690191,0.2947511933995177,latv1249,converged,0.26567940496094167,0.8997282642115658,Latvian,Eurasia,Indo-European,24.309118,56.826108,1398450,other
rain_group,-6.603067545596872,0.011688275163570797,converged,-6.329766138311455,0.30359277493944564,wara1303,converged,0.27330140728541696,0.8995572550877877,Warao,South America,isolate_wara1303,300.6472,7.50851,33100,hunter-gatherer
snow_group,-7.416197459846801,0.016251105602529504,converged,-7.051480032872398,0.40533251338340504,daka1243,converged,0.3647174269744031,0.8990757752455132,Dakaka,Papunesia,Austronesian,168.013,-16.2696,1200,other
snow_group,-7.416197459846801,0.016251105602529504,converged,-7.051969833652099,0.40533245419934444,lyci1241,converged,0.36422762619470195,0.8978684836683264,Lycian A,Eurasia,Indo-European,29.764,36.517,200000,other
snow_group,-7.416197459846801,0.016251105602529504,converged,-7.052067765026043,0.405332442369486,khwa1238,converged,0.3641296948207584,0.8976270962466433,Khwarezmian,Eurasia,Indo-European,60.75,41.68,5000000,other
snow_group,-7.416197459846801,0.016251105602529504,converged,-7.052361501617698,0.40533240689380556,bero1242,converged,0.3638359582291031,0.896903075685876,Berom,Africa,Atlantic-Congo,8.81221,9.67037,300000,other
snow_group,-7.416197459846801,0.016251105602529504,converged,-7.101276313815468,0.35294998351337176,heil1246,converged,0.3149211460313328,0.8913100194375371,Heiltsuk-Oowekyala,North America,Wakashan,232.779,51.7045,300,hunter-gatherer
rain_group,-6.603067545596872,0.011688275163570797,converged,-6.343870106989901,0.29074853269932915,kwan1273,converged,0.25919743860697064,0.890763734581303,Kwangali,Africa,Atlantic-Congo,19.256,-17.9026,84000,other
rain_group,-6.603067545596872,0.011688275163570797,converged,-6.339383602780828,0.2966808568601412,djin1253,converged,0.26368394281604424,0.8880908279350671,Djinang,Australia,Pama-Nyungan,134.82,-12.462,120,hunter-gatherer
snow_group,-7.416197459846801,0.016251105602529504,converged,-7.118946971324077,0.3346000273566035,west2615,converged,0.2972504885227236,0.8873296105866234,Western Apache,North America,Athabaskan-Eyak-Tlingit,249.877,33.8574,12700,hunter-gatherer
rain_group,-6.603067545596872,0.011688275163570797,converged,-6.3684527814371465,0.26485660309676706,west2452,converged,0.23461476415972538,0.8849567558743074,Western Temne,Africa,Atlantic-Congo,-12.3331,8.90294,240000,other
dance_group,-7.253315279651133,0.017805314144472898,converged,-6.986160975446923,0.3021493173624174,kali1308,converged,0.26715430420420994,0.8826485188285296,Kalispel-Pend d'Oreille,North America,Salishan,245.81,47.5825,100,hunter-gatherer
taste_group,-6.6616898200504995,0.00856555621078967,converged,-6.414729563713467,0.27985025441399397,gbar1246,converged,0.2469602563370321,0.8820597946714528,Gbari,Africa,Atlantic-Congo,7.10757,8.46411,350000,other
dance_group,-7.253315279651133,0.017805314144472898,converged,-6.979123597184349,0.31043550510665513,mara1385,converged,0.2741916824667845,0.8817992248446596,Marra,Australia,Mangarrayi-Maran,134.865,-14.7927,100,hunter-gatherer
smell_group,-6.4695167475009825,0.009740427525109643,converged,-6.254340652162813,0.24422721745815668,nort2961,converged,0.21517609533816984,0.8803489192517558,Northwestern Ojibwa,North America,Algic,272.2138,51.6192,20000,hunter-gatherer
snow_group,-7.416197459846801,0.016251105602529504,converged,-7.071374688334402,0.39137162237914874,tali1258,converged,0.3448227715123986,0.8803036916691509,Talinga-Bwisi,Africa,Atlantic-Congo,29.9494,0.676185,99400,other
ice_group,-7.612487188014121,0.01790479757416687,converged,-7.477825280420423,0.15227185382005234,xhos1239,converged,0.13466190759369834,0.878301034729546,Xhosa,Africa,Atlantic-Congo,28.0769,-31.0389,7808000,other
taste_group,-6.6616898200504995,0.00856555621078967,converged,-6.432345461410921,0.2611458171749558,unam1242,converged,0.2293443586395787,0.877751336097967,Unami,North America,Algic,285.7,40.4,16000,other
rain_group,-6.603067545596872,0.011688275163570797,converged,-6.425410328750799,0.20239820674805917,tson1249,converged,0.1776572168460726,0.8763008370909008,Tsonga,Africa,Atlantic-Congo,31.8105,-23.5754,3650000,other
taste_group,-6.6616898200504995,0.00856555621078967,converged,-6.421451889337962,0.27456651193160225,tean1237,converged,0.24023793071253774,0.8745462466073612,Teanu,Papunesia,Austronesian,166.868,-11.6752,520,other
ice_group,-7.612487188014121,0.01790479757416687,converged,-7.43615282116723,0.20093999050543448,pidg1254,converged,0.1763343668468913,0.8740842643503306,Pidgin Chinook Jargon,North America,Pidgin,235,55,100000,other
smell_group,-6.4695167475009825,0.009740427525109643,converged,-6.243000832267923,0.2593990218471789,dima1251,converged,0.22651591523305914,0.8726185183132265,Dimasa,Eurasia,Sino-Tibetan,93.1806,25.4198,106000,other
rain_group,-6.603067545596872,0.011688275163570797,converged,-6.527146559059632,0.08648048345210774,nepa1254,converged,0.07592098653724033,0.8699873194150658,Nepali,Eurasia,Indo-European,85,28,16903270,other
ice_group,-7.612487188014121,0.01790479757416687,converged,-7.2774315927673685,0.38521328619585377,saur1248,converged,0.3350555952467529,0.8688543821825344,Saurashtra,Eurasia,Indo-European,77.9427,9.99172,310000,other
snow_group,-7.416197459846801,0.016251105602529504,converged,-7.064331012029299,0.4053309701158396,cari1275,converged,0.3518664478175024,0.867399741609151,Caribbean Hindustani,South America,Indo-European,304.666832,5.722918,150000,other
wind_group,-5.9578521923046734,0.008998002000740201,converged,-5.867197731682137,0.10450205439736317,efik1245,converged,0.09065446062253635,0.8642918068100514,Efik,Africa,Atlantic-Congo,8.38121,4.89379,400000,other
ice_group,-7.612487188014121,0.01790479757416687,converged,-7.350914288776107,0.30219505582353917,swat1243,converged,0.26157289923801397,0.8640610717373618,Swati,Africa,Atlantic-Congo,31.5,-26,2034200,other
dance_group,-7.253315279651133,0.017805314144472898,converged,-7.103275863920126,0.17273803421435105,pedi1238,converged,0.15003941573100743,0.8640172280602539,Pedi,Africa,Atlantic-Congo,29.471800000000002,-24.7993,4090000,other
wind_group,-5.9578521923046734,0.008998002000740201,converged,-5.79120618521122,0.1931916296124528,pohn1238,converged,0.166646007093453,0.861660259651187,Pohnpeian,Papunesia,Austronesian,158.223,6.87212,29000,other
smell_group,-6.4695167475009825,0.009740427525109643,converged,-6.287038789880425,0.211923546271164,kali1308,converged,0.18247795762055752,0.8601475528725003,Kalispel-Pend d'Oreille,North America,Salishan,245.81,47.5825,100,hunter-gatherer
taste_group,-6.6616898200504995,0.00856555621078967,converged,-6.473754223940555,0.21842099727161393,mota1237,converged,0.18793559610994404,0.8597673930291974,Mota,Papunesia,Austronesian,167.690924,-13.835361,900,other
ice_group,-7.612487188014121,0.01790479757416687,converged,-7.303846076600174,0.359621007529433,oldc1244,converged,0.3086411114139471,0.8571781917946381,Old Chinese,Eurasia,Sino-Tibetan,114.32,36.12,57671400,other
smell_group,-6.4695167475009825,0.009740427525109643,converged,-6.294468351289344,0.2041905488478387,renn1242,converged,0.17504839621163892,0.8563058942423826,Rennell-Bellona,Papunesia,Austronesian,160.265,-11.6237,4390,other
snow_group,-7.416197459846801,0.016251105602529504,converged,-7.068867159817719,0.40533043008901276,urho1239,converged,0.34733030002908194,0.8562186452109157,Urhobo,Africa,Atlantic-Congo,5.86148,5.31155,546000,other
smell_group,-6.4695167475009825,0.009740427525109643,converged,-6.340783489033606,0.15069982030224652,mand1436,converged,0.12873325846737682,0.8524575376560711,Mandinka,Africa,Mande,-15.6539466667,12.8165233333,1346000,other
dance_group,-7.253315279651133,0.017805314144472898,converged,-6.928520629469795,0.38114484936862886,futu1245,converged,0.3247946501813379,0.8512271022444737,Futuna-Aniwa,Papunesia,Austronesian,170.215,-19.5303,1500,other
rain_group,-6.603067545596872,0.011688275163570797,converged,-6.374009794513021,0.26886654712080343,mali1284,converged,0.22905775108385118,0.8511345775424107,Mali,Papunesia,Baining,152.214,-4.71826,2200,other
smell_group,-6.4695167475009825,0.009740427525109643,converged,-6.25300349233028,0.25441673809840293,anuf1239,converged,0.2165132551707023,0.850395112043275,Anufo,Africa,Atlantic-Congo,0.56021,10.2839,137600,other
wind_group,-5.9578521923046734,0.008998002000740201,converged,-5.830000742128493,0.15011417977755634,koon1244,converged,0.1278514501761805,0.8501687634919997,South-Central Koongo,Africa,Atlantic-Congo,14.4771,-5.57722,5000000,other
wind_group,-5.9578521923046734,0.008998002000740201,converged,-5.805526389014891,0.1791341621555609,mapu1244,converged,0.1523258032897825,0.8492740710965804,Mapun,Papunesia,Austronesian,118.75,6.09061,42470,other
smell_group,-6.4695167475009825,0.009740427525109643,converged,-6.322692961653741,0.1731506502146656,cent2050,converged,0.14682378584724187,0.8466154889642086,Central Kanuri,Africa,Saharan,13.13,11.8,3240500,other
snow_group,-7.416197459846801,0.016251105602529504,converged,-7.072807490240982,0.40532996297738283,nort2875,converged,0.3433899696058189,0.8465061436286238,Northern Alta,Papunesia,Austronesian,121.454,15.6913,200,hunter-gatherer
taste_group,-6.6616898200504995,0.00856555621078967,converged,-6.497346602231998,0.19474882394430051,kips1239,converged,0.16434321781850159,0.8430576700540493,Kipsigis,Africa,Nilotic,35.258532,-0.35774,471000,other
ice_group,-7.612487188014121,0.01790479757416687,converged,-7.327510906788643,0.3375725125837372,alab1237,converged,0.2849762812254788,0.8430078368656186,Alabama,North America,Muskogean,265.37152000000003,30.76738,100,other
wind_group,-5.9578521923046734,0.008998002000740201,converged,-5.836326810062411,0.14401518389624868,east2304,converged,0.12152538224226284,0.8421950540855955,Eastern Balochi,Eurasia,Indo-European,62,28,1800000,other
smell_group,-6.4695167475009825,0.009740427525109643,converged,-6.263694396711122,0.24422613191131007,gali1258,converged,0.20582235078986066,0.8420837263423971,Galician,Eurasia,Indo-European,-7.5343,42.2446,3185000,other
rain_group,-6.603067545596872,0.011688275163570797,converged,-6.367996139556448,0.2790246101644915,male1292,converged,0.23507140604042398,0.8417373323697869,Malecite-Passamaquoddy,North America,Algic,292.59195,45.494475,2060,hunter-gatherer
dance_group,-7.253315279651133,0.017805314144472898,converged,-6.9146993078797605,0.40243782576459847,west1510,converged,0.3386159717713726,0.8405895658035156,Western Ojibwa,North America,Algic,257.475,50.5664,10000,hunter-gatherer
snow_group,-7.416197459846801,0.016251105602529504,converged,-7.075585208021491,0.40532963479315065,wers1238,converged,0.3406122518253101,0.8396593446650711,Wersing,Papunesia,Timor-Alor-Pantar,124.932,-8.33936,3700,other
ice_group,-7.612487188014121,0.01790479757416687,converged,-7.310880809973653,0.35962069046297346,meso1252,converged,0.30160637804046875,0.837641608898866,Gilit Mesopotamian Arabic,Eurasia,Afro-Asiatic,43.1095,33.8178,14600000,other
wind_group,-5.9578521923046734,0.008998002000740201,converged,-5.770502285889084,0.22388884375542098,cayu1262,converged,0.18734990641558902,0.836123775536588,Cayubaba,South America,isolate_cayu1262,294.51779999999997,-13.2482,1246,other
taste_group,-6.6616898200504995,0.00856555621078967,converged,-6.417650431079172,0.2920133513252571,goem1240,converged,0.24403938897132704,0.835353823835368,Goemai,Africa,Afro-Asiatic,9.72453,8.74455,200000,other
taste_group,-6.6616898200504995,0.00856555621078967,converged,-6.432690617164488,0.2745647561418932,beja1238,converged,0.22899920288601106,0.8336388521668293,Beja,Africa,Afro-Asiatic,36.6666,17.2436,1109000,other
ice_group,-7.612487188014121,0.01790479757416687,converged,-7.324927208773916,0.3445830003253565,choc1276,converged,0.28755997924020527,0.8333915735634607,Choctaw,North America,Muskogean,271.5,32.25,11400,other
wind_group,-5.9578521923046734,0.008998002000740201,converged,-5.788808925060571,0.20330398861218255,cent2087,converged,0.16904326724410268,0.830667151903144,Coastal-Naga Bikol,Papunesia,Austronesian,123.403,13.7574,2500000,other
ice_group,-7.612487188014121,0.01790479757416687,converged,-7.385732168570666,0.27241989304857717,chey1247,converged,0.22675501944345555,0.83058117588176394,Cheyenne,North America,Algic,253.341,45.5321,1720,hunter-gatherer
taste_group,-6.6616898200504995,0.00856555621078967,converged,-6.419192487670058,0.2920130798960764,jeha1242,converged,0.24249733238044158,0.8300760908220423,Jehai,Eurasia,Austroasiatic,101.541,5.63695,1000,hunter-gatherer
rain_group,-6.603067545596872,0.011688275163570797,converged,-6.357304232168414,0.29667853402043176,gamb1252,converged,0.24576331342845759,0.8277403939873835,Gambian Wolof,Africa,Atlantic-Congo,-16.1544,13.5337,185000,other
rain_group,-6.603067545596872,0.011688275163570797,converged,-6.3817184225943935,0.26746366966459784,nyan1307,converged,0.22134912300247844,0.82679665370368,Nyankole,Africa,Atlantic-Congo,30.548,-0.46364,2330000,other
taste_group,-6.6616898200504995,0.00856555621078967,converged,-6.4547202911841195,0.25046416127421206,sout2856,converged,0.20696952886637998,0.8258610850537613,Nafsan,Papunesia,Austronesian,168.377,-17.7006,6000,other
smell_group,-6.4695167475009825,0.009740427525109643,converged,-6.278425574300078,0.2312530045689524,kich1262,converged,0.1910911732009044,0.8255974451239629,K'iche',North America,Mayan,268.8304,14.5278,1900000,other
wind_group,-5.9578521923046734,0.008998002000740201,converged,-5.809468088251464,0.18010140566468513,ndon1254,converged,0.14838410405320968,0.8228656539467464,Ndonga,Africa,Atlantic-Congo,17.35,-17.22,1070000,other
snow_group,-7.416197459846801,0.016251105602529504,converged,-7.082543427330213,0.4053288166768763,reel1238,converged,0.33365403251658776,0.8225079671843947,Reel,Africa,Nilotic,30.49451,6.32234,50000,other
rain_group,-6.603067545596872,0.011688275163570797,converged,-6.408441250871089,0.23746185933043965,plat1254,converged,0.19462629472578286,0.818619693017164,Plateau Malagasy,Africa,Austronesian,47.1211,-19.5907,7520000,other
smell_group,-6.4695167475009825,0.009740427525109643,converged,-6.3698969644780306,0.12135659088888655,efik1245,converged,0.09961978302295194,0.8182534028637382,Efik,Africa,Atlantic-Congo,8.38121,4.89379,400000,other
wind_group,-5.9578521923046734,0.008998002000740201,converged,-5.759050769240108,0.24310218772820696,mesk1242,converged,0.19880142306456516,0.8172093703847177,Meskwaki,North America,Algic,271,44,250,hunter-gatherer
taste_group,-6.6616898200504995,0.00856555621078967,converged,-6.514621496066145,0.17997802119419595,romb1245,converged,0.14706832398435488,0.8162221642998115,Romblomanon,Papunesia,Austronesian,122.56,12.4047,200000,other
smell_group,-6.4695167475009825,0.009740427525109643,converged,-6.307714760234146,0.19799923500643313,taus1251,converged,0.1618019872668368,0.8161978774968724,Tausug,Papunesia,Austronesian,118.88,5.12236,1050000,other
taste_group,-6.6616898200504995,0.00856555621078967,converged,-6.503654851530185,0.193950375384628,ngaa1240,converged,0.1580349685203144,0.8140282037930527,Ngaanyatjarra,Australia,Pama-Nyungan,127.602,-25.7514,990,hunter-gatherer
rain_group,-6.603067545596872,0.011688275163570797,converged,-6.379284503666511,0.2752583607811417,atak1252,converged,0.22378304193036058,0.812260750655195,Atakapa,North America,isolate_atak1252,266.9173,30.9121,1700,other
dance_group,-7.253315279651133,0.017805314144472898,converged,-7.003688280989481,0.3068267642785616,uppe1439,converged,0.24962699866165217,0.81220992359906,Upper Chehalis,North America,Salishan,236.831,46.7981,691,hunter-gatherer
ice_group,-7.612487188014121,0.01790479757416687,converged,-7.333804820053996,0.34265666758948976,toho1245,converged,0.27868236796012535,0.8121910924926384,Tohono O'odham,North America,Uto-Aztecan,248.005,31.7973,9600,other
rain_group,-6.603067545596872,0.011688275163570797,converged,-6.398471397962171,0.2517204748261836,geda1237,converged,0.20459614763470135,0.8119162397340578,Gedaged,Papunesia,Austronesian,145.781,-5.18175,6950,other
dance_group,-7.253315279651133,0.017805314144472898,converged,-6.975532214367813,0.34272907059234425,mang1401,converged,0.2777830652833204,0.8094118144146464,Mangareva,Papunesia,Austronesian,225.03,-23.1095,1600,hunter-gatherer
snow_group,-7.416197459846801,0.016251105602529504,converged,-7.088037565549681,0.40532817470929816,ataa1240,converged,0.3281598942971202,0.8089653595483473,Ata,Papunesia,Austronesian,122.9,9.715,100,hunter-gatherer
wind_group,-5.9578521923046734,0.008998002000740201,converged,-5.76785850349826,0.234869730960798,rita1239,converged,0.1899936888064131,0.8083392193740919,Ritharrngu,Australia,Pama-Nyungan,135.259,-13.4559,100,hunter-gatherer
wind_group,-5.9578521923046734,0.008998002000740201,converged,-5.810625297591264,0.18236764853499748,mbuk1240,converged,0.14722689471340988,0.8063273060889105,Mbukushu,Africa,Atlantic-Congo,22.5026,-17.6827,35100,other
snow_group,-7.416197459846801,0.016251105602529504,converged,-7.089359226643755,0.40532802080399855,java1254,converged,0.3268382332030457,0.805707564103448,Javanese,Papunesia,Austronesian,109.287,-7.001,84300000,other
snow_group,-7.416197459846801,0.016251105602529504,converged,-7.08973652348256,0.405327976905688,kudm1238,converged,0.32646093636424123,0.8047775551737398,Kudmali,Eurasia,Indo-European,87.33,25.92,37000,other
wind_group,-5.9578521923046734,0.008998002000740201,converged,-5.804431996550138,0.19090485323526082,mara1385,converged,0.1534201957545358,0.8027562443674358,Marra,Australia,Mangarrayi-Maran,134.865,-14.7927,100,hunter-gatherer
dance_group,-7.253315279651133,0.017805314144472898,converged,-6.939271149674559,0.39096521076635643,mail1248,converged,0.3140441299765744,0.8024216799358922,Mailu,Papunesia,Mailuan,149.521,-10.3657,8500,other
smell_group,-6.4695167475009825,0.009740427525109643,converged,-6.271985553107246,0.2460465512877022,hava1248,converged,0.19753119439373634,0.8021920675693942,Havasupai-Walapai-Yavapai,North America,Cochimi-Yuman,246.615,35.6302,2690,other
rain_group,-6.603067545596872,0.011688275163570797,converged,-6.378068271243215,0.28107927988940024,mala1533,converged,0.22499927435365663,0.7997921188222092,Malacca-Batavia Portuguese Creole,Eurasia,Indo-European,102.262059,2.188087,1000,other
taste_group,-6.6616898200504995,0.00856555621078967,converged,-6.577830088274148,0.10480422413874246,haus1257,converged,0.08385973177635186,0.7974969622842459,Hausa,Africa,Afro-Asiatic,8.7804,11.1513,24060500,other
taste_group,-6.6616898200504995,0.00856555621078967,converged,-6.496244023005116,0.20762476621515996,maga1263,converged,0.16544579704538354,0.7961727655670192,Mag-Anchi Ayta,Papunesia,Austronesian,120.459,15.1954,8200,hunter-gatherer
taste_group,-6.6616898200504995,0.00856555621078967,converged,-6.56415376464957,0.12230706240795229,shon1251,converged,0.09753605540092991,0.7955202228685818,Shona,Africa,Atlantic-Congo,29.75725,-17.20849,10741200,other
rain_group,-6.603067545596872,0.011688275163570797,converged,-6.351810511900766,0.31641316339824416,daka1243,converged,0.2512570336961062,0.7935377243332304,Dakaka,Papunesia,Austronesian,168.013,-16.2696,1200,other
smell_group,-6.4695167475009825,0.009740427525109643,converged,-6.3557352175401265,0.14307473679765953,tigr1271,converged,0.113781529960856,0.7934228554407886,Tigrinya,Africa,Afro-Asiatic,38.9266,15.3359,5760000,other
wind_group,-5.9578521923046734,0.008998002000740201,converged,-5.789894139206705,0.21201261196458387,siee1239,converged,0.1679580530979683,0.7914953274695001,Sie,Papunesia,Austronesian,169.166,-18.8181,1900,other
wind_group,-5.9578521923046734,0.008998002000740201,converged,-5.787729330962086,0.21478014342960774,sele1250,converged,0.17012286134258758,0.7913849150022522,Selepet,Papunesia,Nuclear Trans New Guinea,147.234,-6.03532,7000,other
dance_group,-7.253315279651133,0.017805314144472898,converged,-7.000392554054753,0.3192050844899836,saaa1240,converged,0.2529227255963802,0.7911220038096795,Sa'a,Papunesia,Austronesian,161.467,-9.60258,11500,other
snow_group,-7.416197459846801,0.016251105602529504,converged,-7.138237894108645,0.35294691129791245,hava1248,converged,0.27795956573815594,0.7867058183196743,Havasupai-Walapai-Yavapai,North America,Cochimi-Yuman,246.615,35.6302,2690,other
taste_group,-6.6616898200504995,0.00856555621078967,converged,-6.499896265691586,0.2056851899481304,uppe1439,converged,0.16179355435891374,0.7859265098767975,Upper Chehalis,North America,Salishan,236.831,46.7981,691,hunter-gatherer
taste_group,-6.6616898200504995,0.00856555621078967,converged,-6.510027706798842,0.19282981455380907,ahte1237,converged,0.1516621132516578,0.7857327856599329,Ahtena,North America,Athabaskan-Eyak-Tlingit,215.111,61.7068,100,hunter-gatherer
dance_group,-7.253315279651133,0.017805314144472898,converged,-6.9667963000204765,0.36517394559527816,bant1281,converged,0.28651897963065664,0.7836785894506998,Bantawa,Eurasia,Sino-Tibetan,87.04738,27.12147,371000,other
snow_group,-7.416197459846801,0.016251105602529504,converged,-7.098842659024238,0.405326922417694,bafa1249,converged,0.31735480082256284,0.7823315308369689,Bafanji,Africa,Atlantic-Congo,10.4518,5.84612,17000,other
taste_group,-6.6616898200504995,0.00856555621078967,converged,-6.526034601642049,0.17324638828589686,beij1234,converged,0.1356552184084503,0.7820637491620822,Beijing Mandarin,Eurasia,Sino-Tibetan,116.1172766,39.9385466,27000000,other
wind_group,-5.9578521923046734,0.008998002000740201,converged,-5.797348504297585,0.2051899045318598,kuan1247,converged,0.16050368800708803,0.781469175949066,Kuanyama,Africa,Atlantic-Congo,16.58,-17.7176,668000,other
rain_group,-6.603067545596872,0.011688275163570797,converged,-6.407027878503781,0.25244084128017236,bamb1269,converged,0.19603966709309084,0.7757455953715171,Bambara,Africa,Mande,-7.65,12.9,2772040,other
smell_group,-6.4695167475009825,0.009740427525109643,converged,-6.270337954070246,0.2568279799250677,zigu1244,converged,0.19917879343073608,0.7749767030339533,Zigula-Mushungulu,Africa,Atlantic-Congo,38.41138,-5.61864,355000,other
smell_group,-6.4695167475009825,0.009740427525109643,converged,-6.317054381642361,0.1973373520280085,hait1244,converged,0.1524623658586215,0.7716581685352486,Haitian,North America,Indo-European,287.863885,18.795135,7489840,other
ice_group,-7.612487188014121,0.01790479757416687,converged,-7.34630058703439,0.3445822418901614,ulst1239,converged,0.2661866009797311,0.771450039029588,Ulster,Eurasia,Indo-European,-3.710133,55.886945,2215454,other
smell_group,-6.4695167475009825,0.009740427525109643,converged,-6.2813121810104375,0.24422411463865953,west2555,converged,0.18820456649054496,0.7700102007565031,Western Bukidnon Manobo,Papunesia,Austronesian,124.825,7.6682,19000,other
rain_group,-6.603067545596872,0.011688275163570797,converged,-6.487073681946007,0.15024914826289068,bini1246,converged,0.11599386365086506,0.7696846900174845,Bini,Africa,Atlantic-Congo,5.70426,6.40701,1000000,other
smell_group,-6.4695167475009825,0.009740427525109643,converged,-6.370230972620949,0.1288411541244618,assa1263,converged,0.0992857748800331,0.7684132987015756,Assamese,Eurasia,Indo-European,91.2932,26.0876,16709000,other
wind_group,-5.9578521923046734,0.008998002000740201,converged,-5.8092615637670075,0.1935447745935322,chep1245,converged,0.14859062853766591,0.7669042420110792,Chepang,Eurasia,Sino-Tibetan,84.9017,27.7206,36800,other
taste_group,-6.6616898200504995,0.00856555621078967,converged,-6.44280501372457,0.28563413133179566,java1254,converged,0.21888480632592966,0.7659674744635425,Javanese,Papunesia,Austronesian,109.287,-7.001,84300000,other
rain_group,-6.603067545596872,0.011688275163570797,converged,-6.378003998779137,0.2936015478481055,thay1249,converged,0.22506354681773466,0.7659544570840796,Thayore,Australia,Pama-Nyungan,142.034,-14.8159,150,hunter-gatherer
taste_group,-6.6616898200504995,0.00856555621078967,converged,-6.4431825944012475,0.2856340689439455,kudm1238,converged,0.21850722564925196,0.7646463320855469,Kudmali,Eurasia,Indo-European,87.33,25.92,37000,other
smell_group,-6.4695167475009825,0.009740427525109643,converged,-6.360375261737365,0.1430795782293559,slov1268,converged,0.10914148576361793,0.761041204779406,Slovenian,Eurasia,Indo-European,14.7766,46.2543,1851190,other
smell_group,-6.4695167475009825,0.009740427525109643,converged,-6.29749214972688,0.22594277474484406,boko1267,converged,0.17202459777410262,0.7606570639230599,Bokobaru,Africa,Mande,3.80058,9.52724,30000,other
wind_group,-5.9578521923046734,0.008998002000740201,converged,-5.789473684865642,0.22132971520989958,shos1248,converged,0.16837850743903182,0.7601308028403495,Shoshoni,North America,Uto-Aztecan,244,41,2910,hunter-gatherer
taste_group,-6.6616898200504995,0.00856555621078967,converged,-6.485215992895415,0.2323077976609459,cent2087,converged,0.17647382715508453,0.759139347972915,Coastal-Naga Bikol,Papunesia,Austronesian,123.403,13.7574,2500000,other
snow_group,-7.416197459846801,0.016251105602529504,converged,-7.108514694818688,0.40532581286137376,bayu1240,converged,0.30768276502811265,0.758490452404882,Bayungu,Australia,Pama-Nyungan,114.108,-23.3809,100,hunter-gatherer
wind_group,-5.9578521923046734,0.008998002000740201,converged,-5.789098524690726,0.222580974343339,kuku1273,converged,0.16875366761394783,0.7575487743954082,Kuku-Yalanji,Australia,Pama-Nyungan,145.188,-16.0036,240,hunter-gatherer
wind_group,-5.9578521923046734,0.008998002000740201,converged,-5.812991964475315,0.1912109157214956,oldc1244,converged,0.14486022782935848,0.7567564852215758,Old Chinese,Eurasia,Sino-Tibetan,114.32,36.12,57671400,other
taste_group,-6.6616898200504995,0.00856555621078967,converged,-6.449865926060944,0.2798445982353575,adny1235,converged,0.21182389398955515,0.7565796864881454,Adnyamathanha,Australia,Pama-Nyungan,138.671,-30.1451,130,hunter-gatherer
wind_group,-5.9578521923046734,0.008998002000740201,converged,-5.821911696451828,0.17960491786017935,khot1251,converged,0.13594049585284562,0.7559381986098236,Khotanese,Eurasia,Indo-European,79.04,38.33,83000,other
ice_group,-7.612487188014121,0.01790479757416687,converged,-7.364283818978503,0.32796688273859714,hait1244,converged,0.24820336903561824,0.7556687290945853,Haitian,North America,Indo-European,287.863885,18.795135,7489840,other
snow_group,-7.416197459846801,0.016251105602529504,converged,-7.110456401312651,0.40532559140287006,rita1239,converged,0.30574105853415023,0.753704226125,Ritharrngu,Australia,Pama-Nyungan,135.259,-13.4559,100,hunter-gatherer
ice_group,-7.612487188014121,0.01790479757416687,converged,-7.255135825570107,0.47395825456395824,thom1243,converged,0.3573513624440148,0.7534348037015464,Thompson,North America,Salishan,239.807,50.1668,720,hunter-gatherer
smell_group,-6.4695167475009825,0.009740427525109643,converged,-6.269847631373939,0.2650557833925486,fore1270,converged,0.1996691161270432,0.7528016460386809,Fore,Papunesia,Nuclear Trans New Guinea,145.5065,-6.64473,17000,other
smell_group,-6.4695167475009825,0.009740427525109643,converged,-6.377851018260149,0.12147467065864735,tahi1242,converged,0.09166572924083383,0.7521934804088928,Tahitian,Papunesia,Austronesian,210.55,-17.6485,124260,other
snow_group,-7.416197459846801,0.016251105602529504,converged,-7.1217486771132945,0.391366200295137,midl1243,converged,0.2944487827335065,0.7517135083938777,Midland American English,Eurasia,Indo-European,-1,53,60783913,other
wind_group,-5.9578521923046734,0.008998002000740201,converged,-5.78563057961786,0.22971727182011545,devo1240,converged,0.17222161268681369,0.7491367322787225,Devon,Eurasia,Indo-European,-1,53,1194166,other
taste_group,-6.6616898200504995,0.00856555621078967,converged,-6.471853609002604,0.2537725141201173,limb1266,converged,0.18983621104789528,0.7476308765402729,Limbu,Eurasia,Sino-Tibetan,87.8859,27.2703,358000,other
taste_group,-6.6616898200504995,0.00856555621078967,converged,-6.4603069305246414,0.2697178966016467,louu1245,converged,0.20138288952585803,0.746266442886679,Lou,Papunesia,Austronesian,147.346,-2.38659,1000,other
dance_group,-7.253315279651133,0.017805314144472898,converged,-6.96163098124651,0.39096267351660324,cung1238,converged,0.29168429840462284,0.7452943653518592,Chung,Africa,Atlantic-Congo,10.4104,6.59687,1400,other
rain_group,-6.603067545596872,0.011688275163570797,converged,-6.406465776989463,0.26363851935240623,boko1266,converged,0.19660176860740908,0.7449929493678237,Boko,Africa,Mande,3.71771,10.5189,110000,other
taste_group,-6.6616898200504995,0.00856555621078967,converged,-6.493389133575194,0.2264593991703349,cent2100,converged,0.16830068647530538,0.7426515624654223,Kadazan Dusun,Papunesia,Austronesian,116.681,6.02998,141000,other
smell_group,-6.4695167475009825,0.009740427525109643,converged,-6.333551044822193,0.18311913138373737,swat1243,converged,0.1359657026787895,0.7414504466399353,Swati,Africa,Atlantic-Congo,31.5,-26,2034200,other
snow_group,-7.416197459846801,0.016251105602529504,converged,-7.241902183354458,0.2347373673322152,clas1252,converged,0.17429527649234267,0.7407388145225069,Classical Syriac,Eurasia,Afro-Asiatic,42.1432,37.1129,200000,other
smell_group,-6.4695167475009825,0.009740427525109643,converged,-6.323709155786762,0.19682632375011735,ukra1253,converged,0.1458075917142203,0.7398877063109119,Ukrainian,Eurasia,Indo-European,29.945,49.796,31651360,other
snow_group,-7.416197459846801,0.016251105602529504,converged,-7.1170852025317926,0.4053248385951697,neng1238,converged,0.29911225731500846,0.7373644597998373,Nengone,Papunesia,Austronesian,167.964,-21.5305,6500,other
wind_group,-5.9578521923046734,0.008998002000740201,converged,-5.899342705451949,0.07898423832018552,minn1241,converged,0.05850948685272428,0.7360135766455331,Min Nan Chinese,Eurasia,Sino-Tibetan,118.17,24.5,40700000,other
dance_group,-7.253315279651133,0.017805314144472898,converged,-7.130079769417443,0.1665558350860111,swed1254,converged,0.12323551023369017,0.7357130783340106,Swedish,Eurasia,Indo-European,17.389526,59.800634,8236000,other
ice_group,-7.612487188014121,0.01790479757416687,converged,-7.278398502780879,0.45471324819730125,adny1235,converged,0.3340886852332421,0.7341549645942572,Adnyamathanha,Australia,Pama-Nyungan,138.671,-30.1451,130,hunter-gatherer
snow_group,-7.416197459846801,0.016251105602529504,converged,-7.118643944646668,0.4053246622980333,gbar1246,converged,0.29755351520013296,0.7335222041531707,Gbari,Africa,Atlantic-Congo,7.10757,8.46411,350000,other
dance_group,-7.253315279651133,0.017805314144472898,converged,-7.033848441086294,0.2994285885897587,choc1276,converged,0.2194668385648395,0.7316597516039899,Choctaw,North America,Muskogean,271.5,32.25,11400,other
ice_group,-7.612487188014121,0.01790479757416687,converged,-7.330696887781935,0.38521012721127734,nand1266,converged,0.28179030023218665,0.7307346726015137,Nandi,Africa,Nilotic,35.408478,0.793737,938000,other
wind_group,-5.9578521923046734,0.008998002000740201,converged,-5.8689823139550175,0.12128456608081917,dzon1239,converged,0.08886987834965598,0.7307303377030433,Dzongkha,Eurasia,Sino-Tibetan,89.581604,27.410786,160300,other
ice_group,-7.612487188014121,0.01790479757416687,converged,-7.3012390503768465,0.42631525638287215,lada1244,converged,0.3112481376372749,0.7294460808893928,Leh Ladakhi,Eurasia,Sino-Tibetan,80.6013,33.468,150000,other
rain_group,-6.603067545596872,0.011688275163570797,converged,-6.502087458899109,0.13794928548092683,nucl1417,converged,0.1009800866977626,0.7293952991565501,Igbo,Africa,Atlantic-Congo,7.23441,4.62705,18000000,other
rain_group,-6.603067545596872,0.011688275163570797,converged,-6.476664348659199,0.17302035291240733,halh1238,converged,0.1264031969376731,0.7289070458327525,Halh Mongolian,Eurasia,Mongolic-Khitan,106.28874,48.32397,2332660,other
taste_group,-6.6616898200504995,0.00856555621078967,converged,-6.465339282354919,0.2697171630918597,bugh1239,converged,0.1963505376955803,0.7276199868017196,Bughotu,Papunesia,Austronesian,159.802,-8.47948,4050,other
taste_group,-6.6616898200504995,0.00856555621078967,converged,-6.458153202350774,0.27984329286563625,cung1238,converged,0.20353661769972575,0.7269830855809933,Chung,Africa,Atlantic-Congo,10.4104,6.59687,1400,other
taste_group,-6.6616898200504995,0.00856555621078967,converged,-6.458153202350774,0.27984329286563625,teee1242,converged,0.20353661769972575,0.7269830855809933,Tee,Africa,Atlantic-Congo,7.37553,4.73213,313000,other
dance_group,-7.253315279651133,0.017805314144472898,converged,-7.194107288718328,0.07959403200194091,sans1269,converged,0.05920799093280493,0.7259327638062598,Sanskrit,Eurasia,Indo-European,77,20,2950,other
ice_group,-7.612487188014121,0.01790479757416687,converged,-7.503316230915437,0.14981161518680647,minn1241,converged,0.10917095709868452,0.7235721755517709,Min Nan Chinese,Eurasia,Sino-Tibetan,118.17,24.5,40700000,other
wind_group,-5.9578521923046734,0.008998002000740201,converged,-5.790896629471489,0.23134963399342143,beja1238,converged,0.16695556283318425,0.7211138643074876,Beja,Africa,Afro-Asiatic,36.6666,17.2436,1109000,other
dance_group,-7.253315279651133,0.017805314144472898,converged,-7.178859756911848,0.1018807401513243,maor1246,converged,0.07445552273928513,0.7198992421381325,Maori,Papunesia,Austronesian,176.541,-38.2881,60000,other
taste_group,-6.6616898200504995,0.00856555621078967,converged,-6.618745219877584,0.05909257610156832,west2369,converged,0.04294460017291524,0.7192178288942351,Western Farsi,Eurasia,Indo-European,53.3,32.9,22472000,other
smell_group,-6.4695167475009825,0.009740427525109643,converged,-6.291040935622584,0.24796483905537717,sene1264,converged,0.1784758118783989,0.719207910593956,Seneca,North America,Iroquoian,282.47,42.56,175,other
wind_group,-5.9578521923046734,0.008998002000740201,converged,-5.853067797651403,0.1454376191388739,tuva1244,converged,0.1047843946532705,0.7191016133706543,Tuvalu,Papunesia,Austronesian,179.198088,-8.520813,12580,hunter-gatherer
taste_group,-6.6616898200504995,0.00856555621078967,converged,-6.489674660080495,0.23917444501630686,huaa1248,converged,0.17201515997000438,0.7187429872966798,East Taa,Africa,Tuu,20.79583,-24.20022,4200,hunter-gatherer
dance_group,-7.253315279651133,0.017805314144472898,converged,-6.99080966392877,0.3651717215213643,anuf1239,converged,0.26250561572236286,0.7180022799224023,Anufo,Africa,Atlantic-Congo,0.56021,10.2839,137600,other
rain_group,-6.603067545596872,0.011688275163570797,converged,-6.459713280689472,0.19960868477509963,yuca1254,converged,0.14335426490739955,0.7169484074447998,Yucatec Maya,North America,Mayan,271.0433,18.7757,706000,other
dance_group,-7.253315279651133,0.017805314144472898,converged,-6.9645556828191895,0.4024317094724184,urho1239,converged,0.28875959683194363,0.716835607935458,Urhobo,Africa,Atlantic-Congo,5.86148,5.31155,546000,other
taste_group,-6.6616898200504995,0.00856555621078967,converged,-6.501750927604246,0.22301739106100316,mung1266,converged,0.15993889244625326,0.7166304645150553,Mungaka,Africa,Atlantic-Congo,10.0294,5.89752,50100,other
ice_group,-7.612487188014121,0.01790479757416687,converged,-7.3854520228828155,0.3165529662790876,amer1254,converged,0.22703516513130584,0.7160661532445678,Latin American Spanish,Eurasia,Indo-European,-1.11788,40.4414,455000000,other
ice_group,-7.612487188014121,0.01790479757416687,converged,-7.4317477836691515,0.25219004447801613,akka1240,converged,0.18073940434496993,0.7148799283816136,Akkadian,Eurasia,Afro-Asiatic,44.1,33.1,200000,other
taste_group,-6.6616898200504995,0.00856555621078967,converged,-6.615263966336082,0.06445765737346042,scot1243,converged,0.04642585371441754,0.7139770907148367,Scots,Eurasia,Indo-European,-3.710133,55.886945,100000,other
dance_group,-7.253315279651133,0.017805314144472898,converged,-7.086443139283718,0.23321373144122098,tulu1258,converged,0.16687214036741516,0.7134567495124386,Tulu,Eurasia,Dravidian,75.2651,12.8114,1950000,other
taste_group,-6.6616898200504995,0.00856555621078967,converged,-6.4578911355469195,0.28563165687404946,adyg1241,converged,0.20379868450357996,0.7131811358308541,Adyghe,Eurasia,Abkhaz-Adyge,39.33,44,475300,other
ice_group,-7.612487188014121,0.01790479757416687,converged,-7.2990759483821686,0.4391625253397856,pamp1243,converged,0.31341123963195283,0.7130642228346403,Pampanga,Papunesia,Austronesian,120.502,14.9603,1900000,other
snow_group,-7.416197459846801,0.016251105602529504,converged,-7.279166783418732,0.19289172026809703,tswa1253,converged,0.13703067642806932,0.7078941757522312,Tswana,Africa,Atlantic-Congo,24.7587,-24.368,4521700,other
ice_group,-7.612487188014121,0.01790479757416687,converged,-7.402401952934281,0.2973828833048804,trin1276,converged,0.21008523507984034,0.7051700029291639,Trinidadian Creole English,South America,Indo-European,298.5829,10.4208,9600,other
dance_group,-7.253315279651133,0.017805314144472898,converged,-6.9773880034440054,0.3909609192719392,urak1238,converged,0.27592727620712765,0.7050361166467667,Urak Lawoi',Eurasia,Austronesian,99.0768,7.5258,3000,hunter-gatherer
wind_group,-5.9578521923046734,0.008998002000740201,converged,-5.901449452858432,0.07968562889352684,xhos1239,converged,0.05640273944624141,0.7033458497006555,Xhosa,Africa,Atlantic-Congo,28.0769,-31.0389,7808000,other
snow_group,-7.416197459846801,0.016251105602529504,converged,-7.149133923744357,0.3795616764973435,nzim1238,converged,0.2670635361024436,0.7029663507841725,Nzima,Africa,Atlantic-Congo,-2.81123,5.1785,328700,other
taste_group,-6.6616898200504995,0.00856555621078967,converged,-6.52041751775379,0.2013765023392999,mans1262,converged,0.14127230229670928,0.7008994437286759,Mansaka,Papunesia,Austronesian,126.181,6.79221,57800,other
rain_group,-6.603067545596872,0.011688275163570797,converged,-6.40099650503463,0.28807934404064733,akaw1239,converged,0.20207104056224168,0.7008656726774258,Akawaio-Ingariko,South America,Cariban,299.138,6.16277,5350,hunter-gatherer
taste_group,-6.6616898200504995,0.00856555621078967,converged,-6.469293613555179,0.2745591725779707,didi1258,converged,0.19239620649532085,0.700405107511349,Didinga,Africa,Surmic,33.6869,4.21489,60000,other
rain_group,-6.603067545596872,0.011688275163570797,converged,-6.416919224391506,0.26612554189104126,cent1990,converged,0.18614832120536562,0.6988019301417998,Central Nicobarese,Eurasia,Austroasiatic,93.3921,7.94812,10100,other
snow_group,-7.416197459846801,0.016251105602529504,converged,-7.1328353772558,0.40532306978925303,shek1244,converged,0.28336208259100104,0.6985405451998746,Shekkacho,Africa,Ta-Ne-Omotic,35.3922,7.27424,54900,other
smell_group,-6.4695167475009825,0.009740427525109643,converged,-6.317077850074707,0.2192436425898433,sout2668,converged,0.1524388974262756,0.6946093232567939,Southern Hindko,Eurasia,Indo-European,72.1702,33.2122,625000,other
taste_group,-6.6616898200504995,0.00856555621078967,converged,-6.618199018871534,0.06238881112333242,tibe1272,converged,0.0434908011789652,0.6906145114064766,Tibetan,Eurasia,Sino-Tibetan,90.1872,28.3681,1269080,other
ice_group,-7.612487188014121,0.01790479757416687,converged,-7.485692335527312,0.18288097693523653,east2295,converged,0.12679485248680944,0.6900198736292148,Eastern Yiddish,Eurasia,Indo-European,19.42,51.75,401947,other
rain_group,-6.603067545596872,0.011688275163570797,converged,-6.415288629523366,0.2718896587540751,akha1245,converged,0.18777891607350572,0.6900065414213569,Akha,Eurasia,Sino-Tibetan,100.964,21.2309,563960,other
rain_group,-6.603067545596872,0.011688275163570797,converged,-6.415084580509922,0.27352649177083754,midd1344,converged,0.18798296508694978,0.6866302770286739,Middle Chinese,Eurasia,Sino-Tibetan,108.9,34.27,65000000,other
smell_group,-6.4695167475009825,0.009740427525109643,converged,-6.358856653108652,0.16177485609434114,ling1263,converged,0.1106600943923306,0.682801130930868,Kinshasa Lingala,Africa,Atlantic-Congo,15.28532,-4.409174,20259660,other
snow_group,-7.416197459846801,0.016251105602529504,converged,-7.139676868716587,0.4053223100967711,mail1248,converged,0.27652059113021377,0.6816762644447216,Mailu,Papunesia,Mailuan,149.521,-10.3657,8500,other
smell_group,-6.4695167475009825,0.009740427525109643,converged,-6.292573228991999,0.2593922539036098,lada1244,converged,0.17694351850898382,0.68166607082862,Leh Ladakhi,Eurasia,Sino-Tibetan,80.6013,33.468,150000,other
smell_group,-6.4695167475009825,0.009740427525109643,converged,-6.311094926812232,0.23244626523527262,cent2100,converged,0.15842182068875044,0.6809441031014556,Kadazan Dusun,Papunesia,Austronesian,116.681,6.02998,141000,other
taste_group,-6.6616898200504995,0.00856555621078967,converged,-6.486749978852436,0.2573206384326834,nenn1238,converged,0.17493984119806338,0.6794752302894714,Nen,Papunesia,Yam,142.032,-8.62183,250,other
smell_group,-6.4695167475009825,0.009740427525109643,converged,-6.381023619890776,0.12988997369448027,lako1247,converged,0.08849312761020656,0.6793854073309671,Lakota,North America,Siouan,256.05,46.3699,6189,hunter-gatherer
dance_group,-7.253315279651133,0.017805314144472898,converged,-7.0364575390017725,0.3192030367076916,jica1244,converged,0.2168577406493606,0.6783179610296391,Jicarilla Apache,North America,Athabaskan-Eyak-Tlingit,252.993,36.8079,680,hunter-gatherer
dance_group,-7.253315279651133,0.017805314144472898,converged,-7.017684110803614,0.34746512038315325,bard1255,converged,0.23563116884751878,0.6772547573847215,Bardi,Australia,Nyulnyulan,122.906,-16.6274,380,hunter-gatherer
snow_group,-7.416197459846801,0.016251105602529504,converged,-7.141827651515177,0.4053220723411403,libe1247,converged,0.27436980833162394,0.676374568668077,Liberia Kpelle,Africa,Mande,-9.96128,6.92048,487000,other
wind_group,-5.9578521923046734,0.008998002000740201,converged,-5.791787691342193,0.24545515621160063,bela1256,converged,0.16606450096248082,0.6761032594553454,Belanda Bor,Africa,Nilotic,27.8232,6.6503,8000,other
snow_group,-7.416197459846801,0.016251105602529504,converged,-7.152886920074657,0.39136298270218045,esan1238,converged,0.263310539772144,0.6722245965047081,Esan,Africa,Atlantic-Congo,6.33917,6.25685,200000,other
dance_group,-7.253315279651133,0.017805314144472898,converged,-6.9904312789934195,0.39095948790994106,beja1238,converged,0.26288400065771356,0.67171101988636694,Beja,Africa,Afro-Asiatic,36.6666,17.2436,1109000,other
ice_group,-7.612487188014121,0.01790479757416687,converged,-7.368440669997908,0.3629155912623484,nort2952,converged,0.24404651801621302,0.6716439182673507,Northeast Maidu,North America,Maiduan,239.355,40.4102,100,hunter-gatherer
wind_group,-5.9578521923046734,0.008998002000740201,converged,-5.815994456719136,0.21114897358536538,atay1247,converged,0.14185773558553727,0.6712280055393949,Atayal,Papunesia,Austronesian,121.388,24.5209,84300,other
ice_group,-7.612487188014121,0.01790479757416687,converged,-7.370936014605691,0.3596180725726185,pint1250,converged,0.24155117340843013,0.6708571088963601,Pintupi-Luritja,Australia,Pama-Nyungan,130.643,-23.2963,390,hunter-gatherer
rain_group,-6.603067545596872,0.011688275163570797,converged,-6.3976250165674085,0.3074864656409757,ipai1240,converged,0.20544252902946347,0.667653008806462,Ipai,North America,Cochimi-Yuman,243.007,33.005,3200,other
snow_group,-7.416197459846801,0.016251105602529504,converged,-7.260156564153267,0.23362656013129074,nort3139,converged,0.1560408956935344,0.6662973117664883,Levantine Arabic,Eurasia,Afro-Asiatic,36.0468,34.1709,13300000,other
rain_group,-6.603067545596872,0.011688275163570797,converged,-6.449852403446963,0.23011233465453998,jewi1240,converged,0.15321514214990906,0.6649703322569167,Jewish Babylonian Aramaic,Eurasia,Afro-Asiatic,44.245,32.273,200000,other
dance_group,-7.253315279651133,0.017805314144472898,converged,-7.005294694063211,0.3726245269775649,kwan1273,converged,0.2480205855879225,0.6648459862173308,Kwangali,Africa,Atlantic-Congo,19.256,-17.9026,84000,other
rain_group,-6.603067545596872,0.011688275163570797,converged,-6.4342540279611775,0.25396062797853564,meso1252,converged,0.1688135176356944,0.6640202918953002,Gilit Mesopotamian Arabic,Eurasia,Afro-Asiatic,43.1095,33.8178,14600000,other
rain_group,-6.603067545596872,0.011688275163570797,converged,-6.428619393392698,0.2624759109423326,east2542,converged,0.17444815220417365,0.6639673841191643,Eastern Ojibwa,North America,Algic,280.2497,45.0112,25900,hunter-gatherer
smell_group,-6.4695167475009825,0.009740427525109643,converged,-6.322349055590862,0.22154055608776646,moro1292,converged,0.1471676919101208,0.6636511933919338,Moroccan Arabic,Africa,Afro-Asiatic,-7.5,32.5,20140000,other
dance_group,-7.253315279651133,0.017805314144472898,converged,-7.006217062269055,0.3726244391678202,papi1253,converged,0.24709821738207793,0.6623736342843507,Papiamento,South America,Indo-European,290.06012,12.48485,239400,other
rain_group,-6.603067545596872,0.011688275163570797,converged,-6.420783395705679,0.2752544105374361,wuch1236,converged,0.1822841498911929,0.6616425453836737,Wu Chinese,Eurasia,Sino-Tibetan,119.682,29.8621,77200000,other
snow_group,-7.416197459846801,0.016251105602529504,converged,-7.147807552548717,0.4053214139805503,djiw1241,converged,0.26838990729808376,0.661634030637271,Djiwarli,Australia,Pama-Nyungan,116.98858,-24.10724,2000,other
smell_group,-6.4695167475009825,0.009740427525109643,converged,-6.3625571251904125,0.16147120912306195,luok1236,converged,0.10695962231056999,0.6612048465155359,Luo,Africa,Nilotic,34.4896,-0.93296,4410000,other
smell_group,-6.4695167475009825,0.009740427525109643,converged,-6.296156494086727,0.2621283149137279,shos1248,converged,0.17336025341425554,0.6609003307284562,Shoshoni,North America,Uto-Aztecan,244,41,2910,hunter-gatherer
snow_group,-7.416197459846801,0.016251105602529504,converged,-7.150651055577179,0.40532110230146784,tiri1258,converged,0.26554640426962184,0.6546247376944178,Tiri-Mea,Papunesia,Austronesian,165.792,-21.8147,260,other
taste_group,-6.6616898200504995,0.00856555621078967,converged,-6.48228585394018,0.2745572392984873,xara1244,converged,0.1794039661103195,0.653112347670215,Xârâcùù,Papunesia,Austronesian,165.996,-21.7034,3780,other
snow_group,-7.416197459846801,0.016251105602529504,converged,-7.174690589201943,0.36943679039509986,limb1266,converged,0.24150687064485776,0.6530847904664068,Limbu,Eurasia,Sino-Tibetan,87.8859,27.2703,358000,other
snow_group,-7.416197459846801,0.016251105602529504,converged,-7.175209305509673,0.369436744877203,sanb1242,converged,0.24098815433712772,0.6516821538607838,San Blas Kuna,South America,Chibchan,281.6925,9.15686,57100,other
taste_group,-6.6616898200504995,0.00856555621078967,converged,-6.523474930675602,0.21195272351476135,iqui1243,converged,0.1382148893748978,0.6515705978418678,Iquito,South America,Zaparoan,286.02954,-3.31233,100,other
snow_group,-7.416197459846801,0.016251105602529504,converged,-7.153751906827569,0.4053207634225649,adny1235,converged,0.2624455530192318,0.6469810622626,Adnyamathanha,Australia,Pama-Nyungan,138.671,-30.1451,130,hunter-gatherer
dance_group,-7.253315279651133,0.017805314144472898,converged,-7.187426057390321,0.10034086752618418,mode1248,converged,0.06588922226081184,0.6465534935332042,Modern Greek,Eurasia,Indo-European,23.13,38.36,11792480,other
smell_group,-6.4695167475009825,0.009740427525109643,converged,-6.306550515128952,0.2521365534153869,urip1240,converged,0.1629662323720309,0.6458594001469886,Uripiv,Papunesia,Austronesian,167.34643,-16.00951,351,other
smell_group,-6.4695167475009825,0.009740427525109643,converged,-6.3040245924476075,0.25682358755067153,port1286,converged,0.165492155053375,0.6439177223916347,Daakie,Papunesia,Austronesian,168.046,-16.3083,1300,other
rain_group,-6.603067545596872,0.011688275163570797,converged,-6.412179044867811,0.29667167459098465,lega1249,converged,0.19088850072906105,0.6429347335823361,Lega-Shabunda,Africa,Atlantic-Congo,27.1424,-3.83196,400000,other
dance_group,-7.253315279651133,0.017805314144472898,converged,-7.061831414123263,0.2981700734516263,thao1240,converged,0.19148386552786967,0.6410548380687737,Thao,Papunesia,Austronesian,120.93,23.8333,100,other
snow_group,-7.416197459846801,0.016251105602529504,converged,-7.201773450238836,0.33459429078565645,clas1250,converged,0.21442400960796526,0.6400932367733051,Classical Nahuatl,North America,Uto-Aztecan,263.03,19.72,5500000,other
dance_group,-7.253315279651133,0.017805314144472898,converged,-7.002885711142326,0.39095813847620675,ipai1240,converged,0.2504295685088067,0.639890141152047,Ipai,North America,Cochimi-Yuman,243.007,33.005,3200,other
taste_group,-6.6616898200504995,0.00856555621078967,converged,-6.559247873995268,0.15996407400944093,trin1276,converged,0.10244194605523127,0.6394898241846475,Trinidadian Creole English,South America,Indo-European,298.5829,10.4208,9600,other
rain_group,-6.603067545596872,0.011688275163570797,converged,-6.438966463728328,0.2564654141924766,koas1236,converged,0.16410108186854355,0.6391931082953264,Koasati,North America,Muskogean,267.291,30.4096,200,other
wind_group,-5.9578521923046734,0.008998002000740201,converged,-5.812083039911008,0.22815446087322316,muru1266,converged,0.14576915239366528,0.6384092657483144,Muruwari,Australia,Pama-Nyungan,146.546,-28.9618,2000,hunter-gatherer
wind_group,-5.9578521923046734,0.008998002000740201,converged,-5.82062529036386,0.21679369323310138,sout2856,converged,0.13722690194081366,0.632439324811062,Nafsan,Papunesia,Austronesian,168.377,-17.7006,6000,other
taste_group,-6.6616898200504995,0.00856555621078967,converged,-6.491504320128696,0.2697134081979286,cayu1262,converged,0.17018549992180354,0.63066847111281,Cayubaba,South America,isolate_cayu1262,294.51779999999997,-13.2482,1246,other
taste_group,-6.6616898200504995,0.00856555621078967,converged,-6.607360435665261,0.086082406903559,amha1245,converged,0.05432938438523838,0.6280308321844945,Amharic,Africa,Afro-Asiatic,39.543456,11.708182,17400000,other
snow_group,-7.416197459846801,0.016251105602529504,converged,-7.162032628711059,0.4053198635890439,cung1238,converged,0.25416483113574184,0.6265688064676449,Chung,Africa,Atlantic-Congo,10.4104,6.59687,1400,other
snow_group,-7.416197459846801,0.016251105602529504,converged,-7.162032628711059,0.4053198635890439,teee1242,converged,0.25416483113574184,0.6265688064676449,Tee,Africa,Atlantic-Congo,7.37553,4.73213,313000,other
taste_group,-6.6616898200504995,0.00856555621078967,converged,-6.510145975106941,0.2444615778166709,kara1483,converged,0.15154384494355888,0.6195284640414923,Karamojong,Africa,Nilotic,34.2761,2.45157,260000,other
smell_group,-6.4695167475009825,0.009740427525109643,converged,-6.307743896309162,0.26212674373458916,mart1256,converged,0.16177285119182017,0.6167294331637044,Martu Wangka,Australia,Pama-Nyungan,123.66842240336,-23.350911655789,720,hunter-gatherer
rain_group,-6.603067545596872,0.011688275163570797,converged,-6.4830810427868535,0.1942779435344789,tuva1244,converged,0.11998650281001844,0.6164875957063257,Tuvalu,Papunesia,Austronesian,179.198088,-8.520813,12580,hunter-gatherer
taste_group,-6.6616898200504995,0.00856555621078967,converged,-6.5220848837606065,0.22645668142781222,sici1248,converged,0.139604936289893,0.6160347216124764,Sicilian,Eurasia,Indo-European,14.0414,37.5735,4830000,other
taste_group,-6.6616898200504995,0.00856555621078967,converged,-6.486313175912435,0.2856270951787938,shek1244,converged,0.17537664413806464,0.6137297221921555,Shekkacho,Africa,Ta-Ne-Omotic,35.3922,7.27424,54900,other
dance_group,-7.253315279651133,0.017805314144472898,converged,-7.033036205145544,0.3585825075809145,heil1246,converged,0.22027907450558892,0.613549216456811,Heiltsuk-Oowekyala,North America,Wakashan,232.779,51.7045,300,hunter-gatherer
snow_group,-7.416197459846801,0.016251105602529504,converged,-7.167631584767118,0.40531925937979607,haaa1252,converged,0.24856587507968264,0.6127671353099652,Ha,Africa,Atlantic-Congo,30.4894,-3.77873,990000,other
taste_group,-6.6616898200504995,0.00856555621078967,converged,-6.581450877131941,0.13106203290546437,tswa1253,converged,0.08023894291855882,0.6109177991999388,Tswana,Africa,Atlantic-Congo,24.7587,-24.368,4521700,other
taste_group,-6.6616898200504995,0.00856555621078967,converged,-6.590983362408311,0.11542421761454819,nyan1308,converged,0.07070645764218852,0.6108992405951233,Nyanja,Africa,Atlantic-Congo,32.8108,-14.8047,8402000,other
dance_group,-7.253315279651133,0.017805314144472898,converged,-7.007256960218701,0.40242670791845603,medi1245,converged,0.24605831943243217,0.610838755933793,Media Lengua,South America,mixedlanguage_medi1245,281.4608,-1.04518,1000,other
taste_group,-6.6616898200504995,0.00856555621078967,converged,-6.511353237804679,0.24736215479336218,lonw1238,converged,0.1503365822458207,0.6073949803872215,Lonwolwol,Papunesia,Austronesian,168.016,-16.2286,1200,other
ice_group,-7.612487188014121,0.01790479757416687,converged,-7.387791924692393,0.37049452816581935,sout3283,converged,0.2246952633217285,0.605766940860249,South Yorkshire English,Eurasia,Indo-European,-1,53,1402918,other
taste_group,-6.6616898200504995,0.00856555621078967,converged,-6.517038449395206,0.2391714689852971,wuch1236,converged,0.14465137065529365,0.6044144614612423,Wu Chinese,Eurasia,Sino-Tibetan,119.682,29.8621,77200000,other
wind_group,-5.9578521923046734,0.008998002000740201,converged,-5.916965321386575,0.06735821920239826,yuec1235,converged,0.04088687091809806,0.6016618896437915,Yue Chinese,Eurasia,Sino-Tibetan,113,23,52025130,other
taste_group,-6.6616898200504995,0.00856555621078967,converged,-6.531293085738765,0.21701361559575358,wikm1247,converged,0.13039673431173426,0.6004014103204801,Wik-Mungkan,Australia,Pama-Nyungan,141.81611,-13.98051,840,hunter-gatherer
wind_group,-5.9578521923046734,0.008998002000740201,converged,-5.832590167934948,0.20951091787903353,atak1252,converged,0.1252620243697251,0.5973276345210583,Atakapa,North America,isolate_atak1252,266.9173,30.9121,1700,other
dance_group,-7.253315279651133,0.017805314144472898,converged,-7.005309020310204,0.4160155003334236,goem1240,converged,0.24800625934092935,0.5956014154617044,Goemai,Africa,Afro-Asiatic,9.72453,8.74455,200000,other
dance_group,-7.253315279651133,0.017805314144472898,converged,-7.068983679482791,0.31043101127006284,chip1241,converged,0.18433160016834194,0.5928181554002291,Chippewa,North America,Algic,265.7262,47.347,5000,hunter-gatherer
snow_group,-7.416197459846801,0.016251105602529504,converged,-7.175971675990853,0.4053183656094945,abua1244,converged,0.24022578385594784,0.5922083609827634,Abua,Africa,Atlantic-Congo,6.61492,4.83057,25000,other
taste_group,-6.6616898200504995,0.00856555621078967,converged,-6.536128116527684,0.21195175010618106,sout2668,converged,0.12556170352281537,0.5919238492945039,Southern Hindko,Eurasia,Indo-European,72.1702,33.2122,625000,other
snow_group,-7.416197459846801,0.016251105602529504,converged,-7.176231186351001,0.40531833791829547,isth1244,converged,0.23996627349580013,0.5915686523334573,Isthmus Zapotec,North America,Otomanguean,265.1556,16.4548,85000,other
wind_group,-5.9578521923046734,0.008998002000740201,converged,-5.855761634949311,0.172787569803161,cent2128,converged,0.10209055735536232,0.5900448207146852,Central Siberian Yupik,Eurasia,Eskimo-Aleut,189.728,63.4308,1130,hunter-gatherer
rain_group,-6.603067545596872,0.011688275163570797,converged,-6.529920354341308,0.1234169219518092,haus1257,converged,0.0731471912555639,0.5900434576203966,Hausa,Africa,Afro-Asiatic,8.7804,11.1513,24060500,other
smell_group,-6.4695167475009825,0.009740427525109643,converged,-6.358527241942944,0.18792371097907398,bata1298,converged,0.1109895055580381,0.589817623248843,Batad Ifugao,Papunesia,Austronesian,121.23,16.8266,43000,other
rain_group,-6.603067545596872,0.011688275163570797,converged,-6.4895715414647155,0.19210632891768295,chey1247,converged,0.11349600413215644,0.5897073472690302,Cheyenne,North America,Algic,253.341,45.5321,1720,hunter-gatherer
dance_group,-7.253315279651133,0.017805314144472898,converged,-7.10163803754055,0.2569028904211969,gras1249,converged,0.15167724211058342,0.5889939786165891,Grass Koiari,Papunesia,Koiarian,147.437,-9.51218,1700,other
snow_group,-7.416197459846801,0.016251105602529504,converged,-7.177786835842147,0.4053181720723645,urak1238,converged,0.23841062400465418,0.587733880706033,Urak Lawoi',Eurasia,Austronesian,99.0768,7.5258,3000,hunter-gatherer
taste_group,-6.6616898200504995,0.00856555621078967,converged,-6.485924100900872,0.29906202516031005,wira1265,converged,0.17576571914962713,0.5874823807307415,Wirangu,Australia,Pama-Nyungan,134,-32,100,hunter-gatherer
snow_group,-7.416197459846801,0.016251105602529504,converged,-7.186247579031581,0.3913596448067678,pang1290,converged,0.22994988081522028,0.587060746230764,Pangasinan,Papunesia,Austronesian,120.365,15.9377,1160000,other
snow_group,-7.416197459846801,0.016251105602529504,converged,-7.208943165638898,0.3529413414246439,midd1343,converged,0.2072542942079032,0.5865987247473105,Middle High German,Eurasia,Indo-European,10.599,48.254,23000000,other
smell_group,-6.4695167475009825,0.009740427525109643,converged,-6.318798373806782,0.2568217073703273,sanb1242,converged,0.15071837369420038,0.5864383200541822,San Blas Kuna,South America,Chibchan,281.6925,9.15686,57100,other
smell_group,-6.4695167475009825,0.009740427525109643,converged,-6.3177482617629614,0.2593889431117135,mele1250,converged,0.15176848573802104,0.5846879662319937,Mele-Fila,Papunesia,Austronesian,168.275,-17.6841,3500,other
snow_group,-7.416197459846801,0.016251105602529504,converged,-7.179598706857097,0.4053179792358198,tean1237,converged,0.23659875298970423,0.5832675028550733,Teanu,Papunesia,Austronesian,166.868,-11.6752,520,other
rain_group,-6.603067545596872,0.011688275163570797,converged,-6.493179208901844,0.18804377544623443,kach1280,converged,0.10988833669502807,0.5832507446032514,Southern Jinghpaw,Eurasia,Sino-Tibetan,97.3278,25.4634,940000,other
wind_group,-5.9578521923046734,0.008998002000740201,converged,-5.844553292878917,0.19427471404536736,sout3283,converged,0.11329889942575644,0.5825646072061944,South Yorkshire English,Eurasia,Indo-European,-1,53,1402918,other
taste_group,-6.6616898200504995,0.00856555621078967,converged,-6.5466584978917215,0.1977017814567515,toho1245,converged,0.11503132215877798,0.5812972942587804,Tohono O'odham,North America,Uto-Aztecan,248.005,31.7973,9600,other
dance_group,-7.253315279651133,0.017805314144472898,converged,-7.027420840109142,0.3909555287526154,midl1243,converged,0.2258944395419915,0.5772025586203353,Midland American English,Eurasia,Indo-European,-1,53,60783913,other
snow_group,-7.416197459846801,0.016251105602529504,converged,-7.196990956846272,0.3795572061374099,mund1320,converged,0.21920650300052902,0.5770035449711329,Mundari,Eurasia,Austroasiatic,85.85,23.03,1560280,other
smell_group,-6.4695167475009825,0.009740427525109643,converged,-6.3972777130618725,0.12521558234172434,bulg1262,converged,0.07223903443910995,0.5751796601100236,Bulgarian,Eurasia,Indo-European,25.047,43.3646,8775000,other
snow_group,-7.416197459846801,0.016251105602529504,converged,-7.213066956547039,0.35294102856085524,yaqu1251,converged,0.20313050329976168,0.5749275306960773,Yaqui,North America,Uto-Aztecan,249.319,29.9446,14620,other
smell_group,-6.4695167475009825,0.009740427525109643,converged,-6.3011184464741214,0.2929789622714916,goem1240,converged,0.16839830102686104,0.5744621075788228,Goemai,Africa,Afro-Asiatic,9.72453,8.74455,200000,other
taste_group,-6.6616898200504995,0.00856555621078967,converged,-6.50931408817502,0.2652535368890551,shos1248,converged,0.15237573187547948,0.5741538803798131,Shoshoni,North America,Uto-Aztecan,244,41,2910,hunter-gatherer
smell_group,-6.4695167475009825,0.009740427525109643,converged,-6.331332909668173,0.24084390397478578,sout2832,converged,0.13818383783280908,0.5732798932018065,Southwestern Dinka,Africa,Nilotic,28.0613,8.81115,450000,other
smell_group,-6.4695167475009825,0.009740427525109643,converged,-6.328699790408689,0.24604009087409154,sema1266,converged,0.14081695709229347,0.5718854066443788,Semai,Eurasia,Austroasiatic,101.477,4.13257,43900,other
snow_group,-7.416197459846801,0.016251105602529504,converged,-7.184585934363239,0.40531745024798643,wara1303,converged,0.23161152548356245,0.5709736438666346,Warao,South America,isolate_wara1303,300.6472,7.50851,33100,hunter-gatherer
dance_group,-7.253315279651133,0.017805314144472898,converged,-7.20140448413639,0.0892539469802158,poli1260,converged,0.05191079551474331,0.5703692281440131,Polish,Eurasia,Indo-European,18.6255,51.8439,37794600,other
snow_group,-7.416197459846801,0.016251105602529504,converged,-7.185528988363394,0.40531735051581325,guar1292,converged,0.23066847148340663,0.5686489468451572,Guarayu,South America,Tupian,298.3066,-15.8247,5930,other
wind_group,-5.9578521923046734,0.008998002000740201,converged,-5.822826792321421,0.23875210785978085,adyg1241,converged,0.13502539998325247,0.5651452087148164,Adyghe,Eurasia,Abkhaz-Adyge,39.33,44,475300,other
wind_group,-5.9578521923046734,0.008998002000740201,converged,-5.845849690925781,0.19848895038586487,wamp1247,converged,0.11200250137889256,0.5636968386990104,Wampar,Papunesia,Austronesian,146.662,-6.67364,5150,other
dance_group,-7.253315279651133,0.017805314144472898,converged,-7.139434375231559,0.20158326853299174,dzon1239,converged,0.11388090441957388,0.5627414139024202,Dzongkha,Eurasia,Sino-Tibetan,89.581604,27.410786,160300,other
snow_group,-7.416197459846801,0.016251105602529504,converged,-7.20251403936674,0.37955670385340284,kumb1268,converged,0.21368342048006106,0.5624662238364637,Kumbainggar,Australia,Pama-Nyungan,152.913,-29.8189,100,hunter-gatherer
wind_group,-5.9578521923046734,0.008998002000740201,converged,-5.834814846988919,0.2189680976014635,malo1243,converged,0.12303734531575472,0.5614224022792832,Tamambo,Papunesia,Austronesian,167.16,-15.6835,4000,other
ice_group,-7.612487188014121,0.01790479757416687,converged,-7.366017080626975,0.4391568547022098,arap1274,converged,0.2464701073871467,0.5607689162182508,Arapaho,North America,Algic,251.19,43.3879,1040,hunter-gatherer
wind_group,-5.9578521923046734,0.008998002000740201,converged,-5.831940890685285,0.22524035009523746,unam1242,converged,0.12591130161938846,0.5585631175727207,Unami,North America,Algic,285.7,40.4,16000,other
taste_group,-6.6616898200504995,0.00856555621078967,converged,-6.513522298857891,0.2652529711238757,giky1238,converged,0.14816752119260812,0.5582984734710036,Gikyode,Africa,Atlantic-Congo,0.56975,8.39478,10400,other
smell_group,-6.4695167475009825,0.009740427525109643,converged,-6.366472501420203,0.18484886594293065,tetu1245,converged,0.10304424608077944,0.5566790115340018,Tetum,Papunesia,Austronesian,125.528,-9.11217,450000,other
snow_group,-7.416197459846801,0.016251105602529504,converged,-7.190827814464434,0.4053167918862856,beja1238,converged,0.2253696453823668,0.5555869296818708,Beja,Africa,Afro-Asiatic,36.6666,17.2436,1109000,other
smell_group,-6.4695167475009825,0.009740427525109643,converged,-6.349330372620502,0.21650443458165272,magu1243,converged,0.12018637488048078,0.554561053168446,Maguindanao,Papunesia,Austronesian,124.509,6.9453,1000000,other
wind_group,-5.9578521923046734,0.008998002000740201,converged,-5.855864669127313,0.18424885372049185,nucl1706,converged,0.10198752317736037,0.5528724859584104,Neo-Mandaic,Eurasia,Afro-Asiatic,48.8128,31.3443,500,other
taste_group,-6.6616898200504995,0.00856555621078967,converged,-6.534391802332535,0.2302525822558735,kwai1243,converged,0.12729801771796456,0.5524803433320746,Kwaio,Papunesia,Austronesian,160.965,-8.93744,13200,other
snow_group,-7.416197459846801,0.016251105602529504,converged,-7.192956519778084,0.4053165682990718,fuyu1242,converged,0.22324094006871675,0.550339494793554,Fuyug,Papunesia,isolate_fuyu1242,147.312,-8.6371,14000,other
rain_group,-6.603067545596872,0.011688275163570797,converged,-6.439791302077046,0.2966683627250207,utes1238,converged,0.16327624351982628,0.5499395605961591,Ute-Southern Paiute,North America,Uto-Aztecan,249.695,40.0965,1980,hunter-gatherer
snow_group,-7.416197459846801,0.016251105602529504,converged,-7.200927060197083,0.39135821095619416,enga1252,converged,0.21527039964971806,0.5495861238612997,Enga,Papunesia,Nuclear Trans New Guinea,143.685,-5.45619,165000,other
wind_group,-5.9578521923046734,0.008998002000740201,converged,-5.825860560459168,0.24085961890591903,wers1238,converged,0.13199163184550589,0.5476203287850668,Wersing,Papunesia,Timor-Alor-Pantar,124.932,-8.33936,3700,other
rain_group,-6.603067545596872,0.011688275163570797,converged,-6.495846617041205,0.19553158660289205,warl1254,converged,0.1072209285556669,0.547378953433023,Warlpiri,Australia,Pama-Nyungan,131.05,-20.1008,2670,hunter-gatherer
snow_group,-7.416197459846801,0.016251105602529504,converged,-7.208349081834641,0.3795561762030798,bant1281,converged,0.2078483780121596,0.5471077459982496,Bantawa,Eurasia,Sino-Tibetan,87.04738,27.12147,371000,other
ice_group,-7.612487188014121,0.01790479757416687,converged,-7.401821067049743,0.38520616301849286,naro1249,converged,0.21066612096437876,0.546302053728163,Naro,Africa,Khoe-Kwadi,20.7458,-22.0939,14000,hunter-gatherer
dance_group,-7.253315279651133,0.017805314144472898,converged,-7.072397792365327,0.33093045298193974,west2386,converged,0.18091748728580637,0.5459037948633483,Western Panjabi,Eurasia,Indo-European,75.3474,30.0948,60600000,other
taste_group,-6.6616898200504995,0.00856555621078967,converged,-6.502337626513745,0.2919990472358991,ataa1240,converged,0.15935219353675478,0.5454938240037399,Ata,Papunesia,Austronesian,122.9,9.715,100,hunter-gatherer
smell_group,-6.4695167475009825,0.009740427525109643,converged,-6.370979139353371,0.18038837661604387,hmon1264,converged,0.0985376081476117,0.5454579258426255,Hmong Njua,Eurasia,Hmong-Mien,101.95,22.5638,210000,other
smell_group,-6.4695167475009825,0.009740427525109643,converged,-6.325173264092208,0.26504803119786197,rade1240,converged,0.14434348340877445,0.5442263075112517,Rade,Eurasia,Austronesian,108.41,12.979,270000,other
ice_group,-7.612487188014121,0.01790479757416687,converged,-7.36502145778172,0.4547051781691351,xara1244,converged,0.2474657302324017,0.5438119333236205,Xârâcùù,Papunesia,Austronesian,165.996,-21.7034,3780,other
taste_group,-6.6616898200504995,0.00856555621078967,converged,-6.518279738753962,0.26525233437771917,moki1238,converged,0.14341008129653776,0.5403736313024532,Mokilese,Papunesia,Austronesian,159.776,6.65651,1050,other
smell_group,-6.4695167475009825,0.009740427525109643,converged,-6.326256362064286,0.2650478836718033,lega1249,converged,0.1432603854366965,0.540142942896569,Lega-Shabunda,Africa,Atlantic-Congo,27.1424,-3.83196,400000,other
ice_group,-7.612487188014121,0.01790479757416687,converged,-7.555183297151872,0.1049202676695349,taga1270,converged,0.05730389086224896,0.5383829603591556,Tagalog,Papunesia,Austronesian,121.747,14.06,21500000,other
smell_group,-6.4695167475009825,0.009740427525109643,converged,-6.373135717922999,0.17878195631112578,nung1290,converged,0.09638102957798367,0.5382998655660876,Wubuy,Australia,Gunwinyguan,135.753,-14.2623,360,hunter-gatherer
dance_group,-7.253315279651133,0.017805314144472898,converged,-7.06934886537643,0.3427221881823391,cent2087,converged,0.18396641427470328,0.5360570530494134,Coastal-Naga Bikol,Papunesia,Austronesian,123.403,13.7574,2500000,other
wind_group,-5.9578521923046734,0.008998002000740201,converged,-5.854788766862033,0.19249876899195448,west2420,converged,0.1030634254426408,0.5348138967109447,Western Parbate Kham,Eurasia,Sino-Tibetan,82.7348,28.6521,24500,other
taste_group,-6.6616898200504995,0.00856555621078967,converged,-6.522129856069426,0.2611337038496722,mele1250,converged,0.13955996398107384,0.5341514475555719,Mele-Fila,Papunesia,Austronesian,168.275,-17.6841,3500,other
smell_group,-6.4695167475009825,0.009740427525109643,converged,-6.374344739311716,0.17791752966044777,koon1244,converged,0.09517200818926685,0.5341221996499584,South-Central Koongo,Africa,Atlantic-Congo,14.4771,-5.57722,5000000,other
rain_group,-6.603067545596872,0.011688275163570797,converged,-6.442781017419435,0.29998565210272365,mand1413,converged,0.16028652817743705,0.5339088721531635,Manda,Eurasia,Dravidian,83.6749,20.0962,4040,other
rain_group,-6.603067545596872,0.011688275163570797,converged,-6.4522101788312725,0.283257541634056,baba1267,converged,0.15085736676559947,0.5321273966023509,Baba Malay,Eurasia,Austronesian,103.076,1.75414,15000,other
ice_group,-7.612487188014121,0.01790479757416687,converged,-7.404167158504066,0.391342023409984,suss1239,converged,0.20832002951005535,0.5317658810736684,Sussex,Eurasia,Indo-European,-1,53,602255,other
wind_group,-5.9578521923046734,0.008998002000740201,converged,-5.839571628414176,0.22257286709245144,djin1251,converged,0.11828056389049735,0.5309902650733612,Jingulu,Australia,Mirndi,133.659,-17.165,100,hunter-gatherer
taste_group,-6.6616898200504995,0.00856555621078967,converged,-6.5566533865164836,0.19770118699725261,thao1240,converged,0.10503643353401593,0.5307908899335141,Thao,Papunesia,Austronesian,120.93,23.8333,100,other
taste_group,-6.6616898200504995,0.00856555621078967,converged,-6.541597570121447,0.22645487742964543,naro1249,converged,0.12009224992905221,0.5299353033550308,Naro,Africa,Khoe-Kwadi,20.7458,-22.0939,14000,hunter-gatherer
wind_group,-5.9578521923046734,0.008998002000740201,converged,-5.833781143675661,0.23485715690060338,isth1244,converged,0.12407104862901264,0.5278957258026856,Isthmus Zapotec,North America,Otomanguean,265.1556,16.4548,85000,other
ice_group,-7.612487188014121,0.01790479757416687,converged,-7.349499113912513,0.4984500860668404,bord1248,converged,0.2629880741016084,0.5272715901584759,Border Kuna,South America,Chibchan,282.8336,7.92993,1200,hunter-gatherer
rain_group,-6.603067545596872,0.011688275163570797,converged,-6.433503885504728,0.3215321399617023,wers1238,converged,0.16956366009214374,0.5270133671025315,Wersing,Papunesia,Timor-Alor-Pantar,124.932,-8.33936,3700,other
taste_group,-6.6616898200504995,0.00856555621078967,converged,-6.514151254815844,0.279834750090258,tali1259,converged,0.14753856523465547,0.5269877917282482,Talise,Papunesia,Austronesian,160.231,-9.76764,12500,other
smell_group,-6.4695167475009825,0.009740427525109643,converged,-6.355316654743766,0.2165040308857499,lund1271,converged,0.11420009275721643,0.5269402760786303,Lundayeh,Papunesia,Austronesian,115.5,4.25064,47500,other
smell_group,-6.4695167475009825,0.009740427525109643,converged,-6.319009330519502,0.287933210106372,wers1238,converged,0.15050741698148062,0.5224175824784881,Wersing,Papunesia,Timor-Alor-Pantar,124.932,-8.33936,3700,other
ice_group,-7.612487188014121,0.01790479757416687,converged,-7.364820410618412,0.4739469016708211,nort2810,converged,0.2476667773957093,0.5221897909857214,Northern Grebo,Africa,Kru,-8.1409,5.17103,84500,other
rain_group,-6.603067545596872,0.011688275163570797,converged,-6.568380434112572,0.06575007892734566,stan1306,converged,0.034687111484299926,0.5194166488941415,Standard Malay,Eurasia,Austronesian,101.699,3.08896,33200000,other
snow_group,-7.416197459846801,0.016251105602529504,converged,-7.206054303696713,0.40531520300289514,misi1243,converged,0.21014315615008794,0.5180522322387835,Misima-Paneati,Papunesia,Austronesian,152.696,-10.6821,18000,other
dance_group,-7.253315279651133,0.017805314144472898,converged,-7.055679109193365,0.3811318350819574,kuku1273,converged,0.19763617045776805,0.5179857384872136,Kuku-Yalanji,Australia,Pama-Nyungan,145.188,-16.0036,240,hunter-gatherer
rain_group,-6.603067545596872,0.011688275163570797,converged,-6.440082486816461,0.31640007054084923,mail1248,converged,0.1629850587804107,0.5147722052329073,Mailu,Papunesia,Mailuan,149.521,-10.3657,8500,other
smell_group,-6.4695167475009825,0.009740427525109643,converged,-6.342765764953901,0.24603854447562992,midd1343,converged,0.1267509825470814,0.5147639430293597,Middle High German,Eurasia,Indo-European,10.599,48.254,23000000,other
wind_group,-5.9578521923046734,0.008998002000740201,converged,-5.854415659013053,0.20156341654284743,sora1254,converged,0.10343653329162006,0.5126605983141312,Sora,Eurasia,Austroasiatic,84.19,19.1213,310000,other
wind_group,-5.9578521923046734,0.008998002000740201,converged,-5.927986566275218,0.057600045830453424,iris1253,converged,0.02986562602945586,0.5122869981741743,Irish,Eurasia,Indo-European,-7.61509,53.2186,260000,other
smell_group,-6.4695167475009825,0.009740427525109643,converged,-6.352106020417041,0.2289965512487804,arom1237,converged,0.11741072708394107,0.5122551312509179,Aromanian,Eurasia,Indo-European,21.2,40.616,69700,other
ice_group,-7.612487188014121,0.01790479757416687,converged,-7.371113402579846,0.47394628730947536,medi1245,converged,0.24137378543427523,0.5089220728080084,Media Lengua,South America,mixedlanguage_medi1245,281.4608,-1.04518,1000,other
snow_group,-7.416197459846801,0.016251105602529504,converged,-7.2098249738718465,0.40531481325577134,dehu1237,converged,0.2063724859749545,0.5087571331421101,Dehu,Papunesia,Austronesian,167.229,-20.8892,11300,other
ice_group,-7.612487188014121,0.01790479757416687,converged,-7.508244797029874,0.20414996940980143,pedi1238,converged,0.10424239098424781,0.5086641569004502,Pedi,Africa,Atlantic-Congo,29.471800000000002,-24.7993,4090000,other
smell_group,-6.4695167475009825,0.009740427525109643,converged,-6.346225972488563,0.2424873353171181,lauu1247,converged,0.12329077501241947,0.508032422302638,Lau,Papunesia,Austronesian,160.872,-8.51018,16900,other
rain_group,-6.603067545596872,0.011688275163570797,converged,-6.460284911072532,0.28107097711299484,sema1266,converged,0.14278263452434015,0.507556273858631,Semai,Eurasia,Austroasiatic,101.477,4.13257,43900,other
smell_group,-6.4695167475009825,0.009740427525109643,converged,-6.349586053273344,0.23635642321969386,gwer1238,converged,0.11993069422763813,0.5069842460174177,Gwere,Africa,Atlantic-Congo,33.8227,1.11392,409000,other
rain_group,-6.603067545596872,0.011688275163570797,converged,-6.551491564154899,0.10140860432391416,nucl1305,converged,0.05157598144197273,0.5052507374887973,Kannada,Eurasia,Dravidian,76.1198,13.5878,35300000,other
snow_group,-7.416197459846801,0.016251105602529504,converged,-7.2339118832328495,0.36064501362960305,atay1247,converged,0.1822855766139515,0.5049308444458591,Atayal,Papunesia,Austronesian,121.388,24.5209,84300,other
rain_group,-6.603067545596872,0.011688275163570797,converged,-6.45514456730249,0.2935925036323728,nucl1696,converged,0.14792297829438183,0.5034389216870809,Tangale,Africa,Afro-Asiatic,11.3228,9.75444,130000,other
dance_group,-7.253315279651133,0.017805314144472898,converged,-7.0756171951888405,0.3527161038133774,midd1343,converged,0.17769808446229263,0.5031584929110197,Middle High German,Eurasia,Indo-European,10.599,48.254,23000000,other
snow_group,-7.416197459846801,0.016251105602529504,converged,-7.226257940629324,0.37955457583164504,kokb1239,converged,0.18993951921747687,0.4999693554945716,Kok Borok,Eurasia,Sino-Tibetan,91.4673,23.1916,696000,other
snow_group,-7.416197459846801,0.016251105602529504,converged,-7.259158168892754,0.3139622278111377,sout2668,converged,0.15703929095404678,0.4995165856383291,Southern Hindko,Eurasia,Indo-European,72.1702,33.2122,625000,other
snow_group,-7.416197459846801,0.016251105602529504,converged,-7.231605081781878,0.36943193425861326,luxe1241,converged,0.1845923780649228,0.49918271824430116,Moselle Franconian,Eurasia,Indo-European,6.14931,49.6839,320000,other
taste_group,-6.6616898200504995,0.00856555621078967,converged,-6.549588387433737,0.22469242282251764,squa1248,converged,0.11210143261676286,0.4985484837987964,Squamish,North America,Salishan,236.986,49.3231,100,hunter-gatherer
snow_group,-7.416197459846801,0.016251105602529504,converged,-7.214664070253323,0.4053143152208637,semb1240,converged,0.20153338959347789,0.4968282221454258,Sembakung Murut,Papunesia,Austronesian,116.799,4.22102,5180,other
rain_group,-6.603067545596872,0.011688275163570797,converged,-6.502081769319311,0.2029397691701759,tang1336,converged,0.100985776277561,0.496791236192239,East-Central Tangkhul Naga,Eurasia,Sino-Tibetan,94.3567,25.0489,125000,other
taste_group,-6.6616898200504995,0.00856555621078967,converged,-6.578985543932247,0.16641368182649469,ling1263,converged,0.08270427611825237,0.49632300485583314,Kinshasa Lingala,Africa,Atlantic-Congo,15.28532,-4.409174,20259660,other
snow_group,-7.416197459846801,0.016251105602529504,converged,-7.2152465186615675,0.4053142554381487,sing1272,converged,0.2009509411852335,0.49539241984219795,Singlish,Eurasia,Indo-European,-1,53,5917600,other
snow_group,-7.416197459846801,0.016251105602529504,converged,-7.247614136801343,0.3400448356513618,yong1270,converged,0.16858332304545787,0.4952027308370505,Narua,Eurasia,Sino-Tibetan,100.9,27.8,47000,other
dance_group,-7.253315279651133,0.017805314144472898,converged,-7.064493161653728,0.38113099282833623,dima1251,converged,0.18882211799740478,0.4948860306209381,Dimasa,Eurasia,Sino-Tibetan,93.1806,25.4198,106000,other
taste_group,-6.6616898200504995,0.00856555621078967,converged,-6.537870127250544,0.2504540663168019,sene1264,converged,0.1238196927999553,0.4940919721897917,Seneca,North America,Iroquoian,282.47,42.56,175,other
snow_group,-7.416197459846801,0.016251105602529504,converged,-7.2166596254568205,0.4053141105409508,futu1245,converged,0.19953783438998052,0.4919089471631847,Futuna-Aniwa,Papunesia,Austronesian,170.215,-19.5303,1500,other
wind_group,-5.9578521923046734,0.008998002000740201,converged,-5.836067044622117,0.24794919366418577,wari1262,converged,0.12178514768255688,0.4908466649675559,Wariyangga,Australia,Pama-Nyungan,116.927,-24.353,2000,hunter-gatherer
snow_group,-7.416197459846801,0.016251105602529504,converged,-7.303176461935317,0.2306257653421462,kash1277,converged,0.11302099791148379,0.4888501671627265,Kashmiri,Eurasia,Indo-European,74.330455,34.166825,5525000,other
snow_group,-7.416197459846801,0.016251105602529504,converged,-7.217987786664838,0.4053139745403876,tali1259,converged,0.19820967318196292,0.48863487274957984,Talise,Papunesia,Austronesian,160.231,-9.76764,12500,other
taste_group,-6.6616898200504995,0.00856555621078967,converged,-6.519581418294668,0.2919962800999701,nort2810,converged,0.14210840175583161,0.4864695475145723,Northern Grebo,Africa,Kru,-8.1409,5.17103,84500,other
smell_group,-6.4695167475009825,0.009740427525109643,converged,-6.3811974579531725,0.18410883762065056,pula1263,converged,0.08831928954780999,0.47904242737715674,Pulaar,Africa,Atlantic-Congo,-13.4482,13.8694,3691000,other
dance_group,-7.253315279651133,0.017805314144472898,converged,-7.11300229410767,0.29271840005777905,tbol1240,converged,0.1403129855434635,0.47846027475450353,Tboli,Papunesia,Austronesian,124.538,6.20377,95300,other
taste_group,-6.6616898200504995,0.00856555621078967,converged,-6.52522872134314,0.2856210557837638,tonk1249,converged,0.13646109870735934,0.47755504674267213,Tonkawa,North America,isolate_tonk1249,263.25,30.25,1900,hunter-gatherer
taste_group,-6.6616898200504995,0.00856555621078967,converged,-6.55864983647488,0.2156673226403043,bang1354,converged,0.10303998357561905,0.47739643903374573,Bobangi,Africa,Atlantic-Congo,17.227,-0.87437,111300,other
taste_group,-6.6616898200504995,0.00856555621078967,converged,-6.604824320293075,0.11884310044825667,bulg1262,converged,0.056865499757424054,0.47725422831642766,Bulgarian,Eurasia,Indo-European,25.047,43.3646,8775000,other
dance_group,-7.253315279651133,0.017805314144472898,converged,-7.075395933869683,0.37261807882344056,nucl1696,converged,0.17791934578144986,0.47694027074190465,Tangale,Africa,Afro-Asiatic,11.3228,9.75444,130000,other
smell_group,-6.4695167475009825,0.009740427525109643,converged,-6.348273263908353,0.2544047898881633,izon1238,converged,0.12124348359262971,0.4762281228524026,Izon,Africa,Ijoid,5.51702,5.17986,1000000,other
taste_group,-6.6616898200504995,0.00856555621078967,converged,-6.535695014920868,0.26525002913683854,djin1251,converged,0.1259948051296318,0.4747564526113921,Jingulu,Australia,Mirndi,133.659,-17.165,100,hunter-gatherer
dance_group,-7.253315279651133,0.017805314144472898,converged,-7.09089118372346,0.3427206969044341,temi1246,converged,0.16242409592767348,0.47328725947882966,Temiar,Eurasia,Austroasiatic,101.438,4.974,25725,other
rain_group,-6.603067545596872,0.011688275163570797,converged,-6.513778382182497,0.1891574562665798,manx1243,converged,0.08928916341437532,0.4711375997554649,Manx,Eurasia,Indo-European,-4.45437,54.2604,1660,other
taste_group,-6.6616898200504995,0.00856555621078967,converged,-6.5347935545236915,0.269707407463849,mand1413,converged,0.126896265526808,0.47025893858352935,Manda,Eurasia,Dravidian,83.6749,20.0962,4040,other
smell_group,-6.4695167475009825,0.009740427525109643,converged,-6.405598274687363,0.1355999783004562,tswa1253,converged,0.06391847281361951,0.4701638177460793,Tswana,Africa,Atlantic-Congo,24.7587,-24.368,4521700,other
dance_group,-7.253315279651133,0.017805314144472898,converged,-7.069491907565749,0.3909512001064252,louu1245,converged,0.18382337208538413,0.46970829946350373,Lou,Papunesia,Austronesian,147.346,-2.38659,1000,other
dance_group,-7.253315279651133,0.017805314144472898,converged,-7.12802924069427,0.26666175479009174,swat1243,converged,0.12528603895686352,0.46878744429946845,Swati,Africa,Atlantic-Congo,31.5,-26,2034200,other
taste_group,-6.6616898200504995,0.00856555621078967,converged,-6.524771049683479,0.29199545660516485,rita1239,converged,0.1369187703670205,0.46870557355411063,Ritharrngu,Australia,Pama-Nyungan,135.259,-13.4559,100,hunter-gatherer
ice_group,-7.612487188014121,0.01790479757416687,converged,-7.539256112858204,0.15528362559216227,guja1252,converged,0.07323107515591776,0.46849159468410795,Gujarati,Eurasia,Indo-European,71.0962,22.687,45544800,other
dance_group,-7.253315279651133,0.017805314144472898,converged,-7.1478148650087885,0.22582500298496397,oldk1249,converged,0.10550041464234461,0.46573233987450685,Old Khmer,Eurasia,Austroasiatic,103.866667,13.4125,17000000,other
snow_group,-7.416197459846801,0.016251105602529504,converged,-7.227400217525305,0.40531301588683555,didi1258,converged,0.1887972423214963,0.46543204902298324,Didinga,Africa,Surmic,33.6869,4.21489,60000,other
taste_group,-6.6616898200504995,0.00856555621078967,converged,-6.5258796182479015,0.29199528124957674,medi1245,converged,0.13581020180259795,0.46491095818653455,Media Lengua,South America,mixedlanguage_medi1245,281.4608,-1.04518,1000,other
taste_group,-6.6616898200504995,0.00856555621078967,converged,-6.565819646316647,0.2076197545846955,nort2697,converged,0.09587017373385276,0.4613659703835923,North Azerbaijani,Eurasia,Turkic,46.4737,40.97768,6460000,other
wind_group,-5.9578521923046734,0.008998002000740201,converged,-5.873957099524766,0.18220713748593642,lepc1244,converged,0.08389509277990737,0.45987760123284005,Lepcha,Eurasia,Sino-Tibetan,88.5726,27.0869,52830,other
rain_group,-6.603067545596872,0.011688275163570797,converged,-6.553145847411317,0.10875290352174431,mala1464,converged,0.04992169818555503,0.45640942093354714,Malayalam,Eurasia,Dravidian,76.7651,9.59208,35400313,other
wind_group,-5.9578521923046734,0.008998002000740201,converged,-5.877524882560106,0.17581167301326583,yaka1277,converged,0.08032730974456737,0.4562968496010915,Yakan,Papunesia,Austronesian,122.021729,6.531023,106000,other
snow_group,-7.416197459846801,0.016251105602529504,converged,-7.231173270766659,0.40531263412797347,west2443,converged,0.18502418908014207,0.45613096550057375,Western Victoria,Australia,Pama-Nyungan,143.6694397,-34.13829932,2000,hunter-gatherer
rain_group,-6.603067545596872,0.011688275163570797,converged,-6.472254777598737,0.28807164402936664,ayiw1239,converged,0.13081276799813502,0.45372471470380865,Äiwoo,Papunesia,Austronesian,166.328715,-10.282595,8400,other
taste_group,-6.6616898200504995,0.00856555621078967,converged,-6.560593412713273,0.22301216222361014,wamp1249,converged,0.10109640733722625,0.452988390784474,Wampanoag,North America,Algic,286.6852,41.705,2756,other
taste_group,-6.6616898200504995,0.00856555621078967,converged,-6.582340028797757,0.17498603869585966,cent2050,converged,0.07934979125274211,0.45292125849230064,Central Kanuri,Africa,Saharan,13.13,11.8,3240500,other
taste_group,-6.6616898200504995,0.00856555621078967,converged,-6.600991895688255,0.13379131128778196,tigr1271,converged,0.06069792436224475,0.4527492178175559,Tigrinya,Africa,Afro-Asiatic,38.9266,15.3359,5760000,other
dance_group,-7.253315279651133,0.017805314144472898,converged,-7.16781093053771,0.1883915917857792,cent1972,converged,0.08550434911342286,0.4518513867615797,Central Kurdish,Eurasia,Indo-European,45.8077,35.6539,3712000,other
taste_group,-6.6616898200504995,0.00856555621078967,converged,-6.563038151284083,0.21841340781078852,chan1313,converged,0.09865166876641673,0.45132711712722406,Chang Naga,Eurasia,Sino-Tibetan,94.9536,26.4336,60900,other
taste_group,-6.6616898200504995,0.00856555621078967,converged,-6.581371161696347,0.17898648596740963,nung1290,converged,0.08031865835415264,0.4482284977135464,Wubuy,Australia,Gunwinyguan,135.753,-14.2623,360,hunter-gatherer
ice_group,-7.612487188014121,0.01790479757416687,converged,-7.415972510498886,0.43915286346222526,bant1281,converged,0.19651467751523555,0.4471143530697887,Bantawa,Eurasia,Sino-Tibetan,87.04738,27.12147,371000,other
taste_group,-6.6616898200504995,0.00856555621078967,converged,-6.5833822910551625,0.17515711442547213,cent2131,converged,0.078307528995337,0.4465366069772952,Central Tarahumara,North America,Uto-Aztecan,252.846,27.5648,55000,other
rain_group,-6.603067545596872,0.011688275163570797,converged,-6.475551215373841,0.28558421455630684,hava1248,converged,0.1275163302230311,0.4461369307128087,Havasupai-Walapai-Yavapai,North America,Cochimi-Yuman,246.615,35.6302,2690,other
snow_group,-7.416197459846801,0.016251105602529504,converged,-7.241458428804428,0.3913543595010601,taid1250,converged,0.17473903104237287,0.4461137731563211,Tai Dón,Eurasia,Tai-Kadai,103.570496667,21.84898,490000,other
dance_group,-7.253315279651133,0.017805314144472898,converged,-7.087106859464274,0.37261704498089526,west2618,converged,0.16620842018685877,0.4455485603127452,Western Canadian Inuktitut,North America,Eskimo-Aleut,263.852,64.3486,4000,hunter-gatherer
wind_group,-5.9578521923046734,0.008998002000740201,converged,-5.915917291604917,0.09428981945031831,iban1264,converged,0.04193490069975603,0.4427333760273018,Iban,Papunesia,Austronesian,112.934,2.09041,694400,other
snow_group,-7.416197459846801,0.016251105602529504,converged,-7.2658182944653404,0.34004363841569785,suss1239,converged,0.15037916538146057,0.4417307335321587,Sussex,Eurasia,Indo-European,-1,53,602255,other
taste_group,-6.6616898200504995,0.00856555621078967,converged,-6.530532828400325,0.2990545478271895,daka1243,converged,0.13115699165017425,0.43839235010138794,Dakaka,Papunesia,Austronesian,168.013,-16.2696,1200,other
taste_group,-6.6616898200504995,0.00856555621078967,converged,-6.53112090339864,0.2990544514631098,khwa1238,converged,0.13056891665185955,0.43642684946059757,Khwarezmian,Eurasia,Indo-European,60.75,41.68,5000000,other
taste_group,-6.6616898200504995,0.00856555621078967,converged,-6.560407870885678,0.2323003149522834,nand1266,converged,0.10128194916482158,0.435699657936014,Nandi,Africa,Nilotic,35.408478,0.793737,938000,other
taste_group,-6.6616898200504995,0.00856555621078967,converged,-6.53141481126155,0.29905440332353456,bero1242,converged,0.13027500878894926,0.435444531913274,Berom,Africa,Atlantic-Congo,8.81221,9.67037,300000,other
snow_group,-7.416197459846801,0.016251105602529504,converged,-7.2401384816845695,0.405311732779699,ncan1245,converged,0.17605897816223148,0.43403043890823684,Ncane-Mungong,Africa,Atlantic-Congo,10.5312,6.50696,15500,other
dance_group,-7.253315279651133,0.017805314144472898,converged,-7.172392046316971,0.18577958182412524,dani1285,converged,0.08092323333416207,0.4336004683469004,Danish,Eurasia,Indo-European,9.36284,54.8655,5471000,other
snow_group,-7.416197459846801,0.016251105602529504,converged,-7.240381865061973,0.4053117084227693,xara1244,converged,0.17581559478482767,0.4334304626001597,Xârâcùù,Papunesia,Austronesian,165.996,-21.7034,3780,other
wind_group,-5.9578521923046734,0.008998002000740201,converged,-5.86925521317371,0.20453426044593248,tain1252,converged,0.08859697913096376,0.43274593701449876,Tai Nüa,Eurasia,Tai-Kadai,99.722,21.7837,647400,other
wind_group,-5.9578521923046734,0.008998002000740201,converged,-5.877347914611337,0.18716707679145594,anda1287,converged,0.08050427769333623,0.4296236827021247,Andalusian Arabic,Eurasia,Afro-Asiatic,-5.2,36.54,500000,other
smell_group,-6.4695167475009825,0.009740427525109643,converged,-6.384733660662309,0.19751975303731262,chad1249,converged,0.08478308683867386,0.4287175522169847,Chadian Arabic,Africa,Afro-Asiatic,13.5,14.67,1076000,other
ice_group,-7.612487188014121,0.01790479757416687,converged,-7.398815009400291,0.4984447701933961,wari1262,converged,0.21367217861383025,0.4284014390064471,Wariyangga,Australia,Pama-Nyungan,116.927,-24.353,2000,hunter-gatherer
wind_group,-5.9578521923046734,0.008998002000740201,converged,-5.883354188174821,0.17472080517703054,mamp1244,converged,0.07449800412985219,0.4258188318639255,Mampruli,Africa,Atlantic-Congo,-0.74675,10.3884,220000,other
smell_group,-6.4695167475009825,0.009740427525109643,converged,-6.416606448685316,0.12406523381405331,dako1258,converged,0.052910298815666224,0.4251632806181059,Dakota,North America,Siouan,263.42,45.86,19280,hunter-gatherer
wind_group,-5.9578521923046734,0.008998002000740201,converged,-5.8792011058803055,0.1848182810702888,yiry1245,converged,0.07865108642436791,0.42505556392519855,Yir-Yoront,Australia,Pama-Nyungan,141.767,-15.1117,100,hunter-gatherer
taste_group,-6.6616898200504995,0.00856555621078967,converged,-6.545210836184988,0.27454822303911364,arta1239,converged,0.11647898386551159,0.42405059441496623,Arta,Papunesia,Austronesian,121.656,16.4185,100,hunter-gatherer
smell_group,-6.4695167475009825,0.009740427525109643,converged,-6.358320758483338,0.2621200949232291,teop1238,converged,0.11119598901764416,0.4239251264054972,Teop,Papunesia,Austronesian,154.971,-5.67474,5000,other
taste_group,-6.6616898200504995,0.00856555621078967,converged,-6.5455919266002756,0.2745481701433784,gamb1252,converged,0.11609789345022392,0.4226632871442361,Gambian Wolof,Africa,Atlantic-Congo,-16.1544,13.5337,185000,other
wind_group,-5.9578521923046734,0.008998002000740201,converged,-5.859676987731976,0.23305130669408486,west2443,converged,0.0981752045726978,0.42094641296522217,Western Victoria,Australia,Pama-Nyungan,143.6694397,-34.13829932,2000,hunter-gatherer
smell_group,-6.4695167475009825,0.009740427525109643,converged,-6.355214507945241,0.2715376606257208,gamb1252,converged,0.11430223955574181,0.4206737683929652,Gambian Wolof,Africa,Atlantic-Congo,-16.1544,13.5337,185000,other
snow_group,-7.416197459846801,0.016251105602529504,converged,-7.256651186981884,0.37955192455490133,malo1243,converged,0.15954627286491707,0.41996949201748346,Tamambo,Papunesia,Austronesian,167.16,-15.6835,4000,other
rain_group,-6.603067545596872,0.011688275163570797,converged,-6.47702249115727,0.29998154637932983,nucl1418,converged,0.12604505443960168,0.419857447071486,Bassa,Africa,Kru,-11.543,7.27501,403000,other
snow_group,-7.416197459846801,0.016251105602529504,converged,-7.246124715652704,0.405311135415377,komn1238,converged,0.1700727441940968,0.41927345710497654,Kómnjo,Papunesia,Yam,141.5878,-8.70216,200,other
wind_group,-5.9578521923046734,0.008998002000740201,converged,-5.870667618483813,0.20797367673231615,ndau1241,converged,0.08718457382086076,0.418817854843113,Ndau,Africa,Atlantic-Congo,33.1739,-20.1239,2380000,other
ice_group,-7.612487188014121,0.01790479757416687,converged,-7.565865366223142,0.11038437651608042,panj1256,converged,0.04662182179097929,0.4169100029480508,Eastern Panjabi,Eurasia,Indo-European,75.6702,30.0368,27100000,other
dance_group,-7.253315279651133,0.017805314144472898,converged,-7.188214690957358,0.15566559258870152,iban1264,converged,0.06510058869377477,0.4154987576341818,Iban,Papunesia,Austronesian,112.934,2.09041,694400,other
dance_group,-7.253315279651133,0.017805314144472898,converged,-7.135542400425752,0.28478267883405456,biat1246,converged,0.11777287922538093,0.4127475795430881,Biatah Bidayuh,Papunesia,Austronesian,110.254,1.17596,72380,other
dance_group,-7.253315279651133,0.017805314144472898,converged,-7.1260521324585575,0.3104283599625703,bara1370,converged,0.1272631471925756,0.409287101825718,Baram Kayan,Papunesia,Austronesian,114.482,3.51211,4150,other
rain_group,-6.603067545596872,0.011688275163570797,converged,-6.501575838098657,0.24786774146906052,plau1238,converged,0.1014917074982149,0.409004637593759,Plautdietsch,North America,Indo-European,250.646132,49.578028,84900,other
taste_group,-6.6616898200504995,0.00856555621078967,converged,-6.566709852658744,0.23229971298153052,besi1244,converged,0.09497996739175552,0.40859054092388014,Besisi,Eurasia,Austroasiatic,101.676,2.717,2990,other
rain_group,-6.603067545596872,0.011688275163570797,converged,-6.501091578064387,0.24969541107205637,west2630,converged,0.10197596753248472,0.40795474007908983,Western Abenaki,North America,Algic,287.3489,46.1381,100,hunter-gatherer
smell_group,-6.4695167475009825,0.009740427525109643,converged,-6.381949003369877,0.21465839144029672,west2630,converged,0.08756774413110513,0.40752066905577966,Western Abenaki,North America,Algic,287.3489,46.1381,100,hunter-gatherer
dance_group,-7.253315279651133,0.017805314144472898,converged,-7.17442270148536,0.19363057809360518,yoru1245,converged,0.07889257816577278,0.4057268848873398,Yoruba,Africa,Atlantic-Congo,3.67225,7.15345,18900000,other
wind_group,-5.9578521923046734,0.008998002000740201,converged,-5.87295656200032,0.20950586053739143,yeyi1239,converged,0.0848956303043531,0.40484518873467273,Yeyi,Africa,Atlantic-Congo,23.6088,-18.9178,24000,other
snow_group,-7.416197459846801,0.016251105602529504,converged,-7.2540776940776395,0.40531034729981114,tamp1252,converged,0.16211976576916154,0.3996680769740409,Tampulma,Africa,Atlantic-Congo,-1.35467,9.75577,16000,other
rain_group,-6.603067545596872,0.011688275163570797,converged,-6.497176413272154,0.26484649553467976,arom1237,converged,0.10589113232471803,0.39943199065455703,Aromanian,Eurasia,Indo-European,21.2,40.616,69700,other
taste_group,-6.6616898200504995,0.00856555621078967,converged,-6.638370372184422,0.05802666090769894,tami1289,converged,0.023319447866077425,0.3975665824729998,Tamil,Eurasia,Dravidian,78.825989,10.520219,65296000,other
dance_group,-7.253315279651133,0.017805314144472898,converged,-7.122110422536768,0.3309274533031395,ewee1241,converged,0.1312048571143647,0.3959035571839246,Ewe,Africa,Atlantic-Congo,0.814975,6.46061,3112000,other
taste_group,-6.6616898200504995,0.00856555621078967,converged,-6.595258610096191,0.17029724667015617,warl1254,converged,0.06643120995430873,0.38959724623619524,Warlpiri,Australia,Pama-Nyungan,131.05,-20.1008,2670,hunter-gatherer
snow_group,-7.416197459846801,0.016251105602529504,converged,-7.279738793377032,0.35293614527819406,midd1344,converged,0.13645866646976934,0.3862291782121321,Middle Chinese,Eurasia,Sino-Tibetan,108.9,34.27,65000000,other
wind_group,-5.9578521923046734,0.008998002000740201,converged,-5.901138018038838,0.14738465782552443,warl1254,converged,0.05671417426583503,0.38408865558854766,Warlpiri,Australia,Pama-Nyungan,131.05,-20.1008,2670,hunter-gatherer
dance_group,-7.253315279651133,0.017805314144472898,converged,-7.103260377256921,0.39094785503577806,gamb1252,converged,0.1500549023942117,0.38342586172744725,Gambian Wolof,Africa,Atlantic-Congo,-16.1544,13.5337,185000,other
wind_group,-5.9578521923046734,0.008998002000740201,converged,-5.880682633718411,0.20156065151317995,yape1248,converged,0.07716955858626218,0.382479308333422,Yapese,Papunesia,Austronesian,138.125,9.55811,6590,other
taste_group,-6.6616898200504995,0.00856555621078967,converged,-6.567065633692536,0.2473558478260676,sema1266,converged,0.09462418635796332,0.38231359696905315,Semai,Eurasia,Austroasiatic,101.477,4.13257,43900,other
ice_group,-7.612487188014121,0.01790479757416687,converged,-7.431261956517809,0.47394060620610384,tonk1249,converged,0.1812252314963123,0.3821070472401035,Tonkawa,North America,isolate_tonk1249,263.25,30.25,1900,hunter-gatherer
ice_group,-7.612487188014121,0.01790479757416687,converged,-7.422129155633246,0.4984423469004676,wira1265,converged,0.19035803238087556,0.3816596596199675,Wirangu,Australia,Pama-Nyungan,134,-32,100,hunter-gatherer
taste_group,-6.6616898200504995,0.00856555621078967,converged,-6.572188388643152,0.23446194301320794,geez1241,converged,0.08950143140734745,0.3814766847343527,Geez,Africa,Afro-Asiatic,40.6821,10.1342,5150000,other
wind_group,-5.9578521923046734,0.008998002000740201,converged,-5.868905203843176,0.23304968990037,xara1244,converged,0.08894698846149751,0.38138117733886484,Xârâcùù,Papunesia,Austronesian,165.996,-21.7034,3780,other
smell_group,-6.4695167475009825,0.009740427525109643,converged,-6.369745133780309,0.26211863904647803,iraq1241,converged,0.09977161372067389,0.3803727897874478,Iraqw,Africa,Afro-Asiatic,35.2939,-4.19948,462000,other
taste_group,-6.6616898200504995,0.00856555621078967,converged,-6.547930013106043,0.29905172087155374,urho1239,converged,0.11375980694445609,0.38024583773578285,Urhobo,Africa,Atlantic-Congo,5.86148,5.31155,546000,other
taste_group,-6.6616898200504995,0.00856555621078967,converged,-6.6000125046877,0.16213590653899462,monn1252,converged,0.06167731536279941,0.37987529804972026,Mon,Eurasia,Austroasiatic,98.122465,15.49394,851000,other
snow_group,-7.416197459846801,0.016251105602529504,converged,-7.317782756902234,0.25902848780610616,mara1382,converged,0.09841470294456744,0.3791922138236529,Mara Chin,Eurasia,Sino-Tibetan,93.0387,22.1138,42000,other
snow_group,-7.416197459846801,0.016251105602529504,converged,-7.268067761707009,0.3913519145209541,kwan1273,converged,0.14812969813979215,0.37818173937408744,Kwangali,Africa,Atlantic-Congo,19.256,-17.9026,84000,other
dance_group,-7.253315279651133,0.017805314144472898,converged,-7.101755645673269,0.4024163699364921,misi1243,converged,0.15155963397786376,0.3762558086039605,Misima-Paneati,Papunesia,Austronesian,152.696,-10.6821,18000,other
smell_group,-6.4695167475009825,0.009740427525109643,converged,-6.387297747788551,0.21852176413302704,cham1312,converged,0.08221899971243118,0.37587762869530794,Chamorro,Papunesia,Austronesian,144.74474,13.438011,76700,other
snow_group,-7.416197459846801,0.016251105602529504,converged,-7.268989929654536,0.39135183094875575,papi1253,converged,0.14720753019226507,0.3758274835105403,Papiamento,South America,Indo-European,290.06012,12.48485,239400,other
rain_group,-6.603067545596872,0.011688275163570797,converged,-6.495976850590749,0.28558217422379656,busa1253,converged,0.10709069500612323,0.374677146570772,Busa,Africa,Mande,4.39929,9.91074,40000,hunter-gatherer
ice_group,-7.612487188014121,0.01790479757416687,converged,-7.44836118414235,0.4391503802413293,tuni1252,converged,0.1641260038717718,0.3734250654176197,Tunica,North America,isolate_tuni1252,267.4597,30.9888,100,other
taste_group,-6.6616898200504995,0.00856555621078967,converged,-6.5725828266284285,0.23916567271199654,akha1245,converged,0.08910699342207096,0.37233562865284603,Akha,Eurasia,Sino-Tibetan,100.964,21.2309,563960,other
wind_group,-5.9578521923046734,0.008998002000740201,converged,-5.887131665537094,0.19030259120704368,magu1243,converged,0.07072052676757945,0.3712067483765628,Maguindanao,Papunesia,Austronesian,124.509,6.9453,1000000,other
rain_group,-6.603067545596872,0.011688275163570797,converged,-6.485971127072595,0.31639370703452613,guar1292,converged,0.11709641852427666,0.3698448970448531,Guarayu,South America,Tupian,298.3066,-15.8247,5930,other
wind_group,-5.9578521923046734,0.008998002000740201,converged,-5.885224727323548,0.19625430115442996,wikm1247,converged,0.07262746498112538,0.3696797956492317,Wik-Mungkan,Australia,Pama-Nyungan,141.81611,-13.98051,840,hunter-gatherer
snow_group,-7.416197459846801,0.016251105602529504,converged,-7.266245585189631,0.40530915356184244,muru1266,converged,0.14995187465717041,0.3696720959786611,Muruwari,Australia,Pama-Nyungan,146.546,-28.9618,2000,hunter-gatherer
ice_group,-7.612487188014121,0.01790479757416687,converged,-7.558792941711101,0.14520993072788754,hawa1245,converged,0.053694246303020776,0.36699053167139895,Hawaiian,Papunesia,Austronesian,204.57,19.6297,1000,other
ice_group,-7.612487188014121,0.01790479757416687,converged,-7.466187394019423,0.39830096379592445,kxoe1243,converged,0.1462997939946984,0.3669391040392351,Kxoe,Africa,Khoe-Kwadi,22.599835,-16.59051,6590,hunter-gatherer
smell_group,-6.4695167475009825,0.009740427525109643,converged,-6.360116921751114,0.2985037303749795,jeha1242,converged,0.10939982574986828,0.3662990380785573,Jehai,Eurasia,Austroasiatic,101.541,5.63695,1000,hunter-gatherer
snow_group,-7.416197459846801,0.016251105602529504,converged,-7.285245565178545,0.36064110134608346,paiw1248,converged,0.1309518946682564,0.3627405296017172,Paiwan,Papunesia,Austronesian,120.806,22.3271,66100,other
taste_group,-6.6616898200504995,0.00856555621078967,converged,-6.5946162709533604,0.1853343337675032,pula1263,converged,0.06707354909713903,0.36151978992287914,Pulaar,Africa,Atlantic-Congo,-13.4482,13.8694,3691000,other
taste_group,-6.6616898200504995,0.00856555621078967,converged,-6.556162170809462,0.291990565469666,libe1247,converged,0.1055276492410373,0.36125233265323164,Liberia Kpelle,Africa,Mande,-9.96128,6.92048,487000,other
snow_group,-7.416197459846801,0.016251105602529504,converged,-7.269875143549301,0.40530880028461935,louu1245,converged,0.1463223162974998,0.360724562793516,Lou,Papunesia,Austronesian,147.346,-2.38659,1000,other
taste_group,-6.6616898200504995,0.00856555621078967,converged,-6.586497406575243,0.2086411574014974,maya1287,converged,0.07519241347525618,0.36008776291774797,Mayan,North America,Mayan,267.1557966206964,17.423987813269193,6000000,other
smell_group,-6.4695167475009825,0.009740427525109643,converged,-6.368186881882029,0.2833104084526187,isth1244,converged,0.10132986561895319,0.3574525602488398,Isthmus Zapotec,North America,Otomanguean,265.1556,16.4548,85000,other
ice_group,-7.612487188014121,0.01790479757416687,converged,-7.434243445265235,0.4984411098540205,west1510,converged,0.17824374274888655,0.3573719162442473,Western Ojibwa,North America,Algic,257.475,50.5664,10000,hunter-gatherer
wind_group,-5.9578521923046734,0.008998002000740201,converged,-5.895313764239799,0.1766339274432618,mamb1296,converged,0.0625384280648742,0.3535982114142424,Mambwe-Lungu,Africa,Atlantic-Congo,31.2269,-8.86817,674000,other
rain_group,-6.603067545596872,0.011688275163570797,converged,-6.548497435069011,0.15408175745560124,lith1251,converged,0.05457011052786065,0.3531487262279798,Lithuanian,Eurasia,Indo-European,23.9601,55.1429,2960000,other
rain_group,-6.603067545596872,0.011688275163570797,converged,-6.4862841566585825,0.33351657984297034,ying1247,converged,0.11678338893828943,0.3499428388797105,Yinggarda,Australia,Pama-Nyungan,115.58,-25.4446,100,hunter-gatherer
rain_group,-6.603067545596872,0.011688275163570797,converged,-6.556594182404889,0.13279801457549953,shan1277,converged,0.04647336319198292,0.34860757889326305,Shan,Eurasia,Tai-Kadai,98.0342,21.5995,3295000,other
snow_group,-7.416197459846801,0.016251105602529504,converged,-7.27490314901336,0.40530831300485376,bugh1239,converged,0.14129431083344102,0.3483295711026383,Bughotu,Papunesia,Austronesian,159.802,-8.47948,4050,other
taste_group,-6.6616898200504995,0.00856555621078967,converged,-6.616028837360359,0.13139783836732538,yoru1245,converged,0.04566098269014063,0.3467657755832301,Yoruba,Africa,Atlantic-Congo,3.67225,7.15345,18900000,other
taste_group,-6.6616898200504995,0.00856555621078967,converged,-6.585690398122851,0.21987619165766623,pohn1238,converged,0.07599942192764875,0.3453844588279633,Pohnpeian,Papunesia,Austronesian,158.223,6.87212,29000,other
dance_group,-7.253315279651133,0.017805314144472898,converged,-7.17273189219468,0.23296167004346424,mait1250,converged,0.08058338745645344,0.34490243170247087,Maithili,Eurasia,Indo-European,86.2211,26.3817,34700000,other
rain_group,-6.603067545596872,0.011688275163570797,converged,-6.513775516150755,0.25927764065100833,bang1354,converged,0.08929202944611703,0.3440382932844368,Bobangi,Africa,Atlantic-Congo,17.227,-0.87437,111300,other
snow_group,-7.416197459846801,0.016251105602529504,converged,-7.276782152406664,0.40530813153253387,egyp1246,converged,0.13941530744013697,0.343697461474104,Egyptian,Africa,Afro-Asiatic,30.834959,28.381735,1500000,other
dance_group,-7.253315279651133,0.017805314144472898,converged,-7.142868023644958,0.32179962004454804,tana1289,converged,0.11044725600617511,0.34269331456830304,Dena'ina,North America,Athabaskan-Eyak-Tlingit,209.241,60.4712,100,hunter-gatherer
smell_group,-6.4695167475009825,0.009740427525109643,converged,-6.402174402922423,0.19627890777792625,hakk1236,converged,0.06734234457855948,0.34267347780789054,Hakka Chinese,Eurasia,Sino-Tibetan,116,25,28070000,other
rain_group,-6.603067545596872,0.011688275163570797,converged,-6.5204522642487195,0.24285362821040204,alab1237,converged,0.08261528134815244,0.3397921755036175,Alabama,North America,Muskogean,265.37152000000003,30.76738,100,other
rain_group,-6.603067545596872,0.011688275163570797,converged,-6.510069031911232,0.2735182024272823,lisu1250,converged,0.0929985136856395,0.33969847687770316,Lisu,Eurasia,Sino-Tibetan,98.94,26.91,766000,other
taste_group,-6.6616898200504995,0.00856555621078967,converged,-6.579608933149043,0.24172946139418033,kuan1247,converged,0.08208088690145665,0.33934384515838895,Kuanyama,Africa,Atlantic-Congo,16.58,-17.7176,668000,other
taste_group,-6.6616898200504995,0.00856555621078967,converged,-6.600947694448381,0.17893103469451546,koon1244,converged,0.060742125602118335,0.339083975077618,South-Central Koongo,Africa,Atlantic-Congo,14.4771,-5.57722,5000000,other
ice_group,-7.612487188014121,0.01790479757416687,converged,-7.452491427271182,0.47393868124149807,fuyu1242,converged,0.1599957607429392,0.3373468206369423,Fuyug,Papunesia,isolate_fuyu1242,147.312,-8.6371,14000,other
rain_group,-6.603067545596872,0.011688275163570797,converged,-6.517716992257951,0.2539555304409023,hais1244,converged,0.0853505533389205,0.3357292433268304,Haisla,North America,Wakashan,231.398,53.964,100,hunter-gatherer
taste_group,-6.6616898200504995,0.00856555621078967,converged,-6.559154595180577,0.3069195025196125,bong1285,converged,0.10253522486992228,0.3339485330573102,Bongo,Africa,Central Sudanic,27.9918,7.4145,10100,other
smell_group,-6.4695167475009825,0.009740427525109643,converged,-6.412139036874382,0.1717419873155933,sang1328,converged,0.05737771062660091,0.3335564686638266,Sango,Africa,Atlantic-Congo,20.1702,6.78584,5400,other
ice_group,-7.612487188014121,0.01790479757416687,converged,-7.474771674514321,0.41549665485889686,huaa1248,converged,0.13771551349980005,0.3311406319151167,East Taa,Africa,Tuu,20.79583,-24.20022,4200,hunter-gatherer
taste_group,-6.6616898200504995,0.00856555621078967,converged,-6.564991052247627,0.29198921724126803,tiri1258,converged,0.09669876780287279,0.3310299892375636,Tiri-Mea,Papunesia,Austronesian,165.792,-21.8147,260,other
smell_group,-6.4695167475009825,0.009740427525109643,converged,-6.389791725354004,0.24083803420736558,saur1248,converged,0.0797250221469783,0.33076128878628475,Saurashtra,Eurasia,Indo-European,77.9427,9.99172,310000,other
wind_group,-5.9578521923046734,0.008998002000740201,converged,-5.8890190367250055,0.2087254266734591,tivv1240,converged,0.06883315557966796,0.3294724825098374,Tiv,Africa,Atlantic-Congo,9.26287,6.88039,2210000,other
wind_group,-5.9578521923046734,0.008998002000740201,converged,-5.890407465556479,0.20517907516432826,lisu1250,converged,0.06744472674819413,0.32839589030213073,Lisu,Eurasia,Sino-Tibetan,98.94,26.91,766000,other
smell_group,-6.4695167475009825,0.009740427525109643,converged,-6.429412074012176,0.12208363317348106,pedi1238,converged,0.04010467348880642,0.32746104419295025,Pedi,Africa,Atlantic-Congo,29.471800000000002,-24.7993,4090000,other
taste_group,-6.6616898200504995,0.00856555621078967,converged,-6.568781304339847,0.2856145695337361,sing1272,converged,0.0929085157106524,0.32514714953535656,Singlish,Eurasia,Indo-European,-1,53,5917600,other
wind_group,-5.9578521923046734,0.008998002000740201,converged,-5.889069879946969,0.21199944406814414,yaqu1251,converged,0.06878231235770471,0.3241538779409553,Yaqui,North America,Uto-Aztecan,249.319,29.9446,14620,other
wind_group,-5.9578521923046734,0.008998002000740201,converged,-5.880545628138556,0.23874116979644172,cung1238,converged,0.07730656416611748,0.3235793647959168,Chung,Africa,Atlantic-Congo,10.4104,6.59687,1400,other
smell_group,-6.4695167475009825,0.009740427525109643,converged,-6.376312921138932,0.2879239511272774,shek1244,converged,0.09320382636205071,0.32352479787661864,Shekkacho,Africa,Ta-Ne-Omotic,35.3922,7.27424,54900,other
taste_group,-6.6616898200504995,0.00856555621078967,converged,-6.594030483683698,0.2097016687377746,magu1243,converged,0.06765933636680188,0.32237685542032263,Maguindanao,Papunesia,Austronesian,124.509,6.9453,1000000,other
snow_group,-7.416197459846801,0.016251105602529504,converged,-7.285737041798911,0.40530727134618516,djin1253,converged,0.13046041804788988,0.32162185299738344,Djinang,Australia,Pama-Nyungan,134.82,-12.462,120,hunter-gatherer
smell_group,-6.4695167475009825,0.009740427525109643,converged,-6.387734831679585,0.25938016500826744,sele1250,converged,0.08178191582139771,0.3150754109056396,Selepet,Papunesia,Nuclear Trans New Guinea,147.234,-6.03532,7000,other
smell_group,-6.4695167475009825,0.009740427525109643,converged,-6.38619870941946,0.26503996311951467,orok1267,converged,0.08331803808152216,0.31414820810571625,Orokolo,Papunesia,Eleman,145.34,-7.81309,13000,hunter-gatherer
ice_group,-7.612487188014121,0.01790479757416687,converged,-7.497548098961727,0.3665200155168385,cham1312,converged,0.11493908905239447,0.3132221537281232,Chamorro,Papunesia,Austronesian,144.74474,13.438011,76700,other
rain_group,-6.603067545596872,0.011688275163570797,converged,-6.544480623801386,0.18794662885472607,bali1278,converged,0.05858692179548619,0.311120007199778,Balinese,Papunesia,Austronesian,115.075,-8.35714,3330000,other
snow_group,-7.416197459846801,0.016251105602529504,converged,-7.308643141679993,0.3461175159744293,doro1266,converged,0.10755431816680794,0.31040312836468004,Doromu-Koki,Papunesia,Manubaran,147.986,-9.56687,1500,other
snow_group,-7.416197459846801,0.016251105602529504,converged,-7.32309027032722,0.3002450804818874,choc1276,converged,0.09310718951958119,0.3096507130431528,Choctaw,North America,Muskogean,271.5,32.25,11400,other
wind_group,-5.9578521923046734,0.008998002000740201,converged,-5.901811384113526,0.18131027041231756,plat1254,converged,0.05604080819114721,0.3087079608552815,Plateau Malagasy,Africa,Austronesian,47.1211,-19.5907,7520000,other
taste_group,-6.6616898200504995,0.00856555621078967,converged,-6.567289028031582,0.30691815512466525,west1510,converged,0.09440079201891738,0.3074567237133991,Western Ojibwa,North America,Algic,257.475,50.5664,10000,hunter-gatherer
wind_group,-5.9578521923046734,0.008998002000740201,converged,-5.922024774348807,0.11679800856895305,sind1272,converged,0.035827417955866636,0.3058405816243855,Sindhi,Eurasia,Indo-European,69,26,21315000,other
snow_group,-7.416197459846801,0.016251105602529504,converged,-7.293459247614835,0.40530653572718056,pamp1243,converged,0.12273821223196624,0.30258497844603754,Pampanga,Papunesia,Austronesian,120.502,14.9603,1900000,other
wind_group,-5.9578521923046734,0.008998002000740201,converged,-5.886155911919993,0.2387401398657748,haaa1252,converged,0.07169628038468012,0.30009789021553557,Ha,Africa,Atlantic-Congo,30.4894,-3.77873,990000,other
smell_group,-6.4695167475009825,0.009740427525109643,converged,-6.383160594200188,0.287922879746132,mail1248,converged,0.0863561533007946,0.29975658698012414,Mailu,Papunesia,Mailuan,149.521,-10.3657,8500,other
dance_group,-7.253315279651133,0.017805314144472898,converged,-7.139162167609195,0.3811241476586603,mele1250,converged,0.11415311204193834,0.29919054784456123,Mele-Fila,Papunesia,Austronesian,168.275,-17.6841,3500,other
smell_group,-6.4695167475009825,0.009740427525109643,converged,-6.39896987985238,0.2363518242913523,sora1254,converged,0.07054686764860207,0.29822928559723794,Sora,Eurasia,Austroasiatic,84.19,19.1213,310000,other
snow_group,-7.416197459846801,0.016251105602529504,converged,-7.342245436631111,0.2475351521360805,hmon1333,converged,0.07395202321569005,0.2981118596080116,Hmong Daw,Eurasia,Hmong-Mien,103.164,21.5461,435400,other
wind_group,-5.9578521923046734,0.008998002000740201,converged,-5.900140750488886,0.19353682275255882,hooo1248,converged,0.0577114418157878,0.2978718411028284,Ho,Eurasia,Austroasiatic,87.1188,23.9596,1500000,other
taste_group,-6.6616898200504995,0.00856555621078967,converged,-6.601992216574749,0.20059090946185942,muna1247,converged,0.05969760347575015,0.29733775479597413,Muna,Papunesia,Austronesian,122.541,-5.40419,300000,other
wind_group,-5.9578521923046734,0.008998002000740201,converged,-5.895395233232634,0.21113875707698881,nung1283,converged,0.06245695907203963,0.2955417606816443,Nung,Eurasia,Tai-Kadai,104.286,20.8965,856000,other
snow_group,-7.416197459846801,0.016251105602529504,converged,-7.344425754492067,0.24321426998125087,shil1265,converged,0.07177170535473376,0.2944400506460641,Shilluk,Africa,Nilotic,31.7926,9.85472,175000,other
taste_group,-6.6616898200504995,0.00856555621078967,converged,-6.600014484697955,0.20970125226212827,lund1271,converged,0.0616753353525441,0.29386543170149476,Lundayeh,Papunesia,Austronesian,115.5,4.25064,47500,other
rain_group,-6.603067545596872,0.011688275163570797,converged,-6.5129741912310495,0.3074715386318877,mwag1236,converged,0.09009335436582244,0.29280215434709866,Mwaghavul,Africa,Afro-Asiatic,8.96522,9.47205,295000,other
smell_group,-6.4695167475009825,0.009740427525109643,converged,-6.392794046165802,0.26211575190547987,limb1266,converged,0.07672270133518033,0.29250352742060176,Limbu,Eurasia,Sino-Tibetan,87.8859,27.2703,358000,other
taste_group,-6.6616898200504995,0.00856555621078967,converged,-6.588642148830451,0.25044830232843585,maha1287,converged,0.0730476712200483,0.29149723119525084,Mahasu Pahari,Eurasia,Indo-European,77.5317,31.0088,1000000,other
taste_group,-6.6616898200504995,0.00856555621078967,converged,-6.584336884084066,0.2652437990095996,tuni1252,converged,0.07735293596643356,0.2914776297488316,Tunica,North America,isolate_tuni1252,267.4597,30.9888,100,other
ice_group,-7.612487188014121,0.01790479757416687,converged,-7.498777618783906,0.39133691188905073,braz1246,converged,0.11370956923021502,0.29026329134076123,Brazilian Portuguese,Eurasia,Indo-European,-8.1,39.91,227062512,other
snow_group,-7.416197459846801,0.016251105602529504,converged,-7.299135531965801,0.40530599861305755,yand1253,converged,0.11706192788100012,0.28859168750815695,Yandruwandha,Australia,Pama-Nyungan,140.583,-28.4744,2000,hunter-gatherer
rain_group,-6.603067545596872,0.011688275163570797,converged,-6.5491633103860405,0.18667425579485636,mait1250,converged,0.05390423521083143,0.28819657632241,Maithili,Eurasia,Indo-European,86.2211,26.3817,34700000,other
dance_group,-7.253315279651133,0.017805314144472898,converged,-7.154673606150283,0.34271646526531413,mala1522,converged,0.0986416735008504,0.2874353214011029,Malayo,South America,Chibchan,286.5944,10.9286,1920,other
rain_group,-6.603067545596872,0.011688275163570797,converged,-6.5168804741436075,0.2999769408798049,orok1267,converged,0.08618707145326443,0.2870944732585683,Orokolo,Papunesia,Eleman,145.34,-7.81309,13000,hunter-gatherer
smell_group,-6.4695167475009825,0.009740427525109643,converged,-6.408913332922699,0.21092076553828717,toho1245,converged,0.06060341457828322,0.28702197717791517,Tohono O'odham,North America,Uto-Aztecan,248.005,31.7973,9600,other
wind_group,-5.9578521923046734,0.008998002000740201,converged,-5.897671111845146,0.21030711458485205,east2387,converged,0.06018108045952708,0.28589652572210583,East Limba,Africa,Atlantic-Congo,-11.7496,9.71107,4600,other
smell_group,-6.4695167475009825,0.009740427525109643,converged,-6.38240438891774,0.3046062772031087,savo1255,converged,0.08711235858324251,0.2858373628266019,Savosavo,Papunesia,isolate_savo1255,159.814,-9.12853,2420,other
wind_group,-5.9578521923046734,0.008998002000740201,converged,-5.8885941246666516,0.24307572284988804,nort2810,converged,0.06925806763802189,0.2847288248276893,Northern Grebo,Africa,Kru,-8.1409,5.17103,84500,other
rain_group,-6.603067545596872,0.011688275163570797,converged,-6.518652879639182,0.296659392058323,sanb1242,converged,0.08441466595768965,0.2843301934778545,San Blas Kuna,South America,Chibchan,281.6925,9.15686,57100,other
smell_group,-6.4695167475009825,0.009740427525109643,converged,-6.436096079430643,0.11716464574029634,cent1989,converged,0.033420668070339055,0.284264695366036,Central Khmer,Eurasia,Austroasiatic,105.015,12.0515,13370400,other
snow_group,-7.416197459846801,0.016251105602529504,converged,-7.301045937292448,0.4053058185268487,cayu1262,converged,0.11515152255435268,0.28388210886785126,Cayubaba,South America,isolate_cayu1262,294.51779999999997,-13.2482,1246,other
smell_group,-6.4695167475009825,0.009740427525109643,converged,-6.41194351680106,0.2032428172242532,bada1257,converged,0.05757323069992282,0.28294838504866604,Badaga,Eurasia,Dravidian,76.5974,11.3094,245000,other
taste_group,-6.6616898200504995,0.00856555621078967,converged,-6.5748554285033265,0.306916911614375,mand1425,converged,0.08683439154717298,0.28281463581980537,Mandari,Africa,Nilotic,31.2327,5.83656,70000,other
wind_group,-5.9578521923046734,0.008998002000740201,converged,-5.90436852904833,0.18917743569462783,klam1254,converged,0.05348366325634313,0.282397670794241,Klamath-Modoc,North America,isolate_klam1254,238.296,42.5861,100,hunter-gatherer
snow_group,-7.416197459846801,0.016251105602529504,converged,-7.301656496995391,0.40530576104433635,gade1242,converged,0.11454096285141002,0.2823769409984522,Gade,Africa,Atlantic-Congo,7.49869,8.71139,72100,other
snow_group,-7.416197459846801,0.016251105602529504,converged,-7.302114172258064,0.40530571797847476,fore1270,converged,0.11408328758873676,0.28124866758462175,Fore,Papunesia,Nuclear Trans New Guinea,145.5065,-6.64473,17000,other
rain_group,-6.603067545596872,0.011688275163570797,converged,-6.540250418666211,0.22383217586483456,chad1249,converged,0.06281712693066055,0.2802620136029288,Chadian Arabic,Africa,Afro-Asiatic,13.5,14.67,1076000,other
dance_group,-7.253315279651133,0.017805314144472898,converged,-7.1439279745197926,0.39094397359526656,mand1413,converged,0.10938730513134054,0.2795132755824339,Manda,Eurasia,Dravidian,83.6749,20.0962,4040,other
snow_group,-7.416197459846801,0.016251105602529504,converged,-7.325202509501335,0.3251954254893295,rend1243,converged,0.09099495034546567,0.27946746206976747,Rendille,Africa,Afro-Asiatic,37.3608,2.27065,34700,other
wind_group,-5.9578521923046734,0.008998002000740201,converged,-5.8956270578639085,0.22256432966279951,port1286,converged,0.06222513444076494,0.2793544848444609,Daakie,Papunesia,Austronesian,168.046,-16.3083,1300,other
wind_group,-5.9578521923046734,0.008998002000740201,converged,-5.9136000490229845,0.15839070847963133,swat1243,converged,0.044252143281688916,0.27893624371195863,Swati,Africa,Atlantic-Congo,31.5,-26,2034200,other
snow_group,-7.416197459846801,0.016251105602529504,converged,-7.303257444836176,0.40530561048602487,arta1239,converged,0.11294001501062478,0.2784302400541654,Arta,Papunesia,Austronesian,121.656,16.4185,100,hunter-gatherer
snow_group,-7.416197459846801,0.016251105602529504,converged,-7.303638245419437,0.40530557470976797,gamb1252,converged,0.11255921442736394,0.27749147945745817,Gambian Wolof,Africa,Atlantic-Congo,-16.1544,13.5337,185000,other
ice_group,-7.612487188014121,0.01790479757416687,converged,-7.530524823350541,0.2974933857587777,nucl1302,converged,0.08196236466358009,0.2750122341869396,Georgian,Eurasia,Kartvelian,43.78613,41.850397,4016300,other
wind_group,-5.9578521923046734,0.008998002000740201,converged,-5.890263275967478,0.2479380158601523,ngan1295,converged,0.06758891633719522,0.27242474557224644,Ngandi,Australia,Gunwinyguan,134.649,-12.8448,2000,hunter-gatherer
rain_group,-6.603067545596872,0.011688275163570797,converged,-6.554678880044059,0.17762469940244938,wara1300,converged,0.04838866555281296,0.27183292496625544,Waray,Papunesia,Austronesian,125.012,11.4911,2570000,other
wind_group,-5.9578521923046734,0.008998002000740201,converged,-5.896642520125932,0.22523008970090488,lada1244,converged,0.06120967217874185,0.27154846231449525,Leh Ladakhi,Eurasia,Sino-Tibetan,80.6013,33.468,150000,other
wind_group,-5.9578521923046734,0.008998002000740201,converged,-5.90163165598535,0.20723952075721178,coma1245,converged,0.05622053631932378,0.27102754684173574,Comanche,North America,Uto-Aztecan,259,34,200,hunter-gatherer
dance_group,-7.253315279651133,0.017805314144472898,converged,-7.136880134679594,0.4323846209309901,calo1236,converged,0.11643514497153884,0.26905801676519686,Caló,Eurasia,Indo-European,0.6,41.424,460000,other
dance_group,-7.253315279651133,0.017805314144472898,converged,-7.168644627876742,0.3145169007382298,maya1287,converged,0.08467065177439093,0.2687782352587976,Mayan,North America,Mayan,267.1557966206964,17.423987813269193,6000000,other
rain_group,-6.603067545596872,0.011688275163570797,converged,-6.550679805683785,0.1947192376576802,clas1252,converged,0.05238773991308676,0.2685590505356526,Classical Syriac,Eurasia,Afro-Asiatic,42.1432,37.1129,200000,other
taste_group,-6.6616898200504995,0.00856555621078967,converged,-6.589535492444184,0.269700181609228,mund1320,converged,0.07215432760631568,0.2674005066152832,Mundari,Eurasia,Austroasiatic,85.85,23.03,1560280,other
smell_group,-6.4695167475009825,0.009740427525109643,converged,-6.423943437660916,0.17038296128482705,east2304,converged,0.04557330984006658,0.2670397382116031,Eastern Balochi,Eurasia,Indo-European,62,28,1800000,other
ice_group,-7.612487188014121,0.01790479757416687,converged,-7.541779628302498,0.2660882411119254,mind1253,converged,0.07070755971162335,0.26513019153101147,Min Dong Chinese,Eurasia,Sino-Tibetan,119.5,26,8820000,other
dance_group,-7.253315279651133,0.017805314144472898,converged,-7.138705188119222,0.4323844069601096,dhal1245,converged,0.11461009153191082,0.26484081907159523,Dhalandji,Australia,Pama-Nyungan,114.937,-22.196,100,hunter-gatherer
rain_group,-6.603067545596872,0.011688275163570797,converged,-6.520968359670714,0.3117269165885663,bugh1239,converged,0.0820991859261575,0.2631839953772946,Bughotu,Papunesia,Austronesian,159.802,-8.47948,4050,other
snow_group,-7.416197459846801,0.016251105602529504,converged,-7.313232918218659,0.39134791058123825,hili1240,converged,0.10296454162814239,0.2628757612008426,Hiligaynon,Papunesia,Austronesian,122.974,10.4018,5770000,other
rain_group,-6.603067545596872,0.011688275163570797,converged,-6.517826092639356,0.3271959301955748,bafa1249,converged,0.08524145295751584,0.26035506172405154,Bafanji,Africa,Atlantic-Congo,10.4518,5.84612,17000,other
smell_group,-6.4695167475009825,0.009740427525109643,converged,-6.408373454395281,0.23498870141344705,naro1249,converged,0.06114329310570188,0.2599734946101717,Naro,Africa,Khoe-Kwadi,20.7458,-22.0939,14000,hunter-gatherer
taste_group,-6.6616898200504995,0.00856555621078967,converged,-6.601618596049721,0.23229644628436064,gela1263,converged,0.06007122400077858,0.25842163641783567,Gela,Papunesia,Austronesian,160.186,-9.04587,11900,other
dance_group,-7.253315279651133,0.017805314144472898,converged,-7.149783123708851,0.40241147845261627,tamp1252,converged,0.10353215594228171,0.25702785505940967,Tampulma,Africa,Atlantic-Congo,-1.35467,9.75577,16000,other
dance_group,-7.253315279651133,0.017805314144472898,converged,-7.184134717985932,0.2711564674862095,tetu1245,converged,0.06918056166520081,0.25458325324484904,Tetum,Papunesia,Austronesian,125.528,-9.11217,450000,other
rain_group,-6.603067545596872,0.011688275163570797,converged,-6.545538688987367,0.22624045808716944,mush1238,converged,0.057528856609504686,0.2539432429872062,Mushungulu,Africa,Atlantic-Congo,42.6626,0.00689,23000,other
taste_group,-6.6616898200504995,0.00856555621078967,converged,-6.625565388518744,0.14205156417904347,halh1238,converged,0.03612443153175526,0.2538439952745831,Halh Mongolian,Eurasia,Mongolic-Khitan,106.28874,48.32397,2332660,other
taste_group,-6.6616898200504995,0.00856555621078967,converged,-6.596487253614417,0.2573071616696511,heil1246,converged,0.06520256643608224,0.2532633299636328,Heiltsuk-Oowekyala,North America,Wakashan,232.779,51.7045,300,hunter-gatherer
smell_group,-6.4695167475009825,0.009740427525109643,converged,-6.442033796956847,0.10843962916196258,haus1257,converged,0.027482950544135853,0.2524238357249137,Hausa,Africa,Afro-Asiatic,8.7804,11.1513,24060500,other
ice_group,-7.612487188014121,0.01790479757416687,converged,-7.564098777054518,0.19329648243841793,goan1235,converged,0.048388410959603334,0.2492655256232967,Goan Konkani,Eurasia,Indo-European,74.2098,15.2732,3630000,other
ice_group,-7.612487188014121,0.01790479757416687,converged,-7.499670691413428,0.4546939424424606,papi1253,converged,0.11281649660069348,0.2479230992387596,Papiamento,South America,Indo-European,290.06012,12.48485,239400,other
taste_group,-6.6616898200504995,0.00856555621078967,converged,-6.587599838668393,0.2990454556204009,bayu1240,converged,0.0740899813821061,0.247653345647426,Bayungu,Australia,Pama-Nyungan,114.108,-23.3809,100,hunter-gatherer
ice_group,-7.612487188014121,0.01790479757416687,converged,-7.489169158417819,0.49843568532769744,phal1254,converged,0.12331802959630256,0.24725064043870437,Palula,Eurasia,Indo-European,71.8421,35.5096,10000,other
smell_group,-6.4695167475009825,0.009740427525109643,converged,-6.43123694539763,0.15538491917065061,masa1300,converged,0.0382798021033528,0.24587207576079567,Masai,Africa,Nilotic,36.4573,-3.1419,1045000,other
ice_group,-7.612487188014121,0.01790479757416687,converged,-7.501370687103511,0.4546938100338893,moki1238,converged,0.11111650091061076,0.24418729638090483,Mokilese,Papunesia,Austronesian,159.776,6.65651,1050,other
taste_group,-6.6616898200504995,0.00856555621078967,converged,-6.625741410517796,0.14738356352767715,nort2646,converged,0.035948409532703174,0.24349969350633258,Northern Pashto,Eurasia,Indo-European,71.33,34,9590000,other
wind_group,-5.9578521923046734,0.008998002000740201,converged,-5.909301180861276,0.20101100366717728,agus1235,converged,0.04855101144339713,0.24129246901991228,Agusan Manobo,Papunesia,Austronesian,125.742,8.62731,60000,other
snow_group,-7.416197459846801,0.016251105602529504,converged,-7.318527534431381,0.40530418648335453,mwag1236,converged,0.09766992541541963,0.24078583811371862,Mwaghavul,Africa,Afro-Asiatic,8.96522,9.47205,295000,other
rain_group,-6.603067545596872,0.011688275163570797,converged,-6.581507573936021,0.08910942259990402,kore1280,converged,0.021559971660851218,0.23989451710904372,Korean,Eurasia,Koreanic,126.98,37.54,65236300,other
taste_group,-6.6616898200504995,0.00856555621078967,converged,-6.591797679274209,0.291985195837297,tali1258,converged,0.06989214077629047,0.23926585115481705,Talinga-Bwisi,Africa,Atlantic-Congo,29.9494,0.676185,99400,other
rain_group,-6.603067545596872,0.011688275163570797,converged,-6.545817429200224,0.24082501426947145,khot1251,converged,0.05725011639664768,0.23744546170671252,Khotanese,Eurasia,Indo-European,79.04,38.33,83000,other
taste_group,-6.6616898200504995,0.00856555621078967,converged,-6.595357090993042,0.27982318099895725,yand1253,converged,0.06633272905745713,0.23694131937713392,Yandruwandha,Australia,Pama-Nyungan,140.583,-28.4744,2000,hunter-gatherer
wind_group,-5.9578521923046734,0.008998002000740201,converged,-5.90942021772699,0.20452985364888818,caro1242,converged,0.048431974577683334,0.23656778289800193,Carolinian,Papunesia,Austronesian,145.765,15.205,3000,other
ice_group,-7.612487188014121,0.01790479757416687,converged,-7.525127545093556,0.37048847558780884,osag1243,converged,0.08735964292056497,0.23552096908462358,Osage,North America,Siouan,263.7051,36.7828,100,hunter-gatherer
wind_group,-5.9578521923046734,0.008998002000740201,converged,-5.903572399141534,0.2313299583379465,arta1239,converged,0.0542797931631398,0.2344649971778979,Arta,Papunesia,Austronesian,121.656,16.4185,100,hunter-gatherer
wind_group,-5.9578521923046734,0.008998002000740201,converged,-5.904351751223613,0.22813915745612853,rung1259,converged,0.053500441081060224,0.23432574241003284,Rungus,Papunesia,Austronesian,116.743,6.83989,15000,other
snow_group,-7.416197459846801,0.016251105602529504,converged,-7.321449052861662,0.4053039165077057,lari1255,converged,0.09474840698513898,0.233583568954686,Larike-Wakasihu,Papunesia,Austronesian,127.956,-3.76522,12600,other
ice_group,-7.612487188014121,0.01790479757416687,converged,-7.585640366848844,0.11484924715615179,scot1245,converged,0.026846821165277035,0.23096715573043006,Scottish Gaelic,Eurasia,Indo-European,-5.24366,56.7574,58700,other
smell_group,-6.4695167475009825,0.009740427525109643,converged,-6.402233242518202,0.2929620734061125,adyg1241,converged,0.06728350498278068,0.22953942888232123,Adyghe,Eurasia,Abkhaz-Adyge,39.33,44,475300,other
taste_group,-6.6616898200504995,0.00856555621078967,converged,-6.6369630730158224,0.10862635833842257,cent1989,converged,0.024726747034677032,0.22692678253567658,Central Khmer,Eurasia,Austroasiatic,105.015,12.0515,13370400,other
taste_group,-6.6616898200504995,0.00856555621078967,converged,-6.60629000594151,0.24445117047436715,kili1268,converged,0.05539981410898953,0.22649036778576026,Kiliwa,North America,Cochimi-Yuman,244.877,30.5471,100,hunter-gatherer
ice_group,-7.612487188014121,0.01790479757416687,converged,-7.5427165639787725,0.31152222734919693,tson1249,converged,0.06977062403534884,0.22359774879221034,Tsonga,Africa,Atlantic-Congo,31.8105,-23.5754,3650000,other
smell_group,-6.4695167475009825,0.009740427525109643,converged,-6.416503614604869,0.23777577034565303,gaaa1244,converged,0.053013132896113646,0.2227674743599766,Ga,Africa,Atlantic-Congo,-0.18598,5.65488,600000,other
ice_group,-7.612487188014121,0.01790479757416687,converged,-7.528157075971461,0.379749785689233,koas1236,converged,0.08433011204266005,0.22182115003434674,Koasati,North America,Muskogean,267.291,30.4096,200,other
taste_group,-6.6616898200504995,0.00856555621078967,converged,-6.618262746629989,0.19637523797527678,renn1242,converged,0.04342707342051089,0.2209332575723819,Rennell-Bellona,Papunesia,Austronesian,160.265,-11.6237,4390,other
smell_group,-6.4695167475009825,0.009740427525109643,converged,-6.409944782580768,0.2715301852620938,chim1302,converged,0.05957196492021488,0.21925250204020627,Bolivar-North Chimborazo Highland Quichua,South America,Quechuan,281.1479,-1.36727,1000000,other
ice_group,-7.612487188014121,0.01790479757416687,converged,-7.5476813221396135,0.29527227915858234,corn1251,converged,0.06480586587450787,0.21907592573873963,Cornish,Eurasia,Indo-European,-4.18619,50.5233,468425,other
rain_group,-6.603067545596872,0.011688275163570797,converged,-6.585975814244336,0.07717382018585867,panj1256,converged,0.01709173135253561,0.2189733908747642,Eastern Panjabi,Eurasia,Indo-European,75.6702,30.0368,27100000,other
smell_group,-6.4695167475009825,0.009740427525109643,converged,-6.425798758294654,0.199642200888166,kips1239,converged,0.04371798920632841,0.21872153485177212,Kipsigis,Africa,Nilotic,35.258532,-0.35774,471000,other
taste_group,-6.6616898200504995,0.00856555621078967,converged,-6.593950506813458,0.3157502111255901,suda1236,converged,0.06773931323704119,0.21445560329072183,Sudanese Arabic,Africa,Afro-Asiatic,33.3179,17.8021,16520000,other
rain_group,-6.603067545596872,0.011688275163570797,converged,-6.5405341802578345,0.2935832728248373,izon1238,converged,0.06253336533903742,0.2128318308408878,Izon,Africa,Ijoid,5.51702,5.17986,1000000,other
dance_group,-7.253315279651133,0.017805314144472898,converged,-7.221182157477269,0.14998157159804656,laoo1244,converged,0.03213312217386388,0.21275314736911155,Lao,Eurasia,Tai-Kadai,102.46,19,3149000,other
dance_group,-7.253315279651133,0.017805314144472898,converged,-7.230729805321178,0.10478879014355535,sout1528,converged,0.02258547432995517,0.21248771047635892,Serbian-Croatian-Bosnian,Eurasia,Indo-European,18.81,44.15,18276976,other
taste_group,-6.6616898200504995,0.00856555621078967,converged,-6.623280414663934,0.18092775845334677,tang1336,converged,0.03840940538656579,0.2120538847174528,East-Central Tangkhul Naga,Eurasia,Sino-Tibetan,94.3567,25.0489,125000,other
rain_group,-6.603067545596872,0.011688275163570797,converged,-6.535780542094639,0.32151766865028586,urak1238,converged,0.0672870035022326,0.20914118176389832,Urak Lawoi',Eurasia,Austronesian,99.0768,7.5258,3000,hunter-gatherer
snow_group,-7.416197459846801,0.016251105602529504,converged,-7.345446164108822,0.34003865021949703,west2386,converged,0.07075129573797945,0.20783117865274622,Western Panjabi,Eurasia,Indo-European,75.3474,30.0948,60600000,other
rain_group,-6.603067545596872,0.011688275163570797,converged,-6.541990827560394,0.29665687010856084,sout2856,converged,0.061076718036478184,0.20572375975818447,Nafsan,Papunesia,Austronesian,168.377,-17.7006,6000,other
dance_group,-7.253315279651133,0.017805314144472898,converged,-7.176225057815526,0.381120935095555,limb1266,converged,0.07709022183560688,0.2020519571150303,Limbu,Eurasia,Sino-Tibetan,87.8859,27.2703,358000,other
dance_group,-7.253315279651133,0.017805314144472898,converged,-7.172489447305447,0.40240924637026476,egyp1246,converged,0.08082583234568652,0.2006584827568549,Egyptian,Africa,Afro-Asiatic,30.834959,28.381735,1500000,other
taste_group,-6.6616898200504995,0.00856555621078967,converged,-6.610206260460428,0.2573055784357611,west2599,converged,0.05148355959007134,0.19997645175710516,West Kewa,Papunesia,Nuclear Trans New Guinea,143.73,-6.32097,45000,other
rain_group,-6.603067545596872,0.011688275163570797,converged,-6.541981803796724,0.3074680479291571,taid1250,converged,0.06108574180014781,0.19853006576432186,Tai Dón,Eurasia,Tai-Kadai,103.570496667,21.84898,490000,other
smell_group,-6.4695167475009825,0.009740427525109643,converged,-6.423458072865684,0.2324363142449731,mala1479,converged,0.046058674635298225,0.19798234308082283,Central Malay,Eurasia,Austronesian,103,1.85856,10181000,other
rain_group,-6.603067545596872,0.011688275163570797,converged,-6.552365340510346,0.25735974812941403,gulf1241,converged,0.05070220508652579,0.1968062079209375,Gulf Arabic,Eurasia,Afro-Asiatic,47.5,30.17,2339000,other
wind_group,-5.9578521923046734,0.008998002000740201,converged,-5.91980739233553,0.1938976699942807,nort2952,converged,0.03804479996914356,0.19599978214176314,Northeast Maidu,North America,Maiduan,239.355,40.4102,100,hunter-gatherer
dance_group,-7.253315279651133,0.017805314144472898,converged,-7.209695465582112,0.2238141942041869,lush1249,converged,0.04361981406902071,0.19427916351164345,Mizo,Eurasia,Sino-Tibetan,92.6247,22.6138,541750,other
wind_group,-5.9578521923046734,0.008998002000740201,converged,-5.911531297585692,0.23873555291631968,fuyu1242,converged,0.046320894718981265,0.19388829389634207,Fuyug,Papunesia,isolate_fuyu1242,147.312,-8.6371,14000,other
rain_group,-6.603067545596872,0.011688275163570797,converged,-6.555773667695937,0.2442065665865952,ahte1237,converged,0.047293877900934866,0.19344197484163392,Ahtena,North America,Athabaskan-Eyak-Tlingit,215.111,61.7068,100,hunter-gatherer
snow_group,-7.416197459846801,0.016251105602529504,converged,-7.337845012850813,0.4053024159113012,sina1266,converged,0.07835244699598842,0.19316326722752838,Sinaugoro,Papunesia,Austronesian,147.861,-9.79791,18000,other
taste_group,-6.6616898200504995,0.00856555621078967,converged,-6.609832768190293,0.2696976012868404,hili1240,converged,0.05185705186020684,0.1921816048123669,Hiligaynon,Papunesia,Austronesian,122.974,10.4018,5770000,other
smell_group,-6.4695167475009825,0.009740427525109643,converged,-6.435224820703661,0.17935722228997417,beij1234,converged,0.03429192679732118,0.19091213293785636,Beijing Mandarin,Eurasia,Sino-Tibetan,116.1172766,39.9385466,27000000,other
ice_group,-7.612487188014121,0.01790479757416687,converged,-7.534495062276901,0.4154929789602841,ndau1241,converged,0.0779921257372207,0.18753580630824843,Ndau,Africa,Atlantic-Congo,33.1739,-20.1239,2380000,other
smell_group,-6.4695167475009825,0.009740427525109643,converged,-6.425205638181284,0.23634947184236402,yape1248,converged,0.044311109319698616,0.18732230395195912,Yapese,Papunesia,Austronesian,138.125,9.55811,6590,other
ice_group,-7.612487188014121,0.01790479757416687,converged,-7.574507514720874,0.20203441356606422,fili1244,converged,0.037979673293247806,0.18725226174587464,Filipino,Papunesia,Austronesian,123.464,12.265,109035343,other
smell_group,-6.4695167475009825,0.009740427525109643,converged,-6.414894900939777,0.2929600762896225,neng1238,converged,0.05462184656120517,0.1863451204564359,Nengone,Papunesia,Austronesian,167.964,-21.5305,6500,other
ice_group,-7.612487188014121,0.01790479757416687,converged,-7.519636803548924,0.4984328022996335,adyg1241,converged,0.09285038446519778,0.1861645836980741,Adyghe,Eurasia,Abkhaz-Adyge,39.33,44,475300,other
smell_group,-6.4695167475009825,0.009740427525109643,converged,-6.4223436827386555,0.2543962554503426,busa1253,converged,0.047173064762326966,0.1852956708957483,Busa,Africa,Mande,4.39929,9.91074,40000,hunter-gatherer
smell_group,-6.4695167475009825,0.009740427525109643,converged,-6.426410265311792,0.23243606756792673,kwom1262,converged,0.043106482189190665,0.18529259590496605,Kwoma,Papunesia,Sepik,142.664,-4.08721,3000,hunter-gatherer
wind_group,-5.9578521923046734,0.008998002000740201,converged,-5.92496675385919,0.17726240422535677,ukra1253,converged,0.03288543844548375,0.18527985569114294,Ukrainian,Eurasia,Indo-European,29.945,49.796,31651360,other
smell_group,-6.4695167475009825,0.009740427525109643,converged,-6.417906166594923,0.2790621796124142,bugh1239,converged,0.05161058090605941,0.18483038834456256,Bughotu,Papunesia,Austronesian,159.802,-8.47948,4050,other
dance_group,-7.253315279651133,0.017805314144472898,converged,-7.17813209118162,0.41599588955123923,isth1244,converged,0.07518318846951288,0.18056528372153052,Isthmus Zapotec,North America,Otomanguean,265.1556,16.4548,85000,other
rain_group,-6.603067545596872,0.011688275163570797,converged,-6.568076107734379,0.19392882292857777,shil1265,converged,0.0349914378624927,0.180107604567841,Shilluk,Africa,Nilotic,31.7926,9.85472,175000,other
rain_group,-6.603067545596872,0.011688275163570797,converged,-6.576889764891833,0.1449732813375121,akan1250,converged,0.026177780705038955,0.17998567015004077,Akan,Africa,Atlantic-Congo,-1.33254,6.34756,8300000,other
rain_group,-6.603067545596872,0.011688275163570797,converged,-6.552810724737066,0.27900715267482873,cent2087,converged,0.050256820859805984,0.1799695050230057,Coastal-Naga Bikol,Papunesia,Austronesian,123.403,13.7574,2500000,other
smell_group,-6.4695167475009825,0.009740427525109643,converged,-6.432178421066651,0.2078129405425606,raro1241,converged,0.037338326434331215,0.17947573165051975,Southern Cook Island Maori,Papunesia,Austronesian,200.22,-21.23,32300,other
dance_group,-7.253315279651133,0.017805314144472898,converged,-7.236149745370297,0.09435368938622275,thai1261,converged,0.017165534280835892,0.17877227109513885,Thai,Eurasia,Tai-Kadai,100.671,14.192,20230000,other
snow_group,-7.416197459846801,0.016251105602529504,converged,-7.343787702421463,0.4053018780672382,kuku1273,converged,0.07240975742533795,0.17851291683679207,Kuku-Yalanji,Australia,Pama-Nyungan,145.188,-16.0036,240,hunter-gatherer
dance_group,-7.253315279651133,0.017805314144472898,converged,-7.181445060812342,0.4024083798523292,djin1253,converged,0.07187021883879119,0.17842563005352685,Djinang,Australia,Pama-Nyungan,134.82,-12.462,120,hunter-gatherer
snow_group,-7.416197459846801,0.016251105602529504,converged,-7.365845979378531,0.28200175883165834,esse1265,converged,0.05035148046826965,0.17825449386302883,Essex,Eurasia,Indo-European,-1,53,1832751,other
snow_group,-7.416197459846801,0.016251105602529504,converged,-7.34429961417504,0.4053018318858941,mand1413,converged,0.07189784567176094,0.17725091288227066,Manda,Eurasia,Dravidian,83.6749,20.0962,4040,other
smell_group,-6.4695167475009825,0.009740427525109643,converged,-6.432580468921656,0.21296530537484826,sund1252,converged,0.036936278579326576,0.17325688685119803,Sundanese,Papunesia,Austronesian,107.106,-6.89708,34000000,other
taste_group,-6.6616898200504995,0.00856555621078967,converged,-6.612509857357702,0.2856083350181455,esan1238,converged,0.04917996269279712,0.17211633732119833,Esan,Africa,Atlantic-Congo,6.33917,6.25685,200000,other
taste_group,-6.6616898200504995,0.00856555621078967,converged,-6.6297382433940015,0.18612916978998337,giry1241,converged,0.03195157665649795,0.17148197147901817,Giryama,Africa,Atlantic-Congo,39.6648,-3.30638,623000,other
taste_group,-6.6616898200504995,0.00856555621078967,converged,-6.615653530618933,0.269696870920653,tumu1242,converged,0.04603628943156668,0.1706103914608142,Tumulung Sisaala,Africa,Atlantic-Congo,-1.79707,10.63451,105000,other
dance_group,-7.253315279651133,0.017805314144472898,converged,-7.190184286104722,0.3726084489647183,siee1239,converged,0.0631309935464115,0.16923673711799533,Sie,Papunesia,Austronesian,169.166,-18.8181,1900,other
snow_group,-7.416197459846801,0.016251105602529504,converged,-7.347802824470364,0.4053015164825816,lena1238,converged,0.06839463537643731,0.16861452331943938,Lenakel,Papunesia,Austronesian,169.261,-19.4763,11500,other
wind_group,-5.9578521923046734,0.008998002000740201,converged,-5.927019315831498,0.18647968339385437,surs1246,converged,0.03083287647317512,0.16514960335406198,Sursurunga,Papunesia,Austronesian,152.768,-3.99078,3000,other
rain_group,-6.603067545596872,0.011688275163570797,converged,-6.560963756436002,0.25559084209886257,cham1312,converged,0.04210378916086999,0.1645592327726529,Chamorro,Papunesia,Austronesian,144.74474,13.438011,76700,other
rain_group,-6.603067545596872,0.011688275163570797,converged,-6.569642053277019,0.20371092342755442,yaga1260,converged,0.0334254923198527,0.16381354178008373,Yagaria,Papunesia,Nuclear Trans New Guinea,145.388,-6.32432,21100,other
smell_group,-6.4695167475009825,0.009740427525109643,converged,-6.423180041627526,0.2833022331255069,west2443,converged,0.04633670587345673,0.16346268151380627,Western Victoria,Australia,Pama-Nyungan,143.6694397,-34.13829932,2000,hunter-gatherer
rain_group,-6.603067545596872,0.011688275163570797,converged,-6.552790648231512,0.30746677288618574,rung1259,converged,0.05027689736536001,0.1634017493930208,Rungus,Papunesia,Austronesian,116.743,6.83989,15000,other
taste_group,-6.6616898200504995,0.00856555621078967,converged,-6.631876406483691,0.1827603762424793,gras1249,converged,0.029813413566808222,0.1629495640563115,Grass Koiari,Papunesia,Koiarian,147.437,-9.51218,1700,other
taste_group,-6.6616898200504995,0.00856555621078967,converged,-6.650256773977197,0.07015517431353398,kore1280,converged,0.011433046073302755,0.16176669431065063,Korean,Eurasia,Koreanic,126.98,37.54,65236300,other
smell_group,-6.4695167475009825,0.009740427525109643,converged,-6.450154772088176,0.12228052131015142,nucl1417,converged,0.019361975412806487,0.15784066613727263,Igbo,Africa,Atlantic-Congo,7.23441,4.62705,18000000,other
wind_group,-5.9578521923046734,0.008998002000740201,converged,-5.92182616265596,0.22813641477019628,gaam1241,converged,0.036026029648713376,0.15779173599411506,Gaam,Africa,Eastern Jebel,33.9797,11.4674,67200,other
smell_group,-6.4695167475009825,0.009740427525109643,converged,-6.442692130093817,0.16993958313086496,cree1270,converged,0.026824617407165796,0.15758931820277264,Creek,North America,Muskogean,272.5,31,4300,other
taste_group,-6.6616898200504995,0.00856555621078967,converged,-6.624143848281518,0.23916057264930451,nyan1307,converged,0.037545971768981445,0.15689005091771582,Nyankole,Africa,Atlantic-Congo,30.548,-0.46364,2330000,other
snow_group,-7.416197459846801,0.016251105602529504,converged,-7.35259978729382,0.40530108638727985,dima1251,converged,0.06359767255298099,0.1567886508051203,Dimasa,Eurasia,Sino-Tibetan,93.1806,25.4198,106000,other
dance_group,-7.253315279651133,0.017805314144472898,converged,-7.196237036374472,0.36515472740330285,sema1266,converged,0.05707824327666078,0.15612698976344358,Semai,Eurasia,Austroasiatic,101.477,4.13257,43900,other
smell_group,-6.4695167475009825,0.009740427525109643,converged,-6.455144220152901,0.09155732329521261,amha1245,converged,0.014372527348081476,0.15609758593141218,Amharic,Africa,Afro-Asiatic,39.543456,11.708182,17400000,other
snow_group,-7.416197459846801,0.016251105602529504,converged,-7.357857032005441,0.37954365498116455,west2599,converged,0.058340427841359954,0.1535713261415239,West Kewa,Papunesia,Nuclear Trans New Guinea,143.73,-6.32097,45000,other
taste_group,-6.6616898200504995,0.00856555621078967,converged,-6.617651763180282,0.29198141807262623,ipai1240,converged,0.044038056870217446,0.1507600032721286,Ipai,North America,Cochimi-Yuman,243.007,33.005,3200,other
wind_group,-5.9578521923046734,0.008998002000740201,converged,-5.927439794307054,0.2065284468319157,doro1266,converged,0.030412397997619856,0.14711569141200093,Doromu-Koki,Papunesia,Manubaran,147.986,-9.56687,1500,other
taste_group,-6.6616898200504995,0.00856555621078967,converged,-6.619813353705889,0.2856073200340001,muru1266,converged,0.041876466344610286,0.14655663005414205,Muruwari,Australia,Pama-Nyungan,146.546,-28.9618,2000,hunter-gatherer
rain_group,-6.603067545596872,0.011688275163570797,converged,-6.558549720930884,0.30356385707372907,nort2943,converged,0.04451782466598786,0.14654202396032753,North Alaskan Inupiatun,North America,Eskimo-Aleut,216.23,69.582,6420,hunter-gatherer
snow_group,-7.416197459846801,0.016251105602529504,converged,-7.357373849077068,0.4053006603882649,rade1240,converged,0.05882361076973286,0.1450192102345798,Rade,Eurasia,Austronesian,108.41,12.979,270000,other
wind_group,-5.9578521923046734,0.008998002000740201,converged,-5.921170416331078,0.25342638055499606,shat1244,converged,0.03668177597359534,0.14465217318640142,Shatt,Africa,Dajuic,29.7687,10.8525,15000,other
dance_group,-7.253315279651133,0.017805314144472898,converged,-7.206750615553825,0.3217964133223325,sana1295,converged,0.04656466409730786,0.1444812500507143,Sanaani Arabic,Eurasia,Afro-Asiatic,44.8412,15.6552,7600000,other
taste_group,-6.6616898200504995,0.00856555621078967,converged,-6.618778922326044,0.29904070276459077,mail1248,converged,0.042910897724455666,0.14343634526575366,Mailu,Papunesia,Mailuan,149.521,-10.3657,8500,other
ice_group,-7.612487188014121,0.01790479757416687,converged,-7.571547504412076,0.2861403156694767,shil1265,converged,0.04093968360204503,0.14279626985745683,Shilluk,Africa,Nilotic,31.7926,9.85472,175000,other
snow_group,-7.416197459846801,0.016251105602529504,converged,-7.3583115137688875,0.4053005769572049,rung1259,converged,0.05788594607791353,0.14270759307872846,Rungus,Papunesia,Austronesian,116.743,6.83989,15000,other
snow_group,-7.416197459846801,0.016251105602529504,converged,-7.358455691870365,0.405300564135534,lega1249,converged,0.057741767976436265,0.1423521518884075,Lega-Shabunda,Africa,Atlantic-Congo,27.1424,-3.83196,400000,other
dance_group,-7.253315279651133,0.017805314144472898,converged,-7.191867088898548,0.43237834247130913,powh1243,converged,0.061448190752584786,0.14199637067325757,Powhatan,North America,Algic,282.79248,36.99422,8000,other
taste_group,-6.6616898200504995,0.00856555621078967,converged,-6.629336740249193,0.2302438679070454,kosa1249,converged,0.03235307980130653,0.14041943888747704,Kosarek Yale,Papunesia,Nuclear Trans New Guinea,139.645,-4.06603,2300,other
dance_group,-7.253315279651133,0.017805314144472898,converged,-7.194857456839582,0.4159941653538105,fuyu1242,converged,0.0584578228115511,0.14039703883862034,Fuyug,Papunesia,isolate_fuyu1242,147.312,-8.6371,14000,other
ice_group,-7.612487188014121,0.01790479757416687,converged,-7.551754117180657,0.43914297039792016,heil1246,converged,0.06073307083346435,0.13818427583320758,Heiltsuk-Oowekyala,North America,Wakashan,232.779,51.7045,300,hunter-gatherer
dance_group,-7.253315279651133,0.017805314144472898,converged,-7.203728420821555,0.3585694297887914,kili1268,converged,0.04958685882957781,0.13812063332763136,Kiliwa,North America,Cochimi-Yuman,244.877,30.5471,100,hunter-gatherer
taste_group,-6.6616898200504995,0.00856555621078967,converged,-6.618187630445515,0.3157461841186718,thom1243,converged,0.04350218960498431,0.13772515202823304,Thompson,North America,Salishan,239.807,50.1668,720,hunter-gatherer
snow_group,-7.416197459846801,0.016251105602529504,converged,-7.360472005659246,0.405300385019488,bond1245,converged,0.055725454187554924,0.13738134623571718,Bondo,Eurasia,Austroasiatic,83.8141,19.1512,9000,other
taste_group,-6.6616898200504995,0.00856555621078967,converged,-6.61957025896059,0.30690975182111874,powh1243,converged,0.04211956108990922,0.1371841938851789,Powhatan,North America,Algic,282.79248,36.99422,8000,other
smell_group,-6.4695167475009825,0.009740427525109643,converged,-6.435214817404146,0.24997685489177404,nung1283,converged,0.03430193009683613,0.13711637217649203,Nung,Eurasia,Tai-Kadai,104.286,20.8965,856000,other
wind_group,-5.9578521923046734,0.008998002000740201,converged,-5.937898954419661,0.1461629245662577,clas1252,converged,0.019953237885012243,0.13625572667634323,Classical Syriac,Eurasia,Afro-Asiatic,42.1432,37.1129,200000,other
taste_group,-6.6616898200504995,0.00856555621078967,converged,-6.621468112739113,0.2990402997274947,kara1499,converged,0.04022170731138619,0.13444748938569873,Kalamang,Papunesia,West Bomberai,132.678,-3.47037,240,other
rain_group,-6.603067545596872,0.011688275163570797,converged,-6.591898737599127,0.08225116237656503,maor1246,converged,0.011168807997744779,0.13443843670911296,Maori,Papunesia,Austronesian,176.541,-38.2881,60000,other
smell_group,-6.4695167475009825,0.009740427525109643,converged,-6.457244099925315,0.09333104922181167,soma1255,converged,0.01227264757566715,0.130785547885314,Somali,Africa,Afro-Asiatic,45.152856,4.778704,13742400,other
taste_group,-6.6616898200504995,0.00856555621078967,converged,-6.643507381773001,0.13961473613797293,dzon1239,converged,0.018182438277498214,0.12998853708351202,Dzongkha,Eurasia,Sino-Tibetan,89.581604,27.410786,160300,other
wind_group,-5.9578521923046734,0.008998002000740201,converged,-5.939236163861304,0.14359184276070988,monn1252,converged,0.01861602844336918,0.12939165056226515,Mon,Eurasia,Austroasiatic,98.122465,15.49394,851000,other
ice_group,-7.612487188014121,0.01790479757416687,converged,-7.558056751950041,0.4262969251098317,vlaa1240,converged,0.05443043606408082,0.12756951056797472,Western Flemish,Eurasia,Indo-European,3.11345,51.0754,6132000,other
taste_group,-6.6616898200504995,0.00856555621078967,converged,-6.62388586433343,0.30690907758202196,wers1238,converged,0.03780395571706929,0.12312845720243934,Wersing,Papunesia,Timor-Alor-Pantar,124.932,-8.33936,3700,other
dance_group,-7.253315279651133,0.017805314144472898,converged,-7.210009472005598,0.352706536241864,saur1248,converged,0.04330580764553549,0.12262526376149573,Saurashtra,Eurasia,Indo-European,77.9427,9.99172,310000,other
smell_group,-6.4695167475009825,0.009740427525109643,converged,-6.435324024965267,0.27905975298896646,pang1290,converged,0.0341927225357157,0.12245374810065156,Pangasinan,Papunesia,Austronesian,120.365,15.9377,1160000,other
snow_group,-7.416197459846801,0.016251105602529504,converged,-7.36714002005022,0.4052997952417986,thay1249,converged,0.04905743979658084,0.12094270045600415,Thayore,Australia,Pama-Nyungan,142.034,-14.8159,150,hunter-gatherer
wind_group,-5.9578521923046734,0.008998002000740201,converged,-5.927284943351846,0.25342513039469355,dhar1247,converged,0.030567248952827697,0.12054053154813373,Dhargari,Australia,Pama-Nyungan,114.847,-24.0601,100,hunter-gatherer
rain_group,-6.603067545596872,0.011688275163570797,converged,-6.59421029527065,0.07297750683350814,viet1252,converged,0.008857250326221866,0.11984222439724466,Vietnamese,Eurasia,Austroasiatic,105.774071,20.681188,67954200,other
taste_group,-6.6616898200504995,0.00856555621078967,converged,-6.647766094454078,0.11714331755353669,newa1246,converged,0.0139237255964213,0.11854412461520207,Kathmandu Valley Newari,Eurasia,Sino-Tibetan,85.326,27.67,839000,other
wind_group,-5.9578521923046734,0.008998002000740201,converged,-5.94419205263752,0.115663345647997,slov1269,converged,0.013660139667153182,0.11774681532906688,Slovak,Eurasia,Indo-European,18.78479,48.545705,4701800,other
smell_group,-6.4695167475009825,0.009740427525109643,converged,-6.437701260950614,0.2715265475630719,utes1238,converged,0.03181548655036881,0.11709733551622467,Ute-Southern Paiute,North America,Uto-Aztecan,249.695,40.0965,1980,hunter-gatherer
taste_group,-6.6616898200504995,0.00856555621078967,converged,-6.630125428927255,0.26969507335335446,kosr1238,converged,0.031564391123244384,0.11697834576853555,Kosraean,Papunesia,Austronesian,162.98,5.31,8000,other
smell_group,-6.4695167475009825,0.009740427525109643,converged,-6.443966916055686,0.2185180218502137,bara1370,converged,0.025549831445296434,0.11680723717880998,Baram Kayan,Papunesia,Austronesian,114.482,3.51211,4150,other
taste_group,-6.6616898200504995,0.00856555621078967,converged,-6.640798270370061,0.17912451292437354,mara1382,converged,0.020891549680438715,0.11649831906346618,Mara Chin,Eurasia,Sino-Tibetan,93.0387,22.1138,42000,other
wind_group,-5.9578521923046734,0.008998002000740201,converged,-5.933917590440521,0.2058408758310181,kwai1243,converged,0.02393460186415286,0.11616626993387949,Kwaio,Papunesia,Austronesian,160.965,-8.93744,13200,other
rain_group,-6.603067545596872,0.011688275163570797,converged,-6.576284413801016,0.23551656573595156,uigh1240,converged,0.026783131795856008,0.11358101108271337,Uighur,Eurasia,Turkic,87.38,43.88,8701000,other
dance_group,-7.253315279651133,0.017805314144472898,converged,-7.211950828012146,0.3651535655399582,paiw1248,converged,0.041364451638987276,0.11314517488363297,Paiwan,Papunesia,Austronesian,120.806,22.3271,66100,other
smell_group,-6.4695167475009825,0.009740427525109643,converged,-6.435326075937847,0.3045972435352244,sout2859,converged,0.03419067156313549,0.11219143988348478,Southeast Ambrym,Papunesia,Austronesian,168.211,-16.2975,3700,other
smell_group,-6.4695167475009825,0.009740427525109643,converged,-6.443220749145194,0.23498567918185298,agus1235,converged,0.02629599835578844,0.11180867127507102,Agusan Manobo,Papunesia,Austronesian,125.742,8.62731,60000,other
dance_group,-7.253315279651133,0.017805314144472898,converged,-7.214410510996526,0.35270624414640767,tosk1239,converged,0.038904768654607125,0.1101633179951914,Northern Tosk Albanian,Eurasia,Indo-European,20,41,2915000,other
ice_group,-7.612487188014121,0.01790479757416687,converged,-7.560563642294556,0.4739294909404432,cayu1262,converged,0.051923545719565034,0.10948153981748043,Cayubaba,South America,isolate_cayu1262,294.51779999999997,-13.2482,1246,other
snow_group,-7.416197459846801,0.016251105602529504,converged,-7.37198757006875,0.40529936894330504,giky1238,converged,0.04420988977805074,0.10899201209144854,Gikyode,Africa,Atlantic-Congo,0.56975,8.39478,10400,other
ice_group,-7.612487188014121,0.01790479757416687,converged,-7.565461766347941,0.43914204427584685,west2599,converged,0.04702542166618073,0.1069958661895139,West Kewa,Papunesia,Nuclear Trans New Guinea,143.73,-6.32097,45000,other
snow_group,-7.416197459846801,0.016251105602529504,converged,-7.372911637912037,0.4052992879140258,kapi1249,converged,0.043285821934763824,0.10671390028518445,Kapingamarangi,Papunesia,Austronesian,154.797223,1.039166,3000,other
ice_group,-7.612487188014121,0.01790479757416687,converged,-7.564184017411601,0.45468907213837023,kosr1238,converged,0.04830317060252032,0.10615114095693066,Kosraean,Papunesia,Austronesian,162.98,5.31,8000,other
smell_group,-6.4695167475009825,0.009740427525109643,converged,-6.4446710011150925,0.2424775796223632,tain1252,converged,0.02484574638588999,0.10238358664420899,Tai Nüa,Eurasia,Tai-Kadai,99.722,21.7837,647400,other
smell_group,-6.4695167475009825,0.009740427525109643,converged,-6.4426217947510285,0.26503292889678826,bret1244,converged,0.026894952749954015,0.10140931483731945,Breton,Eurasia,Indo-European,-3.78934,48.2452,500000,other
rain_group,-6.603067545596872,0.011688275163570797,converged,-6.572656780804201,0.30356228121799494,mele1250,converged,0.030410764792670797,0.10010547811996123,Mele-Fila,Papunesia,Austronesian,168.275,-17.6841,3500,other
snow_group,-7.416197459846801,0.016251105602529504,converged,-7.375749579525476,0.4052990395292335,gaam1241,converged,0.040447880321324625,0.09971749444570578,Gaam,Africa,Eastern Jebel,33.9797,11.4674,67200,other
rain_group,-6.603067545596872,0.011688275163570797,converged,-6.571099311674775,0.32151300520934356,devo1240,converged,0.0319682339220968,0.09936496978310465,Devon,Eurasia,Indo-European,-1,53,1194166,other
ice_group,-7.612487188014121,0.01790479757416687,converged,-7.562998443031991,0.49842884767876827,djiw1241,converged,0.049488744982130406,0.09922548693952438,Djiwarli,Australia,Pama-Nyungan,116.98858,-24.10724,2000,other
smell_group,-6.4695167475009825,0.009740427525109643,converged,-6.4421611651005275,0.2790588119373603,yand1253,converged,0.027355582400454992,0.09796835789998498,Yandruwandha,Australia,Pama-Nyungan,140.583,-28.4744,2000,hunter-gatherer
ice_group,-7.612487188014121,0.01790479757416687,converged,-7.567965320562607,0.45468879630538767,sanz1248,converged,0.04452186745151465,0.09784140111583509,Sanzhi,Eurasia,Nakh-Daghestanian,47.5667,41.97796,596000,other
wind_group,-5.9578521923046734,0.008998002000740201,converged,-5.93590147136442,0.225224179779657,iraq1241,converged,0.021950720940253632,0.09738396671618502,Iraqw,Africa,Afro-Asiatic,35.2939,-4.19948,462000,other
smell_group,-6.4695167475009825,0.009740427525109643,converged,-6.444490817994726,0.2568067858669987,tele1256,converged,0.02502592950625626,0.09738040038964227,Telefol,Papunesia,Nuclear Trans New Guinea,141.731,-5.07444,5400,other
snow_group,-7.416197459846801,0.016251105602529504,converged,-7.376740959408389,0.4052989529267784,moki1238,converged,0.03945650043841198,0.09727343364882116,Mokilese,Papunesia,Austronesian,159.776,6.65651,1050,other
rain_group,-6.603067545596872,0.011688275163570797,converged,-6.573666464764838,0.3035621692791988,kokb1239,converged,0.02940108083203352,0.09678185858541268,Kok Borok,Eurasia,Sino-Tibetan,91.4673,23.1916,696000,other
smell_group,-6.4695167475009825,0.009740427525109643,converged,-6.4594333617753446,0.10418072038109107,laoo1244,converged,0.010083385725637939,0.09636716896843744,Lao,Eurasia,Tai-Kadai,102.46,19,3149000,other
taste_group,-6.6616898200504995,0.00856555621078967,converged,-6.630627535570308,0.3257501746141658,lopi1242,converged,0.03106228448019177,0.09532320755568517,Lopit,Africa,Nilotic,32.7534,4.6986,50000,other
snow_group,-7.416197459846801,0.016251105602529504,converged,-7.378508839765633,0.40529879870560703,nucl1418,converged,0.03768862008116791,0.09291505421929216,Bassa,Africa,Kru,-11.543,7.27501,403000,other
snow_group,-7.416197459846801,0.016251105602529504,converged,-7.406485941146725,0.10339325129091353,maor1246,converged,0.009711518700076027,0.09278880294511382,Maori,Papunesia,Austronesian,176.541,-38.2881,60000,other
snow_group,-7.416197459846801,0.016251105602529504,converged,-7.3793563134754185,0.40529872487277196,mart1256,converged,0.03684114637138247,0.09082576458906522,Martu Wangka,Australia,Pama-Nyungan,123.66842240336,-23.350911655789,720,hunter-gatherer
smell_group,-6.4695167475009825,0.009740427525109643,converged,-6.442691491890762,0.30459602371765504,mand1425,converged,0.026825255610220644,0.08802331029688068,Mandari,Africa,Nilotic,31.2327,5.83656,70000,other
dance_group,-7.253315279651133,0.017805314144472898,converged,-7.22160536894219,0.37260600000236427,tele1256,converged,0.031709910708943134,0.08500605981622353,Telefol,Papunesia,Nuclear Trans New Guinea,141.731,-5.07444,5400,other
ice_group,-7.612487188014121,0.01790479757416687,converged,-7.586552735314321,0.30641270840970875,beij1234,converged,0.02593445269980066,0.08449482885656744,Beijing Mandarin,Eurasia,Sino-Tibetan,116.1172766,39.9385466,27000000,other
snow_group,-7.416197459846801,0.016251105602529504,converged,-7.39676469141663,0.23151899620512112,mand1436,converged,0.019432768430171166,0.08372993666466119,Mandinka,Africa,Mande,-15.6539466667,12.8165233333,1346000,other
dance_group,-7.253315279651133,0.017805314144472898,converged,-7.225180201739328,0.33841605219272425,mala1479,converged,0.028135077911804807,0.08302270722568113,Central Malay,Eurasia,Austronesian,103,1.85856,10181000,other
smell_group,-6.4695167475009825,0.009740427525109643,converged,-6.444970915867365,0.29848973113689314,kudm1238,converged,0.024545831633617787,0.08218967161436116,Kudmali,Eurasia,Indo-European,87.33,25.92,37000,other
smell_group,-6.4695167475009825,0.009740427525109643,converged,-6.449204184096655,0.2543933133882016,sout2789,converged,0.0203125634043273,0.07978861555012334,Central Dagaare,Africa,Atlantic-Congo,-2.52265,10.4226,700000,other
taste_group,-6.6616898200504995,0.00856555621078967,converged,-6.6434199785040375,0.23024264430272803,wamp1247,converged,0.01826984154646194,0.07929552701752018,Wampar,Papunesia,Austronesian,146.662,-6.67364,5150,other
ice_group,-7.612487188014121,0.01790479757416687,converged,-7.5705702331476,0.5308312363916737,suda1236,converged,0.04191695486652147,0.0789198674903724,Sudanese Arabic,Africa,Afro-Asiatic,33.3179,17.8021,16520000,other
wind_group,-5.9578521923046734,0.008998002000740201,converged,-5.940024348707276,0.22969125208825197,thay1249,converged,0.017827843597397752,0.07755706672168533,Thayore,Australia,Pama-Nyungan,142.034,-14.8159,150,hunter-gatherer
wind_group,-5.9578521923046734,0.008998002000740201,converged,-5.947457883876344,0.13587760793480602,lush1249,converged,0.01039430842832978,0.07633040016246988,Mizo,Eurasia,Sino-Tibetan,92.6247,22.6138,541750,other
taste_group,-6.6616898200504995,0.00856555621078967,converged,-6.650425562662419,0.14794017733777978,mara1404,converged,0.011264257388080345,0.07601332184814723,Maranao,Papunesia,Austronesian,124.175,7.79414,776000,other
taste_group,-6.6616898200504995,0.00856555621078967,converged,-6.637150996313525,0.3257490675479675,bord1248,converged,0.024538823736974358,0.0753044205040859,Border Kuna,South America,Chibchan,282.8336,7.92993,1200,hunter-gatherer
taste_group,-6.6616898200504995,0.00856555621078967,converged,-6.647242649126614,0.19452552997158118,kala1397,converged,0.014447170923885366,0.07419686952839469,Kalam,Papunesia,Nuclear Trans New Guinea,144.585,-5.25216,15000,other
taste_group,-6.6616898200504995,0.00856555621078967,converged,-6.64687335127399,0.20136870525355882,latv1249,converged,0.014816468776509772,0.07351232997977138,Latvian,Eurasia,Indo-European,24.309118,56.826108,1398450,other
smell_group,-6.4695167475009825,0.009740427525109643,converged,-6.452246496034202,0.24794732258412341,tivv1240,converged,0.01727025146678063,0.06959922174501051,Tiv,Africa,Atlantic-Congo,9.26287,6.88039,2210000,other
taste_group,-6.6616898200504995,0.00856555621078967,converged,-6.6488620787409864,0.1863501851154688,tson1249,converged,0.01282774130951303,0.06876414813326956,Tsonga,Africa,Atlantic-Congo,31.8105,-23.5754,3650000,other
wind_group,-5.9578521923046734,0.008998002000740201,converged,-5.940681303736712,0.2505885742098958,daka1243,converged,0.017170888567961562,0.06847810081761901,Dakaka,Papunesia,Austronesian,168.013,-16.2696,1200,other
rain_group,-6.603067545596872,0.011688275163570797,converged,-6.590951001094404,0.17983975899023186,nort2646,converged,0.012116544502467796,0.06723226771629828,Northern Pashto,Eurasia,Indo-European,71.33,34,9590000,other
rain_group,-6.603067545596872,0.011688275163570797,converged,-6.581056485270745,0.3271871746504922,teee1242,converged,0.022011060326127208,0.06723071849560658,Tee,Africa,Atlantic-Congo,7.37553,4.73213,313000,other
taste_group,-6.6616898200504995,0.00856555621078967,converged,-6.645589140887848,0.2417228671128891,tosk1239,converged,0.016100679162651232,0.06656623054054475,Northern Tosk Albanian,Eurasia,Indo-European,20,41,2915000,other
smell_group,-6.4695167475009825,0.009740427525109643,converged,-6.4522739714077755,0.26816256980211245,sanz1248,converged,0.017242776093207013,0.06425733736231103,Sanzhi,Eurasia,Nakh-Daghestanian,47.5667,41.97796,596000,other
ice_group,-7.612487188014121,0.01790479757416687,converged,-7.580634448951068,0.4984272876644799,zuni1245,converged,0.03185273906305319,0.06386529754533639,Zuni,North America,isolate_zuni1245,251.218,35.0056,9650,other
wind_group,-5.9578521923046734,0.008998002000740201,converged,-5.942050784802678,0.2479278857563521,java1254,converged,0.015801407501995435,0.06369195285515873,Javanese,Papunesia,Austronesian,109.287,-7.001,84300000,other
taste_group,-6.6616898200504995,0.00856555621078967,converged,-6.644057026073326,0.27981668014510164,lena1238,converged,0.017632793977173655,0.06298601763985334,Lenakel,Papunesia,Austronesian,169.261,-19.4763,11500,other
snow_group,-7.416197459846801,0.016251105602529504,converged,-7.403426158341736,0.20362604824615677,bini1246,converged,0.012771301505065225,0.06252059627014395,Bini,Africa,Atlantic-Congo,5.70426,6.40701,1000000,other
rain_group,-6.603067545596872,0.011688275163570797,converged,-6.587237571351426,0.26484015859998833,jica1244,converged,0.015829974245446188,0.05971367936872016,Jicarilla Apache,North America,Athabaskan-Eyak-Tlingit,252.993,36.8079,680,hunter-gatherer
smell_group,-6.4695167475009825,0.009740427525109643,converged,-6.459683131999904,0.1801660931587096,mara1382,converged,0.009833615501078086,0.05450124134142655,Mara Chin,Eurasia,Sino-Tibetan,93.0387,22.1138,42000,other
taste_group,-6.6616898200504995,0.00856555621078967,converged,-6.644479896923336,0.3157419245557674,arik1262,converged,0.017209923127163407,0.05448625122441719,Arikara,North America,Caddoan,260,45,100,other
snow_group,-7.416197459846801,0.016251105602529504,converged,-7.394141571108883,0.405297446779947,djin1251,converged,0.02205588873791786,0.054375323860518264,Jingulu,Australia,Mirndi,133.659,-17.165,100,hunter-gatherer
wind_group,-5.9578521923046734,0.008998002000740201,converged,-5.946375801694435,0.21475865972364033,paiw1248,converged,0.011476390610238418,0.05339170349988507,Paiwan,Papunesia,Austronesian,120.806,22.3271,66100,other
rain_group,-6.603067545596872,0.011688275163570797,converged,-6.589255661744909,0.26246468992441024,bisl1239,converged,0.013811883851962747,0.052571675691380874,Bislama,Papunesia,Indo-European,166.89,-15.4,1200,other
smell_group,-6.4695167475009825,0.009740427525109643,converged,-6.45760066891612,0.2289880291689043,sume1241,converged,0.011916078584862433,0.05199098337604631,Sumerian,Eurasia,isolate_sume1241,45.6667,31.3,1150000,other
snow_group,-7.416197459846801,0.016251105602529504,converged,-7.409513356451887,0.13288694650991403,xhos1239,converged,0.006684103394913876,0.04992721422778829,Xhosa,Africa,Atlantic-Congo,28.0769,-31.0389,7808000,other
wind_group,-5.9578521923046734,0.008998002000740201,converged,-5.946041589244118,0.23872949844443206,didi1258,converged,0.011810603060555813,0.049437638983958615,Didinga,Africa,Surmic,33.6869,4.21489,60000,other
taste_group,-6.6616898200504995,0.00856555621078967,converged,-6.647154187372308,0.30690549199531,bafa1249,converged,0.014535632678191135,0.047343482596223486,Bafanji,Africa,Atlantic-Congo,10.4518,5.84612,17000,other
smell_group,-6.4695167475009825,0.009740427525109643,converged,-6.459382023090217,0.2164973856724635,mbay1241,converged,0.010134724410765905,0.04676491881957706,Mbay,Africa,Central Sudanic,15.7328,8.23066,88300,other
taste_group,-6.6616898200504995,0.00856555621078967,converged,-6.649231682190905,0.26969273962566576,malo1243,converged,0.012458137859594487,0.04617053915228122,Tamambo,Papunesia,Austronesian,167.16,-15.6835,4000,other
wind_group,-5.9578521923046734,0.008998002000740201,converged,-5.946320112241763,0.2534212870531204,sout2859,converged,0.011532080062910843,0.04547691282227004,Southeast Ambrym,Papunesia,Austronesian,168.211,-16.2975,3700,other
rain_group,-6.603067545596872,0.011688275163570797,converged,-6.598228133943923,0.1067354196756851,cebu1242,converged,0.004839411652948655,0.045070825336258176,Cebuano,Papunesia,Austronesian,124.367,8.38799,15800000,other
ice_group,-7.612487188014121,0.01790479757416687,converged,-7.597275684237786,0.3449618229437614,kips1239,converged,0.015211503776335178,0.04403691717877468,Kipsigis,Africa,Nilotic,35.258532,-0.35774,471000,other
wind_group,-5.9578521923046734,0.008998002000740201,converged,-5.947915841788316,0.23132280242903575,taid1250,converged,0.009936350516357884,0.04292201979025965,Tai Dón,Eurasia,Tai-Kadai,103.570496667,21.84898,490000,other
ice_group,-7.612487188014121,0.01790479757416687,converged,-7.59141460282993,0.4984263475501653,isth1244,converged,0.021072585184191084,0.04225098053000029,Isthmus Zapotec,North America,Otomanguean,265.1556,16.4548,85000,other
smell_group,-6.4695167475009825,0.009740427525109643,converged,-6.4587523032896605,0.2568052082170957,yana1271,converged,0.010764444211321944,0.0418866487065625,Yana,North America,isolate_yana1271,238.392,39.2769,1500,hunter-gatherer
rain_group,-6.603067545596872,0.011688275163570797,converged,-6.589235326661272,0.3335014771936959,nort2810,converged,0.01383221893560016,0.041450286203723014,Northern Grebo,Africa,Kru,-8.1409,5.17103,84500,other
smell_group,-6.4695167475009825,0.009740427525109643,converged,-6.463174950434015,0.1555495322250877,lush1249,converged,0.0063417970669679136,0.04069057429502398,Mizo,Eurasia,Sino-Tibetan,92.6247,22.6138,541750,other
taste_group,-6.6616898200504995,0.00856555621078967,converged,-6.658214832044273,0.08917345482712849,xhos1239,converged,0.003474988006226809,0.03879032165807302,Xhosa,Africa,Atlantic-Congo,28.0769,-31.0389,7808000,other
ice_group,-7.612487188014121,0.01790479757416687,converged,-7.605225079994572,0.18652007071688198,oriy1255,converged,0.007262108019549629,0.03875656866554811,Odia,Eurasia,Indo-European,85,21,34463280,other
snow_group,-7.416197459846801,0.016251105602529504,converged,-7.400865924980899,0.40529687172235984,gari1256,converged,0.01533153486590244,0.03779754080456776,Garifuna,North America,Arawakan,273.09090000000003,15.3529,130800,other
taste_group,-6.6616898200504995,0.00856555621078967,converged,-6.655214961564339,0.17572838759846346,egyp1253,converged,0.006474858486160251,0.036802138008820894,Egyptian Arabic,Africa,Afro-Asiatic,31,31,53410000,other
ice_group,-7.612487188014121,0.01790479757416687,converged,-7.593336022196551,0.5308289867319792,shat1244,converged,0.01915116581757026,0.036057339363171126,Shatt,Africa,Dajuic,29.7687,10.8525,15000,other
rain_group,-6.603067545596872,0.011688275163570797,converged,-6.5941722827136315,0.24786317475439246,yama1264,converged,0.008895262883240385,0.035847959841362874,Yámana,South America,isolate_yama1264,291.7352,-55.2748,100,hunter-gatherer
wind_group,-5.9578521923046734,0.008998002000740201,converged,-5.94895231027973,0.2534207613223227,arik1262,converged,0.008899882024943295,0.035096877177239916,Arikara,North America,Caddoan,260,45,100,other
taste_group,-6.6616898200504995,0.00856555621078967,converged,-6.6525859845515605,0.26111793175505726,mala1533,converged,0.009103835498939006,0.03484609898865369,Malacca-Batavia Portuguese Creole,Eurasia,Indo-European,102.262059,2.188087,1000,other
wind_group,-5.9578521923046734,0.008998002000740201,converged,-5.950137536740232,0.23303608311061835,lari1255,converged,0.007714655564441841,0.033080332580209,Larike-Wakasihu,Papunesia,Austronesian,127.956,-3.76522,12600,other
smell_group,-6.4695167475009825,0.009740427525109643,converged,-6.459878735902568,0.2929531819499191,cung1238,converged,0.009638011598414487,0.032881324333022904,Chung,Africa,Atlantic-Congo,10.4104,6.59687,1400,other
dance_group,-7.253315279651133,0.017805314144472898,converged,-7.241251414758591,0.3726045074180159,turk1308,converged,0.012063864892541964,0.03234022727760555,Turkana,Africa,Nilotic,35.7101,4.30688,476200,other
rain_group,-6.603067545596872,0.011688275163570797,converged,-6.594709997096245,0.2613541754496894,iqui1243,converged,0.00835754850062731,0.03194593399361998,Iquito,South America,Zaparoan,286.02954,-3.31233,100,other
wind_group,-5.9578521923046734,0.008998002000740201,converged,-5.952798611521777,0.16001988173463402,tetu1245,converged,0.005053580782896638,0.03153114623490002,Tetum,Papunesia,Austronesian,125.528,-9.11217,450000,other
wind_group,-5.9578521923046734,0.008998002000740201,converged,-5.950311664502258,0.2454234910616014,shek1244,converged,0.007540527802415653,0.030703927040573637,Shekkacho,Africa,Ta-Ne-Omotic,35.3922,7.27424,54900,other
rain_group,-6.603067545596872,0.011688275163570797,converged,-6.595757788242656,0.24786310018245847,latv1249,converged,0.007309757354216018,0.02945837241527572,Latvian,Eurasia,Indo-European,24.309118,56.826108,1398450,other
wind_group,-5.9578521923046734,0.008998002000740201,converged,-5.951415912909319,0.22968948663606087,nucl1418,converged,0.006436279395354738,0.02800017729097984,Bassa,Africa,Kru,-11.543,7.27501,403000,other
rain_group,-6.603067545596872,0.011688275163570797,converged,-6.595140136079718,0.29357776969997196,lonw1238,converged,0.007927409517153983,0.026981382640714646,Lonwolwol,Papunesia,Austronesian,168.016,-16.2286,1200,other
dance_group,-7.253315279651133,0.017805314144472898,converged,-7.2429824560443095,0.39093515429091974,sanz1248,converged,0.010332823606823638,0.026403670787127933,Sanzhi,Eurasia,Nakh-Daghestanian,47.5667,41.97796,596000,other
ice_group,-7.612487188014121,0.01790479757416687,converged,-7.599767194042709,0.49842562607333774,wara1303,converged,0.012719993971412435,0.025503894746041134,Warao,South America,isolate_wara1303,300.6472,7.50851,33100,hunter-gatherer
taste_group,-6.6616898200504995,0.00856555621078967,converged,-6.659884067579161,0.07370365897066586,nucl1235,converged,0.0018057524713386286,0.02433637928292812,Eastern Armenian,Eurasia,Indo-European,45,40,4684400,other
taste_group,-6.6616898200504995,0.00856555621078967,converged,-6.658884133702231,0.13110126889812831,slov1269,converged,0.002805686348268388,0.02135537768209231,Slovak,Eurasia,Indo-European,18.78479,48.545705,4701800,other
taste_group,-6.6616898200504995,0.00856555621078967,converged,-6.655704150423927,0.2856024384676787,fore1270,converged,0.005985669626572765,0.0209486288151687,Fore,Papunesia,Nuclear Trans New Guinea,145.5065,-6.64473,17000,other
ice_group,-7.612487188014121,0.01790479757416687,converged,-7.603299101689851,0.473926122060129,kuku1273,converged,0.009188086324270373,0.01937334912704974,Kuku-Yalanji,Australia,Pama-Nyungan,145.188,-16.0036,240,hunter-gatherer
wind_group,-5.9578521923046734,0.008998002000740201,converged,-5.9539421286131455,0.20723369257454327,kxoe1243,converged,0.00391006369152791,0.018850135329561344,Kxoe,Africa,Khoe-Kwadi,22.599835,-16.59051,6590,hunter-gatherer
rain_group,-6.603067545596872,0.011688275163570797,converged,-6.596699899188424,0.34057461964609115,nugu1241,converged,0.006367646408447669,0.018685772229402972,Nugunu,Australia,Pama-Nyungan,133.908,-31.9899,100,hunter-gatherer
taste_group,-6.6616898200504995,0.00856555621078967,converged,-6.658592402969634,0.16643125201299688,shil1265,converged,0.0030974170808653056,0.01858619116947752,Shilluk,Africa,Nilotic,31.7926,9.85472,175000,other
rain_group,-6.603067545596872,0.011688275163570797,converged,-6.597271855529966,0.3117176754071884,nzim1238,converged,0.005795690066905834,0.01857969731484104,Nzima,Africa,Atlantic-Congo,-2.81123,5.1785,328700,other
smell_group,-6.4695167475009825,0.009740427525109643,converged,-6.464495031162631,0.2790557823740583,lari1255,converged,0.005021716338351467,0.017984432970975846,Larike-Wakasihu,Papunesia,Austronesian,127.956,-3.76522,12600,other
taste_group,-6.6616898200504995,0.00856555621078967,converged,-6.6567344472816465,0.27981503913288724,bond1245,converged,0.004955372768852939,0.01770116668893374,Bondo,Eurasia,Austroasiatic,83.8141,19.1512,9000,other
rain_group,-6.603067545596872,0.011688275163570797,converged,-6.601007663047607,0.12730828676084294,pali1273,converged,0.002059882549264813,0.016112505314298167,Pali,Eurasia,Indo-European,82.251,24.5271,22500000,other
snow_group,-7.416197459846801,0.016251105602529504,converged,-7.410543649677793,0.35292746066132874,kich1262,converged,0.005653810169008011,0.016002795076613313,K'iche',North America,Mayan,268.8304,14.5278,1900000,other
rain_group,-6.603067545596872,0.011688275163570797,converged,-6.599392072435365,0.23075437215054367,cent2128,converged,0.003675473161506737,0.01590768206585796,Central Siberian Yupik,Eurasia,Eskimo-Aleut,189.728,63.4308,1130,hunter-gatherer
ice_group,-7.612487188014121,0.01790479757416687,converged,-7.604168399504975,0.5308279341483434,jeha1242,converged,0.008318788509146025,0.015662439421518508,Jehai,Eurasia,Austroasiatic,101.541,5.63695,1000,hunter-gatherer
snow_group,-7.416197459846801,0.016251105602529504,converged,-7.411270279103962,0.3296588345379668,moro1292,converged,0.0049271807428388215,0.01492817475959227,Moroccan Arabic,Africa,Afro-Asiatic,-7.5,32.5,20140000,other
ice_group,-7.612487188014121,0.01790479757416687,converged,-7.605968784586458,0.4546860812286373,cher1273,converged,0.006518403427663522,0.014324950037803347,Cherokee,North America,Iroquoian,276.837,35.4664,16400,other
rain_group,-6.603067545596872,0.011688275163570797,converged,-6.599397086699185,0.2907209831041942,mexi1248,converged,0.0036704588976865793,0.01261517483233455,Mexican Spanish,Eurasia,Indo-European,-1.11788,40.4414,120000000,other
smell_group,-6.4695167475009825,0.009740427525109643,converged,-6.467265834502206,0.194634295596249,cent2128,converged,0.002250912998776222,0.011550377562100955,Central Siberian Yupik,Eurasia,Eskimo-Aleut,189.728,63.4308,1130,hunter-gatherer
dance_group,-7.253315279651133,0.017805314144472898,converged,-7.2502463990366675,0.3527039129695628,gwer1238,converged,0.003068880614465641,0.008689945000063815,Gwere,Africa,Atlantic-Congo,33.8227,1.11392,409000,other
dance_group,-7.253315279651133,0.017805314144472898,converged,-7.251039966845941,0.2775199247015312,mani1292,converged,0.002275312805192442,0.008181914283789261,Manipuri,Eurasia,Sino-Tibetan,93.3426,24.4409,1391000,other
taste_group,-6.6616898200504995,0.00856555621078967,converged,-6.660136937728532,0.24734606436978207,pulu1242,converged,0.001552882321967708,0.006274415701465557,Puluwatese,Papunesia,Austronesian,149.2005,7.35695,1360,other
ice_group,-7.612487188014121,0.01790479757416687,converged,-7.609729866746217,0.43913913863918697,atay1247,converged,0.002757321267904622,0.006273711447787954,Atayal,Papunesia,Austronesian,121.388,24.5209,84300,other
taste_group,-6.6616898200504995,0.00856555621078967,converged,-6.65981039695798,0.31573949206178564,suau1242,converged,0.0018794230925198718,0.0059502594149719885,Suau,Papunesia,Austronesian,150.21,-10.6606,6800,other
snow_group,-7.416197459846801,0.016251105602529504,converged,-7.414168335861507,0.34611096019068815,mung1266,converged,0.002029123985294312,0.0058561882727112885,Mungaka,Africa,Atlantic-Congo,10.0294,5.89752,50100,other
wind_group,-5.9578521923046734,0.008998002000740201,converged,-5.956592349545928,0.2201043017121514,mala1533,converged,0.0012598427587455774,0.005719067395938049,Malacca-Batavia Portuguese Creole,Eurasia,Indo-European,102.262059,2.188087,1000,other
ice_group,-7.612487188014121,0.01790479757416687,converged,-7.610102067722865,0.5308273623870476,bong1285,converged,0.0023851202912563707,0.004490658973425447,Bongo,Africa,Central Sudanic,27.9918,7.4145,10100,other
taste_group,-6.6616898200504995,0.00856555621078967,converged,-6.66057598445891,0.28560178923744234,enga1252,converged,0.0011138355915898401,0.003898207355018258,Enga,Papunesia,Nuclear Trans New Guinea,143.685,-5.45619,165000,other
dance_group,-7.253315279651133,0.017805314144472898,converged,-7.252985981558892,0.16097040692946393,east2295,converged,3.292980922413591e-4,0.0020333047646949997,Eastern Yiddish,Eurasia,Indo-European,19.42,51.75,401947,other
rain_group,-6.603067545596872,0.011688275163570797,converged,-6.602616622798557,0.3334996258680419,gbar1246,converged,4.509227983149344e-4,0.0013512642304621461,Gbari,Africa,Atlantic-Congo,7.10757,8.46411,350000,other
snow_group,-7.416197459846801,0.016251105602529504,converged,-7.415844278132271,0.39133945872882603,urip1240,converged,3.5318171453013747e-4,9.017173512361669e-4,Uripiv,Papunesia,Austronesian,167.34643,-16.00951,351,other
taste_group,-6.6616898200504995,0.00856555621078967,converged,-6.661485965716985,0.25375042368144746,midd1343,converged,2.0385433351410853e-4,8.029081811518583e-4,Middle High German,Eurasia,Indo-European,10.599,48.254,23000000,other
dance_group,-7.253315279651133,0.017805314144472898,converged,-7.25342511028201,0.43237171126807833,shek1244,converged,-1.0983063087710576e-4,-2.538038885015361e-4,Shekkacho,Africa,Ta-Ne-Omotic,35.3922,7.27424,54900,other
snow_group,-7.416197459846801,0.016251105602529504,converged,-7.416427792999192,0.4052955556254509,zigu1244,converged,-2.3033315239118224e-4,-5.67852796708455e-4,Zigula-Mushungulu,Africa,Atlantic-Congo,38.41138,-5.61864,355000,other
dance_group,-7.253315279651133,0.017805314144472898,converged,-7.2537701900559455,0.347448930547148,sici1248,converged,-4.549104048123809e-4,-0.0013075713014343573,Sicilian,Eurasia,Indo-European,14.0414,37.5735,4830000,other
wind_group,-5.9578521923046734,0.008998002000740201,converged,-5.958313949060327,0.157464975441859,giry1241,converged,-4.6175675565329755e-4,-0.0029276650662131303,Giryama,Africa,Atlantic-Congo,39.6648,-3.30638,623000,other
wind_group,-5.9578521923046734,0.008998002000740201,converged,-5.95828610360245,0.14245195664048985,yaoo1241,converged,-4.339112977769233e-4,-0.0030399600793929054,Yao,Africa,Atlantic-Congo,35.2387,-13.6119,1916000,other
taste_group,-6.6616898200504995,0.00856555621078967,converged,-6.662661053370856,0.23024100016752605,ewee1241,converged,-9.712333203566459e-4,-0.004215417358364381,Ewe,Africa,Atlantic-Congo,0.814975,6.46061,3112000,other
wind_group,-5.9578521923046734,0.008998002000740201,converged,-5.958971647382264,0.2252208134962378,limb1266,converged,-0.001119455077590814,-0.00496651582189972,Limbu,Eurasia,Sino-Tibetan,87.8859,27.2703,358000,other
wind_group,-5.9578521923046734,0.008998002000740201,converged,-5.958016113494808,0.031543970498324726,lati1261,converged,-1.6392119013453055e-4,-0.004997257921369038,Latin,Eurasia,Indo-European,12.4502,41.9026,56800000,other
snow_group,-7.416197459846801,0.016251105602529504,converged,-7.418330648465175,0.4052953960977375,orok1267,converged,-0.0021331886183739712,-0.005259067512870663,Orokolo,Papunesia,Eleman,145.34,-7.81309,13000,hunter-gatherer
wind_group,-5.9578521923046734,0.008998002000740201,converged,-5.959429487350937,0.24306263650039361,abua1244,converged,-0.0015772950462631385,-0.006484811466877004,Abua,Africa,Atlantic-Congo,6.61492,4.83057,25000,other
ice_group,-7.612487188014121,0.01790479757416687,converged,-7.6156326837457815,0.43913876082133796,turk1308,converged,-0.0031454957316601195,-0.007156927906992921,Turkana,Africa,Nilotic,35.7101,4.30688,476200,other
rain_group,-6.603067545596872,0.011688275163570797,converged,-6.605751789395677,0.34057331219344644,bero1242,converged,-0.002684243798805497,-0.007876907312527099,Berom,Africa,Atlantic-Congo,8.81221,9.67037,300000,other
smell_group,-6.4695167475009825,0.009740427525109643,converged,-6.471429966738824,0.24247508964395956,nand1266,converged,-0.0019132192378412682,-0.007884015752232873,Nandi,Africa,Nilotic,35.408478,0.793737,938000,other
wind_group,-5.9578521923046734,0.008998002000740201,converged,-5.959858133481904,0.24542173955298632,kara1499,converged,-0.002005941177230852,-0.008167957486571701,Kalamang,Papunesia,West Bomberai,132.678,-3.47037,240,other
taste_group,-6.6616898200504995,0.00856555621078967,converged,-6.664654983821265,0.29903397339176807,guar1292,converged,-0.0029651637707655,-0.00991174364097338,Guarayu,South America,Tupian,298.3066,-15.8247,5930,other
smell_group,-6.4695167475009825,0.009740427525109643,converged,-6.470265544382919,0.07143215752318331,maor1246,converged,-7.487968819361868e-4,-0.010386512359998441,Maori,Papunesia,Austronesian,176.541,-38.2881,60000,other
ice_group,-7.612487188014121,0.01790479757416687,converged,-7.618456579653703,0.4984240333863536,ipai1240,converged,-0.005969391639581545,-0.011968812428086397,Ipai,North America,Cochimi-Yuman,243.007,33.005,3200,other
taste_group,-6.6616898200504995,0.00856555621078967,converged,-6.665405083347754,0.30690273735675633,neng1238,converged,-0.0037152632972548005,-0.0121009580160996,Nengone,Papunesia,Austronesian,167.964,-21.5305,6500,other
wind_group,-5.9578521923046734,0.008998002000740201,converged,-5.960384795531494,0.2010060363381453,diri1252,converged,-0.0025326032268209175,-0.012587032462153777,Diriku-Shambyu,Africa,Atlantic-Congo,20.6678,-18.1681,36200,other
wind_group,-5.9578521923046734,0.008998002000740201,converged,-5.961240432386817,0.24792426320516384,bayu1240,converged,-0.0033882400821436676,-0.013657440112117758,Bayungu,Australia,Pama-Nyungan,114.108,-23.3809,100,hunter-gatherer
smell_group,-6.4695167475009825,0.009740427525109643,converged,-6.47389988105265,0.2984852234160276,gbar1246,converged,-0.0043831335516673064,-0.014676778823781975,Gbari,Africa,Atlantic-Congo,7.10757,8.46411,350000,other
rain_group,-6.603067545596872,0.011688275163570797,converged,-6.607361970832686,0.2613533861909261,sout2668,converged,-0.004294425235814359,-0.016415081358333767,Southern Hindko,Eurasia,Indo-European,72.1702,33.2122,625000,other
snow_group,-7.416197459846801,0.016251105602529504,converged,-7.420824926590764,0.2769067325440238,tson1249,converged,-0.004627466743962749,-0.01668257783663853,Tsonga,Africa,Atlantic-Congo,31.8105,-23.5754,3650000,other
dance_group,-7.253315279651133,0.017805314144472898,converged,-7.259286835198143,0.3427100832194119,ngal1292,converged,-0.005971555547009899,-0.017401041617809157,Ngalkbun,Australia,Gunwinyguan,133.936,-13.9783,100,hunter-gatherer
taste_group,-6.6616898200504995,0.00856555621078967,converged,-6.665508751912022,0.2107982428258483,yaki1237,converged,-0.003818931861522934,-0.018101588336140166,Northwest Sahaptin,North America,Sahaptian,239.244,46.2655,3000,hunter-gatherer
ice_group,-7.612487188014121,0.01790479757416687,converged,-7.618057119223152,0.2943820933185009,sgaw1245,converged,-0.0055699312090302655,-0.018885854440570872,S'gaw Karen,Eurasia,Sino-Tibetan,97.7126,17.9872,1480000,other
dance_group,-7.253315279651133,0.017805314144472898,converged,-7.262016798811132,0.45256441439365835,wira1265,converged,-0.008701519159998838,-0.019212276129907415,Wirangu,Australia,Pama-Nyungan,134,-32,100,hunter-gatherer
smell_group,-6.4695167475009825,0.009740427525109643,converged,-6.475645321718116,0.2929508379506092,urak1238,converged,-0.006128574217133753,-0.020908591475478983,Urak Lawoi',Eurasia,Austronesian,99.0768,7.5258,3000,hunter-gatherer
snow_group,-7.416197459846801,0.016251105602529504,converged,-7.425097154598977,0.40529483127326016,tumu1242,converged,-0.008899694752176224,-0.02194093867960215,Tumulung Sisaala,Africa,Atlantic-Congo,-1.79707,10.63451,105000,other
rain_group,-6.603067545596872,0.011688275163570797,converged,-6.609741802012925,0.30355824301542844,limb1266,converged,-0.006674256416053126,-0.021970460429986478,Limbu,Eurasia,Sino-Tibetan,87.8859,27.2703,358000,other
taste_group,-6.6616898200504995,0.00856555621078967,converged,-6.669251568558561,0.325743723827517,savo1255,converged,-0.007561748508061683,-0.02320577507757007,Savosavo,Papunesia,isolate_savo1255,159.814,-9.12853,2420,other
wind_group,-5.9578521923046734,0.008998002000740201,converged,-5.961097731989283,0.13370154758424532,wara1300,converged,-0.0032455396846096107,-0.024219725229127888,Waray,Papunesia,Austronesian,125.012,11.4911,2570000,other
taste_group,-6.6616898200504995,0.00856555621078967,converged,-6.6648900451563255,0.12830665189817758,pidg1254,converged,-0.003200225105826071,-0.024886610280706687,Pidgin Chinook Jargon,North America,Pidgin,235,55,100000,other
ice_group,-7.612487188014121,0.01790479757416687,converged,-7.625788651382354,0.5308258670813848,mand1425,converged,-0.013301463368232902,-0.025043811888450635,Mandari,Africa,Nilotic,31.2327,5.83656,70000,other
snow_group,-7.416197459846801,0.016251105602529504,converged,-7.427252802281456,0.4052946521346855,mele1250,converged,-0.01105534243465467,-0.02725539518329051,Mele-Fila,Papunesia,Austronesian,168.275,-17.6841,3500,other
ice_group,-7.612487188014121,0.01790479757416687,converged,-7.620439245113245,0.28502825834344275,manx1243,converged,-0.007952057099124055,-0.027844304999532866,Manx,Eurasia,Indo-European,-4.45437,54.2604,1660,other
snow_group,-7.416197459846801,0.016251105602529504,converged,-7.427197824974107,0.3694172031167259,kili1268,converged,-0.011000365127306289,-0.029748848631942257,Kiliwa,North America,Cochimi-Yuman,244.877,30.5471,100,hunter-gatherer
rain_group,-6.603067545596872,0.011688275163570797,converged,-6.610363439649132,0.2412070403177379,caju1236,converged,-0.0072958940522598326,-0.03021198414886753,Cajun French,North America,Indo-European,268.3867,29.6869,17200,other
wind_group,-5.9578521923046734,0.008998002000740201,converged,-5.965310823648257,0.24542074660884178,djiw1241,converged,-0.007458631343583377,-0.030370795796793172,Djiwarli,Australia,Pama-Nyungan,116.98858,-24.10724,2000,other
wind_group,-5.9578521923046734,0.008998002000740201,converged,-5.965214125090837,0.24083373576943837,semb1240,converged,-0.007361932786163372,-0.030547214811052766,Sembakung Murut,Papunesia,Austronesian,116.799,4.22102,5180,other
dance_group,-7.253315279651133,0.017805314144472898,converged,-7.260817324099021,0.24454979836639226,ling1263,converged,-0.007502044447887712,-0.03059597155423129,Kinshasa Lingala,Africa,Atlantic-Congo,15.28532,-4.409174,20259660,other
ice_group,-7.612487188014121,0.01790479757416687,converged,-7.628255464176576,0.49842321015358704,devo1240,converged,-0.015768276162454242,-0.031615927118259196,Devon,Eurasia,Indo-European,-1,53,1194166,other
ice_group,-7.612487188014121,0.01790479757416687,converged,-7.625751062194728,0.4154877695603835,doro1266,converged,-0.013263874180606372,-0.031894020654766014,Doromu-Koki,Papunesia,Manubaran,147.986,-9.56687,1500,other
snow_group,-7.416197459846801,0.016251105602529504,converged,-7.429873730638751,0.4052944348497829,teop1238,converged,-0.013676270791949996,-0.033716944254709606,Teop,Papunesia,Austronesian,154.971,-5.67474,5000,other
ice_group,-7.612487188014121,0.01790479757416687,converged,-7.627556379155024,0.4391380043966518,maha1287,converged,-0.01506919114090266,-0.03428690078664542,Mahasu Pahari,Eurasia,Indo-European,77.5317,31.0088,1000000,other
ice_group,-7.612487188014121,0.01790479757416687,converged,-7.629837712665077,0.4984230779789423,semb1240,converged,-0.01735052465095599,-0.03478839807582915,Sembakung Murut,Papunesia,Austronesian,116.799,4.22102,5180,other
dance_group,-7.253315279651133,0.017805314144472898,converged,-7.268146657299842,0.41598694093888866,muru1266,converged,-0.014831377648708788,-0.03562085449520154,Muruwari,Australia,Pama-Nyungan,146.546,-28.9618,2000,hunter-gatherer
ice_group,-7.612487188014121,0.01790479757416687,converged,-7.63042001581754,0.49842302938830013,sing1272,converged,-0.01793282780341876,-0.03595593940478673,Singlish,Eurasia,Indo-European,-1,53,5917600,other
smell_group,-6.4695167475009825,0.009740427525109643,converged,-6.481163197104443,0.31136486761923743,dhar1247,converged,-0.011646449603460951,-0.037386218656040665,Dhargari,Australia,Pama-Nyungan,114.847,-24.0601,100,hunter-gatherer
taste_group,-6.6616898200504995,0.00856555621078967,converged,-6.669760423366297,0.21436978592682493,cham1312,converged,-0.008070603315797342,-0.03761802719783521,Chamorro,Papunesia,Austronesian,144.74474,13.438011,76700,other
snow_group,-7.416197459846801,0.016251105602529504,converged,-7.430972869116802,0.3913382843507494,tari1263,converged,-0.014775409270001205,-0.037723591781543664,Tarifiyt-Beni-Iznasen-Eastern Middle Atlas Berber,Africa,Afro-Asiatic,-3.430616,34.916974,1500000,other
dance_group,-7.253315279651133,0.017805314144472898,converged,-7.261484173166229,0.2130394271588738,tigr1271,converged,-0.008168893515096087,-0.03821129037274657,Tigrinya,Africa,Afro-Asiatic,38.9266,15.3359,5760000,other
ice_group,-7.612487188014121,0.01790479757416687,converged,-7.621252145976346,0.2240416996271066,assa1263,converged,-0.008764957962224429,-0.038997657427190614,Assamese,Eurasia,Indo-European,91.2932,26.0876,16709000,other
taste_group,-6.6616898200504995,0.00856555621078967,converged,-6.674615538509361,0.3157371780403164,lyci1241,converged,-0.012925718458861368,-0.04092316494683914,Lycian A,Eurasia,Indo-European,29.764,36.517,200000,other
ice_group,-7.612487188014121,0.01790479757416687,converged,-7.633160601315463,0.4984228010779613,tali1259,converged,-0.02067341330134198,-0.041450926990301125,Talise,Papunesia,Austronesian,160.231,-9.76764,12500,other
rain_group,-6.603067545596872,0.011688275163570797,converged,-6.61495698345335,0.2790019705781643,gwer1238,converged,-0.011889437856478224,-0.04257682604269578,Gwere,Africa,Atlantic-Congo,33.8227,1.11392,409000,other
taste_group,-6.6616898200504995,0.00856555621078967,converged,-6.67279375834264,0.25729862474350906,kwam1252,converged,-0.011103938292140292,-0.043131946253515525,Kwamera,Papunesia,Austronesian,169.442,-19.5954,3500,other
wind_group,-5.9578521923046734,0.008998002000740201,converged,-5.9602343260363995,0.05360680702743856,tami1289,converged,-0.0023821337317260216,-0.04382408307663718,Tamil,Eurasia,Dravidian,78.825989,10.520219,65296000,other
smell_group,-6.4695167475009825,0.009740427525109643,converged,-6.475555307939974,0.13611703174423473,yoru1245,converged,-0.006038560438991425,-0.044249853208442894,Yoruba,Africa,Atlantic-Congo,3.67225,7.15345,18900000,other
ice_group,-7.612487188014121,0.01790479757416687,converged,-7.633625832502381,0.4739238172007801,kwan1273,converged,-0.02113864448825975,-0.044571667496721895,Kwangali,Africa,Atlantic-Congo,19.256,-17.9026,84000,other
smell_group,-6.4695167475009825,0.009740427525109643,converged,-6.478039540570538,0.19086649049877932,rovi1238,converged,-0.008522793069555945,-0.04459513337479834,Roviana,Papunesia,Austronesian,157.408,-8.20493,9870,other
snow_group,-7.416197459846801,0.016251105602529504,converged,-7.434360375717304,0.4052940642088861,anuf1239,converged,-0.018162915870503227,-0.044778184810981655,Anufo,Africa,Atlantic-Congo,0.56021,10.2839,137600,other
wind_group,-5.9578521923046734,0.008998002000740201,converged,-5.966809726355584,0.19944975069556517,yoga1237,converged,-0.00895753405091071,-0.044865598199893005,Yogad,Papunesia,Austronesian,121.718,16.7015,16000,other
dance_group,-7.253315279651133,0.017805314144472898,converged,-7.271464528071787,0.4024000875030771,gaam1241,converged,-0.01814924842065402,-0.04505840859500853,Gaam,Africa,Eastern Jebel,33.9797,11.4674,67200,other
ice_group,-7.612487188014121,0.01790479757416687,converged,-7.623189989064814,0.23338820135576244,tong1325,converged,-0.010702801050692656,-0.045724007621892104,Tonga,Papunesia,Austronesian,184.75,-21.17,102290,other
rain_group,-6.603067545596872,0.011688275163570797,converged,-6.615615671637223,0.27032146517546074,chan1310,converged,-0.01254812604035127,-0.046375942458687223,Chantyal,Eurasia,Sino-Tibetan,83.4488,28.684,2000,other
taste_group,-6.6616898200504995,0.00856555621078967,converged,-6.675050676525916,0.2855998788563989,lari1255,converged,-0.013360856475416405,-0.046760704585496055,Larike-Wakasihu,Papunesia,Austronesian,127.956,-3.76522,12600,other
smell_group,-6.4695167475009825,0.009740427525109643,converged,-6.48100169956963,0.24247421502336514,chek1238,converged,-0.011484952068647303,-0.047327492488428984,Cheke Holo,Papunesia,Austronesian,159.625,-8.27055,10800,other
ice_group,-7.612487188014121,0.01790479757416687,converged,-7.635256436429967,0.47392369524211,gaam1241,converged,-0.02276924841584549,-0.048009872671630094,Gaam,Africa,Eastern Jebel,33.9797,11.4674,67200,other
taste_group,-6.6616898200504995,0.00856555621078967,converged,-6.677541717544863,0.3257423714125255,bela1256,converged,-0.015851897494363776,-0.048647094467596456,Belanda Bor,Africa,Nilotic,27.8232,6.6503,8000,other
smell_group,-6.4695167475009825,0.009740427525109643,converged,-6.482604043232756,0.2650281791087221,tang1348,converged,-0.013087295731773807,-0.049347454106323206,Tangga,Papunesia,Austronesian,153.611,-4.08824,5800,other
taste_group,-6.6616898200504995,0.00856555621078967,converged,-6.675630845153642,0.27981263138679097,mart1256,converged,-0.013941025103142657,-0.049799387882255276,Martu Wangka,Australia,Pama-Nyungan,123.66842240336,-23.350911655789,720,hunter-gatherer
smell_group,-6.4695167475009825,0.009740427525109643,converged,-6.481618939475277,0.24247415890953966,mala1522,converged,-0.01210219197429474,-0.04987104244498108,Malayo,South America,Chibchan,286.5944,10.9286,1920,other
snow_group,-7.416197459846801,0.016251105602529504,converged,-7.436496168569519,0.40529388835467606,nenn1238,converged,-0.020298708722718217,-0.05004371163969914,Nen,Papunesia,Yam,142.032,-8.62183,250,other
snow_group,-7.416197459846801,0.016251105602529504,converged,-7.436762822222975,0.4052938664256402,oksa1245,converged,-0.0205653623761739,-0.050701112773867095,Oksapmin,Papunesia,Nuclear Trans New Guinea,142.177,-5.20797,8000,other
smell_group,-6.4695167475009825,0.009740427525109643,converged,-6.480857495189578,0.2152489140779054,toab1237,converged,-0.011340747688595165,-0.05263280471057228,To'abaita,Papunesia,Austronesian,160.619,-8.39233,12600,other
wind_group,-5.9578521923046734,0.008998002000740201,converged,-5.97147050753037,0.25644153132195946,jeha1242,converged,-0.013618315225696342,-0.05307229179127413,Jehai,Eurasia,Austroasiatic,101.541,5.63695,1000,hunter-gatherer
snow_group,-7.416197459846801,0.016251105602529504,converged,-7.438560876958871,0.40529371870991643,awap1236,converged,-0.022363417112069683,-0.05513399301477999,Awa,Papunesia,Nuclear Trans New Guinea,145.714,-6.65534,2050,other
rain_group,-6.603067545596872,0.011688275163570797,converged,-6.620135607435099,0.30355713782911736,bret1244,converged,-0.017068061838227067,-0.05618521631560821,Breton,Eurasia,Indo-European,-3.78934,48.2452,500000,other
dance_group,-7.253315279651133,0.017805314144472898,converged,-7.276804236433177,0.41598612195783385,bugh1239,converged,-0.023488956782044212,-0.0564140685947162,Bughotu,Papunesia,Austronesian,159.802,-8.47948,4050,other
rain_group,-6.603067545596872,0.011688275163570797,converged,-6.621570583610535,0.3271818486197602,west2624,converged,-0.018503038013663264,-0.05651671231549772,Western Huasteca Nahuatl,North America,Uto-Aztecan,261.2289,21.3711,400000,other
dance_group,-7.253315279651133,0.017805314144472898,converged,-7.275751599789858,0.3909324237434889,wyan1247,converged,-0.022436320138725208,-0.05733237712565231,Huron-Wyandot,North America,Iroquoian,282.5,44.33,11226,other
snow_group,-7.416197459846801,0.016251105602529504,converged,-7.439558401046208,0.40529363687469516,kosr1238,converged,-0.023360941199406682,-0.05759326591722872,Kosraean,Papunesia,Austronesian,162.98,5.31,8000,other
ice_group,-7.612487188014121,0.01790479757416687,converged,-7.629630130630559,0.2964006548445713,tuva1244,converged,-0.017142942616438006,-0.057731823126337005,Tuvalu,Papunesia,Austronesian,179.198088,-8.520813,12580,hunter-gatherer
snow_group,-7.416197459846801,0.016251105602529504,converged,-7.440090007305537,0.40529359329592435,rong1269,converged,-0.023892547458736146,-0.058903876141204785,Rongga,Papunesia,Austronesian,120.702,-8.84604,2120,other
snow_group,-7.416197459846801,0.016251105602529504,converged,-7.441285089119677,0.40529349541282966,iraq1241,converged,-0.025087629272875667,-0.06185020522575577,Iraqw,Africa,Afro-Asiatic,35.2939,-4.19948,462000,other
taste_group,-6.6616898200504995,0.00856555621078967,converged,-6.678811349048091,0.2745308606212484,oksa1245,converged,-0.017121528997591895,-0.06233616603860708,Oksapmin,Papunesia,Nuclear Trans New Guinea,142.177,-5.20797,8000,other
wind_group,-5.9578521923046734,0.008998002000740201,converged,-5.974037721742753,0.2564410173509006,gami1243,converged,-0.01618552943807927,-0.06307717558558999,Yuwaalaraay-Gamilaraay,Australia,Pama-Nyungan,149.543,-29.9037,100,hunter-gatherer
wind_group,-5.9578521923046734,0.008998002000740201,converged,-5.967693931809743,0.15342702353032533,mara1382,converged,-0.009841739505069391,-0.0640360332215597,Mara Chin,Eurasia,Sino-Tibetan,93.0387,22.1138,42000,other
ice_group,-7.612487188014121,0.01790479757416687,converged,-7.643791314907948,0.4739230601220365,hida1246,converged,-0.031304126893826556,-0.0660060942744383,Hidatsa,North America,Siouan,258,47.33,100,other
rain_group,-6.603067545596872,0.011688275163570797,converged,-6.623661546647978,0.3117146398753429,cahu1264,converged,-0.02059400105110587,-0.06602044320924627,Cahuilla,North America,Uto-Aztecan,243.309,33.5324,100,hunter-gatherer
dance_group,-7.253315279651133,0.017805314144472898,converged,-7.280001220655077,0.40239933917829585,hida1246,converged,-0.026685941003943725,-0.0662522346578418,Hidatsa,North America,Siouan,258,47.33,100,other
dance_group,-7.253315279651133,0.017805314144472898,converged,-7.282619774687449,0.4323687061803351,teee1242,converged,-0.029304495036315714,-0.06771923585720831,Tee,Africa,Atlantic-Congo,7.37553,4.73213,313000,other
taste_group,-6.6616898200504995,0.00856555621078967,converged,-6.680610600313093,0.27453064225561186,awap1236,converged,-0.018920780262593695,-0.06888694563629355,Awa,Papunesia,Nuclear Trans New Guinea,145.714,-6.65534,2050,other
snow_group,-7.416197459846801,0.016251105602529504,converged,-7.444200401657108,0.405293257124401,nucl1696,converged,-0.028002941810306936,-0.0690375601347302,Tangale,Africa,Afro-Asiatic,11.3228,9.75444,130000,other
ice_group,-7.612487188014121,0.01790479757416687,converged,-7.6409484799670215,0.38519472501996177,west2420,converged,-0.028461291952900147,-0.0738083697376831,Western Parbate Kham,Eurasia,Sino-Tibetan,82.7348,28.6521,24500,other
taste_group,-6.6616898200504995,0.00856555621078967,converged,-6.680740505318537,0.2572977725498739,sout2789,converged,-0.01905068526803788,-0.07400039787368996,Central Dagaare,Africa,Atlantic-Congo,-2.52265,10.4226,700000,other
taste_group,-6.6616898200504995,0.00856555621078967,converged,-6.686498280334446,0.3257409228202522,wari1262,converged,-0.024808460283946232,-0.07613377986683124,Wariyangga,Australia,Pama-Nyungan,116.927,-24.353,2000,hunter-gatherer
wind_group,-5.9578521923046734,0.008998002000740201,converged,-5.977968554146857,0.263151599682798,lopi1242,converged,-0.020116361842183572,-0.07639935450830317,Lopit,Africa,Nilotic,32.7534,4.6986,50000,other
ice_group,-7.612487188014121,0.01790479757416687,converged,-7.644956844463711,0.4154867324335628,clas1250,converged,-0.03246965644958966,-0.07807601757755178,Classical Nahuatl,North America,Uto-Aztecan,263.03,19.72,5500000,other
ice_group,-7.612487188014121,0.01790479757416687,converged,-7.622717420523108,0.1292847090008515,nepa1254,converged,-0.010230232508986248,-0.07838138519756042,Nepali,Eurasia,Indo-European,85,28,16903270,other
wind_group,-5.9578521923046734,0.008998002000740201,converged,-5.976365883930534,0.23483263447824404,mwag1236,converged,-0.01851369162586014,-0.078780004422933,Mwaghavul,Africa,Afro-Asiatic,8.96522,9.47205,295000,other
dance_group,-7.253315279651133,0.017805314144472898,converged,-7.26110303589265,0.09484658386608034,telu1262,converged,-0.007787756241516952,-0.08069930488265295,Telugu,Eurasia,Dravidian,78.7024,16.4529,69600600,other
rain_group,-6.603067545596872,0.011688275163570797,converged,-6.626414190388758,0.2855700827218971,gilb1244,converged,-0.02334664479188575,-0.08168612608354621,Gilbertese,Papunesia,Austronesian,173.64,0.179,66110,other
smell_group,-6.4695167475009825,0.009740427525109643,converged,-6.491802927768636,0.2715197407167083,rong1269,converged,-0.0222861802676535,-0.08202664644051563,Rongga,Papunesia,Austronesian,120.702,-8.84604,2120,other
wind_group,-5.9578521923046734,0.008998002000740201,converged,-5.97540266454217,0.21287878028414242,midd1344,converged,-0.017550472237496173,-0.08236995415945486,Middle Chinese,Eurasia,Sino-Tibetan,108.9,34.27,65000000,other
smell_group,-6.4695167475009825,0.009740427525109643,converged,-6.487356597261795,0.21465210104089705,surs1246,converged,-0.01783984976081232,-0.08302509326796594,Sursurunga,Papunesia,Austronesian,152.768,-3.99078,3000,other
snow_group,-7.416197459846801,0.016251105602529504,converged,-7.4500714283005705,0.4052927793478005,port1286,converged,-0.03387396845376944,-0.0835119003696042,Daakie,Papunesia,Austronesian,168.046,-16.3083,1300,other
wind_group,-5.9578521923046734,0.008998002000740201,converged,-5.979004314105262,0.250581210827309,kudm1238,converged,-0.02115212180058812,-0.08435787302717823,Kudmali,Eurasia,Indo-European,87.33,25.92,37000,other
rain_group,-6.603067545596872,0.011688275163570797,converged,-6.615298712859751,0.14425899810164575,newa1246,converged,-0.012231167262878984,-0.08450923011697195,Kathmandu Valley Newari,Eurasia,Sino-Tibetan,85.326,27.67,839000,other
rain_group,-6.603067545596872,0.011688275163570797,converged,-6.632911408876255,0.34855334422557577,jeha1242,converged,-0.02984386327938271,-0.08557398196974939,Jehai,Eurasia,Austroasiatic,101.541,5.63695,1000,hunter-gatherer
ice_group,-7.612487188014121,0.01790479757416687,converged,-7.655305849466171,0.49842097899244675,ncan1245,converged,-0.042818661452050044,-0.08585324851151305,Ncane-Mungong,Africa,Atlantic-Congo,10.5312,6.50696,15500,other
wind_group,-5.9578521923046734,0.008998002000740201,converged,-5.962659082867421,0.054465424824229905,taga1270,converged,-0.004806890562747412,-0.08707554208426499,Tagalog,Papunesia,Austronesian,121.747,14.06,21500000,other
dance_group,-7.253315279651133,0.017805314144472898,converged,-7.260526314381924,0.07910399597529183,hind1269,converged,-0.007211034730790544,-0.08893386510175953,Hindi,Eurasia,Indo-European,77,25,180122200,other
rain_group,-6.603067545596872,0.011688275163570797,converged,-6.634860686531618,0.34855305736659253,wira1265,converged,-0.031793140934746056,-0.09116339530956614,Wirangu,Australia,Pama-Nyungan,134,-32,100,hunter-gatherer
smell_group,-6.4695167475009825,0.009740427525109643,converged,-6.492374290034042,0.249971060008233,tiwi1244,converged,-0.022857542533059494,-0.09137141398157593,Tiwi,Australia,isolate_tiwi1244,130.949,-11.6308,1830,hunter-gatherer
taste_group,-6.6616898200504995,0.00856555621078967,converged,-6.678160694490862,0.1784791541260906,amer1254,converged,-0.01647087444036277,-0.0921784909215196,Latin American Spanish,Eurasia,Indo-European,-1.11788,40.4414,455000000,other
smell_group,-6.4695167475009825,0.009740427525109643,converged,-6.488159667346353,0.1995201274623309,yaka1277,converged,-0.018642919845370365,-0.0933276440808758,Yakan,Papunesia,Austronesian,122.021729,6.531023,106000,other
taste_group,-6.6616898200504995,0.00856555621078967,converged,-6.688433017239407,0.28559813706511566,bela1254,converged,-0.026743197188907608,-0.0935971706261462,Belarusian,Eurasia,Indo-European,25.6038,53.2307,6720000,other
wind_group,-5.9578521923046734,0.008998002000740201,converged,-5.980118543277358,0.23672690307460229,pang1290,converged,-0.022266350972684812,-0.09399136000047224,Pangasinan,Papunesia,Austronesian,120.365,15.9377,1160000,other
dance_group,-7.253315279651133,0.017805314144472898,converged,-7.261335173340196,0.08312257273946912,russ1263,converged,-0.008019893689063196,-0.09434260716877434,Russian,Eurasia,Indo-European,50,59,135099940,other
ice_group,-7.612487188014121,0.01790479757416687,converged,-7.663526160794629,0.5308223644223147,cari1275,converged,-0.05103897278050784,-0.09609610782379308,Caribbean Hindustani,South America,Indo-European,304.666832,5.722918,150000,other
snow_group,-7.416197459846801,0.016251105602529504,converged,-7.451131238834594,0.36062974786355206,geez1241,converged,-0.03493377898779304,-0.09677061684474396,Geez,Africa,Afro-Asiatic,40.6821,10.1342,5150000,other
wind_group,-5.9578521923046734,0.008998002000740201,converged,-5.9747778444064314,0.1727027039451813,hait1244,converged,-0.016925652101758004,-0.09787180990345219,Haitian,North America,Indo-European,287.863885,18.795135,7489840,other
ice_group,-7.612487188014121,0.01790479757416687,converged,-7.654379132952713,0.4154862308587835,mala1522,converged,-0.04189194493859194,-0.1007328234469543,Malayo,South America,Chibchan,286.5944,10.9286,1920,other
ice_group,-7.612487188014121,0.01790479757416687,converged,-7.660369312866502,0.47392184185606007,gari1256,converged,-0.047882124852380414,-0.10096177320757911,Garifuna,North America,Arawakan,273.09090000000003,15.3529,130800,other
wind_group,-5.9578521923046734,0.008998002000740201,converged,-5.984500039120933,0.2631502259265873,bord1248,converged,-0.026647846816259424,-0.10120562194645039,Border Kuna,South America,Chibchan,282.8336,7.92993,1200,hunter-gatherer
taste_group,-6.6616898200504995,0.00856555621078967,converged,-6.695687207350061,0.32573945006178523,wand1263,converged,-0.03399738729956159,-0.10433381457968946,Wandarang,Australia,Mangarrayi-Maran,135.705,-14.2996,2000,hunter-gatherer
snow_group,-7.416197459846801,0.016251105602529504,converged,-7.446324433461251,0.2865954381642985,rovi1238,converged,-0.030126973614449604,-0.10495162107651515,Roviana,Papunesia,Austronesian,157.408,-8.20493,9870,other
taste_group,-6.6616898200504995,0.00856555621078967,converged,-6.676326091199485,0.1390201574092089,bini1246,converged,-0.014636271148985358,-0.10508237617452491,Bini,Africa,Atlantic-Congo,5.70426,6.40701,1000000,other
taste_group,-6.6616898200504995,0.00856555621078967,converged,-6.690148326721076,0.2696878893014879,west2354,converged,-0.028458506670576256,-0.10547067456441285,Western Frisian,Eurasia,Indo-European,5.86091,53.143,467000,other
dance_group,-7.253315279651133,0.017805314144472898,converged,-7.287412651488668,0.321792646198195,nort2697,converged,-0.03409737183753503,-0.10579886053439252,North Azerbaijani,Eurasia,Turkic,46.4737,40.97768,6460000,other
ice_group,-7.612487188014121,0.01790479757416687,converged,-7.659390459041081,0.43913602850692396,midd1343,converged,-0.04690327102695946,-0.10671939914789835,Middle High German,Eurasia,Indo-European,10.599,48.254,23000000,other
dance_group,-7.253315279651133,0.017805314144472898,converged,-7.291005962424287,0.35270136106475697,gaaa1244,converged,-0.037690682773154016,-0.1067269683048292,Ga,Africa,Atlantic-Congo,-0.18598,5.65488,600000,other
dance_group,-7.253315279651133,0.017805314144472898,converged,-7.290373844988242,0.34270831184279227,wamp1249,converged,-0.03705856533710872,-0.10798877391185639,Wampanoag,North America,Algic,286.6852,41.705,2756,other
taste_group,-6.6616898200504995,0.00856555621078967,converged,-6.678869161826436,0.15873890058391016,kash1277,converged,-0.01717934177593694,-0.1080666791872032,Kashmiri,Eurasia,Indo-European,74.330455,34.166825,5525000,other
taste_group,-6.6616898200504995,0.00856555621078967,converged,-6.684359406101864,0.20890116570490264,chad1249,converged,-0.022669586051364377,-0.10842712857076087,Chadian Arabic,Africa,Afro-Asiatic,13.5,14.67,1076000,other
taste_group,-6.6616898200504995,0.00856555621078967,converged,-6.69703753265917,0.32573923477553934,shat1244,converged,-0.035347712608670534,-0.10847786908981376,Shatt,Africa,Dajuic,29.7687,10.8525,15000,other
wind_group,-5.9578521923046734,0.008998002000740201,converged,-5.98061159347095,0.20796122398935735,nand1266,converged,-0.022759401166276838,-0.10933830228894739,Nandi,Africa,Nilotic,35.408478,0.793737,938000,other
taste_group,-6.6616898200504995,0.00856555621078967,converged,-6.682997914587726,0.19282522991349946,tetu1245,converged,-0.021308094537226374,-0.11039583588980077,Tetum,Papunesia,Austronesian,125.528,-9.11217,450000,other
taste_group,-6.6616898200504995,0.00856555621078967,converged,-6.695801261066706,0.2990295773925803,futu1245,converged,-0.03411144101620689,-0.11402703225404279,Futuna-Aniwa,Papunesia,Austronesian,170.215,-19.5303,1500,other
snow_group,-7.416197459846801,0.016251105602529504,converged,-7.462685783283689,0.4052917622445995,twee1234,converged,-0.046488323436888024,-0.11461125282083379,Tweed-Albert,Australia,Pama-Nyungan,153.286993,-28.028726,210,other
rain_group,-6.603067545596872,0.011688275163570797,converged,-6.619580566968009,0.14277798171110495,tahi1242,converged,-0.016513021371136638,-0.11526963697375806,Tahitian,Papunesia,Austronesian,210.55,-17.6485,124260,other
rain_group,-6.603067545596872,0.011688275163570797,converged,-6.636661208080724,0.2907175216308587,nanc1247,converged,-0.03359366248385243,-0.11546102955593295,Nancowry,Eurasia,Austroasiatic,93.3921,7.94812,930,other
ice_group,-7.612487188014121,0.01790479757416687,converged,-7.637674590934584,0.21419833684513248,oldf1239,converged,-0.025187402920462176,-0.11718048955405036,Old French,Eurasia,Indo-European,1.11,48.8,16000000,other
smell_group,-6.4695167475009825,0.009740427525109643,converged,-6.503934517011806,0.2929467237158794,misi1243,converged,-0.034417769510823426,-0.11742326228051994,Misima-Paneati,Papunesia,Austronesian,152.696,-10.6821,18000,other
smell_group,-6.4695167475009825,0.009740427525109643,converged,-6.495425657326881,0.21997192959276682,klam1254,converged,-0.02590890982589844,-0.11766749857585256,Klamath-Modoc,North America,isolate_klam1254,238.296,42.5861,100,hunter-gatherer
taste_group,-6.6616898200504995,0.00856555621078967,converged,-6.6913398117571425,0.2504375005990079,midd1344,converged,-0.029649991706643064,-0.1183235918109299,Middle Chinese,Eurasia,Sino-Tibetan,108.9,34.27,65000000,other
taste_group,-6.6616898200504995,0.00856555621078967,converged,-6.68731045067127,0.21415173397441006,hait1244,converged,-0.02562063062077069,-0.1195421613168483,Haitian,North America,Indo-European,287.863885,18.795135,7489840,other
dance_group,-7.253315279651133,0.017805314144472898,converged,-7.303557630895801,0.4159836355031361,gade1242,converged,-0.050242351244667915,-0.1206691462153056,Gade,Africa,Atlantic-Congo,7.49869,8.71139,72100,other
wind_group,-5.9578521923046734,0.008998002000740201,converged,-5.981563517675809,0.19282850243013094,lund1271,converged,-0.02371132537113585,-0.12283221594156106,Lundayeh,Papunesia,Austronesian,115.5,4.25064,47500,other
wind_group,-5.9578521923046734,0.008998002000740201,converged,-5.983293847988461,0.20452219618829942,mung1266,converged,-0.025441655683787978,-0.1242753581526526,Mungaka,Africa,Atlantic-Congo,10.0294,5.89752,50100,other
wind_group,-5.9578521923046734,0.008998002000740201,converged,-5.987070768106768,0.23303025256045198,chim1302,converged,-0.029218575802094193,-0.12529196473712648,Bolivar-North Chimborazo Highland Quichua,South America,Quechuan,281.1479,-1.36727,1000000,other
rain_group,-6.603067545596872,0.011688275163570797,converged,-6.647186144761204,0.3485512564140312,sout2859,converged,-0.04411859916433247,-0.12650596751604803,Southeast Ambrym,Papunesia,Austronesian,168.211,-16.2975,3700,other
snow_group,-7.416197459846801,0.016251105602529504,converged,-7.46205454895897,0.360629064276734,kxoe1243,converged,-0.045857089112169014,-0.12702969227224672,Kxoe,Africa,Khoe-Kwadi,22.599835,-16.59051,6590,hunter-gatherer
taste_group,-6.6616898200504995,0.00856555621078967,converged,-6.703143119249161,0.325738264963132,dhar1247,converged,-0.04145329919866114,-0.12721555684389727,Dhargari,Australia,Pama-Nyungan,114.847,-24.0601,100,hunter-gatherer
wind_group,-5.9578521923046734,0.008998002000740201,converged,-5.97614603870909,0.14271956052781956,gand1255,converged,-0.01829384640441667,-0.1279263777869629,Ganda,Africa,Atlantic-Congo,32.15153,0.66884,4130000,other
wind_group,-5.9578521923046734,0.008998002000740201,converged,-5.988595534865995,0.23872231459210783,louu1245,converged,-0.030743342561321718,-0.12869147626140306,Lou,Papunesia,Austronesian,147.346,-2.38659,1000,other
dance_group,-7.253315279651133,0.017805314144472898,converged,-7.296076724103306,0.3309180557616667,rotu1241,converged,-0.042761444452173336,-0.12903399859937437,Rotuman,Papunesia,Austronesian,177.066,-12.5008,9000,other
rain_group,-6.603067545596872,0.011688275163570797,converged,-6.644343763238184,0.31637385738682716,kuku1273,converged,-0.04127621764131195,-0.13037764215219097,Kuku-Yalanji,Australia,Pama-Nyungan,145.188,-16.0036,240,hunter-gatherer
wind_group,-5.9578521923046734,0.008998002000740201,converged,-5.983005767852403,0.19182980785707623,turk1304,converged,-0.0251535755477299,-0.13098042528655068,Turkmen,Eurasia,Turkic,59.17574,37.08719,5930000,other
taste_group,-6.6616898200504995,0.00856555621078967,converged,-6.700155130831863,0.2919699953098516,djin1253,converged,-0.038465310781363726,-0.1316873965882635,Djinang,Australia,Pama-Nyungan,134.82,-12.462,120,hunter-gatherer
ice_group,-7.612487188014121,0.01790479757416687,converged,-7.644360754834853,0.23801921636365894,khas1269,converged,-0.031873566820731725,-0.1335344563935935,Khasi,Eurasia,Austroasiatic,91.9998,24.977,865000,other
taste_group,-6.6616898200504995,0.00856555621078967,converged,-6.705307329771187,0.32573792261777945,ying1247,converged,-0.04361750972068723,-0.1338574184015276,Yinggarda,Australia,Pama-Nyungan,115.58,-25.4446,100,hunter-gatherer
snow_group,-7.416197459846801,0.016251105602529504,converged,-7.470642750682967,0.40529112723564026,akaw1239,converged,-0.054445290836166116,-0.13422838882512678,Akawaio-Ingariko,South America,Cariban,299.138,6.16277,5350,hunter-gatherer
rain_group,-6.603067545596872,0.011688275163570797,converged,-6.640311374046653,0.27523603430884014,uppe1395,converged,-0.037243828449780914,-0.13519411175833537,Upper Sorbian,Eurasia,Indo-European,14.4098,51.2403,18000,other
ice_group,-7.612487188014121,0.01790479757416687,converged,-7.653420864447881,0.301539765396376,warl1254,converged,-0.04093367643375956,-0.13551017389469855,Warlpiri,Australia,Pama-Nyungan,131.05,-20.1008,2670,hunter-gatherer
ice_group,-7.612487188014121,0.01790479757416687,converged,-7.631622141675486,0.13977724119807222,zulu1248,converged,-0.019134953661364307,-0.13578657380430523,Zulu,Africa,Atlantic-Congo,30.2,-28.9,10231000,other
rain_group,-6.603067545596872,0.011688275163570797,converged,-6.641350324815296,0.27899986530779974,caro1242,converged,-0.03828277921842371,-0.13709407699910658,Carolinian,Papunesia,Austronesian,145.765,15.205,3000,other
ice_group,-7.612487188014121,0.01790479757416687,converged,-7.627142041385168,0.10525468461348882,viet1252,converged,-0.014654853371046883,-0.1372605125895473,Vietnamese,Eurasia,Austroasiatic,105.774071,20.681188,67954200,other
ice_group,-7.612487188014121,0.01790479757416687,converged,-7.669975002400473,0.4154854109606125,yank1247,converged,-0.05748781438635131,-0.13823471962761683,Yankunytjatjara,Australia,Pama-Nyungan,133.577,-26.4064,100,hunter-gatherer
rain_group,-6.603067545596872,0.011688275163570797,converged,-6.644792977598326,0.2999633412919363,heil1246,converged,-0.04172543200145373,-0.13899629028927984,Heiltsuk-Oowekyala,North America,Wakashan,232.779,51.7045,300,hunter-gatherer
ice_group,-7.612487188014121,0.01790479757416687,converged,-7.678781619350039,0.4739205122505154,hili1240,converged,-0.06629443133591728,-0.13978540245277676,Hiligaynon,Papunesia,Austronesian,122.974,10.4018,5770000,other
taste_group,-6.6616898200504995,0.00856555621078967,converged,-6.688807622743485,0.19362329975287496,swat1243,converged,-0.02711780269298547,-0.13991759530604134,Swati,Africa,Atlantic-Congo,31.5,-26,2034200,other
rain_group,-6.603067545596872,0.011688275163570797,converged,-6.643266900517912,0.28324007898635123,vure1239,converged,-0.04019935492104043,-0.14180609889843754,Vurës,Papunesia,Austronesian,167.451412,-13.905677,1050,other
ice_group,-7.612487188014121,0.01790479757416687,converged,-7.688544753725443,0.5308201140791449,java1254,converged,-0.07605756571132183,-0.14320168661100963,Javanese,Papunesia,Austronesian,109.287,-7.001,84300000,other
snow_group,-7.416197459846801,0.016251105602529504,converged,-7.422952926690344,0.04409526798447485,stan1295,converged,-0.006755466843542557,-0.14374989655719422,German,Eurasia,Indo-European,12.4676,48.649,83520790,other
snow_group,-7.416197459846801,0.016251105602529504,converged,-7.463654534281587,0.3296561997833481,meso1252,converged,-0.04745707443478597,-0.14378468869086095,Gilit Mesopotamian Arabic,Eurasia,Afro-Asiatic,43.1095,33.8178,14600000,other
ice_group,-7.612487188014121,0.01790479757416687,converged,-7.6889219073525075,0.5308200805841892,kudm1238,converged,-0.07643471933838608,-0.14391180301938364,Kudmali,Eurasia,Indo-European,87.33,25.92,37000,other
ice_group,-7.612487188014121,0.01790479757416687,converged,-7.6595576999404384,0.3231312029170659,mani1292,converged,-0.04707051192631706,-0.14544685607468966,Manipuri,Eurasia,Sino-Tibetan,93.3426,24.4409,1391000,other
taste_group,-6.6616898200504995,0.00856555621078967,converged,-6.699807791117759,0.26111271096282357,gali1258,converged,-0.038117971067259226,-0.1459043413600756,Galician,Eurasia,Indo-European,-7.5343,42.2446,3185000,other
wind_group,-5.9578521923046734,0.008998002000740201,converged,-5.994611290001287,0.24791812665545465,libe1247,converged,-0.03675909769661345,-0.1481735571816664,Liberia Kpelle,Africa,Mande,-9.96128,6.92048,487000,other
taste_group,-6.6616898200504995,0.00856555621078967,converged,-6.710441437909373,0.3257371134355141,gami1243,converged,-0.04875161785887361,-0.14961381223052808,Yuwaalaraay-Gamilaraay,Australia,Pama-Nyungan,149.543,-29.9037,100,hunter-gatherer
ice_group,-7.612487188014121,0.01790479757416687,converged,-7.64716815562035,0.22900835260403377,cent1972,converged,-0.03468096760622874,-0.15097900479013998,Central Kurdish,Eurasia,Indo-European,45.8077,35.6539,3712000,other
wind_group,-5.9578521923046734,0.008998002000740201,converged,-5.990324266538573,0.21475328645781205,wuch1236,converged,-0.032472074233899306,-0.15107386299954023,Wu Chinese,Eurasia,Sino-Tibetan,119.682,29.8621,77200000,other
smell_group,-6.4695167475009825,0.009740427525109643,converged,-6.509820063331504,0.2650250528043708,ayiw1239,converged,-0.04030331583052149,-0.15197100291567658,Äiwoo,Papunesia,Austronesian,166.328715,-10.282595,8400,other
taste_group,-6.6616898200504995,0.00856555621078967,converged,-6.690406955798151,0.1856025328019548,yaka1277,converged,-0.028717135747651668,-0.15455933106807385,Yakan,Papunesia,Austronesian,122.021729,6.531023,106000,other
ice_group,-7.612487188014121,0.01790479757416687,converged,-7.690140551609892,0.4984181932375908,coas1301,converged,-0.07765336359577102,-0.15569918606568417,Coast Miwok,North America,Miwok-Costanoan,237.006,38.3285,2000,hunter-gatherer
taste_group,-6.6616898200504995,0.00856555621078967,converged,-6.706219705713935,0.2855958577905821,dima1251,converged,-0.04452988566343574,-0.15584914959443988,Dimasa,Eurasia,Sino-Tibetan,93.1806,25.4198,106000,other
rain_group,-6.603067545596872,0.011688275163570797,converged,-6.633354820336307,0.19267944213772517,east2534,converged,-0.030287274739435155,-0.15690154290013264,Eastern Canadian Inuktitut,North America,Eskimo-Aleut,284.3861,62.1735,14000,hunter-gatherer
rain_group,-6.603067545596872,0.011688275163570797,converged,-6.65572479380545,0.3334925176223164,tonk1249,converged,-0.05265724820857809,-0.15779945258275171,Tonkawa,North America,isolate_tonk1249,263.25,30.25,1900,hunter-gatherer
snow_group,-7.416197459846801,0.016251105602529504,converged,-7.478027997865696,0.39133474313495437,lonw1238,converged,-0.06183053801889482,-0.15786304146197172,Lonwolwol,Papunesia,Austronesian,168.016,-16.2286,1200,other
dance_group,-7.253315279651133,0.017805314144472898,converged,-7.274578765734258,0.13340879947063758,amha1245,converged,-0.021263486083125116,-0.1579850723586388,Amharic,Africa,Afro-Asiatic,39.543456,11.708182,17400000,other
smell_group,-6.4695167475009825,0.009740427525109643,converged,-6.50513053209847,0.2207364757401411,yaki1237,converged,-0.0356137845974871,-0.16118388077993293,Northwest Sahaptin,North America,Sahaptian,239.244,46.2655,3000,hunter-gatherer
wind_group,-5.9578521923046734,0.008998002000740201,converged,-5.996731778249607,0.24082836488850887,komn1238,converged,-0.038879585944933126,-0.16132849186482756,Kómnjo,Papunesia,Yam,141.5878,-8.70216,200,other
taste_group,-6.6616898200504995,0.00856555621078967,converged,-6.693050698679617,0.1933729773373848,bada1257,converged,-0.031360878629117295,-0.16201931512178339,Badaga,Eurasia,Dravidian,76.5974,11.3094,245000,other
taste_group,-6.6616898200504995,0.00856555621078967,converged,-6.710322033257364,0.2990275742310588,west2443,converged,-0.04863221320686417,-0.16256786275703283,Western Victoria,Australia,Pama-Nyungan,143.6694397,-34.13829932,2000,hunter-gatherer
wind_group,-5.9578521923046734,0.008998002000740201,converged,-6.000313929731569,0.2596732130279661,wand1263,converged,-0.04246173742689585,-0.16342181684611584,Wandarang,Australia,Mangarrayi-Maran,135.705,-14.2996,2000,hunter-gatherer
taste_group,-6.6616898200504995,0.00856555621078967,converged,-6.697622296095931,0.2184031743715003,lozi1239,converged,-0.03593247604543137,-0.16439721430023663,Lozi,Africa,Atlantic-Congo,24.7398,-17.7052,694000,other
taste_group,-6.6616898200504995,0.00856555621078967,converged,-6.706893760623681,0.27452749677254773,sanb1242,converged,-0.04520394057318189,-0.16458079413542953,San Blas Kuna,South America,Chibchan,281.6925,9.15686,57100,other
dance_group,-7.253315279651133,0.017805314144472898,converged,-7.3279132118389,0.45255719783080467,nort2875,converged,-0.07459793218776678,-0.16470904266862996,Northern Alta,Papunesia,Austronesian,121.454,15.6913,200,hunter-gatherer
smell_group,-6.4695167475009825,0.009740427525109643,converged,-6.512030442088623,0.2567995094188007,atak1252,converged,-0.042513694587640316,-0.16543312562655196,Atakapa,North America,isolate_atak1252,266.9173,30.9121,1700,other
smell_group,-6.4695167475009825,0.009740427525109643,converged,-6.511303868734862,0.24996921274184405,west2615,converged,-0.041787121233879176,-0.16704230216709517,Western Apache,North America,Athabaskan-Eyak-Tlingit,249.877,33.8574,12700,hunter-gatherer
wind_group,-5.9578521923046734,0.008998002000740201,converged,-5.987044600370334,0.17400957175948215,amer1254,converged,-0.02919240806566048,-0.16753938884285954,Latin American Spanish,Eurasia,Indo-European,-1.11788,40.4414,455000000,other
smell_group,-6.4695167475009825,0.009740427525109643,converged,-6.515655281200669,0.2751375093723332,hili1240,converged,-0.046138533699686235,-0.1675876478960062,Hiligaynon,Papunesia,Austronesian,122.974,10.4018,5770000,other
taste_group,-6.6616898200504995,0.00856555621078967,converged,-6.680332493234228,0.11018531283433233,east2295,converged,-0.018642673183728142,-0.168684885997252,Eastern Yiddish,Eurasia,Indo-European,19.42,51.75,401947,other
snow_group,-7.416197459846801,0.016251105602529504,converged,-7.4651472731721435,0.288209266320288,tetu1245,converged,-0.04894981332534254,-0.16957186229384408,Tetum,Papunesia,Austronesian,125.528,-9.11217,450000,other
snow_group,-7.416197459846801,0.016251105602529504,converged,-7.476285989266712,0.35292350635803466,angg1239,converged,-0.06008852941991094,-0.17007914047644582,Angguruk Yali,Papunesia,Nuclear Trans New Guinea,139.457,-4.0836,15000,other
taste_group,-6.6616898200504995,0.00856555621078967,converged,-6.707659148536299,0.2696858733915607,tana1290,converged,-0.04596932848579982,-0.17036917454332318,Tanacross,North America,Athabaskan-Eyak-Tlingit,216.662,63.4046,100,hunter-gatherer
smell_group,-6.4695167475009825,0.009740427525109643,converged,-6.521436349250663,0.30458352851873055,nort2810,converged,-0.05191960174968013,-0.17037386613804895,Northern Grebo,Africa,Kru,-8.1409,5.17103,84500,other
snow_group,-7.416197459846801,0.016251105602529504,converged,-7.481349656828045,0.37953463453354797,nung1283,converged,-0.06515219698124408,-0.1715062269626394,Nung,Eurasia,Tai-Kadai,104.286,20.8965,856000,other
taste_group,-6.6616898200504995,0.00856555621078967,converged,-6.710996521243056,0.28559525253687523,rade1240,converged,-0.04930670119255609,-0.17256778467729475,Rade,Eurasia,Austronesian,108.41,12.979,270000,other
wind_group,-5.9578521923046734,0.008998002000740201,converged,-5.982698448495492,0.1427735032751215,luok1236,converged,-0.024846256190818927,-0.1736811023014118,Luo,Africa,Nilotic,34.4896,-0.93296,4410000,other
wind_group,-5.9578521923046734,0.008998002000740201,converged,-6.0031199445298276,0.2596726515507969,thom1243,converged,-0.04526775222515411,-0.17422165785106133,Thompson,North America,Salishan,239.807,50.1668,720,hunter-gatherer
ice_group,-7.612487188014121,0.01790479757416687,converged,-7.654868990299429,0.2413967338782591,tigr1271,converged,-0.0423818022853073,-0.17508812173422816,Tigrinya,Africa,Afro-Asiatic,38.9266,15.3359,5760000,other
snow_group,-7.416197459846801,0.016251105602529504,converged,-7.436321096672819,0.11361979218120653,yuec1235,converged,-0.020123636826017588,-0.17532948875079446,Yue Chinese,Eurasia,Sino-Tibetan,113,23,52025130,other
taste_group,-6.6616898200504995,0.00856555621078967,converged,-6.674509208064315,0.07219627795575044,swah1253,converged,-0.012819388013815214,-0.17632634959509022,Swahili,Africa,Atlantic-Congo,37.624,-8.25605,675000,other
taste_group,-6.6616898200504995,0.00856555621078967,converged,-6.719210909394535,0.3257357408540621,calo1236,converged,-0.05752108934403566,-0.17652718159872105,Caló,Eurasia,Indo-European,0.6,41.424,460000,other
snow_group,-7.416197459846801,0.016251105602529504,converged,-7.488143656459008,0.4052897482162929,sout2856,converged,-0.07194619661220703,-0.17737539301358374,Nafsan,Papunesia,Austronesian,168.377,-17.7006,6000,other
taste_group,-6.6616898200504995,0.00856555621078967,converged,-6.70833449309656,0.257294865437354,yaqu1251,converged,-0.04664467304606035,-0.18118840727018087,Yaqui,North America,Uto-Aztecan,249.319,29.9446,14620,other
rain_group,-6.603067545596872,0.011688275163570797,converged,-6.655350836462081,0.28805420032445433,wole1240,converged,-0.05228329086520933,-0.1813558093791719,Woleaian,Papunesia,Austronesian,143.916,7.37957,1630,other
rain_group,-6.603067545596872,0.011688275163570797,converged,-6.646214047383006,0.23715759521507165,aona1235,converged,-0.04314650178613366,-0.181711218983479,Ao Naga,Eurasia,Sino-Tibetan,94.3824,26.3241,232000,other
taste_group,-6.6616898200504995,0.00856555621078967,converged,-6.72103668784248,0.32573545659657394,dhal1245,converged,-0.059346867791980173,-0.18213049445865462,Dhalandji,Australia,Pama-Nyungan,114.937,-22.196,100,hunter-gatherer
wind_group,-5.9578521923046734,0.008998002000740201,converged,-6.003449709033164,0.24791653534679658,tiri1258,converged,-0.045597516728490994,-0.18380183371657047,Tiri-Mea,Papunesia,Austronesian,165.792,-21.8147,260,other
smell_group,-6.4695167475009825,0.009740427525109643,converged,-6.517787948586982,0.2621012024023724,hoch1243,converged,-0.04827120108599914,-0.18404304138613212,Ho-Chunk,North America,Siouan,271.5,43.5,100,hunter-gatherer
wind_group,-5.9578521923046734,0.008998002000740201,converged,-5.98924839913198,0.17033149072018203,chad1249,converged,-0.03139620682730637,-0.1840674943315419,Chadian Arabic,Africa,Afro-Asiatic,13.5,14.67,1076000,other
rain_group,-6.603067545596872,0.011688275163570797,converged,-6.65873384344592,0.29664510123044713,gali1258,converged,-0.055666297849048085,-0.1875073527634511,Galician,Eurasia,Indo-European,-7.5343,42.2446,3185000,other
smell_group,-6.4695167475009825,0.009740427525109643,converged,-6.512736501317839,0.2300857308290327,bang1354,converged,-0.04321975381685661,-0.1876738609225391,Bobangi,Africa,Atlantic-Congo,17.227,-0.87437,111300,other
smell_group,-6.4695167475009825,0.009740427525109643,converged,-6.521476853818387,0.27513679325282797,tumu1242,converged,-0.051960106317404886,-0.18873366663777458,Tumulung Sisaala,Africa,Atlantic-Congo,-1.79707,10.63451,105000,other
smell_group,-6.4695167475009825,0.009740427525109643,converged,-6.525296435591354,0.2929436931291281,didi1258,converged,-0.05577968809037159,-0.19030578456214362,Didinga,Africa,Surmic,33.6869,4.21489,60000,other
ice_group,-7.612487188014121,0.01790479757416687,converged,-7.707459718179713,0.4984168439066791,pang1290,converged,-0.0949725301655917,-0.1904255648605568,Pangasinan,Papunesia,Austronesian,120.365,15.9377,1160000,other
wind_group,-5.9578521923046734,0.008998002000740201,converged,-5.995073731429719,0.19389166794305454,hais1244,converged,-0.037221539125045666,-0.19176441759939813,Haisla,North America,Wakashan,231.398,53.964,100,hunter-gatherer
taste_group,-6.6616898200504995,0.00856555621078967,converged,-6.7192915950882695,0.29902635131459787,ncan1245,converged,-0.057601775037769976,-0.1925521193959859,Ncane-Mungong,Africa,Atlantic-Congo,10.5312,6.50696,15500,other
wind_group,-5.9578521923046734,0.008998002000740201,converged,-6.006399008115441,0.2505761173724664,neng1238,converged,-0.04854681581076736,-0.19361600224487388,Nengone,Papunesia,Austronesian,167.964,-21.5305,6500,other
wind_group,-5.9578521923046734,0.008998002000740201,converged,-6.004698885486728,0.24082703379671788,tamp1252,converged,-0.046846693182054366,-0.19438859470132747,Tampulma,Africa,Atlantic-Congo,-1.35467,9.75577,16000,other
wind_group,-5.9578521923046734,0.008998002000740201,converged,-5.989067666329541,0.16019586727860874,pula1263,converged,-0.031215474024867795,-0.19455151662338377,Pulaar,Africa,Atlantic-Congo,-13.4482,13.8694,3691000,other
wind_group,-5.9578521923046734,0.008998002000740201,converged,-5.997440111163992,0.20328172592562185,ewee1241,converged,-0.03958791885931845,-0.19455361152702388,Ewe,Africa,Atlantic-Congo,0.814975,6.46061,3112000,other
ice_group,-7.612487188014121,0.01790479757416687,converged,-7.716260348117193,0.5308176859935415,neng1238,converged,-0.10377316010307158,-0.1953856833423858,Nengone,Papunesia,Austronesian,167.964,-21.5305,6500,other
ice_group,-7.612487188014121,0.01790479757416687,converged,-7.678514925739662,0.3354564818152091,aves1237,converged,-0.06602773772554027,-0.19654974904995046,Avestan,Eurasia,Indo-European,62.112,34.217,150000,other
wind_group,-5.9578521923046734,0.008998002000740201,converged,-5.984567127499587,0.13542320104817196,nort2646,converged,-0.026714935194913636,-0.1968359901309147,Northern Pashto,Eurasia,Indo-European,71.33,34,9590000,other
dance_group,-7.253315279651133,0.017805314144472898,converged,-7.338570180867958,0.4323631864956137,tali1259,converged,-0.08525490121682466,-0.19701654427243556,Talise,Papunesia,Austronesian,160.231,-9.76764,12500,other
wind_group,-5.9578521923046734,0.008998002000740201,converged,-5.995839214450264,0.19215481605265414,bara1370,converged,-0.037987022145590466,-0.19747328338376904,Baram Kayan,Papunesia,Austronesian,114.482,3.51211,4150,other
snow_group,-7.416197459846801,0.016251105602529504,converged,-7.497157137458622,0.4052890473388342,sele1250,converged,-0.08095967761182088,-0.19959747845699954,Selepet,Papunesia,Nuclear Trans New Guinea,147.234,-6.03532,7000,other
taste_group,-6.6616898200504995,0.00856555621078967,converged,-6.7036750484248575,0.20969441937422093,anda1287,converged,-0.04198522837435803,-0.20005417975911638,Andalusian Arabic,Eurasia,Afro-Asiatic,-5.2,36.54,500000,other
dance_group,-7.253315279651133,0.017805314144472898,converged,-7.33672465873181,0.41598064387887174,bela1254,converged,-0.0834093790806767,-0.2003292155464319,Belarusian,Eurasia,Indo-European,25.6038,53.2307,6720000,other
taste_group,-6.6616898200504995,0.00856555621078967,converged,-6.693905921744499,0.16030482315355657,bali1278,converged,-0.03221610169399991,-0.20068148646981518,Balinese,Papunesia,Austronesian,115.075,-8.35714,3330000,other
taste_group,-6.6616898200504995,0.00856555621078967,converged,-6.6948055617870255,0.16476114943262338,nort3139,converged,-0.03311574173652598,-0.2007213534473936,Levantine Arabic,Eurasia,Afro-Asiatic,36.0468,34.1709,13300000,other
rain_group,-6.603067545596872,0.011688275163570797,converged,-6.642499580690831,0.19529673415269128,nort3139,converged,-0.03943203509395943,-0.20154768091347058,Levantine Arabic,Eurasia,Afro-Asiatic,36.0468,34.1709,13300000,other
smell_group,-6.4695167475009825,0.009740427525109643,converged,-6.532457836153533,0.31135658147664863,daka1243,converged,-0.06294108865255055,-0.2020522945285519,Dakaka,Papunesia,Austronesian,168.013,-16.2696,1200,other
wind_group,-5.9578521923046734,0.008998002000740201,converged,-5.96776864908669,0.04817376297022002,stan1318,converged,-0.009916456782016247,-0.20234820748481186,Standard Arabic,Eurasia,Afro-Asiatic,43.8525,27.9625,273989700,other
smell_group,-6.4695167475009825,0.009740427525109643,converged,-6.501288683925779,0.15584603355334112,bodo1269,converged,-0.031771936424796365,-0.20347044907315143,Bodo-Mech,Eurasia,Sino-Tibetan,92,26.1,1543300,other
taste_group,-6.6616898200504995,0.00856555621078967,converged,-6.724317501363499,0.30689418084228703,abua1244,converged,-0.06262768131299978,-0.20398986421113613,Abua,Africa,Atlantic-Congo,6.61492,4.83057,25000,other
ice_group,-7.612487188014121,0.01790479757416687,converged,-7.714288967291245,0.4984163182319186,yand1253,converged,-0.10180177927712375,-0.2041188300276903,Yandruwandha,Australia,Pama-Nyungan,140.583,-28.4744,2000,hunter-gatherer
taste_group,-6.6616898200504995,0.00856555621078967,converged,-6.724577122711103,0.3068941442385729,isth1244,converged,-0.06288730266060316,-0.20483552305082736,Isthmus Zapotec,North America,Otomanguean,265.1556,16.4548,85000,other
rain_group,-6.603067545596872,0.011688275163570797,converged,-6.6639644152822965,0.2966446054023123,turk1308,converged,-0.060896869685424626,-0.20512644676622602,Turkana,Africa,Nilotic,35.7101,4.30688,476200,other
smell_group,-6.4695167475009825,0.009740427525109643,converged,-6.531268537319842,0.29847666064426936,abua1244,converged,-0.061751789818859315,-0.2067797669077315,Abua,Africa,Atlantic-Congo,6.61492,4.83057,25000,other
smell_group,-6.4695167475009825,0.009740427525109643,converged,-6.529343126892187,0.28790167316784976,djin1253,converged,-0.05982637939120483,-0.20768260345632655,Djinang,Australia,Pama-Nyungan,134.82,-12.462,120,hunter-gatherer
taste_group,-6.6616898200504995,0.00856555621078967,converged,-6.726133436919067,0.30689392501464763,urak1238,converged,-0.06444361686856759,-0.2099048747865436,Urak Lawoi',Eurasia,Austronesian,99.0768,7.5258,3000,hunter-gatherer
taste_group,-6.6616898200504995,0.00856555621078967,converged,-6.7031886696431755,0.19637082202021866,tbol1240,converged,-0.041498849592676024,-0.21112824538955052,Tboli,Papunesia,Austronesian,124.538,6.20377,95300,other
ice_group,-7.612487188014121,0.01790479757416687,converged,-7.66554156033623,0.2505155069189779,tokp1240,converged,-0.053054372322108634,-0.21124194352449024,Tok Pisin,Papunesia,Indo-European,147.303,-9.41971,125630,other
smell_group,-6.4695167475009825,0.009740427525109643,converged,-6.5196993384769595,0.2363414923949587,diri1252,converged,-0.05018259097597699,-0.21215075729413987,Diriku-Shambyu,Africa,Atlantic-Congo,20.6678,-18.1681,36200,other
ice_group,-7.612487188014121,0.01790479757416687,converged,-7.718409937119632,0.49841600275635584,arta1239,converged,-0.10592274910551058,-0.21238176229984523,Arta,Papunesia,Austronesian,121.656,16.4185,100,hunter-gatherer
ice_group,-7.612487188014121,0.01790479757416687,converged,-7.698943320529656,0.406260493004693,chan1310,converged,-0.08645613251553463,-0.21260322298177253,Chantyal,Eurasia,Sino-Tibetan,83.4488,28.684,2000,other
smell_group,-6.4695167475009825,0.009740427525109643,converged,-6.529943275655162,0.2832875889831501,sina1266,converged,-0.06042652815417959,-0.21317856199958166,Sinaugoro,Papunesia,Austronesian,147.861,-9.79791,18000,other
wind_group,-5.9578521923046734,0.008998002000740201,converged,-5.983003302034409,0.11660833299391019,lith1251,converged,-0.025151109729735666,-0.21504949780050928,Lithuanian,Eurasia,Indo-European,23.9601,55.1429,2960000,other
taste_group,-6.6616898200504995,0.00856555621078967,converged,-6.717065514581974,0.25729396217145967,nanc1247,converged,-0.05537569453147473,-0.21510428572384216,Nancowry,Eurasia,Austroasiatic,93.3921,7.94812,930,other
smell_group,-6.4695167475009825,0.009740427525109643,converged,-6.526970829955251,0.2650231259339928,siee1239,converged,-0.057454082454268196,-0.21664266943245933,Sie,Papunesia,Austronesian,169.166,-18.8181,1900,other
wind_group,-5.9578521923046734,0.008998002000740201,converged,-5.988779836312718,0.1406159032642101,ling1263,converged,-0.030927644008044375,-0.21949521498571542,Kinshasa Lingala,Africa,Atlantic-Congo,15.28532,-4.409174,20259660,other
rain_group,-6.603067545596872,0.011688275163570797,converged,-6.672562103666984,0.3163706388013012,giky1238,converged,-0.06949455807011251,-0.21951208692940577,Gikyode,Africa,Atlantic-Congo,0.56975,8.39478,10400,other
dance_group,-7.253315279651133,0.017805314144472898,converged,-7.294138930094415,0.18495343886806637,bulg1262,converged,-0.040823650443281956,-0.21970818038332837,Bulgarian,Eurasia,Indo-European,25.047,43.3646,8775000,other
ice_group,-7.612487188014121,0.01790479757416687,converged,-7.722134695732425,0.4984157187284455,enga1252,converged,-0.10964750771830367,-0.21985026229953533,Enga,Papunesia,Nuclear Trans New Guinea,143.685,-5.45619,165000,other
snow_group,-7.416197459846801,0.016251105602529504,converged,-7.498225172611265,0.3694125276385731,temi1246,converged,-0.08202771276446441,-0.22183453072566423,Temiar,Eurasia,Austroasiatic,101.438,4.974,25725,other
snow_group,-7.416197459846801,0.016251105602529504,converged,-7.498553623159537,0.36941250677985293,saur1248,converged,-0.08235616331273565,-0.22272280007233294,Saurashtra,Eurasia,Indo-European,77.9427,9.99172,310000,other
rain_group,-6.603067545596872,0.011688275163570797,converged,-6.665859801640661,0.28105297159474274,suss1239,converged,-0.0627922560437888,-0.2232249170927985,Sussex,Eurasia,Indo-European,-1,53,602255,other
wind_group,-5.9578521923046734,0.008998002000740201,converged,-6.016639342408199,0.26314359518638075,savo1255,converged,-0.058787150103525754,-0.22327281725534956,Savosavo,Papunesia,isolate_savo1255,159.814,-9.12853,2420,other
snow_group,-7.416197459846801,0.016251105602529504,converged,-7.49699155701537,0.3606269273551008,yank1247,converged,-0.08079409716856922,-0.2238107606008245,Yankunytjatjara,Australia,Pama-Nyungan,133.577,-26.4064,100,hunter-gatherer
wind_group,-5.9578521923046734,0.008998002000740201,converged,-6.000214999384284,0.18890291974129428,toab1237,converged,-0.04236280707961093,-0.22400305053317443,To'abaita,Papunesia,Austronesian,160.619,-8.39233,12600,other
snow_group,-7.416197459846801,0.016251105602529504,converged,-7.503978826197938,0.391332860269609,turk1308,converged,-0.08778136635113665,-0.22412064457117575,Turkana,Africa,Nilotic,35.7101,4.30688,476200,other
wind_group,-5.9578521923046734,0.008998002000740201,converged,-5.994489551691295,0.16282344480121025,esse1265,converged,-0.036637359386621604,-0.2246699999372898,Essex,Eurasia,Indo-European,-1,53,1832751,other
ice_group,-7.612487188014121,0.01790479757416687,converged,-7.73200475235796,0.530816336342909,shek1244,converged,-0.11951756434383842,-0.22503005849281477,Shekkacho,Africa,Ta-Ne-Omotic,35.3922,7.27424,54900,other
snow_group,-7.416197459846801,0.016251105602529504,converged,-7.508388490860996,0.4052881827943851,araw1276,converged,-0.09219103101419535,-0.227287670344783,Lokono,South America,Arawakan,303.0757,5.64295,2450,other
rain_group,-6.603067545596872,0.011688275163570797,converged,-6.662109772766254,0.25926861349929015,magu1243,converged,-0.05904222716938179,-0.2274950295600603,Maguindanao,Papunesia,Austronesian,124.509,6.9453,1000000,other
dance_group,-7.253315279651133,0.017805314144472898,converged,-7.336564526676968,0.3651449704284804,coma1245,converged,-0.0832492470258348,-0.22771900589308433,Comanche,North America,Uto-Aztecan,259,34,200,hunter-gatherer
taste_group,-6.6616898200504995,0.00856555621078967,converged,-6.696476779763766,0.1519673083751614,masa1300,converged,-0.03478695971326662,-0.22854805505799397,Masai,Africa,Nilotic,36.4573,-3.1419,1045000,other
rain_group,-6.603067545596872,0.011688275163570797,converged,-6.675617351421838,0.3163702957353741,papi1253,converged,-0.07254980582496628,-0.22916292974664856,Papiamento,South America,Indo-European,290.06012,12.48485,239400,other
smell_group,-6.4695167475009825,0.009740427525109643,converged,-6.5430215386038695,0.3189212242635177,wand1263,converged,-0.07350479110288699,-0.23037203795945177,Wandarang,Australia,Mangarrayi-Maran,135.705,-14.2996,2000,hunter-gatherer
smell_group,-6.4695167475009825,0.009740427525109643,converged,-6.508500643786895,0.16626737592175458,kash1277,converged,-0.038983896285912145,-0.2340637916522521,Kashmiri,Eurasia,Indo-European,74.330455,34.166825,5525000,other
dance_group,-7.253315279651133,0.017805314144472898,converged,-7.359533794778889,0.45255390015047114,adyg1241,converged,-0.10621851512775571,-0.2345276432511944,Adyghe,Eurasia,Abkhaz-Adyge,39.33,44,475300,other
rain_group,-6.603067545596872,0.011688275163570797,converged,-6.677318555777125,0.31637010516513075,moki1238,converged,-0.07425101018025337,-0.23453666170001072,Mokilese,Papunesia,Austronesian,159.776,6.65651,1050,other
smell_group,-6.4695167475009825,0.009740427525109643,converged,-6.528362559086805,0.24996757772739348,paam1238,converged,-0.05884581158582236,-0.23523525306031587,Paama,Papunesia,Austronesian,168.23693,-16.47548,6000,other
taste_group,-6.6616898200504995,0.00856555621078967,converged,-6.686718363947742,0.10591555387797677,fiji1243,converged,-0.025028543897242628,-0.23553761762156622,Fijian,Papunesia,Austronesian,178.33,-18,333440,other
ice_group,-7.612487188014121,0.01790479757416687,converged,-7.724321738911176,0.47391732691119154,sanb1242,converged,-0.11183455089705419,-0.2358107960719497,San Blas Kuna,South America,Chibchan,281.6925,9.15686,57100,other
rain_group,-6.603067545596872,0.011688275163570797,converged,-6.662842932692724,0.2524265605527838,choc1276,converged,-0.059775387095852395,-0.23654963141430757,Choctaw,North America,Muskogean,271.5,32.25,11400,other
wind_group,-5.9578521923046734,0.008998002000740201,converged,-6.018664762610847,0.2564322902312377,khwa1238,converged,-0.060812570306173264,-0.2370027854343002,Khwarezmian,Eurasia,Indo-European,60.75,41.68,5000000,other
wind_group,-5.9578521923046734,0.008998002000740201,converged,-5.985094457483214,0.11431866474143534,shon1251,converged,-0.02724226517854067,-0.23756636052357824,Shona,Africa,Atlantic-Congo,29.75725,-17.20849,10741200,other
ice_group,-7.612487188014121,0.01790479757416687,converged,-7.740993772578592,0.5308155752550943,libe1247,converged,-0.1285065845644704,-0.2419551119163313,Liberia Kpelle,Africa,Mande,-9.96128,6.92048,487000,other
ice_group,-7.612487188014121,0.01790479757416687,converged,-7.751971653177512,0.5760091295796267,lopi1242,converged,-0.13948446516339086,-0.24203978691651756,Lopit,Africa,Nilotic,32.7534,4.6986,50000,other
snow_group,-7.416197459846801,0.016251105602529504,converged,-7.514635715360831,0.4052877060932451,tang1348,converged,-0.09843825551403018,-0.24268985601279577,Tangga,Papunesia,Austronesian,153.611,-4.08824,5800,other
ice_group,-7.612487188014121,0.01790479757416687,converged,-7.741530552872065,0.5308155300227146,kara1499,converged,-0.1290433648579432,-0.24296579470724086,Kalamang,Papunesia,West Bomberai,132.678,-3.47037,240,other
taste_group,-6.6616898200504995,0.00856555621078967,converged,-6.732963039998766,0.2919657083697564,mwag1236,converged,-0.07127321994826641,-0.24401005175835155,Mwaghavul,Africa,Afro-Asiatic,8.96522,9.47205,295000,other
taste_group,-6.6616898200504995,0.00856555621078967,converged,-6.721402808578289,0.2417158080096166,cent1990,converged,-0.05971298852778961,-0.24688303254159522,Central Nicobarese,Eurasia,Austroasiatic,93.3921,7.94812,10100,other
dance_group,-7.253315279651133,0.017805314144472898,converged,-7.365554980907672,0.45255328393619265,rita1239,converged,-0.11223970125653882,-0.24782259826085376,Ritharrngu,Australia,Pama-Nyungan,135.259,-13.4559,100,hunter-gatherer
rain_group,-6.603067545596872,0.011688275163570797,converged,-6.621920082236758,0.07465567529050395,hind1270,converged,-0.018852536639886175,-0.24948732295832718,Hindustani,Eurasian,Indo-European,78.91266666666667,20.558666666666667,415206010,other
smell_group,-6.4695167475009825,0.009740427525109643,converged,-6.521877190819371,0.20864144161783021,plat1254,converged,-0.052360443318388405,-0.2506859446612279,Plateau Malagasy,Africa,Austronesian,47.1211,-19.5907,7520000,other
snow_group,-7.416197459846801,0.016251105602529504,converged,-7.514683825769454,0.39133209768753824,kara1483,converged,-0.09848636592265336,-0.25145280448985163,Karamojong,Africa,Nilotic,34.2761,2.45157,260000,other
rain_group,-6.603067545596872,0.011688275163570797,converged,-6.682679374419331,0.3117081341506785,nenn1238,converged,-0.07961182882245943,-0.2552256725498955,Nen,Papunesia,Yam,142.032,-8.62183,250,other
wind_group,-5.9578521923046734,0.008998002000740201,converged,-6.016964029968231,0.23131227230262683,zigu1244,converged,-0.059111837663557765,-0.25535681227752544,Zigula-Mushungulu,Africa,Atlantic-Congo,38.41138,-5.61864,355000,other
taste_group,-6.6616898200504995,0.00856555621078967,converged,-6.729670040019945,0.26522689109960307,area1240,converged,-0.0679802199694457,-0.2561761229631829,'Are'are,Papunesia,Austronesian,161.158,-9.20699,17900,other
dance_group,-7.253315279651133,0.017805314144472898,converged,-7.376679013836878,0.47815091837471196,savo1255,converged,-0.12336373418574453,-0.2578229731600429,Savosavo,Papunesia,isolate_savo1255,159.814,-9.12853,2420,other
wind_group,-5.9578521923046734,0.008998002000740201,converged,-6.01723394281199,0.2296796705250127,nucl1696,converged,-0.059381750507316866,-0.2583434297859677,Tangale,Africa,Afro-Asiatic,11.3228,9.75444,130000,other
taste_group,-6.6616898200504995,0.00856555621078967,converged,-6.746253629494159,0.3257315831422464,nugu1241,converged,-0.08456380944365982,-0.2595222296183085,Nugunu,Australia,Pama-Nyungan,133.908,-31.9899,100,hunter-gatherer
smell_group,-6.4695167475009825,0.009740427525109643,converged,-6.543257593973224,0.2832858698980401,nzim1238,converged,-0.07374084647224155,-0.26015168128638616,Nzima,Africa,Atlantic-Congo,-2.81123,5.1785,328700,other
wind_group,-5.9578521923046734,0.008998002000740201,converged,-6.02569497631394,0.25966819116199974,dhal1245,converged,-0.06784278400926613,-0.26111049275943315,Dhalandji,Australia,Pama-Nyungan,114.937,-22.196,100,hunter-gatherer
rain_group,-6.603067545596872,0.011688275163570797,converged,-6.6584236332463185,0.2112397669042355,nung1290,converged,-0.05535608764944655,-0.26165311219644877,Wubuy,Australia,Gunwinyguan,135.753,-14.2623,360,hunter-gatherer
ice_group,-7.612487188014121,0.01790479757416687,converged,-7.688902430644358,0.29143681077976064,clas1252,converged,-0.07641524263023669,-0.2617083196887381,Classical Syriac,Eurasia,Afro-Asiatic,42.1432,37.1129,200000,other
taste_group,-6.6616898200504995,0.00856555621078967,converged,-6.709479173582593,0.18131340321124154,yuca1254,converged,-0.04778935353209324,-0.26327957077903036,Yucatec Maya,North America,Mayan,271.0433,18.7757,706000,other
smell_group,-6.4695167475009825,0.009740427525109643,converged,-6.548265062180918,0.298474216616659,fuyu1242,converged,-0.07874831467993548,-0.26369586041426496,Fuyug,Papunesia,isolate_fuyu1242,147.312,-8.6371,14000,other
snow_group,-7.416197459846801,0.016251105602529504,converged,-7.493133510810698,0.28798538476741997,pula1263,converged,-0.076936050963897,-0.26672827854240344,Pulaar,Africa,Atlantic-Congo,-13.4482,13.8694,3691000,other
ice_group,-7.612487188014121,0.01790479757416687,converged,-7.730167742280896,0.4391318544473781,midd1344,converged,-0.1176805542667747,-0.2677620759532239,Middle Chinese,Eurasia,Sino-Tibetan,108.9,34.27,65000000,other
taste_group,-6.6616898200504995,0.00856555621078967,converged,-6.698060022268046,0.13512925850651814,tong1325,converged,-0.0363702022175465,-0.2686120972824587,Tonga,Papunesia,Austronesian,184.75,-21.17,102290,other
snow_group,-7.416197459846801,0.016251105602529504,converged,-7.478772735662781,0.23052764104639104,mind1253,converged,-0.06257527581597966,-0.2707717226673999,Min Dong Chinese,Eurasia,Sino-Tibetan,119.5,26,8820000,other
taste_group,-6.6616898200504995,0.00856555621078967,converged,-6.709891312373244,0.1775649018941816,mani1292,converged,-0.048201492322744954,-0.27114315383510346,Manipuri,Eurasia,Sino-Tibetan,93.3426,24.4409,1391000,other
dance_group,-7.253315279651133,0.017805314144472898,converged,-7.307201665190345,0.1974933900267816,slov1269,converged,-0.053886385539211545,-0.27174940924584967,Slovak,Eurasia,Indo-European,18.78479,48.545705,4701800,other
taste_group,-6.6616898200504995,0.00856555621078967,converged,-6.715041449907021,0.19594747886227085,rovi1238,converged,-0.053351629856521754,-0.2720153839917911,Roviana,Papunesia,Austronesian,157.408,-8.20493,9870,other
rain_group,-6.603067545596872,0.011688275163570797,converged,-6.6938459829784716,0.33348764299421585,dehu1237,converged,-0.09077843738159963,-0.2720422608983355,Dehu,Papunesia,Austronesian,167.229,-20.8892,11300,other
snow_group,-7.416197459846801,0.016251105602529504,converged,-7.523353020113437,0.39133148608144486,mexi1248,converged,-0.10715556026663631,-0.27358719079600574,Mexican Spanish,Eurasia,Indo-European,-1.11788,40.4414,120000000,other
wind_group,-5.9578521923046734,0.008998002000740201,converged,-5.984092755704864,0.0954547642814716,czec1258,converged,-0.026240563400190986,-0.2736872332783471,Czech,Eurasia,Indo-European,15.10437,49.873398,9282000,other
wind_group,-5.9578521923046734,0.008998002000740201,converged,-6.018547035009283,0.22129660446304036,baba1267,converged,-0.0606948427046099,-0.274042760958055,Baba Malay,Eurasia,Austronesian,103.076,1.75414,15000,other
rain_group,-6.603067545596872,0.011688275163570797,converged,-6.701273002382982,0.35763240763342147,wand1263,converged,-0.09820545678611037,-0.2744523376790484,Wandarang,Australia,Mangarrayi-Maran,135.705,-14.2996,2000,hunter-gatherer
snow_group,-7.416197459846801,0.016251105602529504,converged,-7.527683987448038,0.40528671998312854,beng1286,converged,-0.11148652760123667,-0.2748597576820954,Beng,Africa,Mande,-4.23539,7.78122,17000,other
ice_group,-7.612487188014121,0.01790479757416687,converged,-7.7499688666832025,0.4984136294163387,bela1254,converged,-0.13748167866908112,-0.2756607084371099,Belarusian,Eurasia,Indo-European,25.6038,53.2307,6720000,other
rain_group,-6.603067545596872,0.011688275163570797,converged,-6.699260168591512,0.34854388774548706,powh1243,converged,-0.09619262299464015,-0.27582919785544774,Powhatan,North America,Algic,282.79248,36.99422,8000,other
snow_group,-7.416197459846801,0.016251105602529504,converged,-7.524287229011781,0.3913314204894547,sout2789,converged,-0.10808976916498025,-0.2759724383330872,Central Dagaare,Africa,Atlantic-Congo,-2.52265,10.4226,700000,other
dance_group,-7.253315279651133,0.017805314144472898,converged,-7.342206582002699,0.31918834679281893,anda1287,converged,-0.08889130235156628,-0.278059400542844,Andalusian Arabic,Eurasia,Afro-Asiatic,-5.2,36.54,500000,other
rain_group,-6.603067545596872,0.011688275163570797,converged,-6.702623341110745,0.3576322115459923,shat1244,converged,-0.09955579551387306,-0.2782262479874688,Shatt,Africa,Dajuic,29.7687,10.8525,15000,other
taste_group,-6.6616898200504995,0.00856555621078967,converged,-6.739653781192498,0.2798048036212687,sanz1248,converged,-0.07796396114199844,-0.2785064964028336,Sanzhi,Eurasia,Nakh-Daghestanian,47.5667,41.97796,596000,other
snow_group,-7.416197459846801,0.016251105602529504,converged,-7.529508169438761,0.4052865831444889,izon1238,converged,-0.11331070959195966,-0.2793572044078595,Izon,Africa,Ijoid,5.51702,5.17986,1000000,other
ice_group,-7.612487188014121,0.01790479757416687,converged,-7.761191544013515,0.5308138898852182,cung1238,converged,-0.1487043559993939,-0.2799848220121619,Chung,Africa,Atlantic-Congo,10.4104,6.59687,1400,other
rain_group,-6.603067545596872,0.011688275163570797,converged,-6.700796605957134,0.34854367610548487,nort2875,converged,-0.09772906036026185,-0.28023505168154317,Northern Alta,Papunesia,Austronesian,121.454,15.6913,200,hunter-gatherer
smell_group,-6.4695167475009825,0.009740427525109643,converged,-6.55199343970528,0.2929399955008433,tamp1252,converged,-0.08247669220429721,-0.2813925652213393,Tampulma,Africa,Atlantic-Congo,-1.35467,9.75577,16000,other
smell_group,-6.4695167475009825,0.009740427525109643,converged,-6.528553891136812,0.20864112741615617,tbol1240,converged,-0.05903714363582946,-0.28265238839968276,Tboli,Papunesia,Austronesian,124.538,6.20377,95300,other
rain_group,-6.603067545596872,0.011688275163570797,converged,-6.70124277544489,0.3405602166998141,djiw1241,converged,-0.0981752298480183,-0.2881060533580191,Djiwarli,Australia,Pama-Nyungan,116.98858,-24.10724,2000,other
dance_group,-7.253315279651133,0.017805314144472898,converged,-7.357773735325529,0.3585593981431172,rabh1238,converged,-0.10445845567439616,-0.29096964517425267,Rabha,Eurasia,Sino-Tibetan,91.1689,25.8248,50000,other
taste_group,-6.6616898200504995,0.00856555621078967,converged,-6.716604002072735,0.18850820946154673,hmon1264,converged,-0.054914182022235636,-0.29100896977533347,Hmong Njua,Eurasia,Hmong-Mien,101.95,22.5638,210000,other
dance_group,-7.253315279651133,0.017805314144472898,converged,-7.3748128897126115,0.41597732853401237,kapi1249,converged,-0.12149761006147841,-0.29181028337816406,Kapingamarangi,Papunesia,Austronesian,154.797223,1.039166,3000,other
dance_group,-7.253315279651133,0.017805314144472898,converged,-7.360724416497269,0.365143424420704,zand1248,converged,-0.10740913684613584,-0.2938069238318906,Zande,Africa,Atlantic-Congo,26.7157,4.62047,1142000,other
smell_group,-6.4695167475009825,0.009740427525109643,converged,-6.540872099724818,0.24246893018951943,gung1250,converged,-0.07135535222383549,-0.29404941038994875,Gungu,Africa,Atlantic-Congo,31.4819,2.06754,49000,other
smell_group,-6.4695167475009825,0.009740427525109643,converged,-6.520335064235126,0.17134456278841587,clas1252,converged,-0.05081831673414339,-0.2961074607229544,Classical Syriac,Eurasia,Afro-Asiatic,42.1432,37.1129,200000,other
wind_group,-5.9578521923046734,0.008998002000740201,converged,-6.018373498212662,0.20389035297822497,kwom1262,converged,-0.06052130590798832,-0.296543977944787,Kwoma,Papunesia,Sepik,142.664,-4.08721,3000,hunter-gatherer
smell_group,-6.4695167475009825,0.009740427525109643,converged,-6.5568659604649815,0.2929393312222309,esan1238,converged,-0.087349212963999,-0.29801722310399786,Esan,Africa,Atlantic-Congo,6.33917,6.25685,200000,other
smell_group,-6.4695167475009825,0.009740427525109643,converged,-6.545580295658401,0.25438338420219936,kuan1247,converged,-0.07606354815741856,-0.2987925069500364,Kuanyama,Africa,Atlantic-Congo,16.58,-17.7176,668000,other
snow_group,-7.416197459846801,0.016251105602529504,converged,-7.529703860219865,0.3795313950197553,ndau1241,converged,-0.1135064003730637,-0.2987960686553541,Ndau,Africa,Atlantic-Congo,33.1739,-20.1239,2380000,other
dance_group,-7.253315279651133,0.017805314144472898,converged,-7.3525227546982865,0.33091534139430706,maga1263,converged,-0.09920747504715344,-0.2993641131589312,Mag-Anchi Ayta,Papunesia,Austronesian,120.459,15.1954,8200,hunter-gatherer
wind_group,-5.9578521923046734,0.008998002000740201,converged,-6.021987353191004,0.212873425353533,mali1284,converged,-0.06413516088633031,-0.3010142886915338,Mali,Papunesia,Baining,152.214,-4.71826,2200,other
taste_group,-6.6616898200504995,0.00856555621078967,converged,-6.726406603304464,0.2143659742428399,bara1370,converged,-0.06471678325396457,-0.3016578608785641,Baram Kayan,Papunesia,Austronesian,114.482,3.51211,4150,other
rain_group,-6.603067545596872,0.011688275163570797,converged,-6.68087127056331,0.25735242827383864,kali1308,converged,-0.07780372496643828,-0.30201232225423,Kalispel-Pend d'Oreille,North America,Salishan,245.81,47.5825,100,hunter-gatherer
rain_group,-6.603067545596872,0.011688275163570797,converged,-6.694142134666858,0.29995854214840784,nort2961,converged,-0.09107458906998644,-0.3033936772465238,Northwestern Ojibwa,North America,Algic,272.2138,51.6192,20000,hunter-gatherer
ice_group,-7.612487188014121,0.01790479757416687,converged,-7.746036629128756,0.4391309584364672,tiwi1244,converged,-0.13354944111463496,-0.30386964661449495,Tiwi,Australia,isolate_tiwi1244,130.949,-11.6308,1830,hunter-gatherer
taste_group,-6.6616898200504995,0.00856555621078967,converged,-6.73786504565113,0.25043296034051704,mali1284,converged,-0.07617522560063072,-0.3039963588065885,Mali,Papunesia,Baining,152.214,-4.71826,2200,other
rain_group,-6.603067545596872,0.011688275163570797,converged,-6.699590480080972,0.31636763991129424,mund1320,converged,-0.0965229344841001,-0.3048893603057912,Mundari,Eurasia,Austroasiatic,85.85,23.03,1560280,other
rain_group,-6.603067545596872,0.011688275163570797,converged,-6.684874368402888,0.26744112123872493,moro1292,converged,-0.08180682280601648,-0.3055955144603947,Moroccan Arabic,Africa,Afro-Asiatic,-7.5,32.5,20140000,other
snow_group,-7.416197459846801,0.016251105602529504,converged,-7.469431619560425,0.1727061595653201,goan1235,converged,-0.05323415971362433,-0.3068798473068313,Goan Konkani,Eurasia,Indo-European,74.2098,15.2732,3630000,other
rain_group,-6.603067545596872,0.011688275163570797,converged,-6.6859808377575725,0.2688427356401867,sout3283,converged,-0.08291329216070054,-0.3081170936532744,South Yorkshire English,Eurasia,Indo-European,-1,53,1402918,other
rain_group,-6.603067545596872,0.011688275163570797,converged,-6.710536288408831,0.3485423420254291,reel1238,converged,-0.1074687428119594,-0.30816446745161663,Reel,Africa,Nilotic,30.49451,6.32234,50000,other
ice_group,-7.612487188014121,0.01790479757416687,converged,-7.776594862069174,0.5308126272618439,tali1258,converged,-0.16410767405505222,-0.3089873647078594,Talinga-Bwisi,Africa,Atlantic-Congo,29.9494,0.676185,99400,other
ice_group,-7.612487188014121,0.01790479757416687,converged,-7.79056217912031,0.576005487837604,savo1255,converged,-0.17807499110618874,-0.30900577417397895,Savosavo,Papunesia,isolate_savo1255,159.814,-9.12853,2420,other
ice_group,-7.612487188014121,0.01790479757416687,converged,-7.776940232788381,0.5308125991737898,urak1238,converged,-0.16445304477425982,-0.3096376565041584,Urak Lawoi',Eurasia,Austronesian,99.0768,7.5258,3000,hunter-gatherer
snow_group,-7.416197459846801,0.016251105602529504,converged,-7.5418251336824325,0.4052856657061107,ayiw1239,converged,-0.12562767383563145,-0.309724254678051,Äiwoo,Papunesia,Austronesian,166.328715,-10.282595,8400,other
smell_group,-6.4695167475009825,0.009740427525109643,converged,-6.5683763838305875,0.3189171437457099,dhal1245,converged,-0.09885963632960504,-0.3098408508838312,Dhalandji,Australia,Pama-Nyungan,114.937,-22.196,100,hunter-gatherer
dance_group,-7.253315279651133,0.017805314144472898,converged,-7.364661515839511,0.35855898468087233,sora1254,converged,-0.11134623618837747,-0.310155955240125,Sora,Eurasia,Austroasiatic,84.19,19.1213,310000,other
ice_group,-7.612487188014121,0.01790479757416687,converged,-7.754002414146501,0.4546764362860724,mexi1248,converged,-0.14151522613237955,-0.3110027635338711,Mexican Spanish,Eurasia,Indo-European,-1.11788,40.4414,120000000,other
rain_group,-6.603067545596872,0.011688275163570797,converged,-6.6262507677007045,0.07308861985439126,taga1270,converged,-0.023183222103832613,-0.3132135200804607,Tagalog,Papunesia,Austronesian,121.747,14.06,21500000,other
dance_group,-7.253315279651133,0.017805314144472898,converged,-7.3584751329215,0.3344955629863222,meso1252,converged,-0.10515985327036681,-0.3139389490508637,Gilit Mesopotamian Arabic,Eurasia,Afro-Asiatic,43.1095,33.8178,14600000,other
taste_group,-6.6616898200504995,0.00856555621078967,converged,-6.7415794294258236,0.25374228016278605,gilb1244,converged,-0.07988960937532408,-0.31466624291966416,Gilbertese,Papunesia,Austronesian,173.64,0.179,66110,other
taste_group,-6.6616898200504995,0.00856555621078967,converged,-6.755952649155721,0.29902146535808655,egyp1246,converged,-0.09426282910522144,-0.3151084119441932,Egyptian,Africa,Afro-Asiatic,30.834959,28.381735,1500000,other
smell_group,-6.4695167475009825,0.009740427525109643,converged,-6.515921435300468,0.14681666387767672,tokp1240,converged,-0.0464046877994857,-0.31537903310365695,Tok Pisin,Papunesia,Indo-European,147.303,-9.41971,125630,other
smell_group,-6.4695167475009825,0.009740427525109643,converged,-6.572119717367708,0.31891655001928737,arik1262,converged,-0.10260296986672568,-0.3215736148376782,Arikara,North America,Caddoan,260,45,100,other
dance_group,-7.253315279651133,0.017805314144472898,converged,-7.3711963680068076,0.36514276582769006,tain1252,converged,-0.11788108835567446,-0.3224524773678621,Tai Nüa,Eurasia,Tai-Kadai,99.722,21.7837,647400,other
ice_group,-7.612487188014121,0.01790479757416687,converged,-7.750084852500991,0.4262859865609234,chek1238,converged,-0.1375976644868695,-0.3224981758170046,Cheke Holo,Papunesia,Austronesian,159.625,-8.27055,10800,other
ice_group,-7.612487188014121,0.01790479757416687,converged,-7.773451775966961,0.49841191138282437,rung1259,converged,-0.1609645879528392,-0.3227467509155956,Rungus,Papunesia,Austronesian,116.743,6.83989,15000,other
ice_group,-7.612487188014121,0.01790479757416687,converged,-7.798845303258575,0.5760047243173155,bela1256,converged,-0.18635811524445334,-0.3233795468740696,Belanda Bor,Africa,Nilotic,27.8232,6.6503,8000,other
ice_group,-7.612487188014121,0.01790479757416687,converged,-7.784679705084477,0.5308119722809495,guar1292,converged,-0.17219251707035532,-0.324210174539185,Guarayu,South America,Tupian,298.3066,-15.8247,5930,other
taste_group,-6.6616898200504995,0.00856555621078967,converged,-6.75451308739815,0.28558986976975176,gari1256,converged,-0.09282326734765078,-0.3248768801242137,Garifuna,North America,Arawakan,273.09090000000003,15.3529,130800,other
rain_group,-6.603067545596872,0.011688275163570797,converged,-6.719401540555354,0.3576297970710844,bong1285,converged,-0.11633399495848185,-0.32511808129040254,Bongo,Africa,Central Sudanic,27.9918,7.4145,10100,other
smell_group,-6.4695167475009825,0.009740427525109643,converged,-6.492531232134842,0.07011404724459352,mode1248,converged,-0.023014484633859134,-0.3251212174175459,Modern Greek,Eurasia,Indo-European,23.13,38.36,11792480,other
ice_group,-7.612487188014121,0.01790479757416687,converged,-7.71609495725576,0.31731355067351497,mara1382,converged,-0.10360776924163861,-0.3259968653415214,Mara Chin,Eurasia,Sino-Tibetan,93.0387,22.1138,42000,other
smell_group,-6.4695167475009825,0.009740427525109643,converged,-6.506037302270876,0.11136567743485325,oriy1255,converged,-0.036520554769893465,-0.32668649328333527,Odia,Eurasia,Indo-European,85,21,34463280,other
rain_group,-6.603067545596872,0.011688275163570797,converged,-6.7177321283698435,0.348541364693796,kudm1238,converged,-0.11466458277297154,-0.3287993153450879,Kudmali,Eurasia,Indo-European,87.33,25.92,37000,other
dance_group,-7.253315279651133,0.017805314144472898,converged,-7.369577580812092,0.35269672579409544,ladi1251,converged,-0.11626230116095915,-0.3292189124285666,Ladino,Eurasia,Indo-European,28.6632,41.205,8000,other
dance_group,-7.253315279651133,0.017805314144472898,converged,-7.3615092654386025,0.32762597616761524,magu1243,converged,-0.10819398578746942,-0.32974968153342155,Maguindanao,Papunesia,Austronesian,124.509,6.9453,1000000,other
rain_group,-6.603067545596872,0.011688275163570797,converged,-6.715474188791686,0.3405583698517418,cung1238,converged,-0.11240664319481386,-0.32987149416030476,Chung,Africa,Atlantic-Congo,10.4104,6.59687,1400,other
snow_group,-7.416197459846801,0.016251105602529504,converged,-7.476895130321212,0.1832752938136447,pedi1238,converged,-0.060697670474411325,-0.32988872039582784,Pedi,Africa,Atlantic-Congo,29.471800000000002,-24.7993,4090000,other
smell_group,-6.4695167475009825,0.009740427525109643,converged,-6.529637981445969,0.18158751492069794,anei1239,converged,-0.060121233944986585,-0.3306115344762979,Aneityum,Papunesia,Austronesian,169.825,-20.1864,900,other
wind_group,-5.9578521923046734,0.008998002000740201,converged,-6.025813549957318,0.20516501223577716,kamb1297,converged,-0.06796135765264477,-0.33093406235455297,Kamba,Africa,Atlantic-Congo,37.9532,-1.60827,3960000,other
smell_group,-6.4695167475009825,0.009740427525109643,converged,-6.552345891299342,0.24793778379164977,kxoe1243,converged,-0.08282914379835926,-0.3338147914981574,Kxoe,Africa,Khoe-Kwadi,22.599835,-16.59051,6590,hunter-gatherer
snow_group,-7.416197459846801,0.016251105602529504,converged,-7.51217554323479,0.28670514680673886,giry1241,converged,-0.09597808338798863,-0.33422584784113496,Giryama,Africa,Atlantic-Congo,39.6648,-3.30638,623000,other
smell_group,-6.4695167475009825,0.009740427525109643,converged,-6.50715292218786,0.1119668481014236,east2295,converged,-0.03763617468687741,-0.33487201449558757,Eastern Yiddish,Eurasia,Indo-European,19.42,51.75,401947,other
ice_group,-7.612487188014121,0.01790479757416687,converged,-7.782278382896653,0.4984112759782646,thay1249,converged,-0.16979119488253147,-0.34044523053844766,Thayore,Australia,Pama-Nyungan,142.034,-14.8159,150,hunter-gatherer
smell_group,-6.4695167475009825,0.009740427525109643,converged,-6.566245962105651,0.2832829550641463,kwan1273,converged,-0.0967292146046681,-0.34125627293721533,Kwangali,Africa,Atlantic-Congo,19.256,-17.9026,84000,other
smell_group,-6.4695167475009825,0.009740427525109643,converged,-6.494445187037841,0.07201356517541113,mara1378,converged,-0.024928439536858527,-0.34303941313932185,Marathi,Eurasia,Indo-European,76.6665,17.9344,68000000,other
smell_group,-6.4695167475009825,0.009740427525109643,converged,-6.571984141003929,0.29847087457320437,futu1245,converged,-0.10246739350294654,-0.34312518094504507,Futuna-Aniwa,Papunesia,Austronesian,170.215,-19.5303,1500,other
taste_group,-6.6616898200504995,0.00856555621078967,converged,-6.770488460646884,0.315722994261653,djiw1241,converged,-0.10879864059638411,-0.34447482393156914,Djiwarli,Australia,Pama-Nyungan,116.98858,-24.10724,2000,other
taste_group,-6.6616898200504995,0.00856555621078967,converged,-6.756734140594201,0.27452175427111397,tang1348,converged,-0.09504432054370149,-0.34604940296994674,Tangga,Papunesia,Austronesian,153.611,-4.08824,5800,other
dance_group,-7.253315279651133,0.017805314144472898,converged,-7.367488907638946,0.3276257099852433,lund1271,converged,-0.11417362798781294,-0.34797449869722435,Lundayeh,Papunesia,Austronesian,115.5,4.25064,47500,other
wind_group,-5.9578521923046734,0.008998002000740201,converged,-6.042549925216242,0.24304841630041069,esan1238,converged,-0.08469773291156812,-0.34824234197602844,Esan,Africa,Atlantic-Congo,6.33917,6.25685,200000,other
snow_group,-7.416197459846801,0.016251105602529504,converged,-7.557601869703111,0.40528450694748686,mala1533,converged,-0.1414044098563103,-0.3486214393055745,Malacca-Batavia Portuguese Creole,Eurasia,Indo-European,102.262059,2.188087,1000,other
smell_group,-6.4695167475009825,0.009740427525109643,converged,-6.549318075373421,0.227922471697878,sana1295,converged,-0.07980132787243832,-0.3498055928664941,Sanaani Arabic,Eurasia,Afro-Asiatic,44.8412,15.6552,7600000,other
snow_group,-7.416197459846801,0.016251105602529504,converged,-7.553410167674147,0.3913294061536868,sadr1248,converged,-0.13721270782734596,-0.350330289566085,Sadri,Eurasia,Indo-European,84.8114,23.6585,1970000,other
smell_group,-6.4695167475009825,0.009740427525109643,converged,-6.568870226662479,0.28328262655697095,moki1238,converged,-0.09935347916149695,-0.3505149650174146,Mokilese,Papunesia,Austronesian,159.776,6.65651,1050,other
snow_group,-7.416197459846801,0.016251105602529504,converged,-7.558959504343038,0.40528440808435345,siee1239,converged,-0.1427620444962372,-0.35196866633935103,Sie,Papunesia,Austronesian,169.166,-18.8181,1900,other
taste_group,-6.6616898200504995,0.00856555621078967,converged,-6.776906069405416,0.3257270043517306,phal1254,converged,-0.11521624935491648,-0.353598048056141,Palula,Eurasia,Indo-European,71.8421,35.5096,10000,other
ice_group,-7.612487188014121,0.01790479757416687,converged,-7.816975618627107,0.5760030750082977,wand1263,converged,-0.20448843061298572,-0.3548413500004321,Wandarang,Australia,Mangarrayi-Maran,135.705,-14.2996,2000,hunter-gatherer
smell_group,-6.4695167475009825,0.009740427525109643,converged,-6.54664825213613,0.2171446991200649,oldn1244,converged,-0.07713150463514751,-0.3548510383860905,Old Norse,Eurasia,Indo-European,10.38,63.42,900000,other
taste_group,-6.6616898200504995,0.00856555621078967,converged,-6.76560086495681,0.2919615808871319,nzim1238,converged,-0.10391104490631076,-0.35575350189488364,Nzima,Africa,Atlantic-Congo,-2.81123,5.1785,328700,other
wind_group,-5.9578521923046734,0.008998002000740201,converged,-6.049187658948066,0.2564265414727353,reel1238,converged,-0.09133546664339232,-0.35596661332675694,Reel,Africa,Nilotic,30.49451,6.32234,50000,other
dance_group,-7.253315279651133,0.017805314144472898,converged,-7.383457186004269,0.36514200344272085,yong1270,converged,-0.13014190635313572,-0.35599151745954516,Narua,Eurasia,Sino-Tibetan,100.9,27.8,47000,other
ice_group,-7.612487188014121,0.01790479757416687,converged,-7.801667043535761,0.5308106132069227,west2624,converged,-0.18917985552163952,-0.35619544844995044,Western Huasteca Nahuatl,North America,Uto-Aztecan,261.2289,21.3711,400000,other
smell_group,-6.4695167475009825,0.009740427525109643,converged,-6.578234764156422,0.3045751070677779,teee1242,converged,-0.10871801665543934,-0.3567673830070925,Tee,Africa,Atlantic-Congo,7.37553,4.73213,313000,other
wind_group,-5.9578521923046734,0.008998002000740201,converged,-6.040669423922834,0.23130882145857679,rong1269,converged,-0.08281723161816057,-0.35776690639748454,Rongga,Papunesia,Austronesian,120.702,-8.84604,2120,other
smell_group,-6.4695167475009825,0.009740427525109643,converged,-6.574714111665282,0.29293692539790317,egyp1246,converged,-0.10519736416429915,-0.3589143218752536,Egyptian,Africa,Afro-Asiatic,30.834959,28.381735,1500000,other
taste_group,-6.6616898200504995,0.00856555621078967,converged,-6.688526856757457,0.07426430119307549,nepa1254,converged,-0.026837036706957917,-0.3589920146366191,Nepali,Eurasia,Indo-European,85,28,16903270,other
wind_group,-5.9578521923046734,0.008998002000740201,converged,-5.996148821307581,0.10625641036607247,pedi1238,converged,-0.03829662900290742,-0.3591317431639633,Pedi,Africa,Atlantic-Congo,29.471800000000002,-24.7993,4090000,other
dance_group,-7.253315279651133,0.017805314144472898,converged,-7.366534768705203,0.31450866200361705,nucl1706,converged,-0.11321948905407009,-0.3594129540302068,Neo-Mandaic,Eurasia,Afro-Asiatic,48.8128,31.3443,500,other
wind_group,-5.9578521923046734,0.008998002000740201,converged,-6.0003818810121485,0.11765389253638871,yoru1245,converged,-0.04252968870747509,-0.3604288245002039,Yoruba,Africa,Atlantic-Congo,3.67225,7.15345,18900000,other
rain_group,-6.603067545596872,0.011688275163570797,converged,-6.721219027662872,0.3271696307540885,fore1270,converged,-0.11815148206599968,-0.3609019429926946,Fore,Papunesia,Nuclear Trans New Guinea,145.5065,-6.64473,17000,other
dance_group,-7.253315279651133,0.017805314144472898,converged,-7.404010082294475,0.4159748712183333,lada1244,converged,-0.15069480264334167,-0.361937591512081,Leh Ladakhi,Eurasia,Sino-Tibetan,80.6013,33.468,150000,other
dance_group,-7.253315279651133,0.017805314144472898,converged,-7.351186518825389,0.26890829735657595,yuca1254,converged,-0.097871239174256,-0.3631624580600762,Yucatec Maya,North America,Mayan,271.0433,18.7757,706000,other
smell_group,-6.4695167475009825,0.009740427525109643,converged,-6.519083780370065,0.13613857869497892,lith1251,converged,-0.04956703286908226,-0.3631641307531913,Lithuanian,Eurasia,Indo-European,23.9601,55.1429,2960000,other
ice_group,-7.612487188014121,0.01790479757416687,converged,-7.754770472681215,0.3913252775681355,gulf1241,converged,-0.1422832846670934,-0.3632134048662986,Gulf Arabic,Eurasia,Afro-Asiatic,47.5,30.17,2339000,other
smell_group,-6.4695167475009825,0.009740427525109643,converged,-6.535071448116741,0.1793971187265912,corn1251,converged,-0.06555470061575885,-0.3648792527794869,Cornish,Eurasia,Indo-European,-4.18619,50.5233,468425,other
wind_group,-5.9578521923046734,0.008998002000740201,converged,-6.03528920227233,0.21198226217311353,tere1278,converged,-0.07743700996765668,-0.3649708351109449,Terei,Papunesia,South Bougainville,155.745,-6.70051,26500,other
ice_group,-7.612487188014121,0.01790479757416687,converged,-7.7682452211314486,0.4262850566866989,gaaa1244,converged,-0.15575803311732717,-0.3650628164083058,Ga,Africa,Atlantic-Congo,-0.18598,5.65488,600000,other
snow_group,-7.416197459846801,0.016251105602529504,converged,-7.53016343937564,0.3107848587862051,toho1245,converged,-0.1139659795288388,-0.3662034572521517,Tohono O'odham,North America,Uto-Aztecan,248.005,31.7973,9600,other
wind_group,-5.9578521923046734,0.008998002000740201,converged,-6.044001696386179,0.23482216878371578,utes1238,converged,-0.08614950408150523,-0.36660221456720216,Ute-Southern Paiute,North America,Uto-Aztecan,249.695,40.0965,1980,hunter-gatherer
ice_group,-7.612487188014121,0.01790479757416687,converged,-7.824425374715983,0.5760024059248906,dhar1247,converged,-0.21193818670186193,-0.3677690680764045,Dhargari,Australia,Pama-Nyungan,114.847,-24.0601,100,hunter-gatherer
wind_group,-5.9578521923046734,0.008998002000740201,converged,-6.038878991634284,0.22009368064633686,sema1266,converged,-0.08102679932961099,-0.3678395957815772,Semai,Eurasia,Austroasiatic,101.477,4.13257,43900,other
taste_group,-6.6616898200504995,0.00856555621078967,converged,-6.754064176773256,0.25043142842595,vure1239,converged,-0.09237435672275662,-0.36864531015013635,Vurës,Papunesia,Austronesian,167.451412,-13.905677,1050,other
dance_group,-7.253315279651133,0.017805314144472898,converged,-7.412881191939641,0.4323563169334755,pang1290,converged,-0.15956591228850758,-0.368748574241882,Pangasinan,Papunesia,Austronesian,120.365,15.9377,1160000,other
rain_group,-6.603067545596872,0.011688275163570797,converged,-6.719885087347325,0.3163654408189476,hili1240,converged,-0.11681754175045267,-0.36899699541392106,Hiligaynon,Papunesia,Austronesian,122.974,10.4018,5770000,other
ice_group,-7.612487188014121,0.01790479757416687,converged,-7.808967413091069,0.5308100361942383,dehu1237,converged,-0.1964802250769475,-0.3699412798493035,Dehu,Papunesia,Austronesian,167.229,-20.8892,11300,other
rain_group,-6.603067545596872,0.011688275163570797,converged,-6.732435241001826,0.34853938945536794,adyg1241,converged,-0.1293676954049543,-0.3709624143484309,Adyghe,Eurasia,Abkhaz-Adyge,39.33,44,475300,other
smell_group,-6.4695167475009825,0.009740427525109643,converged,-6.558397176897111,0.23925685896097582,chan1310,converged,-0.08888042939612895,-0.3711779299284016,Chantyal,Eurasia,Sino-Tibetan,83.4488,28.684,2000,other
dance_group,-7.253315279651133,0.017805314144472898,converged,-7.4140356396386435,0.4323562141869014,pamp1243,converged,-0.16072035998751044,-0.37141653130815844,Pampanga,Papunesia,Austronesian,120.502,14.9603,1900000,other
ice_group,-7.612487188014121,0.01790479757416687,converged,-7.826587806975633,0.5760022126422041,ying1247,converged,-0.21410061896151156,-0.37152158717431494,Yinggarda,Australia,Pama-Nyungan,115.58,-25.4446,100,hunter-gatherer
smell_group,-6.4695167475009825,0.009740427525109643,converged,-6.544713293929948,0.20206896760613616,aona1235,converged,-0.07519654642896523,-0.37170148807129333,Ao Naga,Eurasia,Sino-Tibetan,94.3824,26.3241,232000,other
wind_group,-5.9578521923046734,0.008998002000740201,converged,-6.04125052668474,0.2238483031303267,sene1264,converged,-0.08339833438006661,-0.3722656714994327,Seneca,North America,Iroquoian,282.47,42.56,175,other
rain_group,-6.603067545596872,0.011688275163570797,converged,-6.710663509972564,0.2880495285451826,coma1245,converged,-0.10759596437569208,-0.37322572545586447,Comanche,North America,Uto-Aztecan,259,34,200,hunter-gatherer
ice_group,-7.612487188014121,0.01790479757416687,converged,-7.82761589540083,0.5760021208959861,goem1240,converged,-0.2151287073867083,-0.37330565376683134,Goemai,Africa,Afro-Asiatic,9.72453,8.74455,200000,other
smell_group,-6.4695167475009825,0.009740427525109643,converged,-6.54457971882501,0.20048104119004725,romb1245,converged,-0.0750629713240274,-0.3739731858998755,Romblomanon,Papunesia,Austronesian,122.56,12.4047,200000,other
dance_group,-7.253315279651133,0.017805314144472898,converged,-7.404112578304147,0.40238915109918366,araw1276,converged,-0.15079729865301417,-0.3743885394008559,Lokono,South America,Arawakan,303.0757,5.64295,2450,other
snow_group,-7.416197459846801,0.016251105602529504,converged,-7.486507702033625,0.18623661060665725,oldf1239,converged,-0.07031024218682358,-0.3761026140532996,Old French,Eurasia,Indo-European,1.11,48.8,16000000,other
taste_group,-6.6616898200504995,0.00856555621078967,converged,-6.724331915848974,0.16611440065402172,clas1252,converged,-0.06264209579847435,-0.3766018043125034,Classical Syriac,Eurasia,Afro-Asiatic,42.1432,37.1129,200000,other
wind_group,-5.9578521923046734,0.008998002000740201,converged,-6.054690160178728,0.25642552364203675,ataa1240,converged,-0.09683796787405452,-0.3774133027433952,Ata,Papunesia,Austronesian,122.9,9.715,100,hunter-gatherer
taste_group,-6.6616898200504995,0.00856555621078967,converged,-6.785494063183799,0.3257257464548815,reel1238,converged,-0.12380424313329996,-0.3799560209631198,Reel,Africa,Nilotic,30.49451,6.32234,50000,other
ice_group,-7.612487188014121,0.01790479757416687,converged,-7.831717711931042,0.5760017557887065,gami1243,converged,-0.219230523916921,-0.38042363976444615,Yuwaalaraay-Gamilaraay,Australia,Pama-Nyungan,149.543,-29.9037,100,hunter-gatherer
smell_group,-6.4695167475009825,0.009740427525109643,converged,-6.557135714670331,0.23008252631572737,mara1385,converged,-0.08761896716934814,-0.38047459831311836,Marra,Australia,Mangarrayi-Maran,134.865,-14.7927,100,hunter-gatherer
taste_group,-6.6616898200504995,0.00856555621078967,converged,-6.718925277161261,0.14989823480043993,lush1249,converged,-0.05723545711076117,-0.3812068968670083,Mizo,Eurasia,Sino-Tibetan,92.6247,22.6138,541750,other
snow_group,-7.416197459846801,0.016251105602529504,converged,-7.566449187484473,0.3913285231228354,mang1401,converged,-0.1502517276376718,-0.3836222654364776,Mangareva,Papunesia,Austronesian,225.03,-23.1095,1600,hunter-gatherer
ice_group,-7.612487188014121,0.01790479757416687,converged,-7.648931930816843,0.09284218711467525,stan1318,converged,-0.03644474280272192,-0.3854428318099136,Standard Arabic,Eurasia,Afro-Asiatic,43.8525,27.9625,273989700,other
wind_group,-5.9578521923046734,0.008998002000740201,converged,-6.048151439312878,0.233021069858459,hili1240,converged,-0.09029924700820491,-0.3872267877976462,Hiligaynon,Papunesia,Austronesian,122.974,10.4018,5770000,other
rain_group,-6.603067545596872,0.011688275163570797,converged,-6.7384598003488625,0.34853858845393015,rita1239,converged,-0.13539225475199057,-0.3882387550204228,Ritharrngu,Australia,Pama-Nyungan,135.259,-13.4559,100,hunter-gatherer
smell_group,-6.4695167475009825,0.009740427525109643,converged,-6.5879315093543385,0.3045737165118113,tonk1249,converged,-0.11841476185335598,-0.38858984626794196,Tonkawa,North America,isolate_tonk1249,263.25,30.25,1900,hunter-gatherer
snow_group,-7.416197459846801,0.016251105602529504,converged,-7.550856705842995,0.3461034344221046,pohn1238,converged,-0.13465924599619417,-0.38864407129636375,Pohnpeian,Papunesia,Austronesian,158.223,6.87212,29000,other
smell_group,-6.4695167475009825,0.009740427525109643,converged,-6.56613390155183,0.2479365430948962,west2452,converged,-0.09661715405084781,-0.3893846392704691,Western Temne,Africa,Atlantic-Congo,-12.3331,8.90294,240000,other
wind_group,-5.9578521923046734,0.008998002000740201,converged,-6.043226750814452,0.21894001760131068,nanc1247,converged,-0.08537455850977871,-0.38961606840205776,Nancowry,Eurasia,Austroasiatic,93.3921,7.94812,930,other
snow_group,-7.416197459846801,0.016251105602529504,converged,-7.564290646221458,0.37952917207638065,cent2087,converged,-0.1480931863746573,-0.38984515797070624,Coastal-Naga Bikol,Papunesia,Austronesian,123.403,13.7574,2500000,other
rain_group,-6.603067545596872,0.011688275163570797,converged,-6.699492597223968,0.24673349858069996,carr1249,converged,-0.09642505162709636,-0.39036871608721346,Central Carrier,North America,Athabaskan-Eyak-Tlingit,235.672,54.3768,2060,hunter-gatherer
taste_group,-6.6616898200504995,0.00856555621078967,converged,-6.771026081440448,0.2798011469408171,bret1244,converged,-0.10933626138994867,-0.3905811894201198,Breton,Eurasia,Indo-European,-3.78934,48.2452,500000,other
dance_group,-7.253315279651133,0.017805314144472898,converged,-7.422689904467273,0.4323554477168508,fore1270,converged,-0.16937462481613963,-0.39141678739236124,Fore,Papunesia,Nuclear Trans New Guinea,145.5065,-6.64473,17000,other
rain_group,-6.603067545596872,0.011688275163570797,converged,-6.739568068714877,0.34853844162754277,medi1245,converged,-0.13650052311800476,-0.39141689125215257,Media Lengua,South America,mixedlanguage_medi1245,281.4608,-1.04518,1000,other
ice_group,-7.612487188014121,0.01790479757416687,converged,-7.763621305054397,0.3851898367573826,nort2697,converged,-0.15113411704027602,-0.3919394827933713,North Azerbaijani,Eurasia,Turkic,46.4737,40.97768,6460000,other
snow_group,-7.416197459846801,0.016251105602529504,converged,-7.575283071308814,0.4052832298472499,misk1235,converged,-0.15908561146201272,-0.3922142837005797,Mískito,North America,Misumalpan,275.7058,15.1576,183000,hunter-gatherer
smell_group,-6.4695167475009825,0.009740427525109643,converged,-6.5407233440646815,0.18127526837682426,egyp1253,converged,-0.07120659656369899,-0.392243381728996,Egyptian Arabic,Africa,Afro-Asiatic,31,31,53410000,other
wind_group,-5.9578521923046734,0.008998002000740201,converged,-6.061255087290294,0.2631347363286499,bong1285,converged,-0.10340289498562072,-0.3927360314375098,Bongo,Africa,Central Sudanic,27.9918,7.4145,10100,other
wind_group,-5.9578521923046734,0.008998002000740201,converged,-6.020353632595236,0.1588563678951137,hmon1264,converged,-0.06250144029056237,-0.3928165941102717,Hmong Njua,Eurasia,Hmong-Mien,101.95,22.5638,210000,other
wind_group,-5.9578521923046734,0.008998002000740201,converged,-6.016226086188436,0.14800675861235243,cree1270,converged,-0.05837389388376213,-0.3936733585587425,Creek,North America,Muskogean,272.5,31,4300,other
dance_group,-7.253315279651133,0.017805314144472898,converged,-7.423833090313327,0.43235534696487976,arta1239,converged,-0.17051781066219363,-0.39405872775789497,Arta,Papunesia,Austronesian,121.656,16.4185,100,hunter-gatherer
wind_group,-5.9578521923046734,0.008998002000740201,converged,-6.052818350454068,0.24081921574131154,fore1270,converged,-0.09496615814939435,-0.39407128318995,Fore,Papunesia,Nuclear Trans New Guinea,145.5065,-6.64473,17000,other
taste_group,-6.6616898200504995,0.00856555621078967,converged,-6.75702785903056,0.24171267120336687,yape1248,converged,-0.09533803898006088,-0.39417972255493766,Yapese,Papunesia,Austronesian,138.125,9.55811,6590,other
ice_group,-7.612487188014121,0.01790479757416687,converged,-7.840480053720003,0.5760009808405163,calo1236,converged,-0.22799286570588162,-0.3956291799202508,Caló,Eurasia,Indo-European,0.6,41.424,460000,other
ice_group,-7.612487188014121,0.01790479757416687,converged,-7.731448292896114,0.29968653453372035,ling1263,converged,-0.11896110488199252,-0.3962452213992737,Kinshasa Lingala,Africa,Atlantic-Congo,15.28532,-4.409174,20259660,other
smell_group,-6.4695167475009825,0.009740427525109643,converged,-6.599315078913072,0.3274250228368648,bela1256,converged,-0.12979833141208985,-0.3962462430923509,Belanda Bor,Africa,Nilotic,27.8232,6.6503,8000,other
dance_group,-7.253315279651133,0.017805314144472898,converged,-7.39868592143108,0.3651410694314505,clas1250,converged,-0.14537064177994719,-0.39764937269647704,Classical Nahuatl,North America,Uto-Aztecan,263.03,19.72,5500000,other
ice_group,-7.612487188014121,0.01790479757416687,converged,-7.84230435562679,0.5760008203499714,dhal1245,converged,-0.22981716761266835,-0.3987949472973671,Dhalandji,Australia,Pama-Nyungan,114.937,-22.196,100,hunter-gatherer
taste_group,-6.6616898200504995,0.00856555621078967,converged,-6.725106737765961,0.15809849856367889,kate1253,converged,-0.0634169177154611,-0.40053541417829325,Kâte,Papunesia,Nuclear Trans New Guinea,147.757,-6.4795,6130,other
ice_group,-7.612487188014121,0.01790479757416687,converged,-7.843417570643794,0.5760007225600697,sout2859,converged,-0.2309303826296727,-0.4007267444241579,Southeast Ambrym,Papunesia,Austronesian,168.211,-16.2975,3700,other
dance_group,-7.253315279651133,0.017805314144472898,converged,-7.427558416012563,0.43235501944002475,enga1252,converged,-0.1742431363614303,-0.40266808666166737,Enga,Papunesia,Nuclear Trans New Guinea,143.685,-5.45619,165000,other
smell_group,-6.4695167475009825,0.009740427525109643,converged,-6.562383949381579,0.23008215683844757,hooo1248,converged,-0.09286720188059672,-0.4032650590669309,Ho,Eurasia,Austroasiatic,87.1188,23.9596,1500000,other
wind_group,-5.9578521923046734,0.008998002000740201,converged,-6.066339437599783,0.26687130056746383,suda1236,converged,-0.10848724529510978,-0.4062843506258877,Sudanese Arabic,Africa,Afro-Asiatic,33.3179,17.8021,16520000,other
rain_group,-6.603067545596872,0.011688275163570797,converged,-6.745091061192683,0.3485377123466724,neng1238,converged,-0.1420235155958114,-0.40725498976982105,Nengone,Papunesia,Austronesian,167.964,-21.5305,6500,other
taste_group,-6.6616898200504995,0.00856555621078967,converged,-6.741497611894216,0.19573567228721966,caju1236,converged,-0.07980779184371656,-0.40734263769283485,Cajun French,North America,Indo-European,268.3867,29.6869,17200,other
smell_group,-6.4695167475009825,0.009740427525109643,converged,-6.593652879540938,0.3045729023416969,tali1258,converged,-0.12413613203995588,-0.40736618075860764,Talinga-Bwisi,Africa,Atlantic-Congo,29.9494,0.676185,99400,other
snow_group,-7.416197459846801,0.016251105602529504,converged,-7.483487531905696,0.1626015281251899,haus1257,converged,-0.0672900720588947,-0.4117826797863561,Hausa,Africa,Afro-Asiatic,8.7804,11.1513,24060500,other
ice_group,-7.612487188014121,0.01790479757416687,converged,-7.779989340155079,0.4062567980360159,pohn1238,converged,-0.16750215214095743,-0.41190624227087674,Pohnpeian,Papunesia,Austronesian,158.223,6.87212,29000,other
smell_group,-6.4695167475009825,0.009740427525109643,converged,-6.586284322661043,0.2832804683436966,djin1251,converged,-0.11676757516006031,-0.41195431022097007,Jingulu,Australia,Mirndi,133.659,-17.165,100,hunter-gatherer
smell_group,-6.4695167475009825,0.009740427525109643,converged,-6.602356488225395,0.31891183476794505,khwa1238,converged,-0.13283974072441218,-0.4163464925669279,Khwarezmian,Eurasia,Indo-European,60.75,41.68,5000000,other
ice_group,-7.612487188014121,0.01790479757416687,converged,-7.792140195629366,0.4262838586237425,sici1248,converged,-0.1796530076152445,-0.4210685999523422,Sicilian,Eurasia,Indo-European,14.0414,37.5735,4830000,other
wind_group,-5.9578521923046734,0.008998002000740201,converged,-6.0604150790648665,0.24304551111949574,egyp1246,converged,-0.1025628867601931,-0.42170156158526767,Egyptian,Africa,Afro-Asiatic,30.834959,28.381735,1500000,other
rain_group,-6.603067545596872,0.011688275163570797,converged,-6.680744496192218,0.183812552582417,chuu1238,converged,-0.07767695059534585,-0.42173607446846195,Chuukese,Papunesia,Austronesian,151.598607,7.346993,45900,other
smell_group,-6.4695167475009825,0.009740427525109643,converged,-6.59547845013089,0.2984676413941,ncan1245,converged,-0.12596170262990736,-0.4218034461791129,Ncane-Mungong,Africa,Atlantic-Congo,10.5312,6.50696,15500,other
snow_group,-7.416197459846801,0.016251105602529504,converged,-7.5879694021486035,0.40528232733387864,area1240,converged,-0.17177194230180248,-0.4234924735023179,'Are'are,Papunesia,Austronesian,161.158,-9.20699,17900,other
wind_group,-5.9578521923046734,0.008998002000740201,converged,-6.069397045926591,0.2631331618499666,west1510,converged,-0.11154485362191746,-0.4236626543726996,Western Ojibwa,North America,Algic,257.475,50.5664,10000,hunter-gatherer
rain_group,-6.603067545596872,0.011688275163570797,converged,-6.71643390242456,0.2648320087561637,sana1295,converged,-0.11336635682768836,-0.427652635163296,Sanaani Arabic,Eurasia,Afro-Asiatic,44.8412,15.6552,7600000,other
snow_group,-7.416197459846801,0.016251105602529504,converged,-7.5368588478066725,0.2816334771211362,tang1336,converged,-0.12066138795987147,-0.4277226200456073,East-Central Tangkhul Naga,Eurasia,Sino-Tibetan,94.3567,25.0489,125000,other
snow_group,-7.416197459846801,0.016251105602529504,converged,-7.59037314874146,0.4052821576160789,tele1256,converged,-0.17417568889465862,-0.4294189328297489,Telefol,Papunesia,Nuclear Trans New Guinea,141.731,-5.07444,5400,other
wind_group,-5.9578521923046734,0.008998002000740201,converged,-6.0546915380538175,0.22520764669315774,west2599,converged,-0.0968393457491441,-0.4296574527412245,West Kewa,Papunesia,Nuclear Trans New Guinea,143.73,-6.32097,45000,other
taste_group,-6.6616898200504995,0.00856555621078967,converged,-6.787374798930738,0.29195890122311857,kapi1249,converged,-0.12568497888023877,-0.43030345276904886,Kapingamarangi,Papunesia,Austronesian,154.797223,1.039166,3000,other
taste_group,-6.6616898200504995,0.00856555621078967,converged,-6.72778117989802,0.15296849243524305,pala1344,converged,-0.06609135984752079,-0.4313828750614668,Palauan,Papunesia,Austronesian,134.476678,7.34138,14800,other
ice_group,-7.612487188014121,0.01790479757416687,converged,-7.861360592632036,0.575999161286041,suau1242,converged,-0.24887340461791485,-0.4318639155808252,Suau,Papunesia,Austronesian,150.21,-10.6606,6800,other
dance_group,-7.253315279651133,0.017805314144472898,converged,-7.405988616000997,0.35269469815150184,chan1310,converged,-0.15267333634986358,-0.4323261923707411,Chantyal,Eurasia,Sino-Tibetan,83.4488,28.684,2000,other
ice_group,-7.612487188014121,0.01790479757416687,converged,-7.861857201269889,0.5759991184717602,ngan1295,converged,-0.2493700132557679,-0.4327257005047486,Ngandi,Australia,Gunwinyguan,134.649,-12.8448,2000,hunter-gatherer
wind_group,-5.9578521923046734,0.008998002000740201,converged,-6.058763131465253,0.23301953089314362,teop1238,converged,-0.10091093916057936,-0.4327353528049805,Teop,Papunesia,Austronesian,154.971,-5.67474,5000,other
rain_group,-6.603067545596872,0.011688275163570797,converged,-6.740175133802627,0.3163632863690067,kosr1238,converged,-0.13710758820575464,-0.4330910529759216,Kosraean,Papunesia,Austronesian,162.98,5.31,8000,other
ice_group,-7.612487188014121,0.01790479757416687,converged,-7.768587174482268,0.35960419485838274,masb1238,converged,-0.1560999864681465,-0.43355126574497865,Masbatenyo,Papunesia,Austronesian,123.63579,12.21453,350000,other
smell_group,-6.4695167475009825,0.009740427525109643,converged,-6.593013824872305,0.2832796443355789,gari1256,converged,-0.1234970773713222,-0.43569716220218324,Garifuna,North America,Arawakan,273.09090000000003,15.3529,130800,other
taste_group,-6.6616898200504995,0.00856555621078967,converged,-6.7696337447089645,0.2473356610946966,clas1250,converged,-0.10794392465846503,-0.43616538071292293,Classical Nahuatl,North America,Uto-Aztecan,263.03,19.72,5500000,other
taste_group,-6.6616898200504995,0.00856555621078967,converged,-6.771021864427471,0.2504298511310631,zand1248,converged,-0.10933204437697164,-0.43632237771825527,Zande,Africa,Atlantic-Congo,26.7157,4.62047,1142000,other
taste_group,-6.6616898200504995,0.00856555621078967,converged,-6.789505062275496,0.29195864217534423,papi1253,converged,-0.12781524222499652,-0.4375971519710381,Papiamento,South America,Indo-European,290.06012,12.48485,239400,other
smell_group,-6.4695167475009825,0.009740427525109643,converged,-6.540500076581318,0.16146540268243825,mind1253,converged,-0.07098332908033544,-0.4388216962952001,Min Dong Chinese,Eurasia,Sino-Tibetan,119.5,26,8820000,other
smell_group,-6.4695167475009825,0.009740427525109643,converged,-6.5687789656177955,0.22592248382481814,kyak1244,converged,-0.09926221811681302,-0.4389562720763048,Kyaka,Papunesia,Nuclear Trans New Guinea,144.119,-5.52462,15400,other
wind_group,-5.9578521923046734,0.008998002000740201,converged,-6.071990391480371,0.259659352858696,cari1275,converged,-0.11413819917569779,-0.43930530083282954,Caribbean Hindustani,South America,Indo-European,304.666832,5.722918,150000,other
wind_group,-5.9578521923046734,0.008998002000740201,converged,-6.062078545598081,0.23671407944688533,kwan1273,converged,-0.10422635329340757,-0.4399870748542618,Kwangali,Africa,Atlantic-Congo,19.256,-17.9026,84000,other
ice_group,-7.612487188014121,0.01790479757416687,converged,-7.764488943957397,0.3446735440333672,esse1265,converged,-0.15200175594327536,-0.4404082764821666,Essex,Eurasia,Indo-European,-1,53,1832751,other
smell_group,-6.4695167475009825,0.009740427525109643,converged,-6.601468566274238,0.2984668291365385,komn1238,converged,-0.13195181877325535,-0.44186353497735253,Kómnjo,Papunesia,Yam,141.5878,-8.70216,200,other
taste_group,-6.6616898200504995,0.00856555621078967,converged,-6.781042543235526,0.26967779870633657,tele1256,converged,-0.11935272318502665,-0.4423521905923471,Telefol,Papunesia,Nuclear Trans New Guinea,141.731,-5.07444,5400,other
ice_group,-7.612487188014121,0.01790479757416687,converged,-7.867501177001838,0.5759986333766068,nugu1241,converged,-0.25501398898771654,-0.4425199262268106,Nugunu,Australia,Pama-Nyungan,133.908,-31.9899,100,hunter-gatherer
wind_group,-5.9578521923046734,0.008998002000740201,converged,-6.050119611970573,0.20795402864313017,gung1250,converged,-0.09226741966589991,-0.4432766644803411,Gungu,Africa,Atlantic-Congo,31.4819,2.06754,49000,other
snow_group,-7.416197459846801,0.016251105602529504,converged,-7.5963573573638845,0.4052817368652979,baba1267,converged,-0.1801598975170835,-0.4441730738054454,Baba Malay,Eurasia,Austronesian,103.076,1.75414,15000,other
dance_group,-7.253315279651133,0.017805314144472898,converged,-7.43839751871717,0.4159720675818629,nenn1238,converged,-0.1850822390660367,-0.4445320564253197,Nen,Papunesia,Yam,142.032,-8.62183,250,other
taste_group,-6.6616898200504995,0.00856555621078967,converged,-6.791984647496577,0.2919583413426231,cahu1264,converged,-0.13029482744607712,-0.4460868916227916,Cahuilla,North America,Uto-Aztecan,243.309,33.5324,100,hunter-gatherer
snow_group,-7.416197459846801,0.016251105602529504,converged,-7.58122117925851,0.3694074687870359,rabh1238,converged,-0.16502371941170857,-0.44629380096040766,Rabha,Eurasia,Sino-Tibetan,91.1689,25.8248,50000,other
ice_group,-7.612487188014121,0.01790479757416687,converged,-7.803020757068896,0.42628332249896517,yape1248,converged,-0.19053356905477425,-0.44657089215068785,Yapese,Papunesia,Austronesian,138.125,9.55811,6590,other
dance_group,-7.253315279651133,0.017805314144472898,converged,-7.408804028036693,0.3474401985593097,yoga1237,converged,-0.15548874838555982,-0.44694014309946584,Yogad,Papunesia,Austronesian,121.718,16.7015,16000,other
ice_group,-7.612487188014121,0.01790479757416687,converged,-7.794815602950232,0.40625615389585923,sume1241,converged,-0.1823284149361104,-0.44836636510755146,Sumerian,Eurasia,isolate_sume1241,45.6667,31.3,1150000,other
rain_group,-6.603067545596872,0.011688275163570797,converged,-6.712167966830534,0.24159787672757202,aleu1260,converged,-0.10910042123366193,-0.45105101861832037,Aleut,North America,Eskimo-Aleut,185.71,52.1228,490,hunter-gatherer
taste_group,-6.6616898200504995,0.00856555621078967,converged,-6.768778680908332,0.2367294075966452,boko1267,converged,-0.1070888608578322,-0.45207239023073803,Bokobaru,Africa,Mande,3.80058,9.52724,30000,other
wind_group,-5.9578521923046734,0.008998002000740201,converged,-6.076970391863473,0.26313170878277314,mand1425,converged,-0.11911819955879999,-0.4524297565350091,Mandari,Africa,Nilotic,31.2327,5.83656,70000,other
rain_group,-6.603067545596872,0.011688275163570797,converged,-6.760847015037539,0.34853565384922536,shek1244,converged,-0.15777946944066734,-0.45243814043233493,Shekkacho,Africa,Ta-Ne-Omotic,35.3922,7.27424,54900,other
rain_group,-6.603067545596872,0.011688275163570797,converged,-6.730471506627684,0.2810480352265704,west2763,converged,-0.12740396103081242,-0.4529258715560697,Western Neo-Aramaic,Eurasia,Afro-Asiatic,36.484,33.8162,15000,other
ice_group,-7.612487188014121,0.01790479757416687,converged,-7.801088827981905,0.4154790010413449,diri1252,converged,-0.1886016399677839,-0.453516916188429,Diriku-Shambyu,Africa,Atlantic-Congo,20.6678,-18.1681,36200,other
snow_group,-7.416197459846801,0.016251105602529504,converged,-7.5400259325152135,0.2722796857159518,egyp1253,converged,-0.12382847266841246,-0.4539762132160393,Egyptian Arabic,Africa,Afro-Asiatic,31,31,53410000,other
smell_group,-6.4695167475009825,0.009740427525109643,converged,-6.560218448687697,0.199287618753311,mamp1244,converged,-0.09070170118671417,-0.4545869807002348,Mampruli,Africa,Atlantic-Congo,-0.74675,10.3884,220000,other
taste_group,-6.6616898200504995,0.00856555621078967,converged,-6.771762580632568,0.24171140610626432,uppe1395,converged,-0.11007276058206816,-0.4551035189934682,Upper Sorbian,Eurasia,Indo-European,14.4098,51.2403,18000,other
taste_group,-6.6616898200504995,0.00856555621078967,converged,-6.737970994035151,0.1670281432893273,kach1280,converged,-0.0762811739846514,-0.45609719219222905,Southern Jinghpaw,Eurasia,Sino-Tibetan,97.3278,25.4634,940000,other
ice_group,-7.612487188014121,0.01790479757416687,converged,-7.875663050201051,0.5759979366940494,daka1243,converged,-0.26317586218692934,-0.4566835894283379,Dakaka,Papunesia,Austronesian,168.013,-16.2696,1200,other
ice_group,-7.612487188014121,0.01790479757416687,converged,-7.876152608392866,0.575997895086711,lyci1241,converged,-0.26366542037874474,-0.4575331425749763,Lycian A,Eurasia,Indo-European,29.764,36.517,200000,other
ice_group,-7.612487188014121,0.01790479757416687,converged,-7.876250491277733,0.5759978867701295,khwa1238,converged,-0.2637633032636115,-0.4577030033197917,Khwarezmian,Eurasia,Indo-European,60.75,41.68,5000000,other
ice_group,-7.612487188014121,0.01790479757416687,converged,-7.876544082459103,0.5759978618301503,bero1242,converged,-0.26405689444498126,-0.458212485843767,Berom,Africa,Atlantic-Congo,8.81221,9.67037,300000,other
rain_group,-6.603067545596872,0.011688275163570797,converged,-6.772049935843798,0.36807396426192235,mesk1242,converged,-0.16898239024692607,-0.4588677019708434,Meskwaki,North America,Algic,271,44,250,hunter-gatherer
rain_group,-6.603067545596872,0.011688275163570797,converged,-6.695263604875274,0.20046696926027352,mikm1235,converged,-0.09219605927840213,-0.45912674657980024,Mi'kmaq,North America,Algic,296,46,9290,hunter-gatherer
smell_group,-6.4695167475009825,0.009740427525109643,converged,-6.595981612924531,0.2751279869295302,west2354,converged,-0.1264648654235483,-0.4593705144680897,Western Frisian,Eurasia,Indo-European,5.86091,53.143,467000,other
smell_group,-6.4695167475009825,0.009740427525109643,converged,-6.497850604849055,0.06065358394940031,wels1247,converged,-0.028333857348072478,-0.46123271946395733,Welsh,Eurasia,Indo-European,-4,52,508000,other
snow_group,-7.416197459846801,0.016251105602529504,converged,-7.472131681396405,0.12009714699885744,zulu1248,converged,-0.055934221549604146,-0.46153516344083984,Zulu,Africa,Atlantic-Congo,30.2,-28.9,10231000,other
snow_group,-7.416197459846801,0.016251105602529504,converged,-7.60349145575193,0.4052812385438868,busa1253,converged,-0.1872939959051294,-0.4617623185728106,Busa,Africa,Mande,4.39929,9.91074,40000,hunter-gatherer
taste_group,-6.6616898200504995,0.00856555621078967,converged,-6.793758361061907,0.2855852121003617,rong1269,converged,-0.13206854101140753,-0.4622409437492599,Rongga,Papunesia,Austronesian,120.702,-8.84604,2120,other
ice_group,-7.612487188014121,0.01790479757416687,converged,-7.858073012188438,0.5308062624882274,esan1238,converged,-0.2455858241743165,-0.46240266287585935,Esan,Africa,Atlantic-Congo,6.33917,6.25685,200000,other
ice_group,-7.612487188014121,0.01790479757416687,converged,-7.8433873278912625,0.49840702739753495,kokb1239,converged,-0.2309001398771411,-0.46297760393009163,Kok Borok,Eurasia,Sino-Tibetan,91.4673,23.1916,696000,other
taste_group,-6.6616898200504995,0.00856555621078967,converged,-6.731503074874629,0.1504864604237982,bodo1269,converged,-0.0698132548241297,-0.46316750813464996,Bodo-Mech,Eurasia,Sino-Tibetan,92,26.1,1543300,other
dance_group,-7.253315279651133,0.017805314144472898,converged,-7.384155783208594,0.281231944610784,tson1249,converged,-0.13084050355746069,-0.46431090736875,Tsonga,Africa,Atlantic-Congo,31.8105,-23.5754,3650000,other
wind_group,-5.9578521923046734,0.008998002000740201,converged,-6.074952576619753,0.2505639659033289,guar1292,converged,-0.11710038431507996,-0.467046211257933,Guarayu,South America,Tupian,298.3066,-15.8247,5930,other
smell_group,-6.4695167475009825,0.009740427525109643,converged,-6.604134113307384,0.28789196402731293,bond1245,converged,-0.1346173658064016,-0.4673294135283811,Bondo,Eurasia,Austroasiatic,83.8141,19.1512,9000,other
dance_group,-7.253315279651133,0.017805314144472898,converged,-7.380009329867226,0.27047094615499706,cent2050,converged,-0.12669405021609315,-0.4674084761904264,Central Kanuri,Africa,Saharan,13.13,11.8,3240500,other
taste_group,-6.6616898200504995,0.00856555621078967,converged,-6.782164692170202,0.25728747020830184,ndau1241,converged,-0.12047487211970243,-0.46799078002891037,Ndau,Africa,Atlantic-Congo,33.1739,-20.1239,2380000,other
taste_group,-6.6616898200504995,0.00856555621078967,converged,-6.798754403886645,0.2919575237965828,hida1246,converged,-0.13706458383614528,-0.4692656371666428,Hidatsa,North America,Siouan,258,47.33,100,other
taste_group,-6.6616898200504995,0.00856555621078967,converged,-6.747985656496525,0.1832618185846546,anei1239,converged,-0.08629583644602512,-0.47037474234224624,Aneityum,Papunesia,Austronesian,169.825,-20.1864,900,other
ice_group,-7.612487188014121,0.01790479757416687,converged,-7.747500677771375,0.28645691422721475,kash1277,converged,-0.13501348975725325,-0.4704041639813786,Kashmiri,Eurasia,Indo-European,74.330455,34.166825,5525000,other
taste_group,-6.6616898200504995,0.00856555621078967,converged,-6.691783492653283,0.06332367339122319,panj1256,converged,-0.030093672602783172,-0.4709468192020425,Eastern Panjabi,Eurasia,Indo-European,75.6702,30.0368,27100000,other
snow_group,-7.416197459846801,0.016251105602529504,converged,-7.547612388756195,0.2767514807349556,cent2050,converged,-0.1314149289093942,-0.47403158871086654,Central Kanuri,Africa,Saharan,13.13,11.8,3240500,other
rain_group,-6.603067545596872,0.011688275163570797,converged,-6.726703095465658,0.26028362504116764,turk1304,converged,-0.12363554986878622,-0.47452497236034985,Turkmen,Eurasia,Turkic,59.17574,37.08719,5930000,other
ice_group,-7.612487188014121,0.01790479757416687,converged,-7.828963339034981,0.4546720704726407,east2387,converged,-0.21647615102085993,-0.4757461688402568,East Limba,Africa,Atlantic-Congo,-11.7496,9.71107,4600,other
ice_group,-7.612487188014121,0.01790479757416687,converged,-7.865369560295711,0.5308057174003704,muru1266,converged,-0.25288237228159005,-0.4761414982880155,Muruwari,Australia,Pama-Nyungan,146.546,-28.9618,2000,hunter-gatherer
wind_group,-5.9578521923046734,0.008998002000740201,converged,-6.081631163565911,0.25965756320556116,phal1254,converged,-0.12377897126123738,-0.4764148456347073,Palula,Eurasia,Indo-European,71.8421,35.5096,10000,other
taste_group,-6.6616898200504995,0.00856555621078967,converged,-6.753908819991509,0.19281765543033894,aleu1260,converged,-0.0922189999410099,-0.4777993031553617,Aleut,North America,Eskimo-Aleut,185.71,52.1228,490,hunter-gatherer
rain_group,-6.603067545596872,0.011688275163570797,converged,-6.770379715539731,0.348534424062741,kara1499,converged,-0.1673121699428588,-0.4797751830896515,Kalamang,Papunesia,West Bomberai,132.678,-3.47037,240,other
dance_group,-7.253315279651133,0.017805314144472898,converged,-7.436511756617574,0.3811014361298963,midd1344,converged,-0.18319647696644115,-0.48017888100105105,Middle Chinese,Eurasia,Sino-Tibetan,108.9,34.27,65000000,other
dance_group,-7.253315279651133,0.017805314144472898,converged,-7.408296491570971,0.321787540001238,plau1238,converged,-0.1549812119198375,-0.4808902896674175,Plautdietsch,North America,Indo-European,250.646132,49.578028,84900,other
rain_group,-6.603067545596872,0.011688275163570797,converged,-6.727020850240641,0.2573500207529633,anda1287,converged,-0.12395330464376908,-0.4811565884776267,Andalusian Arabic,Eurasia,Afro-Asiatic,-5.2,36.54,500000,other
smell_group,-6.4695167475009825,0.009740427525109643,converged,-6.623106233546101,0.3189086804332078,nort2875,converged,-0.15358948604511813,-0.4813851289373961,Northern Alta,Papunesia,Austronesian,121.454,15.6913,200,hunter-gatherer
dance_group,-7.253315279651133,0.017805314144472898,converged,-7.454140969369121,0.41597081582012263,wilt1234,converged,-0.20082568971798764,-0.48234625558365485,Wiltshire-Hampshire,Eurasia,Indo-European,-1,53,2564305,other
snow_group,-7.416197459846801,0.016251105602529504,converged,-7.493896433264028,0.1599042921485135,oriy1255,converged,-0.07769897341722665,-0.48341911058560644,Odia,Eurasia,Indo-European,85,21,34463280,other
ice_group,-7.612487188014121,0.01790479757416687,converged,-7.825043092967123,0.43912670304883733,lisu1250,converged,-0.21255590495300147,-0.48364045594597344,Lisu,Eurasia,Sino-Tibetan,98.94,26.91,766000,other
wind_group,-5.9578521923046734,0.008998002000740201,converged,-6.060084317729716,0.2111199834701087,besi1244,converged,-0.10223212542504267,-0.4837978770920445,Besisi,Eurasia,Austroasiatic,101.676,2.717,2990,other
ice_group,-7.612487188014121,0.01790479757416687,converged,-7.893041637976263,0.5759964720947031,urho1239,converged,-0.28055444996214174,-0.48684152735359093,Urhobo,Africa,Atlantic-Congo,5.86148,5.31155,546000,other
ice_group,-7.612487188014121,0.01790479757416687,converged,-7.826905276628721,0.4391266067483626,geez1241,converged,-0.21441808861459943,-0.48787769442350964,Geez,Africa,Afro-Asiatic,40.6821,10.1342,5150000,other
taste_group,-6.6616898200504995,0.00856555621078967,converged,-6.779764859579751,0.2417107268127947,toar1246,converged,-0.11807503952925114,-0.48819087065559996,Toaripi,Papunesia,Eleman,146.206,-8.07231,23000,hunter-gatherer
ice_group,-7.612487188014121,0.01790479757416687,converged,-7.856408145138525,0.498406155192511,iraq1241,converged,-0.24392095712440387,-0.4890864843531803,Iraqw,Africa,Afro-Asiatic,35.2939,-4.19948,462000,other
wind_group,-5.9578521923046734,0.008998002000740201,converged,-6.071276428226666,0.23130448515324514,akaw1239,converged,-0.11342423592199236,-0.4899970308557008,Akawaio-Ingariko,South America,Cariban,299.138,6.16277,5350,hunter-gatherer
ice_group,-7.612487188014121,0.01790479757416687,converged,-7.874024381891055,0.5308050759775734,bugh1239,converged,-0.26153719387693375,-0.4924378893477419,Bughotu,Papunesia,Austronesian,159.802,-8.47948,4050,other
ice_group,-7.612487188014121,0.01790479757416687,converged,-7.896980053762103,0.5759961437026276,nort2875,converged,-0.28449286574798194,-0.4936760767435553,Northern Alta,Papunesia,Austronesian,121.454,15.6913,200,hunter-gatherer
smell_group,-6.4695167475009825,0.009740427525109643,converged,-6.623393471478574,0.31134289635996193,kara1499,converged,-0.1538767239775911,-0.49399384565521787,Kalamang,Papunesia,West Bomberai,132.678,-3.47037,240,other
taste_group,-6.6616898200504995,0.00856555621078967,converged,-6.691975279402885,0.06069440672527303,urdu1245,converged,-0.03028545935238558,-0.49408671650751085,Urdu,Eurasia,Indo-European,67,25,59050000,other
wind_group,-5.9578521923046734,0.008998002000740201,converged,-6.01411638331045,0.11350440378645639,cent1972,converged,-0.056264191005776176,-0.49415021402907927,Central Kurdish,Eurasia,Indo-European,45.8077,35.6539,3712000,other
snow_group,-7.416197459846801,0.016251105602529504,converged,-7.604330387130055,0.37952669285662766,nyan1307,converged,-0.18813292728325415,-0.49525025950686924,Nyankole,Africa,Atlantic-Congo,30.548,-0.46364,2330000,other
ice_group,-7.612487188014121,0.01790479757416687,converged,-7.823860311353347,0.4262823118001271,west2386,converged,-0.21137312333922598,-0.49541562750735274,Western Panjabi,Eurasia,Indo-European,75.3474,30.0948,60600000,other
smell_group,-6.4695167475009825,0.009740427525109643,converged,-6.545568715917752,0.15296925578590084,halh1238,converged,-0.07605196841676953,-0.49616673133056677,Halh Mongolian,Eurasia,Mongolic-Khitan,106.28874,48.32397,2332660,other
taste_group,-6.6616898200504995,0.00856555621078967,converged,-6.708492817844689,0.09388596898196884,soma1255,converged,-0.04680299779418995,-0.49644714576676185,Somali,Africa,Afro-Asiatic,45.152856,4.778704,13742400,other
wind_group,-5.9578521923046734,0.008998002000740201,converged,-6.08534229451851,0.2564199550201883,gbar1246,converged,-0.1274901022138364,-0.49688676095334716,Gbari,Africa,Atlantic-Congo,7.10757,8.46411,350000,other
dance_group,-7.253315279651133,0.017805314144472898,converged,-7.460552208229618,0.41597031168119475,malo1243,converged,-0.2072369285784852,-0.49774547063505437,Tamambo,Papunesia,Austronesian,167.16,-15.6835,4000,other
ice_group,-7.612487188014121,0.01790479757416687,converged,-7.899756426351972,0.575995912979631,wers1238,converged,-0.287269238337851,-0.49849407271126356,Wersing,Papunesia,Timor-Alor-Pantar,124.932,-8.33936,3700,other
ice_group,-7.612487188014121,0.01790479757416687,converged,-7.8325162351886934,0.4391263176664287,yong1270,converged,-0.22002904717457206,-0.5006449571768005,Narua,Eurasia,Sino-Tibetan,100.9,27.8,47000,other
taste_group,-6.6616898200504995,0.00856555621078967,converged,-6.79319526846868,0.2611030842000983,yeyi1239,converged,-0.13150544841818057,-0.503382576871246,Yeyi,Africa,Atlantic-Congo,23.6088,-18.9178,24000,other
smell_group,-6.4695167475009825,0.009740427525109643,converged,-6.639311770095293,0.33707825984639,bord1248,converged,-0.16979502259431012,-0.503515641431918,Border Kuna,South America,Chibchan,282.8336,7.92993,1200,hunter-gatherer
smell_group,-6.4695167475009825,0.009740427525109643,converged,-6.50840244968494,0.07658464623104641,nepa1254,converged,-0.038885702183957704,-0.5036904962842259,Nepali,Eurasia,Indo-European,85,28,16903270,other
taste_group,-6.6616898200504995,0.00856555621078967,converged,-6.805914346640311,0.2855838060865005,wilt1234,converged,-0.14422452658981122,-0.5047894729206519,Wiltshire-Hampshire,Eurasia,Indo-European,-1,53,2564305,other
wind_group,-5.9578521923046734,0.008998002000740201,converged,-6.045812787187428,0.1738864124492923,mani1292,converged,-0.08796059488275443,-0.5051749809812204,Manipuri,Eurasia,Sino-Tibetan,93.3426,24.4409,1391000,other
wind_group,-5.9578521923046734,0.008998002000740201,converged,-6.060151320075275,0.20210514531249948,chan1313,converged,-0.10229912777060157,-0.5056669475940229,Chang Naga,Eurasia,Sino-Tibetan,94.9536,26.4336,60900,other
dance_group,-7.253315279651133,0.017805314144472898,converged,-7.482478252199088,0.45254202474512106,didi1258,converged,-0.2291629725479547,-0.5059989774964835,Didinga,Africa,Surmic,33.6869,4.21489,60000,other
rain_group,-6.603067545596872,0.011688275163570797,converged,-6.735121298860512,0.2602831727816436,yaki1237,converged,-0.13205375326363988,-0.506835714693134,Northwest Sahaptin,North America,Sahaptian,239.244,46.2655,3000,hunter-gatherer
smell_group,-6.4695167475009825,0.009740427525109643,converged,-6.635592890202423,0.3274192638685068,bong1285,converged,-0.16607614270144033,-0.5070034672376246,Bongo,Africa,Central Sudanic,27.9918,7.4145,10100,other
snow_group,-7.416197459846801,0.016251105602529504,converged,-7.6223813133283125,0.40527993611272967,kwam1252,converged,-0.20618385348151147,-0.5083357811358162,Kwamera,Papunesia,Austronesian,169.442,-19.5954,3500,other
snow_group,-7.416197459846801,0.016251105602529504,converged,-7.6223813133283125,0.40527993611272967,west2555,converged,-0.20618385348151147,-0.5083357811358162,Western Bukidnon Manobo,Papunesia,Austronesian,124.825,7.6682,19000,other
wind_group,-5.9578521923046734,0.008998002000740201,converged,-6.079350116154323,0.23870797700958193,bond1245,converged,-0.12149792384964986,-0.5086201981261977,Bondo,Eurasia,Austroasiatic,83.8141,19.1512,9000,other
dance_group,-7.253315279651133,0.017805314144472898,converged,-7.403775136172845,0.2947377458438824,ukra1253,converged,-0.1504598565217119,-0.5095582759340807,Ukrainian,Eurasia,Indo-European,29.945,49.796,31651360,other
dance_group,-7.253315279651133,0.017805314144472898,converged,-7.385014840806303,0.2573766984928393,mikm1235,converged,-0.13169956115516968,-0.5104795429665984,Mi'kmaq,North America,Algic,296,46,9290,hunter-gatherer
ice_group,-7.612487188014121,0.01790479757416687,converged,-7.90671129229022,0.5759953378179946,reel1238,converged,-0.2942241042760987,-0.5105632583368455,Reel,Africa,Nilotic,30.49451,6.32234,50000,other
taste_group,-6.6616898200504995,0.00856555621078967,converged,-6.797179636381239,0.26521983452485814,paiw1248,converged,-0.13548981633073964,-0.5105923222110987,Paiwan,Papunesia,Austronesian,120.806,22.3271,66100,other
dance_group,-7.253315279651133,0.017805314144472898,converged,-7.389342481805491,0.26562346299625805,corn1251,converged,-0.1360272021543576,-0.5109587099532961,Cornish,Eurasia,Indo-European,-4.18619,50.5233,468425,other
rain_group,-6.603067545596872,0.011688275163570797,converged,-6.712573034591196,0.21299080331973178,koon1244,converged,-0.10950548899432366,-0.5133600713852966,South-Central Koongo,Africa,Atlantic-Congo,14.4771,-5.57722,5000000,other
rain_group,-6.603067545596872,0.011688275163570797,converged,-6.763272868083267,0.31169984781652793,tana1290,converged,-0.1602053224863953,-0.5136120756195777,Tanacross,North America,Athabaskan-Eyak-Tlingit,216.662,63.4046,100,hunter-gatherer
wind_group,-5.9578521923046734,0.008998002000740201,converged,-6.0118113480096005,0.10416417934031194,cent1989,converged,-0.05395915570492704,-0.5160982797560646,Central Khmer,Eurasia,Austroasiatic,105.015,12.0515,13370400,other
rain_group,-6.603067545596872,0.011688275163570797,converged,-6.776365799213307,0.33347770624420026,pang1290,converged,-0.17329825361643536,-0.5193507746904229,Pangasinan,Papunesia,Austronesian,120.365,15.9377,1160000,other
ice_group,-7.612487188014121,0.01790479757416687,converged,-7.91220279915082,0.5759948864922081,ataa1240,converged,-0.29971561113669853,-0.5200930058406621,Ata,Papunesia,Austronesian,122.9,9.715,100,hunter-gatherer
wind_group,-5.9578521923046734,0.008998002000740201,converged,-6.0665844688230735,0.208706049009286,boko1266,converged,-0.1087322765184,-0.5204993548199713,Boko,Africa,Mande,3.71771,10.5189,110000,other
smell_group,-6.4695167475009825,0.009740427525109643,converged,-6.631684328954036,0.31134170941624495,tiri1258,converged,-0.16216758145305388,-0.5206121513362986,Tiri-Mea,Papunesia,Austronesian,165.792,-21.8147,260,other
snow_group,-7.416197459846801,0.016251105602529504,converged,-7.604259084922808,0.36062081394198514,ewee1241,converged,-0.1880616250760072,-0.5209653787856543,Ewe,Africa,Atlantic-Congo,0.814975,6.46061,3112000,other
dance_group,-7.253315279651133,0.017805314144472898,converged,-7.352735107778653,0.1897244805023155,akan1250,converged,-0.0994198281275196,-0.5217296098172701,Akan,Africa,Atlantic-Congo,-1.33254,6.34756,8300000,other
ice_group,-7.612487188014121,0.01790479757416687,converged,-7.658910214791565,0.0869083437855301,beng1280,converged,-0.046423026777443255,-0.5231733592345978,Bengali,Eurasia,Indo-European,90,24,180623600,other
rain_group,-6.603067545596872,0.011688275163570797,converged,-6.796273982453927,0.36807052837424026,dhar1247,converged,-0.1932064368570554,-0.5246524227563927,Dhargari,Australia,Pama-Nyungan,114.847,-24.0601,100,hunter-gatherer
taste_group,-6.6616898200504995,0.00856555621078967,converged,-6.783750238540702,0.23228113445786494,jica1244,converged,-0.12206041849020277,-0.5251287964828707,Jicarilla Apache,North America,Athabaskan-Eyak-Tlingit,252.993,36.8079,680,hunter-gatherer
smell_group,-6.4695167475009825,0.009740427525109643,converged,-6.53117886254795,0.11675624460131198,goan1235,converged,-0.061662115046967614,-0.5262986261543792,Goan Konkani,Eurasia,Indo-European,74.2098,15.2732,3630000,other
smell_group,-6.4695167475009825,0.009740427525109643,converged,-6.621193522079937,0.28788984925174316,cahu1264,converged,-0.1516767745789549,-0.5265556771294068,Cahuilla,North America,Uto-Aztecan,243.309,33.5324,100,hunter-gatherer
wind_group,-5.9578521923046734,0.008998002000740201,converged,-6.098454474704785,0.2668650060508195,goem1240,converged,-0.14060228240011163,-0.5265674568997292,Goemai,Africa,Afro-Asiatic,9.72453,8.74455,200000,other
rain_group,-6.603067545596872,0.011688275163570797,converged,-6.742844649229403,0.26483046844072766,osag1243,converged,-0.13977710363253149,-0.527285125606077,Osage,North America,Siouan,263.7051,36.7828,100,hunter-gatherer
rain_group,-6.603067545596872,0.011688275163570797,converged,-6.720584437703126,0.22203008222433535,swat1243,converged,-0.11751689210625393,-0.5285517785921472,Swati,Africa,Atlantic-Congo,31.5,-26,2034200,other
ice_group,-7.612487188014121,0.01790479757416687,converged,-7.819721283593054,0.39132276968899454,magu1243,converged,-0.2072340955789329,-0.5290198565054779,Maguindanao,Papunesia,Austronesian,124.509,6.9453,1000000,other
smell_group,-6.4695167475009825,0.009740427525109643,converged,-6.630897721019674,0.3045677145747101,semb1240,converged,-0.16138097351869174,-0.5295981789347358,Sembakung Murut,Papunesia,Austronesian,116.799,4.22102,5180,other
snow_group,-7.416197459846801,0.016251105602529504,converged,-7.623704970577548,0.391324779041922,sout2832,converged,-0.20750751073074714,-0.5298126213556069,Southwestern Dinka,Africa,Nilotic,28.0613,8.81115,450000,other
wind_group,-5.9578521923046734,0.008998002000740201,converged,-6.038923072505518,0.15267872817400796,corn1251,converged,-0.08107088020084419,-0.5300702818587517,Cornish,Eurasia,Indo-European,-4.18619,50.5233,468425,other
wind_group,-5.9578521923046734,0.008998002000740201,converged,-6.025331691992494,0.12673354343017493,sida1246,converged,-0.06747949968782052,-0.5311148029271642,Sidamo,Africa,Afro-Asiatic,38.3729,6.74176,2900000,other
snow_group,-7.416197459846801,0.016251105602529504,converged,-7.527752370144102,0.20901491389236648,khas1269,converged,-0.11155491029730058,-0.5321115273481796,Khasi,Eurasia,Austroasiatic,91.9998,24.977,865000,other
rain_group,-6.603067545596872,0.011688275163570797,converged,-6.757927468912697,0.29070710953114237,temi1246,converged,-0.15485992331582477,-0.5322707985946212,Temiar,Eurasia,Austroasiatic,101.438,4.974,25725,other
rain_group,-6.603067545596872,0.011688275163570797,converged,-6.784644380216061,0.34054975828411155,west2443,converged,-0.1815768346191895,-0.5328736174954053,Western Victoria,Australia,Pama-Nyungan,143.6694397,-34.13829932,2000,hunter-gatherer
wind_group,-5.9578521923046734,0.008998002000740201,converged,-6.077976736731389,0.2252046296793987,hava1248,converged,-0.12012454442671583,-0.5329765056558415,Havasupai-Walapai-Yavapai,North America,Cochimi-Yuman,246.615,35.6302,2690,other
rain_group,-6.603067545596872,0.011688275163570797,converged,-6.799466823773417,0.36807008168211974,goem1240,converged,-0.19639927817654534,-0.5333232356270627,Goemai,Africa,Afro-Asiatic,9.72453,8.74455,200000,other
taste_group,-6.6616898200504995,0.00856555621078967,converged,-6.76962103991661,0.20216754316770041,raro1241,converged,-0.10793121986611087,-0.5333916355816005,Southern Cook Island Maori,Papunesia,Austronesian,200.22,-21.23,32300,other
rain_group,-6.603067545596872,0.011688275163570797,converged,-6.677704355662993,0.13934833476609854,cent1989,converged,-0.07463681006612077,-0.533738939101538,Central Khmer,Eurasia,Austroasiatic,105.015,12.0515,13370400,other
snow_group,-7.416197459846801,0.016251105602529504,converged,-7.569730830903898,0.28710627004325406,gras1249,converged,-0.1535333710570974,-0.5339068590422877,Grass Koiari,Papunesia,Koiarian,147.437,-9.51218,1700,other
ice_group,-7.612487188014121,0.01790479757416687,converged,-7.87942671696914,0.4984046407921663,limb1266,converged,-0.26693952895501827,-0.5352427010567666,Limbu,Eurasia,Sino-Tibetan,87.8859,27.2703,358000,other
taste_group,-6.6616898200504995,0.00856555621078967,converged,-6.7727697123021375,0.20662025313448468,tuwa1243,converged,-0.11107989225163806,-0.5371427270225598,Tuwali Ifugao,Papunesia,Austronesian,121.113,16.6646,30000,other
ice_group,-7.612487188014121,0.01790479757416687,converged,-7.923002759603901,0.5759940060814481,bafa1249,converged,-0.3105155715897796,-0.5388348741225086,Bafanji,Africa,Atlantic-Congo,10.4518,5.84612,17000,other
snow_group,-7.416197459846801,0.016251105602529504,converged,-7.627774512436446,0.3913245209951989,gilb1244,converged,-0.21157705258964477,-0.5402034184089535,Gilbertese,Papunesia,Austronesian,173.64,0.179,66110,other
wind_group,-5.9578521923046734,0.008998002000740201,converged,-6.059748373699906,0.188378174305389,kuru1301,converged,-0.10189618139523215,-0.5402968757562379,Kurukh,Eurasia,Dravidian,86.46568,24.46442,2090000,other
rain_group,-6.603067545596872,0.011688275163570797,converged,-6.796576421063634,0.35761919810785425,ataa1240,converged,-0.19350887546676176,-0.5408143761630604,Ata,Papunesia,Austronesian,122.9,9.715,100,hunter-gatherer
smell_group,-6.4695167475009825,0.009740427525109643,converged,-6.586560597122693,0.21585731562925967,mbuk1240,converged,-0.11704384962171055,-0.5416766535994182,Mbukushu,Africa,Atlantic-Congo,22.5026,-17.6827,35100,other
dance_group,-7.253315279651133,0.017805314144472898,converged,-7.306161125151718,0.09578704309328441,tibe1272,converged,-0.05284584550058469,-0.542410030078473,Tibetan,Eurasia,Sino-Tibetan,90.1872,28.3681,1269080,other
smell_group,-6.4695167475009825,0.009740427525109643,converged,-6.609062203695658,0.25678987907178635,akha1245,converged,-0.13954545619467584,-0.5430322096136623,Akha,Eurasia,Sino-Tibetan,100.964,21.2309,563960,other
wind_group,-5.9578521923046734,0.008998002000740201,converged,-6.093082149781381,0.24790116716831767,ncan1245,converged,-0.13522995747670752,-0.5451404985581407,Ncane-Mungong,Africa,Atlantic-Congo,10.5312,6.50696,15500,other
taste_group,-6.6616898200504995,0.00856555621078967,converged,-6.800100666896306,0.25373672895854144,casi1235,converged,-0.1384108468458063,-0.5451794452546316,Casiguran-Nagtipunan Agta,Papunesia,Austronesian,121.878,16.2176,610,hunter-gatherer
rain_group,-6.603067545596872,0.011688275163570797,converged,-6.7934715406949016,0.3485314931784573,zuni1245,converged,-0.19040399509802963,-0.5459966180022944,Zuni,North America,isolate_zuni1245,251.218,35.0056,9650,other
ice_group,-7.612487188014121,0.01790479757416687,converged,-7.902750544887888,0.5308029863845352,gamb1252,converged,-0.2902633568737665,-0.5465273781874567,Gambian Wolof,Africa,Atlantic-Congo,-16.1544,13.5337,185000,other
wind_group,-5.9578521923046734,0.008998002000740201,converged,-6.086295967154916,0.23481597482829028,kokb1239,converged,-0.1284437748502425,-0.5465964437701045,Kok Borok,Eurasia,Sino-Tibetan,91.4673,23.1916,696000,other
rain_group,-6.603067545596872,0.011688275163570797,converged,-6.762659018335091,0.290706728302884,tosk1239,converged,-0.15959147273821905,-0.5485343789492546,Northern Tosk Albanian,Eurasia,Indo-European,20,41,2915000,other
wind_group,-5.9578521923046734,0.008998002000740201,converged,-6.011282450063159,0.09687544618388089,sout2807,converged,-0.05343025775848531,-0.5491718120137414,Southern Sotho,Africa,Atlantic-Congo,27.89,-28.78,6010000,other
wind_group,-5.9578521923046734,0.008998002000740201,converged,-6.10278929690473,0.26312683684911925,bero1242,converged,-0.14493710460005627,-0.5505042210744966,Berom,Africa,Atlantic-Congo,8.81221,9.67037,300000,other
smell_group,-6.4695167475009825,0.009740427525109643,converged,-6.556566628662605,0.15771849443535593,nort2646,converged,-0.08704988116162227,-0.550882424153876,Northern Pashto,Eurasia,Indo-European,71.33,34,9590000,other
snow_group,-7.416197459846801,0.016251105602529504,converged,-7.6397246296887635,0.4052787617808456,sema1266,converged,-0.22352716984196253,-0.5510964378810845,Semai,Eurasia,Austroasiatic,101.477,4.13257,43900,other
taste_group,-6.6616898200504995,0.00856555621078967,converged,-6.835784450391146,0.31571408353571967,devo1240,converged,-0.17409463034064654,-0.5512284729859991,Devon,Eurasia,Indo-European,-1,53,1194166,other
smell_group,-6.4695167475009825,0.009740427525109643,converged,-6.5649649755852035,0.17212759395502006,here1253,converged,-0.09544822808422104,-0.5536344724150032,Herero,Africa,Atlantic-Congo,20.5655,-21.0231,237000,other
ice_group,-7.612487188014121,0.01790479757416687,converged,-7.93267024742675,0.5759932260129488,bayu1240,converged,-0.3201830594126287,-0.5556115303907577,Bayungu,Australia,Pama-Nyungan,114.108,-23.3809,100,hunter-gatherer
smell_group,-6.4695167475009825,0.009740427525109643,converged,-6.6191019551210655,0.26814357991151344,turk1308,converged,-0.14958520762008298,-0.5574872003338196,Turkana,Africa,Nilotic,35.7101,4.30688,476200,other
ice_group,-7.612487188014121,0.01790479757416687,converged,-7.934611046181297,0.5759930703168497,rita1239,converged,-0.3221238581671759,-0.558979536493945,Ritharrngu,Australia,Pama-Nyungan,135.259,-13.4559,100,hunter-gatherer
snow_group,-7.416197459846801,0.016251105602529504,converged,-7.622926156525478,0.3694050808872062,naro1249,converged,-0.20672869667867655,-0.5590852719924767,Naro,Africa,Khoe-Kwadi,20.7458,-22.0939,14000,hunter-gatherer
dance_group,-7.253315279651133,0.017805314144472898,converged,-7.46674596858532,0.3810994827878557,akha1245,converged,-0.21343068893418682,-0.5594290634160284,Akha,Eurasia,Sino-Tibetan,100.964,21.2309,563960,other
smell_group,-6.4695167475009825,0.009740427525109643,converged,-6.624149562267817,0.2751248246881712,beng1286,converged,-0.15463281476683477,-0.5616941184723935,Beng,Africa,Mande,-4.23539,7.78122,17000,other
smell_group,-6.4695167475009825,0.009740427525109643,converged,-6.649153690086757,0.318904812239614,bafa1249,converged,-0.17963694258577423,-0.5630307316014578,Bafanji,Africa,Atlantic-Congo,10.4518,5.84612,17000,other
taste_group,-6.6616898200504995,0.00856555621078967,converged,-6.770341598018516,0.19227868568500484,taus1251,converged,-0.10865177796801628,-0.5645146190224761,Tausug,Papunesia,Austronesian,118.88,5.12236,1050000,other
rain_group,-6.603067545596872,0.011688275163570797,converged,-6.781987200914349,0.3163589821047034,cher1273,converged,-0.17891965531747722,-0.5651733487299306,Cherokee,North America,Iroquoian,276.837,35.4664,16400,other
dance_group,-7.253315279651133,0.017805314144472898,converged,-7.430932150997245,0.31298083621745987,chad1249,converged,-0.17761687134611215,-0.5665846784573978,Chadian Arabic,Africa,Afro-Asiatic,13.5,14.67,1076000,other
wind_group,-5.9578521923046734,0.008998002000740201,converged,-6.093943012715951,0.2387057905371529,papi1253,converged,-0.13609082041127785,-0.5697148639968966,Papiamento,South America,Indo-European,290.06012,12.48485,239400,other
smell_group,-6.4695167475009825,0.009740427525109643,converged,-6.593463256895912,0.21714212393937568,yama1264,converged,-0.1239465093949299,-0.5702348000526083,Yámana,South America,isolate_yama1264,291.7352,-55.2748,100,hunter-gatherer
taste_group,-6.6616898200504995,0.00856555621078967,converged,-6.811414857694481,0.2611013085661638,lauu1247,converged,-0.14972503764398137,-0.5731282481284411,Lau,Papunesia,Austronesian,160.872,-8.51018,16900,other
ice_group,-7.612487188014121,0.01790479757416687,converged,-7.942794781190933,0.5759924171083841,gbar1246,converged,-0.330307593176812,-0.5731813705750098,Gbari,Africa,Atlantic-Congo,7.10757,8.46411,350000,other
smell_group,-6.4695167475009825,0.009740427525109643,converged,-6.600638626071624,0.227919035903586,hais1244,converged,-0.1311218785706414,-0.5747756066712463,Haisla,North America,Wakashan,231.398,53.964,100,hunter-gatherer
snow_group,-7.416197459846801,0.016251105602529504,converged,-7.578193509141509,0.27977334256516234,yuca1254,converged,-0.16199604929470812,-0.5780516650749318,Yucatec Maya,North America,Mayan,271.0433,18.7757,706000,other
wind_group,-5.9578521923046734,0.008998002000740201,converged,-6.043287455630963,0.14743011049565605,here1253,converged,-0.08543526332628915,-0.5784204149383574,Herero,Africa,Atlantic-Congo,20.5655,-21.0231,237000,other
smell_group,-6.4695167475009825,0.009740427525109643,converged,-6.631328065469013,0.27903516963068814,sout2856,converged,-0.16181131796803072,-0.5795427930463847,Nafsan,Papunesia,Austronesian,168.377,-17.7006,6000,other
taste_group,-6.6616898200504995,0.00856555621078967,converged,-6.805196232943511,0.24733252000559636,sora1254,converged,-0.1435064128930117,-0.5798688844839739,Sora,Eurasia,Austroasiatic,84.19,19.1213,310000,other
dance_group,-7.253315279651133,0.017805314144472898,converged,-7.461570863475815,0.3585534593751811,arom1237,converged,-0.20825558382468223,-0.580106743214485,Aromanian,Eurasia,Indo-European,21.2,40.616,69700,other
rain_group,-6.603067545596872,0.011688275163570797,converged,-6.8054688642787164,0.3485299969380358,tali1258,converged,-0.20240131868184452,-0.5804022615770005,Talinga-Bwisi,Africa,Atlantic-Congo,29.9494,0.676185,99400,other
smell_group,-6.4695167475009825,0.009740427525109643,converged,-6.578583415459355,0.18593086675923498,sant1410,converged,-0.1090666679583725,-0.5857946772600866,Santali,Eurasia,Austroasiatic,87.8185,25.0317,6157300,other
smell_group,-6.4695167475009825,0.009740427525109643,converged,-6.661888294951387,0.3274152181865323,suau1242,converged,-0.19237154745040463,-0.5872863137527045,Suau,Papunesia,Austronesian,150.21,-10.6606,6800,other
smell_group,-6.4695167475009825,0.009740427525109643,converged,-6.662385349389996,0.32741514273146094,ngan1295,converged,-0.1928686018890131,-0.5888038944626001,Ngandi,Australia,Gunwinyguan,134.649,-12.8448,2000,hunter-gatherer
smell_group,-6.4695167475009825,0.009740427525109643,converged,-6.642277668454232,0.2929281972485807,mand1413,converged,-0.1727609209532499,-0.5894464637699705,Manda,Eurasia,Dravidian,83.6749,20.0962,4040,other
dance_group,-7.253315279651133,0.017805314144472898,converged,-7.349589782381886,0.16204368870187308,roma1327,converged,-0.09627450273075322,-0.5905723713480032,Romanian,Eurasia,Indo-European,24.2256,46.3913,22610000,other
taste_group,-6.6616898200504995,0.00856555621078967,converged,-6.713012529049684,0.08641373263520234,hung1274,converged,-0.05132270899918456,-0.5910220507374978,Hungarian,Eurasia,Uralic,19.6555271429,46.9068585714,12173900,other
ice_group,-7.612487188014121,0.01790479757416687,converged,-7.825999276886159,0.35960260917365167,mapu1244,converged,-0.21351208887203743,-0.593009939668984,Mapun,Papunesia,Austronesian,118.75,6.09061,42470,other
snow_group,-7.416197459846801,0.016251105602529504,converged,-7.656986217174813,0.4052776130282829,bard1255,converged,-0.24078875732801208,-0.5936558050864377,Bardi,Australia,Nyulnyulan,122.906,-16.6274,380,hunter-gatherer
rain_group,-6.603067545596872,0.011688275163570797,converged,-6.760581360609127,0.2648294566026857,nort2671,converged,-0.1575138150122548,-0.5941960899634346,North Saami,Eurasia,Uralic,22.1113,68.725,20700,other
rain_group,-6.603067545596872,0.011688275163570797,converged,-6.822641586798174,0.3680668818101101,mand1425,converged,-0.21957404120130164,-0.5962596005656486,Mandari,Africa,Nilotic,31.2327,5.83656,70000,other
snow_group,-7.416197459846801,0.016251105602529504,converged,-7.585609733593215,0.28306576298059216,hakk1236,converged,-0.16941227374641432,-0.5975069760936984,Hakka Chinese,Eurasia,Sino-Tibetan,116,25,28070000,other
ice_group,-7.612487188014121,0.01790479757416687,converged,-7.83702749299999,0.3753512955648516,chad1249,converged,-0.22454030498586874,-0.597534310363397,Chadian Arabic,Africa,Afro-Asiatic,13.5,14.67,1076000,other
snow_group,-7.416197459846801,0.016251105602529504,converged,-7.532747165672559,0.1940956507781674,akan1250,converged,-0.11654970582575785,-0.5983818741787674,Akan,Africa,Atlantic-Congo,-1.33254,6.34756,8300000,other
smell_group,-6.4695167475009825,0.009740427525109643,converged,-6.6607728113022135,0.3189031189497593,rita1239,converged,-0.19125606380123106,-0.599451377930833,Ritharrngu,Australia,Pama-Nyungan,135.259,-13.4559,100,hunter-gatherer
rain_group,-6.603067545596872,0.011688275163570797,converged,-6.807558150308101,0.3405470343587928,tamp1252,converged,-0.20449060471122937,-0.6001234633051457,Tampulma,Africa,Atlantic-Congo,-1.35467,9.75577,16000,other
smell_group,-6.4695167475009825,0.009740427525109643,converged,-6.645491528902689,0.29292779657327267,taid1250,converged,-0.17597478140170608,-0.6004127192811662,Tai Dón,Eurasia,Tai-Kadai,103.570496667,21.84898,490000,other
dance_group,-7.253315279651133,0.017805314144472898,converged,-7.31086703195316,0.09415967197435814,urdu1245,converged,-0.057551752302027026,-0.6005712414841676,Urdu,Eurasia,Indo-European,67,25,59050000,other
smell_group,-6.4695167475009825,0.009740427525109643,converged,-6.604787406827146,0.22497594724442418,buli1254,converged,-0.13527065932616367,-0.6007044618746062,Buli,Africa,Atlantic-Congo,-1.26748,10.5763,150000,other
snow_group,-7.416197459846801,0.016251105602529504,converged,-7.598723379065527,0.3025993746770825,khot1251,converged,-0.18252591921872607,-0.602325315941212,Khotanese,Eurasia,Indo-European,79.04,38.33,83000,other
dance_group,-7.253315279651133,0.017805314144472898,converged,-7.3505094415362935,0.16029518185623282,czec1258,converged,-0.09719416188516039,-0.6026384789233026,Czech,Eurasia,Indo-European,15.10437,49.873398,9282000,other
taste_group,-6.6616898200504995,0.00856555621078967,converged,-6.812863853018512,0.25042607173977177,west2452,converged,-0.15117403296801246,-0.6033145011951244,Western Temne,Africa,Atlantic-Congo,-12.3331,8.90294,240000,other
smell_group,-6.4695167475009825,0.009740427525109643,converged,-6.631478992677389,0.26814229322238053,kwam1252,converged,-0.16196224517640623,-0.6036179162175094,Kwamera,Papunesia,Austronesian,169.442,-19.5954,3500,other
taste_group,-6.6616898200504995,0.00856555621078967,converged,-6.819851724239432,0.26110049722174494,wole1240,converged,-0.1581619041889324,-0.6054253708594904,Woleaian,Papunesia,Austronesian,143.916,7.37957,1630,other
ice_group,-7.612487188014121,0.01790479757416687,converged,-7.963818063757093,0.5759907633713677,mail1248,converged,-0.3513308757429714,-0.6096647326927765,Mailu,Papunesia,Mailuan,149.521,-10.3657,8500,other
ice_group,-7.612487188014121,0.01790479757416687,converged,-7.686087244432356,0.11932046058936427,mode1248,converged,-0.07360005641823442,-0.6099973867728878,Modern Greek,Eurasia,Indo-European,23.13,38.36,11792480,other
snow_group,-7.416197459846801,0.016251105602529504,converged,-7.591924921920435,0.2875633276185285,nung1290,converged,-0.17572746207363377,-0.610117849372955,Wubuy,Australia,Gunwinyguan,135.753,-14.2623,360,hunter-gatherer
smell_group,-6.4695167475009825,0.009740427525109643,converged,-6.608419318345096,0.2269001797213453,nort2697,converged,-0.13890257084411317,-0.6116115042557142,North Azerbaijani,Eurasia,Turkic,46.4737,40.97768,6460000,other
smell_group,-6.4695167475009825,0.009740427525109643,converged,-6.63590357380725,0.27150330815651025,lonw1238,converged,-0.1663868263062671,-0.6124413512603696,Lonwolwol,Papunesia,Austronesian,168.016,-16.2286,1200,other
smell_group,-6.4695167475009825,0.009740427525109643,converged,-6.676416069778744,0.33707230561275686,suda1236,converged,-0.20689932227776175,-0.6135567585134669,Sudanese Arabic,Africa,Afro-Asiatic,33.3179,17.8021,16520000,other
snow_group,-7.416197459846801,0.016251105602529504,converged,-7.649587586740371,0.37952400750622983,mala1522,converged,-0.2333901268935703,-0.6143918500806146,Malayo,South America,Chibchan,286.5944,10.9286,1920,other
wind_group,-5.9578521923046734,0.008998002000740201,converged,-6.080562127141424,0.1994399784766455,meso1252,converged,-0.12270993483675063,-0.6146472690095427,Gilit Mesopotamian Arabic,Eurasia,Afro-Asiatic,43.1095,33.8178,14600000,other
rain_group,-6.603067545596872,0.011688275163570797,converged,-6.800899788267417,0.32148637107384054,tuni1252,converged,-0.197832242670545,-0.6149611293254305,Tunica,North America,isolate_tuni1252,267.4597,30.9888,100,other
taste_group,-6.6616898200504995,0.00856555621078967,converged,-6.775365932817425,0.18463085404948382,nucl1302,converged,-0.11367611276692546,-0.6150325089726083,Georgian,Eurasia,Kartvelian,43.78613,41.850397,4016300,other
taste_group,-6.6616898200504995,0.00856555621078967,converged,-6.825085870798607,0.2652170538470243,nung1283,converged,-0.1633960507481076,-0.6157631994162625,Nung,Eurasia,Tai-Kadai,104.286,20.8965,856000,other
ice_group,-7.612487188014121,0.01790479757416687,converged,-7.875690228615858,0.4262798875533765,mala1479,converged,-0.26320304060173694,-0.6168979182845361,Central Malay,Eurasia,Austronesian,103,1.85856,10181000,other
smell_group,-6.4695167475009825,0.009740427525109643,converged,-6.597378464234788,0.20701155749792158,tiko1237,converged,-0.12786171673380586,-0.6169723731985092,Tikopia,Papunesia,Austronesian,168.822,-12.2766,3320,other
snow_group,-7.416197459846801,0.016251105602529504,converged,-7.666619468763088,0.4052769805058512,nanc1247,converged,-0.25042200891628674,-0.6174071938195296,Nancowry,Eurasia,Austroasiatic,93.3921,7.94812,930,other
dance_group,-7.253315279651133,0.017805314144472898,converged,-7.569809597347079,0.5118208648665302,mesk1242,converged,-0.3164943176959456,-0.6179954738755264,Meskwaki,North America,Algic,271,44,250,hunter-gatherer
ice_group,-7.612487188014121,0.01790479757416687,converged,-7.693992040971634,0.13065324700909808,swah1253,converged,-0.08150485295751242,-0.6180491728694202,Swahili,Africa,Atlantic-Congo,37.624,-8.25605,675000,other
wind_group,-5.9578521923046734,0.008998002000740201,converged,-6.072375407428946,0.18500329786611544,kala1397,converged,-0.11452321512427233,-0.6183024884058698,Kalam,Papunesia,Nuclear Trans New Guinea,144.585,-5.25216,15000,other
wind_group,-5.9578521923046734,0.008998002000740201,converged,-6.0934724341117805,0.21893407874519327,kili1268,converged,-0.13562024180710708,-0.6189344607949946,Kiliwa,North America,Cochimi-Yuman,244.877,30.5471,100,hunter-gatherer
ice_group,-7.612487188014121,0.01790479757416687,converged,-7.870695819058161,0.4154759245635356,chan1313,converged,-0.2582086310440399,-0.6209004736275564,Chang Naga,Eurasia,Sino-Tibetan,94.9536,26.4336,60900,other
wind_group,-5.9578521923046734,0.008998002000740201,converged,-6.119290846809459,0.2596507351926671,medi1245,converged,-0.1614386545047859,-0.6213801181081251,Media Lengua,South America,mixedlanguage_medi1245,281.4608,-1.04518,1000,other
rain_group,-6.603067545596872,0.011688275163570797,converged,-6.8001906022588585,0.3163571636738742,west2354,converged,-0.1971230566619866,-0.6226780247008825,Western Frisian,Eurasia,Indo-European,5.86091,53.143,467000,other
wind_group,-5.9578521923046734,0.008998002000740201,converged,-6.076967747452966,0.19058396488141435,sund1252,converged,-0.11911555514829253,-0.6243076094928666,Sundanese,Papunesia,Austronesian,107.106,-6.89708,34000000,other
wind_group,-5.9578521923046734,0.008998002000740201,converged,-6.1112049440403835,0.24539609210187546,pamp1243,converged,-0.15335275173571006,-0.6244996153073793,Pampanga,Papunesia,Austronesian,120.502,14.9603,1900000,other
dance_group,-7.253315279651133,0.017805314144472898,converged,-7.552119366555033,0.47813297200617205,libe1247,converged,-0.2988040869038997,-0.624506433496049,Liberia Kpelle,Africa,Mande,-9.96128,6.92048,487000,other
dance_group,-7.253315279651133,0.017805314144472898,converged,-7.552656194256859,0.47813292178092137,kara1499,converged,-0.2993409146057262,-0.6256284796059569,Kalamang,Papunesia,West Bomberai,132.678,-3.47037,240,other
rain_group,-6.603067545596872,0.011688275163570797,converged,-6.83373257423778,0.3680653764427435,ngan1295,converged,-0.23066502864090843,-0.6263800540285155,Ngandi,Australia,Gunwinyguan,134.649,-12.8448,2000,hunter-gatherer
smell_group,-6.4695167475009825,0.009740427525109643,converged,-6.639810799346374,0.2715028947211384,area1240,converged,-0.17029405184539126,-0.6268241311648718,'Are'are,Papunesia,Austronesian,161.158,-9.20699,17900,other
ice_group,-7.612487188014121,0.01790479757416687,converged,-7.847745285650068,0.37486343492269353,thao1240,converged,-0.2352580976359464,-0.6268688288458542,Thao,Papunesia,Austronesian,120.93,23.8333,100,other
wind_group,-5.9578521923046734,0.008998002000740201,converged,-6.12326312566007,0.2631230618789592,nort2875,converged,-0.16541093335539614,-0.628277501191073,Northern Alta,Papunesia,Austronesian,121.454,15.6913,200,hunter-gatherer
wind_group,-5.9578521923046734,0.008998002000740201,converged,-6.057452279110791,0.1582708457846062,tang1336,converged,-0.09960008680611754,-0.6282870018125044,East-Central Tangkhul Naga,Eurasia,Sino-Tibetan,94.3567,25.0489,125000,other
ice_group,-7.612487188014121,0.01790479757416687,converged,-7.9747872999382174,0.5759899142092617,tiri1258,converged,-0.36230011192409606,-0.6287005824564786,Tiri-Mea,Papunesia,Austronesian,165.792,-21.8147,260,other
snow_group,-7.416197459846801,0.016251105602529504,converged,-7.671954862391734,0.4052766327947564,huaa1248,converged,-0.2557574025449334,-0.630561970759321,East Taa,Africa,Tuu,20.79583,-24.20022,4200,hunter-gatherer
taste_group,-6.6616898200504995,0.00856555621078967,converged,-6.827324958562822,0.26109978423915603,tivv1240,converged,-0.16563513851232248,-0.6340337720000765,Tiv,Africa,Atlantic-Congo,9.26287,6.88039,2210000,other
ice_group,-7.612487188014121,0.01790479757416687,converged,-7.950246671156998,0.5307996604053152,nzim1238,converged,-0.33775948314287696,-0.6359602607806244,Nzima,Africa,Atlantic-Congo,-2.81123,5.1785,328700,other
snow_group,-7.416197459846801,0.016251105602529504,converged,-7.651552987775776,0.36940349849104126,kosa1249,converged,-0.2353555279289754,-0.6365075291029574,Kosarek Yale,Papunesia,Nuclear Trans New Guinea,139.645,-4.06603,2300,other
smell_group,-6.4695167475009825,0.009740427525109643,converged,-6.65295614499912,0.2878860065823427,bell1243,converged,-0.18343939749813742,-0.6368301557182314,Bella Coola,North America,Salishan,233.311,52.3448,100,hunter-gatherer
ice_group,-7.612487188014121,0.01790479757416687,converged,-7.914906839601918,0.4739054636304032,paiw1248,converged,-0.3024196515877966,-0.6376884502304337,Paiwan,Papunesia,Austronesian,120.806,22.3271,66100,other
rain_group,-6.603067545596872,0.011688275163570797,converged,-6.799273005981083,0.3074411410570436,yana1271,converged,-0.19620546038421072,-0.6377279865390477,Yana,North America,isolate_yana1271,238.392,39.2769,1500,hunter-gatherer
ice_group,-7.612487188014121,0.01790479757416687,converged,-7.838535059559515,0.3537956148866431,niue1239,converged,-0.22604787154539352,-0.638105579485769,Niuean,Papunesia,Austronesian,190.14,-19.06,7950,other
smell_group,-6.4695167475009825,0.009740427525109643,converged,-6.650841567422612,0.28327278736140066,malo1243,converged,-0.1813248199216293,-0.6397286580371191,Tamambo,Papunesia,Austronesian,167.16,-15.6835,4000,other
taste_group,-6.6616898200504995,0.00856555621078967,converged,-6.822211897490629,0.2504252487608289,kich1262,converged,-0.16052207744012925,-0.6406233469697404,K'iche',North America,Mayan,268.8304,14.5278,1900000,other
rain_group,-6.603067545596872,0.011688275163570797,converged,-6.729931703115847,0.1972951309668616,tulu1258,converged,-0.12686415751897506,-0.6418917415579642,Tulu,Eurasia,Dravidian,75.2651,12.8114,1950000,other
taste_group,-6.6616898200504995,0.00856555621078967,converged,-6.778517553985325,0.18166413352967192,corn1251,converged,-0.1168277339348256,-0.6423837431099202,Cornish,Eurasia,Indo-European,-4.18619,50.5233,468425,other
ice_group,-7.612487188014121,0.01790479757416687,converged,-7.917367430430309,0.47390532476760827,yaqu1251,converged,-0.3048802424161874,-0.6428770920092363,Yaqui,North America,Uto-Aztecan,249.319,29.9446,14620,other
taste_group,-6.6616898200504995,0.00856555621078967,converged,-6.769126408805873,0.16675388289284912,vend1245,converged,-0.10743658875537321,-0.643434085875394,Venda,Africa,Atlantic-Congo,29.9523,-22.188,1064000,other
smell_group,-6.4695167475009825,0.009740427525109643,converged,-6.658388658411033,0.2929262015588411,arap1274,converged,-0.1888719109100503,-0.6444202602277956,Arapaho,North America,Algic,251.19,43.3879,1040,hunter-gatherer
smell_group,-6.4695167475009825,0.009740427525109643,converged,-6.662365078548186,0.29845884183305504,enga1252,converged,-0.19284833104720356,-0.6458033249023929,Enga,Papunesia,Nuclear Trans New Guinea,143.685,-5.45619,165000,other
taste_group,-6.6616898200504995,0.00856555621078967,converged,-6.85496396160035,0.29900913047226224,gaam1241,converged,-0.19327414154985068,-0.6461170188359452,Gaam,Africa,Eastern Jebel,33.9797,11.4674,67200,other
ice_group,-7.612487188014121,0.01790479757416687,converged,-7.918915566571312,0.47390523757388325,sadr1248,converged,-0.3064283785571904,-0.6461416441692052,Sadri,Eurasia,Indo-European,84.8114,23.6585,1970000,other
wind_group,-5.9578521923046734,0.008998002000740201,converged,-6.0805819856329135,0.18943849590061373,thao1240,converged,-0.12272979332824008,-0.6471313133258886,Thao,Papunesia,Austronesian,120.93,23.8333,100,other
ice_group,-7.612487188014121,0.01790479757416687,converged,-7.95647011603002,0.5307992361874402,rade1240,converged,-0.34398292801589836,-0.6476787719019818,Rade,Eurasia,Austronesian,108.41,12.979,270000,other
ice_group,-7.612487188014121,0.01790479757416687,converged,-7.986163795655785,0.5759890433030163,teee1242,converged,-0.37367660764166377,-0.6484432326110025,Tee,Africa,Atlantic-Congo,7.37553,4.73213,313000,other
wind_group,-5.9578521923046734,0.008998002000740201,converged,-6.11031392297759,0.23481257222984822,wilt1234,converged,-0.15246173067291657,-0.6488149831038518,Wiltshire-Hampshire,Eurasia,Indo-European,-1,53,2564305,other
taste_group,-6.6616898200504995,0.00856555621078967,converged,-6.810002120284316,0.2282834239957453,west2420,converged,-0.14831230023381625,-0.6492280760956807,Western Parbate Kham,Eurasia,Sino-Tibetan,82.7348,28.6521,24500,other
wind_group,-5.9578521923046734,0.008998002000740201,converged,-6.096188912438407,0.2128653943411339,suss1239,converged,-0.13833672013373377,-0.6492990285308504,Sussex,Eurasia,Indo-European,-1,53,602255,other
dance_group,-7.253315279651133,0.017805314144472898,converged,-7.564040398497524,0.4781318630046406,adny1235,converged,-0.3107251188463911,-0.6494231295297452,Adnyamathanha,Australia,Pama-Nyungan,138.671,-30.1451,130,hunter-gatherer
dance_group,-7.253315279651133,0.017805314144472898,converged,-7.495605444273313,0.37258761157534465,cent2100,converged,-0.24229016462217956,-0.6495491768115355,Kadazan Dusun,Papunesia,Austronesian,116.681,6.02998,141000,other
smell_group,-6.4695167475009825,0.009740427525109643,converged,-6.688659261128296,0.337070388869283,wari1262,converged,-0.21914251362731374,-0.6498674465374334,Wariyangga,Australia,Pama-Nyungan,116.927,-24.353,2000,hunter-gatherer
smell_group,-6.4695167475009825,0.009740427525109643,converged,-6.589803944367945,0.1843452881500134,nucl1302,converged,-0.1202871968669621,-0.65160133458292,Georgian,Eurasia,Kartvelian,43.78613,41.850397,4016300,other
taste_group,-6.6616898200504995,0.00856555621078967,converged,-6.827261199574252,0.25373426084474454,lisu1250,converged,-0.16557137952375278,-0.6521670225227214,Lisu,Eurasia,Sino-Tibetan,98.94,26.91,766000,other
wind_group,-5.9578521923046734,0.008998002000740201,converged,-6.132260945059894,0.26685859465877476,suau1242,converged,-0.1744087527552205,-0.6531912268607158,Suau,Papunesia,Austronesian,150.21,-10.6606,6800,other
dance_group,-7.253315279651133,0.017805314144472898,converged,-7.587917128354599,0.511819013388451,shat1244,converged,-0.3346018487034659,-0.6533550955187827,Shatt,Africa,Dajuic,29.7687,10.8525,15000,other
wind_group,-5.9578521923046734,0.008998002000740201,converged,-6.089683011414779,0.2015410561825153,bang1354,converged,-0.13183081911010586,-0.6534630253302719,Bobangi,Africa,Atlantic-Congo,17.227,-0.87437,111300,other
wind_group,-5.9578521923046734,0.008998002000740201,converged,-6.110323170341567,0.23301228132891064,cher1273,converged,-0.15247097803689336,-0.6538600546863096,Cherokee,North America,Iroquoian,276.837,35.4664,16400,other
snow_group,-7.416197459846801,0.016251105602529504,converged,-7.658093630088959,0.36940314325820695,ladi1251,converged,-0.24189617024215782,-0.6541970046408131,Ladino,Eurasia,Indo-European,28.6632,41.205,8000,other
taste_group,-6.6616898200504995,0.00856555621078967,converged,-6.857724384208449,0.29900880376475497,nucl1418,converged,-0.19603456415794973,-0.6553458494132642,Bassa,Africa,Kru,-11.543,7.27501,403000,other
snow_group,-7.416197459846801,0.016251105602529504,converged,-7.604753864603824,0.28706146528552307,koon1244,converged,-0.18855640475702273,-0.6558002329892042,South-Central Koongo,Africa,Atlantic-Congo,14.4771,-5.57722,5000000,other
rain_group,-6.603067545596872,0.011688275163570797,converged,-6.814071162454544,0.3214850220252664,west2618,converged,-0.21100361685767233,-0.6559070682932854,Western Canadian Inuktitut,North America,Eskimo-Aleut,263.852,64.3486,4000,hunter-gatherer
rain_group,-6.603067545596872,0.011688275163570797,converged,-6.710836735067276,0.16380815530752618,khas1269,converged,-0.10776918947040404,-0.6562303877400232,Khasi,Eurasia,Austroasiatic,91.9998,24.977,865000,other
dance_group,-7.253315279651133,0.017805314144472898,converged,-7.5181123423789264,0.40238084402739865,west2555,converged,-0.26479706272779335,-0.6574323883877055,Western Bukidnon Manobo,Papunesia,Austronesian,124.825,7.6682,19000,other
ice_group,-7.612487188014121,0.01790479757416687,converged,-7.991760275086818,0.5759886184966433,haaa1252,converged,-0.379273087072697,-0.6581553214843033,Ha,Africa,Atlantic-Congo,30.4894,-3.77873,990000,other
wind_group,-5.9578521923046734,0.008998002000740201,converged,-6.104876583347609,0.2225363696619724,vlaa1240,converged,-0.14702439104293585,-0.6601363796259815,Western Flemish,Eurasia,Indo-European,3.11345,51.0754,6132000,other
snow_group,-7.416197459846801,0.016251105602529504,converged,-7.667132124800469,0.37952299874360573,gaaa1244,converged,-0.2509346649536681,-0.6605790233639474,Ga,Africa,Atlantic-Congo,-0.18598,5.65488,600000,other
wind_group,-5.9578521923046734,0.008998002000740201,converged,-6.118549480923501,0.24303640856052625,bela1254,converged,-0.16069728861882737,-0.6607539462197244,Belarusian,Eurasia,Indo-European,25.6038,53.2307,6720000,other
rain_group,-6.603067545596872,0.011688275163570797,converged,-6.695178667507797,0.1388970389626276,swed1254,converged,-0.09211112191092496,-0.6608255285985247,Swedish,Eurasia,Indo-European,17.389526,59.800634,8236000,other
taste_group,-6.6616898200504995,0.00856555621078967,converged,-6.850854874667319,0.28557875391121984,sele1250,converged,-0.18916505461681954,-0.6620941544592117,Selepet,Papunesia,Nuclear Trans New Guinea,147.234,-6.03532,7000,other
dance_group,-7.253315279651133,0.017805314144472898,converged,-7.594018304335387,0.511818397060243,dhar1247,converged,-0.3407030246842542,-0.6652692620441695,Dhargari,Australia,Pama-Nyungan,114.847,-24.0601,100,hunter-gatherer
wind_group,-5.9578521923046734,0.008998002000740201,converged,-6.12879348602813,0.2564123477892605,teee1242,converged,-0.17094129372345623,-0.6662555063335701,Tee,Africa,Atlantic-Congo,7.37553,4.73213,313000,other
smell_group,-6.4695167475009825,0.009740427525109643,converged,-6.665132976002619,0.2929253756268879,thay1249,converged,-0.1956162285016365,-0.6674333695877374,Thayore,Australia,Pama-Nyungan,142.034,-14.8159,150,hunter-gatherer
dance_group,-7.253315279651133,0.017805314144472898,converged,-7.422380562678797,0.25258125397486175,nort3139,converged,-0.16906528302766421,-0.6676931469963225,Levantine Arabic,Eurasia,Afro-Asiatic,36.0468,34.1709,13300000,other
taste_group,-6.6616898200504995,0.00856555621078967,converged,-6.8456422642915244,0.27451219458862025,busa1253,converged,-0.18395244424102497,-0.6697806642094493,Busa,Africa,Mande,4.39929,9.91074,40000,hunter-gatherer
smell_group,-6.4695167475009825,0.009740427525109643,converged,-6.6890594535994135,0.3274111479775906,cari1275,converged,-0.21954270609843096,-0.6702447930299266,Caribbean Hindustani,South America,Indo-European,304.666832,5.722918,150000,other
rain_group,-6.603067545596872,0.011688275163570797,converged,-6.858258797892738,0.38022410124533323,savo1255,converged,-0.2551912522958659,-0.6708432259410859,Savosavo,Papunesia,isolate_savo1255,159.814,-9.12853,2420,other
ice_group,-7.612487188014121,0.01790479757416687,converged,-8.000096702784337,0.5759879901029681,abua1244,converged,-0.3876095147702152,-0.6726223176608647,Abua,Africa,Atlantic-Congo,6.61492,4.83057,25000,other
dance_group,-7.253315279651133,0.017805314144472898,converged,-7.598749462087732,0.5118179217096893,jeha1242,converged,-0.3454341824365992,-0.6745081204438079,Jehai,Eurasia,Austroasiatic,101.541,5.63695,1000,hunter-gatherer
ice_group,-7.612487188014121,0.01790479757416687,converged,-7.7238662677741665,0.1640540617418659,soma1255,converged,-0.11137907976004513,-0.6749092518425874,Somali,Africa,Afro-Asiatic,45.152856,4.778704,13742400,other
wind_group,-5.9578521923046734,0.008998002000740201,converged,-6.129913382046559,0.2533877405957503,west2624,converged,-0.17206118974188556,-0.6786153338811641,Western Huasteca Nahuatl,North America,Uto-Aztecan,261.2289,21.3711,400000,other
ice_group,-7.612487188014121,0.01790479757416687,converged,-8.00372214991988,0.5759877184494588,tean1237,converged,-0.39123496190575935,-0.6789139089488505,Teanu,Papunesia,Austronesian,166.868,-11.6752,520,other
dance_group,-7.253315279651133,0.017805314144472898,converged,-7.601311385956024,0.5118176652440354,gami1243,converged,-0.3479961063048913,-0.6795109719775606,Yuwaalaraay-Gamilaraay,Australia,Pama-Nyungan,149.543,-29.9037,100,hunter-gatherer
wind_group,-5.9578521923046734,0.008998002000740201,converged,-6.132213885666907,0.25641176286817163,zuni1245,converged,-0.17436169336223362,-0.6795882986676023,Zuni,North America,isolate_zuni1245,251.218,35.0056,9650,other
smell_group,-6.4695167475009825,0.009740427525109643,converged,-6.693597340862871,0.3274104789143107,urho1239,converged,-0.22408059336188835,-0.6840999650065068,Urhobo,Africa,Atlantic-Congo,5.86148,5.31155,546000,other
smell_group,-6.4695167475009825,0.009740427525109643,converged,-6.673916543501675,0.29845738081419637,mwag1236,converged,-0.20439979600069247,-0.6844897886508824,Mwaghavul,Africa,Afro-Asiatic,8.96522,9.47205,295000,other
smell_group,-6.4695167475009825,0.009740427525109643,converged,-6.700650722449096,0.3370685341356402,thom1243,converged,-0.23113397494811316,-0.6854319111746394,Thompson,North America,Salishan,239.807,50.1668,720,hunter-gatherer
ice_group,-7.612487188014121,0.01790479757416687,converged,-7.915270731913152,0.4391222371677894,west2763,converged,-0.3027835438990305,-0.6889474939106932,Western Neo-Aramaic,Eurasia,Afro-Asiatic,36.484,33.8162,15000,other
rain_group,-6.603067545596872,0.011688275163570797,converged,-6.790610390142582,0.2718617152102447,tana1289,converged,-0.18754284454571035,-0.6892097834356266,Dena'ina,North America,Athabaskan-Eyak-Tlingit,209.241,60.4712,100,hunter-gatherer
smell_group,-6.4695167475009825,0.009740427525109643,converged,-6.58762334753884,0.17024056931879616,yaoo1241,converged,-0.11810660003785767,-0.6926301707184711,Yao,Africa,Atlantic-Congo,35.2387,-13.6119,1916000,other
taste_group,-6.6616898200504995,0.00856555621078967,converged,-6.887563493525365,0.3257115944388257,wara1303,converged,-0.2258736734748652,-0.6932378599718815,Warao,South America,isolate_wara1303,300.6472,7.50851,33100,hunter-gatherer
dance_group,-7.253315279651133,0.017805314144472898,converged,-7.350975261873134,0.13954901361139938,soma1255,converged,-0.09765998222200079,-0.6941978267542115,Somali,Africa,Afro-Asiatic,45.152856,4.778704,13742400,other
snow_group,-7.416197459846801,0.016251105602529504,converged,-7.698110363918994,0.40527495480187437,yeyi1239,converged,-0.28191290407219327,-0.695050424475552,Yeyi,Africa,Atlantic-Congo,23.6088,-18.9178,24000,other
rain_group,-6.603067545596872,0.011688275163570797,converged,-6.743682853640881,0.20187488419975094,cree1270,converged,-0.14061530804400935,-0.6953822450518314,Creek,North America,Muskogean,272.5,31,4300,other
ice_group,-7.612487188014121,0.01790479757416687,converged,-7.889778991101745,0.39828150415523794,kyak1244,converged,-0.2772918030876239,-0.6955181845661471,Kyaka,Papunesia,Nuclear Trans New Guinea,144.119,-5.52462,15400,other
wind_group,-5.9578521923046734,0.008998002000740201,converged,-6.098243934540694,0.20154033753176426,ibib1240,converged,-0.14039174223602036,-0.6959005467009332,Ibibio,Africa,Atlantic-Congo,7.86688,5.15279,6259000,other
smell_group,-6.4695167475009825,0.009740427525109643,converged,-6.63147473202986,0.23242059790951203,geda1237,converged,-0.16195798452887722,-0.6962203307196305,Gedaged,Papunesia,Austronesian,145.781,-5.18175,6950,other
ice_group,-7.612487188014121,0.01790479757416687,converged,-7.724710881833249,0.15987348982918528,mala1464,converged,-0.11222369381912767,-0.69759195329738,Malayalam,Eurasia,Dravidian,76.7651,9.59208,35400313,other
wind_group,-5.9578521923046734,0.008998002000740201,converged,-6.025259902945412,0.09616830721274135,pali1273,converged,-0.06740771064073847,-0.69788662793127,Pali,Eurasia,Indo-European,82.251,24.5271,22500000,other
ice_group,-7.612487188014121,0.01790479757416687,converged,-8.014946390621725,0.5759868836373868,beja1238,converged,-0.4024592026076039,-0.6983924563834012,Beja,Africa,Afro-Asiatic,36.6666,17.2436,1109000,other
smell_group,-6.4695167475009825,0.009740427525109643,converged,-6.698689950430097,0.3274097316680146,phal1254,converged,-0.2291732029291147,-0.6996488863593978,Palula,Eurasia,Indo-European,71.8421,35.5096,10000,other
ice_group,-7.612487188014121,0.01790479757416687,converged,-7.93089728934727,0.4546666351030252,nyan1307,converged,-0.3184101013331482,-0.6997731307869791,Nyankole,Africa,Atlantic-Congo,30.548,-0.46364,2330000,other
smell_group,-6.4695167475009825,0.009740427525109643,converged,-6.653289122046221,0.26208735361162266,midd1344,converged,-0.18377237454523865,-0.7007037462552261,Middle Chinese,Eurasia,Sino-Tibetan,108.9,34.27,65000000,other
rain_group,-6.603067545596872,0.011688275163570797,converged,-6.709227189686336,0.15033735518787064,bulg1262,converged,-0.10615964408946432,-0.7040182747712593,Bulgarian,Eurasia,Indo-European,25.047,43.3646,8775000,other
smell_group,-6.4695167475009825,0.009740427525109643,converged,-6.707468386822084,0.3370674895092178,ying1247,converged,-0.23795163932110164,-0.7056520011561741,Yinggarda,Australia,Pama-Nyungan,115.58,-25.4446,100,hunter-gatherer
rain_group,-6.603067545596872,0.011688275163570797,converged,-6.787292099232212,0.2602804532757622,nuuc1236,converged,-0.18422455363533974,-0.7070799171958,Nuu-chah-nulth,North America,Wakashan,233.33,49.67,7680,hunter-gatherer
wind_group,-5.9578521923046734,0.008998002000740201,converged,-6.1173402693096595,0.22519968641432872,west2555,converged,-0.15948807700498602,-0.7076427326484894,Western Bukidnon Manobo,Papunesia,Austronesian,124.825,7.6682,19000,other
dance_group,-7.253315279651133,0.017805314144472898,converged,-7.428894489784957,0.2473001464315187,kash1277,converged,-0.17557921013382405,-0.7081511604704642,Kashmiri,Eurasia,Indo-European,74.330455,34.166825,5525000,other
taste_group,-6.6616898200504995,0.00856555621078967,converged,-6.746883524549328,0.11996438708265353,penn1240,converged,-0.08519370449882846,-0.7083549653183296,Pennsylvania German,North America,Indo-European,283.6789,40.030507,209280,other
taste_group,-6.6616898200504995,0.00856555621078967,converged,-6.7970430474764,0.1907430592701735,ukra1253,converged,-0.1353532274259006,-0.7088958270182829,Ukrainian,Eurasia,Indo-European,29.945,49.796,31651360,other
snow_group,-7.416197459846801,0.016251105602529504,converged,-7.704352475384609,0.40527456078650664,east2387,converged,-0.2881550155378081,-0.7104409105676445,East Limba,Africa,Atlantic-Congo,-11.7496,9.71107,4600,other
taste_group,-6.6616898200504995,0.00856555621078967,converged,-6.753933384993813,0.12949820236421206,akan1250,converged,-0.09224356494331332,-0.7107622930193256,Akan,Africa,Atlantic-Congo,-1.33254,6.34756,8300000,other
rain_group,-6.603067545596872,0.011688275163570797,converged,-6.8649385561360585,0.3680612293410389,urho1239,converged,-0.2618710105391866,-0.7111291427174222,Urhobo,Africa,Atlantic-Congo,5.86148,5.31155,546000,other
rain_group,-6.603067545596872,0.011688275163570797,converged,-6.841464302526869,0.33347042562246315,rade1240,converged,-0.23839675692999673,-0.7144575185145133,Rade,Eurasia,Austronesian,108.41,12.979,270000,other
dance_group,-7.253315279651133,0.017805314144472898,converged,-7.495745167136575,0.3384024395383272,cham1312,converged,-0.24242988748544203,-0.7154056242587052,Chamorro,Papunesia,Austronesian,144.74474,13.438011,76700,other
rain_group,-6.603067545596872,0.011688275163570797,converged,-6.8469552822839495,0.3405424943521324,pamp1243,converged,-0.24388773668707753,-0.7157526986228848,Pampanga,Papunesia,Austronesian,120.502,14.9603,1900000,other
rain_group,-6.603067545596872,0.011688275163570797,converged,-6.875501985191627,0.38022170259822197,wari1262,converged,-0.2724344395947549,-0.7161763913842744,Wariyangga,Australia,Pama-Nyungan,116.927,-24.353,2000,hunter-gatherer
smell_group,-6.4695167475009825,0.009740427525109643,converged,-6.698140844121112,0.31889780461489703,djiw1241,converged,-0.2286240966201296,-0.7165854445337715,Djiwarli,Australia,Pama-Nyungan,116.98858,-24.10724,2000,other
taste_group,-6.6616898200504995,0.00856555621078967,converged,-6.8220397841140175,0.22299231286011323,taku1257,converged,-0.16034996406351798,-0.7185530151659713,Takuu,Papunesia,Austronesian,157.032085,-4.773094,1750,other
smell_group,-6.4695167475009825,0.009740427525109643,converged,-6.7119878100437145,0.3370668009404102,wira1265,converged,-0.24247106254273199,-0.7190559402329835,Wirangu,Australia,Pama-Nyungan,134,-32,100,hunter-gatherer
dance_group,-7.253315279651133,0.017805314144472898,converged,-7.382723976754317,0.17882574420141834,fili1244,converged,-0.1294086971031838,-0.7200974532834614,Filipino,Papunesia,Austronesian,123.464,12.265,109035343,other
snow_group,-7.416197459846801,0.016251105602529504,converged,-7.6910280716165245,0.37952165294850704,sici1248,converged,-0.27483061176972345,-0.7234870468810105,Sicilian,Eurasia,Indo-European,14.0414,37.5735,4830000,other
rain_group,-6.603067545596872,0.011688275163570797,converged,-6.844491837626984,0.33347009841559844,arap1274,converged,-0.2414242920301124,-0.7235315272500903,Arapaho,North America,Algic,251.19,43.3879,1040,hunter-gatherer
smell_group,-6.4695167475009825,0.009740427525109643,converged,-6.65218120599124,0.2521010320202186,yank1247,converged,-0.18266445849025725,-0.7240282481801851,Yankunytjatjara,Australia,Pama-Nyungan,133.577,-26.4064,100,hunter-gatherer
ice_group,-7.612487188014121,0.01790479757416687,converged,-8.030166367061094,0.5759857665007551,misi1243,converged,-0.4176791790469725,-0.7248052750806018,Misima-Paneati,Papunesia,Austronesian,152.696,-10.6821,18000,other
smell_group,-6.4695167475009825,0.009740427525109643,converged,-6.707278805288253,0.3274084799973084,reel1238,converged,-0.2377620577872701,-0.7258727993094244,Reel,Africa,Nilotic,30.49451,6.32234,50000,other
wind_group,-5.9578521923046734,0.008998002000740201,converged,-6.149332929972718,0.26311836555885715,bafa1249,converged,-0.1914807376680443,-0.7273109563693448,Bafanji,Africa,Atlantic-Congo,10.4518,5.84612,17000,other
smell_group,-6.4695167475009825,0.009740427525109643,converged,-6.691249296736402,0.304559707731796,coas1301,converged,-0.22173254923541919,-0.7276709005462069,Coast Miwok,North America,Miwok-Costanoan,237.006,38.3285,2000,hunter-gatherer
wind_group,-5.9578521923046734,0.008998002000740201,converged,-6.134899824149822,0.2430339423062264,nzim1238,converged,-0.1770476318451486,-0.7279905462494481,Nzima,Africa,Atlantic-Congo,-2.81123,5.1785,328700,other
wind_group,-5.9578521923046734,0.008998002000740201,converged,-6.071699647733948,0.15577945517442737,egyp1253,converged,-0.11384745542927455,-0.7296084816805984,Egyptian Arabic,Africa,Afro-Asiatic,31,31,53410000,other
rain_group,-6.603067545596872,0.011688275163570797,converged,-6.7975343378250255,0.2660997593929116,uppe1439,converged,-0.19446679222815355,-0.7301001175770957,Upper Chehalis,North America,Salishan,236.831,46.7981,691,hunter-gatherer
smell_group,-6.4695167475009825,0.009740427525109643,converged,-6.6802111249527805,0.28788280512262987,nenn1238,converged,-0.21069437745179798,-0.7314569577909582,Nen,Papunesia,Yam,142.032,-8.62183,250,other
smell_group,-6.4695167475009825,0.009740427525109643,converged,-6.680477956987198,0.2878827742087801,oksa1245,converged,-0.21096120948621522,-0.7323833835541363,Oksapmin,Papunesia,Nuclear Trans New Guinea,142.177,-5.20797,8000,other
wind_group,-5.9578521923046734,0.008998002000740201,converged,-6.090229863572314,0.18021545902453184,biat1246,converged,-0.13237767126764055,-0.7336383708356912,Biatah Bidayuh,Papunesia,Austronesian,110.254,1.17596,72380,other
taste_group,-6.6616898200504995,0.00856555621078967,converged,-6.881334140734781,0.29900604597470803,lada1244,converged,-0.21964432068428152,-0.7342803094503254,Leh Ladakhi,Eurasia,Sino-Tibetan,80.6013,33.468,150000,other
taste_group,-6.6616898200504995,0.00856555621078967,converged,-6.7531735977432374,0.12409333841886494,pedi1238,converged,-0.09148377769273797,-0.7354675027481464,Pedi,Africa,Atlantic-Congo,29.471800000000002,-24.7993,4090000,other
taste_group,-6.6616898200504995,0.00856555621078967,converged,-6.714098163020323,0.0706324978162913,maor1246,converged,-0.052408342969823885,-0.7365897915682211,Maori,Papunesia,Austronesian,176.541,-38.2881,60000,other
ice_group,-7.612487188014121,0.01790479757416687,converged,-7.860971462828903,0.33614620506243975,tang1336,converged,-0.24848427481478197,-0.7381684686584228,East-Central Tangkhul Naga,Eurasia,Sino-Tibetan,94.3567,25.0489,125000,other
wind_group,-5.9578521923046734,0.008998002000740201,converged,-6.158100926490418,0.27088762449441506,calo1236,converged,-0.2002487341857444,-0.7388242764297025,Caló,Eurasia,Indo-European,0.6,41.424,460000,other
smell_group,-6.4695167475009825,0.009740427525109643,converged,-6.690222198748585,0.298455346991413,bela1254,converged,-0.22070545124760255,-0.7390988592420963,Belarusian,Eurasia,Indo-European,25.6038,53.2307,6720000,other
wind_group,-5.9578521923046734,0.008998002000740201,converged,-6.063524774094575,0.14262037251898985,west2721,converged,-0.1056725817899018,-0.7394658631150557,West Central Oromo,Africa,Afro-Asiatic,36.7365,8.81391,8920000,other
smell_group,-6.4695167475009825,0.009740427525109643,converged,-6.6680372454915045,0.2681385843487607,vlaa1240,converged,-0.19852049799052196,-0.7398772750769785,Western Flemish,Eurasia,Indo-European,3.11345,51.0754,6132000,other
snow_group,-7.416197459846801,0.016251105602529504,converged,-7.716317899316676,0.4052738123436961,lauu1247,converged,-0.3001204394698753,-0.739942808313422,Lau,Papunesia,Austronesian,160.872,-8.51018,16900,other
ice_group,-7.612487188014121,0.01790479757416687,converged,-8.040767210838135,0.575984998388707,futu1245,converged,-0.4282800228240138,-0.7432020768359573,Futuna-Aniwa,Papunesia,Austronesian,170.215,-19.5303,1500,other
taste_group,-6.6616898200504995,0.00856555621078967,converged,-6.874921391153245,0.28557614025178646,luxe1241,converged,-0.21323157110274593,-0.7463358811407658,Moselle Franconian,Eurasia,Indo-European,6.14931,49.6839,320000,other
smell_group,-6.4695167475009825,0.009740427525109643,converged,-6.714097168145627,0.3274074939665966,java1254,converged,-0.24458042064464447,-0.7466910845104463,Javanese,Papunesia,Austronesian,109.287,-7.001,84300000,other
rain_group,-6.603067545596872,0.011688275163570797,converged,-6.887490982779996,0.3802200590446281,thom1243,converged,-0.2844234371831238,-0.7476963296141809,Thompson,North America,Salishan,239.807,50.1668,720,hunter-gatherer
wind_group,-5.9578521923046734,0.008998002000740201,converged,-6.003725962088346,0.060654900415119194,scot1245,converged,-0.045873769783672635,-0.748120587922299,Scottish Gaelic,Eurasia,Indo-European,-5.24366,56.7574,58700,other
wind_group,-5.9578521923046734,0.008998002000740201,converged,-6.120331998683584,0.21675578378564941,vure1239,converged,-0.16247980637891057,-0.7489534385475142,Vurës,Papunesia,Austronesian,167.451412,-13.905677,1050,other
wind_group,-5.9578521923046734,0.008998002000740201,converged,-6.134217926089634,0.23480926590314602,wyan1247,converged,-0.17636573378496045,-0.750551229991307,Huron-Wyandot,North America,Iroquoian,282.5,44.33,11226,other
wind_group,-5.9578521923046734,0.008998002000740201,converged,-6.107396199735148,0.1989456996477202,lozi1239,converged,-0.14954400743047458,-0.7509148854356008,Lozi,Africa,Atlantic-Congo,24.7398,-17.7052,694000,other
smell_group,-6.4695167475009825,0.009740427525109643,converged,-6.575394332695023,0.14038786816555204,sind1272,converged,-0.10587758519404034,-0.7523702798570552,Sindhi,Eurasia,Indo-European,69,26,21315000,other
wind_group,-5.9578521923046734,0.008998002000740201,converged,-6.151378225821192,0.25640852230848815,wara1303,converged,-0.19352603351651876,-0.7542923301844674,Warao,South America,isolate_wara1303,300.6472,7.50851,33100,hunter-gatherer
taste_group,-6.6616898200504995,0.00856555621078967,converged,-6.84861979400473,0.24732883295056066,angg1239,converged,-0.18692997395423028,-0.755342477379864,Angguruk Yali,Papunesia,Nuclear Trans New Guinea,139.457,-4.0836,15000,other
snow_group,-7.416197459846801,0.016251105602529504,converged,-7.669351693238473,0.3345694785131602,sanj1284,converged,-0.25315423339167165,-0.7557656533609097,Western Tlacolula Valley Zapotec,North America,Otomanguean,263.4033,17.0332,28000,other
smell_group,-6.4695167475009825,0.009740427525109643,converged,-6.647721356889186,0.23496991639700412,west2420,converged,-0.17820460938820393,-0.7577637734183922,Western Parbate Kham,Eurasia,Sino-Tibetan,82.7348,28.6521,24500,other
wind_group,-5.9578521923046734,0.008998002000740201,converged,-6.142218081572943,0.24303285142201514,lega1249,converged,-0.18436588926826936,-0.7580854070923846,Lega-Shabunda,Africa,Atlantic-Congo,27.1424,-3.83196,400000,other
snow_group,-7.416197459846801,0.016251105602529504,converged,-7.548311306494226,0.17347696331505436,shan1277,converged,-0.13211384664742543,-0.7582444121517187,Shan,Eurasia,Tai-Kadai,98.0342,21.5995,3295000,other
snow_group,-7.416197459846801,0.016251105602529504,converged,-7.724749258058346,0.40527329031005604,wole1240,converged,-0.3085517982115453,-0.760731185445396,Woleaian,Papunesia,Austronesian,143.916,7.37957,1630,other
rain_group,-6.603067545596872,0.011688275163570797,converged,-6.8684306217802575,0.34852243222808194,xara1244,converged,-0.2653630761833856,-0.7609667257258897,Xârâcùù,Papunesia,Austronesian,165.996,-21.7034,3780,other
ice_group,-7.612487188014121,0.01790479757416687,converged,-8.051503315930416,0.5759842287295684,didi1258,converged,-0.43901612791629496,-0.7618336513765976,Didinga,Africa,Surmic,33.6869,4.21489,60000,other
taste_group,-6.6616898200504995,0.00856555621078967,converged,-6.8959246071134,0.30687194456392064,taid1250,converged,-0.2342347870629009,-0.763000976740458,Tai Dón,Eurasia,Tai-Kadai,103.570496667,21.84898,490000,other
wind_group,-5.9578521923046734,0.008998002000740201,converged,-6.118474689843112,0.210283033079723,west2386,converged,-0.16062249753843894,-0.7631412220312284,Western Panjabi,Eurasia,Indo-European,75.3474,30.0948,60600000,other
taste_group,-6.6616898200504995,0.00856555621078967,converged,-6.871552981419469,0.27450956475447313,mexi1248,converged,-0.2098631613689692,-0.7641302809990145,Mexican Spanish,Eurasia,Indo-European,-1.11788,40.4414,120000000,other
snow_group,-7.416197459846801,0.016251105602529504,converged,-7.726596650799,0.40527317651396916,kuan1247,converged,-0.31039919095219926,-0.7652861271893618,Kuanyama,Africa,Atlantic-Congo,16.58,-17.7176,668000,other
dance_group,-7.253315279651133,0.017805314144472898,converged,-7.645261097057756,0.5118133663541422,daka1243,converged,-0.39194581740662304,-0.7653353380264698,Dakaka,Papunesia,Austronesian,168.013,-16.2696,1200,other
rain_group,-6.603067545596872,0.011688275163570797,converged,-6.8237152522020805,0.28804074717261163,sici1248,converged,-0.2206477066052086,-0.7653995884492059,Sicilian,Eurasia,Indo-European,14.0414,37.5735,4830000,other
dance_group,-7.253315279651133,0.017805314144472898,converged,-7.519985405171625,0.34743471944831267,sout2668,converged,-0.2666701255204922,-0.766534298807209,Southern Hindko,Eurasia,Indo-European,72.1702,33.2122,625000,other
snow_group,-7.416197459846801,0.016251105602529504,converged,-7.545915739385766,0.16804131237820613,pali1273,converged,-0.12971827953896486,-0.76835806841287,Pali,Eurasia,Indo-European,82.251,24.5271,22500000,other
smell_group,-6.4695167475009825,0.009740427525109643,converged,-6.6617773375454314,0.24995570816980522,west2763,converged,-0.19226059004444895,-0.7685952785875362,Western Neo-Aramaic,Eurasia,Afro-Asiatic,36.484,33.8162,15000,other
rain_group,-6.603067545596872,0.011688275163570797,converged,-6.674726119108871,0.09234444645603292,yuec1235,converged,-0.071658573511999,-0.7698500023629901,Yue Chinese,Eurasia,Sino-Tibetan,113,23,52025130,other
wind_group,-5.9578521923046734,0.008998002000740201,converged,-6.163998115748672,0.2668527696521263,urho1239,converged,-0.20614592344399885,-0.7720693053166955,Urhobo,Africa,Atlantic-Congo,5.86148,5.31155,546000,other
taste_group,-6.6616898200504995,0.00856555621078967,converged,-6.711323169888988,0.06349919278169226,thai1261,converged,-0.04963334983848888,-0.7746217738548871,Thai,Eurasia,Tai-Kadai,100.671,14.192,20230000,other
ice_group,-7.612487188014121,0.01790479757416687,converged,-8.024174404539094,0.5307947877665296,tumu1242,converged,-0.41168721652497275,-0.7751643502721988,Tumulung Sisaala,Africa,Atlantic-Congo,-1.79707,10.63451,105000,other
taste_group,-6.6616898200504995,0.00856555621078967,converged,-6.883221833816359,0.285575253295418,izon1238,converged,-0.2215320137658594,-0.7753908245972289,Izon,Africa,Ijoid,5.51702,5.17986,1000000,other
snow_group,-7.416197459846801,0.016251105602529504,converged,-7.638778048965101,0.2865793888265896,yaga1260,converged,-0.2225805891182997,-0.7754345988192851,Yagaria,Papunesia,Nuclear Trans New Guinea,145.388,-6.32432,21100,other
ice_group,-7.612487188014121,0.01790479757416687,converged,-7.859193055652315,0.3172708317908137,sang1328,converged,-0.2467058676381937,-0.7763523390384766,Sango,Africa,Atlantic-Congo,20.1702,6.78584,5400,other
dance_group,-7.253315279651133,0.017805314144472898,converged,-7.5771846155914,0.41596168268975936,misk1235,converged,-0.3238693359402669,-0.7778914412935316,Mískito,North America,Misumalpan,275.7058,15.1576,183000,hunter-gatherer
taste_group,-6.6616898200504995,0.00856555621078967,converged,-6.879478342715668,0.27978935393094817,hava1248,converged,-0.21778852266516857,-0.778037233064056,Havasupai-Walapai-Yavapai,North America,Cochimi-Yuman,246.615,35.6302,2690,other
rain_group,-6.603067545596872,0.011688275163570797,converged,-6.8188866593226125,0.2770511109193327,pohn1238,converged,-0.21581911372574059,-0.778294327066006,Pohnpeian,Papunesia,Austronesian,158.223,6.87212,29000,other
wind_group,-5.9578521923046734,0.008998002000740201,converged,-5.9998161891118995,0.053148009876776724,wels1247,converged,-0.04196399680722607,-0.7784905182389257,Welsh,Eurasia,Indo-European,-4,52,508000,other
rain_group,-6.603067545596872,0.011688275163570797,converged,-6.8994403494917975,0.3802184404061516,gami1243,converged,-0.2963728038949256,-0.7791123064254231,Yuwaalaraay-Gamilaraay,Australia,Pama-Nyungan,149.543,-29.9037,100,hunter-gatherer
snow_group,-7.416197459846801,0.016251105602529504,converged,-7.732217652296161,0.4052728315602322,tivv1240,converged,-0.3160201924493604,-0.7791453127548248,Tiv,Africa,Atlantic-Congo,9.26287,6.88039,2210000,other
ice_group,-7.612487188014121,0.01790479757416687,converged,-8.026329467795383,0.5307946510567826,mele1250,converged,-0.413842279781262,-0.7792223114403218,Mele-Fila,Papunesia,Austronesian,168.275,-17.6841,3500,other
smell_group,-6.4695167475009825,0.009740427525109643,converged,-6.658721508026348,0.24245940757738002,saaa1240,converged,-0.1892047605253655,-0.7797274922089145,Sa'a,Papunesia,Austronesian,161.467,-9.60258,11500,other
taste_group,-6.6616898200504995,0.00856555621078967,converged,-6.83325496204545,0.2198584390830982,buli1254,converged,-0.1715651419949502,-0.7797521299005812,Buli,Africa,Atlantic-Congo,-1.26748,10.5763,150000,other
snow_group,-7.416197459846801,0.016251105602529504,converged,-7.732713567648459,0.40527280121949677,pulu1242,converged,-0.3165161078016583,-0.7803680465055851,Puluwatese,Papunesia,Austronesian,149.2005,7.35695,1360,other
dance_group,-7.253315279651133,0.017805314144472898,converged,-7.591206710265219,0.4323417717780222,akaw1239,converged,-0.33789143061408566,-0.7808758536526733,Akawaio-Ingariko,South America,Cariban,299.138,6.16277,5350,hunter-gatherer
snow_group,-7.416197459846801,0.016251105602529504,converged,-7.596727775737483,0.22989740772306502,sida1246,converged,-0.1805303158906817,-0.7833100779423473,Sidamo,Africa,Afro-Asiatic,38.3729,6.74176,2900000,other
wind_group,-5.9578521923046734,0.008998002000740201,converged,-6.136848733562896,0.2281063099550032,tele1256,converged,-0.17899654125822284,-0.7840968614005517,Telefol,Papunesia,Nuclear Trans New Guinea,141.731,-5.07444,5400,other
ice_group,-7.612487188014121,0.01790479757416687,converged,-7.9471313639279595,0.4262767454246163,yoga1237,converged,-0.3346441759138381,-0.7843481368413435,Yogad,Papunesia,Austronesian,121.718,16.7015,16000,other
rain_group,-6.603067545596872,0.011688275163570797,converged,-6.884794105407696,0.357608042924562,isth1244,converged,-0.2817265598108243,-0.787387767143073,Isthmus Zapotec,North America,Otomanguean,265.1556,16.4548,85000,other
wind_group,-5.9578521923046734,0.008998002000740201,converged,-6.126344372882722,0.21378348515922446,kich1262,converged,-0.16849218057804816,-0.7874468674216263,K'iche',North America,Mayan,268.8304,14.5278,1900000,other
ice_group,-7.612487188014121,0.01790479757416687,converged,-7.986062121093053,0.47390158274827276,kuan1247,converged,-0.37357493307893197,-0.7877344179175031,Kuanyama,Africa,Atlantic-Congo,16.58,-17.7176,668000,other
smell_group,-6.4695167475009825,0.009740427525109643,converged,-6.709737084293348,0.3045573500440082,pamp1243,converged,-0.24022033679236543,-0.788349302902295,Pampanga,Papunesia,Austronesian,120.502,14.9603,1900000,other
ice_group,-7.612487188014121,0.01790479757416687,converged,-7.815854851278158,0.2568874797949328,dzon1239,converged,-0.20336766326403666,-0.7897445258028503,Dzongkha,Eurasia,Sino-Tibetan,89.581604,27.410786,160300,other
dance_group,-7.253315279651133,0.017805314144472898,converged,-7.658106992797732,0.5118121451098286,cari1275,converged,-0.404791713146599,-0.7904208367127021,Caribbean Hindustani,South America,Indo-European,304.666832,5.722918,150000,other
taste_group,-6.6616898200504995,0.00856555621078967,converged,-6.871525967954527,0.2652125949261567,sout2832,converged,-0.20983614790402783,-0.7907874595541184,Southwestern Dinka,Africa,Nilotic,28.0613,8.81115,450000,other
ice_group,-7.612487188014121,0.01790479757416687,converged,-8.033435123166827,0.530794202379799,anuf1239,converged,-0.42094793515270545,-0.7926021965432177,Anufo,Africa,Atlantic-Congo,0.56021,10.2839,137600,other
smell_group,-6.4695167475009825,0.009740427525109643,converged,-6.5864110360582355,0.1469793438854226,dzon1239,converged,-0.11689428855725303,-0.7935703017949298,Dzongkha,Eurasia,Sino-Tibetan,89.581604,27.410786,160300,other
ice_group,-7.612487188014121,0.01790479757416687,converged,-8.07022010600679,0.5759829065431499,komn1238,converged,-0.4577329179926686,-0.7943151009986993,Kómnjo,Papunesia,Yam,141.5878,-8.70216,200,other
wind_group,-5.9578521923046734,0.008998002000740201,converged,-6.0106138114507015,0.06580054041024012,swah1253,converged,-0.05276161914602806,-0.7944481862726128,Swahili,Africa,Atlantic-Congo,37.624,-8.25605,675000,other
dance_group,-7.253315279651133,0.017805314144472898,converged,-7.613369226905693,0.4525308874599513,rung1259,converged,-0.36005394725455986,-0.7950298602765777,Rungus,Papunesia,Austronesian,116.743,6.83989,15000,other
snow_group,-7.416197459846801,0.016251105602529504,converged,-7.637584491939002,0.2773201189683219,amer1254,converged,-0.2213870320922009,-0.7969414017661753,Latin American Spanish,Eurasia,Indo-European,-1.11788,40.4414,455000000,other
smell_group,-6.4695167475009825,0.009740427525109643,converged,-6.601109939732388,0.1648252482563212,kate1253,converged,-0.13159319223140553,-0.7969896228969007,Kâte,Papunesia,Nuclear Trans New Guinea,147.757,-6.4795,6130,other
ice_group,-7.612487188014121,0.01790479757416687,converged,-8.035836924419124,0.5307940514407175,oksa1245,converged,-0.42334973640500273,-0.7971247707116187,Oksapmin,Papunesia,Nuclear Trans New Guinea,142.177,-5.20797,8000,other
taste_group,-6.6616898200504995,0.00856555621078967,converged,-6.906728632533009,0.3068706681555133,rung1259,converged,-0.2450388124825098,-0.7981975379083631,Rungus,Papunesia,Austronesian,116.743,6.83989,15000,other
wind_group,-5.9578521923046734,0.008998002000740201,converged,-6.022379169583539,0.08032226020639742,amha1245,converged,-0.0645269772788657,-0.79835731090335,Amharic,Africa,Afro-Asiatic,39.543456,11.708182,17400000,other
snow_group,-7.416197459846801,0.016251105602529504,converged,-7.740418172352454,0.40527233176924476,tiwi1244,converged,-0.3242207125056531,-0.7993646150245547,Tiwi,Australia,isolate_tiwi1244,130.949,-11.6308,1830,hunter-gatherer
ice_group,-7.612487188014121,0.01790479757416687,converged,-8.011451843437206,0.4983965969661014,baba1267,converged,-0.3989646554230841,-0.799980290086398,Baba Malay,Eurasia,Austronesian,103.076,1.75414,15000,other
taste_group,-6.6616898200504995,0.00856555621078967,converged,-6.890730302881379,0.2855744572814493,tari1263,converged,-0.22904048283087963,-0.8016736742357751,Tarifiyt-Beni-Iznasen-Eastern Middle Atlas Berber,Africa,Afro-Asiatic,-3.430616,34.916974,1500000,other
wind_group,-5.9578521923046734,0.008998002000740201,converged,-6.151797856085715,0.24080426927160895,tuvi1240,converged,-0.19394566378104194,-0.8048462241991393,Tuvinian,Eurasia,Turkic,94.36667,51.7,264400,other
rain_group,-6.603067545596872,0.011688275163570797,converged,-6.842195490540787,0.29662917011837087,saur1248,converged,-0.23912794494391498,-0.8055260375304009,Saurashtra,Eurasia,Indo-European,77.9427,9.99172,310000,other
ice_group,-7.612487188014121,0.01790479757416687,converged,-7.979313009581056,0.4546642411935297,caro1242,converged,-0.3668258215669349,-0.806181091617487,Carolinian,Papunesia,Austronesian,145.765,15.205,3000,other
dance_group,-7.253315279651133,0.017805314144472898,converged,-7.421275035904372,0.20738200211939037,tzot1259,converged,-0.16795975625323933,-0.8069364588424058,Tzotzil,North America,Mayan,267.26120000000003,16.6362,4230,other
wind_group,-5.9578521923046734,0.008998002000740201,converged,-6.146073425725702,0.23300746954888515,tana1290,converged,-0.1882212334210287,-0.8071889173503308,Tanacross,North America,Athabaskan-Eyak-Tlingit,216.662,63.4046,100,hunter-gatherer
ice_group,-7.612487188014121,0.01790479757416687,converged,-8.078169853940084,0.5759823524027368,tamp1252,converged,-0.4656826659259625,-0.8081112692718022,Tampulma,Africa,Atlantic-Congo,-1.35467,9.75577,16000,other
rain_group,-6.603067545596872,0.011688275163570797,converged,-6.8026152871682255,0.24647334510531552,hait1244,converged,-0.19954774157135358,-0.8087030365114649,Haitian,North America,Indo-European,287.863885,18.795135,7489840,other
smell_group,-6.4695167475009825,0.009740427525109643,converged,-6.721460799212961,0.31132946739698103,xara1244,converged,-0.25194405171197864,-0.8088564076856456,Xârâcùù,Papunesia,Austronesian,165.996,-21.7034,3780,other
dance_group,-7.253315279651133,0.017805314144472898,converged,-7.445323719892292,0.23512564368444544,mara1404,converged,-0.1920084402411586,-0.8142891301982144,Maranao,Papunesia,Austronesian,124.175,7.79414,776000,other
smell_group,-6.4695167475009825,0.009740427525109643,converged,-6.73631043048219,0.3274043278298758,medi1245,converged,-0.2667936829812074,-0.8145148688718947,Media Lengua,South America,mixedlanguage_medi1245,281.4608,-1.04518,1000,other
wind_group,-5.9578521923046734,0.008998002000740201,converged,-6.146897170903568,0.23129432327241214,heil1246,converged,-0.18904497859889435,-0.8167173537354429,Heiltsuk-Oowekyala,North America,Wakashan,232.779,51.7045,300,hunter-gatherer
smell_group,-6.4695167475009825,0.009740427525109643,converged,-6.6567036785281966,0.22897420021880735,ralu1237,converged,-0.18718693102721407,-0.81676360697335,Raluana,Papunesia,Austronesian,152.114,-4.30986,61000,other
rain_group,-6.603067545596872,0.011688275163570797,converged,-6.913775336490383,0.38021652395324174,arik1262,converged,-0.3107077908935114,-0.8168005951332357,Arikara,North America,Caddoan,260,45,100,other
wind_group,-5.9578521923046734,0.008998002000740201,converged,-6.133431280986268,0.21473733884488158,clas1250,converged,-0.17557908868159444,-0.816928954795757,Classical Nahuatl,North America,Uto-Aztecan,263.03,19.72,5500000,other
rain_group,-6.603067545596872,0.011688275163570797,converged,-6.925598577377721,0.3945702305045992,lopi1242,converged,-0.32253103178084874,-0.8170652212736146,Lopit,Africa,Nilotic,32.7534,4.6986,50000,other
smell_group,-6.4695167475009825,0.009740427525109643,converged,-6.578351065376447,0.13256824375220636,dani1285,converged,-0.10883431787546449,-0.8187611546477217,Danish,Eurasia,Indo-European,9.36284,54.8655,5471000,other
rain_group,-6.603067545596872,0.011688275163570797,converged,-6.904593592437882,0.3680561426542922,bayu1240,converged,-0.30152604684101014,-0.8188264871203574,Bayungu,Australia,Pama-Nyungan,114.108,-23.3809,100,hunter-gatherer
smell_group,-6.4695167475009825,0.009740427525109643,converged,-6.5723656236327725,0.12438006350681677,nort2690,converged,-0.10284887613179006,-0.8243680199075265,Northern Uzbek,Eurasia,Turkic,69.211,40.886,17695000,other
rain_group,-6.603067545596872,0.011688275163570797,converged,-6.700399920603426,0.11732534438661309,olde1238,converged,-0.09733237500655445,-0.8255074311088326,Old English,Eurasia,Indo-European,-1.31,51.06,2250000,other
taste_group,-6.6616898200504995,0.00856555621078967,converged,-6.930799183162511,0.32570602165843465,midl1243,converged,-0.26910936311201183,-0.8259483536282426,Midland American English,Eurasia,Indo-European,-1,53,60783913,other
ice_group,-7.612487188014121,0.01790479757416687,converged,-8.051309578181375,0.5307930877162985,wilt1234,converged,-0.4388223901672532,-0.8262597125832803,Wiltshire-Hampshire,Eurasia,Indo-European,-1,53,2564305,other
dance_group,-7.253315279651133,0.017805314144472898,converged,-7.597349357739506,0.4159602901876578,nort2961,converged,-0.34403407808837283,-0.8263272543318833,Northwestern Ojibwa,North America,Algic,272.2138,51.6192,20000,hunter-gatherer
snow_group,-7.416197459846801,0.016251105602529504,converged,-7.739957835781112,0.391317805638367,west2452,converged,-0.3237603759343113,-0.8266466324851449,Western Temne,Africa,Atlantic-Congo,-12.3331,8.90294,240000,other
taste_group,-6.6616898200504995,0.00856555621078967,converged,-6.915560271579355,0.30686963495978503,thay1249,converged,-0.25387045152885523,-0.8269687933759378,Thayore,Australia,Pama-Nyungan,142.034,-14.8159,150,hunter-gatherer
taste_group,-6.6616898200504995,0.00856555621078967,converged,-6.864269295323386,0.2444277187852306,arom1237,converged,-0.2025794752728869,-0.828282502206434,Aromanian,Eurasia,Indo-European,21.2,40.616,69700,other
smell_group,-6.4695167475009825,0.009740427525109643,converged,-6.6768390225873535,0.24995446492288695,west2386,converged,-0.20732227508637102,-0.8288111105529133,Western Panjabi,Eurasia,Indo-European,75.3474,30.0948,60600000,other
wind_group,-5.9578521923046734,0.008998002000740201,converged,-6.135354783888779,0.21378256342356405,cent2100,converged,-0.17750259158410575,-0.8295605220362339,Kadazan Dusun,Papunesia,Austronesian,116.681,6.02998,141000,other
snow_group,-7.416197459846801,0.016251105602529504,converged,-7.7416387525843415,0.3913177106351126,besi1244,converged,-0.3254412927375405,-0.8309386630083464,Besisi,Eurasia,Austroasiatic,101.676,2.717,2990,other
smell_group,-6.4695167475009825,0.009740427525109643,converged,-6.577111378256726,0.1290054810086949,oldf1239,converged,-0.10759463075574338,-0.831664240310469,Old French,Eurasia,Indo-European,1.11,48.8,16000000,other
taste_group,-6.6616898200504995,0.00856555621078967,converged,-6.924387312655637,0.3157028856650111,gade1242,converged,-0.2626974926051373,-0.8317974533424637,Gade,Africa,Atlantic-Congo,7.49869,8.71139,72100,other
smell_group,-6.4695167475009825,0.009740427525109643,converged,-6.734935243531479,0.3188927622620649,wara1303,converged,-0.26541849603049616,-0.8319247111314573,Warao,South America,isolate_wara1303,300.6472,7.50851,33100,hunter-gatherer
taste_group,-6.6616898200504995,0.00856555621078967,converged,-6.84155309952357,0.21564792540191982,plau1238,converged,-0.17986327947307057,-0.8334026998657779,Plautdietsch,North America,Indo-European,250.646132,49.578028,84900,other
rain_group,-6.603067545596872,0.011688275163570797,converged,-6.932119912900857,0.39456931713692583,bord1248,converged,-0.32905236730398535,-0.8335875950761338,Border Kuna,South America,Chibchan,282.8336,7.92993,1200,hunter-gatherer
snow_group,-7.416197459846801,0.016251105602529504,converged,-7.754778984178709,0.405271466342602,akha1245,converged,-0.33858152433190813,-0.834772907583144,Akha,Eurasia,Sino-Tibetan,100.964,21.2309,563960,other
ice_group,-7.612487188014121,0.01790479757416687,converged,-8.09396096217356,0.5759812646555368,louu1245,converged,-0.48147377415943815,-0.8355155673753865,Lou,Papunesia,Austronesian,147.346,-2.38659,1000,other
ice_group,-7.612487188014121,0.01790479757416687,converged,-7.992868439933625,0.45466359145216656,cent1990,converged,-0.3803812519195038,-0.8359733487265447,Central Nicobarese,Eurasia,Austroasiatic,93.3921,7.94812,10100,other
ice_group,-7.612487188014121,0.01790479757416687,converged,-7.9800074045707206,0.439119272329582,ewee1241,converged,-0.36752021655659917,-0.8362536339526548,Ewe,Africa,Atlantic-Congo,0.814975,6.46061,3112000,other
dance_group,-7.253315279651133,0.017805314144472898,converged,-7.68180433842702,0.511809932975258,ataa1240,converged,-0.42848905877588717,-0.8366973222409596,Ata,Papunesia,Austronesian,122.9,9.715,100,hunter-gatherer
dance_group,-7.253315279651133,0.017805314144472898,converged,-7.68312549256629,0.5118098111818726,java1254,converged,-0.4298102129151573,-0.8392772985136947,Javanese,Papunesia,Austronesian,109.287,-7.001,84300000,other
taste_group,-6.6616898200504995,0.00856555621078967,converged,-6.861555656059456,0.23672219098754543,rend1243,converged,-0.19986583600895624,-0.8437532752874783,Rendille,Africa,Afro-Asiatic,37.3608,2.27065,34700,other
rain_group,-6.603067545596872,0.011688275163570797,converged,-6.761586208789555,0.18749335049427351,mara1404,converged,-0.15851866319268293,-0.8438247928790841,Maranao,Papunesia,Austronesian,124.175,7.79414,776000,other
wind_group,-5.9578521923046734,0.008998002000740201,converged,-6.005361428259641,0.05554757845903686,norw1258,converged,-0.047509235954967366,-0.8442838279112801,Norwegian,Eurasia,Indo-European,10.71,59.92,4639000,other
dance_group,-7.253315279651133,0.017805314144472898,converged,-7.450501948348508,0.23265210504384362,bodo1269,converged,-0.1971866686973751,-0.8450889302469949,Bodo-Mech,Eurasia,Sino-Tibetan,92,26.1,1543300,other
smell_group,-6.4695167475009825,0.009740427525109643,converged,-6.709269190050762,0.28326625030114166,tana1290,converged,-0.23975244254977923,-0.845885542624407,Tanacross,North America,Athabaskan-Eyak-Tlingit,216.662,63.4046,100,hunter-gatherer
snow_group,-7.416197459846801,0.016251105602529504,converged,-7.737736806504474,0.3795191134208747,braz1246,converged,-0.3215393466576728,-0.8464526736963162,Brazilian Portuguese,Eurasia,Indo-European,-8.1,39.91,227062512,other
ice_group,-7.612487188014121,0.01790479757416687,converged,-8.014241717855375,0.47390012052517866,akha1245,converged,-0.4017545298412539,-0.8471576055682261,Akha,Eurasia,Sino-Tibetan,100.964,21.2309,563960,other
ice_group,-7.612487188014121,0.01790479757416687,converged,-8.100865229801599,0.5759807944347283,egyp1246,converged,-0.48837804178747746,-0.8474974367844774,Egyptian,Africa,Afro-Asiatic,30.834959,28.381735,1500000,other
snow_group,-7.416197459846801,0.016251105602529504,converged,-7.577208087616193,0.189176609900644,nucl1417,converged,-0.16101062776939212,-0.8479896189737447,Igbo,Africa,Atlantic-Congo,7.23441,4.62705,18000000,other
wind_group,-5.9578521923046734,0.008998002000740201,converged,-6.140133122623488,0.21378207797299836,gaaa1244,converged,-0.18228093031881443,-0.8518940772997078,Ga,Africa,Atlantic-Congo,-0.18598,5.65488,600000,other
taste_group,-6.6616898200504995,0.00856555621078967,converged,-6.858180160861159,0.23022596997645953,nort2952,converged,-0.19649034081065953,-0.8528772394141111,Northeast Maidu,North America,Maiduan,239.355,40.4102,100,hunter-gatherer
ice_group,-7.612487188014121,0.01790479757416687,converged,-7.862622857816446,0.2919656542162921,west2721,converged,-0.25013566980232493,-0.85512333023246,West Central Oromo,Africa,Afro-Asiatic,36.7365,8.81391,8920000,other
taste_group,-6.6616898200504995,0.00856555621078967,converged,-6.813873703166267,0.17734292308926908,mush1238,converged,-0.15218388311576714,-0.8571341937123328,Mushungulu,Africa,Atlantic-Congo,42.6626,0.00689,23000,other
dance_group,-7.253315279651133,0.017805314144472898,converged,-7.518448298966958,0.30855568169591546,bada1257,converged,-0.265133019315825,-0.8578441434992727,Badaga,Eurasia,Dravidian,76.5974,11.3094,245000,other
smell_group,-6.4695167475009825,0.009740427525109643,converged,-6.619017341232349,0.173632447818615,manx1243,converged,-0.14950059373136693,-0.8596659871505856,Manx,Eurasia,Indo-European,-4.45437,54.2604,1660,other
wind_group,-5.9578521923046734,0.008998002000740201,converged,-6.125049800454895,0.19425266174184783,nuuc1236,converged,-0.16719760815022155,-0.8598004335851663,Nuu-chah-nulth,North America,Wakashan,233.33,49.67,7680,hunter-gatherer
taste_group,-6.6616898200504995,0.00856555621078967,converged,-6.87486216507555,0.24732668109391426,agus1235,converged,-0.21317234502505045,-0.8613895516484056,Agusan Manobo,Papunesia,Austronesian,125.742,8.62731,60000,other
smell_group,-6.4695167475009825,0.009740427525109643,converged,-6.624555718495326,0.17940279735226763,hmon1333,converged,-0.15503897099434383,-0.8629239093010269,Hmong Daw,Eurasia,Hmong-Mien,103.164,21.5461,435400,other
ice_group,-7.612487188014121,0.01790479757416687,converged,-8.109816593267219,0.5759801896072455,djin1253,converged,-0.49732940525309743,-0.8630319185003059,Djinang,Australia,Pama-Nyungan,134.82,-12.462,120,hunter-gatherer
rain_group,-6.603067545596872,0.011688275163570797,converged,-6.763713034340524,0.1856362057635775,plai1258,converged,-0.16064548874365236,-0.8636677404313431,Plains Cree,North America,Algic,249.537,51.2437,34100,hunter-gatherer
dance_group,-7.253315279651133,0.017805314144472898,converged,-7.564562543623057,0.3585481454599903,rend1243,converged,-0.31124726397192415,-0.8670082343260219,Rendille,Africa,Afro-Asiatic,37.3608,2.27065,34700,other
wind_group,-5.9578521923046734,0.008998002000740201,converged,-6.193834293348217,0.27088104075974245,lyci1241,converged,-0.23598210104354322,-0.8706848441938064,Lycian A,Eurasia,Indo-European,29.764,36.517,200000,other
wind_group,-5.9578521923046734,0.008998002000740201,converged,-6.154464980983749,0.22519519916294106,sadr1248,converged,-0.19661278867907583,-0.8723810681782525,Sadri,Eurasia,Indo-European,84.8114,23.6585,1970000,other
snow_group,-7.416197459846801,0.016251105602529504,converged,-7.758294323814958,0.3913167778626501,cent2100,converged,-0.3420968639681572,-0.8734668695378713,Kadazan Dusun,Papunesia,Austronesian,116.681,6.02998,141000,other
smell_group,-6.4695167475009825,0.009740427525109643,converged,-6.677424747404793,0.2377548527515054,tana1289,converged,-0.20790799990381092,-0.8737308185887199,Dena'ina,North America,Athabaskan-Eyak-Tlingit,209.241,60.4712,100,hunter-gatherer
dance_group,-7.253315279651133,0.017805314144472898,converged,-7.366388520570762,0.12817872532417718,nucl1305,converged,-0.11307324091962911,-0.873763162104175,Kannada,Eurasia,Dravidian,76.1198,13.5878,35300000,other
snow_group,-7.416197459846801,0.016251105602529504,converged,-7.771038150210437,0.4052705013972981,mali1284,converged,-0.35484069036363586,-0.8748619687754594,Mali,Papunesia,Baining,152.214,-4.71826,2200,other
dance_group,-7.253315279651133,0.017805314144472898,converged,-7.567473893144471,0.35854800305591394,misi1242,converged,-0.31415861349333785,-0.8751184162110386,Mising-Padam-Miri-Minyong,Eurasia,Sino-Tibetan,94.69,27.418,571000,other
wind_group,-5.9578521923046734,0.008998002000740201,converged,-6.185256520023999,0.2596393771564601,tali1258,converged,-0.2274043277193254,-0.875321356352877,Talinga-Bwisi,Africa,Atlantic-Congo,29.9494,0.676185,99400,other
smell_group,-6.4695167475009825,0.009740427525109643,converged,-6.641462409505402,0.19609563702916355,mani1292,converged,-0.1719456620044193,-0.8757662150286588,Manipuri,Eurasia,Sino-Tibetan,93.3426,24.4409,1391000,other
wind_group,-5.9578521923046734,0.008998002000740201,converged,-6.15216656897871,0.22128051533850035,sout2832,converged,-0.19431437667403628,-0.8774108525480065,Southwestern Dinka,Africa,Nilotic,28.0613,8.81115,450000,other
snow_group,-7.416197459846801,0.016251105602529504,converged,-7.772563868481322,0.4052704116517813,nucl1347,converged,-0.3563664086345213,-0.8786238310878018,Wolof,Africa,Atlantic-Congo,-15.383,15.2534,3942000,other
smell_group,-6.4695167475009825,0.009740427525109643,converged,-6.708881370183969,0.27149584652704584,bard1255,converged,-0.2393646226829862,-0.8810842782075757,Bardi,Australia,Nyulnyulan,122.906,-16.6274,380,hunter-gatherer
dance_group,-7.253315279651133,0.017805314144472898,converged,-7.569713015784336,0.3585478938144121,sout3283,converged,-0.31639773613320266,-0.88135597115114,South Yorkshire English,Eurasia,Indo-European,-1,53,1402918,other
rain_group,-6.603067545596872,0.011688275163570797,converged,-6.862823218392682,0.29355474086956607,mala1522,converged,-0.25975567279581036,-0.8841622379466865,Malayo,South America,Chibchan,286.5944,10.9286,1920,other
snow_group,-7.416197459846801,0.016251105602529504,converged,-7.752582303664109,0.3795183308025912,kamb1297,converged,-0.33638484381730827,-0.8855352835819922,Kamba,Africa,Atlantic-Congo,37.9532,-1.60827,3960000,other
snow_group,-7.416197459846801,0.016251105602529504,converged,-7.776368010933668,0.4052701884805349,paam1238,converged,-0.3601705510868669,-0.8880034586777352,Paama,Papunesia,Austronesian,168.23693,-16.47548,6000,other
dance_group,-7.253315279651133,0.017805314144472898,converged,-7.637598655738857,0.43233839404614455,tana1290,converged,-0.38428337608772356,-0.8880957686602717,Tanacross,North America,Athabaskan-Eyak-Tlingit,216.662,63.4046,100,hunter-gatherer
rain_group,-6.603067545596872,0.011688275163570797,converged,-6.906118093502974,0.3405360037953681,dima1251,converged,-0.30305054790610164,-0.8893984577376444,Dimasa,Eurasia,Sino-Tibetan,93.1806,25.4198,106000,other
snow_group,-7.416197459846801,0.016251105602529504,converged,-7.663960707901066,0.27777675981585875,warl1254,converged,-0.24776324805426508,-0.8904284105893249,Warlpiri,Australia,Pama-Nyungan,131.05,-20.1008,2670,hunter-gatherer
smell_group,-6.4695167475009825,0.009740427525109643,converged,-6.6193805447847,0.16801106182513856,mait1250,converged,-0.14986379728371713,-0.8904924224774217,Maithili,Eurasia,Indo-European,86.2211,26.3817,34700000,other
ice_group,-7.612487188014121,0.01790479757416687,converged,-8.125729857685254,0.5759791276519026,gade1242,converged,-0.5132426696711327,-0.8906483651884594,Gade,Africa,Atlantic-Congo,7.49869,8.71139,72100,other
ice_group,-7.612487188014121,0.01790479757416687,converged,-8.126187356419292,0.5759790973703631,fore1270,converged,-0.5137001684051707,-0.8914423259294494,Fore,Papunesia,Nuclear Trans New Guinea,145.5065,-6.64473,17000,other
smell_group,-6.4695167475009825,0.009740427525109643,converged,-6.747336937184421,0.31132613808432286,muru1266,converged,-0.2778201896834389,-0.8919402535844764,Muruwari,Australia,Pama-Nyungan,146.546,-28.9618,2000,hunter-gatherer
rain_group,-6.603067545596872,0.011688275163570797,converged,-6.895295577650914,0.32715100051861223,wyan1247,converged,-0.2922280320540418,-0.8926816744687196,Huron-Wyandot,North America,Iroquoian,282.5,44.33,11226,other
wind_group,-5.9578521923046734,0.008998002000740201,converged,-6.144364909536053,0.20794503761595556,cent2292,converged,-0.18651271723137963,-0.8960942392560689,Central Bontoc,Papunesia,Austronesian,120.92,17.08,19600,other
ice_group,-7.612487188014121,0.01790479757416687,converged,-7.910559107527085,0.33118314366568674,egyp1253,converged,-0.29807191951296375,-0.898708983797479,Egyptian Arabic,Africa,Afro-Asiatic,31,31,53410000,other
snow_group,-7.416197459846801,0.016251105602529504,converged,-7.675631811374346,0.2865918797146332,anei1239,converged,-0.25943435152754457,-0.9037878512474201,Aneityum,Papunesia,Austronesian,169.825,-20.1864,900,other
ice_group,-7.612487188014121,0.01790479757416687,converged,-7.961420258470881,0.38518311497962016,nucl1706,converged,-0.34893307045675925,-0.9049116856489274,Neo-Mandaic,Eurasia,Afro-Asiatic,48.8128,31.3443,500,other
wind_group,-5.9578521923046734,0.008998002000740201,converged,-6.121839506565002,0.18074245898971095,uigh1240,converged,-0.16398731426032853,-0.9061759968564963,Uighur,Eurasia,Turkic,87.38,43.88,8701000,other
rain_group,-6.603067545596872,0.011688275163570797,converged,-6.895217112993657,0.3214770914306613,tari1263,converged,-0.2921495673967849,-0.9081725235802524,Tarifiyt-Beni-Iznasen-Eastern Middle Atlas Berber,Africa,Afro-Asiatic,-3.430616,34.916974,1500000,other
smell_group,-6.4695167475009825,0.009740427525109643,converged,-6.776380461357271,0.33705732071942274,powh1243,converged,-0.30686371385628863,-0.9100400474887484,Powhatan,North America,Algic,282.79248,36.99422,8000,other
taste_group,-6.6616898200504995,0.00856555621078967,converged,-6.827497859155174,0.18198556632605922,sang1328,converged,-0.16580803910467434,-0.9100979147497565,Sango,Africa,Atlantic-Congo,20.1702,6.78584,5400,other
ice_group,-7.612487188014121,0.01790479757416687,converged,-7.947189705394007,0.36650536571522263,kirg1245,converged,-0.33470251737988566,-0.9121389834435986,Kirghiz,Eurasia,Turkic,74,42,2674750,other
rain_group,-6.603067545596872,0.011688275163570797,converged,-6.913993178311232,0.34053516843393933,bond1245,converged,-0.31092563271436013,-0.9125126408373744,Bondo,Eurasia,Austroasiatic,83.8141,19.1512,9000,other
snow_group,-7.416197459846801,0.016251105602529504,converged,-7.787224993153213,0.4052695562006265,vure1239,converged,-0.37102753330641214,-0.9147728626025308,Vurës,Papunesia,Austronesian,167.451412,-13.905677,1050,other
dance_group,-7.253315279651133,0.017805314144472898,converged,-7.559852725425963,0.33448675578252646,mans1262,converged,-0.30653744577483,-0.9151455361460624,Mansaka,Papunesia,Austronesian,126.181,6.79221,57800,other
rain_group,-6.603067545596872,0.011688275163570797,converged,-6.833699726603752,0.25169831967870115,masb1238,converged,-0.23063218100687966,-0.9153176267204698,Masbatenyo,Papunesia,Austronesian,123.63579,12.21453,350000,other
snow_group,-7.416197459846801,0.016251105602529504,converged,-7.668276377254064,0.27456733373712133,tuva1244,converged,-0.25207891740726307,-0.9164911429347321,Tuvalu,Papunesia,Austronesian,179.198088,-8.520813,12580,hunter-gatherer
snow_group,-7.416197459846801,0.016251105602529504,converged,-7.789007463609925,0.40526945304893314,naka1262,converged,-0.37281000376312434,-0.9191677986090987,Nakanai,Papunesia,Austronesian,150.888,-5.59931,13000,other
ice_group,-7.612487188014121,0.01790479757416687,converged,-8.142594440927294,0.5759780205016121,mwag1236,converged,-0.5301072529131723,-0.9199158463545333,Mwaghavul,Africa,Afro-Asiatic,8.96522,9.47205,295000,other
snow_group,-7.416197459846801,0.016251105602529504,converged,-7.7765140664346335,0.39131577512437754,gela1263,converged,-0.3603166065878325,-0.91998920959016,Gela,Papunesia,Austronesian,160.186,-9.04587,11900,other
snow_group,-7.416197459846801,0.016251105602529504,converged,-7.672005528350186,0.2768617684098777,sang1328,converged,-0.2558080685033852,-0.9223683164746809,Sango,Africa,Atlantic-Congo,20.1702,6.78584,5400,other
ice_group,-7.612487188014121,0.01790479757416687,converged,-7.996431894261467,0.4154708820590992,sana1295,converged,-0.38394470624734556,-0.9232624678258601,Sanaani Arabic,Eurasia,Afro-Asiatic,44.8412,15.6552,7600000,other
ice_group,-7.612487188014121,0.01790479757416687,converged,-8.145514852714092,0.5759778306674224,lari1255,converged,-0.5330276646999703,-0.9249840557011048,Larike-Wakasihu,Papunesia,Austronesian,127.956,-3.76522,12600,other
taste_group,-6.6616898200504995,0.00856555621078967,converged,-6.88798305816567,0.2444258513241964,diri1252,converged,-0.22629323811517033,-0.9252475332324231,Diriku-Shambyu,Africa,Atlantic-Congo,20.6678,-18.1681,36200,other
ice_group,-7.612487188014121,0.01790479757416687,converged,-8.051741877326332,0.4738982374709994,casi1235,converged,-0.4392546893122109,-0.9262357975097623,Casiguran-Nagtipunan Agta,Papunesia,Austronesian,121.878,16.2176,610,hunter-gatherer
ice_group,-7.612487188014121,0.01790479757416687,converged,-7.949143625603947,0.36301899122110504,rovi1238,converged,-0.33665643758982533,-0.9262537420536479,Roviana,Papunesia,Austronesian,157.408,-8.20493,9870,other
snow_group,-7.416197459846801,0.016251105602529504,converged,-7.792282667846695,0.4052692639911904,casi1235,converged,-0.3760852079998944,-0.9272432881103462,Casiguran-Nagtipunan Agta,Papunesia,Austronesian,121.878,16.2176,610,hunter-gatherer
rain_group,-6.603067545596872,0.011688275163570797,converged,-6.969212228238851,0.3945642337827048,suda1236,converged,-0.36614468264197875,-0.9275654106850021,Sudanese Arabic,Africa,Afro-Asiatic,33.3179,17.8021,16520000,other
taste_group,-6.6616898200504995,0.00856555621078967,converged,-6.926984265136102,0.285570696757345,kwak1269,converged,-0.26529444508560296,-0.9285798216142255,Kwak'wala,North America,Wakashan,232.692,50.9269,190,hunter-gatherer
dance_group,-7.253315279651133,0.017805314144472898,converged,-7.674329839371386,0.4525261774116704,hili1240,converged,-0.4210145597202528,-0.9296457589981855,Hiligaynon,Papunesia,Austronesian,122.974,10.4018,5770000,other
smell_group,-6.4695167475009825,0.009740427525109643,converged,-6.6953691625324785,0.24245666782546074,pohn1238,converged,-0.225852415031496,-0.9307658192528774,Pohnpeian,Papunesia,Austronesian,158.223,6.87212,29000,other
wind_group,-5.9578521923046734,0.008998002000740201,converged,-6.19124997046335,0.2505451633205363,gade1242,converged,-0.23339777815867624,-0.9309595246839626,Gade,Africa,Atlantic-Congo,7.49869,8.71139,72100,other
rain_group,-6.603067545596872,0.011688275163570797,converged,-6.9467376059772805,0.3680509532114337,tiri1258,converged,-0.3436700603804086,-0.9332862450503239,Tiri-Mea,Papunesia,Austronesian,165.792,-21.8147,260,other
ice_group,-7.612487188014121,0.01790479757416687,converged,-8.011571183221019,0.42627409747176404,bang1354,converged,-0.3990839952068974,-0.9353897411907058,Bobangi,Africa,Atlantic-Congo,17.227,-0.87437,111300,other
wind_group,-5.9578521923046734,0.008998002000740201,converged,-6.078433099878918,0.12857493110209683,slov1268,converged,-0.12058090757424456,-0.9355378280324695,Slovenian,Eurasia,Indo-European,14.7766,46.2543,1851190,other
rain_group,-6.603067545596872,0.011688275163570797,converged,-6.972497779716107,0.3945637925318497,bela1256,converged,-0.3694302341192355,-0.9358898434333421,Belanda Bor,Africa,Nilotic,27.8232,6.6503,8000,other
rain_group,-6.603067545596872,0.011688275163570797,converged,-6.8810015757578205,0.29662615870847403,yong1270,converged,-0.27793403016094853,-0.936257648375883,Narua,Eurasia,Sino-Tibetan,100.9,27.8,47000,other
taste_group,-6.6616898200504995,0.00856555621078967,converged,-6.9419352892338795,0.2989992581874217,twee1234,converged,-0.28024546918338,-0.9368937784798186,Tweed-Albert,Australia,Pama-Nyungan,153.286993,-28.028726,210,other
taste_group,-6.6616898200504995,0.00856555621078967,converged,-6.949367004410811,0.3068657631973446,tuvi1240,converged,-0.2876771843603114,-0.9371041484995623,Tuvinian,Eurasia,Turkic,94.36667,51.7,264400,other
dance_group,-7.253315279651133,0.017805314144472898,converged,-7.620971872083692,0.3909084931051072,geez1241,converged,-0.3676565924325592,-0.939544185485755,Geez,Africa,Afro-Asiatic,40.6821,10.1342,5150000,other
taste_group,-6.6616898200504995,0.00856555621078967,converged,-6.8807983528753756,0.23227404523979664,meso1252,converged,-0.21910853282487608,-0.9426782943974348,Gilit Mesopotamian Arabic,Eurasia,Afro-Asiatic,43.1095,33.8178,14600000,other
snow_group,-7.416197459846801,0.016251105602529504,converged,-7.616146979340479,0.2110099940329973,tong1325,converged,-0.19994951949367756,-0.944785348323792,Tonga,Papunesia,Austronesian,184.75,-21.17,102290,other
smell_group,-6.4695167475009825,0.009740427525109643,converged,-6.738387396930431,0.28326313227137495,heil1246,converged,-0.2688706494294486,-0.9486297336499426,Heiltsuk-Oowekyala,North America,Wakashan,232.779,51.7045,300,hunter-gatherer
taste_group,-6.6616898200504995,0.00856555621078967,converged,-6.952954256659778,0.30686535998833064,kumb1268,converged,-0.2912644366092785,-0.9487908150373586,Kumbainggar,Australia,Pama-Nyungan,152.913,-29.8189,100,hunter-gatherer
dance_group,-7.253315279651133,0.017805314144472898,converged,-7.6833095618056175,0.4525255075441382,kokb1239,converged,-0.42999428215448443,-0.9494753622835762,Kok Borok,Eurasia,Sino-Tibetan,91.4673,23.1916,696000,other
ice_group,-7.612487188014121,0.01790479757416687,converged,-8.161904661676397,0.5759767755121405,sina1266,converged,-0.5494174736622757,-0.9534276864318251,Sinaugoro,Papunesia,Austronesian,147.861,-9.79791,18000,other
rain_group,-6.603067545596872,0.011688275163570797,converged,-6.965892261106698,0.38020978331701544,phal1254,converged,-0.3628247155098263,-0.9538244655855521,Palula,Eurasia,Indo-European,71.8421,35.5096,10000,other
rain_group,-6.603067545596872,0.011688275163570797,converged,-6.87840826929105,0.2880368421333999,ladi1251,converged,-0.2753407236941783,-0.9551358240426029,Ladino,Eurasia,Indo-European,28.6632,41.205,8000,other
snow_group,-7.416197459846801,0.016251105602529504,converged,-7.803800679547844,0.4052686040214369,tere1278,converged,-0.3876032197010426,-0.9556426591927495,Terei,Papunesia,South Bougainville,155.745,-6.70051,26500,other
snow_group,-7.416197459846801,0.016251105602529504,converged,-7.804170028534794,0.4052685829836451,zand1248,converged,-0.3879725686879931,-0.9565533452908216,Zande,Africa,Atlantic-Congo,26.7157,4.62047,1142000,other
smell_group,-6.4695167475009825,0.009740427525109643,converged,-6.81584216050139,0.36095583743267806,lopi1242,converged,-0.3463254130004074,-0.9591184007744967,Lopit,Africa,Nilotic,32.7534,4.6986,50000,other
wind_group,-5.9578521923046734,0.008998002000740201,converged,-6.176862759350462,0.22810138715454442,sout2789,converged,-0.21901056704578892,-0.9593995357992677,Central Dagaare,Africa,Atlantic-Congo,-2.52265,10.4226,700000,other
snow_group,-7.416197459846801,0.016251105602529504,converged,-7.514085474778369,0.10071265846283038,mode1248,converged,-0.09788801493156818,-0.9595417254653287,Modern Greek,Eurasia,Indo-European,23.13,38.36,11792480,other
dance_group,-7.253315279651133,0.017805314144472898,converged,-7.789541658730508,0.558534761301002,suda1236,converged,-0.5362263790793751,-0.9595716412703208,Sudanese Arabic,Africa,Afro-Asiatic,33.3179,17.8021,16520000,other
smell_group,-6.4695167475009825,0.009740427525109643,converged,-6.756371593355616,0.2984474278487047,tuvi1240,converged,-0.2868548458546334,-0.9606455474262209,Tuvinian,Eurasia,Turkic,94.36667,51.7,264400,other
taste_group,-6.6616898200504995,0.00856555621078967,converged,-6.957420301203353,0.3068648600189212,kati1270,converged,-0.2957304811528534,-0.9633404761296724,Katë,Eurasia,Indo-European,70.9826,35.4145,19400,other
ice_group,-7.612487188014121,0.01790479757416687,converged,-8.168356869044699,0.5759763648474907,mand1413,converged,-0.5558696810305772,-0.9646251654792106,Manda,Eurasia,Dravidian,83.6749,20.0962,4040,other
wind_group,-5.9578521923046734,0.008998002000740201,converged,-6.190479112111729,0.24079881833761432,kosr1238,converged,-0.2326269198070552,-0.9653896187833274,Kosraean,Papunesia,Austronesian,162.98,5.31,8000,other
rain_group,-6.603067545596872,0.011688275163570797,converged,-6.948717558090969,0.357600552777506,ncan1245,converged,-0.3456500124940973,-0.9660654153744288,Ncane-Mungong,Africa,Atlantic-Congo,10.5312,6.50696,15500,other
wind_group,-5.9578521923046734,0.008998002000740201,converged,-6.052585419831741,0.09757316860495333,oriy1255,converged,-0.09473322752706714,-0.9667920678931723,Odia,Eurasia,Indo-European,85,21,34463280,other
smell_group,-6.4695167475009825,0.009740427525109643,converged,-6.607589933114915,0.14247137569902327,bini1246,converged,-0.13807318561393256,-0.9668722979332917,Bini,Africa,Atlantic-Congo,5.70426,6.40701,1000000,other
taste_group,-6.6616898200504995,0.00856555621078967,converged,-6.859921301745415,0.20474365470431602,ndon1254,converged,-0.19823148169491578,-0.9673473689309853,Ndonga,Africa,Atlantic-Congo,17.35,-17.22,1070000,other
ice_group,-7.612487188014121,0.01790479757416687,converged,-8.171567427967917,0.5759761614895503,taid1250,converged,-0.5590802399537953,-0.9701969321437478,Tai Dón,Eurasia,Tai-Kadai,103.570496667,21.84898,490000,other
ice_group,-7.612487188014121,0.01790479757416687,converged,-8.171858786481637,0.5759761430670871,lena1238,converged,-0.559371598467516,-0.9707025706145055,Lenakel,Papunesia,Austronesian,169.261,-19.4763,11500,other
wind_group,-5.9578521923046734,0.008998002000740201,converged,-6.194194594016064,0.24302532898359347,bant1281,converged,-0.23634240171139087,-0.9718352172841797,Bantawa,Eurasia,Sino-Tibetan,87.04738,27.12147,371000,other
dance_group,-7.253315279651133,0.017805314144472898,converged,-7.524959587473906,0.2787501824522056,egyp1253,converged,-0.2716443078227728,-0.9725261158956214,Egyptian Arabic,Africa,Afro-Asiatic,31,31,53410000,other
smell_group,-6.4695167475009825,0.009740427525109643,converged,-6.759959605395991,0.29844701309466704,kumb1268,converged,-0.2904428578950089,-0.9726627581300948,Kumbainggar,Australia,Pama-Nyungan,152.913,-29.8189,100,hunter-gatherer
ice_group,-7.612487188014121,0.01790479757416687,converged,-8.074096704539546,0.4738971480669366,tain1252,converged,-0.46160951652542437,-0.9733766094269118,Tai Nüa,Eurasia,Tai-Kadai,99.722,21.7837,647400,other
smell_group,-6.4695167475009825,0.009740427525109643,converged,-6.808734429722318,0.3481218441758017,calo1236,converged,-0.3392176822213351,-0.974041080620372,Caló,Eurasia,Indo-European,0.6,41.424,460000,other
ice_group,-7.612487188014121,0.01790479757416687,converged,-8.098402949615842,0.49839185061781577,nung1283,converged,-0.4859157616017207,-0.9743387636085193,Nung,Eurasia,Tai-Kadai,104.286,20.8965,856000,other
wind_group,-5.9578521923046734,0.008998002000740201,converged,-6.104262770866753,0.14991735218306024,shil1265,converged,-0.1464105785620795,-0.9748543062419562,Shilluk,Africa,Nilotic,31.7926,9.85472,175000,other
snow_group,-7.416197459846801,0.016251105602529504,converged,-7.611076058923941,0.19889351933504928,assa1263,converged,-0.19487859907714,-0.9765593259015436,Assamese,Eurasia,Indo-European,91.2932,26.0876,16709000,other
taste_group,-6.6616898200504995,0.00856555621078967,converged,-6.961593447386631,0.3068643948521375,nort2943,converged,-0.29990362733613196,-0.9769359574737289,North Alaskan Inupiatun,North America,Eskimo-Aleut,216.23,69.582,6420,hunter-gatherer
ice_group,-7.612487188014121,0.01790479757416687,converged,-8.176653986315896,0.5759758406385792,dima1251,converged,-0.5641667983017751,-0.9790244090669334,Dimasa,Eurasia,Sino-Tibetan,93.1806,25.4198,106000,other
snow_group,-7.416197459846801,0.016251105602529504,converged,-7.6421854619167515,0.2293221585971983,tokp1240,converged,-0.2259880020699505,-0.9829956240899286,Tok Pisin,Papunesia,Indo-European,147.303,-9.41971,125630,other
taste_group,-6.6616898200504995,0.00856555621078967,converged,-6.942913717513118,0.28556908704799117,hoch1243,converged,-0.28122389746261867,-0.9843414065147772,Ho-Chunk,North America,Siouan,271.5,43.5,100,hunter-gatherer
smell_group,-6.4695167475009825,0.009740427525109643,converged,-6.722647532907359,0.25677973069236204,cent1990,converged,-0.2531307854063769,-0.9850811215799192,Central Nicobarese,Eurasia,Austroasiatic,93.3921,7.94812,10100,other
snow_group,-7.416197459846801,0.016251105602529504,converged,-7.781819713493905,0.36939684315470683,chep1245,converged,-0.3656222536471043,-0.9888253064967355,Chepang,Eurasia,Sino-Tibetan,84.9017,27.7206,36800,other
ice_group,-7.612487188014121,0.01790479757416687,converged,-8.182507750146309,0.5759754734075692,lega1249,converged,-0.5700205621321874,-0.9891833428426521,Lega-Shabunda,Africa,Atlantic-Congo,27.1424,-3.83196,400000,other
snow_group,-7.416197459846801,0.016251105602529504,converged,-7.804710177920504,0.3913142588928655,gung1250,converged,-0.38851271807370313,-0.9919856160577288,Gungu,Africa,Atlantic-Congo,31.4819,2.06754,49000,other
snow_group,-7.416197459846801,0.016251105602529504,converged,-7.59014242792102,0.1745333158691528,fili1244,converged,-0.17394496807421866,-0.9923366257745398,Filipino,Papunesia,Austronesian,123.464,12.265,109035343,other
ice_group,-7.612487188014121,0.01790479757416687,converged,-8.184523329725701,0.5759753474584938,bond1245,converged,-0.57203614171158,-0.9926812892217284,Bondo,Eurasia,Austroasiatic,83.8141,19.1512,9000,other
rain_group,-6.603067545596872,0.011688275163570797,converged,-6.981295109822556,0.38020785746791297,java1254,converged,-0.3782275642256838,-0.9943218158099044,Javanese,Papunesia,Austronesian,109.287,-7.001,84300000,other
dance_group,-7.253315279651133,0.017805314144472898,converged,-7.810955693054047,0.558532749021973,wand1263,converged,-0.5576404134029138,-0.9978954290353275,Wandarang,Australia,Mangarrayi-Maran,135.705,-14.2996,2000,hunter-gatherer
snow_group,-7.416197459846801,0.016251105602529504,converged,-7.796296913050319,0.37951609260565533,diri1252,converged,-0.3800994532035178,-1.0006201667056964,Diriku-Shambyu,Africa,Atlantic-Congo,20.6678,-18.1681,36200,other
smell_group,-6.4695167475009825,0.009740427525109643,converged,-6.774623193100761,0.3045494117579248,rung1259,converged,-0.30510644559977873,-1.001317041236046,Rungus,Papunesia,Austronesian,116.743,6.83989,15000,other
rain_group,-6.603067545596872,0.011688275163570797,converged,-6.9720626723539345,0.36804793833353966,abua1244,converged,-0.3689951267570626,-1.0020683618903259,Abua,Africa,Atlantic-Congo,6.61492,4.83057,25000,other
taste_group,-6.6616898200504995,0.00856555621078967,converged,-6.919669379380459,0.2572750706642087,gaaa1244,converged,-0.25797955932995986,-1.002182989677869,Ga,Africa,Atlantic-Congo,-0.18598,5.65488,600000,other
rain_group,-6.603067545596872,0.011688275163570797,converged,-6.911491553278879,0.30743140630505167,kili1268,converged,-0.3084240076820075,-1.0025044166084318,Kiliwa,North America,Cochimi-Yuman,244.877,30.5471,100,hunter-gatherer
dance_group,-7.253315279651133,0.017805314144472898,converged,-7.813755848896727,0.5585324890618205,thom1243,converged,-0.5604405692455936,-1.002906763730291,Thompson,North America,Salishan,239.807,50.1668,720,hunter-gatherer
wind_group,-5.9578521923046734,0.008998002000740201,converged,-6.190001142319931,0.23128886549712202,hoch1243,converged,-0.23214895001525715,-1.002959955924763,Ho-Chunk,North America,Siouan,271.5,43.5,100,hunter-gatherer
ice_group,-7.612487188014121,0.01790479757416687,converged,-7.98061475694531,0.36650451747306345,bada1257,converged,-0.3681275689311887,-1.0032320175594693,Badaga,Eurasia,Dravidian,76.5974,11.3094,245000,other
ice_group,-7.612487188014121,0.01790479757416687,converged,-8.113188371523167,0.49839108379221014,yeyi1239,converged,-0.5007011835090456,-1.0039874403599154,Yeyi,Africa,Atlantic-Congo,23.6088,-18.9178,24000,other
wind_group,-5.9578521923046734,0.008998002000740201,converged,-6.164700780865368,0.2058186694399259,lamb1271,converged,-0.20684858856069432,-1.0040449683426496,Lamba,Africa,Atlantic-Congo,27.9026,-12.3366,219000,other
snow_group,-7.416197459846801,0.016251105602529504,converged,-7.65274488752202,0.23491217087006122,nort2646,converged,-0.23654742767521864,-1.0045601970027216,Northern Pashto,Eurasia,Indo-European,71.33,34,9590000,other
taste_group,-6.6616898200504995,0.00856555621078967,converged,-6.830320406660291,0.1676366411454367,mand1436,converged,-0.16863058660979124,-1.0046185927955205,Mandinka,Africa,Mande,-15.6539466667,12.8165233333,1346000,other
ice_group,-7.612487188014121,0.01790479757416687,converged,-7.965864019158188,0.35122218127308213,yaka1277,converged,-0.3533768311440664,-1.004829885308672,Yakan,Papunesia,Austronesian,122.021729,6.531023,106000,other
smell_group,-6.4695167475009825,0.009740427525109643,converged,-6.782764337878361,0.3113217173026639,gade1242,converged,-0.3132475903773786,-1.005694003376085,Gade,Africa,Atlantic-Congo,7.49869,8.71139,72100,other
smell_group,-6.4695167475009825,0.009740427525109643,converged,-6.533420327836749,0.06272785485373196,viet1252,converged,-0.06390358033576682,-1.0066789905388729,Vietnamese,Eurasia,Austroasiatic,105.774071,20.681188,67954200,other
smell_group,-6.4695167475009825,0.009740427525109643,converged,-6.6765284015347905,0.20457122222934587,esse1265,converged,-0.20701165403380806,-1.0107843809351307,Essex,Eurasia,Indo-European,-1,53,1832751,other
smell_group,-6.4695167475009825,0.009740427525109643,converged,-6.724792473351586,0.2520950059171595,braz1246,converged,-0.25527572585060376,-1.0118621304366742,Brazilian Portuguese,Eurasia,Indo-European,-8.1,39.91,227062512,other
rain_group,-6.603067545596872,0.011688275163570797,converged,-6.975690330909282,0.3680475126866199,tean1237,converged,-0.37262278531241044,-1.0119210482726273,Teanu,Papunesia,Austronesian,166.868,-11.6752,520,other
snow_group,-7.416197459846801,0.016251105602529504,converged,-7.790370928175223,0.36939643584989623,sume1241,converged,-0.37417346832842213,-1.0119531784122717,Sumerian,Eurasia,isolate_sume1241,45.6667,31.3,1150000,other
ice_group,-7.612487188014121,0.01790479757416687,converged,-8.196034729162443,0.5759746329810184,giky1238,converged,-0.583547541148322,-1.0126588184025087,Gikyode,Africa,Atlantic-Congo,0.56975,8.39478,10400,other
snow_group,-7.416197459846801,0.016251105602529504,converged,-7.790896392381041,0.3693964109347827,misi1242,converged,-0.3746989325342396,-1.0133743660262418,Mising-Padam-Miri-Minyong,Eurasia,Sino-Tibetan,94.69,27.418,571000,other
ice_group,-7.612487188014121,0.01790479757416687,converged,-8.003540187858206,0.3851818473861475,mbuk1240,converged,-0.39105299984408504,-1.0141474719984231,Mbukushu,Africa,Atlantic-Congo,22.5026,-17.6827,35100,other
ice_group,-7.612487188014121,0.01790479757416687,converged,-8.196958464860339,0.5759745760031916,kapi1249,converged,-0.5844712768462177,-1.0142619227395597,Kapingamarangi,Papunesia,Austronesian,154.797223,1.039166,3000,other
taste_group,-6.6616898200504995,0.00856555621078967,converged,-6.8450991072083065,0.1803242094489956,hmon1333,converged,-0.18340928715780702,-1.0159629761452738,Hmong Daw,Eurasia,Hmong-Mien,103.164,21.5461,435400,other
snow_group,-7.416197459846801,0.016251105602529504,converged,-7.828340409249444,0.4052672230133076,gwer1238,converged,-0.41214294940264296,-1.016149258060431,Gwere,Africa,Atlantic-Congo,33.8227,1.11392,409000,other
wind_group,-5.9578521923046734,0.008998002000740201,converged,-6.210488855969809,0.24788301084650635,rade1240,converged,-0.25263666366513515,-1.0185062070271764,Rade,Eurasia,Austronesian,108.41,12.979,270000,other
smell_group,-6.4695167475009825,0.009740427525109643,converged,-6.813633907485134,0.33705210832866217,bayu1240,converged,-0.34411715998415193,-1.0205352452755474,Bayungu,Australia,Pama-Nyungan,114.108,-23.3809,100,hunter-gatherer
taste_group,-6.6616898200504995,0.00856555621078967,converged,-6.8428496827082865,0.17728531342606907,cree1270,converged,-0.18115986265778705,-1.0206642814399964,Creek,North America,Muskogean,272.5,31,4300,other
rain_group,-6.603067545596872,0.011688275163570797,converged,-6.9314712866730694,0.3214737508873764,kwak1269,converged,-0.3284037410761975,-1.0208823926774682,Kwak'wala,North America,Wakashan,232.692,50.9269,190,hunter-gatherer
ice_group,-7.612487188014121,0.01790479757416687,converged,-8.202553661409256,0.5759742320030075,nucl1418,converged,-0.5900664733951348,-1.0239721551024912,Bassa,Africa,Kru,-11.543,7.27501,403000,other
smell_group,-6.4695167475009825,0.009740427525109643,converged,-6.696140600130493,0.2207255034993422,tuwa1243,converged,-0.22662385262951013,-1.0257243013165045,Tuwali Ifugao,Papunesia,Austronesian,121.113,16.6646,30000,other
ice_group,-7.612487188014121,0.01790479757416687,converged,-8.158002749292194,0.5307868330793685,siee1239,converged,-0.5455155612780729,-1.02716462581151,Sie,Papunesia,Austronesian,169.166,-18.8181,1900,other
ice_group,-7.612487188014121,0.01790479757416687,converged,-7.824982922568062,0.20600816808436703,shan1277,converged,-0.21249573455394088,-1.0276178447331072,Shan,Eurasia,Tai-Kadai,98.0342,21.5995,3295000,other
dance_group,-7.253315279651133,0.017805314144472898,converged,-7.829069097380517,0.5585310802158152,bong1285,converged,-0.5757538177293835,-1.0303123734479886,Bongo,Africa,Central Sudanic,27.9918,7.4145,10100,other
wind_group,-5.9578521923046734,0.008998002000740201,converged,-6.208957609281943,0.24302326265882465,tumu1242,converged,-0.2511054169772695,-1.0325492073051674,Tumulung Sisaala,Africa,Atlantic-Congo,-1.79707,10.63451,105000,other
smell_group,-6.4695167475009825,0.009740427525109643,converged,-6.750035826323789,0.27149187259354085,yeyi1239,converged,-0.2805190788228069,-1.0325860206870858,Yeyi,Africa,Atlantic-Congo,23.6088,-18.9178,24000,other
wind_group,-5.9578521923046734,0.008998002000740201,converged,-6.195275099704494,0.22965613679973623,maha1287,converged,-0.23742290739982064,-1.033026535024974,Mahasu Pahari,Eurasia,Indo-European,77.5317,31.0088,1000000,other
wind_group,-5.9578521923046734,0.008998002000740201,converged,-6.202819918608884,0.23669436698968652,tang1348,converged,-0.2449677263042105,-1.0342067371586292,Tangga,Papunesia,Austronesian,153.611,-4.08824,5800,other
dance_group,-7.253315279651133,0.017805314144472898,converged,-7.471896117152286,0.20964319337676135,sind1272,converged,-0.2185808375011531,-1.0388924253820586,Sindhi,Eurasia,Indo-European,69,26,21315000,other
ice_group,-7.612487188014121,0.01790479757416687,converged,-8.105436088451361,0.4738956612455503,west2452,converged,-0.4929489004372396,-1.0394639092760571,Western Temne,Africa,Atlantic-Congo,-12.3331,8.90294,240000,other
smell_group,-6.4695167475009825,0.009740427525109643,converged,-6.702901789024707,0.2231821387467461,ulst1239,converged,-0.2333850415237242,-1.0447210972750398,Ulster,Eurasia,Indo-European,-3.710133,55.886945,2215454,other
ice_group,-7.612487188014121,0.01790479757416687,converged,-8.058285966540717,0.42627228178656384,sout2668,converged,-0.445798778526596,-1.0448862448028877,Southern Hindko,Eurasia,Indo-European,72.1702,33.2122,625000,other
ice_group,-7.612487188014121,0.01790479757416687,converged,-7.7274992595719345,0.10850115127142984,west2369,converged,-0.11501207155781312,-1.0458633253957557,Western Farsi,Eurasia,Indo-European,53.3,32.9,22472000,other
taste_group,-6.6616898200504995,0.00856555621078967,converged,-6.982803594155682,0.3068620603900673,anuf1239,converged,-0.32111377410518216,-1.0460359543883198,Anufo,Africa,Atlantic-Congo,0.56021,10.2839,137600,other
rain_group,-6.603067545596872,0.011688275163570797,converged,-7.015979475918801,0.3945580873920603,dhal1245,converged,-0.4129119303219291,-1.0460585761198704,Dhalandji,Australia,Pama-Nyungan,114.937,-22.196,100,hunter-gatherer
rain_group,-6.603067545596872,0.011688275163570797,converged,-6.891679962703071,0.2752193953639694,nort2952,converged,-0.288612417106199,-1.0477186611792493,Northeast Maidu,North America,Maiduan,239.355,40.4102,100,hunter-gatherer
rain_group,-6.603067545596872,0.011688275163570797,converged,-6.9890504359798715,0.3680459583379324,fuyu1242,converged,-0.3859828903829996,-1.0482071261302912,Fuyug,Papunesia,isolate_fuyu1242,147.312,-8.6371,14000,other
snow_group,-7.416197459846801,0.016251105602529504,converged,-7.841367003646571,0.4052665035752221,nand1266,converged,-0.42516954379977,-1.0482685263361164,Nandi,Africa,Nilotic,35.408478,0.793737,938000,other
ice_group,-7.612487188014121,0.01790479757416687,converged,-8.218180851092669,0.5759732813537678,djin1251,converged,-0.6056936630785472,-1.051092539838159,Jingulu,Australia,Mirndi,133.659,-17.165,100,hunter-gatherer
snow_group,-7.416197459846801,0.016251105602529504,converged,-7.828695371735284,0.3913130023238835,nyol1238,converged,-0.41249791188848306,-1.0532301464802072,Nyole,Africa,Atlantic-Congo,33.9181,0.88072,341000,other
smell_group,-6.4695167475009825,0.009740427525109643,converged,-6.7377430660886874,0.2543662255461594,uppe1395,converged,-0.26822631858770496,-1.0537164571169069,Upper Sorbian,Eurasia,Indo-European,14.4098,51.2403,18000,other
smell_group,-6.4695167475009825,0.009740427525109643,converged,-6.547980671044447,0.07375170905792745,sout1528,converged,-0.0784639235434641,-1.0547340535769596,Serbian-Croatian-Bosnian,Eurasia,Indo-European,18.81,44.15,18276976,other
rain_group,-6.603067545596872,0.011688275163570797,converged,-6.96279810438607,0.34053013550051636,bell1243,converged,-0.3597305587891979,-1.0557621936183705,Bella Coola,North America,Salishan,233.311,52.3448,100,hunter-gatherer
rain_group,-6.603067545596872,0.011688275163570797,converged,-6.920131676866602,0.2999393518073822,geez1241,converged,-0.31706413126973043,-1.056292419243802,Geez,Africa,Afro-Asiatic,40.6821,10.1342,5150000,other
ice_group,-7.612487188014121,0.01790479757416687,converged,-8.174322472319318,0.5307859338532167,misk1235,converged,-0.5618352843051966,-1.0578952226256075,Mískito,North America,Misumalpan,275.7058,15.1576,183000,hunter-gatherer
dance_group,-7.253315279651133,0.017805314144472898,converged,-7.8447539842840595,0.5585296593666598,mand1425,converged,-0.5914387046329264,-1.0583831932240504,Mandari,Africa,Nilotic,31.2327,5.83656,70000,other
ice_group,-7.612487188014121,0.01790479757416687,converged,-8.114776718650045,0.47389522703948184,kich1262,converged,-0.5022895306359239,-1.0591611348412062,K'iche',North America,Mayan,268.8304,14.5278,1900000,other
ice_group,-7.612487188014121,0.01790479757416687,converged,-8.22303631021817,0.5759729889933458,mund1320,converged,-0.6105491222040484,-1.0595190144839137,Mundari,Eurasia,Austroasiatic,85.85,23.03,1560280,other
snow_group,-7.416197459846801,0.016251105602529504,converged,-7.8462472843038205,0.4052662364487765,kwai1243,converged,-0.43004982445701945,-1.0603017054638542,Kwaio,Papunesia,Austronesian,160.965,-8.93744,13200,other
wind_group,-5.9578521923046734,0.008998002000740201,converged,-6.2043426819450165,0.23128710109562786,busa1253,converged,-0.24649048964034304,-1.0649282441614458,Busa,Africa,Mande,4.39929,9.91074,40000,hunter-gatherer
smell_group,-6.4695167475009825,0.009740427525109643,converged,-6.763188144960624,0.2751104559956685,nanc1247,converged,-0.2936713974596419,-1.066798800143072,Nancowry,Eurasia,Austroasiatic,93.3921,7.94812,930,other
taste_group,-6.6616898200504995,0.00856555621078967,converged,-6.932604832153478,0.2537252977037639,west2386,converged,-0.27091501210297864,-1.0671413845450564,Western Panjabi,Eurasia,Indo-European,75.3474,30.0948,60600000,other
ice_group,-7.612487188014121,0.01790479757416687,converged,-8.144807598268262,0.4983894814586358,sout2832,converged,-0.5323204102541403,-1.0673925682152186,Southwestern Dinka,Africa,Nilotic,28.0613,8.81115,450000,other
rain_group,-6.603067545596872,0.011688275163570797,converged,-6.8160745926427975,0.19876498171761786,kash1277,converged,-0.21300704704592555,-1.0698047096220031,Kashmiri,Eurasia,Indo-European,74.330455,34.166825,5525000,other
dance_group,-7.253315279651133,0.017805314144472898,converged,-7.598136339187399,0.32178066866908045,lepc1244,converged,-0.3448210595362662,-1.069966012648611,Lepcha,Eurasia,Sino-Tibetan,88.5726,27.0869,52830,other
rain_group,-6.603067545596872,0.011688275163570797,converged,-6.94740082955153,0.3214723209555476,hoch1243,converged,-0.3443332839546578,-1.0704060410176253,Ho-Chunk,North America,Siouan,271.5,43.5,100,hunter-gatherer
wind_group,-5.9578521923046734,0.008998002000740201,converged,-6.218233950781808,0.2430219797936779,anuf1239,converged,-0.2603817584771342,-1.0706993056891758,Anufo,Africa,Atlantic-Congo,0.56021,10.2839,137600,other
dance_group,-7.253315279651133,0.017805314144472898,converged,-7.716913740435412,0.43233297002152116,baba1267,converged,-0.46359846078427847,-1.0714098336455808,Baba Malay,Eurasia,Austronesian,103.076,1.75414,15000,other
snow_group,-7.416197459846801,0.016251105602529504,converged,-7.850927673196235,0.4052659814851377,chek1238,converged,-0.4347302133494342,-1.0718420283984822,Cheke Holo,Papunesia,Austronesian,159.625,-8.27055,10800,other
ice_group,-7.612487188014121,0.01790479757416687,converged,-8.147786342669226,0.498389333102638,pulu1242,converged,-0.5352991546551049,-1.073365774271633,Puluwatese,Papunesia,Austronesian,149.2005,7.35695,1360,other
ice_group,-7.612487188014121,0.01790479757416687,converged,-8.183102688528345,0.5307854560948893,lonw1238,converged,-0.5706155005142239,-1.074428700973838,Lonwolwol,Papunesia,Austronesian,168.016,-16.2286,1200,other
dance_group,-7.253315279651133,0.017805314144472898,converged,-7.76761283465246,0.47811482963757856,rade1240,converged,-0.5142975550013267,-1.0749327619227402,Rade,Eurasia,Austronesian,108.41,12.979,270000,other
ice_group,-7.612487188014121,0.01790479757416687,converged,-8.1488763296102409,0.4983892789263024,gilb1244,converged,-0.5363891415961195,-1.0755515000864655,Gilbertese,Papunesia,Austronesian,173.64,0.179,66110,other
dance_group,-7.253315279651133,0.017805314144472898,converged,-7.768550293885654,0.4781147589431936,chim1302,converged,-0.5152350142345208,-1.076892303458816,Bolivar-North Chimborazo Highland Quichua,South America,Quechuan,281.1479,-1.36727,1000000,other
wind_group,-5.9578521923046734,0.008998002000740201,converged,-6.225122559088307,0.24788089350622985,giky1238,converged,-0.2672703667836336,-1.0775112595458785,Gikyode,Africa,Atlantic-Congo,0.56975,8.39478,10400,other
smell_group,-6.4695167475009825,0.009740427525109643,converged,-6.844823650542661,0.34811667624283293,bero1242,converged,-0.3753069030416789,-1.0776848710076614,Berom,Africa,Atlantic-Congo,8.81221,9.67037,300000,other
wind_group,-5.9578521923046734,0.008998002000740201,converged,-6.231167826658161,0.2533717091827611,gamb1252,converged,-0.27331563435348727,-1.0780345147252124,Gambian Wolof,Africa,Atlantic-Congo,-16.1544,13.5337,185000,other
ice_group,-7.612487188014121,0.01790479757416687,converged,-8.123770171405274,0.473894812786781,cent2100,converged,-0.511282983391153,-1.0781262689862683,Kadazan Dusun,Papunesia,Austronesian,116.681,6.02998,141000,other
wind_group,-5.9578521923046734,0.008998002000740201,converged,-6.220372751534003,0.243021685693094,nenn1238,converged,-0.2625205592293298,-1.079495437134362,Nen,Papunesia,Yam,142.032,-8.62183,250,other
rain_group,-6.603067545596872,0.011688275163570797,converged,-6.8409822230842,0.21983813401243088,trin1276,converged,-0.23791467748732842,-1.0807002225441131,Trinidadian Creole English,South America,Indo-European,298.5829,10.4208,9600,other
snow_group,-7.416197459846801,0.016251105602529504,converged,-7.854708939274278,0.40526577637067945,caro1242,converged,-0.43851147942747737,-1.0811654139884492,Carolinian,Papunesia,Austronesian,145.765,15.205,3000,other
taste_group,-6.6616898200504995,0.00856555621078967,converged,-6.880096957657055,0.20135667208963673,mars1254,converged,-0.2184071376065555,-1.083697847955005,Marshallese,Papunesia,Austronesian,167.73,8.72,43900,other
dance_group,-7.253315279651133,0.017805314144472898,converged,-7.808385190578054,0.5117989648126323,semb1240,converged,-0.555069910926921,-1.0838910341025556,Sembakung Murut,Papunesia,Austronesian,116.799,4.22102,5180,other
snow_group,-7.416197459846801,0.016251105602529504,converged,-7.774219547581926,0.3296431204748707,nucl1706,converged,-0.358022087735125,-1.0847725570122893,Neo-Mandaic,Eurasia,Afro-Asiatic,48.8128,31.3443,500,other
rain_group,-6.603067545596872,0.011688275163570797,converged,-6.859997430535003,0.235508502542752,amer1254,converged,-0.2569298849381312,-1.0896168903430616,Latin American Spanish,Eurasia,Indo-European,-1.11788,40.4414,455000000,other
ice_group,-7.612487188014121,0.01790479757416687,converged,-8.240459320958527,0.5759719515139499,zigu1244,converged,-0.6279721329444055,-1.0897560712756509,Zigula-Mushungulu,Africa,Atlantic-Congo,38.41138,-5.61864,355000,other
wind_group,-5.9578521923046734,0.008998002000740201,converged,-6.234516974717688,0.2533712061367686,enga1252,converged,-0.2766647824130146,-1.0912466700522012,Enga,Papunesia,Nuclear Trans New Guinea,143.685,-5.45619,165000,other
taste_group,-6.6616898200504995,0.00856555621078967,converged,-6.727681870356924,0.05981945452078787,poli1260,converged,-0.06599205030642441,-1.0920485375426077,Polish,Eurasia,Indo-European,18.6255,51.8439,37794600,other
smell_group,-6.4695167475009825,0.009740427525109643,converged,-6.8641209899717754,0.36094859700467496,mesk1242,converged,-0.39460424247079295,-1.0928443659834475,Meskwaki,North America,Algic,271,44,250,hunter-gatherer
ice_group,-7.612487188014121,0.01790479757416687,converged,-8.242361522504028,0.5759718393349624,orok1267,converged,-0.6298743344899069,-1.0930572834369892,Orokolo,Papunesia,Eleman,145.34,-7.81309,13000,hunter-gatherer
rain_group,-6.603067545596872,0.011688275163570797,converged,-7.035045335641688,0.394555662950674,suau1242,converged,-0.43197779004481607,-1.094366166244773,Suau,Papunesia,Austronesian,150.21,-10.6606,6800,other
smell_group,-6.4695167475009825,0.009740427525109643,converged,-6.828058381154064,0.3273919705732941,ipai1240,converged,-0.3585416336530818,-1.094660493932528,Ipai,North America,Cochimi-Yuman,243.007,33.005,3200,other
ice_group,-7.612487188014121,0.01790479757416687,converged,-7.96517008926492,0.321447369502765,east2304,converged,-0.35268290125079904,-1.0954734613490664,Eastern Balochi,Eurasia,Indo-European,62,28,1800000,other
wind_group,-5.9578521923046734,0.008998002000740201,converged,-6.161893476544106,0.18560691131706097,caju1236,converged,-0.20404128423943213,-1.0980298966194166,Cajun French,North America,Indo-European,268.3867,29.6869,17200,other
smell_group,-6.4695167475009825,0.009740427525109643,converged,-6.760725114513417,0.2649999065474241,tosk1239,converged,-0.2912083670124348,-1.0981583143373663,Northern Tosk Albanian,Eurasia,Indo-European,20,41,2915000,other
dance_group,-7.253315279651133,0.017805314144472898,converged,-7.4802992978174006,0.2055389936184217,esto1258,converged,-0.22698401816626745,-1.1002150906355865,Estonian,Eurasia,Uralic,25.82,58.55,1148690,other
snow_group,-7.416197459846801,0.016251105602529504,converged,-7.790952293042243,0.34001701350197644,anda1287,converged,-0.3747548331954418,-1.1009082276026914,Andalusian Arabic,Eurasia,Afro-Asiatic,-5.2,36.54,500000,other
wind_group,-5.9578521923046734,0.008998002000740201,converged,-6.2339506758288445,0.2505387899605989,mand1413,converged,-0.2760984835241711,-1.101308869542537,Manda,Eurasia,Dravidian,83.6749,20.0962,4040,other
dance_group,-7.253315279651133,0.017805314144472898,converged,-7.6150992648347975,0.32761597528528574,mbuk1240,converged,-0.3617839851836644,-1.1026655874503017,Mbukushu,Africa,Atlantic-Congo,22.5026,-17.6827,35100,other
dance_group,-7.253315279651133,0.017805314144472898,converged,-7.870523939955514,0.5585273727794661,bero1242,converged,-0.6172086603043807,-1.1045032042988432,Berom,Africa,Atlantic-Congo,8.81221,9.67037,300000,other
snow_group,-7.416197459846801,0.016251105602529504,converged,-7.849146215048441,0.39131195446253675,wamp1247,converged,-0.43294875520163956,-1.105450201527611,Wampar,Papunesia,Austronesian,146.662,-6.67364,5150,other
dance_group,-7.253315279651133,0.017805314144472898,converged,-7.754577304368946,0.45252039911592984,west2354,converged,-0.5012620247178132,-1.1068549669789425,Western Frisian,Eurasia,Indo-European,5.86091,53.143,467000,other
taste_group,-6.6616898200504995,0.00856555621078967,converged,-6.956479727551163,0.2652049549913084,tain1252,converged,-0.2947899075006637,-1.1109757442510428,Tai Nüa,Eurasia,Tai-Kadai,99.722,21.7837,647400,other
ice_group,-7.612487188014121,0.01790479757416687,converged,-8.202524360229503,0.5307844140848008,busa1253,converged,-0.5900371722153821,-1.1110005161604823,Busa,Africa,Mande,4.39929,9.91074,40000,hunter-gatherer
taste_group,-6.6616898200504995,0.00856555621078967,converged,-6.729702970040931,0.060552331047225766,hind1270,converged,-0.06801314999043129,-1.1121408301485667,Hindustani,Eurasian,Indo-European,78.91266666666667,20.558666666666667,415206010,other
snow_group,-7.416197459846801,0.016251105602529504,converged,-7.541190189454957,0.11119760534860104,hebr1245,converged,-0.12499272960815588,-1.11224425146646,Modern Hebrew,Eurasia,Afro-Asiatic,35.0179,31.1056,4850000,other
ice_group,-7.612487188014121,0.01790479757416687,converged,-8.253900664420138,0.5759711633882292,teop1238,converged,-0.6414134764060169,-1.1130831273681496,Teop,Papunesia,Austronesian,154.971,-5.67474,5000,other
rain_group,-6.603067545596872,0.011688275163570797,converged,-6.950693754139016,0.31168297375198495,east2387,converged,-0.34762620854214443,-1.114536448181107,East Limba,Africa,Atlantic-Congo,-11.7496,9.71107,4600,other
snow_group,-7.416197459846801,0.016251105602529504,converged,-7.868264933389034,0.4052650473676647,cent1990,converged,-0.4520674735422334,-1.1145901940934333,Central Nicobarese,Eurasia,Austroasiatic,93.3921,7.94812,10100,other
dance_group,-7.253315279651133,0.017805314144472898,converged,-7.8248888536127215,0.5117976343669104,west2443,converged,-0.5715735739615884,-1.116120813773515,Western Victoria,Australia,Pama-Nyungan,143.6694397,-34.13829932,2000,hunter-gatherer
rain_group,-6.603067545596872,0.011688275163570797,converged,-6.983419220694775,0.34052808167388277,teop1238,converged,-0.380351675097903,-1.1162892006820497,Teop,Papunesia,Austronesian,154.971,-5.67474,5000,other
rain_group,-6.603067545596872,0.011688275163570797,converged,-6.779738859181047,0.15750748242411897,cent1972,converged,-0.17667131358417532,-1.1185936369330347,Central Kurdish,Eurasia,Indo-European,45.8077,35.6539,3712000,other
ice_group,-7.612487188014121,0.01790479757416687,converged,-8.260520862206848,0.5759707790924916,nenn1238,converged,-0.6480336741927264,-1.1245723017218734,Nen,Papunesia,Yam,142.032,-8.62183,250,other
taste_group,-6.6616898200504995,0.00856555621078967,converged,-6.9476001080124075,0.2537240968565473,braz1246,converged,-0.285910287961908,-1.1262134961598653,Brazilian Portuguese,Eurasia,Indo-European,-8.1,39.91,227062512,other
rain_group,-6.603067545596872,0.011688275163570797,converged,-6.995870819352954,0.34850850341678336,shos1248,converged,-0.3928032737560825,-1.12646476097035,Shoshoni,North America,Uto-Aztecan,244,41,2910,hunter-gatherer
dance_group,-7.253315279651133,0.017805314144472898,converged,-7.665723927857284,0.36512680468425635,moro1292,converged,-0.4124086482061511,-1.1281537314113914,Moroccan Arabic,Africa,Afro-Asiatic,-7.5,32.5,20140000,other
ice_group,-7.612487188014121,0.01790479757416687,converged,-8.262584875203135,0.5759706597978865,awap1236,converged,-0.6500976871890138,-1.1281543426147977,Awa,Papunesia,Nuclear Trans New Guinea,145.714,-6.65534,2050,other
taste_group,-6.6616898200504995,0.00856555621078967,converged,-6.880893822459764,0.19410729165303253,yaga1260,converged,-0.2192040024092643,-1.1281950638065286,Yagaria,Papunesia,Nuclear Trans New Guinea,145.388,-6.32432,21100,other
wind_group,-5.9578521923046734,0.008998002000740201,converged,-6.029687104025827,0.06300509930070793,nucl1310,converged,-0.07183491172115364,-1.1286922176042715,Burmese,Eurasia,Sino-Tibetan,93.9665,20.7926,32300000,other
taste_group,-6.6616898200504995,0.00856555621078967,converged,-6.901418711984897,0.21186108760108033,esse1265,converged,-0.23972889193439784,-1.1306144291776352,Essex,Eurasia,Indo-European,-1,53,1832751,other
ice_group,-7.612487188014121,0.01790479757416687,converged,-8.264113491463544,0.5759705716063745,rong1269,converged,-0.6516263034494223,-1.1308072170368393,Rongga,Papunesia,Austronesian,120.702,-8.84604,2120,other
rain_group,-6.603067545596872,0.011688275163570797,converged,-7.0337683059018525,0.38020151482032133,libe1247,converged,-0.4307007603049806,-1.1322873849313002,Liberia Kpelle,Africa,Mande,-9.96128,6.92048,487000,other
smell_group,-6.4695167475009825,0.009740427525109643,converged,-6.715422077878944,0.2164836980991021,carr1249,converged,-0.24590533037796192,-1.1347588715201888,Central Carrier,North America,Athabaskan-Eyak-Tlingit,235.672,54.3768,2060,hunter-gatherer
smell_group,-6.4695167475009825,0.009740427525109643,converged,-6.8153305521089464,0.30454468805749063,mund1320,converged,-0.34581380460796396,-1.1349305333651984,Mundari,Eurasia,Austroasiatic,85.85,23.03,1560280,other
wind_group,-5.9578521923046734,0.008998002000740201,converged,-6.161370952827775,0.17869138817414157,kips1239,converged,-0.20351876052310125,-1.1374987271867858,Kipsigis,Africa,Nilotic,35.258532,-0.35774,471000,other
snow_group,-7.416197459846801,0.016251105602529504,converged,-7.8776588283470295,0.40526454795541245,sora1254,converged,-0.46146136850022845,-1.1377526125981632,Sora,Eurasia,Austroasiatic,84.19,19.1213,310000,other
ice_group,-7.612487188014121,0.01790479757416687,converged,-8.26822250780921,0.5759703352091331,nucl1696,converged,-0.6557353197950881,-1.137938312513596,Tangale,Africa,Afro-Asiatic,11.3228,9.75444,130000,other
smell_group,-6.4695167475009825,0.009740427525109643,converged,-6.842770969866796,0.32739009229824567,tali1259,converged,-0.37325422236581307,-1.1395859088676277,Talise,Papunesia,Austronesian,160.231,-9.76764,12500,other
snow_group,-7.416197459846801,0.016251105602529504,converged,-7.58211245202579,0.14453765064965818,soma1255,converged,-0.16591499217898864,-1.1407139328398537,Somali,Africa,Afro-Asiatic,45.152856,4.778704,13742400,other
taste_group,-6.6616898200504995,0.00856555621078967,converged,-6.897893299250717,0.20661370356102135,carr1249,converged,-0.2362034792002179,-1.1422318960235553,Central Carrier,North America,Athabaskan-Eyak-Tlingit,235.672,54.3768,2060,hunter-gatherer
snow_group,-7.416197459846801,0.016251105602529504,converged,-7.719914292067947,0.26534309409728973,kach1280,converged,-0.30371683222114587,-1.1424785923897707,Southern Jinghpaw,Eurasia,Sino-Tibetan,97.3278,25.4634,940000,other
smell_group,-6.4695167475009825,0.009740427525109643,converged,-6.697004605748364,0.19883558260030768,amer1254,converged,-0.2274878582473816,-1.1427300256300046,Latin American Spanish,Eurasia,Indo-European,-1.11788,40.4414,455000000,other
ice_group,-7.612487188014121,0.01790479757416687,converged,-8.114727228287146,0.43911368468781536,moro1292,converged,-0.5022400402730245,-1.142808954249025,Moroccan Arabic,Africa,Afro-Asiatic,-7.5,32.5,20140000,other
smell_group,-6.4695167475009825,0.009740427525109643,converged,-6.882238000687718,0.36094596887555036,shat1244,converged,-0.4127212531867359,-1.1430271889058212,Shatt,Africa,Dajuic,29.7687,10.8525,15000,other
dance_group,-7.253315279651133,0.017805314144472898,converged,-7.892109614651332,0.5585255022913274,phal1254,converged,-0.638794335000199,-1.143134884108216,Palula,Eurasia,Indo-European,71.8421,35.5096,10000,other
smell_group,-6.4695167475009825,0.009740427525109643,converged,-6.619864529616,0.13086015257840566,pidg1254,converged,-0.1503477821150172,-1.1457499350898108,Pidgin Chinook Jargon,North America,Pidgin,235,55,100000,other
dance_group,-7.253315279651133,0.017805314144472898,converged,-7.893736202752161,0.558525362969549,wers1238,converged,-0.6404209231010283,-1.1460459807303354,Wersing,Papunesia,Timor-Alor-Pantar,124.932,-8.33936,3700,other
ice_group,-7.612487188014121,0.01790479757416687,converged,-8.101459524113546,0.42627067750176934,lozi1239,converged,-0.48897233609942425,-1.1460829687529601,Lozi,Africa,Atlantic-Congo,24.7398,-17.7052,694000,other
rain_group,-6.603067545596872,0.011688275163570797,converged,-6.791215919140348,0.16373540732207428,sind1272,converged,-0.18814837354347613,-1.1461834320030766,Sindhi,Eurasia,Indo-European,69,26,21315000,other
taste_group,-6.6616898200504995,0.00856555621078967,converged,-6.851204391700669,0.16502188435643192,mait1250,converged,-0.18951457165016983,-1.1468769312359461,Maithili,Eurasia,Indo-European,86.2211,26.3817,34700000,other
taste_group,-6.6616898200504995,0.00856555621078967,converged,-6.8368910130831635,0.15244884752911464,tokp1240,converged,-0.17520119303266402,-1.1474360175024496,Tok Pisin,Papunesia,Indo-European,147.303,-9.41971,125630,other
ice_group,-7.612487188014121,0.01790479757416687,converged,-8.274091575989987,0.5759699992336628,port1286,converged,-0.6616043879758653,-1.1481239408885013,Daakie,Papunesia,Austronesian,168.046,-16.3083,1300,other
wind_group,-5.9578521923046734,0.008998002000740201,converged,-6.168672289450757,0.18316657852912596,loui1240,converged,-0.21082009714608319,-1.1495884186406113,Louisiana Creole French,North America,Indo-European,269.2525,30.0412,70000,other
taste_group,-6.6616898200504995,0.00856555621078967,converged,-6.962327442434467,0.2610877805707606,yank1247,converged,-0.3006376223839675,-1.1508618378186946,Yankunytjatjara,Australia,Pama-Nyungan,133.577,-26.4064,100,hunter-gatherer
smell_group,-6.4695167475009825,0.009740427525109643,converged,-6.743399875593406,0.23775037282532685,gulf1241,converged,-0.27388312809242343,-1.1510121370465969,Gulf Arabic,Eurasia,Afro-Asiatic,47.5,30.17,2339000,other
taste_group,-6.6616898200504995,0.00856555621078967,converged,-6.951010161090955,0.2504146589289625,chan1310,converged,-0.28932034104045545,-1.1546897294396263,Chantyal,Eurasia,Sino-Tibetan,83.4488,28.684,2000,other
taste_group,-6.6616898200504995,0.00856555621078967,converged,-6.90682334185694,0.21194360996963688,aves1237,converged,-0.24513352180644077,-1.155654451501632,Avestan,Eurasia,Indo-European,62.112,34.217,150000,other
ice_group,-7.612487188014121,0.01790479757416687,converged,-8.051870713304794,0.3797314220594635,ndon1254,converged,-0.4393835252906726,-1.1558061457436237,Ndonga,Africa,Atlantic-Congo,17.35,-17.22,1070000,other
rain_group,-6.603067545596872,0.011688275163570797,converged,-6.837356315855412,0.20185711548248697,ling1263,converged,-0.2342887702585399,-1.1587255089841637,Kinshasa Lingala,Africa,Atlantic-Congo,15.28532,-4.409174,20259660,other
taste_group,-6.6616898200504995,0.00856555621078967,converged,-6.960008686500414,0.2572717448350434,boko1266,converged,-0.29831886644991457,-1.15890559247986,Boko,Africa,Mande,3.71771,10.5189,110000,other
snow_group,-7.416197459846801,0.016251105602529504,converged,-7.834606647156375,0.3606097055664057,maga1263,converged,-0.41840918730957366,-1.1591062328879012,Mag-Anchi Ayta,Papunesia,Austronesian,120.459,15.1954,8200,hunter-gatherer
taste_group,-6.6616898200504995,0.00856555621078967,converged,-6.960258097087475,0.25727172468637954,west2763,converged,-0.2985682770369751,-1.1598745905058465,Western Neo-Aramaic,Eurasia,Afro-Asiatic,36.484,33.8162,15000,other
snow_group,-7.416197459846801,0.016251105602529504,converged,-7.8705090813861505,0.39131088251270213,mala1479,converged,-0.45431162153934945,-1.1599992861822805,Central Malay,Eurasia,Austronesian,103,1.85856,10181000,other
ice_group,-7.612487188014121,0.01790479757416687,converged,-8.229348812006215,0.5307830077736457,sout2789,converged,-0.6168616239920937,-1.1615122379682195,Central Dagaare,Africa,Atlantic-Congo,-2.52265,10.4226,700000,other
ice_group,-7.612487188014121,0.01790479757416687,converged,-8.282668131614853,0.5759695117999073,malo1243,converged,-0.670180943600732,-1.163008363615187,Tamambo,Papunesia,Austronesian,167.16,-15.6835,4000,other
ice_group,-7.612487188014121,0.01790479757416687,converged,-8.08541377115112,0.4062452783711286,mbay1241,converged,-0.4729265831369993,-1.1630114741988182,Mbay,Africa,Central Sudanic,15.7328,8.23066,88300,other
rain_group,-6.603067545596872,0.011688275163570797,converged,-7.062205842034363,0.39455228801365333,cari1275,converged,-0.4591382964374908,-1.1631841336944329,Caribbean Hindustani,South America,Indo-European,304.666832,5.722918,150000,other
smell_group,-6.4695167475009825,0.009740427525109643,converged,-6.5520641620694136,0.07017942840126257,scot1243,converged,-0.08254741456843107,-1.1650656591822306,Scots,Eurasia,Indo-European,-3.710133,55.886945,100000,other
smell_group,-6.4695167475009825,0.009740427525109643,converged,-6.818155525613915,0.2984404896097626,twee1234,converged,-0.34863877811293253,-1.1675803030540737,Tweed-Albert,Australia,Pama-Nyungan,153.286993,-28.028726,210,other
wind_group,-5.9578521923046734,0.008998002000740201,converged,-6.265881065479242,0.2630988036462205,sing1272,converged,-0.3080288731745684,-1.1700885158663075,Singlish,Eurasia,Indo-European,-1,53,5917600,other
wind_group,-5.9578521923046734,0.008998002000740201,converged,-6.182619792470927,0.19181654365719028,tuwa1243,converged,-0.22476760016625352,-1.170497098304461,Tuwali Ifugao,Papunesia,Austronesian,121.113,16.6646,30000,other
ice_group,-7.612487188014121,0.01790479757416687,converged,-7.96460722939776,0.29985398724289364,mand1436,converged,-0.35212004138363895,-1.1722171118042652,Mandinka,Africa,Mande,-15.6539466667,12.8165233333,1346000,other
dance_group,-7.253315279651133,0.017805314144472898,converged,-7.598940445484801,0.2941291289612911,koon1244,converged,-0.34562516583366776,-1.1729325082917277,South-Central Koongo,Africa,Atlantic-Congo,14.4771,-5.57722,5000000,other
rain_group,-6.603067545596872,0.011688275163570797,converged,-7.012378218143873,0.3485068255763999,hida1246,converged,-0.4093106725470008,-1.1738096319586135,Hidatsa,North America,Siouan,258,47.33,100,other
taste_group,-6.6616898200504995,0.00856555621078967,converged,-6.974057634469583,0.26520345360381126,kxoe1243,converged,-0.31236781441908335,-1.177228320487804,Kxoe,Africa,Khoe-Kwadi,22.599835,-16.59051,6590,hunter-gatherer
taste_group,-6.6616898200504995,0.00856555621078967,converged,-6.940850071977352,0.23671653196485087,mara1385,converged,-0.2791602519268528,-1.1785305842497042,Marra,Australia,Mangarrayi-Maran,134.865,-14.7927,100,hunter-gatherer
smell_group,-6.4695167475009825,0.009740427525109643,converged,-6.895639160811786,0.3609440552418934,gami1243,converged,-0.4261224133108037,-1.1801478137971992,Yuwaalaraay-Gamilaraay,Australia,Pama-Nyungan,149.543,-29.9037,100,hunter-gatherer
smell_group,-6.4695167475009825,0.009740427525109643,converged,-6.880506398154893,0.34811174655978255,ataa1240,converged,-0.41098965065391013,-1.1801637337300013,Ata,Papunesia,Austronesian,122.9,9.715,100,hunter-gatherer
taste_group,-6.6616898200504995,0.00856555621078967,converged,-6.916651854136333,0.2156436332432824,yiry1245,converged,-0.2549620340858336,-1.1813988427261968,Yir-Yoront,Australia,Pama-Nyungan,141.767,-15.1117,100,hunter-gatherer
rain_group,-6.603067545596872,0.011688275163570797,converged,-6.946796868799383,0.2906932095375407,mala1479,converged,-0.3437293232025107,-1.181492355991633,Central Malay,Eurasia,Austronesian,103,1.85856,10181000,other
wind_group,-5.9578521923046734,0.008998002000740201,converged,-6.240336789294508,0.23868553362598766,luxe1241,converged,-0.28248459698983464,-1.182661051455955,Moselle Franconian,Eurasia,Indo-European,6.14931,49.6839,320000,other
dance_group,-7.253315279651133,0.017805314144472898,converged,-7.819213529730129,0.4781110352917586,kati1270,converged,-0.5658982500789955,-1.1827926924489331,Katë,Eurasia,Indo-European,70.9826,35.4145,19400,other
ice_group,-7.612487188014121,0.01790479757416687,converged,-8.294656126158642,0.5759688374496565,akaw1239,converged,-0.6821689381445211,-1.1838132910566568,Akawaio-Ingariko,South America,Cariban,299.138,6.16277,5350,hunter-gatherer
wind_group,-5.9578521923046734,0.008998002000740201,converged,-6.252169896377129,0.24787706062811377,mund1320,converged,-0.29431770407245583,-1.1865720136457714,Mundari,Eurasia,Austroasiatic,85.85,23.03,1560280,other
smell_group,-6.4695167475009825,0.009740427525109643,converged,-6.801198498201139,0.2790174314717485,yaqu1251,converged,-0.3316817507001568,-1.18802551089312,Yaqui,North America,Uto-Aztecan,249.319,29.9446,14620,other
dance_group,-7.253315279651133,0.017805314144472898,converged,-7.718278142359867,0.39090311112911685,uppe1395,converged,-0.46496286270873366,-1.1882260927251787,Upper Sorbian,Eurasia,Indo-European,14.4098,51.2403,18000,other
taste_group,-6.6616898200504995,0.00856555621078967,converged,-6.9560999009973585,0.24732036652072675,saaa1240,converged,-0.29441008094685905,-1.1896863769561659,Sa'a,Papunesia,Austronesian,161.467,-9.60258,11500,other
snow_group,-7.416197459846801,0.016251105602529504,converged,-7.899758254709249,0.4052633914062715,mudb1240,converged,-0.48356079486244763,-1.1922430843261118,Mudburra,Australia,Pama-Nyungan,132.329,-16.7694,130,hunter-gatherer
rain_group,-6.603067545596872,0.011688275163570797,converged,-6.810906492412556,0.17375106536408,tokp1240,converged,-0.20783894681568427,-1.1934906485415397,Tok Pisin,Papunesia,Indo-European,147.303,-9.41971,125630,other
smell_group,-6.4695167475009825,0.009740427525109643,converged,-6.819296813216604,0.2929079378128484,luxe1241,converged,-0.34978006571562137,-1.1935041007670821,Moselle Franconian,Eurasia,Indo-European,6.14931,49.6839,320000,other
ice_group,-7.612487188014121,0.01790479757416687,converged,-8.004704655739955,0.32791718690974314,hmon1333,converged,-0.39221746772583366,-1.1943079594887445,Hmong Daw,Eurasia,Hmong-Mien,103.164,21.5461,435400,other
taste_group,-6.6616898200504995,0.00856555621078967,converged,-6.9213315778912055,0.21698701276512178,ulst1239,converged,-0.259641757840706,-1.195646201266174,Ulster,Eurasia,Indo-European,-3.710133,55.886945,2215454,other
smell_group,-6.4695167475009825,0.009740427525109643,converged,-6.8514422482482384,0.3188779660495914,cayu1262,converged,-0.38192550074725595,-1.197158434657965,Cayubaba,South America,isolate_cayu1262,294.51779999999997,-13.2482,1246,other
dance_group,-7.253315279651133,0.017805314144472898,converged,-7.923406864296387,0.5585228609559374,nort2810,converged,-0.6700915846452542,-1.1991475860944192,Northern Grebo,Africa,Kru,-8.1409,5.17103,84500,other
ice_group,-7.612487188014121,0.01790479757416687,converged,-7.992349189733875,0.31610920651403424,monn1252,converged,-0.3798620017197534,-1.1997566511055138,Mon,Eurasia,Austroasiatic,98.122465,15.49394,851000,other
dance_group,-7.253315279651133,0.017805314144472898,converged,-7.5028166868791395,0.20699863069120808,lith1251,converged,-0.2495014072280064,-1.2008943487158381,Lithuanian,Eurasia,Indo-European,23.9601,55.1429,2960000,other
taste_group,-6.6616898200504995,0.00856555621078967,converged,-7.041094508995849,0.31568957114801804,orok1267,converged,-0.37940468894534973,-1.2013862460454874,Orokolo,Papunesia,Eleman,145.34,-7.81309,13000,hunter-gatherer
dance_group,-7.253315279651133,0.017805314144472898,converged,-7.868682835541694,0.5117942085038033,coas1301,converged,-0.6153675558905611,-1.2016460530504192,Coast Miwok,North America,Miwok-Costanoan,237.006,38.3285,2000,hunter-gatherer
ice_group,-7.612487188014121,0.01790479757416687,converged,-8.066738201738529,0.37752077194391415,tetu1245,converged,-0.45425101372440757,-1.2018967506915046,Tetum,Papunesia,Austronesian,125.528,-9.11217,450000,other
snow_group,-7.416197459846801,0.016251105602529504,converged,-7.903861128228822,0.4052631794853709,yape1248,converged,-0.48766366838202124,-1.202359549881705,Yapese,Papunesia,Austronesian,138.125,9.55811,6590,other
wind_group,-5.9578521923046734,0.008998002000740201,converged,-6.019693775834038,0.050594132042221074,russ1263,converged,-0.06184158352936464,-1.203423762085297,Russian,Eurasia,Indo-European,50,59,135099940,other
smell_group,-6.4695167475009825,0.009740427525109643,converged,-6.718923641443657,0.2068819588117645,aves1237,converged,-0.24940689394267412,-1.204217716745808,Avestan,Eurasia,Indo-European,62.112,34.217,150000,other
wind_group,-5.9578521923046734,0.008998002000740201,converged,-6.150135640327993,0.15932104246560125,cent2050,converged,-0.19228344802331954,-1.2049727785284825,Central Kanuri,Africa,Saharan,13.13,11.8,3240500,other
taste_group,-6.6616898200504995,0.00856555621078967,converged,-6.944783495671714,0.23443181148857387,sana1295,converged,-0.2830936756212141,-1.2067683953933008,Sanaani Arabic,Eurasia,Afro-Asiatic,44.8412,15.6552,7600000,other
wind_group,-5.9578521923046734,0.008998002000740201,converged,-6.12532415593948,0.13837375590539772,akka1240,converged,-0.16747196363480654,-1.2077362880506517,Akkadian,Eurasia,Afro-Asiatic,44.1,33.1,200000,other
ice_group,-7.612487188014121,0.01790479757416687,converged,-8.033855244921195,0.34814086063458666,yuca1254,converged,-0.4213680569070739,-1.2087403239071084,Yucatec Maya,North America,Mayan,271.0433,18.7757,706000,other
smell_group,-6.4695167475009825,0.009740427525109643,converged,-6.533214117464939,0.05177682259718439,beng1280,converged,-0.0636973699639567,-1.2090215509627333,Bengali,Eurasia,Indo-European,90,24,180623600,other
dance_group,-7.253315279651133,0.017805314144472898,converged,-7.63249799224225,0.31250513389698004,rovi1238,converged,-0.3791827125911169,-1.2114000723901521,Roviana,Papunesia,Austronesian,157.408,-8.20493,9870,other
taste_group,-6.6616898200504995,0.00856555621078967,converged,-7.000802960047446,0.2797775910753616,east2387,converged,-0.3391131399969467,-1.2115134829685987,East Limba,Africa,Atlantic-Congo,-11.7496,9.71107,4600,other
smell_group,-6.4695167475009825,0.009740427525109643,converged,-6.90714372399035,0.36094243276012583,west1510,converged,-0.43762697648936744,-1.212015194022716,Western Ojibwa,North America,Algic,257.475,50.5664,10000,hunter-gatherer
rain_group,-6.603067545596872,0.011688275163570797,converged,-6.920497302240987,0.26133672002779534,nucl1706,converged,-0.3174297566441151,-1.2134259249960488,Neo-Mandaic,Eurasia,Afro-Asiatic,48.8128,31.3443,500,other
smell_group,-6.4695167475009825,0.009740427525109643,converged,-6.598737737896683,0.10598228972933879,nava1243,converged,-0.12922099039570067,-1.2141526236548033,Navajo,North America,Athabaskan-Eyak-Tlingit,250.62,36.33,149000,other
ice_group,-7.612487188014121,0.01790479757416687,converged,-8.3121513791494,0.5759678676975358,sout2856,converged,-0.6996641911352786,-1.2141760136468462,Nafsan,Papunesia,Austronesian,168.377,-17.7006,6000,other
taste_group,-6.6616898200504995,0.00856555621078967,converged,-6.94684672669201,0.23443167392715134,gulf1241,converged,-0.28515690664151094,-1.2155642246789058,Gulf Arabic,Eurasia,Afro-Asiatic,47.5,30.17,2339000,other
snow_group,-7.416197459846801,0.016251105602529504,converged,-7.909402524609218,0.4052628946386554,boko1266,converged,-0.4932050647624173,-1.216022997517244,Boko,Africa,Mande,3.71771,10.5189,110000,other
wind_group,-5.9578521923046734,0.008998002000740201,converged,-6.278460160288763,0.26309682534646367,midl1243,converged,-0.3206079679840892,-1.2178810221705378,Midland American English,Eurasia,Indo-European,-1,53,60783913,other
smell_group,-6.4695167475009825,0.009740427525109643,converged,-6.782847307204754,0.25677480146972137,mung1266,converged,-0.3133305597037719,-1.2193773086054784,Mungaka,Africa,Atlantic-Congo,10.0294,5.89752,50100,other
wind_group,-5.9578521923046734,0.008998002000740201,converged,-6.228848574071368,0.22127220729739933,nyan1307,converged,-0.27099638176669494,-1.2237081134585897,Nyankole,Africa,Atlantic-Congo,30.548,-0.46364,2330000,other
ice_group,-7.612487188014121,0.01790479757416687,converged,-8.194162384261523,0.47389169594057906,nyol1238,converged,-0.5816751962474012,-1.2265681593719187,Nyole,Africa,Atlantic-Congo,33.9181,0.88072,341000,other
dance_group,-7.253315279651133,0.017805314144472898,converged,-7.711220240634662,0.3725762964908743,sume1241,converged,-0.4579049609835293,-1.2276222739102167,Sumerian,Eurasia,isolate_sume1241,45.6667,31.3,1150000,other
taste_group,-6.6616898200504995,0.00856555621078967,converged,-7.012682088966474,0.285562331096806,vlaa1240,converged,-0.35099226891597457,-1.2285740768201543,Western Flemish,Eurasia,Indo-European,3.11345,51.0754,6132000,other
ice_group,-7.612487188014121,0.01790479757416687,converged,-8.321161987153754,0.5759673748239222,sele1250,converged,-0.7086747991396329,-1.2298138008232544,Selepet,Papunesia,Nuclear Trans New Guinea,147.234,-6.03532,7000,other
ice_group,-7.612487188014121,0.01790479757416687,converged,-8.265638481563938,0.5307811642826293,nanc1247,converged,-0.6531512935498167,-1.2298477050526986,Nancowry,Eurasia,Austroasiatic,93.3921,7.94812,930,other
dance_group,-7.253315279651133,0.017805314144472898,converged,-7.703100350496952,0.36512509493296946,iqui1243,converged,-0.4497850708458193,-1.2304035782888056,Iquito,South America,Zaparoan,286.02954,-3.31233,100,other
smell_group,-6.4695167475009825,0.009740427525109643,converged,-6.884736722599007,0.3370426828195178,tean1237,converged,-0.4152199750980241,-1.2314365824530085,Teanu,Papunesia,Austronesian,166.868,-11.6752,520,other
taste_group,-6.6616898200504995,0.00856555621078967,converged,-6.994590921166932,0.2696574062397913,tere1278,converged,-0.33290110111643223,-1.2339111540327263,Terei,Papunesia,South Bougainville,155.745,-6.70051,26500,other
taste_group,-6.6616898200504995,0.00856555621078967,converged,-6.8854974521159384,0.18074217603158726,sgaw1245,converged,-0.22380763206543897,-1.2368819151894457,S'gaw Karen,Eurasia,Sino-Tibetan,97.7126,17.9872,1480000,other
wind_group,-5.9578521923046734,0.008998002000740201,converged,-6.226268017219469,0.21674487837989245,sici1248,converged,-0.2684158249147952,-1.2373294680561608,Sicilian,Eurasia,Indo-European,14.0414,37.5735,4830000,other
dance_group,-7.253315279651133,0.017805314144472898,converged,-7.846985076885936,0.4781090727680667,oksa1245,converged,-0.5936697972348028,-1.2408435193472693,Oksapmin,Papunesia,Nuclear Trans New Guinea,142.177,-5.20797,8000,other
ice_group,-7.612487188014121,0.01790479757416687,converged,-8.271499340469624,0.5307808727787696,mang1401,converged,-0.659012152455503,-1.2408840584315683,Mangareva,Papunesia,Austronesian,225.03,-23.1095,1600,hunter-gatherer
dance_group,-7.253315279651133,0.017805314144472898,converged,-8.03499446374567,0.628728182700586,lopi1242,converged,-0.7816791840945374,-1.2427722207104441,Lopit,Africa,Nilotic,32.7534,4.6986,50000,other
rain_group,-6.603067545596872,0.011688275163570797,converged,-6.87497583551997,0.2173905212441518,nucl1302,converged,-0.2719082899230978,-1.2489786616996374,Georgian,Eurasia,Kartvelian,43.78613,41.850397,4016300,other
smell_group,-6.4695167475009825,0.009740427525109643,converged,-6.813373895571415,0.2751057409584658,kili1268,converged,-0.3438571480704322,-1.249126320511146,Kiliwa,North America,Cochimi-Yuman,244.877,30.5471,100,hunter-gatherer
ice_group,-7.612487188014121,0.01790479757416687,converged,-8.332389796662639,0.5759667668525457,araw1276,converged,-0.7199026086485176,-1.2492995349618876,Lokono,South America,Arawakan,303.0757,5.64295,2450,other
taste_group,-6.6616898200504995,0.00856555621078967,converged,-6.957815357088637,0.23671537836391046,bamb1269,converged,-0.2961255370381375,-1.2501589976186138,Bambara,Africa,Mande,-7.65,12.9,2772040,other
rain_group,-6.603067545596872,0.011688275163570797,converged,-6.960708599121879,0.28554542026790297,chan1313,converged,-0.35764105352500675,-1.251435975506118,Chang Naga,Eurasia,Sino-Tibetan,94.9536,26.4336,60900,other
wind_group,-5.9578521923046734,0.008998002000740201,converged,-6.259406939302315,0.2407896123350424,araw1276,converged,-0.30155474699764184,-1.2514842957388246,Lokono,South America,Arawakan,303.0757,5.64295,2450,other
dance_group,-7.253315279651133,0.017805314144472898,converged,-8.041511403469206,0.6287276102593845,bord1248,converged,-0.7881961238180732,-1.2531344805191205,Border Kuna,South America,Chibchan,282.8336,7.92993,1200,hunter-gatherer
snow_group,-7.416197459846801,0.016251105602529504,converged,-7.688037188572072,0.2158465803457382,sind1272,converged,-0.2718397287252712,-1.2558573491099914,Sindhi,Eurasia,Indo-European,69,26,21315000,other
snow_group,-7.416197459846801,0.016251105602529504,converged,-7.926580242022505,0.4052620216078391,toar1246,converged,-0.5103827821757037,-1.2583782687129783,Toaripi,Papunesia,Eleman,146.206,-8.07231,23000,hunter-gatherer
ice_group,-7.612487188014121,0.01790479757416687,converged,-8.338635067093147,0.5759664316216834,tang1348,converged,-0.7261478790790257,-1.260138141249158,Tangga,Papunesia,Austronesian,153.611,-4.08824,5800,other
ice_group,-7.612487188014121,0.01790479757416687,converged,-8.213975570168213,0.4738908574910044,kamb1297,converged,-0.6014883821540913,-1.2683501136079083,Kamba,Africa,Atlantic-Congo,37.9532,-1.60827,3960000,other
smell_group,-6.4695167475009825,0.009740427525109643,converged,-6.742019378520132,0.21406015897039316,caju1236,converged,-0.2725026310191492,-1.2717030361962636,Cajun French,North America,Indo-European,268.3867,29.6869,17200,other
ice_group,-7.612487188014121,0.01790479757416687,converged,-8.110858989388792,0.3913133299182969,toke1240,converged,-0.4983718013746703,-1.2722565024867765,Tokelau,Papunesia,Austronesian,188.219167,-9.227642,3250,hunter-gatherer
ice_group,-7.612487188014121,0.01790479757416687,converged,-8.345882458942981,0.5759660452145043,urip1240,converged,-0.7333952709288596,-1.2727159295722905,Uripiv,Papunesia,Austronesian,167.34643,-16.00951,351,other
snow_group,-7.416197459846801,0.016251105602529504,converged,-7.775655153446385,0.2813821062057858,sgaw1245,converged,-0.3594576935995839,-1.2753465101920003,S'gaw Karen,Eurasia,Sino-Tibetan,97.7126,17.9872,1480000,other
rain_group,-6.603067545596872,0.011688275163570797,converged,-7.072889774346302,0.36803666415690295,egyp1246,converged,-0.4698222287494298,-1.2759203697935737,Egyptian,Africa,Afro-Asiatic,30.834959,28.381735,1500000,other
snow_group,-7.416197459846801,0.016251105602529504,converged,-7.876907610747855,0.3606079293575408,cham1312,converged,-0.46071015090105405,-1.2762975782008836,Chamorro,Papunesia,Austronesian,144.74474,13.438011,76700,other
snow_group,-7.416197459846801,0.016251105602529504,converged,-7.817770452965512,0.31394015585977125,caju1236,converged,-0.40157299311871064,-1.2774283072438495,Cajun French,North America,Indo-European,268.3867,29.6869,17200,other
wind_group,-5.9578521923046734,0.008998002000740201,converged,-6.221903121698543,0.2065004070606304,bisl1239,converged,-0.26405092939386954,-1.2774822881013197,Bislama,Papunesia,Indo-European,166.89,-15.4,1200,other
rain_group,-6.603067545596872,0.011688275163570797,converged,-6.772170385767245,0.13179612371293242,east2295,converged,-0.16910284017037291,-1.2780477937098058,Eastern Yiddish,Eurasia,Indo-European,19.42,51.75,401947,other
wind_group,-5.9578521923046734,0.008998002000740201,converged,-6.176251497609302,0.1706347943474599,aves1237,converged,-0.21839930530462848,-1.2781466083219952,Avestan,Eurasia,Indo-European,62.112,34.217,150000,other
smell_group,-6.4695167475009825,0.009740427525109643,converged,-6.931444195955977,0.36093906639635975,nugu1241,converged,-0.4619274484549942,-1.2793276786080614,Nugunu,Australia,Pama-Nyungan,133.908,-31.9899,100,hunter-gatherer
smell_group,-6.4695167475009825,0.009740427525109643,converged,-6.570184561772145,0.0780365579417546,nucl1235,converged,-0.10066781427116211,-1.2800753149174857,Eastern Armenian,Eurasia,Indo-European,45,40,4684400,other
wind_group,-5.9578521923046734,0.008998002000740201,converged,-6.168109408006703,0.1637677804284347,gras1249,converged,-0.21025721570202993,-1.2819406173252752,Grass Koiari,Papunesia,Koiarian,147.437,-9.51218,1700,other
ice_group,-7.612487188014121,0.01790479757416687,converged,-8.351679296962883,0.5759657381553277,beng1286,converged,-0.7391921089487621,-1.2827763014444962,Beng,Africa,Mande,-4.23539,7.78122,17000,other
taste_group,-6.6616898200504995,0.00856555621078967,converged,-6.987413699449196,0.2537209945005753,kwom1262,converged,-0.32572387939869696,-1.2830566957005545,Kwoma,Papunesia,Sepik,142.664,-4.08721,3000,hunter-gatherer
taste_group,-6.6616898200504995,0.00856555621078967,converged,-6.776123836516933,0.08876072762778502,minn1241,converged,-0.1144340164664337,-1.2832800628895547,Min Nan Chinese,Eurasia,Sino-Tibetan,118.17,24.5,40700000,other
snow_group,-7.416197459846801,0.016251105602529504,converged,-7.936941036636654,0.4052615022403591,saba1279,converged,-0.5207435767898527,-1.2839250498614816,Sabaic,Eurasia,Afro-Asiatic,45.35,15.42,2590000,other
rain_group,-6.603067545596872,0.011688275163570797,converged,-7.132553442934999,0.41178288938313107,calo1236,converged,-0.5294858973381267,-1.2853198636057566,Caló,Eurasia,Indo-European,0.6,41.424,460000,other
smell_group,-6.4695167475009825,0.009740427525109643,converged,-6.810368043602848,0.26499563593096254,clas1250,converged,-0.3408512961018655,-1.2853844577053875,Classical Nahuatl,North America,Uto-Aztecan,263.03,19.72,5500000,other
ice_group,-7.612487188014121,0.01790479757416687,converged,-7.975552504517215,0.2818858728381016,lush1249,converged,-0.3630653165030937,-1.2853965467653639,Mizo,Eurasia,Sino-Tibetan,92.6247,22.6138,541750,other
ice_group,-7.612487188014121,0.01790479757416687,converged,-8.353502918030438,0.575965641925346,izon1238,converged,-0.7410157300163167,-1.2859411844591648,Izon,Africa,Ijoid,5.51702,5.17986,1000000,other
taste_group,-6.6616898200504995,0.00856555621078967,converged,-6.896708536543925,0.18221754016961741,mikm1235,converged,-0.23501871649342565,-1.2883473615935916,Mi'kmaq,North America,Algic,296,46,9290,hunter-gatherer
taste_group,-6.6616898200504995,0.00856555621078967,converged,-6.928527969254795,0.20661222101807894,plat1254,converged,-0.26683814920429594,-1.2903841611492952,Plateau Malagasy,Africa,Austronesian,47.1211,-19.5907,7520000,other
rain_group,-6.603067545596872,0.011688275163570797,converged,-7.135289762195338,0.41178255267609465,west1510,converged,-0.5322222165984662,-1.2919632972119788,Western Ojibwa,North America,Algic,257.475,50.5664,10000,hunter-gatherer
dance_group,-7.253315279651133,0.017805314144472898,converged,-7.915135919970644,0.5117907348933148,lari1255,converged,-0.6618206403195108,-1.2923650975581247,Larike-Wakasihu,Papunesia,Austronesian,127.956,-3.76522,12600,other
snow_group,-7.416197459846801,0.016251105602529504,converged,-7.725564360186274,0.2385741703797756,akka1240,converged,-0.309366900339473,-1.2937345861222755,Akkadian,Eurasia,Afro-Asiatic,44.1,33.1,200000,other
dance_group,-7.253315279651133,0.017805314144472898,converged,-7.628895137963044,0.28919359613314416,nucl1302,converged,-0.37557985831191054,-1.2962597421922855,Georgian,Eurasia,Kartvelian,43.78613,41.850397,4016300,other
ice_group,-7.612487188014121,0.01790479757416687,converged,-8.361005468411008,0.5759652478667882,tari1263,converged,-0.7485182803968868,-1.2989618209248823,Tarifiyt-Beni-Iznasen-Eastern Middle Atlas Berber,Africa,Afro-Asiatic,-3.430616,34.916974,1500000,other
snow_group,-7.416197459846801,0.016251105602529504,converged,-7.670137707950052,0.19480707042818418,tahi1242,converged,-0.2539402481032509,-1.2990351339862718,Tahitian,Papunesia,Austronesian,210.55,-17.6485,124260,other
dance_group,-7.253315279651133,0.017805314144472898,converged,-7.794184466508281,0.415948075373163,casi1235,converged,-0.5408691868571482,-1.2991388916690154,Casiguran-Nagtipunan Agta,Papunesia,Austronesian,121.878,16.2176,610,hunter-gatherer
taste_group,-6.6616898200504995,0.00856555621078967,converged,-7.0186083100180205,0.27449586339680415,paam1238,converged,-0.35691848996752107,-1.2996365076049001,Paama,Papunesia,Austronesian,168.23693,-16.47548,6000,other
snow_group,-7.416197459846801,0.016251105602529504,converged,-7.910466980964267,0.37951068822259804,bang1354,converged,-0.4942695211174657,-1.3011938757570625,Bobangi,Africa,Atlantic-Congo,17.227,-0.87437,111300,other
taste_group,-6.6616898200504995,0.00856555621078967,converged,-6.864036390301729,0.15510441490765817,slov1268,converged,-0.2023465702512297,-1.30259813763976,Slovenian,Eurasia,Indo-European,14.7766,46.2543,1851190,other
ice_group,-7.612487188014121,0.01790479757416687,converged,-8.02490769894105,0.3159434133133467,vend1245,converged,-0.41242051092692833,-1.303270843848242,Venda,Africa,Atlantic-Congo,29.9523,-22.188,1064000,other
dance_group,-7.253315279651133,0.017805314144472898,converged,-7.4218865708464365,0.12811116977296239,nucl1301,converged,-0.16857129119530345,-1.303293170074223,Turkish,Eurasia,Turkic,32.8667,39.8667,47644500,other
smell_group,-6.4695167475009825,0.009740427525109643,converged,-6.940100727473796,0.3609378868163053,lyci1241,converged,-0.47058397997281354,-1.3033065663594465,Lycian A,Eurasia,Indo-European,29.764,36.517,200000,other
dance_group,-7.253315279651133,0.017805314144472898,converged,-7.658926909859843,0.31040971037063453,taus1251,converged,-0.4056116302087096,-1.3045532317929351,Tausug,Papunesia,Austronesian,118.88,5.12236,1050000,other
ice_group,-7.612487188014121,0.01790479757416687,converged,-8.36581612154646,0.575964996746489,ayiw1239,converged,-0.7533289335323392,-1.307310689821646,Äiwoo,Papunesia,Austronesian,166.328715,-10.282595,8400,other
snow_group,-7.416197459846801,0.016251105602529504,converged,-7.947275598700683,0.4052609895201132,agus1235,converged,-0.5310781388538821,-1.3094071969065404,Agusan Manobo,Papunesia,Austronesian,125.742,8.62731,60000,other
ice_group,-7.612487188014121,0.01790479757416687,converged,-8.10893790038894,0.3783123399514365,pula1263,converged,-0.4964507123748181,-1.3108100915778396,Pulaar,Africa,Atlantic-Congo,-13.4482,13.8694,3691000,other
snow_group,-7.416197459846801,0.016251105602529504,converged,-7.9148666534393275,0.37951049205133935,bisl1239,converged,-0.4986691935925265,-1.3127769522442314,Bislama,Papunesia,Indo-European,166.89,-15.4,1200,other
taste_group,-6.6616898200504995,0.00856555621078967,converged,-6.835186113662009,0.1316551921763758,dako1258,converged,-0.17349629361150942,-1.315027979886184,Dakota,North America,Siouan,263.42,45.86,19280,hunter-gatherer
ice_group,-7.612487188014121,0.01790479757416687,converged,-8.23810554740408,0.47388985854524784,mota1237,converged,-0.6256183593899589,-1.3192354350425264,Mota,Papunesia,Austronesian,167.690924,-13.835361,900,other
taste_group,-6.6616898200504995,0.00856555621078967,converged,-6.971187630341843,0.23443007228945265,osag1243,converged,-0.3094978102913437,-1.3193334053394319,Osage,North America,Siouan,263.7051,36.7828,100,hunter-gatherer
ice_group,-7.612487188014121,0.01790479757416687,converged,-7.940557644689923,0.24757244603053402,tzot1259,converged,-0.3280704566758015,-1.3216973231589597,Tzotzil,North America,Mayan,267.26120000000003,16.6362,4230,other
smell_group,-6.4695167475009825,0.009740427525109643,converged,-6.63502126869775,0.12482617887240013,finn1318,converged,-0.16550452119676784,-1.3218616088898407,Finnish,Eurasia,Uralic,25.5577,64.7628,4739460,other
snow_group,-7.416197459846801,0.016251105602529504,converged,-7.777819074107858,0.27292579475295015,monn1252,converged,-0.36162161426105666,-1.3226388174232446,Mon,Eurasia,Austroasiatic,98.122465,15.49394,851000,other
dance_group,-7.253315279651133,0.017805314144472898,converged,-7.931232641834083,0.5117895683805048,unam1242,converged,-0.6779173621829502,-1.323800859390066,Unami,North America,Algic,285.7,40.4,16000,other
ice_group,-7.612487188014121,0.01790479757416687,converged,-8.315779970714136,0.5307787247263229,kili1268,converged,-0.7032927827000144,-1.3242674312116693,Kiliwa,North America,Cochimi-Yuman,244.877,30.5471,100,hunter-gatherer
dance_group,-7.253315279651133,0.017805314144472898,converged,-7.68385112894713,0.3245820481088682,ndon1254,converged,-0.430535849295997,-1.3244402363755325,Ndonga,Africa,Atlantic-Congo,17.35,-17.22,1070000,other
taste_group,-6.6616898200504995,0.00856555621078967,converged,-6.823986454147888,0.12218972910775475,ilok1237,converged,-0.16229663409738837,-1.3249831233576275,Iloko,Papunesia,Austronesian,120.993,15.9361,6920000,other
rain_group,-6.603067545596872,0.011688275163570797,converged,-7.107193442765526,0.3801931799909853,sing1272,converged,-0.5041258971686542,-1.3253468494651166,Singlish,Eurasia,Indo-European,-1,53,5917600,other
snow_group,-7.416197459846801,0.016251105602529504,converged,-7.778199989286699,0.27191878266616726,here1253,converged,-0.36200252943989764,-1.3289179655313021,Herero,Africa,Atlantic-Congo,20.5655,-21.0231,237000,other
taste_group,-6.6616898200504995,0.00856555621078967,converged,-6.9801221373339715,0.23913170196255745,hooo1248,converged,-0.318432317283472,-1.330765565240975,Ho,Eurasia,Austroasiatic,87.1188,23.9596,1500000,other
snow_group,-7.416197459846801,0.016251105602529504,converged,-7.9561175540813505,0.4052605550372424,ngal1292,converged,-0.5399200942345495,-1.3312090296307333,Ngalkbun,Australia,Gunwinyguan,133.936,-13.9783,100,hunter-gatherer
wind_group,-5.9578521923046734,0.008998002000740201,converged,-6.1444734095085725,0.13986357529260446,dagb1246,converged,-0.18662121720389901,-1.3315561970950027,Dagbani,Africa,Atlantic-Congo,-0.43227,9.64745,800000,other
ice_group,-7.612487188014121,0.01790479757416687,converged,-7.827070741717885,0.16010766878375388,amha1245,converged,-0.21458355370376392,-1.3319426337343578,Amharic,Africa,Afro-Asiatic,39.543456,11.708182,17400000,other
smell_group,-6.4695167475009825,0.009740427525109643,converged,-6.7810777906672755,0.23365857635822412,sanj1284,converged,-0.31156104316629296,-1.3322459181041397,Western Tlacolula Valley Zapotec,North America,Otomanguean,263.4033,17.0332,28000,other
ice_group,-7.612487188014121,0.01790479757416687,converged,-7.929007355682377,0.23665907506059436,akan1250,converged,-0.31652016766825586,-1.333640690010487,Akan,Africa,Atlantic-Congo,-1.33254,6.34756,8300000,other
dance_group,-7.253315279651133,0.017805314144472898,converged,-7.891559188721808,0.4781060345942604,cher1273,converged,-0.6382439090706749,-1.3340174077376485,Cherokee,North America,Iroquoian,276.837,35.4664,16400,other
ice_group,-7.612487188014121,0.01790479757416687,converged,-8.381588107621441,0.5759641818559155,mala1533,converged,-0.76910091960732,-1.3346829388474326,Malacca-Batavia Portuguese Creole,Eurasia,Indo-European,102.262059,2.188087,1000,other
ice_group,-7.612487188014121,0.01790479757416687,converged,-8.323756231712547,0.5307783478056224,wole1240,converged,-0.7112690436984259,-1.3392873077692373,Woleaian,Papunesia,Austronesian,143.916,7.37957,1630,other
wind_group,-5.9578521923046734,0.008998002000740201,converged,-6.118878311747933,0.11983709748704593,bini1246,converged,-0.1610261194432594,-1.3399366029986408,Bini,Africa,Atlantic-Congo,5.70426,6.40701,1000000,other
dance_group,-7.253315279651133,0.017805314144472898,converged,-8.00362927133252,0.5585164562398645,guar1292,converged,-0.7503139916813861,-1.3427232033665653,Guarayu,South America,Tupian,298.3066,-15.8247,5930,other
rain_group,-6.603067545596872,0.011688275163570797,converged,-7.071448748101293,0.3485010433531615,sanz1248,converged,-0.46838120250442117,-1.3432326970906725,Sanzhi,Eurasia,Nakh-Daghestanian,47.5667,41.97796,596000,other
dance_group,-7.253315279651133,0.017805314144472898,converged,-7.9411904062870455,0.5117888560946268,taid1250,converged,-0.6878751266359124,-1.3432477178000042,Tai Dón,Eurasia,Tai-Kadai,103.570496667,21.84898,490000,other
rain_group,-6.603067545596872,0.011688275163570797,converged,-6.813818037763863,0.1564325946303288,dani1285,converged,-0.2107504921669907,-1.343483838739159,Danish,Eurasia,Indo-European,9.36284,54.8655,5471000,other
snow_group,-7.416197459846801,0.016251105602529504,converged,-7.739052241252561,0.23911904978447684,bodo1269,converged,-0.32285478140576007,-1.3470768624284934,Bodo-Mech,Eurasia,Sino-Tibetan,92,26.1,1543300,other
dance_group,-7.253315279651133,0.017805314144472898,converged,-7.8983557695644775,0.47810558312082657,sout2856,converged,-0.6450404899133444,-1.348224466301946,Nafsan,Papunesia,Austronesian,168.377,-17.7006,6000,other
taste_group,-6.6616898200504995,0.00856555621078967,converged,-6.975124860344891,0.23226778353676616,kyak1244,converged,-0.31343504029439195,-1.348538827261113,Kyaka,Papunesia,Nuclear Trans New Guinea,144.119,-5.52462,15400,other
taste_group,-6.6616898200504995,0.00856555621078967,converged,-7.076156636316168,0.30685235409959355,beng1286,converged,-0.4144668162656684,-1.3501784410243798,Beng,Africa,Mande,-4.23539,7.78122,17000,other
rain_group,-6.603067545596872,0.011688275163570797,converged,-6.720950556126515,0.08645868614714937,hebr1245,converged,-0.1178830105296429,-1.3511694305982023,Modern Hebrew,Eurasia,Afro-Asiatic,35.0179,31.1056,4850000,other
ice_group,-7.612487188014121,0.01790479757416687,converged,-8.331223129291532,0.5307779976689305,tivv1240,converged,-0.7187359412774104,-1.3533480285529962,Tiv,Africa,Atlantic-Congo,9.26287,6.88039,2210000,other
dance_group,-7.253315279651133,0.017805314144472898,converged,-7.52594261094212,0.19952583085279688,pidg1254,converged,-0.2726273312909866,-1.3609678722895093,Pidgin Chinook Jargon,North America,Pidgin,235,55,100000,other
dance_group,-7.253315279651133,0.017805314144472898,converged,-8.109602088145685,0.6287218471105396,ying1247,converged,-0.8562868084945521,-1.361402727853026,Yinggarda,Australia,Pama-Nyungan,115.58,-25.4446,100,hunter-gatherer
taste_group,-6.6616898200504995,0.00856555621078967,converged,-6.915364017857879,0.18592795957481048,tuva1244,converged,-0.25367419780737954,-1.3629226636161336,Tuvalu,Papunesia,Austronesian,179.198088,-8.520813,12580,hunter-gatherer
wind_group,-5.9578521923046734,0.008998002000740201,converged,-6.296568405564878,0.24787098926202197,sanz1248,converged,-0.33871621326020485,-1.365602561928916,Sanzhi,Eurasia,Nakh-Daghestanian,47.5667,41.97796,596000,other
wind_group,-5.9578521923046734,0.008998002000740201,converged,-6.043625935789588,0.06212123115628998,mode1248,converged,-0.08577374348491418,-1.3664873809670786,Modern Greek,Eurasia,Indo-European,23.13,38.36,11792480,other
wind_group,-5.9578521923046734,0.008998002000740201,converged,-6.279049070445439,0.23479083750599405,kara1483,converged,-0.3211968781407659,-1.3670093427175287,Karamojong,Africa,Nilotic,34.2761,2.45157,260000,other
wind_group,-5.9578521923046734,0.008998002000740201,converged,-6.253297705478169,0.21571530128181082,kosa1249,converged,-0.29544551317349566,-1.3684185589802793,Kosarek Yale,Papunesia,Nuclear Trans New Guinea,139.645,-4.06603,2300,other
smell_group,-6.4695167475009825,0.009740427525109643,converged,-6.691100906438526,0.1612203677017769,akka1240,converged,-0.22158415893754313,-1.371916297125153,Akkadian,Eurasia,Afro-Asiatic,44.1,33.1,200000,other
rain_group,-6.603067545596872,0.011688275163570797,converged,-7.168240275807394,0.41177856958305,lyci1241,converged,-0.5651727302105218,-1.3719635493226996,Lycian A,Eurasia,Indo-European,29.764,36.517,200000,other
dance_group,-7.253315279651133,0.017805314144472898,converged,-7.508554404210939,0.18429333386368854,finn1318,converged,-0.2552391245598056,-1.3785423477813092,Finnish,Eurasia,Uralic,25.5577,64.7628,4739460,other
ice_group,-7.612487188014121,0.01790479757416687,converged,-8.241396859085373,0.4546531150304906,bisl1239,converged,-0.6289096710712521,-1.3822022433625951,Bislama,Papunesia,Indo-European,166.89,-15.4,1200,other
ice_group,-7.612487188014121,0.01790479757416687,converged,-7.872562761840634,0.1872885677975409,laoo1244,converged,-0.26007557382651303,-1.3823331457699626,Lao,Eurasia,Tai-Kadai,102.46,19,3149000,other
snow_group,-7.416197459846801,0.016251105602529504,converged,-7.978662019015079,0.40525946445721145,mota1237,converged,-0.5624645591682782,-1.3867976386315253,Mota,Papunesia,Austronesian,167.690924,-13.835361,900,other
ice_group,-7.612487188014121,0.01790479757416687,converged,-8.41194670544297,0.5759626490371944,area1240,converged,-0.7994595174288488,-1.3873703540824573,'Are'are,Papunesia,Austronesian,161.158,-9.20699,17900,other
snow_group,-7.416197459846801,0.016251105602529504,converged,-7.979475839055772,0.40525942554684424,kwom1262,converged,-0.5632783792089713,-1.388804304781638,Kwoma,Papunesia,Sepik,142.664,-4.08721,3000,hunter-gatherer
ice_group,-7.612487188014121,0.01790479757416687,converged,-8.004125466494195,0.2811344066627295,sida1246,converged,-0.39163827848007315,-1.3902475517605033,Sidamo,Africa,Afro-Asiatic,38.3729,6.74176,2900000,other
ice_group,-7.612487188014121,0.01790479757416687,converged,-8.414349756331127,0.5759625296817661,tele1256,converged,-0.8018625683170058,-1.39154086153548,Telefol,Papunesia,Nuclear Trans New Guinea,141.731,-5.07444,5400,other
taste_group,-6.6616898200504995,0.00856555621078967,converged,-7.090302007223363,0.3068509607805507,ayiw1239,converged,-0.4286121871728632,-1.396265123387573,Äiwoo,Papunesia,Austronesian,166.328715,-10.282595,8400,other
taste_group,-6.6616898200504995,0.00856555621078967,converged,-6.806740586974099,0.10341281614956806,olde1238,converged,-0.14505076692359964,-1.39785134926628,Old English,Eurasia,Indo-European,-1.31,51.06,2250000,other
wind_group,-5.9578521923046734,0.008998002000740201,converged,-6.248856355177417,0.20793601084890867,moro1292,converged,-0.2910041628727438,-1.3981805471363518,Moroccan Arabic,Africa,Afro-Asiatic,-7.5,32.5,20140000,other
dance_group,-7.253315279651133,0.017805314144472898,converged,-7.405679552644923,0.10748262443328468,afri1274,converged,-0.15236427299378974,-1.3985117857843992,Afrikaans,Africa,Indo-European,30,-22,4849900,other
taste_group,-6.6616898200504995,0.00856555621078967,converged,-7.104125930955941,0.31568300069443056,cher1273,converged,-0.4424361109054411,-1.4010045970916636,Cherokee,North America,Iroquoian,276.837,35.4664,16400,other
snow_group,-7.416197459846801,0.016251105602529504,converged,-7.984807385787325,0.4052591714165693,boko1267,converged,-0.5686099259405237,-1.4019505034081208,Bokobaru,Africa,Mande,3.80058,9.52724,30000,other
taste_group,-6.6616898200504995,0.00856555621078967,converged,-7.01033475409816,0.24731642747853302,sout3283,converged,-0.3486449340476607,-1.4088672691163882,South Yorkshire English,Eurasia,Indo-European,-1,53,1402918,other
wind_group,-5.9578521923046734,0.008998002000740201,converged,-6.152918451738499,0.1380723104439573,mand1436,converged,-0.19506625943382527,-1.4097928358094267,Mandinka,Africa,Mande,-15.6539466667,12.8165233333,1346000,other
taste_group,-6.6616898200504995,0.00856555621078967,converged,-7.08341236863933,0.2989849242682358,atay1247,converged,-0.4217225485888303,-1.4099359391631257,Atayal,Papunesia,Austronesian,121.388,24.5209,84300,other
rain_group,-6.603067545596872,0.011688275163570797,converged,-6.7797093899636005,0.12459659451006141,laoo1244,converged,-0.17664184436672858,-1.4115129147893801,Lao,Eurasia,Tai-Kadai,102.46,19,3149000,other
snow_group,-7.416197459846801,0.016251105602529504,converged,-7.798972036778314,0.2706567889318461,vend1245,converged,-0.38277457693151273,-1.411700963625554,Venda,Africa,Atlantic-Congo,29.9523,-22.188,1064000,other
taste_group,-6.6616898200504995,0.00856555621078967,converged,-6.931397109850073,0.19073799473227115,jewi1240,converged,-0.26970728979957315,-1.4125960816009782,Jewish Babylonian Aramaic,Eurasia,Afro-Asiatic,44.245,32.273,200000,other
rain_group,-6.603067545596872,0.011688275163570797,converged,-7.109550454926604,0.35758369459460065,tuvi1240,converged,-0.5064829093297325,-1.415647758078657,Tuvinian,Eurasia,Turkic,94.36667,51.7,264400,other
ice_group,-7.612487188014121,0.01790479757416687,converged,-8.044483680181978,0.3043213021353083,mait1250,converged,-0.4319964921678565,-1.417090193596734,Maithili,Eurasia,Indo-European,86.2211,26.3817,34700000,other
dance_group,-7.253315279651133,0.017805314144472898,converged,-8.144867666971123,0.6287190129669109,ngan1295,converged,-0.8915523873199902,-1.4174775403513595,Ngandi,Australia,Gunwinyguan,134.649,-12.8448,2000,hunter-gatherer
snow_group,-7.416197459846801,0.016251105602529504,converged,-7.954817423784688,0.3795087496851166,mara1385,converged,-0.5386199639378866,-1.417956280712475,Marra,Australia,Mangarrayi-Maran,134.865,-14.7927,100,hunter-gatherer
rain_group,-6.603067545596872,0.011688275163570797,converged,-7.110724470747987,0.35758358123082,lada1244,converged,-0.5076569251511147,-1.418929646623489,Leh Ladakhi,Eurasia,Sino-Tibetan,80.6013,33.468,150000,other
dance_group,-7.253315279651133,0.017805314144472898,converged,-7.768915353551812,0.36196633879105866,hait1244,converged,-0.5156000739006785,-1.4227218051921369,Haitian,North America,Indo-European,287.863885,18.795135,7489840,other
snow_group,-7.416197459846801,0.016251105602529504,converged,-7.645340471697002,0.15983861303822214,laoo1244,converged,-0.22914301185020136,-1.4262371527906887,Lao,Eurasia,Tai-Kadai,102.46,19,3149000,other
dance_group,-7.253315279651133,0.017805314144472898,converged,-8.150511044525256,0.6287185686364049,nugu1241,converged,-0.8971957648741231,-1.4264509434939074,Nugunu,Australia,Pama-Nyungan,133.908,-31.9899,100,hunter-gatherer
rain_group,-6.603067545596872,0.011688275163570797,converged,-6.996208169628456,0.2752136165184645,nort2697,converged,-0.39314062403158445,-1.427206097996235,North Azerbaijani,Eurasia,Turkic,46.4737,40.97768,6460000,other
taste_group,-6.6616898200504995,0.00856555621078967,converged,-6.990526323079727,0.23021734136560051,turk1304,converged,-0.32883650302922796,-1.42738653130628,Turkmen,Eurasia,Turkic,59.17574,37.08719,5930000,other
snow_group,-7.416197459846801,0.016251105602529504,converged,-7.995309698275635,0.405258674765016,nupe1254,converged,-0.5791122384288343,-1.4278464911354314,Nupe-Nupe-Tako,Africa,Atlantic-Congo,5.40031,9.18404,800000,other
wind_group,-5.9578521923046734,0.008998002000740201,converged,-6.2680683064050235,0.21674088315219495,nyol1238,converged,-0.3102161141003501,-1.4300446062788619,Nyole,Africa,Atlantic-Congo,33.9181,0.88072,341000,other
rain_group,-6.603067545596872,0.011688275163570797,converged,-6.967068391247324,0.2538909725292147,kips1239,converged,-0.36400084565045177,-1.4321727481250826,Kipsigis,Africa,Nilotic,35.258532,-0.35774,471000,other
rain_group,-6.603067545596872,0.011688275163570797,converged,-6.699285813613343,0.06613449894184467,sans1269,converged,-0.09621826801647071,-1.4326846133681614,Sanskrit,Eurasia,Indo-European,77,20,2950,other
rain_group,-6.603067545596872,0.011688275163570797,converged,-7.1309399295114915,0.36803067038938314,bela1254,converged,-0.5278723839146195,-1.43359348292816,Belarusian,Eurasia,Indo-European,25.6038,53.2307,6720000,other
dance_group,-7.253315279651133,0.017805314144472898,converged,-7.645607176644958,0.27269210972128954,anci1244,converged,-0.39229189699382516,-1.4355322453522028,Ancient Hebrew,Eurasia,Afro-Asiatic,35.1725,31.7761,40000,other
ice_group,-7.612487188014121,0.01790479757416687,converged,-8.375364864944354,0.5307759803449753,paam1238,converged,-0.7628776769302323,-1.436470420281998,Paama,Papunesia,Austronesian,168.23693,-16.47548,6000,other
wind_group,-5.9578521923046734,0.008998002000740201,converged,-6.229358318142058,0.1886266514278547,tbol1240,converged,-0.27150612583738454,-1.4377487875791397,Tboli,Papunesia,Austronesian,124.538,6.20377,95300,other
smell_group,-6.4695167475009825,0.009740427525109643,converged,-6.820987063391482,0.24417677436510324,meso1252,converged,-0.3514703158904995,-1.4382653952025282,Gilit Mesopotamian Arabic,Eurasia,Afro-Asiatic,43.1095,33.8178,14600000,other
smell_group,-6.4695167475009825,0.009740427525109643,converged,-6.855512350391936,0.2681215556287234,kwai1243,converged,-0.38599560289095347,-1.438680095840021,Kwaio,Papunesia,Austronesian,160.965,-8.93744,13200,other
dance_group,-7.253315279651133,0.017805314144472898,converged,-8.15916156552061,0.6287178923873695,lyci1241,converged,-0.905846285869476,-1.440205948852296,Lycian A,Eurasia,Indo-European,29.764,36.517,200000,other
dance_group,-7.253315279651133,0.017805314144472898,converged,-8.159259438150183,0.6287178847696515,khwa1238,converged,-0.9059441584990502,-1.4403615740853348,Khwarezmian,Eurasia,Indo-European,60.75,41.68,5000000,other
wind_group,-5.9578521923046734,0.008998002000740201,converged,-6.283010160996368,0.22518088744103182,temi1246,converged,-0.3251579686916948,-1.4428342010620934,Temiar,Eurasia,Austroasiatic,101.438,4.974,25725,other
ice_group,-7.612487188014121,0.01790479757416687,converged,-8.446348814547681,0.5759609673785878,kwam1252,converged,-0.8338616265335599,-1.4470754920746898,Kwamera,Papunesia,Austronesian,169.442,-19.5954,3500,other
ice_group,-7.612487188014121,0.01790479757416687,converged,-8.446348814547681,0.5759609673785878,west2555,converged,-0.8338616265335599,-1.4470754920746898,Western Bukidnon Manobo,Papunesia,Austronesian,124.825,7.6682,19000,other
dance_group,-7.253315279651133,0.017805314144472898,converged,-7.9945986554137205,0.5117851544632883,tuvi1240,converged,-0.7412833757625874,-1.4475510995417058,Tuvinian,Eurasia,Turkic,94.36667,51.7,264400,other
taste_group,-6.6616898200504995,0.00856555621078967,converged,-6.998176753315683,0.23226634097887713,ralu1237,converged,-0.3364869332651832,-1.447727440954231,Raluana,Papunesia,Austronesian,152.114,-4.30986,61000,other
ice_group,-7.612487188014121,0.01790479757416687,converged,-7.773421737494074,0.10955089870834198,hind1270,converged,-0.16093454947995234,-1.4498030796736052,Hindustani,Eurasian,Indo-European,78.91266666666667,20.558666666666667,415206010,other
snow_group,-7.416197459846801,0.016251105602529504,converged,-7.877024378574191,0.3173683899027722,bada1257,converged,-0.4608269187273901,-1.4501253644070256,Badaga,Eurasia,Dravidian,76.5974,11.3094,245000,other
snow_group,-7.416197459846801,0.016251105602529504,converged,-8.004796811869067,0.4052582305834413,cent2292,converged,-0.5885993520222659,-1.4512392993456074,Central Bontoc,Papunesia,Austronesian,120.92,17.08,19600,other
taste_group,-6.6616898200504995,0.00856555621078967,converged,-7.107441417355661,0.30684929873574107,siee1239,converged,-0.44575159730516134,-1.4521070472690576,Sie,Papunesia,Austronesian,169.166,-18.8181,1900,other
smell_group,-6.4695167475009825,0.009740427525109643,converged,-6.555270554508642,0.058211078141718296,russ1263,converged,-0.08575380700765933,-1.4529524110187817,Russian,Eurasia,Indo-European,50,59,135099940,other
dance_group,-7.253315279651133,0.017805314144472898,converged,-7.605640984152236,0.24141291957238006,nort2646,converged,-0.35232570450110323,-1.455478508359036,Northern Pashto,Eurasia,Indo-European,71.33,34,9590000,other
wind_group,-5.9578521923046734,0.008998002000740201,converged,-6.25177076727181,0.20152844089160676,nort2697,converged,-0.2939185749671367,-1.4569955756085078,North Azerbaijani,Eurasia,Turkic,46.4737,40.97768,6460000,other
ice_group,-7.612487188014121,0.01790479757416687,converged,-8.386782906686856,0.5307754728618225,temi1246,converged,-0.7742957186727342,-1.4579715625374303,Temiar,Eurasia,Austroasiatic,101.438,4.974,25725,other
dance_group,-7.253315279651133,0.017805314144472898,converged,-7.3927104654649085,0.09387055315470628,hind1270,converged,-0.1393951858137754,-1.4589589438397508,Hindustani,Eurasian,Indo-European,78.91266666666667,20.558666666666667,415206010,other
dance_group,-7.253315279651133,0.017805314144472898,converged,-7.914463189011695,0.45251018056059955,sadr1248,converged,-0.6611479093605617,-1.4599377393355775,Sadri,Eurasia,Indo-European,84.8114,23.6585,1970000,other
wind_group,-5.9578521923046734,0.008998002000740201,converged,-6.313509695239562,0.24300946973247511,izon1238,converged,-0.3556575029348883,-1.4625518332725886,Izon,Africa,Ijoid,5.51702,5.17986,1000000,other
ice_group,-7.612487188014121,0.01790479757416687,converged,-7.85106632215428,0.16200930156195137,cebu1242,converged,-0.2385791341401582,-1.4637143558850771,Cebuano,Papunesia,Austronesian,124.367,8.38799,15800000,other
ice_group,-7.612487188014121,0.01790479757416687,converged,-8.34346279432608,0.4983804947676416,mung1266,converged,-0.7309756063119579,-1.4657562731827507,Mungaka,Africa,Atlantic-Congo,10.0294,5.89752,50100,other
taste_group,-6.6616898200504995,0.00856555621078967,converged,-6.7589943082310775,0.06565146815133843,iris1253,converged,-0.09730448818057802,-1.4696812671154664,Irish,Eurasia,Indo-European,-7.61509,53.2186,260000,other
rain_group,-6.603067545596872,0.011688275163570797,converged,-6.816802990011435,0.14457616965615053,fili1244,converged,-0.21373544441456271,-1.4735510719816973,Filipino,Papunesia,Austronesian,123.464,12.265,109035343,other
smell_group,-6.4695167475009825,0.009740427525109643,converged,-6.871432338389911,0.27148105921522575,lisu1250,converged,-0.4019155908889287,-1.4795033960708612,Lisu,Eurasia,Sino-Tibetan,98.94,26.91,766000,other
ice_group,-7.612487188014121,0.01790479757416687,converged,-8.286585787911875,0.4546514743796582,hooo1248,converged,-0.6740985998977536,-1.481522700235603,Ho,Eurasia,Austroasiatic,87.1188,23.9596,1500000,other
smell_group,-6.4695167475009825,0.009740427525109643,converged,-6.8371974972188125,0.2479153239787258,bisl1239,converged,-0.36768074971783005,-1.4819466842766802,Bislama,Papunesia,Indo-European,166.89,-15.4,1200,other
ice_group,-7.612487188014121,0.01790479757416687,converged,-8.351986358433209,0.49838014769098954,saba1279,converged,-0.7394991704190872,-1.4828488017637393,Sabaic,Eurasia,Afro-Asiatic,45.35,15.42,2590000,other
taste_group,-6.6616898200504995,0.00856555621078967,converged,-6.838902908688023,0.11861313368494102,finn1318,converged,-0.17721308863752316,-1.490162250518036,Finnish,Eurasia,Uralic,25.5577,64.7628,4739460,other
ice_group,-7.612487188014121,0.01790479757416687,converged,-8.356140556728105,0.49837997960259406,kosa1249,converged,-0.7436533687139839,-1.4911793309200132,Kosarek Yale,Papunesia,Nuclear Trans New Guinea,139.645,-4.06603,2300,other
snow_group,-7.416197459846801,0.016251105602529504,converged,-8.022021359315062,0.40525743483019916,nuer1246,converged,-0.6058238994682608,-1.493710742230259,Nuer,Africa,Nilotic,32.3829,8.13911,804900,other
smell_group,-6.4695167475009825,0.009740427525109643,converged,-6.768489707223355,0.19937281115225414,tang1336,converged,-0.2989729597223727,-1.4977809382782123,East-Central Tangkhul Naga,Eurasia,Sino-Tibetan,94.3567,25.0489,125000,other
rain_group,-6.603067545596872,0.011688275163570797,converged,-6.864772022215711,0.17385044778881237,dzon1239,converged,-0.26170447661883944,-1.5019518829218486,Dzongkha,Eurasia,Sino-Tibetan,89.581604,27.410786,160300,other
ice_group,-7.612487188014121,0.01790479757416687,converged,-8.179140443707704,0.3767671995612792,gras1249,converged,-0.5666532556935824,-1.502292358031537,Grass Koiari,Papunesia,Koiarian,147.437,-9.51218,1700,other
smell_group,-6.4695167475009825,0.009740427525109643,converged,-6.962370953243131,0.3273758065719382,unam1242,converged,-0.4928542057421481,-1.5048033254922153,Unami,North America,Algic,285.7,40.4,16000,other
wind_group,-5.9578521923046734,0.008998002000740201,converged,-6.3015071644455265,0.22808725562029888,akha1245,converged,-0.34365497214085305,-1.5055109930497457,Akha,Eurasia,Sino-Tibetan,100.964,21.2309,563960,other
rain_group,-6.603067545596872,0.011688275163570797,converged,-6.927205726739018,0.21495073339024107,sang1328,converged,-0.3241381811421462,-1.5057405438008817,Sango,Africa,Atlantic-Congo,20.1702,6.78584,5400,other
ice_group,-7.612487188014121,0.01790479757416687,converged,-8.480944195590475,0.5759593336116325,bard1255,converged,-0.8684570075763531,-1.5071162564327154,Bardi,Australia,Nyulnyulan,122.906,-16.6274,380,hunter-gatherer
snow_group,-7.416197459846801,0.016251105602529504,converged,-8.0284601665457,0.40525714086653236,saaa1240,converged,-0.6122627066988997,-1.509587266511406,Sa'a,Papunesia,Austronesian,161.467,-9.60258,11500,other
smell_group,-6.4695167475009825,0.009740427525109643,converged,-6.86584425800627,0.2620690778662872,saba1279,converged,-0.39632751050528725,-1.5112582165086432,Sabaic,Eurasia,Afro-Asiatic,45.35,15.42,2590000,other
snow_group,-7.416197459846801,0.016251105602529504,converged,-7.701868494183331,0.1876896864967338,newa1246,converged,-0.28567103433652985,-1.5163656115767856,Kathmandu Valley Newari,Eurasia,Sino-Tibetan,85.326,27.67,839000,other
ice_group,-7.612487188014121,0.01790479757416687,converged,-8.261700422586351,0.42626529354721315,nuuc1236,converged,-0.6492132345722297,-1.521684474804385,Nuu-chah-nulth,North America,Wakashan,233.33,49.67,7680,hunter-gatherer
ice_group,-7.612487188014121,0.01790479757416687,converged,-8.26196450021297,0.4262652853673638,mans1262,converged,-0.6494773121988491,-1.522303472900566,Mansaka,Papunesia,Austronesian,126.181,6.79221,57800,other
smell_group,-6.4695167475009825,0.009740427525109643,converged,-6.685464701474088,0.14143089962413408,cent1972,converged,-0.21594795397310573,-1.5232713062863497,Central Kurdish,Eurasia,Indo-European,45.8077,35.6539,3712000,other
snow_group,-7.416197459846801,0.016251105602529504,converged,-7.934952300257825,0.3400118433889683,mbuk1240,converged,-0.5187548404110238,-1.5239566925502435,Mbukushu,Africa,Atlantic-Congo,22.5026,-17.6827,35100,other
dance_group,-7.253315279651133,0.017805314144472898,converged,-7.727491345204809,0.31040795439815605,uigh1240,converged,-0.4741760655536762,-1.5250830118057086,Uighur,Eurasia,Turkic,87.38,43.88,8701000,other
ice_group,-7.612487188014121,0.01790479757416687,converged,-8.336948804687731,0.47388600910311846,rend1243,converged,-0.7244616166736098,-1.52767765556168,Rendille,Africa,Afro-Asiatic,37.3608,2.27065,34700,other
wind_group,-5.9578521923046734,0.008998002000740201,converged,-6.351327374679403,0.2563781685006782,hida1246,converged,-0.3934751823747291,-1.5338009183789538,Hidatsa,North America,Siouan,258,47.33,100,other
ice_group,-7.612487188014121,0.01790479757416687,converged,-8.427327588475505,0.5307737169249308,gwer1238,converged,-0.8148404004613834,-1.5343208402428123,Gwere,Africa,Atlantic-Congo,33.8227,1.11392,409000,other
dance_group,-7.253315279651133,0.017805314144472898,converged,-7.795282566272009,0.35267706521435865,kiny1244,converged,-0.541967286620876,-1.534769226624623,Kinyarwanda,Africa,Atlantic-Congo,29.6441,-1.56771,7504000,other
ice_group,-7.612487188014121,0.01790479757416687,converged,-7.928038990916096,0.20480541510842099,pali1273,converged,-0.3155518029019744,-1.534885256252411,Pali,Eurasia,Indo-European,82.251,24.5271,22500000,other
smell_group,-6.4695167475009825,0.009740427525109643,converged,-6.972626130785186,0.32737465928756443,lena1238,converged,-0.5031093832842037,-1.536120246259574,Lenakel,Papunesia,Austronesian,169.261,-19.4763,11500,other
smell_group,-6.4695167475009825,0.009740427525109643,converged,-7.005571889193986,0.3480957926726588,devo1240,converged,-0.5360551416930033,-1.5393619001632175,Devon,Eurasia,Indo-European,-1,53,1194166,other
wind_group,-5.9578521923046734,0.008998002000740201,converged,-6.295618374585495,0.2189129834670962,uppe1395,converged,-0.3377661822808218,-1.5416226846476102,Upper Sorbian,Eurasia,Indo-European,14.4098,51.2403,18000,other
ice_group,-7.612487188014121,0.01790479757416687,converged,-8.22772287283281,0.3982709235698179,raro1241,converged,-0.6152356848186891,-1.543208081934979,Southern Cook Island Maori,Papunesia,Austronesian,200.22,-21.23,32300,other
rain_group,-6.603067545596872,0.011688275163570797,converged,-7.212538544143865,0.3945351781080096,semb1240,converged,-0.6094709985469935,-1.544104942264407,Sembakung Murut,Papunesia,Austronesian,116.799,4.22102,5180,other
snow_group,-7.416197459846801,0.016251105602529504,converged,-7.841522810737714,0.2749026055348735,tulu1258,converged,-0.4253253508909127,-1.5444891950932875,Tulu,Eurasia,Dravidian,75.2651,12.8114,1950000,other
smell_group,-6.4695167475009825,0.009740427525109643,converged,-7.0077373324145364,0.34809553362705425,sing1272,converged,-0.538220584913554,-1.5455814410535196,Singlish,Eurasia,Indo-European,-1,53,5917600,other
wind_group,-5.9578521923046734,0.008998002000740201,converged,-6.187053531561983,0.14794437370214622,bali1278,converged,-0.22920133925730912,-1.5463825183516964,Balinese,Papunesia,Austronesian,115.075,-8.35714,3330000,other
dance_group,-7.253315279651133,0.017805314144472898,converged,-7.954305872589692,0.45250787842480283,wuch1236,converged,-0.7009905929385587,-1.5479256692449015,Wu Chinese,Eurasia,Sino-Tibetan,119.682,29.8621,77200000,other
taste_group,-6.6616898200504995,0.00856555621078967,converged,-7.087367704254394,0.2744901161192835,suss1239,converged,-0.4256778842038944,-1.5500404337052023,Sussex,Eurasia,Indo-European,-1,53,602255,other
wind_group,-5.9578521923046734,0.008998002000740201,converged,-6.299350915835951,0.22006528076728762,mudb1240,converged,-0.3414987235312772,-1.5505109113212856,Mudburra,Australia,Pama-Nyungan,132.329,-16.7694,130,hunter-gatherer
snow_group,-7.416197459846801,0.016251105602529504,converged,-7.839669660147427,0.2724728530110913,gand1255,converged,-0.42347220030062616,-1.551424269906098,Ganda,Africa,Atlantic-Congo,32.15153,0.66884,4130000,other
wind_group,-5.9578521923046734,0.008998002000740201,converged,-6.135280036690759,0.11394220504211648,bulg1262,converged,-0.17742784438608528,-1.552341181264701,Bulgarian,Eurasia,Indo-European,25.047,43.3646,8775000,other
snow_group,-7.416197459846801,0.016251105602529504,converged,-7.561807476955188,0.09228720311273415,west2369,converged,-0.14561001710838717,-1.553884068957418,Western Farsi,Eurasia,Indo-European,53.3,32.9,22472000,other
wind_group,-5.9578521923046734,0.008998002000740201,converged,-6.1626900863094,0.13143716782335513,tigr1271,converged,-0.20483789400472663,-1.554808154049038,Tigrinya,Africa,Afro-Asiatic,38.9266,15.3359,5760000,other
wind_group,-5.9578521923046734,0.008998002000740201,converged,-6.3292599874018745,0.2386746002769893,turk1308,converged,-0.371407795097201,-1.555021516210732,Turkana,Africa,Nilotic,35.7101,4.30688,476200,other
rain_group,-6.603067545596872,0.011688275163570797,converged,-6.905480396006747,0.1940710864105497,kaza1248,converged,-0.3024128504098753,-1.5554396995883593,Kazakh,Eurasia,Turkic,71.454,51.17,7621000,other
smell_group,-6.4695167475009825,0.009740427525109643,converged,-6.755618517236456,0.18365306852516033,trin1276,converged,-0.2861017697354731,-1.5556517849993743,Trinidadian Creole English,South America,Indo-European,298.5829,10.4208,9600,other
ice_group,-7.612487188014121,0.01790479757416687,converged,-8.220246609640725,0.3902101966421107,giry1241,converged,-0.6077594216266036,-1.5558810014177904,Giryama,Africa,Atlantic-Congo,39.6648,-3.30638,623000,other
snow_group,-7.416197459846801,0.016251105602529504,converged,-8.047965687682213,0.40525626180571,yoga1237,converged,-0.631768227835412,-1.557683208706494,Yogad,Papunesia,Austronesian,121.718,16.7015,16000,other
wind_group,-5.9578521923046734,0.008998002000740201,converged,-6.246160772013942,0.1847985202167954,taus1251,converged,-0.2883085797092688,-1.5582777646355261,Tausug,Papunesia,Austronesian,118.88,5.12236,1050000,other
taste_group,-6.6616898200504995,0.00856555621078967,converged,-6.879211860339815,0.1391522771293414,lith1251,converged,-0.21752204028931565,-1.5602411335599653,Lithuanian,Eurasia,Indo-European,23.9601,55.1429,2960000,other
rain_group,-6.603067545596872,0.011688275163570797,converged,-6.973036862902369,0.23657712559783095,mani1292,converged,-0.36996931730549676,-1.5619371766638528,Manipuri,Eurasia,Sino-Tibetan,93.3426,24.4409,1391000,other
ice_group,-7.612487188014121,0.01790479757416687,converged,-8.1992741566578,0.37485419368801215,taus1251,converged,-0.5867869686436791,-1.5635912691087577,Tausug,Papunesia,Austronesian,118.88,5.12236,1050000,other
wind_group,-5.9578521923046734,0.008998002000740201,converged,-6.313190988339933,0.22659927969736257,tosk1239,converged,-0.35533879603525964,-1.5669025039773994,Northern Tosk Albanian,Eurasia,Indo-European,20,41,2915000,other
ice_group,-7.612487188014121,0.01790479757416687,converged,-7.792481243032522,0.11314195444719943,telu1262,converged,-0.17999405501840027,-1.5713154467504602,Telugu,Eurasia,Dravidian,78.7024,16.4529,69600600,other
rain_group,-6.603067545596872,0.011688275163570797,converged,-7.16727795756218,0.35757827500157724,malo1243,converged,-0.5642104119653082,-1.577023198421327,Tamambo,Papunesia,Austronesian,167.16,-15.6835,4000,other
rain_group,-6.603067545596872,0.011688275163570797,converged,-6.822046508533999,0.13810933097460193,goan1235,converged,-0.21897896293712726,-1.5799001289142072,Goan Konkani,Eurasia,Indo-European,74.2098,15.2732,3630000,other
rain_group,-6.603067545596872,0.011688275163570797,converged,-7.0854164702228655,0.30351778046974326,braz1246,converged,-0.48234892462599355,-1.5880178963963956,Brazilian Portuguese,Eurasia,Indo-European,-8.1,39.91,227062512,other
smell_group,-6.4695167475009825,0.009740427525109643,converged,-6.771638942246099,0.18985298636615927,warl1254,converged,-0.3021221947451167,-1.5892578708550906,Warlpiri,Australia,Pama-Nyungan,131.05,-20.1008,2670,hunter-gatherer
snow_group,-7.416197459846801,0.016251105602529504,converged,-8.060903998165783,0.40525568809770834,wikm1247,converged,-0.6447065383189816,-1.5895860608958012,Wik-Mungkan,Australia,Pama-Nyungan,141.81611,-13.98051,840,hunter-gatherer
smell_group,-6.4695167475009825,0.009740427525109643,converged,-6.91441057068016,0.27900717621200855,mali1284,converged,-0.4448938231791777,-1.5935896809384607,Mali,Papunesia,Baining,152.214,-4.71826,2200,other
taste_group,-6.6616898200504995,0.00856555621078967,converged,-6.787234538889007,0.07826736163623468,yuec1235,converged,-0.12554471883850749,-1.5945290033273798,Yue Chinese,Eurasia,Sino-Tibetan,113,23,52025130,other
wind_group,-5.9578521923046734,0.008998002000740201,converged,-6.183740425246513,0.1410641653683614,masa1300,converged,-0.22588823294183946,-1.5980677368979075,Masai,Africa,Nilotic,36.4573,-3.1419,1045000,other
dance_group,-7.253315279651133,0.017805314144472898,converged,-7.632103485087566,0.2362468462077845,slov1268,converged,-0.3787882054364333,-1.5988232973576109,Slovenian,Eurasia,Indo-European,14.7766,46.2543,1851190,other
rain_group,-6.603067545596872,0.011688275163570797,converged,-7.1176284767798395,0.3214583813634372,west2615,converged,-0.5145609311829675,-1.599650709186112,Western Apache,North America,Athabaskan-Eyak-Tlingit,249.877,33.8574,12700,hunter-gatherer
dance_group,-7.253315279651133,0.017805314144472898,converged,-7.538018333034056,0.17698781260571927,cent1989,converged,-0.28470305338292334,-1.6005237297919863,Central Khmer,Eurasia,Austroasiatic,105.015,12.0515,13370400,other
smell_group,-6.4695167475009825,0.009740427525109643,converged,-6.580575126194602,0.06865246832953734,indo1316,converged,-0.11105837869361945,-1.6016492449215707,Standard Indonesian,Papunesia,Austronesian,109.716,-7.33458,43666200,other
wind_group,-5.9578521923046734,0.008998002000740201,converged,-6.3644544284947075,0.2533529340747267,oksa1245,converged,-0.4066022361900341,-1.6038734399656922,Oksapmin,Papunesia,Nuclear Trans New Guinea,142.177,-5.20797,8000,other
rain_group,-6.603067545596872,0.011688275163570797,converged,-6.750796082568851,0.09124949557437444,dutc1256,converged,-0.14772853697197874,-1.605831652947902,Dutch,Eurasia,Indo-European,5,52,21220000,other
dance_group,-7.253315279651133,0.017805314144472898,converged,-7.981609600546107,0.4525063529303712,kuan1247,converged,-0.7282943208949737,-1.6082231061006722,Kuanyama,Africa,Atlantic-Congo,16.58,-17.7176,668000,other
wind_group,-5.9578521923046734,0.008998002000740201,converged,-6.1547030565940775,0.12200635006354887,bora1271,converged,-0.19685086428940402,-1.6090776595021186,Borana-Arsi-Guji Oromo,Africa,Afro-Asiatic,37.882,1.05676,3823600,other
ice_group,-7.612487188014121,0.01790479757416687,converged,-8.540260297867432,0.5759566606294835,lauu1247,converged,-0.9277731098533106,-1.610060609715531,Lau,Papunesia,Austronesian,160.872,-8.51018,16900,other
rain_group,-6.603067545596872,0.011688275163570797,converged,-6.994272820906497,0.24226608542625475,aves1237,converged,-0.3912052753096251,-1.6128992037344116,Avestan,Eurasia,Indo-European,62.112,34.217,150000,other
ice_group,-7.612487188014121,0.01790479757416687,converged,-8.469752499692799,0.5307719542022755,rabh1238,converged,-0.8572653116786775,-1.614211072334621,Rabha,Eurasia,Sino-Tibetan,91.1689,25.8248,50000,other
wind_group,-5.9578521923046734,0.008998002000740201,converged,-6.342149650057013,0.23667740115383154,midd1343,converged,-0.38429745775233926,-1.6225462627991867,Middle High German,Eurasia,Indo-European,10.599,48.254,23000000,other
dance_group,-7.253315279651133,0.017805314144472898,converged,-8.030075257141872,0.4780974129492314,nezp1238,converged,-0.7767599774907392,-1.6235642475321355,Nez Perce,North America,Sahaptian,243.592,46.3073,200,hunter-gatherer
ice_group,-7.612487188014121,0.01790479757416687,converged,-8.086299226854749,0.29106194108915917,nort2646,converged,-0.4738120388406273,-1.6248022198393135,Northern Pashto,Eurasia,Indo-European,71.33,34,9590000,other
ice_group,-7.612487188014121,0.01790479757416687,converged,-8.476637280227209,0.5307716751310668,sora1254,converged,-0.8641500922130874,-1.6271758119677429,Sora,Eurasia,Austroasiatic,84.19,19.1213,310000,other
snow_group,-7.416197459846801,0.016251105602529504,converged,-8.076563788044584,0.4052550035693076,lamb1271,converged,-0.6603663281977834,-1.6281995268322491,Lamba,Africa,Atlantic-Congo,27.9026,-12.3366,219000,other
dance_group,-7.253315279651133,0.017805314144472898,converged,-7.531354522089187,0.16982500838520975,oriy1255,converged,-0.2780392424380542,-1.6282852453459242,Odia,Eurasia,Indo-European,85,21,34463280,other
smell_group,-6.4695167475009825,0.009740427525109643,converged,-6.989006077326602,0.31886257559562553,awap1236,converged,-0.5194893298256194,-1.62843544441746,Awa,Papunesia,Nuclear Trans New Guinea,145.714,-6.65534,2050,other
taste_group,-6.6616898200504995,0.00856555621078967,converged,-6.994136557249175,0.20384856404808785,niue1239,converged,-0.33244673719867546,-1.629413680041891,Niuean,Papunesia,Austronesian,190.14,-19.06,7950,other
snow_group,-7.416197459846801,0.016251105602529504,converged,-7.775621933694673,0.21966045428348505,yoru1245,converged,-0.3594244738478718,-1.631813275818061,Yoruba,Africa,Atlantic-Congo,3.67225,7.15345,18900000,other
wind_group,-5.9578521923046734,0.008998002000740201,converged,-6.092589640626001,0.0820568166855003,soma1255,converged,-0.13473744832132795,-1.6322180081527473,Somali,Africa,Afro-Asiatic,45.152856,4.778704,13742400,other
snow_group,-7.416197459846801,0.016251105602529504,converged,-8.05598111684892,0.39130247824319064,hooo1248,converged,-0.6397836570021198,-1.6336022730471291,Ho,Eurasia,Austroasiatic,87.1188,23.9596,1500000,other
smell_group,-6.4695167475009825,0.009740427525109643,converged,-6.874868195694521,0.24791280433835453,oldc1244,converged,-0.40535144819353874,-1.6337959790513408,Old Chinese,Eurasia,Sino-Tibetan,114.32,36.12,57671400,other
ice_group,-7.612487188014121,0.01790479757416687,converged,-8.481513928519973,0.5307714786176415,gela1263,converged,-0.869026740505852,-1.6363590397018744,Gela,Papunesia,Austronesian,160.186,-9.04587,11900,other
rain_group,-6.603067545596872,0.011688275163570797,converged,-7.115506619173751,0.3116705347531794,gaaa1244,converged,-0.5124390735768793,-1.643014172185362,Ga,Africa,Atlantic-Congo,-0.18598,5.65488,600000,other
dance_group,-7.253315279651133,0.017805314144472898,converged,-7.966525589141302,0.4323184545688005,west2452,converged,-0.7132103094901687,-1.6483362584132473,Western Temne,Africa,Atlantic-Congo,-12.3331,8.90294,240000,other
wind_group,-5.9578521923046734,0.008998002000740201,converged,-6.152464110259905,0.11769490011946597,assa1263,converged,-0.19461191795523192,-1.6487176209709284,Assamese,Eurasia,Indo-European,91.2932,26.0876,16709000,other
rain_group,-6.603067545596872,0.011688275163570797,converged,-6.880354587946436,0.16773879886866472,assy1241,converged,-0.27728704234956414,-1.649089551446371,Assyrian Neo-Aramaic,Eurasia,Afro-Asiatic,43,36.75,108600,other
taste_group,-6.6616898200504995,0.00856555621078967,converged,-7.1234008428813445,0.27976706893831677,yong1270,converged,-0.461711022830845,-1.6495678927863497,Narua,Eurasia,Sino-Tibetan,100.9,27.8,47000,other
rain_group,-6.603067545596872,0.011688275163570797,converged,-6.8209718740863705,0.1307980280985727,czec1258,converged,-0.2179043284894986,-1.659348215695297,Czech,Eurasia,Indo-European,15.10437,49.873398,9282000,other
ice_group,-7.612487188014121,0.01790479757416687,converged,-8.001931448281054,0.23376384629017025,tahi1242,converged,-0.3894442602669326,-1.6611076414817474,Tahitian,Papunesia,Austronesian,210.55,-17.6485,124260,other
dance_group,-7.253315279651133,0.017805314144472898,converged,-7.4471129223880315,0.11524837761354749,nepa1254,converged,-0.19379764273689837,-1.6618488705181569,Nepali,Eurasia,Indo-European,85,28,16903270,other
rain_group,-6.603067545596872,0.011688275163570797,converged,-7.091312739985943,0.2935394139350364,sume1241,converged,-0.4882451943890711,-1.6619866802740055,Sumerian,Eurasia,isolate_sume1241,45.6667,31.3,1150000,other
snow_group,-7.416197459846801,0.016251105602529504,converged,-8.067693025780875,0.39130199804863514,bamb1269,converged,-0.6514955659340735,-1.663509108981767,Bambara,Africa,Mande,-7.65,12.9,2772040,other
ice_group,-7.612487188014121,0.01790479757416687,converged,-8.443494891490541,0.49837660203642764,saaa1240,converged,-0.8310077034764198,-1.6663541788009941,Sa'a,Papunesia,Austronesian,161.467,-9.60258,11500,other
ice_group,-7.612487188014121,0.01790479757416687,converged,-8.306965036835491,0.4154608352751377,kuru1301,converged,-0.6944778488213696,-1.6700342489150495,Kurukh,Eurasia,Dravidian,86.46568,24.46442,2090000,other
ice_group,-7.612487188014121,0.01790479757416687,converged,-8.163442419181928,0.32930708103625767,kach1280,converged,-0.5509552311678068,-1.6706068338133755,Southern Jinghpaw,Eurasia,Sino-Tibetan,97.3278,25.4634,940000,other
taste_group,-6.6616898200504995,0.00856555621078967,converged,-6.99367716874967,0.19837074236287738,uigh1240,converged,-0.3319873486991707,-1.6720121438817668,Uighur,Eurasia,Turkic,87.38,43.88,8701000,other
wind_group,-5.9578521923046734,0.008998002000740201,converged,-6.324712389440887,0.21891028316552094,ladi1251,converged,-0.366860197136214,-1.6744333689896735,Ladino,Eurasia,Indo-European,28.6632,41.205,8000,other
rain_group,-6.603067545596872,0.011688275163570797,converged,-6.88694525656534,0.1690455554695065,esto1258,converged,-0.2838777109684685,-1.6752973102052866,Estonian,Eurasia,Uralic,25.82,58.55,1148690,other
ice_group,-7.612487188014121,0.01790479757416687,converged,-8.407710727625451,0.47388347783239343,rotu1241,converged,-0.7952235396113299,-1.6769027986893434,Rotuman,Papunesia,Austronesian,177.066,-12.5008,9000,other
ice_group,-7.612487188014121,0.01790479757416687,converged,-8.299763457338925,0.4062390561191634,lepc1244,converged,-0.6872762693248031,-1.690161718010311,Lepcha,Eurasia,Sino-Tibetan,88.5726,27.0869,52830,other
ice_group,-7.612487188014121,0.01790479757416687,converged,-8.416181570195409,0.4738831866448909,mara1385,converged,-0.8036943821812876,-1.69476646325408,Marra,Australia,Mangarrayi-Maran,134.865,-14.7927,100,hunter-gatherer
rain_group,-6.603067545596872,0.011688275163570797,converged,-7.0731182730447655,0.2770366929871898,klam1254,converged,-0.47005072744789356,-1.6952011983791777,Klamath-Modoc,North America,isolate_klam1254,238.296,42.5861,100,hunter-gatherer
dance_group,-7.253315279651133,0.017805314144472898,converged,-8.320183890098821,0.6287063158310908,devo1240,converged,-1.0668686104476883,-1.6962467174959226,Devon,Eurasia,Indo-European,-1,53,1194166,other
wind_group,-5.9578521923046734,0.008998002000740201,converged,-6.058168216070854,0.058441943651030726,telu1262,converged,-0.10031602376618043,-1.6965169870944605,Telugu,Eurasia,Dravidian,78.7024,16.4529,69600600,other
smell_group,-6.4695167475009825,0.009740427525109643,converged,-6.583919952533897,0.06670658948223178,tibe1272,converged,-0.11440320503291446,-1.6970248773340628,Tibetan,Eurasia,Sino-Tibetan,90.1872,28.3681,1269080,other
dance_group,-7.253315279651133,0.017805314144472898,converged,-8.32234787767156,0.628706172596294,sing1272,converged,-1.069032598020426,-1.6996876938019674,Singlish,Eurasia,Indo-European,-1,53,5917600,other
taste_group,-6.6616898200504995,0.00856555621078967,converged,-6.931211635272821,0.15805146295039701,dagb1246,converged,-0.26952181522232177,-1.7027800812807765,Dagbani,Africa,Atlantic-Congo,-0.43227,9.64745,800000,other
ice_group,-7.612487188014121,0.01790479757416687,converged,-8.252779193194359,0.3753769612604186,cent2050,converged,-0.6402920051802372,-1.703793632234774,Central Kanuri,Africa,Saharan,13.13,11.8,3240500,other
wind_group,-5.9578521923046734,0.008998002000740201,converged,-6.09487062786972,0.07990749200794182,hung1274,converged,-0.13701843556504656,-1.703944327631115,Hungarian,Eurasia,Uralic,19.6555271429,46.9068585714,12173900,other
ice_group,-7.612487188014121,0.01790479757416687,converged,-8.594966976370367,0.5759543320183595,mali1284,converged,-0.9824797883562457,-1.7050056523553878,Mali,Papunesia,Baining,152.214,-4.71826,2200,other
dance_group,-7.253315279651133,0.017805314144472898,converged,-8.069091547103913,0.47809519234249154,vlaa1240,converged,-0.8157762674527795,-1.7051230282455172,Western Flemish,Eurasia,Indo-European,3.11345,51.0754,6132000,other
ice_group,-7.612487188014121,0.01790479757416687,converged,-8.2812955050532,0.3913089526983254,mars1254,converged,-0.668808317039078,-1.707370333232422,Marshallese,Papunesia,Austronesian,167.73,8.72,43900,other
ice_group,-7.612487188014121,0.01790479757416687,converged,-8.52002246682671,0.5307699600499772,angg1239,converged,-0.9075352788125883,-1.708874689488874,Angguruk Yali,Papunesia,Nuclear Trans New Guinea,139.457,-4.0836,15000,other
rain_group,-6.603067545596872,0.011688275163570797,converged,-7.199353359804999,0.34848963418013423,sene1264,converged,-0.5962858142081267,-1.7100959452759634,Seneca,North America,Iroquoian,282.47,42.56,175,other
ice_group,-7.612487188014121,0.01790479757416687,converged,-8.391140141503376,0.45464795088312615,lund1271,converged,-0.7786529534892548,-1.7113237630300089,Lundayeh,Papunesia,Austronesian,115.5,4.25064,47500,other
snow_group,-7.416197459846801,0.016251105602529504,converged,-7.765112041214558,0.2031430581668255,efik1245,converged,-0.3489145813677572,-1.7121108389999644,Efik,Africa,Atlantic-Congo,8.38121,4.89379,400000,other
rain_group,-6.603067545596872,0.011688275163570797,converged,-6.689921530381471,0.04915917324703776,ital1282,converged,-0.08685398478459927,-1.718873518529534,Italian,Eurasia,Indo-European,12.6489,43.0464,57191010,other
ice_group,-7.612487188014121,0.01790479757416687,converged,-8.52555045170809,0.5307697468161154,toar1246,converged,-0.9130632636939691,-1.7192844882064084,Toaripi,Papunesia,Eleman,146.206,-8.07231,23000,hunter-gatherer
dance_group,-7.253315279651133,0.017805314144472898,converged,-7.861412956867157,0.3526746943388123,sund1252,converged,-0.6080976772160236,-1.7220520185505945,Sundanese,Papunesia,Austronesian,107.106,-6.89708,34000000,other
wind_group,-5.9578521923046734,0.008998002000740201,converged,-6.175998397850772,0.12601163727849668,esto1258,converged,-0.21814620554609832,-1.7267625624817644,Estonian,Eurasia,Uralic,25.82,58.55,1148690,other
taste_group,-6.6616898200504995,0.00856555621078967,converged,-6.948627305959528,0.16576908597216247,kaza1248,converged,-0.28693748590902857,-1.7286407438103417,Kazakh,Eurasia,Turkic,71.454,51.17,7621000,other
wind_group,-5.9578521923046734,0.008998002000740201,converged,-6.28957248632531,0.19149131034518144,masb1238,converged,-0.33172029402063696,-1.7303901874194816,Masbatenyo,Papunesia,Austronesian,123.63579,12.21453,350000,other
ice_group,-7.612487188014121,0.01790479757416687,converged,-8.433134287490406,0.47388261124577674,bamb1269,converged,-0.8206470994762842,-1.7305170964670782,Bambara,Africa,Mande,-7.65,12.9,2772040,other
ice_group,-7.612487188014121,0.01790479757416687,converged,-8.611149944704913,0.5759536672454099,vure1239,converged,-0.9986627566907913,-1.7330917424909338,Vurës,Papunesia,Austronesian,167.451412,-13.905677,1050,other
taste_group,-6.6616898200504995,0.00856555621078967,converged,-7.054384204270106,0.2264181450621674,toab1237,converged,-0.3926943842196069,-1.733137071713958,To'abaita,Papunesia,Austronesian,160.619,-8.39233,12600,other
rain_group,-6.603067545596872,0.011688275163570797,converged,-7.072702965834288,0.2702952708672767,oldn1244,converged,-0.4696354202374158,-1.7358681204394268,Old Norse,Eurasia,Indo-European,10.38,63.42,900000,other
ice_group,-7.612487188014121,0.01790479757416687,converged,-8.612931992315534,0.5759535946968031,naka1262,converged,-1.000444804301413,-1.7361845485147547,Nakanai,Papunesia,Austronesian,150.888,-5.59931,13000,other
snow_group,-7.416197459846801,0.016251105602529504,converged,-8.09627788580182,0.3913008493961748,lozi1239,converged,-0.680080425955019,-1.7365019162235498,Lozi,Africa,Atlantic-Congo,24.7398,-17.7052,694000,other
ice_group,-7.612487188014121,0.01790479757416687,converged,-8.375721571501925,0.43910478422762117,anda1287,converged,-0.7632343834878039,-1.7367168447171406,Andalusian Arabic,Eurasia,Afro-Asiatic,-5.2,36.54,500000,other
snow_group,-7.416197459846801,0.016251105602529504,converged,-8.12094717943467,0.40525312069798924,ibib1240,converged,-0.7047497195878698,-1.737639297699253,Ibibio,Africa,Atlantic-Congo,7.86688,5.15279,6259000,other
rain_group,-6.603067545596872,0.011688275163570797,converged,-6.753890955847669,0.085905682097322,nucl1310,converged,-0.15082341025079682,-1.7396575123804972,Burmese,Eurasia,Sino-Tibetan,93.9665,20.7926,32300000,other
rain_group,-6.603067545596872,0.011688275163570797,converged,-6.989168139331291,0.22138017160021195,corn1251,converged,-0.38610059373441885,-1.741635554462446,Cornish,Eurasia,Indo-European,-4.18619,50.5233,468425,other
snow_group,-7.416197459846801,0.016251105602529504,converged,-7.91807742389652,0.2872419352196022,mani1292,converged,-0.5018799640497189,-1.7444481310768112,Manipuri,Eurasia,Sino-Tibetan,93.3426,24.4409,1391000,other
ice_group,-7.612487188014121,0.01790479757416687,converged,-7.802889612279867,0.10731242385706309,tami1289,converged,-0.19040242426574583,-1.7500889538863162,Tamil,Eurasia,Dravidian,78.825989,10.520219,65296000,other
rain_group,-6.603067545596872,0.011688275163570797,converged,-7.229850827188864,0.3575727432171271,luxe1241,converged,-0.626783281591992,-1.7519475534105389,Moselle Franconian,Eurasia,Indo-European,6.14931,49.6839,320000,other
ice_group,-7.612487188014121,0.01790479757416687,converged,-8.486377583324202,0.49837504886726713,chep1245,converged,-0.873890395310081,-1.7523489112432145,Chepang,Eurasia,Sino-Tibetan,84.9017,27.7206,36800,other
ice_group,-7.612487188014121,0.01790479757416687,converged,-8.149547229774091,0.3056231931361775,bemb1257,converged,-0.53706004175997,-1.7542542065435032,Bemba,Africa,Atlantic-Congo,29.2993,-10.6122,3600000,other
snow_group,-7.416197459846801,0.016251105602529504,converged,-8.014532784093584,0.34000928986830503,raro1241,converged,-0.5983353242467828,-1.75775507651656,Southern Cook Island Maori,Papunesia,Austronesian,200.22,-21.23,32300,other
ice_group,-7.612487188014121,0.01790479757416687,converged,-8.54624244120189,0.5307689590347645,agus1235,converged,-0.9337552531877691,-1.758249802042618,Agusan Manobo,Papunesia,Austronesian,125.742,8.62731,60000,other
taste_group,-6.6616898200504995,0.00856555621078967,converged,-6.853344228630076,0.10845159472689932,iban1264,converged,-0.19165440857957616,-1.7617023475703664,Iban,Papunesia,Austronesian,112.934,2.09041,694400,other
ice_group,-7.612487188014121,0.01790479757416687,converged,-8.627721727862516,0.5759529975571801,tere1278,converged,-1.0152345398483948,-1.7618526672676447,Terei,Papunesia,South Bougainville,155.745,-6.70051,26500,other
ice_group,-7.612487188014121,0.01790479757416687,converged,-8.628090990609872,0.5759529827607968,zand1248,converged,-1.0156038025957503,-1.762493536401973,Zande,Africa,Atlantic-Congo,26.7157,4.62047,1142000,other
ice_group,-7.612487188014121,0.01790479757416687,converged,-8.27781175584153,0.3755860468815728,anei1239,converged,-0.6653245678274082,-1.7694210328351432,Aneityum,Papunesia,Austronesian,169.825,-20.1864,900,other
dance_group,-7.253315279651133,0.017805314144472898,converged,-7.745353262494006,0.2769649088125946,manx1243,converged,-0.4920379828428727,-1.7728757256634016,Manx,Eurasia,Indo-European,-4.45437,54.2604,1660,other
ice_group,-7.612487188014121,0.01790479757416687,converged,-8.554131004452016,0.5307686629683712,wamp1247,converged,-0.9416438164378942,-1.7731048587675722,Wampar,Papunesia,Austronesian,146.662,-6.67364,5150,other
ice_group,-7.612487188014121,0.01790479757416687,converged,-8.555082979082263,0.5307686273973824,ngal1292,converged,-0.9425957910681415,-1.7748975352487797,Ngalkbun,Australia,Gunwinyguan,133.936,-13.9783,100,hunter-gatherer
ice_group,-7.612487188014121,0.01790479757416687,converged,-7.842142486513575,0.12775041354693664,nucl1310,converged,-0.22965529849945376,-1.7802870079141788,Burmese,Eurasia,Sino-Tibetan,93.9665,20.7926,32300000,other
wind_group,-5.9578521923046734,0.008998002000740201,converged,-6.356011369483461,0.2225096879076163,west2763,converged,-0.3981591771787878,-1.787940233702171,Western Neo-Aramaic,Eurasia,Afro-Asiatic,36.484,33.8162,15000,other
rain_group,-6.603067545596872,0.011688275163570797,converged,-7.212524381493919,0.3405078972188974,vlaa1240,converged,-0.6094568358970474,-1.7887928712840506,Western Flemish,Eurasia,Indo-European,3.11345,51.0754,6132000,other
smell_group,-6.4695167475009825,0.009740427525109643,converged,-7.115956672912357,0.36091600680046215,midl1243,converged,-0.6464399254113742,-1.7904571216943936,Midland American English,Eurasia,Indo-European,-1,53,60783913,other
taste_group,-6.6616898200504995,0.00856555621078967,converged,-7.137240548612088,0.26519070574283093,nupe1254,converged,-0.4755507285615881,-1.7923058747396674,Nupe-Nupe-Tako,Africa,Atlantic-Congo,5.40031,9.18404,800000,other
smell_group,-6.4695167475009825,0.009740427525109643,converged,-6.8914247669008475,0.23495489112589885,plau1238,converged,-0.421908019399865,-1.7941568624221533,Plautdietsch,North America,Indo-European,250.646132,49.578028,84900,other
dance_group,-7.253315279651133,0.017805314144472898,converged,-8.030192960506417,0.43231529657158563,west2763,converged,-0.776877680855284,-1.7954942197120818,Western Neo-Aramaic,Eurasia,Afro-Asiatic,36.484,33.8162,15000,other
dance_group,-7.253315279651133,0.017805314144472898,converged,-8.257560786963415,0.5584992604905896,kosr1238,converged,-1.004245507312282,-1.7972012174095553,Kosraean,Papunesia,Austronesian,162.98,5.31,8000,other
wind_group,-5.9578521923046734,0.008998002000740201,converged,-6.318643995851656,0.200445598618116,mbay1241,converged,-0.3607918035469826,-1.7981379317764352,Mbay,Africa,Central Sudanic,15.7328,8.23066,88300,other
rain_group,-6.603067545596872,0.011688275163570797,converged,-7.344064985546412,0.41175939804758466,midl1243,converged,-0.74099743994954,-1.798863814969931,Midland American English,Eurasia,Indo-European,-1,53,60783913,other
snow_group,-7.416197459846801,0.016251105602529504,converged,-8.146477882799662,0.4052520748723674,iqui1243,converged,-0.7302804229528608,-1.800592743104055,Iquito,South America,Zaparoan,286.02954,-3.31233,100,other
rain_group,-6.603067545596872,0.011688275163570797,converged,-6.748997256398587,0.08019691455668065,indo1316,converged,-0.14592971080171502,-1.8006190099266133,Standard Indonesian,Papunesia,Austronesian,109.716,-7.33458,43666200,other
rain_group,-6.603067545596872,0.011688275163570797,converged,-6.85773907697885,0.14092307303193766,penn1240,converged,-0.2546715313819785,-1.8009830045401014,Pennsylvania German,North America,Indo-European,283.6789,40.030507,209280,other
taste_group,-6.6616898200504995,0.00856555621078967,converged,-7.1767556389732805,0.28554818279096433,doro1266,converged,-0.515065818922781,-1.8029680268332298,Doromu-Koki,Papunesia,Manubaran,147.986,-9.56687,1500,other
snow_group,-7.416197459846801,0.016251105602529504,converged,-8.148279140314678,0.4052520020899942,rotu1241,converged,-0.7320816804678767,-1.805034280177177,Rotuman,Papunesia,Austronesian,177.066,-12.5008,9000,other
snow_group,-7.416197459846801,0.016251105602529504,converged,-8.083742298311815,0.3693843768478933,kiny1244,converged,-0.6675448384650142,-1.805435683985945,Kinyarwanda,Africa,Atlantic-Congo,29.6441,-1.56771,7504000,other
taste_group,-6.6616898200504995,0.00856555621078967,converged,-6.896752601518644,0.12965447128675495,tahi1242,converged,-0.23506278146814452,-1.809050505560227,Tahitian,Papunesia,Austronesian,210.55,-17.6485,124260,other
taste_group,-6.6616898200504995,0.00856555621078967,converged,-7.005815734596803,0.1893113574531063,cent2128,converged,-0.3441259145463036,-1.8159196247091038,Central Siberian Yupik,Eurasia,Eskimo-Aleut,189.728,63.4308,1130,hunter-gatherer
dance_group,-7.253315279651133,0.017805314144472898,converged,-7.93334247681937,0.37256692985250317,turk1304,converged,-0.6800271971682372,-1.8231675683574255,Turkmen,Eurasia,Turkic,59.17574,37.08719,5930000,other
snow_group,-7.416197459846801,0.016251105602529504,converged,-8.110479436695773,0.3795025874970302,buli1254,converged,-0.6942819768489716,-1.8277774897796335,Buli,Africa,Atlantic-Congo,-1.26748,10.5763,150000,other
rain_group,-6.603067545596872,0.011688275163570797,converged,-7.075828880275893,0.2582727483910766,kirg1245,converged,-0.4727613346790207,-1.828601573625063,Kirghiz,Eurasia,Turkic,74,42,2674750,other
ice_group,-7.612487188014121,0.01790479757416687,converged,-8.583768296723248,0.5307675712852915,boko1267,converged,-0.9712811087091264,-1.8289153087176864,Bokobaru,Africa,Mande,3.80058,9.52724,30000,other
dance_group,-7.253315279651133,0.017805314144472898,converged,-7.8750464911262865,0.3383886090939717,carr1249,converged,-0.6217312114751534,-1.8347908301056963,Central Carrier,North America,Athabaskan-Eyak-Tlingit,235.672,54.3768,2060,hunter-gatherer
ice_group,-7.612487188014121,0.01790479757416687,converged,-8.670158627280768,0.5759513323731393,kwai1243,converged,-1.057671439266647,-1.8355035764047403,Kwaio,Papunesia,Austronesian,160.965,-8.93744,13200,other
ice_group,-7.612487188014121,0.01790479757416687,converged,-8.671573568103954,0.5759512780602581,besi1244,converged,-1.0590863800898322,-1.8379592653695265,Besisi,Eurasia,Austroasiatic,101.676,2.717,2990,other
wind_group,-5.9578521923046734,0.008998002000740201,converged,-6.351282507258695,0.2137627850770815,sume1241,converged,-0.3934303149540215,-1.8388711895992436,Sumerian,Eurasia,isolate_sume1241,45.6667,31.3,1150000,other
snow_group,-7.416197459846801,0.016251105602529504,converged,-7.935183284127406,0.28151196753117347,yaoo1241,converged,-0.5189858242806054,-1.8405015609857298,Yao,Africa,Atlantic-Congo,35.2387,-13.6119,1916000,other
wind_group,-5.9578521923046734,0.008998002000740201,converged,-6.300307648470185,0.1856004505143298,jude1267,converged,-0.34245545616551176,-1.8429573672763069,Judeo-Yemeni Arabic,Eurasia,Afro-Asiatic,45,15,37680,other
wind_group,-5.9578521923046734,0.008998002000740201,converged,-6.1680127351028045,0.11358359938379461,akan1250,converged,-0.210160542798131,-1.8444932306885968,Akan,Africa,Atlantic-Congo,-1.33254,6.34756,8300000,other
ice_group,-7.612487188014121,0.01790479757416687,converged,-8.169621296009014,0.3015128683845015,pala1344,converged,-0.5571341079948926,-1.8445460474004796,Palauan,Papunesia,Austronesian,134.476678,7.34138,14800,other
ice_group,-7.612487188014121,0.01790479757416687,converged,-8.594268988883927,0.5307671921912165,nupe1254,converged,-0.9817818008698058,-1.8486893550750878,Nupe-Nupe-Tako,Africa,Atlantic-Congo,5.40031,9.18404,800000,other
wind_group,-5.9578521923046734,0.008998002000740201,converged,-6.231284290634856,0.14754735192654245,mait1250,converged,-0.2734320983301828,-1.8497455760010233,Maithili,Eurasia,Indo-European,86.2211,26.3817,34700000,other
smell_group,-6.4695167475009825,0.009740427525109643,converged,-7.07709160561635,0.32736361865706465,wilt1234,converged,-0.6075748581153677,-1.8551422821467727,Wiltshire-Hampshire,Eurasia,Indo-European,-1,53,2564305,other
dance_group,-7.253315279651133,0.017805314144472898,converged,-7.4408376787512145,0.09905780185198605,panj1256,converged,-0.1875223991000814,-1.8632006730623594,Eastern Panjabi,Eurasia,Indo-European,75.6702,30.0368,27100000,other
wind_group,-5.9578521923046734,0.008998002000740201,converged,-6.3892259273068195,0.23126648172641312,saur1248,converged,-0.43137373500214604,-1.8638567790921619,Saurashtra,Eurasia,Indo-European,77.9427,9.99172,310000,other
ice_group,-7.612487188014121,0.01790479757416687,converged,-8.603754653332778,0.5307668531466,cent2292,converged,-0.9912674653186571,-1.8665519963915982,Central Bontoc,Papunesia,Austronesian,120.92,17.08,19600,other
dance_group,-7.253315279651133,0.017805314144472898,converged,-7.840657456204357,0.31399662452790433,mara1382,converged,-0.5873421765532241,-1.8675364663956429,Mara Chin,Eurasia,Sino-Tibetan,93.0387,22.1138,42000,other
smell_group,-6.4695167475009825,0.009740427525109643,converged,-6.7871889975259885,0.16978131455624895,kaza1248,converged,-0.317672250025006,-1.8679956032038072,Kazakh,Eurasia,Turkic,71.454,51.17,7621000,other
wind_group,-5.9578521923046734,0.008998002000740201,converged,-6.426895746856887,0.2505131529307118,tari1263,converged,-0.46904355455221314,-1.8711244482807967,Tarifiyt-Beni-Iznasen-Eastern Middle Atlas Berber,Africa,Afro-Asiatic,-3.430616,34.916974,1500000,other
smell_group,-6.4695167475009825,0.009740427525109643,converged,-6.955573348531781,0.2593276968933126,jica1244,converged,-0.48605660103079895,-1.8729742737421593,Jicarilla Apache,North America,Athabaskan-Eyak-Tlingit,252.993,36.8079,680,hunter-gatherer
wind_group,-5.9578521923046734,0.008998002000740201,converged,-6.115842134103497,0.08380329868354632,mala1464,converged,-0.15798994179882353,-1.8744733912110316,Malayalam,Eurasia,Dravidian,76.7651,9.59208,35400313,other
ice_group,-7.612487188014121,0.01790479757416687,converged,-8.344129935361423,0.3898532178559576,yaga1260,converged,-0.7316427473473013,-1.8747372306641266,Yagaria,Papunesia,Nuclear Trans New Guinea,145.388,-6.32432,21100,other
ice_group,-7.612487188014121,0.01790479757416687,converged,-8.325181433329435,0.3797250413919017,biat1246,converged,-0.7126942453153138,-1.8747862680648948,Biatah Bidayuh,Papunesia,Austronesian,110.254,1.17596,72380,other
snow_group,-7.416197459846801,0.016251105602529504,converged,-7.9281999584518505,0.2723759417477086,west2721,converged,-0.5120024986050495,-1.8764271258360155,West Central Oromo,Africa,Afro-Asiatic,36.7365,8.81391,8920000,other
smell_group,-6.4695167475009825,0.009740427525109643,converged,-7.054466501389383,0.3112925498398552,kwak1269,converged,-0.5849497538884005,-1.8781805337854858,Kwak'wala,North America,Wakashan,232.692,50.9269,190,hunter-gatherer
snow_group,-7.416197459846801,0.016251105602529504,converged,-7.679809270616981,0.13935308832134813,guja1252,converged,-0.2636118107701799,-1.8789490662921693,Gujarati,Eurasia,Indo-European,71.0962,22.687,45544800,other
dance_group,-7.253315279651133,0.017805314144472898,converged,-7.845809445942812,0.314494325775186,yaka1277,converged,-0.5924941662916785,-1.8809460866595609,Yakan,Papunesia,Austronesian,122.021729,6.531023,106000,other
wind_group,-5.9578521923046734,0.008998002000740201,converged,-6.1339223006866606,0.09315053323421318,laoo1244,converged,-0.1760701083819871,-1.881410273563931,Lao,Eurasia,Tai-Kadai,102.46,19,3149000,other
rain_group,-6.603067545596872,0.011688275163570797,converged,-6.966066530894197,0.1916151897687496,akka1240,converged,-0.36299898529732477,-1.8909019370973188,Akkadian,Eurasia,Afro-Asiatic,44.1,33.1,200000,other
wind_group,-5.9578521923046734,0.008998002000740201,converged,-6.087239000146808,0.06778728564083417,kore1280,converged,-0.12938680784213474,-1.8921215225967765,Korean,Eurasia,Koreanic,126.98,37.54,65236300,other
snow_group,-7.416197459846801,0.016251105602529504,converged,-8.184302302823717,0.4052505737120206,geda1237,converged,-0.768104842976916,-1.8938603277458204,Gedaged,Papunesia,Austronesian,145.781,-5.18175,6950,other
ice_group,-7.612487188014121,0.01790479757416687,converged,-8.44498059314412,0.4391027871003656,sund1252,converged,-0.8324934051299984,-1.894322263227391,Sundanese,Papunesia,Austronesian,107.106,-6.89708,34000000,other
ice_group,-7.612487188014121,0.01790479757416687,converged,-8.119497468207244,0.2669948374092139,sind1272,converged,-0.5070102801931231,-1.894696079057307,Sindhi,Eurasia,Indo-European,69,26,21315000,other
wind_group,-5.9578521923046734,0.008998002000740201,converged,-6.3949050481835394,0.22963428035994288,geez1241,converged,-0.437052855878866,-1.9017967080597606,Geez,Africa,Afro-Asiatic,40.6821,10.1342,5150000,other
rain_group,-6.603067545596872,0.011688275163570797,converged,-6.760599752743998,0.0819082456099253,scot1245,converged,-0.1575322071471259,-1.903988603657524,Scottish Gaelic,Eurasia,Indo-European,-5.24366,56.7574,58700,other
snow_group,-7.416197459846801,0.016251105602529504,converged,-7.6360332922971095,0.11414844613981175,swah1253,converged,-0.21983583245030847,-1.9066509639666203,Swahili,Africa,Atlantic-Congo,37.624,-8.25605,675000,other
wind_group,-5.9578521923046734,0.008998002000740201,converged,-6.261766875358174,0.15888058828759283,sang1328,converged,-0.30391468305350067,-1.9097894248629792,Sango,Africa,Atlantic-Congo,20.1702,6.78584,5400,other
ice_group,-7.612487188014121,0.01790479757416687,converged,-8.33923564055844,0.37972475807485734,mamb1296,converged,-0.7267484525443191,-1.9117581521724127,Mambwe-Lungu,Africa,Atlantic-Congo,31.2269,-8.86817,674000,other
wind_group,-5.9578521923046734,0.008998002000740201,converged,-6.2279416791579925,0.14082750873763825,bodo1269,converged,-0.270089486853319,-1.913971658170458,Bodo-Mech,Eurasia,Sino-Tibetan,92,26.1,1543300,other
snow_group,-7.416197459846801,0.016251105602529504,converged,-8.193570287787063,0.40525021446681675,sana1295,converged,-0.7773728279402619,-1.9167134215767605,Sanaani Arabic,Eurasia,Afro-Asiatic,44.8412,15.6552,7600000,other
dance_group,-7.253315279651133,0.017805314144472898,converged,-7.617972548424347,0.18932732902254704,nort2690,converged,-0.3646572687732137,-1.9176063281482647,Northern Uzbek,Eurasia,Turkic,69.211,40.886,17695000,other
snow_group,-7.416197459846801,0.016251105602529504,converged,-8.195632097038196,0.4052501349987389,gulf1241,converged,-0.7794346371913949,-1.9217974556601356,Gulf Arabic,Eurasia,Afro-Asiatic,47.5,30.17,2339000,other
wind_group,-5.9578521923046734,0.008998002000740201,converged,-6.400523133991267,0.22963372614842872,yong1270,converged,-0.44267094168659327,-1.926247951553395,Narua,Eurasia,Sino-Tibetan,100.9,27.8,47000,other
snow_group,-7.416197459846801,0.016251105602529504,converged,-7.94039208056112,0.27138363449373637,mait1250,converged,-0.5241946207143187,-1.9281092109652644,Maithili,Eurasia,Indo-European,86.2211,26.3817,34700000,other
rain_group,-6.603067545596872,0.011688275163570797,converged,-6.898392056541371,0.15271807118515843,pidg1254,converged,-0.2953245109444991,-1.9281499766430488,Pidgin Chinook Jargon,North America,Pidgin,235,55,100000,other
ice_group,-7.612487188014121,0.01790479757416687,converged,-8.723657935020764,0.575949331334639,mudb1240,converged,-1.1111707470066428,-1.928354008309376,Mudburra,Australia,Pama-Nyungan,132.329,-16.7694,130,hunter-gatherer
wind_group,-5.9578521923046734,0.008998002000740201,converged,-6.383748372853557,0.22005755506980515,chan1310,converged,-0.42589618054888323,-1.9337695118124794,Chantyal,Eurasia,Sino-Tibetan,83.4488,28.684,2000,other
wind_group,-5.9578521923046734,0.008998002000740201,converged,-6.158302782942123,0.10310222463965447,penn1240,converged,-0.2004505906374492,-1.9368307267762315,Pennsylvania German,North America,Indo-European,283.6789,40.030507,209280,other
smell_group,-6.4695167475009825,0.009740427525109643,converged,-6.958988461085107,0.2520782985635008,bamb1269,converged,-0.4894717135841242,-1.9402967773303517,Bambara,Africa,Mande,-7.65,12.9,2772040,other
taste_group,-6.6616898200504995,0.00856555621078967,converged,-7.101551142656676,0.22641561873124375,nucl1706,converged,-0.43986132260617694,-1.941327630953431,Neo-Mandaic,Eurasia,Afro-Asiatic,48.8128,31.3443,500,other
dance_group,-7.253315279651133,0.017805314144472898,converged,-8.339187605194933,0.5584945978010455,luxe1241,converged,-1.0858723255438,-1.9432970596963197,Moselle Franconian,Eurasia,Indo-European,6.14931,49.6839,320000,other
smell_group,-6.4695167475009825,0.009740427525109643,converged,-7.1062052529568325,0.3273607416599309,cher1273,converged,-0.63668850545585,-1.9440536792142022,Cherokee,North America,Iroquoian,276.837,35.4664,16400,other
ice_group,-7.612487188014121,0.01790479757416687,converged,-8.733300168519094,0.5759489819329999,boko1266,converged,-1.1208129805049722,-1.9450885646997935,Boko,Africa,Mande,3.71771,10.5189,110000,other
rain_group,-6.603067545596872,0.011688275163570797,converged,-6.840231213417285,0.12122522775396355,sinh1246,converged,-0.23716366782041298,-1.9473579471462523,Sinhala,Eurasia,Indo-European,81,8,15500000,other
ice_group,-7.612487188014121,0.01790479757416687,converged,-8.734628587420211,0.5759489340591193,gung1250,converged,-1.1221413994060896,-1.9473940997982875,Gungu,Africa,Atlantic-Congo,31.4819,2.06754,49000,other
wind_group,-5.9578521923046734,0.008998002000740201,converged,-6.367887097566706,0.21026151600714366,bamb1269,converged,-0.4100349052620329,-1.9483354261688517,Bambara,Africa,Mande,-7.65,12.9,2772040,other
taste_group,-6.6616898200504995,0.00856555621078967,converged,-7.151388232972724,0.25040066954529844,geda1237,converged,-0.48969841292222416,-1.9545161584993977,Gedaged,Papunesia,Austronesian,145.781,-5.18175,6950,other
dance_group,-7.253315279651133,0.017805314144472898,converged,-8.069745028108647,0.4159345512094785,chan1313,converged,-0.816429748457514,-1.96108428540355,Chang Naga,Eurasia,Sino-Tibetan,94.9536,26.4336,60900,other
taste_group,-6.6616898200504995,0.00856555621078967,converged,-7.167517729351525,0.2572566038138095,bisl1239,converged,-0.5058279093010256,-1.9651497852353836,Bislama,Papunesia,Indo-European,166.89,-15.4,1200,other
dance_group,-7.253315279651133,0.017805314144472898,converged,-7.666323194111759,0.209191512118655,assa1263,converged,-0.4130079144606258,-1.967192467234689,Assamese,Eurasia,Indo-European,91.2932,26.0876,16709000,other
smell_group,-6.4695167475009825,0.009740427525109643,converged,-6.842425908932501,0.1892147032669515,anci1244,converged,-0.37290916143151875,-1.968219328496406,Ancient Hebrew,Eurasia,Afro-Asiatic,35.1725,31.7761,40000,other
snow_group,-7.416197459846801,0.016251105602529504,converged,-8.214918303934482,0.40524939953282435,aros1241,converged,-0.798720844087681,-1.9693536750729401,Arosi,Papunesia,Austronesian,161.432,-10.2441,6750,other
ice_group,-7.612487188014121,0.01790479757416687,converged,-8.659853544748884,0.5307649124467392,wikm1247,converged,-1.0473663567347629,-1.972193149235616,Wik-Mungkan,Australia,Pama-Nyungan,141.81611,-13.98051,840,hunter-gatherer
ice_group,-7.612487188014121,0.01790479757416687,converged,-8.41959848148839,0.40873124218991025,nung1290,converged,-0.8071112934742679,-1.9727828968575467,Wubuy,Australia,Gunwinyguan,135.753,-14.2623,360,hunter-gatherer
rain_group,-6.603067545596872,0.011688275163570797,converged,-6.966483311594547,0.18325524937674684,slov1268,converged,-0.3634157659976749,-1.97909099607909,Slovenian,Eurasia,Indo-European,14.7766,46.2543,1851190,other
wind_group,-5.9578521923046734,0.008998002000740201,converged,-6.3785453530879455,0.21195055238601876,iqui1243,converged,-0.420693160783272,-1.9830784283789844,Iquito,South America,Zaparoan,286.02954,-3.31233,100,other
wind_group,-5.9578521923046734,0.008998002000740201,converged,-6.06934139236209,0.055478615529048765,viet1252,converged,-0.11148920005741658,-1.983667730896195,Vietnamese,Eurasia,Austroasiatic,105.774071,20.681188,67954200,other
snow_group,-7.416197459846801,0.016251105602529504,converged,-8.221508569615173,0.40524915145135704,pint1250,converged,-0.8053111097683718,-1.9856040751244761,Pintupi-Luritja,Australia,Pama-Nyungan,130.643,-23.2963,390,hunter-gatherer
dance_group,-7.253315279651133,0.017805314144472898,converged,-7.83412304865095,0.2918098283313537,east2304,converged,-0.5808077689998168,-1.9866691685611098,Eastern Balochi,Eurasia,Indo-European,62,28,1800000,other
smell_group,-6.4695167475009825,0.009740427525109643,converged,-6.910441259419756,0.22150635729591908,kirg1245,converged,-0.4409245119187739,-1.9886509445333056,Kirghiz,Eurasia,Turkic,74,42,2674750,other
smell_group,-6.4695167475009825,0.009740427525109643,converged,-7.017775393406039,0.2750888040248638,angg1239,converged,-0.5482586459050562,-1.9917760071328905,Angguruk Yali,Papunesia,Nuclear Trans New Guinea,139.457,-4.0836,15000,other
wind_group,-5.9578521923046734,0.008998002000740201,converged,-6.447574466559132,0.2453512506380585,mexi1248,converged,-0.4897222742544587,-1.9946638610762557,Mexican Spanish,Eurasia,Indo-European,-1.11788,40.4414,120000000,other
snow_group,-7.416197459846801,0.016251105602529504,converged,-8.197582297646177,0.39129703303050717,bara1370,converged,-0.7813848377993757,-1.9951897266077008,Baram Kayan,Papunesia,Austronesian,114.482,3.51211,4150,other
dance_group,-7.253315279651133,0.017805314144472898,converged,-8.276917223632001,0.5117685577430121,nung1283,converged,-1.023601943980868,-1.998917232062034,Nung,Eurasia,Tai-Kadai,104.286,20.8965,856000,other
ice_group,-7.612487188014121,0.01790479757416687,converged,-8.430545178798475,0.4079886080563879,koon1244,converged,-0.8180579907843537,-2.0031720136389026,South-Central Koongo,Africa,Atlantic-Congo,14.4771,-5.57722,5000000,other
wind_group,-5.9578521923046734,0.008998002000740201,converged,-6.0744647573953845,0.057491562053823046,thai1261,converged,-0.11661256509071105,-2.0039470425540644,Thai,Eurasia,Tai-Kadai,100.671,14.192,20230000,other
smell_group,-6.4695167475009825,0.009740427525109643,converged,-7.037517468139949,0.2832358471620187,suss1239,converged,-0.5680007206389668,-2.0042136202879965,Sussex,Eurasia,Indo-European,-1,53,602255,other
snow_group,-7.416197459846801,0.016251105602529504,converged,-7.935017712720472,0.2581432827306051,masa1300,converged,-0.5188202528736712,-2.0058442091510504,Masai,Africa,Nilotic,36.4573,-3.1419,1045000,other
ice_group,-7.612487188014121,0.01790479757416687,converged,-8.679369975661293,0.5307642624126537,misi1242,converged,-1.066882787647172,-2.008945089074421,Mising-Padam-Miri-Minyong,Eurasia,Sino-Tibetan,94.69,27.418,571000,other
snow_group,-7.416197459846801,0.016251105602529504,converged,-8.113481186715244,0.34608132482947046,ndon1254,converged,-0.6972837268684433,-2.012579671293132,Ndonga,Africa,Atlantic-Congo,17.35,-17.22,1070000,other
smell_group,-6.4695167475009825,0.009740427525109643,converged,-6.961608758830756,0.24416809314354074,turk1304,converged,-0.4920920113297731,-2.013780404861443,Turkmen,Eurasia,Turkic,59.17574,37.08719,5930000,other
ice_group,-7.612487188014121,0.01790479757416687,converged,-8.571824854202017,0.47387825286717983,buli1254,converged,-0.9593376661878956,-2.0229956100972983,Buli,Africa,Atlantic-Congo,-1.26748,10.5763,150000,other
wind_group,-5.9578521923046734,0.008998002000740201,converged,-6.269348173215246,0.1535532732355126,vend1245,converged,-0.3114959809105722,-2.025111816241306,Venda,Africa,Atlantic-Congo,29.9523,-22.188,1064000,other
rain_group,-6.603067545596872,0.011688275163570797,converged,-7.328543319401136,0.35756469203213564,nezp1238,converged,-0.7254757738042636,-2.0278525806443235,Nez Perce,North America,Sahaptian,243.592,46.3073,200,hunter-gatherer
wind_group,-5.9578521923046734,0.008998002000740201,converged,-6.407622122604209,0.22125514114843067,boko1267,converged,-0.44976993029953594,-2.0311322697868013,Bokobaru,Africa,Mande,3.80058,9.52724,30000,other
snow_group,-7.416197459846801,0.016251105602529504,converged,-8.133986044710664,0.35289545825351465,renn1242,converged,-0.7177885848638628,-2.031844499801266,Rennell-Bellona,Papunesia,Austronesian,160.265,-11.6237,4390,other
snow_group,-7.416197459846801,0.016251105602529504,converged,-8.000107700411373,0.28659870311743174,luok1236,converged,-0.5839102405645722,-2.034111729890184,Luo,Africa,Nilotic,34.4896,-0.93296,4410000,other
rain_group,-6.603067545596872,0.011688275163570797,converged,-6.933896473270334,0.16170542581516986,assa1263,converged,-0.33082892767346195,-2.040550439562611,Assamese,Eurasia,Indo-European,91.2932,26.0876,16709000,other
rain_group,-6.603067545596872,0.011688275163570797,converged,-6.763472089938696,0.07760758364285206,thai1261,converged,-0.16040454434182383,-2.043817324683518,Thai,Eurasia,Tai-Kadai,100.671,14.192,20230000,other
snow_group,-7.416197459846801,0.016251105602529504,converged,-8.248391479878402,0.4052481562472759,taku1257,converged,-0.8321940200316007,-2.05189257775721,Takuu,Papunesia,Austronesian,157.032085,-4.773094,1750,other
wind_group,-5.9578521923046734,0.008998002000740201,converged,-6.082090466995041,0.05980687951983184,indo1316,converged,-0.12423827469036741,-2.0542052662767896,Standard Indonesian,Papunesia,Austronesian,109.716,-7.33458,43666200,other
taste_group,-6.6616898200504995,0.00856555621078967,converged,-7.0845415502148334,0.20565329323198037,loui1240,converged,-0.42285173016433397,-2.054357732671487,Louisiana Creole French,North America,Indo-European,269.2525,30.0412,70000,other
smell_group,-6.4695167475009825,0.009740427525109643,converged,-7.110623425416848,0.3112874475688517,mexi1248,converged,-0.6411066779158654,-2.058525183924119,Mexican Spanish,Eurasia,Indo-European,-1.11788,40.4414,120000000,other
wind_group,-5.9578521923046734,0.008998002000740201,converged,-6.217894366275835,0.12581348758420827,khas1269,converged,-0.26004217397116136,-2.061620526962388,Khasi,Eurasia,Austroasiatic,91.9998,24.977,865000,other
wind_group,-5.9578521923046734,0.008998002000740201,converged,-6.386959050023174,0.20792543915802,cham1312,converged,-0.42910685771850066,-2.0618237992790287,Chamorro,Papunesia,Austronesian,144.74474,13.438011,76700,other
ice_group,-7.612487188014121,0.01790479757416687,converged,-8.322307713887971,0.3431935104859934,yaoo1241,converged,-0.7098205258738499,-2.0654717149175537,Yao,Africa,Atlantic-Congo,35.2387,-13.6119,1916000,other
ice_group,-7.612487188014121,0.01790479757416687,converged,-8.803359262059653,0.5759465419131437,kwom1262,converged,-1.1908720740455312,-2.06667972032361,Kwoma,Papunesia,Sepik,142.664,-4.08721,3000,hunter-gatherer
snow_group,-7.416197459846801,0.016251105602529504,converged,-8.255735728797713,0.4052478889837983,kyak1244,converged,-0.8395382689509123,-2.0700022297772156,Kyaka,Papunesia,Nuclear Trans New Guinea,144.119,-5.52462,15400,other
taste_group,-6.6616898200504995,0.00856555621078967,converged,-6.779769188785537,0.0563813344982079,stan1306,converged,-0.11807936873503788,-2.070540939752537,Standard Malay,Eurasia,Austronesian,101.699,3.08896,33200000,other
snow_group,-7.416197459846801,0.016251105602529504,converged,-8.260572854637417,0.4052477140256447,magu1243,converged,-0.8443753947906156,-2.0819297559403744,Maguindanao,Papunesia,Austronesian,124.509,6.9453,1000000,other
taste_group,-6.6616898200504995,0.00856555621078967,converged,-7.199009097780439,0.25725456833772237,rotu1241,converged,-0.5373192777299396,-2.0875107704979867,Rotuman,Papunesia,Austronesian,177.066,-12.5008,9000,other
dance_group,-7.253315279651133,0.017805314144472898,converged,-7.6183596715018504,0.17393814754528608,haus1257,converged,-0.36504439185071735,-2.0877920870389444,Hausa,Africa,Afro-Asiatic,8.7804,11.1513,24060500,other
ice_group,-7.612487188014121,0.01790479757416687,converged,-8.034029332217166,0.2009569835023531,iban1264,converged,-0.4215421442030447,-2.0893966933430725,Iban,Papunesia,Austronesian,112.934,2.09041,694400,other
smell_group,-6.4695167475009825,0.009740427525109643,converged,-6.854291200162866,0.1832937384017939,chey1247,converged,-0.38477445266188326,-2.0962653027288987,Cheyenne,North America,Algic,253.341,45.5321,1720,hunter-gatherer
snow_group,-7.416197459846801,0.016251105602529504,converged,-8.266550205454935,0.405247498991373,lund1271,converged,-0.8503527456081343,-2.0966688903365993,Lundayeh,Papunesia,Austronesian,115.5,4.25064,47500,other
taste_group,-6.6616898200504995,0.00856555621078967,converged,-7.18861298427821,0.25039836545591054,pint1250,converged,-0.5269231642277106,-2.103109336599342,Pintupi-Luritja,Australia,Pama-Nyungan,130.643,-23.2963,390,hunter-gatherer
ice_group,-7.612487188014121,0.01790479757416687,converged,-8.402286398863128,0.3748501628500546,jewi1240,converged,-0.7897992108490062,-2.1045736622814646,Jewish Babylonian Aramaic,Eurasia,Afro-Asiatic,44.245,32.273,200000,other
ice_group,-7.612487188014121,0.01790479757416687,converged,-8.340188194126966,0.34369055642630547,luok1236,converged,-0.727701006112845,-2.11444720207065,Luo,Africa,Nilotic,34.4896,-0.93296,4410000,other
snow_group,-7.416197459846801,0.016251105602529504,converged,-7.836485602096909,0.19805920430937463,nyan1308,converged,-0.4202881422501079,-2.1149254570763882,Nyanja,Africa,Atlantic-Congo,32.8108,-14.8047,8402000,other
snow_group,-7.416197459846801,0.016251105602529504,converged,-8.274166756408096,0.40524722684276365,maya1287,converged,-0.8579692965612953,-2.115450027500785,Mayan,North America,Mayan,267.1557966206964,17.423987813269193,6000000,other
snow_group,-7.416197459846801,0.016251105602529504,converged,-8.181612761899698,0.3605971317532867,toke1240,converged,-0.7654153020528973,-2.1204804952444185,Tokelau,Papunesia,Austronesian,188.219167,-9.227642,3250,hunter-gatherer
rain_group,-6.603067545596872,0.011688275163570797,converged,-7.139027294486917,0.25240799998945723,ukra1253,converged,-0.5359597488900452,-2.1211135549594466,Ukrainian,Eurasia,Indo-European,29.945,49.796,31651360,other
snow_group,-7.416197459846801,0.016251105602529504,converged,-7.788698953863521,0.17485792221314692,fiji1243,converged,-0.3725014940167197,-2.1211682580186277,Fijian,Papunesia,Austronesian,178.33,-18,333440,other
wind_group,-5.9578521923046734,0.008998002000740201,converged,-6.079928620835824,0.056715403028046917,hind1270,converged,-0.12207642853115086,-2.1258507138636924,Hindustani,Eurasian,Indo-European,78.91266666666667,20.558666666666667,415206010,other
snow_group,-7.416197459846801,0.016251105602529504,converged,-8.27877217685224,0.4052470632881897,ralu1237,converged,-0.8625747170054385,-2.1268062288359983,Raluana,Papunesia,Austronesian,152.114,-4.30986,61000,other
wind_group,-5.9578521923046734,0.008998002000740201,converged,-6.408628146010916,0.21108911938804198,gulf1241,converged,-0.4507759537062421,-2.1335395073155063,Gulf Arabic,Eurasia,Afro-Asiatic,47.5,30.17,2339000,other
ice_group,-7.612487188014121,0.01790479757416687,converged,-8.23264957377387,0.2894399668632456,bini1246,converged,-0.6201623857597482,-2.1385408743050736,Bini,Africa,Atlantic-Congo,5.70426,6.40701,1000000,other
ice_group,-7.612487188014121,0.01790479757416687,converged,-8.845896621707068,0.5759451416967941,nuer1246,converged,-1.2334094336929464,-2.1405056934547377,Nuer,Africa,Nilotic,32.3829,8.13911,804900,other
smell_group,-6.4695167475009825,0.009740427525109643,converged,-6.929420834017181,0.21405275974955415,uigh1240,converged,-0.4599040865161985,-2.146333766703751,Uighur,Eurasia,Turkic,87.38,43.88,8701000,other
taste_group,-6.6616898200504995,0.00856555621078967,converged,-7.360913565675501,0.3256619284915453,atak1252,converged,-0.6992237456250017,-2.1463424192007525,Atakapa,North America,isolate_atak1252,266.9173,30.9121,1700,other
snow_group,-7.416197459846801,0.016251105602529504,converged,-7.590737405847656,0.0796658675903709,port1283,converged,-0.17453994600085476,-2.146690858156692,Portuguese,Eurasia,Indo-European,-8.1,39.91,173000000,other
smell_group,-6.4695167475009825,0.009740427525109643,converged,-7.1546076618715615,0.3188466477373236,atay1247,converged,-0.685090914370579,-2.147651438184733,Atayal,Papunesia,Austronesian,121.388,24.5209,84300,other
wind_group,-5.9578521923046734,0.008998002000740201,converged,-6.2891286548779295,0.1538058881443375,nort3139,converged,-0.33127646257325605,-2.1501843467022237,Levantine Arabic,Eurasia,Afro-Asiatic,36.0468,34.1709,13300000,other
dance_group,-7.253315279651133,0.017805314144472898,converged,-7.862797810325218,0.28260602286583575,clas1252,converged,-0.609482530674085,-2.152383171903834,Classical Syriac,Eurasia,Afro-Asiatic,42.1432,37.1129,200000,other
smell_group,-6.4695167475009825,0.009740427525109643,converged,-7.024338776381785,0.2567577570011975,nort2952,converged,-0.5548220288808023,-2.159324131441188,Northeast Maidu,North America,Maiduan,239.355,40.4102,100,hunter-gatherer
ice_group,-7.612487188014121,0.01790479757416687,converged,-8.693782416286302,0.49836840905603136,ralu1237,converged,-1.0812952282721806,-2.1682716028410742,Raluana,Papunesia,Austronesian,152.114,-4.30986,61000,other
wind_group,-5.9578521923046734,0.008998002000740201,converged,-6.198180877665128,0.1104410968256678,nucl1417,converged,-0.24032868536045449,-2.16889366751102,Igbo,Africa,Atlantic-Congo,7.23441,4.62705,18000000,other
taste_group,-6.6616898200504995,0.00856555621078967,converged,-7.166882194430761,0.23225673741289296,surs1246,converged,-0.5051923743802611,-2.1736685492933985,Sursurunga,Papunesia,Austronesian,152.768,-3.99078,3000,other
snow_group,-7.416197459846801,0.016251105602529504,converged,-8.13489538128461,0.32963224578119005,loui1240,converged,-0.7186979214378084,-2.1776573747567487,Louisiana Creole French,North America,Indo-European,269.2525,30.0412,70000,other
taste_group,-6.6616898200504995,0.00856555621078967,converged,-7.082884807270331,0.19265009974443345,east2304,converged,-0.42119498721983195,-2.184163337401527,Eastern Balochi,Eurasia,Indo-European,62,28,1800000,other
taste_group,-6.6616898200504995,0.00856555621078967,converged,-7.153036599420878,0.22465210050015288,toke1240,converged,-0.49134677937037896,-2.185557220048946,Tokelau,Papunesia,Austronesian,188.219167,-9.227642,3250,hunter-gatherer
wind_group,-5.9578521923046734,0.008998002000740201,converged,-6.184016044875546,0.10284887104364852,goan1235,converged,-0.22616385257087224,-2.190624448649439,Goan Konkani,Eurasia,Indo-European,74.2098,15.2732,3630000,other
rain_group,-6.603067545596872,0.011688275163570797,converged,-6.775324137791108,0.07775471664138718,urdu1245,converged,-0.17225659219423584,-2.19077052268022,Urdu,Eurasia,Indo-European,67,25,59050000,other
dance_group,-7.253315279651133,0.017805314144472898,converged,-7.833378432100793,0.26375009141374633,kaza1248,converged,-0.58006315244966,-2.1942963874658563,Kazakh,Eurasia,Turkic,71.454,51.17,7621000,other
taste_group,-6.6616898200504995,0.00856555621078967,converged,-7.337549300343613,0.3068295354993983,naka1262,converged,-0.6758594802931137,-2.2018619459706326,Nakanai,Papunesia,Austronesian,150.888,-5.59931,13000,other
smell_group,-6.4695167475009825,0.009740427525109643,converged,-7.003784524100735,0.24243718783022408,kiny1244,converged,-0.5342677765997523,-2.2019604128275456,Kinyarwanda,Africa,Atlantic-Congo,29.6441,-1.56771,7504000,other
ice_group,-7.612487188014121,0.01790479757416687,converged,-8.783235163638413,0.5307610085133944,geda1237,converged,-1.1707479756242911,-2.2045372050837684,Gedaged,Papunesia,Austronesian,145.781,-5.18175,6950,other
wind_group,-5.9578521923046734,0.008998002000740201,converged,-6.425702897820584,0.2119469854285455,sana1295,converged,-0.4678507055159109,-2.2054083934348077,Sanaani Arabic,Eurasia,Afro-Asiatic,44.8412,15.6552,7600000,other
dance_group,-7.253315279651133,0.017805314144472898,converged,-8.000598003497446,0.33822619015416183,tang1336,converged,-0.7472827238463129,-2.2063619479762733,East-Central Tangkhul Naga,Eurasia,Sino-Tibetan,94.3567,25.0489,125000,other
rain_group,-6.603067545596872,0.011688275163570797,converged,-7.032221236562102,0.19386352095075077,bodo1269,converged,-0.42915369096523026,-2.2096772743183846,Bodo-Mech,Eurasia,Sino-Tibetan,92,26.1,1543300,other
dance_group,-7.253315279651133,0.017805314144472898,converged,-8.643974168058769,0.6286879876071123,tari1263,converged,-1.3906588884076356,-2.2111150949068774,Tarifiyt-Beni-Iznasen-Eastern Middle Atlas Berber,Africa,Afro-Asiatic,-3.430616,34.916974,1500000,other
ice_group,-7.612487188014121,0.01790479757416687,converged,-8.555998674348066,0.42625739542486724,plat1254,converged,-0.9435114863339447,-2.211528138707937,Plateau Malagasy,Africa,Austronesian,47.1211,-19.5907,7520000,other
wind_group,-5.9578521923046734,0.008998002000740201,converged,-6.132028614935543,0.07823640932175627,nucl1305,converged,-0.17417642263086996,-2.21170395389117,Kannada,Eurasia,Dravidian,76.1198,13.5878,35300000,other
taste_group,-6.6616898200504995,0.00856555621078967,converged,-7.18056649195595,0.2344177921050058,choc1276,converged,-0.518876671905451,-2.2119934868470503,Choctaw,North America,Muskogean,271.5,32.25,11400,other
rain_group,-6.603067545596872,0.011688275163570797,converged,-7.126978572587171,0.23629742005404722,icel1247,converged,-0.5239110269902989,-2.2144603645896432,Icelandic,Eurasia,Indo-European,-19.0212,63.4837,230000,other
wind_group,-5.9578521923046734,0.008998002000740201,converged,-6.460553334296751,0.22658514033179408,braz1246,converged,-0.5027011419920777,-2.2168498418272904,Brazilian Portuguese,Eurasia,Indo-European,-8.1,39.91,227062512,other
ice_group,-7.612487188014121,0.01790479757416687,converged,-8.283339957751135,0.3002839093137562,wara1300,converged,-0.6708527697370137,-2.230100855386006,Waray,Papunesia,Austronesian,125.012,11.4911,2570000,other
snow_group,-7.416197459846801,0.016251105602529504,converged,-8.035151179380005,0.2767079222412765,kate1253,converged,-0.618953719533204,-2.2330008118015887,Kâte,Papunesia,Nuclear Trans New Guinea,147.757,-6.4795,6130,other
ice_group,-7.612487188014121,0.01790479757416687,converged,-8.565925887699569,0.42625716742078745,khot1251,converged,-0.9534386996854476,-2.234798059487765,Khotanese,Eurasia,Indo-European,79.04,38.33,83000,other
ice_group,-7.612487188014121,0.01790479757416687,converged,-8.9004290838533109,0.5759434315875862,lamb1271,converged,-1.2879418958391895,-2.235150034843637,Lamba,Africa,Atlantic-Congo,27.9026,-12.3366,219000,other
snow_group,-7.416197459846801,0.016251105602529504,converged,-7.644452713332407,0.100775617440618,indo1316,converged,-0.2282552534856057,-2.236096802576137,Standard Indonesian,Papunesia,Austronesian,109.716,-7.33458,43666200,other
taste_group,-6.6616898200504995,0.00856555621078967,converged,-7.105041907920849,0.19767620439573025,mamp1244,converged,-0.4433520878703492,-2.2407171170694147,Mampruli,Africa,Atlantic-Congo,-0.74675,10.3884,220000,other
ice_group,-7.612487188014121,0.01790479757416687,converged,-8.803633670013904,0.5307604082203914,maga1263,converged,-1.1911464819997821,-2.2429504534781324,Mag-Anchi Ayta,Papunesia,Austronesian,120.459,15.1954,8200,hunter-gatherer
taste_group,-6.6616898200504995,0.00856555621078967,converged,-6.985782835445641,0.14413244591041022,bora1271,converged,-0.32409301539514157,-2.2446175816831815,Borana-Arsi-Guji Oromo,Africa,Afro-Asiatic,37.882,1.05676,3823600,other
snow_group,-7.416197459846801,0.016251105602529504,converged,-7.7311714336783055,0.1387332062497319,minn1241,converged,-0.3149739738315045,-2.254939502159729,Min Nan Chinese,Eurasia,Sino-Tibetan,118.17,24.5,40700000,other
taste_group,-6.6616898200504995,0.00856555621078967,converged,-7.192118030470722,0.2344171865415567,oldn1244,converged,-0.5304282104202223,-2.261244024138838,Old Norse,Eurasia,Indo-European,10.38,63.42,900000,other
dance_group,-7.253315279651133,0.017805314144472898,converged,-7.379785375181196,0.05283113539540287,lati1261,converged,-0.12647009553006328,-2.2684870129961077,Latin,Eurasia,Indo-European,12.4502,41.9026,56800000,other
taste_group,-6.6616898200504995,0.00856555621078967,converged,-6.9664214149438,0.13370392386854713,esto1258,converged,-0.30473159489330026,-2.2744895800406857,Estonian,Eurasia,Uralic,25.82,58.55,1148690,other
ice_group,-7.612487188014121,0.01790479757416687,converged,-8.417127075030578,0.35311212056040314,gand1255,converged,-0.8046398870164566,-2.2757856176713633,Ganda,Africa,Atlantic-Congo,32.15153,0.66884,4130000,other
dance_group,-7.253315279651133,0.017805314144472898,converged,-8.210967033007769,0.4180293027105037,kips1239,converged,-0.957651753356636,-2.2887970774066435,Kipsigis,Africa,Nilotic,35.258532,-0.35774,471000,other
ice_group,-7.612487188014121,0.01790479757416687,converged,-8.244400888672965,0.27469891661378854,yoru1245,converged,-0.6319137006588438,-2.295515616478007,Yoruba,Africa,Atlantic-Congo,3.67225,7.15345,18900000,other
smell_group,-6.4695167475009825,0.009740427525109643,converged,-6.647019586011612,0.07669110737391972,hebr1245,converged,-0.17750283851062942,-2.2960714877203485,Modern Hebrew,Eurasia,Afro-Asiatic,35.0179,31.1056,4850000,other
ice_group,-7.612487188014121,0.01790479757416687,converged,-8.157743893708368,0.23675073966980736,nyan1308,converged,-0.5452567056942463,-2.296525335101026,Nyanja,Africa,Atlantic-Congo,32.8108,-14.8047,8402000,other
rain_group,-6.603067545596872,0.011688275163570797,converged,-7.4499291352644494,0.3680032798364593,midd1343,converged,-0.8468615896675775,-2.300073965197212,Middle High German,Eurasia,Indo-European,10.599,48.254,23000000,other
wind_group,-5.9578521923046734,0.008998002000740201,converged,-6.434980045293002,0.20719224572706166,buli1254,converged,-0.47712785298832827,-2.300658268254449,Buli,Africa,Atlantic-Congo,-1.26748,10.5763,150000,other
smell_group,-6.4695167475009825,0.009740427525109643,converged,-6.97350555293053,0.21849163237706343,loui1240,converged,-0.5039888054295476,-2.304384521390461,Louisiana Creole French,North America,Indo-European,269.2525,30.0412,70000,other
wind_group,-5.9578521923046734,0.008998002000740201,converged,-6.033078171651139,0.031345333199938666,nucl1643,converged,-0.0752259793464658,-2.306748983444527,Japanese,Eurasia,Japonic,135,35,121563000,other
ice_group,-7.612487188014121,0.01790479757416687,converged,-8.944804756674221,0.5759421071870583,ibib1240,converged,-1.3323175686601,-2.312166807278622,Ibibio,Africa,Atlantic-Congo,7.86688,5.15279,6259000,other
dance_group,-7.253315279651133,0.017805314144472898,converged,-8.438658865556983,0.511760959334583,suss1239,converged,-1.1853435859058497,-2.314804960147634,Sussex,Eurasia,Indo-European,-1,53,602255,other
snow_group,-7.416197459846801,0.016251105602529504,converged,-7.542053710644346,0.05183168537084704,lati1261,converged,-0.12585625079754514,-2.3169571340059387,Latin,Eurasia,Indo-European,12.4502,41.9026,56800000,other
dance_group,-7.253315279651133,0.017805314144472898,converged,-8.037830401694931,0.3381055325976258,beij1234,converged,-0.784515122043798,-2.317115401551512,Beijing Mandarin,Eurasia,Sino-Tibetan,116.1172766,39.9385466,27000000,other
dance_group,-7.253315279651133,0.017805314144472898,converged,-8.441225034626452,0.5117608484074302,besi1244,converged,-1.187909754975319,-2.3198168202288314,Besisi,Eurasia,Austroasiatic,101.676,2.717,2990,other
dance_group,-7.253315279651133,0.017805314144472898,converged,-8.551719808421028,0.5584841010177628,gilb1244,converged,-1.298404528769895,-2.3236922234391026,Gilbertese,Papunesia,Austronesian,173.64,0.179,66110,other
ice_group,-7.612487188014121,0.01790479757416687,converged,-8.847316453654129,0.5307591631666334,taku1257,converged,-1.2348292656400073,-2.3252113764924283,Takuu,Papunesia,Austronesian,157.032085,-4.773094,1750,other
smell_group,-6.4695167475009825,0.009740427525109643,converged,-6.765268387144321,0.12668579026011478,penn1240,converged,-0.2957516396433384,-2.327659027975458,Pennsylvania German,North America,Indo-European,283.6789,40.030507,209280,other
taste_group,-6.6616898200504995,0.00856555621078967,converged,-7.177606174834271,0.22137055099393094,tuam1242,converged,-0.515916354783772,-2.3288128346537746,Tuamotuan,Papunesia,Austronesian,213.678245,-16.17259,14400,hunter-gatherer
ice_group,-7.612487188014121,0.01790479757416687,converged,-8.099126275535417,0.20788883712402204,fiji1243,converged,-0.48663908752129537,-2.332227994910638,Fijian,Papunesia,Austronesian,178.33,-18,333440,other
snow_group,-7.416197459846801,0.016251105602529504,converged,-7.675704858901107,0.1100754865141736,nucl1310,converged,-0.2595073990543062,-2.3322599201527177,Burmese,Eurasia,Sino-Tibetan,93.9665,20.7926,32300000,other
snow_group,-7.416197459846801,0.016251105602529504,converged,-8.36278828696142,0.40524420805685435,mans1262,converged,-0.9465908271146191,-2.3339768594227173,Mansaka,Papunesia,Austronesian,126.181,6.79221,57800,other
ice_group,-7.612487188014121,0.01790479757416687,converged,-7.8808487403073855,0.11356193748379861,urdu1245,converged,-0.2683615522932641,-2.33429407928,Urdu,Eurasia,Indo-European,67,25,59050000,other
wind_group,-5.9578521923046734,0.008998002000740201,converged,-6.368818086271558,0.17564079782610378,bata1298,converged,-0.41096589396688454,-2.3367445075600526,Batad Ifugao,Papunesia,Austronesian,121.23,16.8266,43000,other
wind_group,-5.9578521923046734,0.008998002000740201,converged,-6.155737583573041,0.08418288303521648,guja1252,converged,-0.19788539126836735,-2.337346840725672,Gujarati,Eurasia,Indo-European,71.0962,22.687,45544800,other
ice_group,-7.612487188014121,0.01790479757416687,converged,-8.721432532776136,0.47387418196598846,muna1247,converged,-1.1089453447620148,-2.3384996629910844,Muna,Papunesia,Austronesian,122.541,-5.40419,300000,other
smell_group,-6.4695167475009825,0.009740427525109643,converged,-6.81469006670309,0.14725674787035925,tzot1259,converged,-0.34517331920210736,-2.338912671149313,Tzotzil,North America,Mayan,267.26120000000003,16.6362,4230,other
taste_group,-6.6616898200504995,0.00856555621078967,converged,-6.986232801423499,0.13832674656888239,tzot1259,converged,-0.32454298137299986,-2.3417202910965567,Tzotzil,North America,Mayan,267.26120000000003,16.6362,4230,other
rain_group,-6.603067545596872,0.011688275163570797,converged,-7.568476327259492,0.41173934930615275,wilt1234,converged,-0.96540878166262,-2.3437643965784156,Wiltshire-Hampshire,Eurasia,Indo-European,-1,53,2564305,other
wind_group,-5.9578521923046734,0.008998002000740201,converged,-6.320912741819609,0.15458384231195077,tulu1258,converged,-0.3630605495149357,-2.3446632514324377,Tulu,Eurasia,Dravidian,75.2651,12.8114,1950000,other
wind_group,-5.9578521923046734,0.008998002000740201,converged,-6.111346848741345,0.06461718897771251,mara1378,converged,-0.15349465643667148,-2.3527449075024127,Marathi,Eurasia,Indo-European,76.6665,17.9344,68000000,other
snow_group,-7.416197459846801,0.016251105602529504,converged,-8.37046854718597,0.4052439588165045,mbay1241,converged,-0.9542710873391691,-2.3529152610703856,Mbay,Africa,Central Sudanic,15.7328,8.23066,88300,other
ice_group,-7.612487188014121,0.01790479757416687,converged,-8.970331172812939,0.5759413715521267,iqui1243,converged,-1.3578439847988175,-2.3564695618935496,Iquito,South America,Zaparoan,286.02954,-3.31233,100,other
snow_group,-7.416197459846801,0.016251105602529504,converged,-8.124930027510151,0.30022237880453606,cent2131,converged,-0.7087325676633505,-2.357241071120579,Central Tarahumara,North America,Uto-Aztecan,252.846,27.5648,55000,other
ice_group,-7.612487188014121,0.01790479757416687,converged,-8.788244536993732,0.4983658122865331,kiny1244,converged,-1.1757573489796105,-2.357704419168879,Kinyarwanda,Africa,Atlantic-Congo,29.6441,-1.56771,7504000,other
dance_group,-7.253315279651133,0.017805314144472898,converged,-8.326331132525382,0.4524902828607851,chep1245,converged,-1.0730158528742493,-2.3695229105860167,Chepang,Eurasia,Sino-Tibetan,84.9017,27.7206,36800,other
smell_group,-6.4695167475009825,0.009740427525109643,converged,-6.724267988501476,0.10704777896680283,olde1238,converged,-0.25475124100049307,-2.3699991629100543,Old English,Eurasia,Indo-European,-1.31,51.06,2250000,other
ice_group,-7.612487188014121,0.01790479757416687,converged,-8.873088697975025,0.5307584537088169,maya1287,converged,-1.2606015099609031,-2.3737442635530894,Mayan,North America,Mayan,267.1557966206964,17.423987813269193,6000000,other
dance_group,-7.253315279651133,0.017805314144472898,converged,-8.094837845454121,0.3529372496351515,hmon1264,converged,-0.8415225658029879,-2.3813120556474057,Hmong Njua,Eurasia,Hmong-Mien,101.95,22.5638,210000,other
rain_group,-6.603067545596872,0.011688275163570797,converged,-7.161618128127658,0.23402849246530386,egyp1253,converged,-0.5585505825307857,-2.3837066044645057,Egyptian Arabic,Africa,Afro-Asiatic,31,31,53410000,other
snow_group,-7.416197459846801,0.016251105602529504,converged,-8.112787850605148,0.2908428322181348,bali1278,converged,-0.69659039075834706,-2.3913448613471844,Balinese,Papunesia,Austronesian,115.075,-8.35714,3330000,other
taste_group,-6.6616898200504995,0.00856555621078967,converged,-7.2964424994177595,0.2651801204379256,oldc1244,converged,-0.63475267936726,-2.392418418179052,Old Chinese,Eurasia,Sino-Tibetan,114.32,36.12,57671400,other
ice_group,-7.612487188014121,0.01790479757416687,converged,-8.7032336250367,0.4546393802460675,renn1242,converged,-1.0907464370225792,-2.3972880637832956,Rennell-Bellona,Papunesia,Austronesian,160.265,-11.6237,4390,other
taste_group,-6.6616898200504995,0.00856555621078967,converged,-7.101293321754883,0.18284008823353176,bata1298,converged,-0.4396035017043838,-2.4016719048888207,Batad Ifugao,Papunesia,Austronesian,121.23,16.8266,43000,other
dance_group,-7.253315279651133,0.017805314144472898,converged,-7.590818662825009,0.1390077378474289,hung1274,converged,-0.3375033831738756,-2.408271212914296,Hungarian,Eurasia,Uralic,19.6555271429,46.9068585714,12173900,other
ice_group,-7.612487188014121,0.01790479757416687,converged,-8.388127532667392,0.32151675642711924,masa1300,converged,-0.7756403446532705,-2.4087093638924997,Masai,Africa,Nilotic,36.4573,-3.1419,1045000,other
wind_group,-5.9578521923046734,0.008998002000740201,converged,-6.234228956458902,0.11366486801601841,oldf1239,converged,-0.27637676415422874,-2.423922460263502,Old French,Eurasia,Indo-European,1.11,48.8,16000000,other
snow_group,-7.416197459846801,0.016251105602529504,converged,-7.680176582616076,0.10761809738577853,afri1274,converged,-0.2639791227692747,-2.425427174520573,Afrikaans,Africa,Indo-European,30,-22,4849900,other
rain_group,-6.603067545596872,0.011688275163570797,converged,-7.304252249373347,0.2880127517875573,kiny1244,converged,-0.7011847037764749,-2.4325590015321343,Kinyarwanda,Africa,Atlantic-Congo,29.6441,-1.56771,7504000,other
wind_group,-5.9578521923046734,0.008998002000740201,converged,-6.126094282677385,0.06824459447068279,nucl1235,converged,-0.16824209037271132,-2.444127715907683,Eastern Armenian,Eurasia,Indo-European,45,40,4684400,other
wind_group,-5.9578521923046734,0.008998002000740201,converged,-6.368678171682965,0.16735490586258392,nucl1302,converged,-0.41082597937829135,-2.4512783626318404,Georgian,Eurasia,Kartvelian,43.78613,41.850397,4016300,other
smell_group,-6.4695167475009825,0.009740427525109643,converged,-6.988429459747285,0.21138685780186448,jewi1240,converged,-0.5189127122463022,-2.4521992709437703,Jewish Babylonian Aramaic,Eurasia,Afro-Asiatic,44.245,32.273,200000,other
snow_group,-7.416197459846801,0.016251105602529504,converged,-8.047829052816875,0.2564083641937832,wara1300,converged,-0.6316315929700735,-2.4584485507369664,Waray,Papunesia,Austronesian,125.012,11.4911,2570000,other
taste_group,-6.6616898200504995,0.00856555621078967,converged,-7.263198356950316,0.24440150324405377,kiny1244,converged,-0.6015085368998161,-2.459638968333449,Kinyarwanda,Africa,Atlantic-Congo,29.6441,-1.56771,7504000,other
dance_group,-7.253315279651133,0.017805314144472898,converged,-7.446678786071538,0.07635310983546831,beng1280,converged,-0.1933635064204049,-2.466317770426092,Bengali,Eurasia,Indo-European,90,24,180623600,other
taste_group,-6.6616898200504995,0.00856555621078967,converged,-7.089351488600903,0.1731308485783429,sant1410,converged,-0.4276616685504031,-2.467146856590532,Santali,Eurasia,Austroasiatic,87.8185,25.0317,6157300,other
rain_group,-6.603067545596872,0.011688275163570797,converged,-6.941160100339521,0.13623909525085207,oriy1255,converged,-0.33809255474264877,-2.472529226517199,Odia,Eurasia,Indo-European,85,21,34463280,other
ice_group,-7.612487188014121,0.01790479757416687,converged,-9.038760626709813,0.5759394896912391,aros1241,converged,-1.4262734386956915,-2.475233498171574,Arosi,Papunesia,Austronesian,161.432,-10.2441,6750,other
snow_group,-7.416197459846801,0.016251105602529504,converged,-8.085542896241614,0.26959739212817335,chuu1238,converged,-0.6693454363948135,-2.4782609200249164,Chuukese,Papunesia,Austronesian,151.598607,7.346993,45900,other
ice_group,-7.612487188014121,0.01790479757416687,converged,-8.383209513794538,0.31025171868709056,mara1404,converged,-0.770722325780417,-2.4800574119461345,Maranao,Papunesia,Austronesian,124.175,7.79414,776000,other
snow_group,-7.416197459846801,0.016251105602529504,converged,-8.424825691716354,0.40524224848051904,toab1237,converged,-1.0086282318695527,-2.4869523882084748,To'abaita,Papunesia,Austronesian,160.619,-8.39233,12600,other
dance_group,-7.253315279651133,0.017805314144472898,converged,-8.239612763370772,0.3953595188470939,aves1237,converged,-0.986297483719639,-2.4921590146265493,Avestan,Eurasia,Indo-European,62.112,34.217,150000,other
snow_group,-7.416197459846801,0.016251105602529504,converged,-8.395191075389583,0.3912906143310135,tuwa1243,converged,-0.9789936155427821,-2.499805340333373,Tuwali Ifugao,Papunesia,Austronesian,121.113,16.6646,30000,other
dance_group,-7.253315279651133,0.017805314144472898,converged,-8.247251034446771,0.3960373571993012,esse1265,converged,-0.993935754795638,-2.5071694490742353,Essex,Eurasia,Indo-European,-1,53,1832751,other
rain_group,-6.603067545596872,0.011688275163570797,converged,-7.457534338218524,0.340490860869134,yape1248,converged,-0.8544667926216523,-2.508037326935266,Yapese,Papunesia,Austronesian,138.125,9.55811,6590,other
ice_group,-7.612487188014121,0.01790479757416687,converged,-8.475608932327301,0.3432211761146718,kate1253,converged,-0.8631217443131796,-2.511353467694218,Kâte,Papunesia,Nuclear Trans New Guinea,147.757,-6.4795,6130,other
taste_group,-6.6616898200504995,0.00856555621078967,converged,-7.189666950388059,0.209670337866262,jude1267,converged,-0.5279771303375593,-2.5160311609133297,Judeo-Yemeni Arabic,Eurasia,Afro-Asiatic,45,15,37680,other
dance_group,-7.253315279651133,0.017805314144472898,converged,-7.546455059864436,0.11505133249730062,kore1280,converged,-0.2931397802133029,-2.5179297403309278,Korean,Eurasia,Koreanic,126.98,37.54,65236300,other
snow_group,-7.416197459846801,0.016251105602529504,converged,-8.439360569223467,0.40524180667801224,sund1252,converged,-1.0231631093766662,-2.522793461122001,Sundanese,Papunesia,Austronesian,107.106,-6.89708,34000000,other
rain_group,-6.603067545596872,0.011688275163570797,converged,-6.808035590853029,0.0803883270571012,iris1253,converged,-0.20496804525615708,-2.523192713836597,Irish,Eurasia,Indo-European,-7.61509,53.2186,260000,other
taste_group,-6.6616898200504995,0.00856555621078967,converged,-7.416336572181304,0.2989582136980395,saba1279,converged,-0.7546467521308049,-2.523219511787127,Sabaic,Eurasia,Afro-Asiatic,45.35,15.42,2590000,other
smell_group,-6.4695167475009825,0.009740427525109643,converged,-6.802253701517398,0.13132886900169577,newa1246,converged,-0.3327369540164158,-2.5266762346232303,Kathmandu Valley Newari,Eurasia,Sino-Tibetan,85.326,27.67,839000,other
wind_group,-5.9578521923046734,0.008998002000740201,converged,-6.424272782717783,0.18422092465286227,jewi1240,converged,-0.4664205904131098,-2.5288398536934023,Jewish Babylonian Aramaic,Eurasia,Afro-Asiatic,44.245,32.273,200000,other
dance_group,-7.253315279651133,0.017805314144472898,converged,-7.620171241146022,0.1437087102263203,guja1252,converged,-0.3668559614948892,-2.533403789202909,Gujarati,Eurasia,Indo-European,71.0962,22.687,45544800,other
snow_group,-7.416197459846801,0.016251105602529504,converged,-8.447374792690225,0.4052415658097706,surs1246,converged,-1.0311773328434235,-2.542555485517845,Sursurunga,Papunesia,Austronesian,152.768,-3.99078,3000,other
ice_group,-7.612487188014121,0.01790479757416687,converged,-8.885062455501942,0.49836339345042496,yiry1245,converged,-1.2725752674878201,-2.551862319311828,Yir-Yoront,Australia,Pama-Nyungan,141.767,-15.1117,100,hunter-gatherer
rain_group,-6.603067545596872,0.011688275163570797,converged,-6.991673979026284,0.15158986152583329,nort2690,converged,-0.3886064334294117,-2.5559519553561065,Northern Uzbek,Eurasia,Turkic,69.211,40.886,17695000,other
taste_group,-6.6616898200504995,0.00856555621078967,converged,-6.940803722542002,0.10867950458859234,laoo1244,converged,-0.2791139024915026,-2.560289769931342,Lao,Eurasia,Tai-Kadai,102.46,19,3149000,other
ice_group,-7.612487188014121,0.01790479757416687,converged,-8.274268080908248,0.2568759834268465,efik1245,converged,-0.6617808928941269,-2.5700305859200143,Efik,Africa,Atlantic-Congo,8.38121,4.89379,400000,other
snow_group,-7.416197459846801,0.016251105602529504,converged,-8.462018341481116,0.4052411306512374,muna1247,converged,-1.0458208816343149,-2.5786645861553827,Muna,Papunesia,Austronesian,122.541,-5.40419,300000,other
smell_group,-6.4695167475009825,0.009740427525109643,converged,-7.179465916680832,0.2750776538693903,sout3283,converged,-0.7099491691798496,-2.5792880395950184,South Yorkshire English,Eurasia,Indo-European,-1,53,1402918,other
dance_group,-7.253315279651133,0.017805314144472898,converged,-8.37626480317347,0.43230124291035577,kyak1244,converged,-1.1229495235223368,-2.5954083420821528,Kyaka,Papunesia,Nuclear Trans New Guinea,144.119,-5.52462,15400,other
smell_group,-6.4695167475009825,0.009740427525109643,converged,-7.374186875679684,0.34805886855880735,male1292,converged,-0.9046701281787017,-2.598169927480469,Malecite-Passamaquoddy,North America,Algic,292.59195,45.494475,2060,hunter-gatherer
snow_group,-7.416197459846801,0.016251105602529504,converged,-8.47006720517619,0.4052408941650069,yiry1245,converged,-1.0538697453293882,-2.598512060500461,Yir-Yoront,Australia,Pama-Nyungan,141.767,-15.1117,100,hunter-gatherer
rain_group,-6.603067545596872,0.011688275163570797,converged,-6.889281478654229,0.10926200198513564,hung1274,converged,-0.28621393305735676,-2.6046584565802515,Hungarian,Eurasia,Uralic,19.6555271429,46.9068585714,12173900,other
dance_group,-7.253315279651133,0.017805314144472898,converged,-7.557003033050451,0.11506408359105176,hebr1245,converged,-0.3036877533993181,-2.6082494473100675,Modern Hebrew,Eurasia,Afro-Asiatic,35.0179,31.1056,4850000,other
ice_group,-7.612487188014121,0.01790479757416687,converged,-9.127418831421812,0.5759372353912344,bara1370,converged,-1.5149316434076905,-2.629106111480872,Baram Kayan,Papunesia,Austronesian,114.482,3.51211,4150,other
ice_group,-7.612487188014121,0.01790479757416687,converged,-8.683063846972804,0.40623076868980484,romb1245,converged,-1.0705766589586823,-2.632834288806915,Romblomanon,Papunesia,Austronesian,122.56,12.4047,200000,other
snow_group,-7.416197459846801,0.016251105602529504,converged,-8.417129628960046,0.37949292524777334,masb1238,converged,-1.000932169113245,-2.6351365058735134,Masbatenyo,Papunesia,Austronesian,123.63579,12.21453,350000,other
ice_group,-7.612487188014121,0.01790479757416687,converged,-8.70904950296611,0.4154517007912601,aona1235,converged,-1.0965623149519885,-2.6369981634225534,Ao Naga,Eurasia,Sino-Tibetan,94.3824,26.3241,232000,other
taste_group,-6.6616898200504995,0.00856555621078967,converged,-7.231151310264789,0.21562878176585323,tiko1237,converged,-0.5694614902142892,-2.638853315919703,Tikopia,Papunesia,Austronesian,168.822,-12.2766,3320,other
snow_group,-7.416197459846801,0.016251105602529504,converged,-8.115040052749567,0.2641313317690961,lush1249,converged,-0.698842592902766,-2.640821099259028,Mizo,Eurasia,Sino-Tibetan,92.6247,22.6138,541750,other
wind_group,-5.9578521923046734,0.008998002000740201,converged,-6.536468719428531,0.21889282645856245,sout2668,converged,-0.5786165271238577,-2.641147675004163,Southern Hindko,Eurasia,Indo-European,72.1702,33.2122,625000,other
smell_group,-6.4695167475009825,0.009740427525109643,converged,-7.425179082363603,0.36088573542040403,tari1263,converged,-0.9556623348626205,-2.647138253304358,Tarifiyt-Beni-Iznasen-Eastern Middle Atlas Berber,Africa,Afro-Asiatic,-3.430616,34.916974,1500000,other
snow_group,-7.416197459846801,0.016251105602529504,converged,-7.773273793147026,0.13378139753234702,hawa1245,converged,-0.3570763333002249,-2.649625425185756,Hawaiian,Papunesia,Austronesian,204.57,19.6297,1000,other
snow_group,-7.416197459846801,0.016251105602529504,converged,-8.18007850871397,0.28696258609600894,oldk1249,converged,-0.7638810488671695,-2.6576950971170783,Old Khmer,Eurasia,Austroasiatic,103.866667,13.4125,17000000,other
taste_group,-6.6616898200504995,0.00856555621078967,converged,-7.329692763708749,0.2503903715583868,nuuc1236,converged,-0.6680029436582497,-2.666286325164201,Nuu-chah-nulth,North America,Wakashan,233.33,49.67,7680,hunter-gatherer
ice_group,-7.612487188014121,0.01790479757416687,converged,-8.359363909405358,0.27897296011170225,bora1271,converged,-0.7468767213912368,-2.6717398839426565,Borana-Arsi-Guji Oromo,Africa,Afro-Asiatic,37.882,1.05676,3823600,other
snow_group,-7.416197459846801,0.016251105602529504,converged,-8.28712801503293,0.32516204994613895,jewi1240,converged,-0.8709305551861295,-2.675111878757062,Jewish Babylonian Aramaic,Eurasia,Afro-Asiatic,44.245,32.273,200000,other
snow_group,-7.416197459846801,0.016251105602529504,converged,-8.50408596884263,0.40523991540666193,kuru1301,converged,-1.0878885089958281,-2.682398123998919,Kurukh,Eurasia,Dravidian,86.46568,24.46442,2090000,other
smell_group,-6.4695167475009825,0.009740427525109643,converged,-6.860366081546499,0.14516297882217324,esto1258,converged,-0.3908493340455168,-2.686445378991329,Estonian,Eurasia,Uralic,25.82,58.55,1148690,other
wind_group,-5.9578521923046734,0.008998002000740201,converged,-6.6126729693392585,0.24297710802732161,gwer1238,converged,-0.6548207770345851,-2.693143546815387,Gwere,Africa,Atlantic-Congo,33.8227,1.11392,409000,other
wind_group,-5.9578521923046734,0.008998002000740201,converged,-6.626146782386997,0.24783343682440348,nucl1347,converged,-0.6682945900823238,-2.694771818185317,Wolof,Africa,Atlantic-Congo,-15.383,15.2534,3942000,other
dance_group,-7.253315279651133,0.017805314144472898,converged,-8.476482271196396,0.45248483921490595,pint1250,converged,-1.2231669915452628,-2.701131597176572,Pintupi-Luritja,Australia,Pama-Nyungan,130.643,-23.2963,390,hunter-gatherer
taste_group,-6.6616898200504995,0.00856555621078967,converged,-7.433816477393283,0.28553019457787443,sume1241,converged,-0.7721266573427839,-2.7029696952734232,Sumerian,Eurasia,isolate_sume1241,45.6667,31.3,1150000,other
wind_group,-5.9578521923046734,0.008998002000740201,converged,-6.205812899125039,0.09109282453062818,sinh1246,converged,-0.24796070682036575,-2.7088828550340085,Sinhala,Eurasia,Indo-European,81,8,15500000,other
snow_group,-7.416197459846801,0.016251105602529504,converged,-7.905311630369153,0.1796032561566576,cent1989,converged,-0.4891141705223516,-2.712223292968698,Central Khmer,Eurasia,Austroasiatic,105.015,12.0515,13370400,other
ice_group,-7.612487188014121,0.01790479757416687,converged,-8.043835632647546,0.15744583740355433,nucl1305,converged,-0.43134844463342503,-2.722117320013355,Kannada,Eurasia,Dravidian,76.1198,13.5878,35300000,other
snow_group,-7.416197459846801,0.016251105602529504,converged,-8.45490802616729,0.37949192704331897,plat1254,converged,-1.0387105663204892,-2.734602207158039,Plateau Malagasy,Africa,Austronesian,47.1211,-19.5907,7520000,other
snow_group,-7.416197459846801,0.016251105602529504,converged,-8.525921970891138,0.4052393044786221,ngaa1240,converged,-1.1097245110443374,-2.736243100638876,Ngaanyatjarra,Australia,Pama-Nyungan,127.602,-25.7514,990,hunter-gatherer
dance_group,-7.253315279651133,0.017805314144472898,converged,-8.156867098366554,0.3292712995112103,hmon1333,converged,-0.903551818715421,-2.740092058789463,Hmong Daw,Eurasia,Hmong-Mien,103.164,21.5461,435400,other
taste_group,-6.6616898200504995,0.00856555621078967,converged,-7.554643734368744,0.32564747751976864,mala1522,converged,-0.8929539143182446,-2.741139540076607,Malayo,South America,Chibchan,286.5944,10.9286,1920,other
taste_group,-6.6616898200504995,0.00856555621078967,converged,-6.992336694154126,0.12023148832819174,fili1244,converged,-0.3306468741036266,-2.7431330029093326,Filipino,Papunesia,Austronesian,123.464,12.265,109035343,other
snow_group,-7.416197459846801,0.016251105602529504,converged,-8.432615348253055,0.3693739594601359,mars1254,converged,-1.016417888406254,-2.7490719337406695,Marshallese,Papunesia,Austronesian,167.73,8.72,43900,other
snow_group,-7.416197459846801,0.016251105602529504,converged,-8.073392639556538,0.2379859706680312,bora1271,converged,-0.6571951797097366,-2.7550711216311905,Borana-Arsi-Guji Oromo,Africa,Afro-Asiatic,37.882,1.05676,3823600,other
dance_group,-7.253315279651133,0.017805314144472898,converged,-7.764097694748393,0.18447125236099052,pali1273,converged,-0.5107824150972595,-2.7560913296189313,Pali,Eurasia,Indo-European,82.251,24.5271,22500000,other
rain_group,-6.603067545596872,0.011688275163570797,converged,-6.8235357832607155,0.07896154459430241,tibe1272,converged,-0.2204682376638436,-2.76200066773431,Tibetan,Eurasia,Sino-Tibetan,90.1872,28.3681,1269080,other
ice_group,-7.612487188014121,0.01790479757416687,converged,-8.332503569709235,0.2599808298033686,shon1251,converged,-0.720016381695114,-2.7629533363129926,Shona,Africa,Atlantic-Congo,29.75725,-17.20849,10741200,other
ice_group,-7.612487188014121,0.01790479757416687,converged,-8.21397510189476,0.2166902106757759,cent1989,converged,-0.6014879138806393,-2.766368837560902,Central Khmer,Eurasia,Austroasiatic,105.015,12.0515,13370400,other
smell_group,-6.4695167475009825,0.009740427525109643,converged,-6.735551391411107,0.09509919266831979,minn1241,converged,-0.26603464391012466,-2.782884718126301,Min Nan Chinese,Eurasia,Sino-Tibetan,118.17,24.5,40700000,other
ice_group,-7.612487188014121,0.01790479757416687,converged,-9.100091675688235,0.5307529349711887,tuwa1243,converged,-1.4876044876741137,-2.8012256581830357,Tuwali Ifugao,Papunesia,Austronesian,121.113,16.6646,30000,other
dance_group,-7.253315279651133,0.017805314144472898,converged,-8.298128065590678,0.3725554188983991,khot1251,converged,-1.0448127859395449,-2.801251943199947,Khotanese,Eurasia,Indo-European,79.04,38.33,83000,other
taste_group,-6.6616898200504995,0.00856555621078967,converged,-7.164695102274214,0.1783626084523434,oldk1249,converged,-0.5030052822237145,-2.8168810928821384,Old Khmer,Eurasia,Austroasiatic,103.866667,13.4125,17000000,other
snow_group,-7.416197459846801,0.016251105602529504,converged,-7.902701527447251,0.1714547800487746,samo1305,converged,-0.48650406760044973,-2.824845841753533,Samoan,Papunesia,Austronesian,188.17,-13.92,306840,other
snow_group,-7.416197459846801,0.016251105602529504,converged,-7.703988464990476,0.10050923994859787,panj1256,converged,-0.28779100514367517,-2.826619194659175,Eastern Panjabi,Eurasia,Indo-European,75.6702,30.0368,27100000,other
snow_group,-7.416197459846801,0.016251105602529504,converged,-8.215206545856773,0.28143288510828085,pala1344,converged,-0.7990090860099723,-2.834353578176146,Palauan,Papunesia,Austronesian,134.476678,7.34138,14800,other
dance_group,-7.253315279651133,0.017805314144472898,converged,-7.800476571267607,0.19219394155130112,shan1277,converged,-0.5471612916164741,-2.8347837366453303,Shan,Eurasia,Tai-Kadai,98.0342,21.5995,3295000,other
ice_group,-7.612487188014121,0.01790479757416687,converged,-9.248638699379695,0.5759344593992572,toab1237,converged,-1.6361515113655738,-2.839492243915905,To'abaita,Papunesia,Austronesian,160.619,-8.39233,12600,other
smell_group,-6.4695167475009825,0.009740427525109643,converged,-7.37744943867671,0.3188289805504271,yong1270,converged,-0.907932691175728,-2.846382660889874,Narua,Eurasia,Sino-Tibetan,100.9,27.8,47000,other
dance_group,-7.253315279651133,0.017805314144472898,converged,-9.043780407270985,0.6286721901679366,saba1279,converged,-1.7904651276198518,-2.846869138609809,Sabaic,Eurasia,Afro-Asiatic,45.35,15.42,2590000,other
smell_group,-6.4695167475009825,0.009740427525109643,converged,-6.705735916925729,0.08236503468755726,yuec1235,converged,-0.2362191694247464,-2.8481078674668105,Yue Chinese,Eurasia,Sino-Tibetan,113,23,52025130,other
smell_group,-6.4695167475009825,0.009740427525109643,converged,-6.727978925756149,0.08980346329367664,nucl1301,converged,-0.2584621782551668,-2.8613054156181126,Turkish,Eurasia,Turkic,32.8667,39.8667,47644500,other
ice_group,-7.612487188014121,0.01790479757416687,converged,-9.271185001788009,0.5759339791726715,surs1246,converged,-1.6586978137738875,-2.8786230785401004,Sursurunga,Papunesia,Austronesian,152.768,-3.99078,3000,other
taste_group,-6.6616898200504995,0.00856555621078967,converged,-6.826233851853833,0.05651454044711745,russ1263,converged,-0.16454403180333355,-2.8786585298955223,Russian,Eurasia,Indo-European,50,59,135099940,other
snow_group,-7.416197459846801,0.016251105602529504,converged,-7.673221160918293,0.08746190114021887,stan1306,converged,-0.25702370107149175,-2.889241601902667,Standard Malay,Eurasia,Austronesian,101.699,3.08896,33200000,other
dance_group,-7.253315279651133,0.017805314144472898,converged,-7.58002374773057,0.11163912658652227,nucl1310,converged,-0.32670846807943654,-2.8899442359155993,Burmese,Eurasia,Sino-Tibetan,93.9665,20.7926,32300000,other
dance_group,-7.253315279651133,0.017805314144472898,converged,-7.828280456026818,0.19814263382294733,goan1235,converged,-0.5749651763756853,-2.8901287113883263,Goan Konkani,Eurasia,Indo-European,74.2098,15.2732,3630000,other
dance_group,-7.253315279651133,0.017805314144472898,converged,-7.603942516730691,0.11965781923640541,nucl1235,converged,-0.350627237079558,-2.898337434171539,Eastern Armenian,Eurasia,Indo-European,45,40,4684400,other
rain_group,-6.603067545596872,0.011688275163570797,converged,-7.107560773716709,0.17281875146313622,slov1269,converged,-0.5044932281198369,-2.912550462523625,Slovak,Eurasia,Indo-European,18.78479,48.545705,4701800,other
taste_group,-6.6616898200504995,0.00856555621078967,converged,-6.870818266884761,0.07124939338705565,afri1274,converged,-0.2091284468342618,-2.9141777706119525,Afrikaans,Africa,Indo-European,30,-22,4849900,other
ice_group,-7.612487188014121,0.01790479757416687,converged,-8.617884410146203,0.34444509697082043,chuu1238,converged,-1.005397222132082,-2.9149540630568094,Chuukese,Papunesia,Austronesian,151.598607,7.346993,45900,other
smell_group,-6.4695167475009825,0.009740427525109643,converged,-7.034357947981746,0.1933234771255114,nort3139,converged,-0.5648412004807639,-2.918039910711627,Levantine Arabic,Eurasia,Afro-Asiatic,36.0468,34.1709,13300000,other
wind_group,-5.9578521923046734,0.008998002000740201,converged,-6.6246304480372045,0.2280578585200897,rend1243,converged,-0.666778255732531,-2.9214510814491055,Rendille,Africa,Afro-Asiatic,37.3608,2.27065,34700,other
taste_group,-6.6616898200504995,0.00856555621078967,converged,-7.326244273030461,0.22640509196365197,kirg1245,converged,-0.6645544529799619,-2.933146776482076,Kirghiz,Eurasia,Turkic,74,42,2674750,other
ice_group,-7.612487188014121,0.01790479757416687,converged,-8.817254550475571,0.4100741389604883,tulu1258,converged,-1.2047673624614497,-2.935129292761199,Tulu,Eurasia,Dravidian,75.2651,12.8114,1950000,other
dance_group,-7.253315279651133,0.017805314144472898,converged,-8.236427594513259,0.3344673452352947,jewi1240,converged,-0.9831123148621259,-2.935181082040471,Jewish Babylonian Aramaic,Eurasia,Afro-Asiatic,44.245,32.273,200000,other
rain_group,-6.603067545596872,0.011688275163570797,converged,-7.0063198315221245,0.13636145978036965,roma1327,converged,-0.40325228592525253,-2.94642655505953,Romanian,Eurasia,Indo-European,24.2256,46.3913,22610000,other
ice_group,-7.612487188014121,0.01790479757416687,converged,-8.742863038076859,0.38276404220336663,bali1278,converged,-1.1303758500627374,-2.949966655665948,Balinese,Papunesia,Austronesian,115.075,-8.35714,3330000,other
wind_group,-5.9578521923046734,0.008998002000740201,converged,-6.290600758745995,0.11243629680447309,nort2690,converged,-0.3327485664413219,-2.9500093626457042,Northern Uzbek,Eurasia,Turkic,69.211,40.886,17695000,other
taste_group,-6.6616898200504995,0.00856555621078967,converged,-6.866871467415083,0.06870694877271641,mode1248,converged,-0.20518164736458377,-2.963390492387694,Modern Greek,Eurasia,Indo-European,23.13,38.36,11792480,other
snow_group,-7.416197459846801,0.016251105602529504,converged,-8.288940252888203,0.2927242780618346,bemb1257,converged,-0.872742793041402,-2.976865993236999,Bemba,Africa,Atlantic-Congo,29.2993,-10.6122,3600000,other
snow_group,-7.416197459846801,0.016251105602529504,converged,-8.630457352718553,0.40523655765826877,tuam1242,converged,-1.2142598928717518,-2.9940158174760185,Tuamotuan,Papunesia,Austronesian,213.678245,-16.17259,14400,hunter-gatherer
taste_group,-6.6616898200504995,0.00856555621078967,converged,-7.04155282486083,0.12636067384781408,nort2690,converged,-0.3798630048103302,-2.9992975718084,Northern Uzbek,Eurasia,Turkic,69.211,40.886,17695000,other
ice_group,-7.612487188014121,0.01790479757416687,converged,-8.980286538615525,0.45463371791644114,jude1267,converged,-1.3677993506014037,-3.0062439091259474,Judeo-Yemeni Arabic,Eurasia,Afro-Asiatic,45,15,37680,other
smell_group,-6.4695167475009825,0.009740427525109643,converged,-7.2899034814670065,0.2714524093801694,nort2671,converged,-0.820386733966024,-3.020268250070551,North Saami,Eurasia,Uralic,22.1113,68.725,20700,other
ice_group,-7.612487188014121,0.01790479757416687,converged,-7.910221401128903,0.09692770656701466,hind1269,converged,-0.297734213114782,-3.0206108461596397,Hindi,Eurasia,Indo-European,77,25,180122200,other
rain_group,-6.603067545596872,0.011688275163570797,converged,-6.926416791768287,0.10570013730849356,nucl1301,converged,-0.32334924617141514,-3.0405850959710645,Turkish,Eurasia,Turkic,32.8667,39.8667,47644500,other
dance_group,-7.253315279651133,0.017805314144472898,converged,-7.979145069209975,0.23749912223411201,bora1271,converged,-0.7258297895588415,-3.0475842454765467,Borana-Arsi-Guji Oromo,Africa,Afro-Asiatic,37.882,1.05676,3823600,other
snow_group,-7.416197459846801,0.016251105602529504,converged,-8.654253867822296,0.4052359714822947,kala1397,converged,-1.2380564079754954,-3.0526955912864167,Kalam,Papunesia,Nuclear Trans New Guinea,144.585,-5.25216,15000,other
rain_group,-6.603067545596872,0.011688275163570797,converged,-7.072623320982268,0.15323724035849592,finn1318,converged,-0.4695557753853965,-3.0553654761505493,Finnish,Eurasia,Uralic,25.5577,64.7628,4739460,other
snow_group,-7.416197459846801,0.016251105602529504,converged,-8.57891249125681,0.3794889033503536,niue1239,converged,-1.1627150314100092,-3.0610917824898123,Niuean,Papunesia,Austronesian,190.14,-19.06,7950,other
wind_group,-5.9578521923046734,0.008998002000740201,converged,-6.264136609510682,0.09955948190994322,haus1257,converged,-0.3062844172060082,-3.063908379003785,Hausa,Africa,Afro-Asiatic,8.7804,11.1513,24060500,other
rain_group,-6.603067545596872,0.011688275163570797,converged,-6.727115692825041,0.038719956496785536,stan1290,converged,-0.12404814722816937,-3.0670329074388634,French,Eurasia,Indo-European,2,48,65458630,other
taste_group,-6.6616898200504995,0.00856555621078967,converged,-6.932573695526014,0.08778405471864639,hawa1245,converged,-0.27088387547551473,-3.071212390447142,Hawaiian,Papunesia,Austronesian,204.57,19.6297,1000,other
snow_group,-7.416197459846801,0.016251105602529504,converged,-8.663483240626341,0.40523574786408517,tbol1240,converged,-1.2472857807795403,-3.07545429858323,Tboli,Papunesia,Austronesian,124.538,6.20377,95300,other
smell_group,-6.4695167475009825,0.009740427525109643,converged,-7.247471114498569,0.2520624316229524,muna1247,converged,-0.7779543669975864,-3.0840540647216597,Muna,Papunesia,Austronesian,122.541,-5.40419,300000,other
ice_group,-7.612487188014121,0.01790479757416687,converged,-8.667598526008538,0.34082906885068415,anci1244,converged,-1.0551113379944166,-3.0914570763411264,Ancient Hebrew,Eurasia,Afro-Asiatic,35.1725,31.7761,40000,other
taste_group,-6.6616898200504995,0.00856555621078967,converged,-7.247269461147009,0.18841071274613336,icel1247,converged,-0.5855796410965093,-3.1047886231938575,Icelandic,Eurasia,Indo-European,-19.0212,63.4837,230000,other
ice_group,-7.612487188014121,0.01790479757416687,converged,-9.262367731540504,0.5307496909724551,tbol1240,converged,-1.6498805435263826,-3.1068176829893837,Tboli,Papunesia,Austronesian,124.538,6.20377,95300,other
snow_group,-7.416197459846801,0.016251105602529504,converged,-8.67643658033302,0.40523543747842505,mapu1244,converged,-1.2602391204862187,-3.107395950417904,Mapun,Papunesia,Austronesian,118.75,6.09061,42470,other
dance_group,-7.253315279651133,0.017805314144472898,converged,-7.90007025775869,0.20731739793604692,penn1240,converged,-0.6467549781075572,-3.1081946297892835,Pennsylvania German,North America,Indo-European,283.6789,40.030507,209280,other
dance_group,-7.253315279651133,0.017805314144472898,converged,-7.4088182262697355,0.04672722420951782,stan1295,converged,-0.15550294661860242,-3.109771171125163,German,Eurasia,Indo-European,12.4676,48.649,83520790,other
snow_group,-7.416197459846801,0.016251105602529504,converged,-8.28617674164723,0.2785320040380932,dagb1246,converged,-0.869979281800429,-3.1181417057969147,Dagbani,Africa,Atlantic-Congo,-0.43227,9.64745,800000,other
rain_group,-6.603067545596872,0.011688275163570797,converged,-6.811812464476789,0.06582395450275688,hind1269,converged,-0.2087449188799173,-3.1224167996628274,Hindi,Eurasia,Indo-European,77,25,180122200,other
taste_group,-6.6616898200504995,0.00856555621078967,converged,-7.6796420830185665,0.3256395340007039,mala1479,converged,-1.017952262968067,-3.1249285912484823,Central Malay,Eurasia,Austronesian,103,1.85856,10181000,other
dance_group,-7.253315279651133,0.017805314144472898,converged,-8.065449824163766,0.259186446799559,halh1238,converged,-0.8121345445126327,-3.126031357658815,Halh Mongolian,Eurasia,Mongolic-Khitan,106.28874,48.32397,2332660,other
wind_group,-5.9578521923046734,0.008998002000740201,converged,-6.625102264124605,0.21282256083632003,kiny1244,converged,-0.6672500718199315,-3.1324428104295383,Kinyarwanda,Africa,Atlantic-Congo,29.6441,-1.56771,7504000,other
snow_group,-7.416197459846801,0.016251105602529504,converged,-8.523451731392958,0.3528857324708282,romb1245,converged,-1.1072542715461573,-3.1343914113027043,Romblomanon,Papunesia,Austronesian,122.56,12.4047,200000,other
taste_group,-6.6616898200504995,0.00856555621078967,converged,-7.107140954941519,0.14175338937357915,lako1247,converged,-0.4454511348910195,-3.136715992332238,Lakota,North America,Siouan,256.05,46.3699,6189,hunter-gatherer
snow_group,-7.416197459846801,0.016251105602529504,converged,-7.979586397170063,0.17823424394525786,iban1264,converged,-0.5633889373232623,-3.147888763276581,Iban,Papunesia,Austronesian,112.934,2.09041,694400,other
snow_group,-7.416197459846801,0.016251105602529504,converged,-8.293226810398888,0.2773100864948736,anci1244,converged,-0.8770293505520872,-3.157213830602906,Ancient Hebrew,Eurasia,Afro-Asiatic,35.1725,31.7761,40000,other
taste_group,-6.6616898200504995,0.00856555621078967,converged,-7.454730924559617,0.25038417021757553,yama1264,converged,-0.7930411045091175,-3.165445573167435,Yámana,South America,isolate_yama1264,291.7352,-55.2748,100,hunter-gatherer
taste_group,-6.6616898200504995,0.00856555621078967,converged,-7.609156676355066,0.29894635532444963,tana1289,converged,-0.9474668563045663,-3.1680539340974248,Dena'ina,North America,Athabaskan-Eyak-Tlingit,209.241,60.4712,100,hunter-gatherer
snow_group,-7.416197459846801,0.016251105602529504,converged,-8.287793714556088,0.274567242201838,mara1404,converged,-0.8715962547092868,-3.1688906047760392,Maranao,Papunesia,Austronesian,124.175,7.79414,776000,other
dance_group,-7.253315279651133,0.017805314144472898,converged,-8.35318726924008,0.3465902746489318,sgaw1245,converged,-1.0998719895889462,-3.169227657635093,S'gaw Karen,Eurasia,Sino-Tibetan,97.7126,17.9872,1480000,other
dance_group,-7.253315279651133,0.017805314144472898,converged,-8.695715294065515,0.4524782242898745,oldn1244,converged,-1.4424000144143818,-3.1853125142297922,Old Norse,Eurasia,Indo-European,10.38,63.42,900000,other
ice_group,-7.612487188014121,0.01790479757416687,converged,-9.45424703112714,0.5759304561061996,tuam1242,converged,-1.841759843113019,-3.1963415793939736,Tuamotuan,Papunesia,Austronesian,213.678245,-16.17259,14400,hunter-gatherer
taste_group,-6.6616898200504995,0.00856555621078967,converged,-6.88068843828571,0.06788435974397744,scot1245,converged,-0.2189986182352106,-3.2006756734738318,Scottish Gaelic,Eurasia,Indo-European,-5.24366,56.7574,58700,other
dance_group,-7.253315279651133,0.017805314144472898,converged,-7.567829521302428,0.09653836474068495,west2369,converged,-0.3145142416512945,-3.2038817774752664,Western Farsi,Eurasia,Indo-European,53.3,32.9,22472000,other
snow_group,-7.416197459846801,0.016251105602529504,converged,-8.634330390527758,0.3794876686272923,taus1251,converged,-1.218132930680957,-3.2070014693552653,Tausug,Papunesia,Austronesian,118.88,5.12236,1050000,other
wind_group,-5.9578521923046734,0.008998002000740201,converged,-6.315130325871733,0.11069723071089169,fili1244,converged,-0.3572781335670596,-3.2169155529485725,Filipino,Papunesia,Austronesian,123.464,12.265,109035343,other
taste_group,-6.6616898200504995,0.00856555621078967,converged,-7.012030761920169,0.10836191751064751,nava1243,converged,-0.35034094186966946,-3.223009938022151,Navajo,North America,Athabaskan-Eyak-Tlingit,250.62,36.33,149000,other
ice_group,-7.612487188014121,0.01790479757416687,converged,-8.291391888224883,0.20922584276326178,samo1305,converged,-0.6789047002107615,-3.233024865517643,Samoan,Papunesia,Austronesian,188.17,-13.92,306840,other
ice_group,-7.612487188014121,0.01790479757416687,converged,-9.47804114321893,0.5759300437431679,kala1397,converged,-1.865553955204808,-3.2376381552892894,Kalam,Papunesia,Nuclear Trans New Guinea,144.585,-5.25216,15000,other
ice_group,-7.612487188014121,0.01790479757416687,converged,-8.43175127647427,0.25181986078152496,assy1241,converged,-0.8192640884601481,-3.245181039567159,Assyrian Neo-Aramaic,Eurasia,Afro-Asiatic,43,36.75,108600,other
snow_group,-7.416197459846801,0.016251105602529504,converged,-8.653808976711506,0.3794872506374114,jude1267,converged,-1.237611516864705,-3.25828669172601,Judeo-Yemeni Arabic,Eurasia,Afro-Asiatic,45,15,37680,other
taste_group,-6.6616898200504995,0.00856555621078967,converged,-6.883805053007316,0.0672920002269507,indo1316,converged,-0.22211523295681612,-3.2743474299121282,Standard Indonesian,Papunesia,Austronesian,109.716,-7.33458,43666200,other
dance_group,-7.253315279651133,0.017805314144472898,converged,-8.352810081515363,0.33488130918901265,here1253,converged,-1.09949480186423,-3.278606338976746,Herero,Africa,Atlantic-Congo,20.5655,-21.0231,237000,other
taste_group,-6.6616898200504995,0.00856555621078967,converged,-6.918758118956993,0.0779082447520048,hebr1245,converged,-0.25706829890649363,-3.2798654393624584,Modern Hebrew,Eurasia,Afro-Asiatic,35.0179,31.1056,4850000,other
ice_group,-7.612487188014121,0.01790479757416687,converged,-8.21870160212197,0.18385533139532417,sinh1246,converged,-0.606214414107848,-3.2817110157474723,Sinhala,Eurasia,Indo-European,81,8,15500000,other
ice_group,-7.612487188014121,0.01790479757416687,converged,-8.438192165149433,0.2508604666591324,ilok1237,converged,-0.8257049771353113,-3.2831392054609285,Iloko,Papunesia,Austronesian,120.993,15.9361,6920000,other
dance_group,-7.253315279651133,0.017805314144472898,converged,-8.74247201083623,0.452476991529276,yama1264,converged,-1.4891567311850977,-3.2885762808152985,Yámana,South America,isolate_yama1264,291.7352,-55.2748,100,hunter-gatherer
taste_group,-6.6616898200504995,0.00856555621078967,converged,-6.842307534539979,0.054169632847658127,stan1318,converged,-0.18061771448947983,-3.2933796221931315,Standard Arabic,Eurasia,Afro-Asiatic,43.8525,27.9625,273989700,other
wind_group,-5.9578521923046734,0.008998002000740201,converged,-6.616450758955343,0.19940632421255308,kirg1245,converged,-0.65859856665067,-3.2994393819465895,Kirghiz,Eurasia,Turkic,74,42,2674750,other
wind_group,-5.9578521923046734,0.008998002000740201,converged,-6.2968298954511654,0.10211501411434638,east2295,converged,-0.338977703146492,-3.306754895476434,Eastern Yiddish,Eurasia,Indo-European,19.42,51.75,401947,other
smell_group,-6.4695167475009825,0.009740427525109643,converged,-6.729376770644632,0.07791460492466565,kore1280,converged,-0.2598600231436494,-3.309429642984423,Korean,Eurasia,Koreanic,126.98,37.54,65236300,other
wind_group,-5.9578521923046734,0.008998002000740201,converged,-6.1866601617232115,0.06842364805659601,nepa1254,converged,-0.2288079694185381,-3.3154448944455748,Nepali,Eurasia,Indo-European,85,28,16903270,other
dance_group,-7.253315279651133,0.017805314144472898,converged,-9.344452045480852,0.6286638441570772,nort2671,converged,-2.0911367658297184,-3.3249861175307722,North Saami,Eurasia,Uralic,22.1113,68.725,20700,other
wind_group,-5.9578521923046734,0.008998002000740201,converged,-6.5588448963552715,0.18019942236254835,mush1238,converged,-0.600992704050598,-3.3310032192063352,Mushungulu,Africa,Atlantic-Congo,42.6626,0.00689,23000,other
ice_group,-7.612487188014121,0.01790479757416687,converged,-9.2829753932708,0.4983555824483092,yabe1254,converged,-1.670488205256678,-3.34983929259153,Yabem,Papunesia,Austronesian,147.81,-6.67052,2080,other
dance_group,-7.253315279651133,0.017805314144472898,converged,-8.202233479454696,0.28174767351279223,akka1240,converged,-0.948918199803563,-3.3612664258270666,Akkadian,Eurasia,Afro-Asiatic,44.1,33.1,200000,other
rain_group,-6.603067545596872,0.011688275163570797,converged,-6.852317877769517,0.07317220521594972,wels1247,converged,-0.24925033217264492,-3.3637091133400867,Welsh,Eurasia,Indo-European,-4,52,508000,other
snow_group,-7.416197459846801,0.016251105602529504,converged,-8.784354794182004,0.40523300204008306,tiko1237,converged,-1.3681573343352031,-3.3735122175930896,Tikopia,Papunesia,Austronesian,168.822,-12.2766,3320,other
dance_group,-7.253315279651133,0.017805314144472898,converged,-8.227417210423816,0.28802809901631643,mind1253,converged,-0.974101930772683,-3.375524835374216,Min Dong Chinese,Eurasia,Sino-Tibetan,119.5,26,8820000,other
snow_group,-7.416197459846801,0.016251105602529504,converged,-8.698982278885866,0.37948631203391875,biat1246,converged,-1.2827848190390654,-3.3772237621968424,Biatah Bidayuh,Papunesia,Austronesian,110.254,1.17596,72380,other
ice_group,-7.612487188014121,0.01790479757416687,converged,-8.820200024682014,0.35394518285864474,dagb1246,converged,-1.207712836667893,-3.4077891104136264,Dagbani,Africa,Atlantic-Congo,-0.43227,9.64745,800000,other
ice_group,-7.612487188014121,0.01790479757416687,converged,-9.005455124840301,0.4078585500568785,oldk1249,converged,-1.3929679368261798,-3.412034960651447,Old Khmer,Eurasia,Austroasiatic,103.866667,13.4125,17000000,other
snow_group,-7.416197459846801,0.016251105602529504,converged,-8.204710591990347,0.23028554712443935,shon1251,converged,-0.7885131321435459,-3.415572680375558,Shona,Africa,Atlantic-Congo,29.75725,-17.20849,10741200,other
snow_group,-7.416197459846801,0.016251105602529504,converged,-7.7436670385071675,0.09432974066248082,viet1252,converged,-0.3274695786603665,-3.421142112569826,Vietnamese,Eurasia,Austroasiatic,105.774071,20.681188,67954200,other
rain_group,-6.603067545596872,0.011688275163570797,converged,-6.8698874518701905,0.07707778568804154,west2369,converged,-0.26681990627331853,-3.4225684387244115,Western Farsi,Eurasia,Indo-European,53.3,32.9,22472000,other
wind_group,-5.9578521923046734,0.008998002000740201,converged,-6.154772357867777,0.056716535728381805,west2369,converged,-0.1969201655631032,-3.4291199735456805,Western Farsi,Eurasia,Indo-European,53.3,32.9,22472000,other
snow_group,-7.416197459846801,0.016251105602529504,converged,-8.762008412409202,0.39128159316054534,yabe1254,converged,-1.3458109525624007,-3.4365319486708423,Yabem,Papunesia,Austronesian,147.81,-6.67052,2080,other
dance_group,-7.253315279651133,0.017805314144472898,converged,-8.537557326277673,0.3725498510075155,aona1235,converged,-1.2842420466265398,-3.443238080778071,Ao Naga,Eurasia,Sino-Tibetan,94.3824,26.3241,232000,other
wind_group,-5.9578521923046734,0.008998002000740201,converged,-6.5552376624238695,0.1728723941788641,anci1244,converged,-0.5973854701191961,-3.450972582953032,Ancient Hebrew,Eurasia,Afro-Asiatic,35.1725,31.7761,40000,other
dance_group,-7.253315279651133,0.017805314144472898,converged,-8.495894294609187,0.3585184607047113,hakk1236,converged,-1.2425790149580536,-3.461605430514727,Hakka Chinese,Eurasia,Sino-Tibetan,116,25,28070000,other
snow_group,-7.416197459846801,0.016251105602529504,converged,-7.889217825626068,0.13565942087789573,nucl1305,converged,-0.4730203657792673,-3.462070161879036,Kannada,Eurasia,Dravidian,76.1198,13.5878,35300000,other
dance_group,-7.253315279651133,0.017805314144472898,converged,-7.589628099456837,0.09546885217083517,viet1252,converged,-0.3363128198057037,-3.463035392400768,Vietnamese,Eurasia,Austroasiatic,105.774071,20.681188,67954200,other
ice_group,-7.612487188014121,0.01790479757416687,converged,-9.608129896400696,0.5759279547747104,tiko1237,converged,-1.9956427083865744,-3.4634175934041207,Tikopia,Papunesia,Austronesian,168.822,-12.2766,3320,other
wind_group,-5.9578521923046734,0.008998002000740201,converged,-6.8271829692489305,0.25047340903686793,saba1279,converged,-0.8693307769442571,-3.4685133758156192,Sabaic,Eurasia,Afro-Asiatic,45.35,15.42,2590000,other
ice_group,-7.612487188014121,0.01790479757416687,converged,-8.506348208444596,0.2567015083423846,newa1246,converged,-0.8938610204304744,-3.4736633026299035,Kathmandu Valley Newari,Eurasia,Sino-Tibetan,85.326,27.67,839000,other
smell_group,-6.4695167475009825,0.009740427525109643,converged,-7.19504946528751,0.20738464325073658,mush1238,converged,-0.7255327177865274,-3.4946357180758687,Mushungulu,Africa,Atlantic-Congo,42.6626,0.00689,23000,other
taste_group,-6.6616898200504995,0.00856555621078967,converged,-7.442035999735176,0.2229616155479498,yabe1254,converged,-0.7803461796846767,-3.4973327847875195,Yabem,Papunesia,Austronesian,147.81,-6.67052,2080,other
wind_group,-5.9578521923046734,0.008998002000740201,converged,-6.628138797531773,0.19116338110893139,romb1245,converged,-0.6702866052270995,-3.5024768033216014,Romblomanon,Papunesia,Austronesian,122.56,12.4047,200000,other
snow_group,-7.416197459846801,0.016251105602529504,converged,-7.934557391217755,0.1468502587455274,mala1464,converged,-0.5183599313709539,-3.5084358418289976,Malayalam,Eurasia,Dravidian,76.7651,9.59208,35400313,other
snow_group,-7.416197459846801,0.016251105602529504,converged,-8.749176776512293,0.3794853176420925,yaka1277,converged,-1.332979316665492,-3.5093814103899748,Yakan,Papunesia,Austronesian,122.021729,6.531023,106000,other
snow_group,-7.416197459846801,0.016251105602529504,converged,-8.25946333824071,0.23935083309154762,tigr1271,converged,-0.8432658783939093,-3.5150446587977933,Tigrinya,Africa,Afro-Asiatic,38.9266,15.3359,5760000,other
snow_group,-7.416197459846801,0.016251105602529504,converged,-8.808939147644287,0.39128065981952687,mamb1296,converged,-1.3927416877974856,-3.5563781780424253,Mambwe-Lungu,Africa,Atlantic-Congo,31.2269,-8.86817,674000,other
rain_group,-6.603067545596872,0.011688275163570797,converged,-7.2059727141848615,0.165526275416032,oldf1239,converged,-0.6029051685879896,-3.633306382255242,Old French,Eurasia,Indo-European,1.11,48.8,16000000,other
rain_group,-6.603067545596872,0.011688275163570797,converged,-6.932274287528634,0.08945150123770748,sout1528,converged,-0.32920674193176236,-3.649260718109861,Serbian-Croatian-Bosnian,Eurasia,Indo-European,18.81,44.15,18276976,other
snow_group,-7.416197459846801,0.016251105602529504,converged,-8.906154559182657,0.4052305512450812,aona1235,converged,-1.4899570993358555,-3.6738602370165174,Ao Naga,Eurasia,Sino-Tibetan,94.3824,26.3241,232000,other
ice_group,-7.612487188014121,0.01790479757416687,converged,-8.06929801031013,0.1229810976951927,thai1261,converged,-0.4568108222960081,-3.675728127239737,Thai,Eurasia,Tai-Kadai,100.671,14.192,20230000,other
ice_group,-7.612487188014121,0.01790479757416687,converged,-9.447597172464667,0.4983531564657361,mamp1244,converged,-1.8351099844505452,-3.6799741532928385,Mampruli,Africa,Atlantic-Congo,-0.74675,10.3884,220000,other
wind_group,-5.9578521923046734,0.008998002000740201,converged,-6.178641052192828,0.058657049903140746,urdu1245,converged,-0.22078885988815422,-3.720542836561588,Urdu,Eurasia,Indo-European,67,25,59050000,other
taste_group,-6.6616898200504995,0.00856555621078967,converged,-6.893014650180715,0.061550159929776097,viet1252,converged,-0.2313248301302151,-3.7224414219908804,Vietnamese,Eurasia,Austroasiatic,105.774071,20.681188,67954200,other
snow_group,-7.416197459846801,0.016251105602529504,converged,-8.830737849885681,0.3794838046018906,mamp1244,converged,-1.41454039003888,-3.7241249307967097,Mampruli,Africa,Atlantic-Congo,-0.74675,10.3884,220000,other
snow_group,-7.416197459846801,0.016251105602529504,converged,-7.733554464703219,0.08358051646868182,stan1318,converged,-0.3173570048564178,-3.7272201115669916,Standard Arabic,Eurasia,Afro-Asiatic,43.8525,27.9625,273989700,other
dance_group,-7.253315279651133,0.017805314144472898,converged,-8.951482243499772,0.452472133978045,kirg1245,converged,-1.6981669638486387,-3.750183806672614,Kirghiz,Eurasia,Turkic,74,42,2674750,other
snow_group,-7.416197459846801,0.016251105602529504,converged,-7.810894695292884,0.10378728144502128,thai1261,converged,-0.39469723544608293,-3.757164768158011,Thai,Eurasia,Tai-Kadai,100.671,14.192,20230000,other
dance_group,-7.253315279651133,0.017805314144472898,converged,-8.47769128541883,0.3245649429604169,icel1247,converged,-1.224376005767697,-3.766696907116653,Icelandic,Eurasia,Indo-European,-19.0212,63.4837,230000,other
wind_group,-5.9578521923046734,0.008998002000740201,converged,-6.54167617408429,0.15445454114398882,oldk1249,converged,-0.5838239817796165,-3.773510255756207,Old Khmer,Eurasia,Austroasiatic,103.866667,13.4125,17000000,other
snow_group,-7.416197459846801,0.016251105602529504,converged,-8.433567548729002,0.2682487831705038,trin1276,converged,-1.0173700888822008,-3.7856955846881486,Trinidadian Creole English,South America,Indo-European,298.5829,10.4208,9600,other
wind_group,-5.9578521923046734,0.008998002000740201,converged,-6.738573578974286,0.20263850940111597,bada1257,converged,-0.7807213866696125,-3.848986246891575,Badaga,Eurasia,Dravidian,76.5974,11.3094,245000,other
ice_group,-7.612487188014121,0.01790479757416687,converged,-9.25467417981953,0.41544393954302056,bata1298,converged,-1.6421869918054082,-3.9491826163651953,Batad Ifugao,Papunesia,Austronesian,121.23,16.8266,43000,other
taste_group,-6.6616898200504995,0.00856555621078967,converged,-7.116514259057379,0.11470889460207324,samo1305,converged,-0.4548244390068792,-3.954023664417162,Samoan,Papunesia,Austronesian,188.17,-13.92,306840,other
rain_group,-6.603067545596872,0.011688275163570797,converged,-7.498231802963628,0.22496532591939106,oldk1249,converged,-0.8951642573667558,-3.973761220007756,Old Khmer,Eurasia,Austroasiatic,103.866667,13.4125,17000000,other
rain_group,-6.603067545596872,0.011688275163570797,converged,-6.77696698116902,0.04209583894681903,stan1288,converged,-0.1738994355721477,-3.980449611874874,Spanish,Eurasia,Indo-European,-1.11788,40.4414,327355040,other
wind_group,-5.9578521923046734,0.008998002000740201,converged,-6.195941644035212,0.05904566502533608,tibe1272,converged,-0.23808945173053875,-3.9862727843516703,Tibetan,Eurasia,Sino-Tibetan,90.1872,28.3681,1269080,other
smell_group,-6.4695167475009825,0.009740427525109643,converged,-6.604963250833248,0.03217599140988079,stan1295,converged,-0.1354465033322656,-4.028986784173014,German,Eurasia,Indo-European,12.4676,48.649,83520790,other
rain_group,-6.603067545596872,0.011688275163570797,converged,-6.91477067474585,0.07617779664943662,poli1260,converged,-0.31170312914897824,-4.04445411921545,Polish,Eurasia,Indo-European,18.6255,51.8439,37794600,other
smell_group,-6.4695167475009825,0.009740427525109643,converged,-6.779020669416112,0.0757694807207131,afri1274,converged,-0.30950392191512943,-4.051469770619989,Afrikaans,Africa,Indo-European,30,-22,4849900,other
snow_group,-7.416197459846801,0.016251105602529504,converged,-7.831191481753059,0.1007137551084118,taga1270,converged,-0.4149940219062582,-4.067912238352852,Tagalog,Papunesia,Austronesian,121.747,14.06,21500000,other
wind_group,-5.9578521923046734,0.008998002000740201,converged,-6.4355815180409355,0.11638529832943507,newa1246,converged,-0.47772932573626203,-4.092509668291704,Kathmandu Valley Newari,Eurasia,Sino-Tibetan,85.326,27.67,839000,other
smell_group,-6.4695167475009825,0.009740427525109643,converged,-6.76270159223916,0.07063252250402405,iris1253,converged,-0.2931848447381773,-4.111933126522648,Irish,Eurasia,Indo-European,-7.61509,53.2186,260000,other
rain_group,-6.603067545596872,0.011688275163570797,converged,-7.091803068584014,0.11760119265197758,guja1252,converged,-0.48873552298714174,-4.135496745785704,Gujarati,Eurasia,Indo-European,71.0962,22.687,45544800,other
ice_group,-7.612487188014121,0.01790479757416687,converged,-8.034311205210166,0.09913415414304486,sans1269,converged,-0.42182401719604457,-4.1873339789821715,Sanskrit,Eurasia,Indo-European,77,20,2950,other
rain_group,-6.603067545596872,0.011688275163570797,converged,-6.884153769734437,0.06608294673208581,port1283,converged,-0.2810862241375647,-4.1885241568709,Portuguese,Eurasia,Indo-European,-8.1,39.91,173000000,other
wind_group,-5.9578521923046734,0.008998002000740201,converged,-6.939481963727064,0.23293504923874686,sanj1284,converged,-0.9816297714223907,-4.21103739839247,Western Tlacolula Valley Zapotec,North America,Otomanguean,263.4033,17.0332,28000,other
snow_group,-7.416197459846801,0.016251105602529504,converged,-8.376400489315941,0.2259045314210672,ilok1237,converged,-0.9602030294691399,-4.239525732675003,Iloko,Papunesia,Austronesian,120.993,15.9361,6920000,other
dance_group,-7.253315279651133,0.017805314144472898,converged,-8.03598314496004,0.18212457924070158,olde1238,converged,-0.7826678653089072,-4.277040151349898,Old English,Eurasia,Indo-European,-1.31,51.06,2250000,other
rain_group,-6.603067545596872,0.011688275163570797,converged,-6.991497072470062,0.0894563999702768,afri1274,converged,-0.3884295268731899,-4.305514176228186,Afrikaans,Africa,Indo-European,30,-22,4849900,other
wind_group,-5.9578521923046734,0.008998002000740201,converged,-6.666392204504503,0.16392484038856267,kash1277,converged,-0.7085400121998298,-4.315849827775887,Kashmiri,Eurasia,Indo-European,74.330455,34.166825,5525000,other
dance_group,-7.253315279651133,0.017805314144472898,converged,-7.682240066375456,0.09661300539671476,norw1258,converged,-0.4289247867243233,-4.366090069480624,Norwegian,Eurasia,Indo-European,10.71,59.92,4639000,other
snow_group,-7.416197459846801,0.016251105602529504,converged,-7.869673666834947,0.10113396558612292,telu1262,converged,-0.45347620698814595,-4.427124060857469,Telugu,Eurasia,Dravidian,78.7024,16.4529,69600600,other
dance_group,-7.253315279651133,0.017805314144472898,converged,-7.752398859255625,0.10773574411641697,iris1253,converged,-0.4990835796044921,-4.570481312748326,Irish,Eurasia,Indo-European,-7.61509,53.2186,260000,other
wind_group,-5.9578521923046734,0.008998002000740201,converged,-6.23609272823897,0.06015813613610323,panj1256,converged,-0.2782405359342963,-4.57426763160826,Eastern Panjabi,Eurasia,Indo-European,75.6702,30.0368,27100000,other
snow_group,-7.416197459846801,0.016251105602529504,converged,-8.597657923763244,0.2551114633575236,tzot1259,converged,-1.1814604639164425,-4.621785984003028,Tzotzil,North America,Mayan,267.26120000000003,16.6362,4230,other
taste_group,-6.6616898200504995,0.00856555621078967,converged,-7.515208669706544,0.1834773446458485,anci1244,converged,-0.8535188496560444,-4.646842199864517,Ancient Hebrew,Eurasia,Afro-Asiatic,35.1725,31.7761,40000,other
snow_group,-7.416197459846801,0.016251105602529504,converged,-8.156309724400675,0.15625614902828663,cebu1242,converged,-0.7401122645538738,-4.711121416139336,Cebuano,Papunesia,Austronesian,124.367,8.38799,15800000,other
smell_group,-6.4695167475009825,0.009740427525109643,converged,-6.782458482587877,0.0653319624797223,norw1258,converged,-0.3129417350868948,-4.737659558775155,Norwegian,Eurasia,Indo-European,10.71,59.92,4639000,other
ice_group,-7.612487188014121,0.01790479757416687,converged,-9.543134579324374,0.40622053384469037,sant1410,converged,-1.9306473913102522,-4.748097607146565,Santali,Eurasia,Austroasiatic,87.8185,25.0317,6157300,other
wind_group,-5.9578521923046734,0.008998002000740201,converged,-6.282498187024006,0.06736962957208381,hebr1245,converged,-0.324645994719333,-4.776462850633649,Modern Hebrew,Eurasia,Afro-Asiatic,35.0179,31.1056,4850000,other
rain_group,-6.603067545596872,0.011688275163570797,converged,-7.024138043914765,0.0871134860399466,mode1248,converged,-0.421070498317893,-4.790656398985501,Modern Greek,Eurasia,Indo-European,23.13,38.36,11792480,other
wind_group,-5.9578521923046734,0.008998002000740201,converged,-6.784441500767676,0.17121101610838246,trin1276,converged,-0.8265893084630029,-4.821244294340958,Trinidadian Creole English,South America,Indo-European,298.5829,10.4208,9600,other
ice_group,-7.612487188014121,0.01790479757416687,converged,-8.26939517188257,0.13445420373514505,mara1378,converged,-0.6569079838684484,-4.842985384310946,Marathi,Eurasia,Indo-European,76.6665,17.9344,68000000,other
wind_group,-5.9578521923046734,0.008998002000740201,converged,-6.187743939713817,0.04654185234554721,beng1280,converged,-0.22989174740914375,-4.849661233916838,Bengali,Eurasia,Indo-European,90,24,180623600,other
smell_group,-6.4695167475009825,0.009740427525109643,converged,-6.827254574524703,0.07294716097504816,scot1245,converged,-0.3577378270237208,-4.860925361648233,Scottish Gaelic,Eurasia,Indo-European,-5.24366,56.7574,58700,other
snow_group,-7.416197459846801,0.016251105602529504,converged,-8.195372250973993,0.15835358472317265,amha1245,converged,-0.7791747911271916,-4.8947663198946625,Amharic,Africa,Afro-Asiatic,39.543456,11.708182,17400000,other
taste_group,-6.6616898200504995,0.00856555621078967,converged,-7.636949566817892,0.19807250799229784,akka1240,converged,-0.9752597467673922,-4.91915370507753,Akkadian,Eurasia,Afro-Asiatic,44.1,33.1,200000,other
dance_group,-7.253315279651133,0.017805314144472898,converged,-7.824195765023963,0.11364141171028537,mara1378,converged,-0.5708804853728298,-4.962977469664948,Marathi,Eurasia,Indo-European,76.6665,17.9344,68000000,other
wind_group,-5.9578521923046734,0.008998002000740201,converged,-6.620609982807145,0.13189430687289155,assy1241,converged,-0.6627577905024715,-5.013263141541957,Assyrian Neo-Aramaic,Eurasia,Afro-Asiatic,43,36.75,108600,other
snow_group,-7.416197459846801,0.016251105602529504,converged,-9.451765747036074,0.40522259461616655,bata1298,converged,-2.035568287189273,-5.0192988760373405,Batad Ifugao,Papunesia,Austronesian,121.23,16.8266,43000,other
snow_group,-7.416197459846801,0.016251105602529504,converged,-7.856806292527578,0.08484976533331201,hind1269,converged,-0.4406088326807769,-5.100110322157524,Hindi,Eurasia,Indo-European,77,25,180122200,other
wind_group,-5.9578521923046734,0.008998002000740201,converged,-6.217352900289581,0.04970739143148753,hind1269,converged,-0.2595007079849072,-5.137078276143321,Hindi,Eurasia,Indo-European,77,25,180122200,other
rain_group,-6.603067545596872,0.011688275163570797,converged,-6.974118240485518,0.07100062889988386,russ1263,converged,-0.3710506948886465,-5.156613656644829,Russian,Eurasia,Indo-European,50,59,135099940,other
taste_group,-6.6616898200504995,0.00856555621078967,converged,-6.9867464365178495,0.062004924789420435,norw1258,converged,-0.32505661646735007,-5.193114921870902,Norwegian,Eurasia,Indo-European,10.71,59.92,4639000,other
smell_group,-6.4695167475009825,0.009740427525109643,converged,-7.209323534145638,0.13674626648598295,fili1244,converged,-0.7398067866446558,-5.396396823685871,Filipino,Papunesia,Austronesian,123.464,12.265,109035343,other
dance_group,-7.253315279651133,0.017805314144472898,converged,-7.8772675860407135,0.11211972808212009,scot1245,converged,-0.6239523063895804,-5.496179970374621,Scottish Gaelic,Eurasia,Indo-European,-5.24366,56.7574,58700,other
snow_group,-7.416197459846801,0.016251105602529504,converged,-9.38353878409535,0.3528739499127951,sant1410,converged,-1.9673413242485491,-5.569292773041842,Santali,Eurasia,Austroasiatic,87.8185,25.0317,6157300,other
rain_group,-6.603067545596872,0.011688275163570797,converged,-7.042557511832915,0.0779095089391665,norw1258,converged,-0.4394899662360432,-5.578601342751854,Norwegian,Eurasia,Indo-European,10.71,59.92,4639000,other
snow_group,-7.416197459846801,0.016251105602529504,converged,-8.666016092306501,0.2203529916034149,assy1241,converged,-1.2498186324597,-5.656530801567937,Assyrian Neo-Aramaic,Eurasia,Afro-Asiatic,43,36.75,108600,other
rain_group,-6.603067545596872,0.011688275163570797,converged,-6.975549097466458,0.063313315152387,beng1280,converged,-0.3724815518695861,-5.785387602621167,Bengali,Eurasia,Indo-European,90,24,180623600,other
dance_group,-7.253315279651133,0.017805314144472898,converged,-7.593625358903309,0.054540717246235076,nucl1643,converged,-0.34031007925217605,-5.931484935779161,Japanese,Eurasia,Japonic,135,35,121563000,other
dance_group,-7.253315279651133,0.017805314144472898,converged,-7.850439933782642,0.09870411539769366,wels1247,converged,-0.597124654131509,-5.953551612319954,Welsh,Eurasia,Indo-European,-4,52,508000,other
snow_group,-7.416197459846801,0.016251105602529504,converged,-7.9018397058942,0.07911841199209033,beng1280,converged,-0.4856422460473988,-6.0126430567516165,Bengali,Eurasia,Indo-European,90,24,180623600,other
dance_group,-7.253315279651133,0.017805314144472898,converged,-8.280262520799933,0.16665638228961227,minn1241,converged,-1.0269472411488003,-6.1271936042805875,Min Nan Chinese,Eurasia,Sino-Tibetan,118.17,24.5,40700000,other
snow_group,-7.416197459846801,0.016251105602529504,converged,-8.061722667516742,0.10326878380228718,hind1270,converged,-0.6455252076699409,-6.174931300187567,Hindustani,Eurasian,Indo-European,78.91266666666667,20.558666666666667,415206010,other
snow_group,-7.416197459846801,0.016251105602529504,converged,-8.55885221904053,0.1784248975824544,sinh1246,converged,-1.1426547591937286,-6.37772239164198,Sinhala,Eurasia,Indo-European,81,8,15500000,other
smell_group,-6.4695167475009825,0.009740427525109643,converged,-7.4582504216028624,0.15461207439736802,assy1241,converged,-0.98873367410188,-6.382279073975918,Assyrian Neo-Aramaic,Eurasia,Afro-Asiatic,43,36.75,108600,other
rain_group,-6.603067545596872,0.011688275163570797,converged,-7.253993820001788,0.10109059634403066,nucl1235,converged,-0.6509262744049158,-6.39642578630265,Eastern Armenian,Eurasia,Indo-European,45,40,4684400,other
snow_group,-7.416197459846801,0.016251105602529504,converged,-8.097072722898417,0.10467054960832126,urdu1245,converged,-0.6808752630516164,-6.427923423207588,Urdu,Eurasia,Indo-European,67,25,59050000,other
dance_group,-7.253315279651133,0.017805314144472898,converged,-8.214541693809128,0.14554334527468368,yuec1235,converged,-0.9612264141579949,-6.555525807988397,Yue Chinese,Eurasia,Sino-Tibetan,113,23,52025130,other
snow_group,-7.416197459846801,0.016251105602529504,converged,-8.013934782605665,0.08691772653450697,sans1269,converged,-0.5977373227588636,-6.759905273373761,Sanskrit,Eurasia,Indo-European,77,20,2950,other
snow_group,-7.416197459846801,0.016251105602529504,converged,-8.240489728808392,0.11905643838625031,mara1378,converged,-0.8242922689615906,-6.859929893388396,Marathi,Eurasia,Indo-European,76.6665,17.9344,68000000,other
snow_group,-7.416197459846801,0.016251105602529504,converged,-8.143274646968708,0.10472114766999961,tami1289,converged,-0.7270771871219068,-6.860862349848854,Tamil,Eurasia,Dravidian,78.825989,10.520219,65296000,other
dance_group,-7.253315279651133,0.017805314144472898,converged,-9.067378627115982,0.24885645363010497,assy1241,converged,-1.8140633474648489,-7.271010266819426,Assyrian Neo-Aramaic,Eurasia,Afro-Asiatic,43,36.75,108600,other
dance_group,-7.253315279651133,0.017805314144472898,converged,-7.968528130596527,0.09189722132262884,stan1318,converged,-0.7152128509453943,-7.640653415938915,Standard Arabic,Eurasia,Afro-Asiatic,43.8525,27.9625,273989700,other
dance_group,-7.253315279651133,0.017805314144472898,converged,-7.653376850744853,0.04176610490051077,mand1415,converged,-0.40006157109371987,-8.811337395622012,Mandarin Chinese,Eurasia,Sino-Tibetan,116.228,40.0209,844355000,other
rain_group,-6.603067545596872,0.011688275163570797,converged,-7.017490009033147,0.04456926324555572,lati1261,converged,-0.4144224634362752,-8.994244944354893,Latin,Eurasia,Indo-European,12.4502,41.9026,56800000,other
smell_group,-6.4695167475009825,0.009740427525109643,converged,-6.838036658550636,0.03772472923505359,nucl1643,converged,-0.36851991104965354,-9.45846409702028,Japanese,Eurasia,Japonic,135,35,121563000,other
rain_group,-6.603067545596872,0.011688275163570797,converged,-7.044756125931442,0.039401506679552466,stan1295,converged,-0.4416885803345698,-10.747048192921351,German,Eurasia,Indo-European,12.4676,48.649,83520790,other
taste_group,-6.6616898200504995,0.00856555621078967,converged,-8.712302572246085,0.171589124342752,assy1241,converged,-2.050612752195585,-11.935852917725134,Assyrian Neo-Aramaic,Eurasia,Afro-Asiatic,43,36.75,108600,other
smell_group,-6.4695167475009825,0.009740427525109643,converged,-6.868104415111821,0.0286369745033779,mand1415,converged,-0.39858766761083864,-13.17724575962615,Mandarin Chinese,Eurasia,Sino-Tibetan,116.228,40.0209,844355000,other
