word,estimate_set,se_set,convergence_set,estimate,se,glottocode,convergence,delta,zeta,langname,area,langfamily,longitude,latitude,population,subsistence
ice_group,-7.833147994708722,0.055064859068445896,converged,-4.612206349714339,0.03509448335067342,cent2128,converged,3.220941644994383,49.32719347089293,Central Siberian Yupik,Eurasia,Eskimo-Aleut,189.728,63.4308,1130,hunter-gatherer
ice_group,-7.833147994708722,0.055064859068445896,converged,-4.455679990789553,0.04511583332693076,east2534,converged,3.3774680039191693,47.44506654550391,Eastern Canadian Inuktitut,North America,Eskimo-Aleut,284.3861,62.1735,14000,hunter-gatherer
snow_group,-7.500141475307639,0.05404147822644328,converged,-3.9666238527711406,0.06353083772145164,east2534,converged,3.533517622536498,42.365001381803864,Eastern Canadian Inuktitut,North America,Eskimo-Aleut,284.3861,62.1735,14000,hunter-gatherer
ice_group,-7.833147994708722,0.055064859068445896,converged,-4.9121150747326885,0.06797723305490755,tana1289,converged,2.9210329199760334,33.390227422602614,Dena'ina,North America,Athabaskan-Eyak-Tlingit,209.241,60.4712,100,hunter-gatherer
dance_group,-6.878031501894792,0.049752276779597655,converged,-4.808671440501574,0.04651269382762036,tiko1237,converged,2.069360061393218,30.38344372458982,Tikopia,Papunesia,Austronesian,168.822,-12.2766,3320,other
ice_group,-7.833147994708722,0.055064859068445896,converged,-5.285978625443743,0.06581918466896426,ahte1237,converged,2.547169369264979,29.681919040563837,Ahtena,North America,Athabaskan-Eyak-Tlingit,215.111,61.7068,100,hunter-gatherer
dance_group,-6.878031501894792,0.049752276779597655,converged,-5.1391206434999885,0.04377132900315879,cent2131,converged,1.7389108583948039,26.24126736484859,Central Tarahumara,North America,Uto-Aztecan,252.846,27.5648,55000,other
snow_group,-7.500141475307639,0.05404147822644328,converged,-5.072798108700546,0.07922476246275768,ahte1237,converged,2.4273433666070927,25.310870073113286,Ahtena,North America,Athabaskan-Eyak-Tlingit,215.111,61.7068,100,hunter-gatherer
snow_group,-7.500141475307639,0.05404147822644328,converged,-5.446158501245715,0.06064851546932676,lako1247,converged,2.053982974061924,25.285227417018554,Lakota,North America,Siouan,256.05,46.3699,6189,hunter-gatherer
snow_group,-7.500141475307639,0.05404147822644328,converged,-5.289120994357677,0.07189633413981678,cent2128,converged,2.211020480949962,24.582735122399463,Central Siberian Yupik,Eurasia,Eskimo-Aleut,189.728,63.4308,1130,hunter-gatherer
wind_group,-5.881572899913446,0.026381933148576345,converged,-4.598153758414723,0.045309918245333744,tuam1242,converged,1.2834191414987233,24.478315627432703,Tuamotuan,Papunesia,Austronesian,213.678245,-16.17259,14400,hunter-gatherer
dance_group,-6.878031501894792,0.049752276779597655,converged,-4.619880730520195,0.07799652348812629,sene1264,converged,2.2581507713745976,24.408879765493243,Seneca,North America,Iroquoian,282.47,42.56,175,other
dance_group,-6.878031501894792,0.049752276779597655,converged,-5.451947927733702,0.031180205118229002,trin1276,converged,1.4260835741610904,24.288081039218476,Trinidadian Creole English,South America,Indo-European,298.5829,10.4208,9600,other
snow_group,-7.500141475307639,0.05404147822644328,converged,-5.134425314258705,0.08904401364145363,nort2671,converged,2.365716161048934,22.712316033950703,North Saami,Eurasia,Uralic,22.1113,68.725,20700,other
ice_group,-7.833147994708722,0.055064859068445896,converged,-6.040254711354039,0.06409461088713737,lako1247,converged,1.7928932833546831,21.217660330488602,Lakota,North America,Siouan,256.05,46.3699,6189,hunter-gatherer
snow_group,-7.500141475307639,0.05404147822644328,converged,-5.205661145444699,0.09454655479829986,tana1289,converged,2.2944803298629397,21.069321788119765,Dena'ina,North America,Athabaskan-Eyak-Tlingit,209.241,60.4712,100,hunter-gatherer
snow_group,-7.500141475307639,0.05404147822644328,converged,-5.78335983825248,0.06138677352921935,nava1243,converged,1.716781637055159,20.99135104068619,Navajo,North America,Athabaskan-Eyak-Tlingit,250.62,36.33,149000,other
rain_group,-6.300035984080432,0.027205812474801125,converged,-4.977890060923817,0.05755113821773968,ngaa1240,converged,1.322145923156615,20.769648420807535,Ngaanyatjarra,Australia,Pama-Nyungan,127.602,-25.7514,990,hunter-gatherer
snow_group,-7.500141475307639,0.05404147822644328,converged,-5.396465577181815,0.0866531976713553,plai1258,converged,2.1036758981258235,20.599283985577262,Plains Cree,North America,Algic,249.537,51.2437,34100,hunter-gatherer
ice_group,-7.833147994708722,0.055064859068445896,converged,-5.655328460954905,0.09300996117881025,nort2671,converged,2.1778195337538166,20.1485991571532,North Saami,Eurasia,Uralic,22.1113,68.725,20700,other
wind_group,-5.881572899913446,0.026381933148576345,converged,-4.92771189801536,0.04149437350241385,tahi1242,converged,0.953861001898086,19.398844243411393,Tahitian,Papunesia,Austronesian,210.55,-17.6485,124260,other
wind_group,-5.881572899913446,0.026381933148576345,converged,-4.768681678292022,0.0529279275633603,yama1264,converged,1.1128912216214246,18.818361531832917,Yámana,South America,isolate_yama1264,291.7352,-55.2748,100,hunter-gatherer
ice_group,-7.833147994708722,0.055064859068445896,converged,-6.396812935129606,0.05296977867146383,nava1243,converged,1.4363350595791156,18.798625266083928,Navajo,North America,Athabaskan-Eyak-Tlingit,250.62,36.33,149000,other
dance_group,-6.878031501894792,0.049752276779597655,converged,-5.322496368445458,0.0663880326004338,plai1258,converged,1.5555351334493341,18.750017141488858,Plains Cree,North America,Algic,249.537,51.2437,34100,hunter-gatherer
ice_group,-7.833147994708722,0.055064859068445896,converged,-5.933784175516454,0.08992149616839969,plai1258,converged,1.899363819192268,18.013352559230334,Plains Cree,North America,Algic,249.537,51.2437,34100,hunter-gatherer
snow_group,-7.500141475307639,0.05404147822644328,converged,-5.651294979674191,0.08819119025526038,mikm1235,converged,1.848846495633448,17.87500449417934,Mi'kmaq,North America,Algic,296,46,9290,hunter-gatherer
dance_group,-6.878031501894792,0.049752276779597655,converged,-5.196438212947237,0.08567193625910505,squa1248,converged,1.681593288947555,16.97369850256721,Squamish,North America,Salishan,236.986,49.3231,100,hunter-gatherer
smell_group,-6.383986116324334,0.023005403195962684,converged,-5.295127097864989,0.06101050253601758,mars1254,converged,1.0888590184593454,16.699329298228687,Marshallese,Papunesia,Austronesian,167.73,8.72,43900,other
dance_group,-6.878031501894792,0.049752276779597655,converged,-5.634091909141361,0.05812948296450676,cent2128,converged,1.2439395927534314,16.257765154774507,Central Siberian Yupik,Eurasia,Eskimo-Aleut,189.728,63.4308,1130,hunter-gatherer
dance_group,-6.878031501894792,0.049752276779597655,converged,-5.388772707076397,0.0773276724120632,west2630,converged,1.4892587948183955,16.196344860302123,Western Abenaki,North America,Algic,287.3489,46.1381,100,hunter-gatherer
dance_group,-6.878031501894792,0.049752276779597655,converged,-5.34607179784538,0.0853283021272265,koas1236,converged,1.5319597040494122,15.509821955470697,Koasati,North America,Muskogean,267.291,30.4096,200,other
wind_group,-5.881572899913446,0.026381933148576345,converged,-4.922356777131465,0.056728769084211934,east2534,converged,0.9592161227819815,15.331943237973398,Eastern Canadian Inuktitut,North America,Eskimo-Aleut,284.3861,62.1735,14000,hunter-gatherer
dance_group,-6.878031501894792,0.049752276779597655,converged,-5.435216370073055,0.08294082285963428,taku1257,converged,1.442815131821737,14.917674100416878,Takuu,Papunesia,Austronesian,157.032085,-4.773094,1750,other
ice_group,-7.833147994708722,0.055064859068445896,converged,-5.878335841880211,0.1196900465268372,east2542,converged,1.9548121528285112,14.837376447846953,Eastern Ojibwa,North America,Algic,280.2497,45.0112,25900,hunter-gatherer
smell_group,-6.383986116324334,0.023005403195962684,converged,-5.547444720241182,0.052088734383987444,mara1404,converged,0.8365413960831525,14.690901964990593,Maranao,Papunesia,Austronesian,124.175,7.79414,776000,other
snow_group,-7.500141475307639,0.05404147822644328,converged,-5.616232141853377,0.11747099014919017,east2542,converged,1.8839093334542616,14.56944359623776,Eastern Ojibwa,North America,Algic,280.2497,45.0112,25900,hunter-gatherer
dance_group,-6.878031501894792,0.049752276779597655,converged,-5.496742330910016,0.08074732552629894,nuuc1236,converged,1.3812891709847763,14.56377273872444,Nuu-chah-nulth,North America,Wakashan,233.33,49.67,7680,hunter-gatherer
wind_group,-5.881572899913446,0.026381933148576345,converged,-4.886223191796006,0.06323143105447758,taku1257,converged,0.9953497081174403,14.527602932291012,Takuu,Papunesia,Austronesian,157.032085,-4.773094,1750,other
dance_group,-6.878031501894792,0.049752276779597655,converged,-5.4577377505093745,0.0859318810115028,cree1270,converged,1.420293751385418,14.303720986131173,Creek,North America,Muskogean,272.5,31,4300,other
snow_group,-7.500141475307639,0.05404147822644328,converged,-5.796812290051886,0.10828718746317914,west2630,converged,1.703329185255753,14.074411078529389,Western Abenaki,North America,Algic,287.3489,46.1381,100,hunter-gatherer
dance_group,-6.878031501894792,0.049752276779597655,converged,-5.511606971254302,0.08350148090904007,yaki1237,converged,1.36642453064049,14.057905449346691,Northwest Sahaptin,North America,Sahaptian,239.244,46.2655,3000,hunter-gatherer
wind_group,-5.881572899913446,0.026381933148576345,converged,-5.062252860230457,0.052151839097672764,aleu1260,converged,0.8193200396829896,14.018645165880146,Aleut,North America,Eskimo-Aleut,185.71,52.1228,490,hunter-gatherer
snow_group,-7.500141475307639,0.05404147822644328,converged,-5.8573944981623365,0.10483593964360492,yama1264,converged,1.6427469771453023,13.928060139747599,Yámana,South America,isolate_yama1264,291.7352,-55.2748,100,hunter-gatherer
ice_group,-7.833147994708722,0.055064859068445896,converged,-6.120650090517774,0.11123310548402114,west2630,converged,1.7124979041909478,13.797487472462564,Western Abenaki,North America,Algic,287.3489,46.1381,100,hunter-gatherer
dance_group,-6.878031501894792,0.049752276779597655,converged,-5.505268994891229,0.08788389618951438,lozi1239,converged,1.3727625070035634,13.593128370895823,Lozi,Africa,Atlantic-Congo,24.7398,-17.7052,694000,other
snow_group,-7.500141475307639,0.05404147822644328,converged,-5.848010353481792,0.11141614681572817,klam1254,converged,1.652131121825847,13.341855372131805,Klamath-Modoc,North America,isolate_klam1254,238.296,42.5861,100,hunter-gatherer
wind_group,-5.881572899913446,0.026381933148576345,converged,-4.935651607055249,0.06588867927012955,aros1241,converged,0.9459212928581975,13.327694811773219,Arosi,Papunesia,Austronesian,161.432,-10.2441,6750,other
snow_group,-7.500141475307639,0.05404147822644328,converged,-6.017777492215516,0.09889615397946211,aleu1260,converged,1.4823639830921227,13.153371374365783,Aleut,North America,Eskimo-Aleut,185.71,52.1228,490,hunter-gatherer
dance_group,-6.878031501894792,0.049752276779597655,converged,-5.392300909183969,0.10229407619918843,naka1262,converged,1.4857305927108237,13.061214126160047,Nakanai,Papunesia,Austronesian,150.888,-5.59931,13000,other
rain_group,-6.300035984080432,0.027205812474801125,converged,-5.167879774733244,0.08415682195063207,ngal1292,converged,1.1321562093471877,12.80067348236897,Ngalkbun,Australia,Gunwinyguan,133.936,-13.9783,100,hunter-gatherer
taste_group,-6.774695661964866,0.023289593669973036,converged,-5.490781487954515,0.09873592429116952,east2542,converged,1.2839141740103512,12.656197374745334,Eastern Ojibwa,North America,Algic,280.2497,45.0112,25900,hunter-gatherer
ice_group,-7.833147994708722,0.055064859068445896,converged,-6.1707457725657315,0.11964768181835336,chip1241,converged,1.6624022221429904,12.621619346077695,Chippewa,North America,Algic,265.7262,47.347,5000,hunter-gatherer
ice_group,-7.833147994708722,0.055064859068445896,converged,-6.404359033662914,0.10161856930067287,penn1240,converged,1.4287889610458082,12.362027020770238,Pennsylvania German,North America,Indo-European,283.6789,40.030507,209280,other
snow_group,-7.500141475307639,0.05404147822644328,converged,-5.9199391943233755,0.11794650649749219,chip1241,converged,1.5802022809842633,12.179981602032333,Chippewa,North America,Algic,265.7262,47.347,5000,hunter-gatherer
wind_group,-5.881572899913446,0.026381933148576345,converged,-5.086148174599628,0.06070953480424739,ngaa1240,converged,0.7954247253138185,12.016556862718346,Ngaanyatjarra,Australia,Pama-Nyungan,127.602,-25.7514,990,hunter-gatherer
dance_group,-6.878031501894792,0.049752276779597655,converged,-5.733298126022145,0.08178167636263656,alab1237,converged,1.1447333758726472,11.958395248103649,Alabama,North America,Muskogean,265.37152000000003,30.76738,100,other
ice_group,-7.833147994708722,0.055064859068445896,converged,-5.942916020485124,0.149266682190038,male1292,converged,1.8902319742235978,11.88080946847031,Malecite-Passamaquoddy,North America,Algic,292.59195,45.494475,2060,hunter-gatherer
dance_group,-6.878031501894792,0.049752276779597655,converged,-6.079522145326213,0.0452270750323298,nava1243,converged,0.7985093565685792,11.876089166710647,Navajo,North America,Athabaskan-Eyak-Tlingit,250.62,36.33,149000,other
dance_group,-6.878031501894792,0.049752276779597655,converged,-5.86419629881869,0.07152990339447264,romb1245,converged,1.013835203076102,11.63575388396257,Romblomanon,Papunesia,Austronesian,122.56,12.4047,200000,other
wind_group,-5.881572899913446,0.026381933148576345,converged,-5.033085787717745,0.06890377057664765,pint1250,converged,0.8484871121957012,11.49997040109868,Pintupi-Luritja,Australia,Pama-Nyungan,130.643,-23.2963,390,hunter-gatherer
smell_group,-6.383986116324334,0.023005403195962684,converged,-5.67810267571967,0.05717052749208922,cent2131,converged,0.7058834406046639,11.454381650768669,Central Tarahumara,North America,Uto-Aztecan,252.846,27.5648,55000,other
taste_group,-6.774695661964866,0.023289593669973036,converged,-5.672964619272741,0.09341062514775603,chip1241,converged,1.1017310426921254,11.444155331454816,Chippewa,North America,Algic,265.7262,47.347,5000,hunter-gatherer
dance_group,-6.878031501894792,0.049752276779597655,converged,-5.616014736091143,0.09968460743463346,wikm1247,converged,1.262016765803649,11.327623808545088,Wik-Mungkan,Australia,Pama-Nyungan,141.81611,-13.98051,840,hunter-gatherer
wind_group,-5.881572899913446,0.026381933148576345,converged,-5.138272155075235,0.06149356079887789,toke1240,converged,0.7433007448382112,11.108322925444268,Tokelau,Papunesia,Austronesian,188.219167,-9.227642,3250,hunter-gatherer
rain_group,-6.300035984080432,0.027205812474801125,converged,-5.271275316503559,0.08861508483330295,wamp1247,converged,1.028760667576873,11.098065031857669,Wampar,Papunesia,Austronesian,146.662,-6.67364,5150,other
wind_group,-5.881572899913446,0.026381933148576345,converged,-5.150820293065638,0.06058699071053921,raro1241,converged,0.7307526068478083,11.058321898071297,Southern Cook Island Maori,Papunesia,Austronesian,200.22,-21.23,32300,other
snow_group,-7.500141475307639,0.05404147822644328,converged,-5.704582549835181,0.15386098805821433,kati1270,converged,1.7955589254724575,11.01058519972821,Katë,Eurasia,Indo-European,70.9826,35.4145,19400,other
rain_group,-6.300035984080432,0.027205812474801125,converged,-5.435773479804806,0.07368148640778613,thao1240,converged,0.8642625042756258,11.00358353000548,Thao,Papunesia,Austronesian,120.93,23.8333,100,other
wind_group,-5.881572899913446,0.026381933148576345,converged,-5.159998412419237,0.06125983693498227,plai1258,converged,0.7215744874942089,10.818349225779356,Plains Cree,North America,Algic,249.537,51.2437,34100,hunter-gatherer
dance_group,-6.878031501894792,0.049752276779597655,converged,-5.521028391905392,0.11648000244845459,yaqu1251,converged,1.3570031099894004,10.713704785166634,Yaqui,North America,Uto-Aztecan,249.319,29.9446,14620,other
taste_group,-6.774695661964866,0.023289593669973036,converged,-5.626435476697896,0.10866036629982728,mudb1240,converged,1.1482601852669703,10.332751008079299,Mudburra,Australia,Pama-Nyungan,132.329,-16.7694,130,hunter-gatherer
dance_group,-6.878031501894792,0.049752276779597655,converged,-5.789116199965602,0.09298964941020478,mbay1241,converged,1.0889153019291902,10.325130509698104,Mbay,Africa,Central Sudanic,15.7328,8.23066,88300,other
rain_group,-6.300035984080432,0.027205812474801125,converged,-5.398037869262352,0.08323317700267523,maga1263,converged,0.9019981148180793,10.300703828745482,Mag-Anchi Ayta,Papunesia,Austronesian,120.459,15.1954,8200,hunter-gatherer
snow_group,-7.500141475307639,0.05404147822644328,converged,-6.1493853662110665,0.11953750453652247,oldn1244,converged,1.3507561090965723,10.29651689547194,Old Norse,Eurasia,Indo-European,10.38,63.42,900000,other
dance_group,-6.878031501894792,0.049752276779597655,converged,-5.8789667222160595,0.08433291328462057,kala1397,converged,0.9990647796787329,10.203397980124718,Kalam,Papunesia,Nuclear Trans New Guinea,144.585,-5.25216,15000,other
smell_group,-6.383986116324334,0.023005403195962684,converged,-5.685315435753277,0.06562330610449794,pala1344,converged,0.6986706805710572,10.047183423164997,Palauan,Papunesia,Austronesian,134.476678,7.34138,14800,other
snow_group,-7.500141475307639,0.05404147822644328,converged,-6.433678873993021,0.09216220137768384,icel1247,converged,1.0664626013146181,9.982055624659388,Icelandic,Eurasia,Indo-European,-19.0212,63.4837,230000,other
ice_group,-7.833147994708722,0.055064859068445896,converged,-6.598679313919471,0.11187952459377283,aleu1260,converged,1.2344686807892513,9.89980216638789,Aleut,North America,Eskimo-Aleut,185.71,52.1228,490,hunter-gatherer
dance_group,-6.878031501894792,0.049752276779597655,converged,-6.045470069170886,0.06925331663055032,dagb1246,converged,0.8325614327239066,9.763598939417387,Dagbani,Africa,Atlantic-Congo,-0.43227,9.64745,800000,other
snow_group,-7.500141475307639,0.05404147822644328,converged,-5.900535428102021,0.155258876424134,male1292,converged,1.5996060472056177,9.730244592309916,Malecite-Passamaquoddy,North America,Algic,292.59195,45.494475,2060,hunter-gatherer
rain_group,-6.300035984080432,0.027205812474801125,converged,-5.36229769621286,0.09471244634746497,naro1249,converged,0.937738287867572,9.51608982511357,Naro,Africa,Khoe-Kwadi,20.7458,-22.0939,14000,hunter-gatherer
snow_group,-7.500141475307639,0.05404147822644328,converged,-6.180463891171305,0.1277180813624323,yaki1237,converged,1.3196775841363335,9.515929480756698,Northwest Sahaptin,North America,Sahaptian,239.244,46.2655,3000,hunter-gatherer
snow_group,-7.500141475307639,0.05404147822644328,converged,-6.020302275105724,0.14725557930970307,lisu1250,converged,1.4798392002019147,9.434211429918417,Lisu,Eurasia,Sino-Tibetan,98.94,26.91,766000,other
dance_group,-6.878031501894792,0.049752276779597655,converged,-5.98292489840773,0.08121290421481273,loui1240,converged,0.8951066034870623,9.398344719361443,Louisiana Creole French,North America,Indo-European,269.2525,30.0412,70000,other
wind_group,-5.881572899913446,0.026381933148576345,converged,-5.26577931059436,0.060130714336922735,mars1254,converged,0.615793589319086,9.378004395919945,Marshallese,Papunesia,Austronesian,167.73,8.72,43900,other
wind_group,-5.881572899913446,0.026381933148576345,converged,-5.303304908063178,0.05693729262159078,yabe1254,converged,0.578267991850268,9.21507607712402,Yabem,Papunesia,Austronesian,147.81,-6.67052,2080,other
snow_group,-7.500141475307639,0.05404147822644328,converged,-6.166066324101824,0.13575065304037892,west2420,converged,1.3340751512058144,9.130495829731593,Western Parbate Kham,Eurasia,Sino-Tibetan,82.7348,28.6521,24500,other
taste_group,-6.774695661964866,0.023289593669973036,converged,-5.905506517006566,0.0942001449097424,here1253,converged,0.8691891449583,8.957346977127951,Herero,Africa,Atlantic-Congo,20.5655,-21.0231,237000,other
rain_group,-6.300035984080432,0.027205812474801125,converged,-5.6590542251703,0.06634194434621274,mamb1296,converged,0.6409817589101312,8.939321555032873,Mambwe-Lungu,Africa,Atlantic-Congo,31.2269,-8.86817,674000,other
wind_group,-5.881572899913446,0.026381933148576345,converged,-5.433969905390493,0.04288936566649147,samo1305,converged,0.4476029945229536,8.889162104529554,Samoan,Papunesia,Austronesian,188.17,-13.92,306840,other
rain_group,-6.300035984080432,0.027205812474801125,converged,-5.4047574879025175,0.0973466450598207,mudb1240,converged,0.8952784961779141,8.857405770625354,Mudburra,Australia,Pama-Nyungan,132.329,-16.7694,130,hunter-gatherer
wind_group,-5.881572899913446,0.026381933148576345,converged,-5.190025437829259,0.0735275485857073,chip1241,converged,0.6915474620841868,8.85268421403502,Chippewa,North America,Algic,265.7262,47.347,5000,hunter-gatherer
rain_group,-6.300035984080432,0.027205812474801125,converged,-5.33865924583283,0.10566205598220761,huaa1248,converged,0.9613767382476013,8.811213529790258,East Taa,Africa,Tuu,20.79583,-24.20022,4200,hunter-gatherer
dance_group,-6.878031501894792,0.049752276779597655,converged,-5.928954548168564,0.09590999530415267,surs1246,converged,0.9490769537262285,8.783978841296186,Sursurunga,Papunesia,Austronesian,152.768,-3.99078,3000,other
wind_group,-5.881572899913446,0.026381933148576345,converged,-5.003075929767775,0.09654768822220516,urip1240,converged,0.8784969701456715,8.77730935699024,Uripiv,Papunesia,Austronesian,167.34643,-16.00951,351,other
dance_group,-6.878031501894792,0.049752276779597655,converged,-5.718797389646042,0.12423821155396807,wole1240,converged,1.1592341122487504,8.662001208824584,Woleaian,Papunesia,Austronesian,143.916,7.37957,1630,other
dance_group,-6.878031501894792,0.049752276779597655,converged,-6.15987092801691,0.06780004769297507,mush1238,converged,0.7181605738778822,8.539771932084589,Mushungulu,Africa,Atlantic-Congo,42.6626,0.00689,23000,other
dance_group,-6.878031501894792,0.049752276779597655,converged,-5.875447193098659,0.10736164793767648,nort2952,converged,1.0025843087961333,8.472835498208433,Northeast Maidu,North America,Maiduan,239.355,40.4102,100,hunter-gatherer
wind_group,-5.881572899913446,0.026381933148576345,converged,-5.42146923510968,0.04750921037845026,fiji1243,converged,0.46010366480376597,8.466702537048853,Fijian,Papunesia,Austronesian,178.33,-18,333440,other
dance_group,-6.878031501894792,0.049752276779597655,converged,-5.750188847471805,0.12519872833720827,tiwi1244,converged,1.1278426544229871,8.371630924505643,Tiwi,Australia,isolate_tiwi1244,130.949,-11.6308,1830,hunter-gatherer
smell_group,-6.383986116324334,0.023005403195962684,converged,-5.666591446332059,0.08262115989213283,thao1240,converged,0.7173946699922755,8.364729646614887,Thao,Papunesia,Austronesian,120.93,23.8333,100,other
ice_group,-7.833147994708722,0.055064859068445896,converged,-6.598766051850504,0.13745408139354126,plau1238,converged,1.2343819428582181,8.336278215660283,Plautdietsch,North America,Indo-European,250.646132,49.578028,84900,other
wind_group,-5.881572899913446,0.026381933148576345,converged,-5.339424411350795,0.06044678037953275,tiko1237,converged,0.5421484885626509,8.220204571197401,Tikopia,Papunesia,Austronesian,168.822,-12.2766,3320,other
rain_group,-6.300035984080432,0.027205812474801125,converged,-5.6544978062186315,0.0750842872569895,tbol1240,converged,0.6455381778618001,8.083254732112135,Tboli,Papunesia,Austronesian,124.538,6.20377,95300,other
wind_group,-5.881572899913446,0.026381933148576345,converged,-5.288267030698637,0.0700191790985694,oldn1244,converged,0.5933058692148094,7.929309370649907,Old Norse,Eurasia,Indo-European,10.38,63.42,900000,other
dance_group,-6.878031501894792,0.049752276779597655,converged,-5.746830561024437,0.13384378457180449,yana1271,converged,1.1312009408703556,7.92203992036813,Yana,North America,isolate_yana1271,238.392,39.2769,1500,hunter-gatherer
taste_group,-6.774695661964866,0.023289593669973036,converged,-6.09881790332807,0.08313866792439668,biat1246,converged,0.6758777586367968,7.828175399233308,Biatah Bidayuh,Papunesia,Austronesian,110.254,1.17596,72380,other
wind_group,-5.881572899913446,0.026381933148576345,converged,-5.235880155783465,0.07902048426721477,rotu1241,converged,0.6456927441299811,7.750657704771694,Rotuman,Papunesia,Austronesian,177.066,-12.5008,9000,other
wind_group,-5.881572899913446,0.026381933148576345,converged,-5.411188427200433,0.055852132317312196,tong1325,converged,0.47038447271301287,7.615161565386075,Tonga,Papunesia,Austronesian,184.75,-21.17,102290,other
taste_group,-6.774695661964866,0.023289593669973036,converged,-6.035244325235121,0.09502929445365439,alab1237,converged,0.7394513367297453,7.557640063058117,Alabama,North America,Muskogean,265.37152000000003,30.76738,100,other
rain_group,-6.300035984080432,0.027205812474801125,converged,-5.629523661565382,0.08590308696051877,mbay1241,converged,0.6705123225150498,7.44118688514088,Mbay,Africa,Central Sudanic,15.7328,8.23066,88300,other
smell_group,-6.383986116324334,0.023005403195962684,converged,-5.5691873935940075,0.108038192008027,caro1242,converged,0.8147987227303268,7.376387719722525,Carolinian,Papunesia,Austronesian,145.765,15.205,3000,other
snow_group,-7.500141475307639,0.05404147822644328,converged,-6.354638489672514,0.14601764162872974,nort2952,converged,1.145502985635125,7.3572461962389575,Northeast Maidu,North America,Maiduan,239.355,40.4102,100,hunter-gatherer
dance_group,-6.878031501894792,0.049752276779597655,converged,-5.893713891765747,0.12517217646199455,gela1263,converged,0.9843176101290458,7.307626844107746,Gela,Papunesia,Austronesian,160.186,-9.04587,11900,other
smell_group,-6.383986116324334,0.023005403195962684,converged,-5.76035012344018,0.08232885655801725,chuu1238,converged,0.6236359928841546,7.295465777355795,Chuukese,Papunesia,Austronesian,151.598607,7.346993,45900,other
dance_group,-6.878031501894792,0.049752276779597655,converged,-6.008581911412198,0.10859842769376325,ralu1237,converged,0.8694495904825947,7.278619980895463,Raluana,Papunesia,Austronesian,152.114,-4.30986,61000,other
rain_group,-6.300035984080432,0.027205812474801125,converged,-5.849128474067396,0.05572162165899397,bata1298,converged,0.4509075100130353,7.271703636322467,Batad Ifugao,Papunesia,Austronesian,121.23,16.8266,43000,other
rain_group,-6.300035984080432,0.027205812474801125,converged,-5.811231716498253,0.06163780272737091,dagb1246,converged,0.48880426758217865,7.2549923729675,Dagbani,Africa,Atlantic-Congo,-0.43227,9.64745,800000,other
wind_group,-5.881572899913446,0.026381933148576345,converged,-5.313886149386759,0.07451214325664414,west2630,converged,0.5676867505266872,7.181843841090247,Western Abenaki,North America,Algic,287.3489,46.1381,100,hunter-gatherer
snow_group,-7.500141475307639,0.05404147822644328,converged,-6.586180760552976,0.11528081305057562,penn1240,converged,0.9139607147546629,7.178505690450331,Pennsylvania German,North America,Indo-European,283.6789,40.030507,209280,other
dance_group,-6.878031501894792,0.049752276779597655,converged,-5.915232927380814,0.12516851343984506,yape1248,converged,0.962798574513978,7.148049008019465,Yapese,Papunesia,Austronesian,138.125,9.55811,6590,other
wind_group,-5.881572899913446,0.026381933148576345,converged,-5.485931496711869,0.04866483086575555,lako1247,converged,0.39564140320157737,7.14723506386605,Lakota,North America,Siouan,256.05,46.3699,6189,hunter-gatherer
snow_group,-7.500141475307639,0.05404147822644328,converged,-6.318704879967667,0.156680424268969,arom1237,converged,1.1814365953399717,7.128318943309862,Aromanian,Eurasia,Indo-European,21.2,40.616,69700,other
smell_group,-6.383986116324334,0.023005403195962684,converged,-5.656812082270626,0.10119155601977595,chep1245,converged,0.7271740340537081,7.007306046126842,Chepang,Eurasia,Sino-Tibetan,84.9017,27.7206,36800,other
rain_group,-6.300035984080432,0.027205812474801125,converged,-5.761918967527166,0.07266161921085376,kate1253,converged,0.538117016553266,6.935587777177331,Kâte,Papunesia,Nuclear Trans New Guinea,147.757,-6.4795,6130,other
ice_group,-7.833147994708722,0.055064859068445896,converged,-6.444249014667107,0.19260299443591938,sene1264,converged,1.3888989800416152,6.933405797299485,Seneca,North America,Iroquoian,282.47,42.56,175,other
rain_group,-6.300035984080432,0.027205812474801125,converged,-5.685507757526175,0.08435801834618227,muna1247,converged,0.6145282265542562,6.933127258816514,Muna,Papunesia,Austronesian,122.541,-5.40419,300000,other
wind_group,-5.881572899913446,0.026381933148576345,converged,-5.297552743091922,0.0800081139439949,geda1237,converged,0.5840201568215244,6.932360059660476,Gedaged,Papunesia,Austronesian,145.781,-5.18175,6950,other
dance_group,-6.878031501894792,0.049752276779597655,converged,-6.104432416969621,0.10061592892420032,ngaa1240,converged,0.7735990849251717,6.892081784567912,Ngaanyatjarra,Australia,Pama-Nyungan,127.602,-25.7514,990,hunter-gatherer
dance_group,-6.878031501894792,0.049752276779597655,converged,-6.100018412203507,0.10164841509042624,tuwa1243,converged,0.7780130896912851,6.874664548436573,Tuwali Ifugao,Papunesia,Austronesian,121.113,16.6646,30000,other
smell_group,-6.383986116324334,0.023005403195962684,converged,-5.7882789548549605,0.0840465687921221,alab1237,converged,0.5957071614693739,6.836345389927701,Alabama,North America,Muskogean,265.37152000000003,30.76738,100,other
ice_group,-7.833147994708722,0.055064859068445896,converged,-6.812565092055214,0.1414991090261772,mikm1235,converged,1.0205829026535076,6.721618474377221,Mi'kmaq,North America,Algic,296,46,9290,hunter-gatherer
rain_group,-6.300035984080432,0.027205812474801125,converged,-5.64594710086264,0.09423806249784789,lozi1239,converged,0.654088883217792,6.668487909848923,Lozi,Africa,Atlantic-Congo,24.7398,-17.7052,694000,other
smell_group,-6.383986116324334,0.023005403195962684,converged,-5.5768023455208375,0.11890253138764896,huaa1248,converged,0.8071837708034968,6.665011130559685,East Taa,Africa,Tuu,20.79583,-24.20022,4200,hunter-gatherer
smell_group,-6.383986116324334,0.023005403195962684,converged,-5.66554202163361,0.10559162804904668,nupe1254,converged,0.7184440946907245,6.648032225560873,Nupe-Nupe-Tako,Africa,Atlantic-Congo,5.40031,9.18404,800000,other
wind_group,-5.881572899913446,0.026381933148576345,converged,-5.394885823961995,0.06867422412464488,chuu1238,converged,0.4866870759514512,6.615530596523006,Chuukese,Papunesia,Austronesian,151.598607,7.346993,45900,other
wind_group,-5.881572899913446,0.026381933148576345,converged,-5.25434820726918,0.09114627045795341,gela1263,converged,0.6272246926442664,6.6101888762785945,Gela,Papunesia,Austronesian,160.186,-9.04587,11900,other
rain_group,-6.300035984080432,0.027205812474801125,converged,-5.588753794453131,0.10445196977154535,kosa1249,converged,0.7112821896273003,6.589797526307964,Kosarek Yale,Papunesia,Nuclear Trans New Guinea,139.645,-4.06603,2300,other
rain_group,-6.300035984080432,0.027205812474801125,converged,-5.570141606965934,0.10741529367423759,yank1247,converged,0.7298943771144977,6.587075464629284,Yankunytjatjara,Australia,Pama-Nyungan,133.577,-26.4064,100,hunter-gatherer
ice_group,-7.833147994708722,0.055064859068445896,converged,-7.05697891313761,0.10604543551542338,mush1238,converged,0.776169081571112,6.495702120465415,Mushungulu,Africa,Atlantic-Congo,42.6626,0.00689,23000,other
dance_group,-6.878031501894792,0.049752276779597655,converged,-5.951510231602399,0.1362596859647292,mali1284,converged,0.9265212702923931,6.3872215127841026,Mali,Papunesia,Baining,152.214,-4.71826,2200,other
rain_group,-6.300035984080432,0.027205812474801125,converged,-5.564765980862342,0.1134443542696813,gras1249,converged,0.7352700032180897,6.302623027638017,Grass Koiari,Papunesia,Koiarian,147.437,-9.51218,1700,other
rain_group,-6.300035984080432,0.027205812474801125,converged,-5.534669079434564,0.11891217708446974,sout2789,converged,0.7653669046458678,6.274287117647092,Central Dagaare,Africa,Atlantic-Congo,-2.52265,10.4226,700000,other
taste_group,-6.774695661964866,0.023289593669973036,converged,-5.999775503473126,0.12141804975568705,yoga1237,converged,0.7749201584917405,6.26798310897935,Yogad,Papunesia,Austronesian,121.718,16.7015,16000,other
snow_group,-7.500141475307639,0.05404147822644328,converged,-6.588079532841992,0.1357090006768723,alab1237,converged,0.9120619424656464,6.243864073937703,Alabama,North America,Muskogean,265.37152000000003,30.76738,100,other
wind_group,-5.881572899913446,0.026381933148576345,converged,-5.214175768099436,0.10397678190543169,male1292,converged,0.6673971318140106,6.22156909227272,Malecite-Passamaquoddy,North America,Algic,292.59195,45.494475,2060,hunter-gatherer
ice_group,-7.833147994708722,0.055064859068445896,converged,-6.947920506230635,0.13136948983294305,loui1240,converged,0.8852274884780869,6.214597341950423,Louisiana Creole French,North America,Indo-European,269.2525,30.0412,70000,other
taste_group,-6.774695661964866,0.023289593669973036,converged,-5.9837363486659365,0.1261467649471874,ngal1292,converged,0.7909593132989299,6.16594676431888,Ngalkbun,Australia,Gunwinyguan,133.936,-13.9783,100,hunter-gatherer
smell_group,-6.383986116324334,0.023005403195962684,converged,-5.673010815991385,0.1141562782690553,besi1244,converged,0.7109753003329491,6.105344654961562,Besisi,Eurasia,Austroasiatic,101.676,2.717,2990,other
rain_group,-6.300035984080432,0.027205812474801125,converged,-5.665967575605567,0.10118995061478271,misi1242,converged,0.6340684084748647,6.051229177586556,Mising-Padam-Miri-Minyong,Eurasia,Sino-Tibetan,94.69,27.418,571000,other
dance_group,-6.878031501894792,0.049752276779597655,converged,-6.027221102347854,0.13261289059897807,mudb1240,converged,0.8508103995469387,6.006914316955165,Mudburra,Australia,Pama-Nyungan,132.329,-16.7694,130,hunter-gatherer
wind_group,-5.881572899913446,0.026381933148576345,converged,-5.350445418815348,0.08441480004375997,tana1289,converged,0.5311274810980979,6.005423217101596,Dena'ina,North America,Athabaskan-Eyak-Tlingit,209.241,60.4712,100,hunter-gatherer
dance_group,-6.878031501894792,0.049752276779597655,converged,-5.969506473506979,0.1445218771774746,huaa1248,converged,0.908525028387813,5.944059780583362,East Taa,Africa,Tuu,20.79583,-24.20022,4200,hunter-gatherer
rain_group,-6.300035984080432,0.027205812474801125,converged,-5.832427174510837,0.07403037914423505,yabe1254,converged,0.4676088095695947,5.928771150933487,Yabem,Papunesia,Austronesian,147.81,-6.67052,2080,other
wind_group,-5.881572899913446,0.026381933148576345,converged,-5.433060146362962,0.07122200703619384,mikm1235,converged,0.44851275355048426,5.905277505588166,Mi'kmaq,North America,Algic,296,46,9290,hunter-gatherer
rain_group,-6.300035984080432,0.027205812474801125,converged,-5.752972508874618,0.0888763334502911,toab1237,converged,0.5470634752058139,5.885752414734797,To'abaita,Papunesia,Austronesian,160.619,-8.39233,12600,other
snow_group,-7.500141475307639,0.05404147822644328,converged,-6.45805820457316,0.16867623937453416,squa1248,converged,1.0420832707344792,5.8834253473677816,Squamish,North America,Salishan,236.986,49.3231,100,hunter-gatherer
snow_group,-7.500141475307639,0.05404147822644328,converged,-6.358388541962807,0.1873083250237726,maha1287,converged,1.141752933344832,5.856692146035302,Mahasu Pahari,Eurasia,Indo-European,77.5317,31.0088,1000000,other
smell_group,-6.383986116324334,0.023005403195962684,converged,-5.869357879451845,0.08493860202705095,tuam1242,converged,0.5146282368724897,5.848118117754213,Tuamotuan,Papunesia,Austronesian,213.678245,-16.17259,14400,hunter-gatherer
dance_group,-6.878031501894792,0.049752276779597655,converged,-6.2778195198416045,0.09025156765866361,mamb1296,converged,0.6002119820531879,5.824108126521512,Mambwe-Lungu,Africa,Atlantic-Congo,31.2269,-8.86817,674000,other
rain_group,-6.300035984080432,0.027205812474801125,converged,-5.688009611680496,0.10277140335650459,chep1245,converged,0.612026372399936,5.756920417120961,Chepang,Eurasia,Sino-Tibetan,84.9017,27.7206,36800,other
smell_group,-6.383986116324334,0.023005403195962684,converged,-5.823943632719492,0.09463066966142612,anda1287,converged,0.5600424836048425,5.750695090554007,Andalusian Arabic,Eurasia,Afro-Asiatic,-5.2,36.54,500000,other
smell_group,-6.383986116324334,0.023005403195962684,converged,-5.7307409113834336,0.1112912248090362,wamp1247,converged,0.6532452049409008,5.748165615784715,Wampar,Papunesia,Austronesian,146.662,-6.67364,5150,other
dance_group,-6.878031501894792,0.049752276779597655,converged,-6.057787190040505,0.13378684894261894,naro1249,converged,0.820244311854287,5.746492422066125,Naro,Africa,Khoe-Kwadi,20.7458,-22.0939,14000,hunter-gatherer
dance_group,-6.878031501894792,0.049752276779597655,converged,-5.96527223098021,0.15094899399411946,bini1246,converged,0.9127592709145826,5.742909170571949,Bini,Africa,Atlantic-Congo,5.70426,6.40701,1000000,other
rain_group,-6.300035984080432,0.027205812474801125,converged,-5.675116236924798,0.10558989176249887,cent2292,converged,0.6249197471556336,5.731187507147571,Central Bontoc,Papunesia,Austronesian,120.92,17.08,19600,other
dance_group,-6.878031501894792,0.049752276779597655,converged,-6.391329485329819,0.0689005061845336,newa1246,converged,0.4867020165649736,5.726869700273689,Kathmandu Valley Newari,Eurasia,Sino-Tibetan,85.326,27.67,839000,other
wind_group,-5.881572899913446,0.026381933148576345,converged,-5.540817813040158,0.05340463396512438,cent2131,converged,0.3407550868732878,5.720668590480937,Central Tarahumara,North America,Uto-Aztecan,252.846,27.5648,55000,other
dance_group,-6.878031501894792,0.049752276779597655,converged,-6.201057883993137,0.10857511828483528,yiry1245,converged,0.6769736179016554,5.668307906931526,Yir-Yoront,Australia,Pama-Nyungan,141.767,-15.1117,100,hunter-gatherer
ice_group,-7.833147994708722,0.055064859068445896,converged,-6.838673117871524,0.16675593929564358,uppe1439,converged,0.9944748768371978,5.662899712875252,Upper Chehalis,North America,Salishan,236.831,46.7981,691,hunter-gatherer
rain_group,-6.300035984080432,0.027205812474801125,converged,-5.789001201032732,0.08651895833899335,mbuk1240,converged,0.5110347830477,5.634616818410622,Mbukushu,Africa,Atlantic-Congo,22.5026,-17.6827,35100,other
snow_group,-7.500141475307639,0.05404147822644328,converged,-6.5245897258878935,0.1649135041707491,jica1244,converged,0.9755517494197452,5.6214047008301575,Jicarilla Apache,North America,Athabaskan-Eyak-Tlingit,252.993,36.8079,680,hunter-gatherer
snow_group,-7.500141475307639,0.05404147822644328,converged,-6.373952199469432,0.19316324172507277,sene1264,converged,1.1261892758382066,5.614651090082272,Seneca,North America,Iroquoian,282.47,42.56,175,other
smell_group,-6.383986116324334,0.023005403195962684,converged,-5.930197776388921,0.07771813298260474,yabe1254,converged,0.45378833993541345,5.598760737677204,Yabem,Papunesia,Austronesian,147.81,-6.67052,2080,other
snow_group,-7.500141475307639,0.05404147822644328,converged,-6.540205751212575,0.16313904768388113,koas1236,converged,0.9599357240950637,5.585665377947981,Koasati,North America,Muskogean,267.291,30.4096,200,other
snow_group,-7.500141475307639,0.05404147822644328,converged,-6.619049538977962,0.14841450233966513,plau1238,converged,0.8810919363296765,5.5783922975114475,Plautdietsch,North America,Indo-European,250.646132,49.578028,84900,other
smell_group,-6.383986116324334,0.023005403195962684,converged,-5.93604306930099,0.07725354313432377,khas1269,converged,0.44794304702334475,5.557178984338162,Khasi,Eurasia,Austroasiatic,91.9998,24.977,865000,other
ice_group,-7.833147994708722,0.055064859068445896,converged,-6.924588984323514,0.1543791981963732,yama1264,converged,0.9085590103852077,5.543181599609539,Yámana,South America,isolate_yama1264,291.7352,-55.2748,100,hunter-gatherer
wind_group,-5.881572899913446,0.026381933148576345,converged,-5.406526560596155,0.08294606296056697,osag1243,converged,0.47504633931729146,5.45775950487749,Osage,North America,Siouan,263.7051,36.7828,100,hunter-gatherer
snow_group,-7.500141475307639,0.05404147822644328,converged,-6.804839493503146,0.11621873228606994,east2295,converged,0.6953019818044925,5.424887073059411,Eastern Yiddish,Eurasia,Indo-European,19.42,51.75,401947,other
wind_group,-5.881572899913446,0.026381933148576345,converged,-5.424809711899714,0.07998431026492973,yaki1237,converged,0.45676318801373217,5.423266205574053,Northwest Sahaptin,North America,Sahaptian,239.244,46.2655,3000,hunter-gatherer
wind_group,-5.881572899913446,0.026381933148576345,converged,-5.314612449038642,0.10126340625950667,pulu1242,converged,0.5669604508748041,5.4180134243251485,Puluwatese,Papunesia,Austronesian,149.2005,7.35695,1360,other
dance_group,-6.878031501894792,0.049752276779597655,converged,-6.167039914604739,0.12322051166048896,geda1237,converged,0.710991587290053,5.3504034308659945,Gedaged,Papunesia,Austronesian,145.781,-5.18175,6950,other
rain_group,-6.300035984080432,0.027205812474801125,converged,-5.691430074151854,0.11061770933959526,mung1266,converged,0.6086059099285777,5.342671681453718,Mungaka,Africa,Atlantic-Congo,10.0294,5.89752,50100,other
taste_group,-6.774695661964866,0.023289593669973036,converged,-6.133578793112635,0.11797885919407088,nort2671,converged,0.6411168688522313,5.331283635740037,North Saami,Eurasia,Uralic,22.1113,68.725,20700,other
dance_group,-6.878031501894792,0.049752276779597655,converged,-6.0135404988086325,0.15449190266980808,hava1248,converged,0.8644910030861599,5.326323700938211,Havasupai-Walapai-Yavapai,North America,Cochimi-Yuman,246.615,35.6302,2690,other
snow_group,-7.500141475307639,0.05404147822644328,converged,-6.6714302696232215,0.14598766725144133,thao1240,converged,0.8287112056844173,5.323542091844472,Thao,Papunesia,Austronesian,120.93,23.8333,100,other
dance_group,-6.878031501894792,0.049752276779597655,converged,-6.392382844972637,0.07698744472531922,fiji1243,converged,0.4856486569221552,5.298118417252144,Fijian,Papunesia,Austronesian,178.33,-18,333440,other
rain_group,-6.300035984080432,0.027205812474801125,converged,-5.683405323379781,0.11342013768418648,rabh1238,converged,0.6166306607006504,5.286731724888366,Rabha,Eurasia,Sino-Tibetan,91.1689,25.8248,50000,other
wind_group,-5.881572899913446,0.026381933148576345,converged,-5.272473450440495,0.11351781221453076,sanb1242,converged,0.6090994494729509,5.22638677475746,San Blas Kuna,South America,Chibchan,281.6925,9.15686,57100,other
taste_group,-6.774695661964866,0.023289593669973036,converged,-5.997046763595145,0.14762511898744474,bard1255,converged,0.777648898369721,5.203372709087802,Bardi,Australia,Nyulnyulan,122.906,-16.6274,380,hunter-gatherer
rain_group,-6.300035984080432,0.027205812474801125,converged,-5.812347527715834,0.08993682388225327,here1253,converged,0.487688456364598,5.190293522066157,Herero,Africa,Atlantic-Congo,20.5655,-21.0231,237000,other
ice_group,-7.833147994708722,0.055064859068445896,converged,-6.7946695272042,0.1925578079247514,uppe1395,converged,1.0384784675045218,5.1852255984494935,Upper Sorbian,Eurasia,Indo-European,14.4098,51.2403,18000,other
smell_group,-6.383986116324334,0.023005403195962684,converged,-5.782505630787668,0.11413599701757744,ngal1292,converged,0.6014804855366664,5.165963891300158,Ngalkbun,Australia,Gunwinyguan,133.936,-13.9783,100,hunter-gatherer
taste_group,-6.774695661964866,0.023289593669973036,converged,-6.226132830692412,0.10379762597814833,chuu1238,converged,0.548562831272454,5.156715214280846,Chuukese,Papunesia,Austronesian,151.598607,7.346993,45900,other
wind_group,-5.881572899913446,0.026381933148576345,converged,-5.438716786854486,0.08182685227556737,ralu1237,converged,0.44285611305896033,5.151008138159523,Raluana,Papunesia,Austronesian,152.114,-4.30986,61000,other
smell_group,-6.383986116324334,0.023005403195962684,converged,-5.971338214732296,0.07748095495579566,mamb1296,converged,0.4126479015920381,5.105501062023691,Mambwe-Lungu,Africa,Atlantic-Congo,31.2269,-8.86817,674000,other
smell_group,-6.383986116324334,0.023005403195962684,converged,-5.924995959463505,0.08782289090121016,masb1238,converged,0.4589901568608292,5.055733836332145,Masbatenyo,Papunesia,Austronesian,123.63579,12.21453,350000,other
wind_group,-5.881572899913446,0.026381933148576345,converged,-5.318936653754876,0.10937582454002372,lonw1238,converged,0.5626362461585703,5.000652538387228,Lonwolwol,Papunesia,Austronesian,168.016,-16.2286,1200,other
dance_group,-6.878031501894792,0.049752276779597655,converged,-6.307652657553761,0.1032360601835643,mapu1244,converged,0.5703788443410316,4.977163189388933,Mapun,Papunesia,Austronesian,118.75,6.09061,42470,other
wind_group,-5.881572899913446,0.026381933148576345,converged,-5.389574305531649,0.09600095189374354,naro1249,converged,0.49199859438179683,4.941730660348157,Naro,Africa,Khoe-Kwadi,20.7458,-22.0939,14000,hunter-gatherer
taste_group,-6.774695661964866,0.023289593669973036,converged,-6.011723066823974,0.1526852564888836,yana1271,converged,0.7629725951408926,4.939892229046118,Yana,North America,isolate_yana1271,238.392,39.2769,1500,hunter-gatherer
rain_group,-6.300035984080432,0.027205812474801125,converged,-5.676546225725105,0.12330212768516353,yeyi1239,converged,0.6234897583553263,4.937834446250472,Yeyi,Africa,Atlantic-Congo,23.6088,-18.9178,24000,other
snow_group,-7.500141475307639,0.05404147822644328,converged,-6.466776718464137,0.20320381525281414,dako1258,converged,1.0333647568435014,4.91453270600263,Dakota,North America,Siouan,263.42,45.86,19280,hunter-gatherer
dance_group,-6.878031501894792,0.049752276779597655,converged,-6.351749938010618,0.09586609999935855,yabe1254,converged,0.526281563884174,4.872643635721883,Yabem,Papunesia,Austronesian,147.81,-6.67052,2080,other
wind_group,-5.881572899913446,0.026381933148576345,converged,-5.53295216201537,0.06665039914742055,niue1239,converged,0.34862073789807635,4.86344765140313,Niuean,Papunesia,Austronesian,190.14,-19.06,7950,other
taste_group,-6.774695661964866,0.023289593669973036,converged,-6.148812873987743,0.1271356919205725,koas1236,converged,0.6258827879771234,4.842372654334094,Koasati,North America,Muskogean,267.291,30.4096,200,other
smell_group,-6.383986116324334,0.023005403195962684,converged,-5.853819615159607,0.10736493370734428,rotu1241,converged,0.530166501164727,4.828386888898967,Rotuman,Papunesia,Austronesian,177.066,-12.5008,9000,other
rain_group,-6.300035984080432,0.027205812474801125,converged,-5.784741292851976,0.1033005379496756,mara1385,converged,0.5152946912284557,4.823816967492053,Marra,Australia,Mangarrayi-Maran,134.865,-14.7927,100,hunter-gatherer
dance_group,-6.878031501894792,0.049752276779597655,converged,-6.059676411935679,0.16241071693617862,izon1238,converged,0.8183550899591134,4.817811868650581,Izon,Africa,Ijoid,5.51702,5.17986,1000000,other
smell_group,-6.383986116324334,0.023005403195962684,converged,-5.87522951480552,0.10328684247489367,chip1241,converged,0.5087566015188143,4.80785172610255,Chippewa,North America,Algic,265.7262,47.347,5000,hunter-gatherer
rain_group,-6.300035984080432,0.027205812474801125,converged,-5.9020066360770755,0.07991771070471897,tiko1237,converged,0.3980293480033561,4.714784160604945,Tikopia,Papunesia,Austronesian,168.822,-12.2766,3320,other
dance_group,-6.878031501894792,0.049752276779597655,converged,-6.327530857197774,0.1066955333096572,tuam1242,converged,0.550500644697018,4.6761490486218795,Tuamotuan,Papunesia,Austronesian,213.678245,-16.17259,14400,hunter-gatherer
rain_group,-6.300035984080432,0.027205812474801125,converged,-5.815025653473604,0.1001490092603197,taku1257,converged,0.4850103306068281,4.673513858535265,Takuu,Papunesia,Austronesian,157.032085,-4.773094,1750,other
ice_group,-7.833147994708722,0.055064859068445896,converged,-6.756757955507025,0.22373678872181876,hava1248,converged,1.076390039201697,4.671562075548935,Havasupai-Walapai-Yavapai,North America,Cochimi-Yuman,246.615,35.6302,2690,other
ice_group,-7.833147994708722,0.055064859068445896,converged,-6.7629029023794756,0.2237359926263669,hoch1243,converged,1.0702450923292464,4.644908422306478,Ho-Chunk,North America,Siouan,271.5,43.5,100,hunter-gatherer
rain_group,-6.300035984080432,0.027205812474801125,converged,-5.883891528899803,0.08555460683479625,tuam1242,converged,0.41614445518062837,4.635359353115697,Tuamotuan,Papunesia,Austronesian,213.678245,-16.17259,14400,hunter-gatherer
taste_group,-6.774695661964866,0.023289593669973036,converged,-6.224856770772621,0.11715693780982335,west2630,converged,0.5498388911922456,4.603112322605155,Western Abenaki,North America,Algic,287.3489,46.1381,100,hunter-gatherer
smell_group,-6.383986116324334,0.023005403195962684,converged,-5.8869678557792735,0.10555542943399669,aros1241,converged,0.4970182605450608,4.60060175157514,Arosi,Papunesia,Austronesian,161.432,-10.2441,6750,other
rain_group,-6.300035984080432,0.027205812474801125,converged,-5.882875755773874,0.08749206123255505,lepc1244,converged,0.41716022830655763,4.552941877968254,Lepcha,Eurasia,Sino-Tibetan,88.5726,27.0869,52830,other
smell_group,-6.383986116324334,0.023005403195962684,converged,-5.835657907565908,0.12056157860181621,mudb1240,converged,0.5483282087584262,4.4675095925240305,Mudburra,Australia,Pama-Nyungan,132.329,-16.7694,130,hunter-gatherer
taste_group,-6.774695661964866,0.023289593669973036,converged,-6.3451938525650204,0.09333227998691758,mamb1296,converged,0.42950180939984595,4.464946043936958,Mambwe-Lungu,Africa,Atlantic-Congo,31.2269,-8.86817,674000,other
rain_group,-6.300035984080432,0.027205812474801125,converged,-5.943698437069196,0.07505138001767893,yaka1277,converged,0.3563375470112353,4.463691761061943,Yakan,Papunesia,Austronesian,122.021729,6.531023,106000,other
dance_group,-6.878031501894792,0.049752276779597655,converged,-6.214408078420977,0.1415627352786965,wamp1247,converged,0.6636234234738154,4.422652998437186,Wampar,Papunesia,Austronesian,146.662,-6.67364,5150,other
ice_group,-7.833147994708722,0.055064859068445896,converged,-7.01882136196776,0.17685577722573192,yaki1237,converged,0.8143266327409622,4.396303003950804,Northwest Sahaptin,North America,Sahaptian,239.244,46.2655,3000,hunter-gatherer
wind_group,-5.881572899913446,0.026381933148576345,converged,-5.422159108629149,0.10123813124093958,nung1290,converged,0.45941379128429727,4.39129749059627,Wubuy,Australia,Gunwinyguan,135.753,-14.2623,360,hunter-gatherer
ice_group,-7.833147994708722,0.055064859068445896,converged,-7.398624993511492,0.08222465248369742,trin1276,converged,0.4345230011972303,4.3909064024616695,Trinidadian Creole English,South America,Indo-European,298.5829,10.4208,9600,other
rain_group,-6.300035984080432,0.027205812474801125,converged,-5.839386279754691,0.10274703889015305,pint1250,converged,0.4606497043257409,4.333982102226188,Pintupi-Luritja,Australia,Pama-Nyungan,130.643,-23.2963,390,hunter-gatherer
rain_group,-6.300035984080432,0.027205812474801125,converged,-5.771930544956071,0.1197087979656937,chek1238,converged,0.5281054391243609,4.30188636727044,Cheke Holo,Papunesia,Austronesian,159.625,-8.27055,10800,other
smell_group,-6.383986116324334,0.023005403195962684,converged,-5.888194197624421,0.11411841535484726,wikm1247,converged,0.4957919186999131,4.258861925628936,Wik-Mungkan,Australia,Pama-Nyungan,141.81611,-13.98051,840,hunter-gatherer
wind_group,-5.881572899913446,0.026381933148576345,converged,-5.407972219757984,0.10935311529143284,huaa1248,converged,0.473600680155462,4.210139740684896,East Taa,Africa,Tuu,20.79583,-24.20022,4200,hunter-gatherer
rain_group,-6.300035984080432,0.027205812474801125,converged,-5.809104528037323,0.11339742437978925,nupe1254,converged,0.49093145604310884,4.2098368374535475,Nupe-Nupe-Tako,Africa,Atlantic-Congo,5.40031,9.18404,800000,other
dance_group,-6.878031501894792,0.049752276779597655,converged,-6.452935785062896,0.08845796539552338,tahi1242,converged,0.42509571683189673,4.188572085723279,Tahitian,Papunesia,Austronesian,210.55,-17.6485,124260,other
smell_group,-6.383986116324334,0.023005403195962684,converged,-5.9727912818443025,0.09546761109030627,east2534,converged,0.4111948344800318,4.187304183081773,Eastern Canadian Inuktitut,North America,Eskimo-Aleut,284.3861,62.1735,14000,hunter-gatherer
ice_group,-7.833147994708722,0.055064859068445896,converged,-7.049758746609172,0.17968320219717232,sanj1284,converged,0.7833892480995504,4.168486275255709,Western Tlacolula Valley Zapotec,North America,Otomanguean,263.4033,17.0332,28000,other
taste_group,-6.774695661964866,0.023289593669973036,converged,-6.312247115184109,0.10856355986827278,plai1258,converged,0.46244854678075775,4.16494384162815,Plains Cree,North America,Algic,249.537,51.2437,34100,hunter-gatherer
rain_group,-6.300035984080432,0.027205812474801125,converged,-5.915001038433472,0.08850753230902902,raro1241,converged,0.38503494564695995,4.158292218362714,Southern Cook Island Maori,Papunesia,Austronesian,200.22,-21.23,32300,other
rain_group,-6.300035984080432,0.027205812474801125,converged,-5.85408551603281,0.1038437701098003,aros1241,converged,0.44595046804762184,4.154233831511047,Arosi,Papunesia,Austronesian,161.432,-10.2441,6750,other
dance_group,-6.878031501894792,0.049752276779597655,converged,-6.373572570166262,0.11120585154173018,raro1241,converged,0.5044589317285304,4.140751392340291,Southern Cook Island Maori,Papunesia,Austronesian,200.22,-21.23,32300,other
taste_group,-6.774695661964866,0.023289593669973036,converged,-6.26320216493689,0.1213832734861554,sanj1284,converged,0.5114934970279768,4.138385719999244,Western Tlacolula Valley Zapotec,North America,Otomanguean,263.4033,17.0332,28000,other
rain_group,-6.300035984080432,0.027205812474801125,converged,-5.903559087958813,0.09218302144794455,tuwa1243,converged,0.3964768961216185,4.125077034264681,Tuwali Ifugao,Papunesia,Austronesian,121.113,16.6646,30000,other
ice_group,-7.833147994708722,0.055064859068445896,converged,-6.946474194091843,0.20861468985515183,hmon1264,converged,0.8866738006168786,4.109544075917189,Hmong Njua,Eurasia,Hmong-Mien,101.95,22.5638,210000,other
rain_group,-6.300035984080432,0.027205812474801125,converged,-6.063052139671992,0.051090383778294224,iban1264,converged,0.23698384440843956,4.094222840690698,Iban,Papunesia,Austronesian,112.934,2.09041,694400,other
dance_group,-6.878031501894792,0.049752276779597655,converged,-6.350087592266183,0.11962719443578769,toab1237,converged,0.5279439096286094,4.074879409593148,To'abaita,Papunesia,Austronesian,160.619,-8.39233,12600,other
smell_group,-6.383986116324334,0.023005403195962684,converged,-5.960766178283177,0.10166540726804998,mans1262,converged,0.4232199380411572,4.0602164198234565,Mansaka,Papunesia,Austronesian,126.181,6.79221,57800,other
ice_group,-7.833147994708722,0.055064859068445896,converged,-7.041567882140154,0.18906487743094144,cree1270,converged,0.7915801125685675,4.0197962294830285,Creek,North America,Muskogean,272.5,31,4300,other
dance_group,-6.878031501894792,0.049752276779597655,converged,-6.262222292789462,0.14600400781515696,kosa1249,converged,0.61580920910533,3.992330727225848,Kosarek Yale,Papunesia,Nuclear Trans New Guinea,139.645,-4.06603,2300,other
ice_group,-7.833147994708722,0.055064859068445896,converged,-7.280541669282929,0.12704386283889263,cent2131,converged,0.5526063254257929,3.9909744734660824,Central Tarahumara,North America,Uto-Aztecan,252.846,27.5648,55000,other
rain_group,-6.300035984080432,0.027205812474801125,converged,-5.806213329913853,0.12235309821392595,nand1266,converged,0.49382265416657845,3.9398245161856957,Nandi,Africa,Nilotic,35.408478,0.793737,938000,other
taste_group,-6.774695661964866,0.023289593669973036,converged,-6.295424133377248,0.11963305377632456,mbay1241,converged,0.4792715285876188,3.9323576460704786,Mbay,Africa,Central Sudanic,15.7328,8.23066,88300,other
wind_group,-5.881572899913446,0.026381933148576345,converged,-5.471307324649818,0.10227647045394908,yank1247,converged,0.4102655752636286,3.8841985994399,Yankunytjatjara,Australia,Pama-Nyungan,133.577,-26.4064,100,hunter-gatherer
dance_group,-6.878031501894792,0.049752276779597655,converged,-6.166467723095709,0.17696209308618757,sanb1242,converged,0.7115637787990838,3.8709194735471333,San Blas Kuna,South America,Chibchan,281.6925,9.15686,57100,other
dance_group,-6.878031501894792,0.049752276779597655,converged,-6.334595599012455,0.1314228411424116,kach1280,converged,0.5434359028823375,3.8671853758971237,Southern Jinghpaw,Eurasia,Sino-Tibetan,97.3278,25.4634,940000,other
dance_group,-6.878031501894792,0.049752276779597655,converged,-6.395217664281251,0.11480358075951258,toke1240,converged,0.48281383761354135,3.858789387103134,Tokelau,Papunesia,Austronesian,188.219167,-9.227642,3250,hunter-gatherer
dance_group,-6.878031501894792,0.049752276779597655,converged,-6.399588455136743,0.11405525215582343,tokp1240,converged,0.4784430467580494,3.844945731280612,Tok Pisin,Papunesia,Indo-European,147.303,-9.41971,125630,other
dance_group,-6.878031501894792,0.049752276779597655,converged,-6.514439749145347,0.08117078678258163,lako1247,converged,0.36359175274944544,3.819041858915853,Lakota,North America,Siouan,256.05,46.3699,6189,hunter-gatherer
ice_group,-7.833147994708722,0.055064859068445896,converged,-6.858499381452558,0.2501312785741872,twee1234,converged,0.9746486132561643,3.8054274608386414,Tweed-Albert,Australia,Pama-Nyungan,153.286993,-28.028726,210,other
rain_group,-6.300035984080432,0.027205812474801125,converged,-5.862479764994476,0.11266867430611563,wikm1247,converged,0.43755621908595543,3.775069428158977,Wik-Mungkan,Australia,Pama-Nyungan,141.81611,-13.98051,840,hunter-gatherer
smell_group,-6.383986116324334,0.023005403195962684,converged,-5.962783335863205,0.10924920960909047,pint1250,converged,0.4212027804611296,3.7726923180988337,Pintupi-Luritja,Australia,Pama-Nyungan,130.643,-23.2963,390,hunter-gatherer
smell_group,-6.383986116324334,0.023005403195962684,converged,-6.081969813353813,0.07793873569738335,tong1325,converged,0.3020163029705216,3.7165234761469517,Tonga,Papunesia,Austronesian,184.75,-21.17,102290,other
ice_group,-7.833147994708722,0.055064859068445896,converged,-7.276664877371969,0.14007641532223092,east2295,converged,0.5564831173367528,3.6972936630166457,Eastern Yiddish,Eurasia,Indo-European,19.42,51.75,401947,other
snow_group,-7.500141475307639,0.05404147822644328,converged,-7.024901435174286,0.11683167724051646,mush1238,converged,0.47524004013335297,3.691902036098604,Mushungulu,Africa,Atlantic-Congo,42.6626,0.00689,23000,other
ice_group,-7.833147994708722,0.055064859068445896,converged,-7.059474433694844,0.20421182347873865,jica1244,converged,0.7736735610138776,3.657934629363464,Jicarilla Apache,North America,Athabaskan-Eyak-Tlingit,252.993,36.8079,680,hunter-gatherer
wind_group,-5.881572899913446,0.026381933148576345,converged,-5.414571456188251,0.12527789411388335,kati1270,converged,0.46700144372519503,3.647718913125366,Katë,Eurasia,Indo-European,70.9826,35.4145,19400,other
smell_group,-6.383986116324334,0.023005403195962684,converged,-6.040651457961807,0.09139566049252092,kala1397,converged,0.34333465836252763,3.642940750166325,Kalam,Papunesia,Nuclear Trans New Guinea,144.585,-5.25216,15000,other
rain_group,-6.300035984080432,0.027205812474801125,converged,-5.833530678372279,0.12518284895228934,doro1266,converged,0.46650530570815274,3.6415842557176217,Doromu-Koki,Papunesia,Manubaran,147.986,-9.56687,1500,other
wind_group,-5.881572899913446,0.026381933148576345,converged,-5.493586653440764,0.10335402236942674,cent1990,converged,0.387986246472682,3.6373258957930674,Central Nicobarese,Eurasia,Austroasiatic,93.3921,7.94812,10100,other
smell_group,-6.383986116324334,0.023005403195962684,converged,-5.886356524825487,0.13502707323284682,wole1240,converged,0.4976295914988471,3.63305301294562,Woleaian,Papunesia,Austronesian,143.916,7.37957,1630,other
taste_group,-6.774695661964866,0.023289593669973036,converged,-6.56315626776181,0.05419123936410208,trin1276,converged,0.21153939420305612,3.586394626626847,Trinidadian Creole English,South America,Indo-European,298.5829,10.4208,9600,other
ice_group,-7.833147994708722,0.055064859068445896,converged,-7.169109418136976,0.176844744637632,here1253,converged,0.6640385765717456,3.585147161670833,Herero,Africa,Atlantic-Congo,20.5655,-21.0231,237000,other
rain_group,-6.300035984080432,0.027205812474801125,converged,-5.842910157962001,0.12518114317793363,kxoe1243,converged,0.457125826118431,3.5684135877176124,Kxoe,Africa,Khoe-Kwadi,22.599835,-16.59051,6590,hunter-gatherer
taste_group,-6.774695661964866,0.023289593669973036,converged,-6.26442630540558,0.14155584101691174,cent2292,converged,0.5102693565592862,3.5569022955718546,Central Bontoc,Papunesia,Austronesian,120.92,17.08,19600,other
rain_group,-6.300035984080432,0.027205812474801125,converged,-5.91840234721733,0.1038345196741616,ralu1237,converged,0.3816336368631017,3.5553893231157203,Raluana,Papunesia,Austronesian,152.114,-4.30986,61000,other
smell_group,-6.383986116324334,0.023005403195962684,converged,-6.06476392176009,0.0868116667619051,niue1239,converged,0.3192221945642446,3.5544880014727296,Niuean,Papunesia,Austronesian,190.14,-19.06,7950,other
ice_group,-7.833147994708722,0.055064859068445896,converged,-7.056018532080393,0.21329261004688133,arom1237,converged,0.7771294626283289,3.527822138917682,Aromanian,Eurasia,Indo-European,21.2,40.616,69700,other
ice_group,-7.833147994708722,0.055064859068445896,converged,-6.957441400282418,0.24265098928258513,kara1483,converged,0.8757065944263038,3.51943105103352,Karamojong,Africa,Nilotic,34.2761,2.45157,260000,other
smell_group,-6.383986116324334,0.023005403195962684,converged,-6.053206191882683,0.09139430677221652,khot1251,converged,0.33077992444165094,3.5097780596980708,Khotanese,Eurasia,Indo-European,79.04,38.33,83000,other
wind_group,-5.881572899913446,0.026381933148576345,converged,-5.6971147698223374,0.04605713076067579,tzot1259,converged,0.18445813009110879,3.475232768144907,Tzotzil,North America,Mayan,267.26120000000003,16.6362,4230,other
wind_group,-5.881572899913446,0.026381933148576345,converged,-5.540945529577093,0.09510178623113201,misi1242,converged,0.34062737033635315,3.4513747978688616,Mising-Padam-Miri-Minyong,Eurasia,Sino-Tibetan,94.69,27.418,571000,other
rain_group,-6.300035984080432,0.027205812474801125,converged,-5.838132497630109,0.1314976255846662,sout2832,converged,0.4619034864503222,3.4397899161815264,Southwestern Dinka,Africa,Nilotic,28.0613,8.81115,450000,other
rain_group,-6.300035984080432,0.027205812474801125,converged,-5.818345797306486,0.13756456591553684,kara1483,converged,0.48169018677394604,3.4350260311385106,Karamojong,Africa,Nilotic,34.2761,2.45157,260000,other
taste_group,-6.774695661964866,0.023289593669973036,converged,-6.292174369477679,0.1388033149836581,chep1245,converged,0.48252129248718756,3.4283707244159474,Chepang,Eurasia,Sino-Tibetan,84.9017,27.7206,36800,other
smell_group,-6.383986116324334,0.023005403195962684,converged,-5.992339164520585,0.11194294396808138,lozi1239,converged,0.3916469518037493,3.4270096434019166,Lozi,Africa,Atlantic-Congo,24.7398,-17.7052,694000,other
taste_group,-6.774695661964866,0.023289593669973036,converged,-6.39675522140133,0.10792261224517428,mapu1244,converged,0.3779404405635365,3.423157945941584,Mapun,Papunesia,Austronesian,118.75,6.09061,42470,other
rain_group,-6.300035984080432,0.027205812474801125,converged,-6.012755269918286,0.07965301883081262,biat1246,converged,0.2872807141621454,3.4130599077783814,Biatah Bidayuh,Papunesia,Austronesian,110.254,1.17596,72380,other
ice_group,-7.833147994708722,0.055064859068445896,converged,-7.161234030169296,0.1890555589959737,klam1254,converged,0.6719139645394261,3.4122635175459974,Klamath-Modoc,North America,isolate_klam1254,238.296,42.5861,100,hunter-gatherer
smell_group,-6.383986116324334,0.023005403195962684,converged,-5.912802059334037,0.1362666638886809,pulu1242,converged,0.471184056990297,3.4095598832352807,Puluwatese,Papunesia,Austronesian,149.2005,7.35695,1360,other
wind_group,-5.881572899913446,0.026381933148576345,converged,-5.5027758054526394,0.10805228318265217,naka1262,converged,0.3787970944608068,3.4056415012187884,Nakanai,Papunesia,Austronesian,150.888,-5.59931,13000,other
taste_group,-6.774695661964866,0.023289593669973036,converged,-6.194813471096539,0.16920317328807383,male1292,converged,0.5798821908683278,3.3951251101544413,Malecite-Passamaquoddy,North America,Algic,292.59195,45.494475,2060,hunter-gatherer
wind_group,-5.881572899913446,0.026381933148576345,converged,-5.53031053314334,0.10070282126051175,ngal1292,converged,0.351262366770106,3.3742386211235385,Ngalkbun,Australia,Gunwinyguan,133.936,-13.9783,100,hunter-gatherer
ice_group,-7.833147994708722,0.055064859068445896,converged,-7.25570277569656,0.1622786891398873,caju1236,converged,0.5774452190121622,3.369648568890212,Cajun French,North America,Indo-European,268.3867,29.6869,17200,other
smell_group,-6.383986116324334,0.023005403195962684,converged,-6.024511337977252,0.10495518328815341,nuuc1236,converged,0.3594747783470824,3.345603599967895,Nuu-chah-nulth,North America,Wakashan,233.33,49.67,7680,hunter-gatherer
snow_group,-7.500141475307639,0.05404147822644328,converged,-6.730961331557118,0.2246026419751593,yana1271,converged,0.7691801437505204,3.3296023455045893,Yana,North America,isolate_yana1271,238.392,39.2769,1500,hunter-gatherer
wind_group,-5.881572899913446,0.026381933148576345,converged,-5.67759643977749,0.05556484194518097,mara1404,converged,0.20397646013595594,3.3161608573021706,Maranao,Papunesia,Austronesian,124.175,7.79414,776000,other
rain_group,-6.300035984080432,0.027205812474801125,converged,-5.886642858066069,0.12233891526574993,angg1239,converged,0.4133931260143626,3.2985045931776305,Angguruk Yali,Papunesia,Nuclear Trans New Guinea,139.457,-4.0836,15000,other
taste_group,-6.774695661964866,0.023289593669973036,converged,-6.384145583381642,0.11634571691827558,mbuk1240,converged,0.39055007858322455,3.2915084452726013,Mbukushu,Africa,Atlantic-Congo,22.5026,-17.6827,35100,other
taste_group,-6.774695661964866,0.023289593669973036,converged,-6.26121901901854,0.15445055601856603,gwer1238,converged,0.5134766429463262,3.2873739016067254,Gwere,Africa,Atlantic-Congo,33.8227,1.11392,409000,other
wind_group,-5.881572899913446,0.026381933148576345,converged,-5.730502037479223,0.03802102929274223,nava1243,converged,0.1510708624342234,3.2644574771377197,Navajo,North America,Athabaskan-Eyak-Tlingit,250.62,36.33,149000,other
wind_group,-5.881572899913446,0.026381933148576345,converged,-5.642569673669887,0.06847960866983871,kate1253,converged,0.2390032262435593,3.256808569424734,Kâte,Papunesia,Nuclear Trans New Guinea,147.757,-6.4795,6130,other
taste_group,-6.774695661964866,0.023289593669973036,converged,-6.290360680199279,0.14757857837165175,ladi1251,converged,0.48433498176558754,3.241759730772752,Ladino,Eurasia,Indo-European,28.6632,41.205,8000,other
smell_group,-6.383986116324334,0.023005403195962684,converged,-6.105753832400932,0.0834261983881014,biat1246,converged,0.27823228392340216,3.215069836014749,Biatah Bidayuh,Papunesia,Austronesian,110.254,1.17596,72380,other
dance_group,-6.878031501894792,0.049752276779597655,converged,-6.451068644247435,0.12318862321109222,sang1328,converged,0.4269628576473572,3.2137257361876714,Sango,Africa,Atlantic-Congo,20.1702,6.78584,5400,other
dance_group,-6.878031501894792,0.049752276779597655,converged,-6.336732573571786,0.16236492986286996,tere1278,converged,0.5412989283230063,3.187551149801414,Terei,Papunesia,South Bougainville,155.745,-6.70051,26500,other
rain_group,-6.300035984080432,0.027205812474801125,converged,-6.101581139744454,0.05631734582134011,tzot1259,converged,0.19845484433597793,3.1730243257958883,Tzotzil,North America,Mayan,267.26120000000003,16.6362,4230,other
smell_group,-6.383986116324334,0.023005403195962684,converged,-5.950026832770088,0.1350155393024461,temi1246,converged,0.4339592835542465,3.168477102708155,Temiar,Eurasia,Austroasiatic,101.438,4.974,25725,other
taste_group,-6.774695661964866,0.023289593669973036,converged,-6.365361308312364,0.12710930791248604,klam1254,converged,0.40933435365250226,3.1676019694728845,Klamath-Modoc,North America,isolate_klam1254,238.296,42.5861,100,hunter-gatherer
taste_group,-6.774695661964866,0.023289593669973036,converged,-6.299357660178422,0.14920809377041935,nyol1238,converged,0.4753380017864446,3.1476259263343715,Nyole,Africa,Atlantic-Congo,33.9181,0.88072,341000,other
rain_group,-6.300035984080432,0.027205812474801125,converged,-5.862894372240045,0.13627606811492463,nung1283,converged,0.4371416118403868,3.1456915492311968,Nung,Eurasia,Tai-Kadai,104.286,20.8965,856000,other
rain_group,-6.300035984080432,0.027205812474801125,converged,-5.884171845831955,0.13036995281290287,casi1235,converged,0.4158641382484767,3.1226099842618553,Casiguran-Nagtipunan Agta,Papunesia,Austronesian,121.878,16.2176,610,hunter-gatherer
rain_group,-6.300035984080432,0.027205812474801125,converged,-6.048417799419854,0.07589926773535839,mamp1244,converged,0.25161818466057806,3.120734215633896,Mampruli,Africa,Atlantic-Congo,-0.74675,10.3884,220000,other
ice_group,-7.833147994708722,0.055064859068445896,converged,-7.037302181635623,0.25010978946609214,sema1266,converged,0.7958458130730985,3.107562714425525,Semai,Eurasia,Austroasiatic,101.477,4.13257,43900,other
rain_group,-6.300035984080432,0.027205812474801125,converged,-6.0429079826642305,0.07817954033146034,romb1245,converged,0.2571280014162012,3.1062360925518284,Romblomanon,Papunesia,Austronesian,122.56,12.4047,200000,other
ice_group,-7.833147994708722,0.055064859068445896,converged,-7.01619106123375,0.2583146983514207,dako1258,converged,0.8169569334749722,3.093144550569245,Dakota,North America,Siouan,263.42,45.86,19280,hunter-gatherer
snow_group,-7.500141475307639,0.05404147822644328,converged,-6.909183395345937,0.18453087015232972,cree1270,converged,0.5909580799617018,3.073402767386564,Creek,North America,Muskogean,272.5,31,4300,other
dance_group,-6.878031501894792,0.049752276779597655,converged,-6.513299928689395,0.10854565737488707,niue1239,converged,0.36473157320539773,3.0545866537112016,Niuean,Papunesia,Austronesian,190.14,-19.06,7950,other
dance_group,-6.878031501894792,0.049752276779597655,converged,-6.408672037014497,0.14756334021820036,pohn1238,converged,0.469359464880295,3.0140306417861575,Pohnpeian,Papunesia,Austronesian,158.223,6.87212,29000,other
taste_group,-6.774695661964866,0.023289593669973036,converged,-6.304013433006687,0.15444439213299288,rabh1238,converged,0.47068222895817957,3.0135136171821615,Rabha,Eurasia,Sino-Tibetan,91.1689,25.8248,50000,other
ice_group,-7.833147994708722,0.055064859068445896,converged,-7.2670976300442804,0.17966798813383741,ngaa1240,converged,0.5660503646644415,3.0122392309473693,Ngaanyatjarra,Australia,Pama-Nyungan,127.602,-25.7514,990,hunter-gatherer
dance_group,-6.878031501894792,0.049752276779597655,converged,-6.386263214360319,0.15630524700977985,mung1266,converged,0.4917682875344731,2.9979953316236947,Mungaka,Africa,Atlantic-Congo,10.0294,5.89752,50100,other
rain_group,-6.300035984080432,0.027205812474801125,converged,-5.981653417093666,0.10272726539208903,mans1262,converged,0.3183825669867657,2.9960130906768976,Mansaka,Papunesia,Austronesian,126.181,6.79221,57800,other
rain_group,-6.300035984080432,0.027205812474801125,converged,-5.976266303351507,0.10554295004611877,bara1370,converged,0.3237696807289243,2.9705552520798744,Baram Kayan,Papunesia,Austronesian,114.482,3.51211,4150,other
taste_group,-6.774695661964866,0.023289593669973036,converged,-6.428509068371998,0.11480044809317429,lepc1244,converged,0.3461865935928685,2.955348424481629,Lepcha,Eurasia,Sino-Tibetan,88.5726,27.0869,52830,other
rain_group,-6.300035984080432,0.027205812474801125,converged,-6.140664971684301,0.046624765450521584,nava1243,converged,0.1593710123961305,2.9523150189854035,Navajo,North America,Athabaskan-Eyak-Tlingit,250.62,36.33,149000,other
rain_group,-6.300035984080432,0.027205812474801125,converged,-5.913547311259867,0.12820977840748074,mara1382,converged,0.38648867282056454,2.94884327080782,Mara Chin,Eurasia,Sino-Tibetan,93.0387,22.1138,42000,other
wind_group,-5.881572899913446,0.026381933148576345,converged,-5.5719538920831395,0.10279274228388624,east2542,converged,0.3096190078303067,2.9175144957875365,Eastern Ojibwa,North America,Algic,280.2497,45.0112,25900,hunter-gatherer
wind_group,-5.881572899913446,0.026381933148576345,converged,-5.640470195245988,0.07846499772940398,ahte1237,converged,0.2411027046674583,2.9125222343170813,Ahtena,North America,Athabaskan-Eyak-Tlingit,215.111,61.7068,100,hunter-gatherer
smell_group,-6.383986116324334,0.023005403195962684,converged,-6.032275273961066,0.11882049597658718,tuva1244,converged,0.35171084236326866,2.9060503266851887,Tuvalu,Papunesia,Austronesian,179.198088,-8.520813,12580,hunter-gatherer
ice_group,-7.833147994708722,0.055064859068445896,converged,-7.012045991912577,0.2774750128308708,kati1270,converged,0.8211020027961453,2.9025891571103695,Katë,Eurasia,Indo-European,70.9826,35.4145,19400,other
smell_group,-6.383986116324334,0.023005403195962684,converged,-6.095165667865339,0.0972379758920199,lepc1244,converged,0.28882044845899557,2.890449424462466,Lepcha,Eurasia,Sino-Tibetan,88.5726,27.0869,52830,other
taste_group,-6.774695661964866,0.023289593669973036,converged,-6.447012340571515,0.11119914589271077,khot1251,converged,0.32768332139335143,2.8842351071445016,Khotanese,Eurasia,Indo-European,79.04,38.33,83000,other
smell_group,-6.383986116324334,0.023005403195962684,converged,-6.0086117715180976,0.12819410863746533,squa1248,converged,0.37537434480623677,2.8821298069839294,Squamish,North America,Salishan,236.986,49.3231,100,hunter-gatherer
rain_group,-6.300035984080432,0.027205812474801125,converged,-5.937159202251862,0.1261543221272475,hmon1264,converged,0.36287678182856986,2.811809929890149,Hmong Njua,Eurasia,Hmong-Mien,101.95,22.5638,210000,other
taste_group,-6.774695661964866,0.023289593669973036,converged,-6.44981367507333,0.11405061641734729,masb1238,converged,0.324881986891536,2.7909805746189953,Masbatenyo,Papunesia,Austronesian,123.63579,12.21453,350000,other
rain_group,-6.300035984080432,0.027205812474801125,converged,-5.912802059333518,0.1362666638650606,pulu1242,converged,0.38723392474691387,2.786738429779246,Puluwatese,Papunesia,Austronesian,149.2005,7.35695,1360,other
rain_group,-6.300035984080432,0.027205812474801125,converged,-5.868113714416999,0.15271406659622708,twee1234,converged,0.43192226966343306,2.784466904720225,Tweed-Albert,Australia,Pama-Nyungan,153.286993,-28.028726,210,other
wind_group,-5.881572899913446,0.026381933148576345,converged,-5.685315435755454,0.06562330620809627,pala1344,converged,0.19625746415799217,2.7748269405747372,Palauan,Papunesia,Austronesian,134.476678,7.34138,14800,other
wind_group,-5.881572899913446,0.026381933148576345,converged,-5.562602861197533,0.11201778740923649,paam1238,converged,0.31897003871591334,2.7716631710958994,Paama,Papunesia,Austronesian,168.23693,-16.47548,6000,other
ice_group,-7.833147994708722,0.055064859068445896,converged,-7.312510457807615,0.17966520563390756,alab1237,converged,0.5206375369011065,2.7706139141326167,Alabama,North America,Muskogean,265.37152000000003,30.76738,100,other
rain_group,-6.300035984080432,0.027205812474801125,converged,-5.898274567071832,0.14305302117461324,maha1287,converged,0.4017614170085997,2.759027444844141,Mahasu Pahari,Eurasia,Indo-European,77.5317,31.0088,1000000,other
smell_group,-6.383986116324334,0.023005403195962684,converged,-6.091608181773609,0.10494696571927987,choc1276,converged,0.2923779345507249,2.721341833294388,Choctaw,North America,Muskogean,271.5,32.25,11400,other
snow_group,-7.500141475307639,0.05404147822644328,converged,-6.9138752497298155,0.21089933578455786,uppe1395,converged,0.5862662255778233,2.692838045298041,Upper Sorbian,Eurasia,Indo-European,14.4098,51.2403,18000,other
smell_group,-6.383986116324334,0.023005403195962684,converged,-6.11057567649414,0.09912456390718609,ahte1237,converged,0.27341043983019464,2.686838465258746,Ahtena,North America,Athabaskan-Eyak-Tlingit,215.111,61.7068,100,hunter-gatherer
wind_group,-5.881572899913446,0.026381933148576345,converged,-5.6088970412397785,0.09919603856391827,yuca1254,converged,0.2726758586736677,2.656511402258773,Yucatec Maya,North America,Mayan,271.0433,18.7757,706000,other
dance_group,-6.878031501894792,0.049752276779597655,converged,-6.443083750253178,0.15629798713505516,boko1267,converged,0.43494775164161403,2.6517088590459097,Bokobaru,Africa,Mande,3.80058,9.52724,30000,other
ice_group,-7.833147994708722,0.055064859068445896,converged,-7.308220252984276,0.19251455299436748,choc1276,converged,0.5249277417244462,2.6215604504434693,Choctaw,North America,Muskogean,271.5,32.25,11400,other
dance_group,-6.878031501894792,0.049752276779597655,converged,-6.389960985901506,0.18272733076161152,maha1287,converged,0.48807051599328677,2.5772098372931564,Mahasu Pahari,Eurasia,Indo-European,77.5317,31.0088,1000000,other
ice_group,-7.833147994708722,0.055064859068445896,converged,-7.426443246769041,0.14911556472468815,akka1240,converged,0.40670474793968125,2.558570150163524,Akkadian,Eurasia,Afro-Asiatic,44.1,33.1,200000,other
ice_group,-7.833147994708722,0.055064859068445896,converged,-7.135516722904405,0.26736763447502493,yana1271,converged,0.6976312718043172,2.5556215262050097,Yana,North America,isolate_yana1271,238.392,39.2769,1500,hunter-gatherer
ice_group,-7.833147994708722,0.055064859068445896,converged,-7.178783823093798,0.25009530807437735,coma1245,converged,0.6543641716149242,2.555256268876392,Comanche,North America,Uto-Aztecan,259,34,200,hunter-gatherer
wind_group,-5.881572899913446,0.026381933148576345,converged,-5.583740395779627,0.1141745351624526,west2615,converged,0.2978325041338188,2.5416039105462724,Western Apache,North America,Athabaskan-Eyak-Tlingit,249.877,33.8574,12700,hunter-gatherer
wind_group,-5.881572899913446,0.026381933148576345,converged,-5.61964724561777,0.09968395230732104,jica1244,converged,0.26192565429567605,2.5401083329746696,Jicarilla Apache,North America,Athabaskan-Eyak-Tlingit,252.993,36.8079,680,hunter-gatherer
dance_group,-6.878031501894792,0.049752276779597655,converged,-6.442230493614426,0.16679935139440527,caro1242,converged,0.4358010082803663,2.5037224081575125,Carolinian,Papunesia,Austronesian,145.765,15.205,3000,other
ice_group,-7.833147994708722,0.055064859068445896,converged,-7.229758259688698,0.23578765318906958,ladi1251,converged,0.6033897350200244,2.4919856699732654,Ladino,Eurasia,Indo-European,28.6632,41.205,8000,other
ice_group,-7.833147994708722,0.055064859068445896,converged,-7.230844713329559,0.2357875604830984,squa1248,converged,0.6023032813791627,2.48749956897139,Squamish,North America,Salishan,236.986,49.3231,100,hunter-gatherer
dance_group,-6.878031501894792,0.049752276779597655,converged,-6.407924544839704,0.18272460541861707,anei1239,converged,0.470106957055088,2.48238944559708,Aneityum,Papunesia,Austronesian,169.825,-20.1864,900,other
wind_group,-5.881572899913446,0.026381933148576345,converged,-5.565067602962894,0.12622915197252632,ayiw1239,converged,0.3165052969505524,2.4543551240845445,Äiwoo,Papunesia,Austronesian,166.328715,-10.282595,8400,other
taste_group,-6.774695661964866,0.023289593669973036,converged,-6.528565688427379,0.09957638508785965,romb1245,converged,0.24612997353748778,2.406816937754722,Romblomanon,Papunesia,Austronesian,122.56,12.4047,200000,other
wind_group,-5.881572899913446,0.026381933148576345,converged,-5.622525261657719,0.10444550816588018,arom1237,converged,0.2590476382557272,2.4046921550638647,Aromanian,Eurasia,Indo-European,21.2,40.616,69700,other
rain_group,-6.300035984080432,0.027205812474801125,converged,-5.9280416824653885,0.15270154002364952,urip1240,converged,0.3719943016150431,2.398320833625154,Uripiv,Papunesia,Austronesian,167.34643,-16.00951,351,other
snow_group,-7.500141475307639,0.05404147822644328,converged,-6.979783969053247,0.2108930652504012,chan1310,converged,0.5203575062543919,2.39017280040299,Chantyal,Eurasia,Sino-Tibetan,83.4488,28.684,2000,other
wind_group,-5.881572899913446,0.026381933148576345,converged,-5.681165764963516,0.07969123919245004,alab1237,converged,0.20040713494993057,2.387373055562172,Alabama,North America,Muskogean,265.37152000000003,30.76738,100,other
snow_group,-7.500141475307639,0.05404147822644328,converged,-6.878686194884626,0.25560677956496713,cher1273,converged,0.6214552804230129,2.378710939800706,Cherokee,North America,Iroquoian,276.837,35.4664,16400,other
taste_group,-6.774695661964866,0.023289593669973036,converged,-6.374740849929526,0.16680861142786987,temi1246,converged,0.39995481203534045,2.37465354692935,Temiar,Eurasia,Austroasiatic,101.438,4.974,25725,other
rain_group,-6.300035984080432,0.027205812474801125,converged,-6.061852671193691,0.09724167917474968,toke1240,converged,0.23818331288674077,2.358817167391237,Tokelau,Papunesia,Austronesian,188.219167,-9.227642,3250,hunter-gatherer
dance_group,-6.878031501894792,0.049752276779597655,converged,-6.418364935937665,0.18913631911873185,male1292,converged,0.45966656595712774,2.3503875641188254,Malecite-Passamaquoddy,North America,Algic,292.59195,45.494475,2060,hunter-gatherer
taste_group,-6.774695661964866,0.023289593669973036,converged,-6.424128844468734,0.14756147923392268,misi1242,converged,0.3505668174961327,2.3466855052580637,Mising-Padam-Miri-Minyong,Eurasia,Sino-Tibetan,94.69,27.418,571000,other
rain_group,-6.300035984080432,0.027205812474801125,converged,-6.100551875798234,0.0806725637570364,pala1344,converged,0.19948410828219743,2.3431098895869056,Palauan,Papunesia,Austronesian,134.476678,7.34138,14800,other
smell_group,-6.383986116324334,0.023005403195962684,converged,-6.050110742542658,0.14158796573929763,casi1235,converged,0.33387537378167664,2.3275535616813547,Casiguran-Nagtipunan Agta,Papunesia,Austronesian,121.878,16.2176,610,hunter-gatherer
wind_group,-5.881572899913446,0.026381933148576345,converged,-5.604509498384628,0.11646140931038866,tiwi1244,converged,0.27706340152881825,2.320227514435197,Tiwi,Australia,isolate_tiwi1244,130.949,-11.6308,1830,hunter-gatherer
ice_group,-7.833147994708722,0.055064859068445896,converged,-7.222517355914544,0.2582931121526895,west2615,converged,0.610630638794178,2.3121412434337643,Western Apache,North America,Athabaskan-Eyak-Tlingit,249.877,33.8574,12700,hunter-gatherer
rain_group,-6.300035984080432,0.027205812474801125,converged,-6.014627049014711,0.12231856868388774,yoga1237,converged,0.2854089350657203,2.2776670439158586,Yogad,Papunesia,Austronesian,121.718,16.7015,16000,other
smell_group,-6.383986116324334,0.023005403195962684,converged,-6.092135512567177,0.12613048029750304,yuca1254,converged,0.2918506037571573,2.2763244908038476,Yucatec Maya,North America,Mayan,271.0433,18.7757,706000,other
dance_group,-6.878031501894792,0.049752276779597655,converged,-6.411621203960589,0.20016416864085615,twee1234,converged,0.4664102979342033,2.261332205373389,Tweed-Albert,Australia,Pama-Nyungan,153.286993,-28.028726,210,other
taste_group,-6.774695661964866,0.023289593669973036,converged,-6.384201941594457,0.17164327030191012,tiwi1244,converged,0.39049372037040975,2.254373119059516,Tiwi,Australia,isolate_tiwi1244,130.949,-11.6308,1830,hunter-gatherer
smell_group,-6.383986116324334,0.023005403195962684,converged,-6.116905870763959,0.11637574690367694,taku1257,converged,0.2670802455603756,2.2514129790333737,Takuu,Papunesia,Austronesian,157.032085,-4.773094,1750,other
snow_group,-7.500141475307639,0.05404147822644328,converged,-7.086867418018749,0.17573346564139247,corn1251,converged,0.41327405728888955,2.247823673490026,Cornish,Eurasia,Indo-European,-4.18619,50.5233,468425,other
snow_group,-7.500141475307639,0.05404147822644328,converged,-7.023271603117357,0.2068963009520244,chan1313,converged,0.47686987219028154,2.2300552174692636,Chang Naga,Eurasia,Sino-Tibetan,94.9536,26.4336,60900,other
wind_group,-5.881572899913446,0.026381933148576345,converged,-5.665967263002416,0.09423477569881182,kach1280,converged,0.21560563691103063,2.203248697218227,Southern Jinghpaw,Eurasia,Sino-Tibetan,97.3278,25.4634,940000,other
ice_group,-7.833147994708722,0.055064859068445896,converged,-7.251534090862675,0.25829041794155416,saur1248,converged,0.5816139038460468,2.2022919041916675,Saurashtra,Eurasia,Indo-European,77.9427,9.99172,310000,other
dance_group,-6.878031501894792,0.049752276779597655,converged,-6.551360407865622,0.14012796478806122,sanj1284,converged,0.3266710940291704,2.196874173931387,Western Tlacolula Valley Zapotec,North America,Otomanguean,263.4033,17.0332,28000,other
wind_group,-5.881572899913446,0.026381933148576345,converged,-5.633220428411489,0.11062885883364122,rabh1238,converged,0.24835247150195716,2.183682296400405,Rabha,Eurasia,Sino-Tibetan,91.1689,25.8248,50000,other
dance_group,-6.878031501894792,0.049752276779597655,converged,-6.498700402024869,0.16679206907080912,gung1250,converged,0.3793310998699235,2.179384249816471,Gungu,Africa,Atlantic-Congo,31.4819,2.06754,49000,other
taste_group,-6.774695661964866,0.023289593669973036,converged,-6.403290335514091,0.16917075906339127,saur1248,converged,0.37140532645077506,2.1749325738806036,Saurashtra,Eurasia,Indo-European,77.9427,9.99172,310000,other
rain_group,-6.300035984080432,0.027205812474801125,converged,-5.994728445562278,0.1388477205758318,paam1238,converged,0.3053075385181536,2.157833898219613,Paama,Papunesia,Austronesian,168.23693,-16.47548,6000,other
taste_group,-6.774695661964866,0.023289593669973036,converged,-6.377916716036744,0.18272918568196136,turk1308,converged,0.3967789459281228,2.153979587661525,Turkana,Africa,Nilotic,35.7101,4.30688,476200,other
ice_group,-7.833147994708722,0.055064859068445896,converged,-7.351005393752177,0.21828792329470936,pint1250,converged,0.4821426009565446,2.1416558253612017,Pintupi-Luritja,Australia,Pama-Nyungan,130.643,-23.2963,390,hunter-gatherer
dance_group,-6.878031501894792,0.049752276779597655,converged,-6.495665333844952,0.1716280152347467,chek1238,converged,0.38236616804984,2.139784508084431,Cheke Holo,Papunesia,Austronesian,159.625,-8.27055,10800,other
ice_group,-7.833147994708722,0.055064859068445896,converged,-7.20557330869869,0.2887822778253932,luxe1241,converged,0.627574686010032,2.134714683250711,Moselle Franconian,Eurasia,Indo-European,6.14931,49.6839,320000,other
wind_group,-5.881572899913446,0.026381933148576345,converged,-5.692649301667983,0.08465774196385421,muna1247,converged,0.1889235982454629,2.130559841385068,Muna,Papunesia,Austronesian,122.541,-5.40419,300000,other
rain_group,-6.300035984080432,0.027205812474801125,converged,-6.10317012459465,0.08848710053707078,niue1239,converged,0.19686585948578195,2.1265562499234516,Niuean,Papunesia,Austronesian,190.14,-19.06,7950,other
ice_group,-7.833147994708722,0.055064859068445896,converged,-7.347782831516309,0.2236787917620032,nort2952,converged,0.4853651631924132,2.107013004027333,Northeast Maidu,North America,Maiduan,239.355,40.4102,100,hunter-gatherer
snow_group,-7.500141475307639,0.05404147822644328,converged,-7.123716588316676,0.17060896039379478,lepc1244,converged,0.37642488699096255,2.103362396105689,Lepcha,Eurasia,Sino-Tibetan,88.5726,27.0869,52830,other
dance_group,-6.878031501894792,0.049752276779597655,converged,-6.497323310968703,0.17420881491599266,doro1266,converged,0.38070819092608943,2.1013406754047894,Doromu-Koki,Papunesia,Manubaran,147.986,-9.56687,1500,other
taste_group,-6.774695661964866,0.023289593669973036,converged,-6.475987262455449,0.14153020733330404,aros1241,converged,0.2987083995094171,2.082554907547839,Arosi,Papunesia,Austronesian,161.432,-10.2441,6750,other
wind_group,-5.881572899913446,0.026381933148576345,converged,-5.6960987090089334,0.08621072595652209,choc1276,converged,0.18547419090451278,2.0572342158982706,Choctaw,North America,Muskogean,271.5,32.25,11400,other
wind_group,-5.881572899913446,0.026381933148576345,converged,-5.669467044245195,0.10017233692193876,koas1236,converged,0.21210585566825113,2.047588154683775,Koasati,North America,Muskogean,267.291,30.4096,200,other
snow_group,-7.500141475307639,0.05404147822644328,converged,-7.008106134109979,0.23547748269240398,coma1245,converged,0.4920353411976599,2.036577688193936,Comanche,North America,Uto-Aztecan,259,34,200,hunter-gatherer
snow_group,-7.500141475307639,0.05404147822644328,converged,-7.104252690806175,0.18722980158792749,nuuc1236,converged,0.39588878450146403,2.0315221533855246,Nuu-chah-nulth,North America,Wakashan,233.33,49.67,7680,hunter-gatherer
rain_group,-6.300035984080432,0.027205812474801125,converged,-5.997965111712498,0.14762495091540934,yaqu1251,converged,0.30207087236793395,2.0123180390164666,Yaqui,North America,Uto-Aztecan,249.319,29.9446,14620,other
taste_group,-6.774695661964866,0.023289593669973036,converged,-6.398078420422548,0.18584984243549188,baba1267,converged,0.3766172415423181,2.010733453113411,Baba Malay,Eurasia,Austronesian,103.076,1.75414,15000,other
smell_group,-6.383986116324334,0.023005403195962684,converged,-6.145721398906918,0.11637211002745679,shil1265,converged,0.23826471741741617,2.008566415093959,Shilluk,Africa,Nilotic,31.7926,9.85472,175000,other
smell_group,-6.383986116324334,0.023005403195962684,converged,-6.1018700079124555,0.13883018671901626,gela1263,converged,0.28211610841187884,2.0047565014553745,Gela,Papunesia,Austronesian,160.186,-9.04587,11900,other
ice_group,-7.833147994708722,0.055064859068445896,converged,-7.30518821546993,0.25828563739459587,nand1266,converged,0.5279597792387918,1.9991649525469306,Nandi,Africa,Nilotic,35.408478,0.793737,938000,other
dance_group,-6.878031501894792,0.049752276779597655,converged,-6.5808055589437915,0.14151937907226053,klam1254,converged,0.2972259429510009,1.9813731558446614,Klamath-Modoc,North America,isolate_klam1254,238.296,42.5861,100,hunter-gatherer
rain_group,-6.300035984080432,0.027205812474801125,converged,-6.0895937163339875,0.10271402974826407,yiry1245,converged,0.21044226774644414,1.980522091152395,Yir-Yoront,Australia,Pama-Nyungan,141.767,-15.1117,100,hunter-gatherer
taste_group,-6.774695661964866,0.023289593669973036,converged,-6.525931574479848,0.1241255540437564,ngaa1240,converged,0.24876408748501877,1.9697601789534367,Ngaanyatjarra,Australia,Pama-Nyungan,127.602,-25.7514,990,hunter-gatherer
rain_group,-6.300035984080432,0.027205812474801125,converged,-6.027430324828487,0.1362467589977175,kwai1243,converged,0.272605659251945,1.9620889286392957,Kwaio,Papunesia,Austronesian,160.965,-8.93744,13200,other
smell_group,-6.383986116324334,0.023005403195962684,converged,-6.250078941533631,0.06434444703986769,samo1305,converged,0.13390717479070346,1.9596146747619152,Samoan,Papunesia,Austronesian,188.17,-13.92,306840,other
wind_group,-5.881572899913446,0.026381933148576345,converged,-5.632809622326318,0.12425646618440614,anei1239,converged,0.2487632775871278,1.9583607249028074,Aneityum,Papunesia,Austronesian,169.825,-20.1864,900,other
taste_group,-6.774695661964866,0.023289593669973036,converged,-6.531617095780119,0.12225839106829574,ahte1237,converged,0.24307856618474766,1.9531144586965103,Ahtena,North America,Athabaskan-Eyak-Tlingit,215.111,61.7068,100,hunter-gatherer
smell_group,-6.383986116324334,0.023005403195962684,converged,-6.051080256784279,0.1692297945000352,kosr1238,converged,0.33290585954005536,1.9492535000066715,Kosraean,Papunesia,Austronesian,162.98,5.31,8000,other
snow_group,-7.500141475307639,0.05404147822644328,converged,-7.099235694124109,0.1995947298960088,osag1243,converged,0.40090578118353015,1.9387905643133738,Osage,North America,Siouan,263.7051,36.7828,100,hunter-gatherer
taste_group,-6.774695661964866,0.023289593669973036,converged,-6.5948137666596125,0.09022859160549924,cent2131,converged,0.1798818953052539,1.930356186984565,Central Tarahumara,North America,Uto-Aztecan,252.846,27.5648,55000,other
rain_group,-6.300035984080432,0.027205812474801125,converged,-6.116737978099109,0.09138771075304125,bada1257,converged,0.18329800598132273,1.9223441216599852,Badaga,Eurasia,Dravidian,76.5974,11.3094,245000,other
smell_group,-6.383986116324334,0.023005403195962684,converged,-6.1822607308948525,0.10324860283045306,toke1240,converged,0.20172538542948182,1.9070179274088046,Tokelau,Papunesia,Austronesian,188.219167,-9.227642,3250,hunter-gatherer
snow_group,-7.500141475307639,0.05404147822644328,converged,-7.043003551148683,0.23547401135993506,tain1252,converged,0.45713792415895593,1.8921606981470978,Tai Nüa,Eurasia,Tai-Kadai,99.722,21.7837,647400,other
wind_group,-5.881572899913446,0.026381933148576345,converged,-5.65693636553668,0.11645050022531997,casi1235,converged,0.22463653437676623,1.881353899874233,Casiguran-Nagtipunan Agta,Papunesia,Austronesian,121.878,16.2176,610,hunter-gatherer
wind_group,-5.881572899913446,0.026381933148576345,converged,-5.693794488777219,0.09638689394180625,maga1263,converged,0.18777841113622706,1.879058571540024,Mag-Anchi Ayta,Papunesia,Austronesian,120.459,15.1954,8200,hunter-gatherer
dance_group,-6.878031501894792,0.049752276779597655,converged,-6.594273859287532,0.14295483666162467,buli1254,converged,0.28375764260726033,1.8746577715693673,Buli,Africa,Atlantic-Congo,-1.26748,10.5763,150000,other
rain_group,-6.300035984080432,0.027205812474801125,converged,-6.02470789610611,0.14451198470296261,kuan1247,converged,0.27532808797432207,1.8723360891002496,Kuanyama,Africa,Atlantic-Congo,16.58,-17.7176,668000,other
smell_group,-6.383986116324334,0.023005403195962684,converged,-6.1584698765217345,0.11880363070423729,uppe1439,converged,0.22551623980259983,1.863608213876193,Upper Chehalis,North America,Salishan,236.831,46.7981,691,hunter-gatherer
smell_group,-6.383986116324334,0.023005403195962684,converged,-6.179659625552612,0.10732222053509788,nucl1706,converged,0.20432649077172194,1.861571308216636,Neo-Mandaic,Eurasia,Afro-Asiatic,48.8128,31.3443,500,other
dance_group,-6.878031501894792,0.049752276779597655,converged,-6.537506482874847,0.17690464375491996,kxoe1243,converged,0.34052501901994514,1.8530195881451605,Kxoe,Africa,Khoe-Kwadi,22.599835,-16.59051,6590,hunter-gatherer
wind_group,-5.881572899913446,0.026381933148576345,converged,-5.699539250670846,0.09507453278905718,nort2671,converged,0.1820336492425998,1.8449297526330275,North Saami,Eurasia,Uralic,22.1113,68.725,20700,other
wind_group,-5.881572899913446,0.026381933148576345,converged,-5.675867027253586,0.10865096302485616,squa1248,converged,0.20570587265985996,1.8398128591227185,Squamish,North America,Salishan,236.986,49.3231,100,hunter-gatherer
taste_group,-6.774695661964866,0.023289593669973036,converged,-6.454054398458106,0.17421461234582486,coma1245,converged,0.3206412635067606,1.8242670365828104,Comanche,North America,Uto-Aztecan,259,34,200,hunter-gatherer
smell_group,-6.383986116324334,0.023005403195962684,converged,-6.160595626057687,0.1205128531959877,kach1280,converged,0.22339049026664703,1.8207862841100666,Southern Jinghpaw,Eurasia,Sino-Tibetan,97.3278,25.4634,940000,other
smell_group,-6.383986116324334,0.023005403195962684,converged,-6.068697882325339,0.17169691023027464,kokb1239,converged,0.3152882339989951,1.8200421295513707,Kok Borok,Eurasia,Sino-Tibetan,91.4673,23.1916,696000,other
smell_group,-6.383986116324334,0.023005403195962684,converged,-6.188873184584734,0.10493598990946075,ngaa1240,converged,0.1951129317396001,1.8162176783197135,Ngaanyatjarra,Australia,Pama-Nyungan,127.602,-25.7514,990,hunter-gatherer
dance_group,-6.878031501894792,0.049752276779597655,converged,-6.5443613847961135,0.176903769994341,nung1290,converged,0.3336701170986789,1.8157258893459916,Wubuy,Australia,Gunwinyguan,135.753,-14.2623,360,hunter-gatherer
taste_group,-6.774695661964866,0.023289593669973036,converged,-6.466633385097032,0.16916217504133432,chek1238,converged,0.30806227686783405,1.8040884177673588,Cheke Holo,Papunesia,Austronesian,159.625,-8.27055,10800,other
wind_group,-5.881572899913446,0.026381933148576345,converged,-5.7150984155477955,0.08853388443362474,plau1238,converged,0.1664744843656507,1.802041832655301,Plautdietsch,North America,Indo-European,250.646132,49.578028,84900,other
rain_group,-6.300035984080432,0.027205812474801125,converged,-6.047595179293925,0.13752279673804718,besi1244,converged,0.25244080478650677,1.8007304584140031,Besisi,Eurasia,Austroasiatic,101.676,2.717,2990,other
snow_group,-7.500141475307639,0.05404147822644328,converged,-7.12791176853257,0.199592561357751,uppe1439,converged,0.3722297067750686,1.800130560467499,Upper Chehalis,North America,Salishan,236.831,46.7981,691,hunter-gatherer
smell_group,-6.383986116324334,0.023005403195962684,converged,-6.13848670468545,0.13622953046533262,east2542,converged,0.24549941163888445,1.7769420866483252,Eastern Ojibwa,North America,Algic,280.2497,45.0112,25900,hunter-gatherer
rain_group,-6.300035984080432,0.027205812474801125,converged,-6.164517088521135,0.07281573238670262,cent2131,converged,0.1355188955592963,1.7434085622937014,Central Tarahumara,North America,Uto-Aztecan,252.846,27.5648,55000,other
taste_group,-6.774695661964866,0.023289593669973036,converged,-6.464004020882996,0.1769143987714123,west2615,converged,0.31069164108187053,1.7411471318841445,Western Apache,North America,Athabaskan-Eyak-Tlingit,249.877,33.8574,12700,hunter-gatherer
taste_group,-6.774695661964866,0.023289593669973036,converged,-6.417684987588616,0.2042906866568539,kokb1239,converged,0.35701067437625067,1.7363155674551378,Kok Borok,Eurasia,Sino-Tibetan,91.4673,23.1916,696000,other
rain_group,-6.300035984080432,0.027205812474801125,converged,-6.059123195583219,0.13624164599269709,sora1254,converged,0.2409127884972122,1.7340409431799064,Sora,Eurasia,Austroasiatic,84.19,19.1213,310000,other
rain_group,-6.300035984080432,0.027205812474801125,converged,-6.10034697853457,0.11192866539896286,sanj1284,converged,0.19968900554586178,1.7335981628376798,Western Tlacolula Valley Zapotec,North America,Otomanguean,263.4033,17.0332,28000,other
taste_group,-6.774695661964866,0.023289593669973036,converged,-6.432197794056133,0.19627383850370614,urip1240,converged,0.34249786790873316,1.7328436251253219,Uripiv,Papunesia,Austronesian,167.34643,-16.00951,351,other
ice_group,-7.833147994708722,0.055064859068445896,converged,-7.376800115476461,0.2582796435115917,naro1249,converged,0.4563478792322613,1.7280387138427191,Naro,Africa,Khoe-Kwadi,20.7458,-22.0939,14000,hunter-gatherer
smell_group,-6.383986116324334,0.023005403195962684,converged,-6.150869257457128,0.13377297061624677,cent2292,converged,0.23311685886720657,1.7174193146918648,Central Bontoc,Papunesia,Austronesian,120.92,17.08,19600,other
dance_group,-6.878031501894792,0.049752276779597655,converged,-6.583908559588251,0.1667818298821215,nupe1254,converged,0.294122942306541,1.6899301050291504,Nupe-Nupe-Tako,Africa,Atlantic-Congo,5.40031,9.18404,800000,other
taste_group,-6.774695661964866,0.023289593669973036,converged,-6.529984743952317,0.1429613212742426,uppe1439,converged,0.24471091801254907,1.689456593656638,Upper Chehalis,North America,Salishan,236.831,46.7981,691,hunter-gatherer
dance_group,-6.878031501894792,0.049752276779597655,converged,-6.586861072325696,0.16678149047975838,diri1252,converged,0.291170429569096,1.672969100206701,Diriku-Shambyu,Africa,Atlantic-Congo,20.6678,-18.1681,36200,other
taste_group,-6.774695661964866,0.023289593669973036,converged,-6.5276779232231386,0.14597160895494363,maga1263,converged,0.24701773874172783,1.6710955023779812,Mag-Anchi Ayta,Papunesia,Austronesian,120.459,15.1954,8200,hunter-gatherer
ice_group,-7.833147994708722,0.055064859068445896,converged,-7.377982097681884,0.2673447311493105,suss1239,converged,0.45516589702683774,1.667539013321945,Sussex,Eurasia,Indo-European,-1,53,602255,other
snow_group,-7.500141475307639,0.05404147822644328,converged,-7.052203539091113,0.2636187404918851,hoch1243,converged,0.4479379362165261,1.6645721054804252,Ho-Chunk,North America,Siouan,271.5,43.5,100,hunter-gatherer
taste_group,-6.774695661964866,0.023289593669973036,converged,-6.538458152258946,0.14152361774377484,shil1265,converged,0.23623750970592017,1.6470909065597439,Shilluk,Africa,Nilotic,31.7926,9.85472,175000,other
dance_group,-6.878031501894792,0.049752276779597655,converged,-6.621955491891724,0.14754003338868618,shil1265,converged,0.2560760100030688,1.6446465341216983,Shilluk,Africa,Nilotic,31.7926,9.85472,175000,other
taste_group,-6.774695661964866,0.023289593669973036,converged,-6.547635254124342,0.13618026609305167,mans1262,converged,0.22706040784052473,1.6434906183802256,Mansaka,Papunesia,Austronesian,126.181,6.79221,57800,other
dance_group,-6.878031501894792,0.049752276779597655,converged,-6.532516226182278,0.20427262621592582,ayiw1239,converged,0.34551527571251484,1.6434003323080935,Äiwoo,Papunesia,Austronesian,166.328715,-10.282595,8400,other
ice_group,-7.833147994708722,0.055064859068445896,converged,-7.455616538125863,0.22367143358984104,shil1265,converged,0.3775314565828589,1.6389482022421118,Shilluk,Africa,Nilotic,31.7926,9.85472,175000,other
taste_group,-6.774695661964866,0.023289593669973036,converged,-6.4987004020259445,0.166792069110786,gung1250,converged,0.27599525993892193,1.6388273414712766,Gungu,Africa,Atlantic-Congo,31.4819,2.06754,49000,other
rain_group,-6.300035984080432,0.027205812474801125,converged,-6.0903195728802695,0.12514146284035657,rend1243,converged,0.20971641120016216,1.6375829857932844,Rendille,Africa,Afro-Asiatic,37.3608,2.27065,34700,other
dance_group,-6.878031501894792,0.049752276779597655,converged,-6.715793284491095,0.08580122492071689,bata1298,converged,0.16223821740369715,1.6357568832007119,Batad Ifugao,Papunesia,Austronesian,121.23,16.8266,43000,other
wind_group,-5.881572899913446,0.026381933148576345,converged,-5.719506683609623,0.09550256231035914,uppe1439,converged,0.16206621630382312,1.6357190823096763,Upper Chehalis,North America,Salishan,236.831,46.7981,691,hunter-gatherer
smell_group,-6.383986116324334,0.023005403195962684,converged,-6.248363142552825,0.07988581096883339,tahi1242,converged,0.13562297377150934,1.6314098776038963,Tahitian,Papunesia,Austronesian,210.55,-17.6485,124260,other
smell_group,-6.383986116324334,0.023005403195962684,converged,-6.175570225697381,0.12611909345548525,iqui1243,converged,0.2084158906269531,1.6257072783351314,Iquito,South America,Zaparoan,286.02954,-3.31233,100,other
wind_group,-5.881572899913446,0.026381933148576345,converged,-5.696306035943517,0.1112975298569611,angg1239,converged,0.18526686396992886,1.6197263490666751,Angguruk Yali,Papunesia,Nuclear Trans New Guinea,139.457,-4.0836,15000,other
rain_group,-6.300035984080432,0.027205812474801125,converged,-6.045063109153763,0.15635868177466533,tele1256,converged,0.2549728749266684,1.606554524291716,Telefol,Papunesia,Nuclear Trans New Guinea,141.731,-5.07444,5400,other
smell_group,-6.383986116324334,0.023005403195962684,converged,-6.143326896419171,0.1492311977664859,coma1245,converged,0.24065921990516337,1.593832617418472,Comanche,North America,Uto-Aztecan,259,34,200,hunter-gatherer
taste_group,-6.774695661964866,0.023289593669973036,converged,-6.499477395199956,0.17162752300255943,caro1242,converged,0.27521826676491035,1.589015465152065,Carolinian,Papunesia,Austronesian,145.765,15.205,3000,other
snow_group,-7.500141475307639,0.05404147822644328,converged,-7.098579596175828,0.24827926864405472,west2615,converged,0.40156187913181096,1.580375793875291,Western Apache,North America,Athabaskan-Eyak-Tlingit,249.877,33.8574,12700,hunter-gatherer
dance_group,-6.878031501894792,0.049752276779597655,converged,-6.583453838128281,0.17972946198912373,kwai1243,converged,0.2945776637665114,1.5796021214546407,Kwaio,Papunesia,Austronesian,160.965,-8.93744,13200,other
smell_group,-6.383986116324334,0.023005403195962684,converged,-6.187579426036216,0.12321789004001257,maga1263,converged,0.19640669028811875,1.5669024713338815,Mag-Anchi Ayta,Papunesia,Austronesian,120.459,15.1954,8200,hunter-gatherer
rain_group,-6.300035984080432,0.027205812474801125,converged,-6.0919615601732175,0.13033600453272226,diri1252,converged,0.2080744239072141,1.5627638541249091,Diriku-Shambyu,Africa,Atlantic-Congo,20.6678,-18.1681,36200,other
rain_group,-6.300035984080432,0.027205812474801125,converged,-6.193727546625507,0.06256378624271929,samo1305,converged,0.10630843745492502,1.5582482537941384,Samoan,Papunesia,Austronesian,188.17,-13.92,306840,other
dance_group,-6.878031501894792,0.049752276779597655,converged,-6.697739466314937,0.1048931271491475,mamp1244,converged,0.18029203557985518,1.5529809104842003,Mampruli,Africa,Atlantic-Congo,-0.74675,10.3884,220000,other
smell_group,-6.383986116324334,0.023005403195962684,converged,-6.176632925053504,0.13259074431609771,yoga1237,converged,0.20735319127083063,1.540837522177815,Yogad,Papunesia,Austronesian,121.718,16.7015,16000,other
smell_group,-6.383986116324334,0.023005403195962684,converged,-6.179231023503048,0.1314423973729298,chan1313,converged,0.20475509282128623,1.5344305287828732,Chang Naga,Eurasia,Sino-Tibetan,94.9536,26.4336,60900,other
dance_group,-6.878031501894792,0.049752276779597655,converged,-6.621644620786099,0.16023470289492317,bang1354,converged,0.25638688110869357,1.5281047852942888,Bobangi,Africa,Atlantic-Congo,17.227,-0.87437,111300,other
snow_group,-7.500141475307639,0.05404147822644328,converged,-7.077806050371026,0.2725056099524771,heil1246,converged,0.42233542493661247,1.5202174664573387,Heiltsuk-Oowekyala,North America,Wakashan,232.779,51.7045,300,hunter-gatherer
ice_group,-7.833147994708722,0.055064859068445896,converged,-7.476770363900428,0.22948066089405,cham1312,converged,0.35637763080829377,1.5101084304618462,Chamorro,Papunesia,Austronesian,144.74474,13.438011,76700,other
dance_group,-6.878031501894792,0.049752276779597655,converged,-6.5549857424821125,0.20866271969366723,urip1240,converged,0.3230457594126799,1.5059562354375677,Uripiv,Papunesia,Austronesian,167.34643,-16.00951,351,other
dance_group,-6.878031501894792,0.049752276779597655,converged,-6.578685208240238,0.192583764912577,east2387,converged,0.2993462936545548,1.5049598397830295,East Limba,Africa,Atlantic-Congo,-11.7496,9.71107,4600,other
smell_group,-6.383986116324334,0.023005403195962684,converged,-6.16827092321577,0.1415694074466895,boko1266,converged,0.21571519310856413,1.5040126671911895,Boko,Africa,Mande,3.71771,10.5189,110000,other
rain_group,-6.300035984080432,0.027205812474801125,converged,-6.081985913335878,0.14302016683159438,tere1278,converged,0.21805007074455407,1.497753339099444,Terei,Papunesia,South Bougainville,155.745,-6.70051,26500,other
ice_group,-7.833147994708722,0.055064859068445896,converged,-7.463565515733276,0.24260517712699883,tuva1244,converged,0.36958247897544627,1.485604480513629,Tuvalu,Papunesia,Austronesian,179.198088,-8.520813,12580,hunter-gatherer
taste_group,-6.774695661964866,0.023289593669973036,converged,-6.580084198316523,0.12918899168301728,east2534,converged,0.1946114636483438,1.4825114159711374,Eastern Canadian Inuktitut,North America,Eskimo-Aleut,284.3861,62.1735,14000,hunter-gatherer
smell_group,-6.383986116324334,0.023005403195962684,converged,-6.223898145331229,0.1055136382482712,mikm1235,converged,0.16008797099310534,1.4823992023874368,Mi'kmaq,North America,Algic,296,46,9290,hunter-gatherer
smell_group,-6.383986116324334,0.023005403195962684,converged,-6.173949489248578,0.14017377130137768,nyol1238,converged,0.21003662707575632,1.4786203496884371,Nyole,Africa,Atlantic-Congo,33.9181,0.88072,341000,other
dance_group,-6.878031501894792,0.049752276779597655,converged,-6.693356711922069,0.11554157214943525,kate1253,converged,0.18467478997272302,1.468026108030522,Kâte,Papunesia,Nuclear Trans New Guinea,147.757,-6.4795,6130,other
taste_group,-6.774695661964866,0.023289593669973036,converged,-6.5815555230324945,0.1302790807504307,thao1240,converged,0.19314013893237192,1.4593750679521265,Thao,Papunesia,Austronesian,120.93,23.8333,100,other
smell_group,-6.383986116324334,0.023005403195962684,converged,-6.235691210151141,0.0996010993219107,mapu1244,converged,0.1482949061731933,1.450694042671858,Mapun,Papunesia,Austronesian,118.75,6.09061,42470,other
smell_group,-6.383986116324334,0.023005403195962684,converged,-6.202934161803477,0.12321596501459776,osag1243,converged,0.1810519545208571,1.4444265488923602,Osage,North America,Siouan,263.7051,36.7828,100,hunter-gatherer
ice_group,-7.833147994708722,0.055064859068445896,converged,-7.521539445144117,0.2132584123423444,corn1251,converged,0.31160854956460504,1.4147768895748438,Cornish,Eurasia,Indo-European,-4.18619,50.5233,468425,other
wind_group,-5.881572899913446,0.026381933148576345,converged,-5.747373963920513,0.09143263257791429,mans1262,converged,0.13419893599293342,1.4102057443544525,Mansaka,Papunesia,Austronesian,126.181,6.79221,57800,other
dance_group,-6.878031501894792,0.049752276779597655,converged,-6.62265572753779,0.17419336999942622,agus1235,converged,0.2553757743570024,1.4096767735522686,Agusan Manobo,Papunesia,Austronesian,125.742,8.62731,60000,other
taste_group,-6.774695661964866,0.023289593669973036,converged,-6.55816481530057,0.1526066906892777,iqui1243,converged,0.21653084666429656,1.4026417207121347,Iquito,South America,Zaparoan,286.02954,-3.31233,100,other
wind_group,-5.881572899913446,0.026381933148576345,converged,-5.768357759827961,0.07681623948702666,efik1245,converged,0.11321514008548483,1.3939262290736611,Efik,Africa,Atlantic-Congo,8.38121,4.89379,400000,other
ice_group,-7.833147994708722,0.055064859068445896,converged,-7.43915246518409,0.27743159870870776,kxoe1243,converged,0.39399552952463157,1.3929808039885225,Kxoe,Africa,Khoe-Kwadi,22.599835,-16.59051,6590,hunter-gatherer
snow_group,-7.500141475307639,0.05404147822644328,converged,-7.115115053201439,0.2725015554925011,hava1248,converged,0.38502642210619964,1.3859416867797791,Havasupai-Walapai-Yavapai,North America,Cochimi-Yuman,246.615,35.6302,2690,other
smell_group,-6.383986116324334,0.023005403195962684,converged,-6.153996990029907,0.16457356624756644,baba1267,converged,0.22998912629442714,1.3840282187513506,Baba Malay,Eurasia,Austronesian,103.076,1.75414,15000,other
smell_group,-6.383986116324334,0.023005403195962684,converged,-6.174921822367807,0.15091244975873822,naka1262,converged,0.20906429395652726,1.3695135835508567,Nakanai,Papunesia,Austronesian,150.888,-5.59931,13000,other
ice_group,-7.833147994708722,0.055064859068445896,converged,-7.503687689455598,0.23576719515798825,osag1243,converged,0.3294603052531242,1.3607754123092914,Osage,North America,Siouan,263.7051,36.7828,100,hunter-gatherer
smell_group,-6.383986116324334,0.023005403195962684,converged,-6.252756078474384,0.09416259444192905,aleu1260,converged,0.13123003784995024,1.353833897373182,Aleut,North America,Eskimo-Aleut,185.71,52.1228,490,hunter-gatherer
taste_group,-6.774695661964866,0.023289593669973036,converged,-6.544733707129917,0.16915231242609255,mung1266,converged,0.2299619548349492,1.3467907950534024,Mungaka,Africa,Atlantic-Congo,10.0294,5.89752,50100,other
smell_group,-6.383986116324334,0.023005403195962684,converged,-6.2427555833043735,0.10269753705315139,monn1252,converged,0.1412305330199608,1.3419504605278598,Mon,Eurasia,Austroasiatic,98.122465,15.49394,851000,other
taste_group,-6.774695661964866,0.023289593669973036,converged,-6.539060331429385,0.17420345537322127,cent2100,converged,0.23563533053548102,1.3407158168175324,Kadazan Dusun,Papunesia,Austronesian,116.681,6.02998,141000,other
smell_group,-6.383986116324334,0.023005403195962684,converged,-6.141759878355159,0.17979837590287584,kati1270,converged,0.24222623796917553,1.3363160446944893,Katë,Eurasia,Indo-European,70.9826,35.4145,19400,other
taste_group,-6.774695661964866,0.023289593669973036,converged,-6.570882962342114,0.15260532478525146,sout2668,converged,0.20381269962275272,1.3202677614800515,Southern Hindko,Eurasia,Indo-European,72.1702,33.2122,625000,other
smell_group,-6.383986116324334,0.023005403195962684,converged,-6.191317693769916,0.14601421736519282,rabh1238,converged,0.1926684225544184,1.3034392105855959,Rabha,Eurasia,Sino-Tibetan,91.1689,25.8248,50000,other
ice_group,-7.833147994708722,0.055064859068445896,converged,-7.504942068473082,0.2500687871537857,koas1236,converged,0.3282059262356398,1.2817558120534394,Koasati,North America,Muskogean,267.291,30.4096,200,other
ice_group,-7.833147994708722,0.055064859068445896,converged,-7.577197784783302,0.1924993525327784,clas1252,converged,0.2559502099254196,1.2783434188741638,Classical Syriac,Eurasia,Afro-Asiatic,42.1432,37.1129,200000,other
ice_group,-7.833147994708722,0.055064859068445896,converged,-7.596407999648274,0.1768210846206959,khas1269,converged,0.2367399950604483,1.2783161711800777,Khasi,Eurasia,Austroasiatic,91.9998,24.977,865000,other
wind_group,-5.881572899913446,0.026381933148576345,converged,-5.711625203126989,0.13152338825170876,yana1271,converged,0.1699476967864575,1.266912149191395,Yana,North America,isolate_yana1271,238.392,39.2769,1500,hunter-gatherer
ice_group,-7.833147994708722,0.055064859068445896,converged,-7.4447801404179055,0.30159944764899504,huaa1248,converged,0.38836785429081644,1.2667542360859347,East Taa,Africa,Tuu,20.79583,-24.20022,4200,hunter-gatherer
taste_group,-6.774695661964866,0.023289593669973036,converged,-6.569805027560581,0.1602403700832445,wikm1247,converged,0.20489063440428534,1.2653506333862161,Wik-Mungkan,Australia,Pama-Nyungan,141.81611,-13.98051,840,hunter-gatherer
dance_group,-6.878031501894792,0.049752276779597655,converged,-6.691988299892881,0.13876105733509647,warl1254,converged,0.18604320200191182,1.2620737708760041,Warlpiri,Australia,Pama-Nyungan,131.05,-20.1008,2670,hunter-gatherer
snow_group,-7.500141475307639,0.05404147822644328,converged,-7.193125188733625,0.24159422744476447,hmon1264,converged,0.30701628657401336,1.240145942311186,Hmong Njua,Eurasia,Hmong-Mien,101.95,22.5638,210000,other
rain_group,-6.300035984080432,0.027205812474801125,converged,-6.177981161379989,0.09458908376277478,mars1254,converged,0.12205482270044232,1.2400941760603836,Marshallese,Papunesia,Austronesian,167.73,8.72,43900,other
dance_group,-6.878031501894792,0.049752276779597655,converged,-6.647102452396267,0.1797218081073921,boko1266,converged,0.230929049498525,1.238350664273809,Boko,Africa,Mande,3.71771,10.5189,110000,other
rain_group,-6.300035984080432,0.027205812474801125,converged,-6.129332587683401,0.13623087939743864,agus1235,converged,0.17070339639703036,1.2287814904216146,Agusan Manobo,Papunesia,Austronesian,125.742,8.62731,60000,other
smell_group,-6.383986116324334,0.023005403195962684,converged,-6.179848769829729,0.16456911321326914,maha1287,converged,0.2041373464946057,1.2284900205059268,Mahasu Pahari,Eurasia,Indo-European,77.5317,31.0088,1000000,other
rain_group,-6.300035984080432,0.027205812474801125,converged,-6.112386283324005,0.15634664885925592,bard1255,converged,0.18764970075642662,1.1824473327273683,Bardi,Australia,Nyulnyulan,122.906,-16.6274,380,hunter-gatherer
taste_group,-6.774695661964866,0.023289593669973036,converged,-6.545988026142222,0.19258820639589969,huaa1248,converged,0.2287076358226443,1.1789582423597877,East Taa,Africa,Tuu,20.79583,-24.20022,4200,hunter-gatherer
dance_group,-6.878031501894792,0.049752276779597655,converged,-6.658838894754284,0.1797204491692634,angg1239,converged,0.21919260714050814,1.1754225706890051,Angguruk Yali,Papunesia,Nuclear Trans New Guinea,139.457,-4.0836,15000,other
snow_group,-7.500141475307639,0.05404147822644328,converged,-7.14994829136409,0.2935459533322678,sanb1242,converged,0.35019318394354837,1.1732590717168385,San Blas Kuna,South America,Chibchan,281.6925,9.15686,57100,other
dance_group,-6.878031501894792,0.049752276779597655,converged,-6.711197147073305,0.13371192429225756,ahte1237,converged,0.16683435482148745,1.169388481027078,Ahtena,North America,Athabaskan-Eyak-Tlingit,215.111,61.7068,100,hunter-gatherer
dance_group,-6.878031501894792,0.049752276779597655,converged,-6.678783968409385,0.16450230480867808,bisl1239,converged,0.19924753348540758,1.1593509661443415,Bislama,Papunesia,Indo-European,166.89,-15.4,1200,other
smell_group,-6.383986116324334,0.023005403195962684,converged,-6.227065891169209,0.13376253214435296,misi1242,converged,0.15692022515512516,1.1561508402339522,Mising-Padam-Miri-Minyong,Eurasia,Sino-Tibetan,94.69,27.418,571000,other
smell_group,-6.383986116324334,0.023005403195962684,converged,-6.209138622619601,0.15090717872414605,doro1266,converged,0.17484749370473374,1.1454093242816867,Doromu-Koki,Papunesia,Manubaran,147.986,-9.56687,1500,other
snow_group,-7.500141475307639,0.05404147822644328,converged,-7.243030141027417,0.21967587778475006,sout2668,converged,0.25711133428022137,1.1365268054771822,Southern Hindko,Eurasia,Indo-European,72.1702,33.2122,625000,other
rain_group,-6.300035984080432,0.027205812474801125,converged,-6.125876233979413,0.15092032636010635,tiwi1244,converged,0.17415975010101903,1.1356797953074642,Tiwi,Australia,isolate_tiwi1244,130.949,-11.6308,1830,hunter-gatherer
rain_group,-6.300035984080432,0.027205812474801125,converged,-6.1626420631767855,0.11797520226735406,lund1271,converged,0.1373939209036461,1.1348165129391272,Lundayeh,Papunesia,Austronesian,115.5,4.25064,47500,other
rain_group,-6.300035984080432,0.027205812474801125,converged,-6.130375465840936,0.147602268503111,naka1262,converged,0.16966051823949524,1.1304024794943393,Nakanai,Papunesia,Austronesian,150.888,-5.59931,13000,other
smell_group,-6.383986116324334,0.023005403195962684,converged,-6.220468444025778,0.14299909481415224,kosa1249,converged,0.16351767229855607,1.1289709378392199,Kosarek Yale,Papunesia,Nuclear Trans New Guinea,139.645,-4.06603,2300,other
taste_group,-6.774695661964866,0.023289593669973036,converged,-6.596292677867483,0.1582217922706228,bang1354,converged,0.1784029840973833,1.115529891295474,Bobangi,Africa,Atlantic-Congo,17.227,-0.87437,111300,other
snow_group,-7.500141475307639,0.05404147822644328,converged,-7.190609020429241,0.27249379973496124,yaqu1251,converged,0.309532454878398,1.114224001318152,Yaqui,North America,Uto-Aztecan,249.319,29.9446,14620,other
smell_group,-6.383986116324334,0.023005403195962684,converged,-6.212885685690046,0.15265125543779348,tere1278,converged,0.17110043063428826,1.108342551049013,Terei,Papunesia,South Bougainville,155.745,-6.70051,26500,other
rain_group,-6.300035984080432,0.027205812474801125,converged,-6.161602813099718,0.12513173505636205,rotu1241,converged,0.13843317098071406,1.0810438350859761,Rotuman,Papunesia,Austronesian,177.066,-12.5008,9000,other
taste_group,-6.774695661964866,0.023289593669973036,converged,-6.638383708091042,0.12508179464534913,monn1252,converged,0.13631195387382444,1.0713693456024922,Mon,Eurasia,Austroasiatic,98.122465,15.49394,851000,other
smell_group,-6.383986116324334,0.023005403195962684,converged,-6.261801750751239,0.11190999772335802,yiry1245,converged,0.1221843655730952,1.0694460219128534,Yir-Yoront,Australia,Pama-Nyungan,141.767,-15.1117,100,hunter-gatherer
wind_group,-5.881572899913446,0.026381933148576345,converged,-5.773486204538676,0.09774158863861387,kyak1244,converged,0.10808669537477034,1.0676342501473224,Kyaka,Papunesia,Nuclear Trans New Guinea,144.119,-5.52462,15400,other
dance_group,-6.878031501894792,0.049752276779597655,converged,-6.743980659476222,0.1155380427765319,khas1269,converged,0.13405084241857068,1.065631143247379,Khasi,Eurasia,Austroasiatic,91.9998,24.977,865000,other
taste_group,-6.774695661964866,0.023289593669973036,converged,-6.58759175366741,0.1741974979825553,naro1249,converged,0.18710390829745638,1.0646179287470063,Naro,Africa,Khoe-Kwadi,20.7458,-22.0939,14000,hunter-gatherer
taste_group,-6.774695661964866,0.023289593669973036,converged,-6.6290029147176845,0.13492903736141884,muna1247,converged,0.14569274724718184,1.064039036326778,Muna,Papunesia,Austronesian,122.541,-5.40419,300000,other
taste_group,-6.774695661964866,0.023289593669973036,converged,-6.654639577817431,0.11050262296188464,khas1269,converged,0.12005608414743563,1.063099699067801,Khasi,Eurasia,Austroasiatic,91.9998,24.977,865000,other
taste_group,-6.774695661964866,0.023289593669973036,converged,-6.5834538381293575,0.17972946202622297,kwai1243,converged,0.19124182383550892,1.0552313464815715,Kwaio,Papunesia,Austronesian,160.965,-8.93744,13200,other
taste_group,-6.774695661964866,0.023289593669973036,converged,-6.6873706571755225,0.07985841602574809,newa1246,converged,0.08732500478934391,1.049766555272404,Kathmandu Valley Newari,Eurasia,Sino-Tibetan,85.326,27.67,839000,other
taste_group,-6.774695661964866,0.023289593669973036,converged,-6.602802109051553,0.16233141560140057,chan1313,converged,0.1718935529133132,1.048172464338567,Chang Naga,Eurasia,Sino-Tibetan,94.9536,26.4336,60900,other
snow_group,-7.500141475307639,0.05404147822644328,converged,-7.227353653735826,0.25556967686454096,yong1270,converged,0.27278782157181247,1.0442803640219593,Narua,Eurasia,Sino-Tibetan,100.9,27.8,47000,other
taste_group,-6.774695661964866,0.023289593669973036,converged,-6.594212264652743,0.17161587282455984,squa1248,converged,0.18048339731212337,1.0421184237072803,Squamish,North America,Salishan,236.986,49.3231,100,hunter-gatherer
ice_group,-7.833147994708722,0.055064859068445896,converged,-7.609064709812213,0.2085661136385326,tokp1240,converged,0.2240832848965093,1.0388043935122666,Tok Pisin,Papunesia,Indo-European,147.303,-9.41971,125630,other
smell_group,-6.383986116324334,0.023005403195962684,converged,-6.242187891644339,0.13497108077041955,rend1243,converged,0.14179822467999514,1.035646105245177,Rendille,Africa,Afro-Asiatic,37.3608,2.27065,34700,other
rain_group,-6.300035984080432,0.027205812474801125,converged,-6.203281903470586,0.09062726688228465,loui1240,converged,0.0967540806098457,1.02252490947785,Louisiana Creole French,North America,Indo-European,269.2525,30.0412,70000,other
wind_group,-5.881572899913446,0.026381933148576345,converged,-5.772456454727095,0.1044193108536289,tuva1244,converged,0.10911644518635111,1.0131470109896712,Tuvalu,Papunesia,Austronesian,179.198088,-8.520813,12580,hunter-gatherer
dance_group,-6.878031501894792,0.049752276779597655,converged,-6.680451299363032,0.18910080568237334,nand1266,converged,0.19758020253176056,1.0104533435180876,Nandi,Africa,Nilotic,35.408478,0.793737,938000,other
taste_group,-6.774695661964866,0.023289593669973036,converged,-6.571331041211491,0.20013994439754054,kara1483,converged,0.20336462075337547,1.0093015230227453,Karamojong,Africa,Nilotic,34.2761,2.45157,260000,other
snow_group,-7.500141475307639,0.05404147822644328,converged,-7.210506624618696,0.28240109653523,atay1247,converged,0.2896348506889428,1.0073365408625332,Atayal,Papunesia,Austronesian,121.388,24.5209,84300,other
wind_group,-5.881572899913446,0.026381933148576345,converged,-5.793251428230043,0.08434344089605553,tokp1240,converged,0.0883214716834031,0.9994146643922339,Tok Pisin,Papunesia,Indo-European,147.303,-9.41971,125630,other
wind_group,-5.881572899913446,0.026381933148576345,converged,-5.737098821123221,0.14308725117139706,twee1234,converged,0.14447407879022567,0.9929556121640886,Tweed-Albert,Australia,Pama-Nyungan,153.286993,-28.028726,210,other
snow_group,-7.500141475307639,0.05404147822644328,converged,-7.206913950436379,0.29353977576636137,luxe1241,converged,0.29322752487126014,0.9824259072760442,Moselle Franconian,Eurasia,Indo-European,6.14931,49.6839,320000,other
smell_group,-6.383986116324334,0.023005403195962684,converged,-6.250802258159701,0.13375943941213644,koas1236,converged,0.1331838581646334,0.9812889789048931,Koasati,North America,Muskogean,267.291,30.4096,200,other
taste_group,-6.774695661964866,0.023289593669973036,converged,-6.627423901633269,0.14916981894246265,magu1243,converged,0.1472717603315976,0.9754585604720032,Maguindanao,Papunesia,Austronesian,124.509,6.9453,1000000,other
snow_group,-7.500141475307639,0.05404147822644328,converged,-7.245687947788612,0.2555680609939652,suss1239,converged,0.2544535275190265,0.9740993163466164,Sussex,Eurasia,Indo-European,-1,53,602255,other
taste_group,-6.774695661964866,0.023289593669973036,converged,-6.5751920588601696,0.2042664251668829,lonw1238,converged,0.19950360310469684,0.9703962713684257,Lonwolwol,Papunesia,Austronesian,168.016,-16.2286,1200,other
snow_group,-7.500141475307639,0.05404147822644328,converged,-7.200071614250603,0.3061820466592376,kokb1239,converged,0.30006986105703604,0.9651196862112357,Kok Borok,Eurasia,Sino-Tibetan,91.4673,23.1916,696000,other
wind_group,-5.881572899913446,0.026381933148576345,converged,-5.771248804345918,0.11128408026319274,nupe1254,converged,0.11032409556752842,0.9646371095188614,Nupe-Nupe-Tako,Africa,Atlantic-Congo,5.40031,9.18404,800000,other
dance_group,-6.878031501894792,0.049752276779597655,converged,-6.66747712892666,0.21333622664632398,hoch1243,converged,0.21055437296813206,0.961168642524517,Ho-Chunk,North America,Siouan,271.5,43.5,100,hunter-gatherer
taste_group,-6.774695661964866,0.023289593669973036,converged,-6.686425557875895,0.08914264189927322,fiji1243,converged,0.08827010408897173,0.9580542115227886,Fijian,Papunesia,Austronesian,178.33,-18,333440,other
dance_group,-6.878031501894792,0.049752276779597655,converged,-6.713744041706702,0.16449875630776475,west2420,converged,0.16428746018809015,0.9559495502839178,Western Parbate Kham,Eurasia,Sino-Tibetan,82.7348,28.6521,24500,other
smell_group,-6.383986116324334,0.023005403195962684,converged,-6.267035532041282,0.12050003591244751,yaga1260,converged,0.11695058428305227,0.9533256009736639,Yagaria,Papunesia,Nuclear Trans New Guinea,145.388,-6.32432,21100,other
ice_group,-7.833147994708722,0.055064859068445896,converged,-7.6633662196333265,0.17153886057425904,tong1325,converged,0.16978177507539538,0.9423930382467923,Tonga,Papunesia,Austronesian,184.75,-21.17,102290,other
smell_group,-6.383986116324334,0.023005403195962684,converged,-6.261867036219792,0.12815894858389046,cree1270,converged,0.1221190801045422,0.937881322560365,Creek,North America,Muskogean,272.5,31,4300,other
taste_group,-6.774695661964866,0.023289593669973036,converged,-6.633435385508056,0.14916922806051516,lund1271,converged,0.14126027645681027,0.9356449494929104,Lundayeh,Papunesia,Austronesian,115.5,4.25064,47500,other
ice_group,-7.833147994708722,0.055064859068445896,converged,-7.518607216892164,0.3334238038422273,heil1246,converged,0.31454077781655787,0.9307587188455355,Heiltsuk-Oowekyala,North America,Wakashan,232.779,51.7045,300,hunter-gatherer
rain_group,-6.300035984080432,0.027205812474801125,converged,-6.163709462990079,0.14448936187109754,cent2100,converged,0.1363265210903526,0.9272125613946813,Kadazan Dusun,Papunesia,Austronesian,116.681,6.02998,141000,other
snow_group,-7.500141475307639,0.05404147822644328,converged,-7.30950931725491,0.19958018209622994,choc1276,converged,0.19063215805272904,0.9219645785654512,Choctaw,North America,Muskogean,271.5,32.25,11400,other
taste_group,-6.774695661964866,0.023289593669973036,converged,-6.626717749251555,0.16450782487510868,pohn1238,converged,0.14797791271331118,0.8906379884225128,Pohnpeian,Papunesia,Austronesian,158.223,6.87212,29000,other
taste_group,-6.774695661964866,0.023289593669973036,converged,-6.61136876590274,0.18269692488309924,nand1266,converged,0.16332689606212636,0.8868009057808234,Nandi,Africa,Nilotic,35.408478,0.793737,938000,other
smell_group,-6.383986116324334,0.023005403195962684,converged,-6.234298674624899,0.16919650493494923,kara1483,converged,0.14968744169943538,0.8766296148177551,Karamojong,Africa,Nilotic,34.2761,2.45157,260000,other
dance_group,-6.878031501894792,0.049752276779597655,converged,-6.707560660654926,0.1890976354947986,cent1990,converged,0.1704708412398661,0.8718258718440033,Central Nicobarese,Eurasia,Austroasiatic,93.3921,7.94812,10100,other
dance_group,-6.878031501894792,0.049752276779597655,converged,-6.717687669806077,0.17971387042474984,kwom1262,converged,0.1603438320887154,0.8598746553737178,Kwoma,Papunesia,Sepik,142.664,-4.08721,3000,hunter-gatherer
snow_group,-7.500141475307639,0.05404147822644328,converged,-7.3307748316512455,0.18956753999088882,hmon1333,converged,0.1693666436563932,0.8592053482761104,Hmong Daw,Eurasia,Hmong-Mien,103.164,21.5461,435400,other
smell_group,-6.383986116324334,0.023005403195962684,converged,-6.313185661785128,0.07912854468290503,dagb1246,converged,0.07080045453920647,0.8591772435471773,Dagbani,Africa,Atlantic-Congo,-0.43227,9.64745,800000,other
taste_group,-6.774695661964866,0.023289593669973036,converged,-6.61771487229192,0.18269614869407078,besi1244,converged,0.15698078967294649,0.8523476035558966,Besisi,Eurasia,Austroasiatic,101.676,2.717,2990,other
ice_group,-7.833147994708722,0.055064859068445896,converged,-7.528802086274134,0.35364837572268987,kosr1238,converged,0.30434590843458764,0.8503428578157834,Kosraean,Papunesia,Austronesian,162.98,5.31,8000,other
taste_group,-6.774695661964866,0.023289593669973036,converged,-6.671904520413196,0.12046203242180592,efik1245,converged,0.10279114155167068,0.8377932422817553,Efik,Africa,Atlantic-Congo,8.38121,4.89379,400000,other
snow_group,-7.500141475307639,0.05404147822644328,converged,-7.317070352674992,0.2151222200333926,shil1265,converged,0.18307112263264713,0.8253647100612808,Shilluk,Africa,Nilotic,31.7926,9.85472,175000,other
taste_group,-6.774695661964866,0.023289593669973036,converged,-6.67037017141566,0.12507922060372909,kala1397,converged,0.10432549054920681,0.8199820519007931,Kalam,Papunesia,Nuclear Trans New Guinea,144.585,-5.25216,15000,other
ice_group,-7.833147994708722,0.055064859068445896,converged,-7.617333396076749,0.2582623815569194,west2420,converged,0.21581459863197328,0.8172708610605769,Western Parbate Kham,Eurasia,Sino-Tibetan,82.7348,28.6521,24500,other
dance_group,-6.878031501894792,0.049752276779597655,converged,-6.699332390547622,0.21333197926973727,kara1483,converged,0.17869911134717054,0.8157666029168794,Karamojong,Africa,Nilotic,34.2761,2.45157,260000,other
taste_group,-6.774695661964866,0.023289593669973036,converged,-6.604827138855295,0.20865551159082005,sene1264,converged,0.1698685231095718,0.8090855496434924,Seneca,North America,Iroquoian,282.47,42.56,175,other
rain_group,-6.300035984080432,0.027205812474801125,converged,-6.178266791354475,0.14922570676989724,tain1252,converged,0.12176919272595654,0.8027745163338924,Tai Nüa,Eurasia,Tai-Kadai,99.722,21.7837,647400,other
ice_group,-7.833147994708722,0.055064859068445896,converged,-7.6482630309788275,0.22366010844938317,warl1254,converged,0.18488496372989438,0.8026651559781299,Warlpiri,Australia,Pama-Nyungan,131.05,-20.1008,2670,hunter-gatherer
rain_group,-6.300035984080432,0.027205812474801125,converged,-6.182084906718055,0.14448659947592774,gela1263,converged,0.11795107736237664,0.8022484474931333,Gela,Papunesia,Austronesian,160.186,-9.04587,11900,other
snow_group,-7.500141475307639,0.05404147822644328,converged,-7.307670932257974,0.23545128013176783,rend1243,converged,0.19247054304966493,0.7967367790252372,Rendille,Africa,Afro-Asiatic,37.3608,2.27065,34700,other
dance_group,-6.878031501894792,0.049752276779597655,converged,-6.727232104131016,0.18268350084418256,east2542,converged,0.1507993977637767,0.7964597019486442,Eastern Ojibwa,North America,Algic,280.2497,45.0112,25900,hunter-gatherer
taste_group,-6.774695661964866,0.023289593669973036,converged,-6.689143112089673,0.10547481796483088,tong1325,converged,0.08555254987519323,0.792039765539973,Tonga,Papunesia,Austronesian,184.75,-21.17,102290,other
snow_group,-7.500141475307639,0.05404147822644328,converged,-7.2879327013199395,0.2635957263136312,doro1266,converged,0.21220877398769922,0.7886503326166625,Doromu-Koki,Papunesia,Manubaran,147.986,-9.56687,1500,other
smell_group,-6.383986116324334,0.023005403195962684,converged,-6.32307248773065,0.07378709177607172,lako1247,converged,0.06091362859368399,0.7881152512883479,Lakota,North America,Siouan,256.05,46.3699,6189,hunter-gatherer
rain_group,-6.300035984080432,0.027205812474801125,converged,-6.188062790260044,0.14017172958004206,squa1248,converged,0.11197319382038806,0.7841946545273376,Squamish,North America,Salishan,236.986,49.3231,100,hunter-gatherer
smell_group,-6.383986116324334,0.023005403195962684,converged,-6.268814167837317,0.14600309490393032,ladi1251,converged,0.11517194848701706,0.7792184658136984,Ladino,Eurasia,Indo-European,28.6632,41.205,8000,other
dance_group,-6.878031501894792,0.049752276779597655,converged,-6.709027139980778,0.21333071324363023,sout2789,converged,0.16900436191401447,0.7715141342327418,Central Dagaare,Africa,Atlantic-Congo,-2.52265,10.4226,700000,other
ice_group,-7.833147994708722,0.055064859068445896,converged,-7.5969400742739515,0.30158701376311603,doro1266,converged,0.23620792043477046,0.7704791184916893,Doromu-Koki,Papunesia,Manubaran,147.986,-9.56687,1500,other
dance_group,-6.878031501894792,0.049752276779597655,converged,-6.7686984451038565,0.13370738242375288,masb1238,converged,0.10933305679093586,0.7663687263969408,Masbatenyo,Papunesia,Austronesian,123.63579,12.21453,350000,other
taste_group,-6.774695661964866,0.023289593669973036,converged,-6.615191746351545,0.20865405721046829,bini1246,converged,0.1595039156133211,0.7597240461951639,Bini,Africa,Atlantic-Congo,5.70426,6.40701,1000000,other
ice_group,-7.833147994708722,0.055064859068445896,converged,-7.577121930953596,0.33341866263213943,atay1247,converged,0.25602606375512593,0.7576189951340389,Atayal,Papunesia,Austronesian,121.388,24.5209,84300,other
wind_group,-5.881572899913446,0.026381933148576345,converged,-5.7825128461875055,0.1282339669334615,wole1240,converged,0.09906005372594073,0.7566476704537781,Woleaian,Papunesia,Austronesian,143.916,7.37957,1630,other
smell_group,-6.383986116324334,0.023005403195962684,converged,-6.300529734575022,0.10793168243782494,plai1258,converged,0.08345638174931214,0.7562453398495248,Plains Cree,North America,Algic,249.537,51.2437,34100,hunter-gatherer
taste_group,-6.774695661964866,0.023289593669973036,converged,-6.629558938583209,0.19257713666968354,akha1245,converged,0.14513672338165762,0.748203398051065,Akha,Eurasia,Sino-Tibetan,100.964,21.2309,563960,other
ice_group,-7.833147994708722,0.055064859068445896,converged,-7.583077874706448,0.3334181559990056,turk1308,converged,0.2500701200022739,0.7399955711164818,Turkana,Africa,Nilotic,35.7101,4.30688,476200,other
ice_group,-7.833147994708722,0.055064859068445896,converged,-7.57102298096627,0.35364444940806977,cher1273,converged,0.2621250137424518,0.7323855626965375,Cherokee,North America,Iroquoian,276.837,35.4664,16400,other
wind_group,-5.881572899913446,0.026381933148576345,converged,-5.819365076127662,0.08096515419974205,mapu1244,converged,0.06220782378578438,0.7305251932310215,Mapun,Papunesia,Austronesian,118.75,6.09061,42470,other
taste_group,-6.774695661964866,0.023289593669973036,converged,-6.672916242846072,0.1374473968713214,warl1254,converged,0.1017794191187944,0.7300905422077838,Warlpiri,Australia,Pama-Nyungan,131.05,-20.1008,2670,hunter-gatherer
smell_group,-6.383986116324334,0.023005403195962684,converged,-6.263089334571339,0.16455553168666345,east2387,converged,0.1208967817529949,0.7276106775404839,East Limba,Africa,Atlantic-Congo,-11.7496,9.71107,4600,other
taste_group,-6.774695661964866,0.023289593669973036,converged,-6.652719649901908,0.1667741743868732,yuca1254,converged,0.12197601206295872,0.724355418994066,Yucatec Maya,North America,Mayan,271.0433,18.7757,706000,other
dance_group,-6.878031501894792,0.049752276779597655,converged,-6.743184910860363,0.17971113802883876,cent2292,converged,0.13484659103442898,0.7231510058639535,Central Bontoc,Papunesia,Austronesian,120.92,17.08,19600,other
smell_group,-6.383986116324334,0.023005403195962684,converged,-6.2686226867303745,0.15826361217394475,vure1239,converged,0.11536342959395984,0.7213509151801725,Vurës,Papunesia,Austronesian,167.451412,-13.905677,1050,other
ice_group,-7.833147994708722,0.055064859068445896,converged,-7.595107925910664,0.3334171418358338,maha1287,converged,0.23804006879805772,0.7043989031024835,Mahasu Pahari,Eurasia,Indo-European,77.5317,31.0088,1000000,other
taste_group,-6.774695661964866,0.023289593669973036,converged,-6.631397730264118,0.20425865137683594,sema1266,converged,0.14329793170074812,0.6970350449692133,Semai,Eurasia,Austroasiatic,101.477,4.13257,43900,other
taste_group,-6.774695661964866,0.023289593669973036,converged,-6.638920123386865,0.19624439631869495,kuan1247,converged,0.1357755385780015,0.6870483194441452,Kuanyama,Africa,Atlantic-Congo,16.58,-17.7176,668000,other
dance_group,-6.878031501894792,0.049752276779597655,converged,-6.742836959088321,0.1925635342267598,yank1247,converged,0.13519454280647114,0.6797558545086031,Yankunytjatjara,Australia,Pama-Nyungan,133.577,-26.4064,100,hunter-gatherer
taste_group,-6.774695661964866,0.023289593669973036,converged,-6.710029476781156,0.09290422542616539,mara1404,converged,0.06466618518371003,0.6751609807020001,Maranao,Papunesia,Austronesian,124.175,7.79414,776000,other
dance_group,-6.878031501894792,0.049752276779597655,converged,-6.739336627358628,0.2001183082481273,vure1239,converged,0.13869487453616447,0.6725899472940392,Vurës,Papunesia,Austronesian,167.451412,-13.905677,1050,other
rain_group,-6.300035984080432,0.027205812474801125,converged,-6.204985021709278,0.13881499447746803,boko1267,converged,0.09505096237115396,0.6719478832913849,Bokobaru,Africa,Mande,3.80058,9.52724,30000,other
taste_group,-6.774695661964866,0.023289593669973036,converged,-6.652863029355878,0.1826919377458763,gela1263,converged,0.12183263260898869,0.6615211193752565,Gela,Papunesia,Austronesian,160.186,-9.04587,11900,other
wind_group,-5.881572899913446,0.026381933148576345,converged,-5.801007041889014,0.12145106197218174,chek1238,converged,0.08056585802443195,0.6482430423235457,Cheke Holo,Papunesia,Austronesian,159.625,-8.27055,10800,other
ice_group,-7.833147994708722,0.055064859068445896,converged,-7.641477150835045,0.301583718087965,yank1247,converged,0.19167084387367694,0.6252116538082122,Yankunytjatjara,Australia,Pama-Nyungan,133.577,-26.4064,100,hunter-gatherer
smell_group,-6.383986116324334,0.023005403195962684,converged,-6.283799240852396,0.16027750754246384,tetu1245,converged,0.10018687547193839,0.6187425641599777,Tetum,Papunesia,Austronesian,125.528,-9.11217,450000,other
dance_group,-6.878031501894792,0.049752276779597655,converged,-6.789290407156163,0.13743786028331131,chuu1238,converged,0.08874109473862912,0.6071260645148729,Chuukese,Papunesia,Austronesian,151.598607,7.346993,45900,other
dance_group,-6.878031501894792,0.049752276779597655,converged,-6.769844563207083,0.17159698626777906,tuva1244,converged,0.10818693868770968,0.6055330446907131,Tuvalu,Papunesia,Austronesian,179.198088,-8.520813,12580,hunter-gatherer
wind_group,-5.881572899913446,0.026381933148576345,converged,-5.7997958703538455,0.1338327965147981,bard1255,converged,0.08177702955960076,0.5995018678096049,Bardi,Australia,Nyulnyulan,122.906,-16.6274,380,hunter-gatherer
taste_group,-6.774695661964866,0.023289593669973036,converged,-6.708039950307477,0.10983125379302108,yaka1277,converged,0.06665571165738982,0.5936912020728827,Yakan,Papunesia,Austronesian,122.021729,6.531023,106000,other
wind_group,-5.881572899913446,0.026381933148576345,converged,-5.827142807938566,0.08817470722406742,mbuk1240,converged,0.054430091974880135,0.5913944284645383,Mbukushu,Africa,Atlantic-Congo,22.5026,-17.6827,35100,other
wind_group,-5.881572899913446,0.026381933148576345,converged,-5.817147017041031,0.10992747269487499,pohn1238,converged,0.06442588287241513,0.5698938971354526,Pohnpeian,Papunesia,Austronesian,158.223,6.87212,29000,other
taste_group,-6.774695661964866,0.023289593669973036,converged,-6.656055683368644,0.20864846766090847,maha1287,converged,0.11863997859622266,0.5651022994502777,Mahasu Pahari,Eurasia,Indo-European,77.5317,31.0088,1000000,other
taste_group,-6.774695661964866,0.023289593669973036,converged,-6.665928665734724,0.19624097962290463,gras1249,converged,0.10876699623014208,0.5503897517495236,Grass Koiari,Papunesia,Koiarian,147.437,-9.51218,1700,other
smell_group,-6.383986116324334,0.023005403195962684,converged,-6.2860562864861524,0.1769412057896888,hava1248,converged,0.09792982983818188,0.5488402301100137,Havasupai-Walapai-Yavapai,North America,Cochimi-Yuman,246.615,35.6302,2690,other
ice_group,-7.833147994708722,0.055064859068445896,converged,-7.672098457994244,0.2887423377159254,chan1310,converged,0.16104953671447753,0.5478880919062228,Chantyal,Eurasia,Sino-Tibetan,83.4488,28.684,2000,other
ice_group,-7.833147994708722,0.055064859068445896,converged,-7.650168700921923,0.33341265262589,lush1249,converged,0.1829792937867989,0.5414722985130398,Mizo,Eurasia,Sino-Tibetan,92.6247,22.6138,541750,other
taste_group,-6.774695661964866,0.023289593669973036,converged,-6.66827907304956,0.20012701808950853,kili1268,converged,0.10641658891530614,0.5281807111343222,Kiliwa,North America,Cochimi-Yuman,244.877,30.5471,100,hunter-gatherer
taste_group,-6.774695661964866,0.023289593669973036,converged,-6.67903167194786,0.1797181481077371,kosa1249,converged,0.0956639900170062,0.5278860504419919,Kosarek Yale,Papunesia,Nuclear Trans New Guinea,139.645,-4.06603,2300,other
wind_group,-5.881572899913446,0.026381933148576345,converged,-5.83618347471684,0.08204271162677604,khot1251,converged,0.04538942519660605,0.5266809291019626,Khotanese,Eurasia,Indo-European,79.04,38.33,83000,other
smell_group,-6.383986116324334,0.023005403195962684,converged,-6.30627528694996,0.14599801941605428,boko1267,converged,0.07771082937437424,0.5257857328221834,Bokobaru,Africa,Mande,3.80058,9.52724,30000,other
dance_group,-6.878031501894792,0.049752276779597655,converged,-6.7577460116568835,0.22373665830274606,lonw1238,converged,0.12028549023790891,0.5248021009765313,Lonwolwol,Papunesia,Austronesian,168.016,-16.2286,1200,other
rain_group,-6.300035984080432,0.027205812474801125,converged,-6.237012380495975,0.11963967873192088,buli1254,converged,0.06302360358445647,0.5136650671328312,Buli,Africa,Atlantic-Congo,-1.26748,10.5763,150000,other
taste_group,-6.774695661964866,0.023289593669973036,converged,-6.700031994601355,0.15084842436719856,yaki1237,converged,0.07466366736351127,0.4891625926692224,Northwest Sahaptin,North America,Sahaptian,239.244,46.2655,3000,hunter-gatherer
wind_group,-5.881572899913446,0.026381933148576345,converged,-5.8283572092419504,0.10556424648293865,mara1385,converged,0.053215690671495786,0.4890657130278621,Marra,Australia,Mangarrayi-Maran,134.865,-14.7927,100,hunter-gatherer
rain_group,-6.300035984080432,0.027205812474801125,converged,-6.238945880885186,0.12321156436472216,kyak1244,converged,0.06109010319524533,0.4841526739487724,Kyaka,Papunesia,Nuclear Trans New Guinea,144.119,-5.52462,15400,other
rain_group,-6.300035984080432,0.027205812474801125,converged,-6.2175181458397,0.16919930673473682,atay1247,converged,0.08251783824073122,0.48151132228976823,Atayal,Papunesia,Austronesian,121.388,24.5209,84300,other
taste_group,-6.774695661964866,0.023289593669973036,converged,-6.713449699788032,0.12507588130228675,clas1252,converged,0.061245962176834645,0.4813961127046385,Classical Syriac,Eurasia,Afro-Asiatic,42.1432,37.1129,200000,other
snow_group,-7.500141475307639,0.05404147822644328,converged,-7.408476765633504,0.1844975920101472,clas1252,converged,0.09166470967413431,0.47680094710907006,Classical Syriac,Eurasia,Afro-Asiatic,42.1432,37.1129,200000,other
taste_group,-6.774695661964866,0.023289593669973036,converged,-6.670585243437317,0.21835615918166015,heil1246,converged,0.10411041852754899,0.4741026743798456,Heiltsuk-Oowekyala,North America,Wakashan,232.779,51.7045,300,hunter-gatherer
taste_group,-6.774695661964866,0.023289593669973036,converged,-6.715567024203856,0.12316605572746535,bada1257,converged,0.059128637761010516,0.4717134230936793,Badaga,Eurasia,Dravidian,76.5974,11.3094,245000,other
snow_group,-7.500141475307639,0.05404147822644328,converged,-7.339084053633916,0.33757042003184395,thay1249,converged,0.16105742167372306,0.4711088762604115,Thayore,Australia,Pama-Nyungan,142.034,-14.8159,150,hunter-gatherer
taste_group,-6.774695661964866,0.023289593669973036,converged,-6.6932037426262365,0.17971656061695498,wamp1247,converged,0.08149191933862987,0.44968667054149813,Wampar,Papunesia,Austronesian,146.662,-6.67364,5150,other
smell_group,-6.383986116324334,0.023005403195962684,converged,-6.324358962383256,0.13496074284567336,sout2668,converged,0.059627153941078426,0.4355289112209125,Southern Hindko,Eurasia,Indo-European,72.1702,33.2122,625000,other
smell_group,-6.383986116324334,0.023005403195962684,converged,-6.305863146463099,0.1797691683441082,sene1264,converged,0.07812296986123535,0.4310584490165235,Seneca,North America,Iroquoian,282.47,42.56,175,other
taste_group,-6.774695661964866,0.023289593669973036,converged,-6.706981597189796,0.15626918218917962,cham1312,converged,0.06771406477507025,0.4285832285757733,Chamorro,Papunesia,Austronesian,144.74474,13.438011,76700,other
dance_group,-6.878031501894792,0.049752276779597655,converged,-6.804922430279892,0.16675899998919597,aros1241,converged,0.07310907161490032,0.4201125964519867,Arosi,Papunesia,Austronesian,161.432,-10.2441,6750,other
wind_group,-5.881572899913446,0.026381933148576345,converged,-5.835630540716211,0.1105927259493176,chep1245,converged,0.04594235919723566,0.404081058653926,Chepang,Eurasia,Sino-Tibetan,84.9017,27.7206,36800,other
snow_group,-7.500141475307639,0.05404147822644328,converged,-7.388777824154963,0.27247601898855817,mara1382,converged,0.11136365115267566,0.40090091307407816,Mara Chin,Eurasia,Sino-Tibetan,93.0387,22.1138,42000,other
smell_group,-6.383986116324334,0.023005403195962684,converged,-6.321645256511659,0.1563140199039446,cent2100,converged,0.06234085981267512,0.3945677667518645,Kadazan Dusun,Papunesia,Austronesian,116.681,6.02998,141000,other
snow_group,-7.500141475307639,0.05404147822644328,converged,-7.3941830458172095,0.26358699904748345,mung1266,converged,0.10595842949042922,0.393795243529678,Mungaka,Africa,Atlantic-Congo,10.0294,5.89752,50100,other
dance_group,-6.878031501894792,0.049752276779597655,converged,-6.809989308414274,0.16675853345956487,osag1243,converged,0.06804219348051799,0.3909973875315159,Osage,North America,Siouan,263.7051,36.7828,100,hunter-gatherer
ice_group,-7.833147994708722,0.055064859068445896,converged,-7.687931693592057,0.3780510796555205,sanb1242,converged,0.1452163011166645,0.38010732814842885,San Blas Kuna,South America,Chibchan,281.6925,9.15686,57100,other
ice_group,-7.833147994708722,0.055064859068445896,converged,-7.750245683759622,0.2182648736745042,masb1238,converged,0.08290231094910006,0.36828491135147884,Masbatenyo,Papunesia,Austronesian,123.63579,12.21453,350000,other
taste_group,-6.774695661964866,0.023289593669973036,converged,-6.727706547202098,0.12811350484972422,tbol1240,converged,0.046989114762768125,0.36086293670934055,Tboli,Papunesia,Austronesian,124.538,6.20377,95300,other
rain_group,-6.300035984080432,0.027205812474801125,converged,-6.268321818879463,0.08551669526491161,tong1325,converged,0.03171416520096848,0.3534006842665665,Tonga,Papunesia,Austronesian,184.75,-21.17,102290,other
ice_group,-7.833147994708722,0.055064859068445896,converged,-7.71457830688055,0.3334077053978364,tiwi1244,converged,0.11856968782817212,0.3508764704155155,Tiwi,Australia,isolate_tiwi1244,130.949,-11.6308,1830,hunter-gatherer
ice_group,-7.833147994708722,0.055064859068445896,converged,-7.720506059264842,0.31629790475812775,chek1238,converged,0.11264193544387968,0.3508490180817917,Cheke Holo,Papunesia,Austronesian,159.625,-8.27055,10800,other
wind_group,-5.881572899913446,0.026381933148576345,converged,-5.8461910152224466,0.09773096659192392,yaga1260,converged,0.035381884690999676,0.349522562273307,Yagaria,Papunesia,Nuclear Trans New Guinea,145.388,-6.32432,21100,other
wind_group,-5.881572899913446,0.026381933148576345,converged,-5.834961965800472,0.1314982324136404,kuan1247,converged,0.0466109341129739,0.3475352682228895,Kuanyama,Africa,Atlantic-Congo,16.58,-17.7176,668000,other
ice_group,-7.833147994708722,0.055064859068445896,converged,-7.7240930701742085,0.31629765365350765,mara1382,converged,0.10905492453451338,0.33967671561360385,Mara Chin,Eurasia,Sino-Tibetan,93.0387,22.1138,42000,other
snow_group,-7.500141475307639,0.05404147822644328,converged,-7.3900470350466705,0.320674627779379,urip1240,converged,0.11009444026096826,0.33854753748346883,Uripiv,Papunesia,Austronesian,167.34643,-16.00951,351,other
smell_group,-6.383986116324334,0.023005403195962684,converged,-6.322812841292301,0.18586191466481772,urip1240,converged,0.061173275032033736,0.3266402526613306,Uripiv,Papunesia,Austronesian,167.34643,-16.00951,351,other
wind_group,-5.881572899913446,0.026381933148576345,converged,-5.851455526971651,0.08886314851383362,hmon1333,converged,0.030117372941795395,0.3249025593866499,Hmong Daw,Eurasia,Hmong-Mien,103.164,21.5461,435400,other
snow_group,-7.500141475307639,0.05404147822644328,converged,-7.404249725114778,0.2935209022125256,kili1268,converged,0.09589175019286067,0.3212945260031719,Kiliwa,North America,Cochimi-Yuman,244.877,30.5471,100,hunter-gatherer
smell_group,-6.383986116324334,0.023005403195962684,converged,-6.360073155417933,0.07185786532205474,bata1298,converged,0.023912960906401715,0.31693509900016364,Batad Ifugao,Papunesia,Austronesian,121.23,16.8266,43000,other
dance_group,-6.878031501894792,0.049752276779597655,converged,-6.8093402842257875,0.21331830899978,sout2832,converged,0.06869121766900488,0.31359645057465574,Southwestern Dinka,Africa,Nilotic,28.0613,8.81115,450000,other
smell_group,-6.383986116324334,0.023005403195962684,converged,-6.336471686180977,0.1582537945206269,mara1382,converged,0.04751443014335699,0.29711894047717957,Mara Chin,Eurasia,Sino-Tibetan,93.0387,22.1138,42000,other
ice_group,-7.833147994708722,0.055064859068445896,converged,-7.738793086958455,0.31629663395118407,gaaa1244,converged,0.094354907750267,0.29389104242494074,Ga,Africa,Atlantic-Congo,-0.18598,5.65488,600000,other
smell_group,-6.383986116324334,0.023005403195962684,converged,-6.365326334795424,0.05939009799112707,iban1264,converged,0.018659781528910457,0.29297761395191324,Iban,Papunesia,Austronesian,112.934,2.09041,694400,other
rain_group,-6.300035984080432,0.027205812474801125,converged,-6.259152137127293,0.14299371099507036,kwom1262,converged,0.040883846953138736,0.28087517457121425,Kwoma,Papunesia,Sepik,142.664,-4.08721,3000,hunter-gatherer
ice_group,-7.833147994708722,0.055064859068445896,converged,-7.753623546636676,0.28873707704887647,pohn1238,converged,0.07952444807204628,0.2705457276100936,Pohnpeian,Papunesia,Austronesian,158.223,6.87212,29000,other
snow_group,-7.500141475307639,0.05404147822644328,converged,-7.412303736684972,0.3375628611767384,kosr1238,converged,0.08783773862266653,0.2569396763887112,Kosraean,Papunesia,Austronesian,162.98,5.31,8000,other
taste_group,-6.774695661964866,0.023289593669973036,converged,-6.737546729274514,0.14915953826405356,anda1287,converged,0.03714893269035269,0.24607353440936636,Andalusian Arabic,Eurasia,Afro-Asiatic,-5.2,36.54,500000,other
smell_group,-6.383986116324334,0.023005403195962684,converged,-6.336694617997549,0.19262034662619115,sanb1242,converged,0.047291498326785586,0.24378406224423854,San Blas Kuna,South America,Chibchan,281.6925,9.15686,57100,other
taste_group,-6.774695661964866,0.023289593669973036,converged,-6.71719991726361,0.23584480795628923,kosr1238,converged,0.05749574470125651,0.24260633175582452,Kosraean,Papunesia,Austronesian,162.98,5.31,8000,other
taste_group,-6.774695661964866,0.023289593669973036,converged,-6.725233702188047,0.2042466075605387,pulu1242,converged,0.049461959776819775,0.240608680423853,Puluwatese,Papunesia,Austronesian,149.2005,7.35695,1360,other
wind_group,-5.881572899913446,0.026381933148576345,converged,-5.864726011335845,0.06518675298692526,cent2128,converged,0.01684688857760097,0.23956454331098526,Central Siberian Yupik,Eurasia,Eskimo-Aleut,189.728,63.4308,1130,hunter-gatherer
smell_group,-6.383986116324334,0.023005403195962684,converged,-6.3443824421709465,0.1691792445936746,sout2832,converged,0.039603674153387836,0.2319582121491657,Southwestern Dinka,Africa,Nilotic,28.0613,8.81115,450000,other
taste_group,-6.774695661964866,0.023289593669973036,converged,-6.7300895337269075,0.19256498920832166,mara1382,converged,0.04460612823795884,0.22996613767872578,Mara Chin,Eurasia,Sino-Tibetan,93.0387,22.1138,42000,other
smell_group,-6.383986116324334,0.023005403195962684,converged,-6.343276121515461,0.17693206079566678,sema1266,converged,0.04070999480887316,0.22816764413940285,Semai,Eurasia,Austroasiatic,101.477,4.13257,43900,other
taste_group,-6.774695661964866,0.023289593669973036,converged,-6.738090132963346,0.16231750150504587,lozi1239,converged,0.03660552900152059,0.22323193388169235,Lozi,Africa,Atlantic-Congo,24.7398,-17.7052,694000,other
ice_group,-7.833147994708722,0.055064859068445896,converged,-7.74341424090763,0.4083367879521711,thay1249,converged,0.08973375380109161,0.21778300776966406,Thayore,Australia,Pama-Nyungan,142.034,-14.8159,150,hunter-gatherer
smell_group,-6.383986116324334,0.023005403195962684,converged,-6.356137085876964,0.13030186995078236,magu1243,converged,0.027849030447370637,0.21047182676507448,Maguindanao,Papunesia,Austronesian,124.509,6.9453,1000000,other
snow_group,-7.500141475307639,0.05404147822644328,converged,-7.440489933448838,0.2823803958015015,kxoe1243,converged,0.05965154185880106,0.2074799599395986,Kxoe,Africa,Khoe-Kwadi,22.599835,-16.59051,6590,hunter-gatherer
ice_group,-7.833147994708722,0.055064859068445896,converged,-7.773441474512749,0.30157477185015136,diri1252,converged,0.05970652019597278,0.19476245383295784,Diriku-Shambyu,Africa,Atlantic-Congo,20.6678,-18.1681,36200,other
snow_group,-7.500141475307639,0.05404147822644328,converged,-7.435674908005375,0.3375605626291312,twee1234,converged,0.06446656730226419,0.18857644983710298,Tweed-Albert,Australia,Pama-Nyungan,153.286993,-28.028726,210,other
ice_group,-7.833147994708722,0.055064859068445896,converged,-7.773804794496477,0.31629426478947686,yape1248,converged,0.05934320021224515,0.18484000651903543,Yapese,Papunesia,Austronesian,138.125,9.55811,6590,other
rain_group,-6.300035984080432,0.027205812474801125,converged,-6.276315234017162,0.1261065509093916,chip1241,converged,0.023720750063269236,0.18387063278626736,Chippewa,North America,Algic,265.7262,47.347,5000,hunter-gatherer
smell_group,-6.383986116324334,0.023005403195962684,converged,-6.362151038729572,0.13030119295187104,lund1271,converged,0.021835077594761998,0.16502160939774915,Lundayeh,Papunesia,Austronesian,115.5,4.25064,47500,other
snow_group,-7.500141475307639,0.05404147822644328,converged,-7.455805832869421,0.272470759134178,angg1239,converged,0.044335642438217526,0.15960800030224395,Angguruk Yali,Papunesia,Nuclear Trans New Guinea,139.457,-4.0836,15000,other
snow_group,-7.500141475307639,0.05404147822644328,converged,-7.450736894408622,0.30615744037041787,lush1249,converged,0.04940458089901689,0.15891316065452835,Mizo,Eurasia,Sino-Tibetan,92.6247,22.6138,541750,other
rain_group,-6.300035984080432,0.027205812474801125,converged,-6.277337919631795,0.14758036831804983,nyol1238,converged,0.022698064448636757,0.1512528134359142,Nyole,Africa,Atlantic-Congo,33.9181,0.88072,341000,other
wind_group,-5.881572899913446,0.026381933148576345,converged,-5.859988184323716,0.14162282866329326,atay1247,converged,0.021584715589730408,0.14983233675742877,Atayal,Papunesia,Austronesian,121.388,24.5209,84300,other
snow_group,-7.500141475307639,0.05404147822644328,converged,-7.452822232638522,0.32066876281330686,lonw1238,converged,0.04731924266911669,0.14551232515122317,Lonwolwol,Papunesia,Austronesian,168.016,-16.2286,1200,other
smell_group,-6.383986116324334,0.023005403195962684,converged,-6.36200877542655,0.15088571061245434,arom1237,converged,0.02197734089778436,0.14399149182286455,Aromanian,Eurasia,Indo-European,21.2,40.616,69700,other
smell_group,-6.383986116324334,0.023005403195962684,converged,-6.361484262705417,0.16236142291169622,gwer1238,converged,0.02250185361891699,0.1372205058751107,Gwere,Africa,Atlantic-Congo,33.8227,1.11392,409000,other
snow_group,-7.500141475307639,0.05404147822644328,converged,-7.457589134966904,0.30615685051194425,nung1283,converged,0.04255234034073485,0.13687272330537995,Nung,Eurasia,Tai-Kadai,104.286,20.8965,856000,other
ice_group,-7.833147994708722,0.055064859068445896,converged,-7.7959404379566255,0.26731621390196464,magu1243,converged,0.037207556752096416,0.1363270016992937,Maguindanao,Papunesia,Austronesian,124.509,6.9453,1000000,other
ice_group,-7.833147994708722,0.055064859068445896,converged,-7.794182273314725,0.3334020152916954,lisu1250,converged,0.03896572139399712,0.11531093810172517,Lisu,Eurasia,Sino-Tibetan,98.94,26.91,766000,other
ice_group,-7.833147994708722,0.055064859068445896,converged,-7.807839196659813,0.21826224456992688,mapu1244,converged,0.02530879804890862,0.11243298161429792,Mapun,Papunesia,Austronesian,118.75,6.09061,42470,other
dance_group,-6.878031501894792,0.049752276779597655,converged,-6.855271344715494,0.20862426033882228,lisu1250,converged,0.0227601571792988,0.1061205055199312,Lisu,Eurasia,Sino-Tibetan,98.94,26.91,766000,other
ice_group,-7.833147994708722,0.055064859068445896,converged,-7.796057974393056,0.3536261021465309,east2387,converged,0.03709002031566566,0.10363593696832736,East Limba,Africa,Atlantic-Congo,-11.7496,9.71107,4600,other
rain_group,-6.300035984080432,0.027205812474801125,converged,-6.280187744069598,0.19263023967290543,kati1270,converged,0.019848240010833962,0.10202550802141311,Katë,Eurasia,Indo-European,70.9826,35.4145,19400,other
taste_group,-6.774695661964866,0.023289593669973036,converged,-6.762432187760088,0.11959194993461292,kate1253,converged,0.012263474204778468,0.10065345614854403,Kâte,Papunesia,Nuclear Trans New Guinea,147.757,-6.4795,6130,other
ice_group,-7.833147994708722,0.055064859068445896,converged,-7.808681520521657,0.2425848791854711,sang1328,converged,0.024466474187065046,0.09835530104040166,Sango,Africa,Atlantic-Congo,20.1702,6.78584,5400,other
snow_group,-7.500141475307639,0.05404147822644328,converged,-7.466561949509684,0.33755760612757874,tang1336,converged,0.03357952579795498,0.09822706718812009,East-Central Tangkhul Naga,Eurasia,Sino-Tibetan,94.3567,25.0489,125000,other
smell_group,-6.383986116324334,0.023005403195962684,converged,-6.365672387590961,0.18914465227113308,izon1238,converged,0.018313728733373225,0.09611559685751894,Izon,Africa,Ijoid,5.51702,5.17986,1000000,other
rain_group,-6.300035984080432,0.027205812474801125,converged,-6.2903032120989355,0.09959592613080819,efik1245,converged,0.009732771981496136,0.09426881231510352,Efik,Africa,Atlantic-Congo,8.38121,4.89379,400000,other
ice_group,-7.833147994708722,0.055064859068445896,converged,-7.801709509420855,0.3334015003105807,yong1270,converged,0.0314384852878673,0.09303579023421425,Narua,Eurasia,Sino-Tibetan,100.9,27.8,47000,other
smell_group,-6.383986116324334,0.023005403195962684,converged,-6.368236192747782,0.16917574823261558,gras1249,converged,0.015749923576552582,0.09224897247376908,Grass Koiari,Papunesia,Koiarian,147.437,-9.51218,1700,other
taste_group,-6.774695661964866,0.023289593669973036,converged,-6.755602601820083,0.21834489303987023,sout2789,converged,0.01909306014478318,0.08695126596101026,Central Dagaare,Africa,Atlantic-Congo,-2.52265,10.4226,700000,other
snow_group,-7.500141475307639,0.05404147822644328,converged,-7.475673289595272,0.2823776280288003,yank1247,converged,0.024468185712366974,0.0851060347280227,Yankunytjatjara,Australia,Pama-Nyungan,133.577,-26.4064,100,hunter-gatherer
snow_group,-7.500141475307639,0.05404147822644328,converged,-7.475829637276519,0.2935149256484856,temi1246,converged,0.024311838031120026,0.08146075443407383,Temiar,Eurasia,Austroasiatic,101.438,4.974,25725,other
snow_group,-7.500141475307639,0.05404147822644328,converged,-7.476160552279596,0.2935148989999458,saur1248,converged,0.023980923028042334,0.08035197712878352,Saurashtra,Eurasia,Indo-European,77.9427,9.99172,310000,other
wind_group,-5.881572899913446,0.026381933148576345,converged,-5.874144857484197,0.09218676709224471,nucl1706,converged,0.007428042429249437,0.07746624895734702,Neo-Mandaic,Eurasia,Afro-Asiatic,48.8128,31.3443,500,other
taste_group,-6.774695661964866,0.023289593669973036,converged,-6.765708470224728,0.12707329816103372,caju1236,converged,0.008987191740138734,0.06956574990835501,Cajun French,North America,Indo-European,268.3867,29.6869,17200,other
taste_group,-6.774695661964866,0.023289593669973036,converged,-6.763884908564966,0.15626390558183795,bara1370,converged,0.010810753399900008,0.06842685733495195,Baram Kayan,Papunesia,Austronesian,114.482,3.51211,4150,other
ice_group,-7.833147994708722,0.055064859068445896,converged,-7.805202923131746,0.4083314859272524,kokb1239,converged,0.027945071576976233,0.06782330054189671,Kok Borok,Eurasia,Sino-Tibetan,91.4673,23.1916,696000,other
snow_group,-7.500141475307639,0.05404147822644328,converged,-7.479009129092869,0.3206664229510521,turk1308,converged,0.02113234621476945,0.06498495069844099,Turkana,Africa,Nilotic,35.7101,4.30688,476200,other
wind_group,-5.881572899913446,0.026381933148576345,converged,-5.872177721756081,0.14607027855272464,dako1258,converged,0.009395178157364903,0.06329549614706745,Dakota,North America,Siouan,263.42,45.86,19280,hunter-gatherer
ice_group,-7.833147994708722,0.055064859068445896,converged,-7.821538521982714,0.20855621972844313,niue1239,converged,0.011609472726007652,0.053821533905727394,Niuean,Papunesia,Austronesian,190.14,-19.06,7950,other
taste_group,-6.774695661964866,0.023289593669973036,converged,-6.7691477333282855,0.11257338953347393,pala1344,converged,0.005547928636580934,0.04826079105763476,Palauan,Papunesia,Austronesian,134.476678,7.34138,14800,other
taste_group,-6.774695661964866,0.023289593669973036,converged,-6.765093899205166,0.21834369366723935,anei1239,converged,0.009601762759700705,0.043727404384554795,Aneityum,Papunesia,Austronesian,169.825,-20.1864,900,other
smell_group,-6.383986116324334,0.023005403195962684,converged,-6.3805981894465,0.07653665982245923,fiji1243,converged,0.0033879268778340688,0.042391801094331966,Fijian,Papunesia,Austronesian,178.33,-18,333440,other
wind_group,-5.881572899913446,0.026381933148576345,converged,-5.877135361471516,0.11969024344908652,wamp1247,converged,0.0044375384419304,0.03620609675122944,Wampar,Papunesia,Austronesian,146.662,-6.67364,5150,other
snow_group,-7.500141475307639,0.05404147822644328,converged,-7.489809722727817,0.32066547559309366,kara1483,converged,0.01033175257982144,0.03177169037447408,Karamojong,Africa,Nilotic,34.2761,2.45157,260000,other
ice_group,-7.833147994708722,0.055064859068445896,converged,-7.826865561673326,0.24258399272186437,thao1240,converged,0.0062824330353956626,0.025255487778761406,Thao,Papunesia,Austronesian,120.93,23.8333,100,other
taste_group,-6.774695661964866,0.023289593669973036,converged,-6.770024605518588,0.20424124493305992,tetu1245,converged,0.004671056446277966,0.022723035307027416,Tetum,Papunesia,Austronesian,125.528,-9.11217,450000,other
dance_group,-6.878031501894792,0.049752276779597655,converged,-6.875424265620124,0.15257730485266002,muna1247,converged,0.002607236274668523,0.016246079559582065,Muna,Papunesia,Austronesian,122.541,-5.40419,300000,other
rain_group,-6.300035984080432,0.027205812474801125,converged,-6.297695118521089,0.15089434465123006,gung1250,converged,0.002340865559342653,0.015267115714494585,Gungu,Africa,Atlantic-Congo,31.4819,2.06754,49000,other
wind_group,-5.881572899913446,0.026381933148576345,converged,-5.880323942400296,0.0825937475022687,clas1252,converged,0.0012489575131500175,0.014404699445115583,Classical Syriac,Eurasia,Afro-Asiatic,42.1432,37.1129,200000,other
taste_group,-6.774695661964866,0.023289593669973036,converged,-6.771489993949399,0.23583727752060601,tang1336,converged,0.003205668015467289,0.0135269132562784,East-Central Tangkhul Naga,Eurasia,Sino-Tibetan,94.3567,25.0489,125000,other
wind_group,-5.881572899913446,0.026381933148576345,converged,-5.880434394624009,0.10861662616997107,west2420,converged,0.0011385052894370418,0.01018571777307308,Western Parbate Kham,Eurasia,Sino-Tibetan,82.7348,28.6521,24500,other
snow_group,-7.500141475307639,0.05404147822644328,converged,-7.499498008813735,0.32066463445917864,sout2789,converged,6.434664939041213e-4,0.0019787611248221508,Central Dagaare,Africa,Atlantic-Congo,-2.52265,10.4226,700000,other
smell_group,-6.383986116324334,0.023005403195962684,converged,-6.3838003637763,0.1043451991759783,efik1245,converged,1.8575254803465668e-4,0.001738423410737095,Efik,Africa,Atlantic-Congo,8.38121,4.89379,400000,other
dance_group,-6.878031501894792,0.049752276779597655,converged,-6.879747653996688,0.21833006946709752,gras1249,converged,-0.0017161521018955739,-0.007663890388280632,Grass Koiari,Papunesia,Koiarian,147.437,-9.51218,1700,other
snow_group,-7.500141475307639,0.05404147822644328,converged,-7.503170502330584,0.33755421816197484,izon1238,converged,-0.0030290270229453853,-0.008860618054413388,Izon,Africa,Ijoid,5.51702,5.17986,1000000,other
taste_group,-6.774695661964866,0.023289593669973036,converged,-6.776234656583002,0.12223909550775644,aleu1260,converged,-0.0015389946181354475,-0.012367567172348042,Aleut,North America,Eskimo-Aleut,185.71,52.1228,490,hunter-gatherer
dance_group,-6.878031501894792,0.049752276779597655,converged,-6.882836251874498,0.23582305424299524,busa1253,converged,-0.0048047499797059245,-0.01993555459959384,Busa,Africa,Mande,4.39929,9.91074,40000,hunter-gatherer
dance_group,-6.878031501894792,0.049752276779597655,converged,-6.883462586414547,0.23582297862870721,atay1247,converged,-0.005431084519754492,-0.022534307856342906,Atayal,Papunesia,Austronesian,121.388,24.5209,84300,other
taste_group,-6.774695661964866,0.023289593669973036,converged,-6.777226177690912,0.10917108854381857,east2295,converged,-0.002530515726046012,-0.02266925601809715,Eastern Yiddish,Eurasia,Indo-European,19.42,51.75,401947,other
rain_group,-6.300035984080432,0.027205812474801125,converged,-6.3036440911615745,0.11557563910654078,surs1246,converged,-0.0036081070811428972,-0.030388022729914654,Sursurunga,Papunesia,Austronesian,152.768,-3.99078,3000,other
ice_group,-7.833147994708722,0.055064859068445896,converged,-7.84345640445305,0.3015704834186875,chan1313,converged,-0.01030840974432845,-0.03362645820268035,Chang Naga,Eurasia,Sino-Tibetan,94.9536,26.4336,60900,other
smell_group,-6.383986116324334,0.023005403195962684,converged,-6.388480079388971,0.1271068137592912,west2630,converged,-0.004493963064637008,-0.03479055113870725,Western Abenaki,North America,Algic,287.3489,46.1381,100,hunter-gatherer
taste_group,-6.774695661964866,0.023289593669973036,converged,-6.781755889037694,0.19622732914527333,cent1990,converged,-0.007060227072827274,-0.0357290660333283,Central Nicobarese,Eurasia,Austroasiatic,93.3921,7.94812,10100,other
taste_group,-6.774695661964866,0.023289593669973036,converged,-6.783433052202799,0.21834140821345863,yaqu1251,converged,-0.00873739023793263,-0.03979137580879097,Yaqui,North America,Uto-Aztecan,249.319,29.9446,14620,other
snow_group,-7.500141475307639,0.05404147822644328,converged,-7.515606672008234,0.3375530951752427,ayiw1239,converged,-0.015465196700595207,-0.04523949259978315,Äiwoo,Papunesia,Austronesian,166.328715,-10.282595,8400,other
smell_group,-6.383986116324334,0.023005403195962684,converged,-6.392377643850029,0.15824619044461194,hmon1264,converged,-0.00839152752569472,-0.052476670517342824,Hmong Njua,Eurasia,Hmong-Mien,101.95,22.5638,210000,other
wind_group,-5.881572899913446,0.026381933148576345,converged,-5.888791389493075,0.12517302563534244,sora1254,converged,-0.00721848957962834,-0.056428397091438084,Sora,Eurasia,Austroasiatic,84.19,19.1213,310000,other
dance_group,-6.878031501894792,0.049752276779597655,converged,-6.8955380950450005,0.26739648095376306,thay1249,converged,-0.017506593150208083,-0.06436588222068605,Thayore,Australia,Pama-Nyungan,142.034,-14.8159,150,hunter-gatherer
smell_group,-6.383986116324334,0.023005403195962684,converged,-6.394754672609677,0.13374217580128678,cham1312,converged,-0.01076855628534279,-0.0793518866382932,Chamorro,Papunesia,Austronesian,144.74474,13.438011,76700,other
wind_group,-5.881572899913446,0.026381933148576345,converged,-5.888892692713037,0.07303343929189818,yaka1277,converged,-0.007319792799591163,-0.09426361816200018,Yakan,Papunesia,Austronesian,122.021729,6.531023,106000,other
wind_group,-5.881572899913446,0.026381933148576345,converged,-5.890559901270688,0.08782699053103168,lepc1244,converged,-0.00898700135724173,-0.09800031735439899,Lepcha,Eurasia,Sino-Tibetan,88.5726,27.0869,52830,other
taste_group,-6.774695661964866,0.023289593669973036,converged,-6.799973533861437,0.24267065616229175,sanb1242,converged,-0.025277871896570936,-0.10368891647122917,San Blas Kuna,South America,Chibchan,281.6925,9.15686,57100,other
dance_group,-6.878031501894792,0.049752276779597655,converged,-6.902934152196283,0.21832749899272924,paam1238,converged,-0.02490265030149086,-0.11121002511225328,Paama,Papunesia,Austronesian,168.23693,-16.47548,6000,other
smell_group,-6.383986116324334,0.023005403195962684,converged,-6.403290335513508,0.16917075904200612,saur1248,converged,-0.019304219189173466,-0.11307013279255547,Saurashtra,Eurasia,Indo-European,77.9427,9.99172,310000,other
rain_group,-6.300035984080432,0.027205812474801125,converged,-6.31970975705144,0.17165290444956458,lush1249,converged,-0.01967377297100814,-0.11320070407520304,Mizo,Eurasia,Sino-Tibetan,92.6247,22.6138,541750,other
ice_group,-7.833147994708722,0.055064859068445896,converged,-7.865217482840686,0.27740332732985945,kyak1244,converged,-0.032069488131964086,-0.11339357472049626,Kyaka,Papunesia,Nuclear Trans New Guinea,144.119,-5.52462,15400,other
snow_group,-7.500141475307639,0.05404147822644328,converged,-7.531703190764645,0.263576995970635,pohn1238,converged,-0.03156171545700648,-0.11730360808849445,Pohnpeian,Papunesia,Austronesian,158.223,6.87212,29000,other
rain_group,-6.300035984080432,0.027205812474801125,converged,-6.316737946544947,0.13496166631346349,west2420,converged,-0.016701962464515496,-0.12131313136931622,Western Parbate Kham,Eurasia,Sino-Tibetan,82.7348,28.6521,24500,other
ice_group,-7.833147994708722,0.055064859068445896,converged,-7.882799976599929,0.37803574701462656,yaqu1251,converged,-0.04965198189120734,-0.1299704757209824,Yaqui,North America,Uto-Aztecan,249.319,29.9446,14620,other
taste_group,-6.774695661964866,0.023289593669973036,converged,-6.80649263576012,0.2086297498436952,mali1284,converged,-0.03179697379525326,-0.1514677891739686,Mali,Papunesia,Baining,152.214,-4.71826,2200,other
rain_group,-6.300035984080432,0.027205812474801125,converged,-6.309713561308577,0.05759583316533674,anci1244,converged,-0.009677577228145218,-0.1519290402219919,Ancient Hebrew,Eurasia,Afro-Asiatic,35.1725,31.7761,40000,other
snow_group,-7.500141475307639,0.05404147822644328,converged,-7.555628694389197,0.33754957450725925,bini1246,converged,-0.055487219081558514,-0.16231537257697615,Bini,Africa,Atlantic-Congo,5.70426,6.40701,1000000,other
wind_group,-5.881572899913446,0.026381933148576345,converged,-5.893873442853109,0.07028290089381752,mamp1244,converged,-0.012300542939662762,-0.16385158051204393,Mampruli,Africa,Atlantic-Congo,-0.74675,10.3884,220000,other
wind_group,-5.881572899913446,0.026381933148576345,converged,-5.8982627200923075,0.09819252152399333,anda1287,converged,-0.016689820178861225,-0.16414893274478418,Andalusian Arabic,Eurasia,Afro-Asiatic,-5.2,36.54,500000,other
smell_group,-6.383986116324334,0.023005403195962684,converged,-6.411213123971741,0.1623546338476578,sora1254,converged,-0.027227007647407042,-0.16604218394478817,Sora,Eurasia,Austroasiatic,84.19,19.1213,310000,other
taste_group,-6.774695661964866,0.023289593669973036,converged,-6.798319384285448,0.13743716576042506,raro1241,converged,-0.02362372232058174,-0.169471436227464,Southern Cook Island Maori,Papunesia,Austronesian,200.22,-21.23,32300,other
wind_group,-5.881572899913446,0.026381933148576345,converged,-5.898061243714961,0.09337836854844143,yiry1245,converged,-0.016488343801515093,-0.1699240061144101,Yir-Yoront,Australia,Pama-Nyungan,141.767,-15.1117,100,hunter-gatherer
rain_group,-6.300035984080432,0.027205812474801125,converged,-6.325271509974579,0.13748347969275806,tuva1244,converged,-0.025235525894147237,-0.1800615632180734,Tuvalu,Papunesia,Austronesian,179.198088,-8.520813,12580,hunter-gatherer
dance_group,-6.878031501894792,0.049752276779597655,converged,-6.905753276312919,0.14292869668418676,monn1252,converged,-0.02772177441812662,-0.1831750389995734,Mon,Eurasia,Austroasiatic,98.122465,15.49394,851000,other
snow_group,-7.500141475307639,0.05404147822644328,converged,-7.56461036945081,0.3375488035724984,tele1256,converged,-0.06446889414317081,-0.18858966169175917,Telefol,Papunesia,Nuclear Trans New Guinea,141.731,-5.07444,5400,other
wind_group,-5.881572899913446,0.026381933148576345,converged,-5.906746378462619,0.13036591453667376,tain1252,converged,-0.0251734785491724,-0.18926208818314894,Tai Nüa,Eurasia,Tai-Kadai,99.722,21.7837,647400,other
snow_group,-7.500141475307639,0.05404147822644328,converged,-7.559423163902965,0.2935084664205501,rabh1238,converged,-0.05928168859532601,-0.19863713556951446,Rabha,Eurasia,Sino-Tibetan,91.1689,25.8248,50000,other
smell_group,-6.383986116324334,0.023005403195962684,converged,-6.405988120019751,0.10729975412632865,clas1252,converged,-0.02200200369541694,-0.20049528396436508,Classical Syriac,Eurasia,Afro-Asiatic,42.1432,37.1129,200000,other
dance_group,-6.878031501894792,0.049752276779597655,converged,-6.904634472299291,0.120446219058892,pala1344,converged,-0.02660297040449855,-0.20414008318837773,Palauan,Papunesia,Austronesian,134.476678,7.34138,14800,other
taste_group,-6.774695661964866,0.023289593669973036,converged,-6.804660712642016,0.14441755128672965,tuwa1243,converged,-0.029965050677149385,-0.20484244864954043,Tuwali Ifugao,Papunesia,Austronesian,121.113,16.6646,30000,other
snow_group,-7.500141475307639,0.05404147822644328,converged,-7.570649217123366,0.33754828911117,baba1267,converged,-0.07050774181572717,-0.20625529741258253,Baba Malay,Eurasia,Austronesian,103.076,1.75414,15000,other
taste_group,-6.774695661964866,0.023289593669973036,converged,-6.817620147029838,0.19622341299239346,yape1248,converged,-0.042924485064971485,-0.21722841607940813,Yapese,Papunesia,Austronesian,138.125,9.55811,6590,other
taste_group,-6.774695661964866,0.023289593669973036,converged,-6.812192289448879,0.16675833139718474,kach1280,converged,-0.03749662748401228,-0.22269474074983242,Southern Jinghpaw,Eurasia,Sino-Tibetan,97.3278,25.4634,940000,other
smell_group,-6.383986116324334,0.023005403195962684,converged,-6.420287209827195,0.1602584602731125,naro1249,converged,-0.03630109350286048,-0.22421746603544324,Naro,Africa,Khoe-Kwadi,20.7458,-22.0939,14000,hunter-gatherer
snow_group,-7.500141475307639,0.05404147822644328,converged,-7.577848024000544,0.33754767987501116,busa1253,converged,-0.07770654869290539,-0.22731426512227734,Busa,Africa,Mande,4.39929,9.91074,40000,hunter-gatherer
taste_group,-6.774695661964866,0.023289593669973036,converged,-6.822812906373616,0.20862788331807858,vure1239,converged,-0.04811724440874965,-0.22921291445410918,Vurës,Papunesia,Austronesian,167.451412,-13.905677,1050,other
wind_group,-5.881572899913446,0.026381933148576345,converged,-5.91568357864702,0.1388619138640059,yeyi1239,converged,-0.03411067873357343,-0.24132784090591558,Yeyi,Africa,Atlantic-Congo,23.6088,-18.9178,24000,other
dance_group,-6.878031501894792,0.049752276779597655,converged,-6.928823445016985,0.20422405512992298,nyol1238,converged,-0.05079194312219304,-0.24163978331079491,Nyole,Africa,Atlantic-Congo,33.9181,0.88072,341000,other
dance_group,-6.878031501894792,0.049752276779597655,converged,-6.934591932937152,0.22371561418561522,west2615,converged,-0.056560431042359305,-0.24679363719825378,Western Apache,North America,Athabaskan-Eyak-Tlingit,249.877,33.8574,12700,hunter-gatherer
taste_group,-6.774695661964866,0.023289593669973036,converged,-6.823746383041253,0.19622275797044259,hmon1264,converged,-0.04905072107638642,-0.24823234350948115,Hmong Njua,Eurasia,Hmong-Mien,101.95,22.5638,210000,other
taste_group,-6.774695661964866,0.023289593669973036,converged,-6.833690040960566,0.23582913749157053,dako1258,converged,-0.058994378995699925,-0.24894627955242127,Dakota,North America,Siouan,263.42,45.86,19280,hunter-gatherer
smell_group,-6.383986116324334,0.023005403195962684,converged,-6.42639855769781,0.16680146792918027,nung1290,converged,-0.042412441373476106,-0.25188458413810094,Wubuy,Australia,Gunwinyguan,135.753,-14.2623,360,hunter-gatherer
wind_group,-5.881572899913446,0.026381933148576345,converged,-5.915232927383486,0.12516851357231162,yape1248,converged,-0.03366002747003982,-0.26313634337163305,Yapese,Papunesia,Austronesian,138.125,9.55811,6590,other
taste_group,-6.774695661964866,0.023289593669973036,converged,-6.824955798712488,0.18908485669084518,boko1267,converged,-0.050260136747621864,-0.2638136998362408,Bokobaru,Africa,Mande,3.80058,9.52724,30000,other
rain_group,-6.300035984080432,0.027205812474801125,converged,-6.3289283554529145,0.10550323565801188,kala1397,converged,-0.028892371372482906,-0.2651782551150696,Kalam,Papunesia,Nuclear Trans New Guinea,144.585,-5.25216,15000,other
rain_group,-6.300035984080432,0.027205812474801125,converged,-6.3492555347063355,0.18273369042977242,male1292,converged,-0.049219550625903885,-0.26641478101821087,Malecite-Passamaquoddy,North America,Algic,292.59195,45.494475,2060,hunter-gatherer
ice_group,-7.833147994708722,0.055064859068445896,converged,-7.918810587377655,0.3162852896234375,yoga1237,converged,-0.08566259266893272,-0.26682602602207606,Yogad,Papunesia,Austronesian,121.718,16.7015,16000,other
rain_group,-6.300035984080432,0.027205812474801125,converged,-6.35581826697514,0.20430131077518868,thay1249,converged,-0.055782282894708324,-0.2706501126478508,Thayore,Australia,Pama-Nyungan,142.034,-14.8159,150,hunter-gatherer
dance_group,-6.878031501894792,0.049752276779597655,converged,-6.9173021547890174,0.1361501417358006,efik1245,converged,-0.039270652894225044,-0.2709148891782183,Efik,Africa,Atlantic-Congo,8.38121,4.89379,400000,other
wind_group,-5.881572899913446,0.026381933148576345,converged,-5.9109144643687905,0.10439836499887663,magu1243,converged,-0.029341564455344304,-0.27248802508318587,Maguindanao,Papunesia,Austronesian,124.509,6.9453,1000000,other
smell_group,-6.383986116324334,0.023005403195962684,converged,-6.429283463209671,0.16453157156327972,gaaa1244,converged,-0.04529734688533704,-0.27265854741632434,Ga,Africa,Atlantic-Congo,-0.18598,5.65488,600000,other
wind_group,-5.881572899913446,0.026381933148576345,converged,-5.9145835027761455,0.11562582109853745,wikm1247,converged,-0.0330106028626993,-0.27834177103198376,Wik-Mungkan,Australia,Pama-Nyungan,141.81611,-13.98051,840,hunter-gatherer
taste_group,-6.774695661964866,0.023289593669973036,converged,-6.832402943187956,0.20423416551704884,nung1290,converged,-0.05770728122308988,-0.2807350914471121,Wubuy,Australia,Gunwinyguan,135.753,-14.2623,360,hunter-gatherer
ice_group,-7.833147994708722,0.055064859068445896,converged,-7.872503542311057,0.12601216230791443,iban1264,converged,-0.039355547602335506,-0.28618467425039557,Iban,Papunesia,Austronesian,112.934,2.09041,694400,other
taste_group,-6.774695661964866,0.023289593669973036,converged,-6.8324513256583055,0.19622183410242572,uppe1395,converged,-0.0577556636934391,-0.2922870449011693,Upper Sorbian,Eurasia,Indo-European,14.4098,51.2403,18000,other
rain_group,-6.300035984080432,0.027205812474801125,converged,-6.323072487730131,0.07378709175382213,lako1247,converged,-0.023036503649699114,-0.2929257542692673,Lakota,North America,Siouan,256.05,46.3699,6189,hunter-gatherer
smell_group,-6.383986116324334,0.023005403195962684,converged,-6.440433763937877,0.18913295730040783,busa1253,converged,-0.056447647613542706,-0.29627117521258345,Busa,Africa,Mande,4.39929,9.91074,40000,hunter-gatherer
smell_group,-6.383986116324334,0.023005403195962684,converged,-6.416162978977478,0.10608640317685257,bada1257,converged,-0.032176862653143345,-0.29641842060730045,Badaga,Eurasia,Dravidian,76.5974,11.3094,245000,other
smell_group,-6.383986116324334,0.023005403195962684,converged,-6.421167836497501,0.12136640901699178,sang1328,converged,-0.03718172017316679,-0.30099943178864025,Sango,Africa,Atlantic-Congo,20.1702,6.78584,5400,other
rain_group,-6.300035984080432,0.027205812474801125,converged,-6.343952164993578,0.14298261233299517,yuca1254,converged,-0.043916180913146086,-0.3017301432775783,Yucatec Maya,North America,Mayan,271.0433,18.7757,706000,other
snow_group,-7.500141475307639,0.05404147822644328,converged,-7.599747826438833,0.32065639278596775,sout2832,converged,-0.09960635113119398,-0.3063129211054353,Southwestern Dinka,Africa,Nilotic,28.0613,8.81115,450000,other
smell_group,-6.383986116324334,0.023005403195962684,converged,-6.441881043080358,0.18584322344309692,anei1239,converged,-0.057894926756024034,-0.3091658366934673,Aneityum,Papunesia,Austronesian,169.825,-20.1864,900,other
ice_group,-7.833147994708722,0.055064859068445896,converged,-7.952062222869646,0.37803097800086455,kuan1247,converged,-0.11891422816092412,-0.31127719659553976,Kuanyama,Africa,Atlantic-Congo,16.58,-17.7176,668000,other
ice_group,-7.833147994708722,0.055064859068445896,converged,-7.947546006918846,0.3536158820422552,caro1242,converged,-0.11439801221012402,-0.3196568678356664,Carolinian,Papunesia,Austronesian,145.765,15.205,3000,other
wind_group,-5.881572899913446,0.026381933148576345,converged,-5.907380444290983,0.07505501016408118,mamb1296,converged,-0.025807544377537184,-0.3243920349357192,Mambwe-Lungu,Africa,Atlantic-Congo,31.2269,-8.86817,674000,other
smell_group,-6.383986116324334,0.023005403195962684,converged,-6.4376253259703615,0.16235116285435008,yape1248,converged,-0.0536392096460272,-0.32712218309431784,Yapese,Papunesia,Austronesian,138.125,9.55811,6590,other
dance_group,-6.878031501894792,0.049752276779597655,converged,-6.911635740245682,0.08948725619456895,samo1305,converged,-0.03360423835088966,-0.32820554789896095,Samoan,Papunesia,Austronesian,188.17,-13.92,306840,other
taste_group,-6.774695661964866,0.023289593669973036,converged,-6.836116051842517,0.18267222637346583,jica1244,converged,-0.061420389877650194,-0.33353296547785005,Jicarilla Apache,North America,Athabaskan-Eyak-Tlingit,252.993,36.8079,680,hunter-gatherer
snow_group,-7.500141475307639,0.05404147822644328,converged,-7.6144027493409645,0.3375446530081294,anei1239,converged,-0.11426127403332575,-0.33425039542630447,Aneityum,Papunesia,Austronesian,169.825,-20.1864,900,other
snow_group,-7.500141475307639,0.05404147822644328,converged,-7.6144027493409645,0.3375446530081294,sema1266,converged,-0.11426127403332575,-0.33425039542630447,Semai,Eurasia,Austroasiatic,101.477,4.13257,43900,other
snow_group,-7.500141475307639,0.05404147822644328,converged,-7.601410057666493,0.2935054201755177,naro1249,converged,-0.10126858235885461,-0.3393274302972376,Naro,Africa,Khoe-Kwadi,20.7458,-22.0939,14000,hunter-gatherer
taste_group,-6.774695661964866,0.023289593669973036,converged,-6.851079101791112,0.22372508952679324,lush1249,converged,-0.07638343982624551,-0.3395815100005011,Mizo,Eurasia,Sino-Tibetan,92.6247,22.6138,541750,other
smell_group,-6.383986116324334,0.023005403195962684,converged,-6.437712624586632,0.15629865591146824,kwom1262,converged,-0.0537265082622973,-0.34007853072992333,Kwoma,Papunesia,Sepik,142.664,-4.08721,3000,hunter-gatherer
rain_group,-6.300035984080432,0.027205812474801125,converged,-6.3578422665095236,0.1668110293855821,mali1284,converged,-0.057806282429091915,-0.3420186186535168,Mali,Papunesia,Baining,152.214,-4.71826,2200,other
ice_group,-7.833147994708722,0.055064859068445896,converged,-7.974934231867023,0.4083184997091724,baba1267,converged,-0.14178623715830074,-0.3441290507300639,Baba Malay,Eurasia,Austronesian,103.076,1.75414,15000,other
dance_group,-6.878031501894792,0.049752276779597655,converged,-6.959098572121184,0.22952467506888968,pulu1242,converged,-0.08106707022639181,-0.34517925647343856,Puluwatese,Papunesia,Austronesian,149.2005,7.35695,1360,other
wind_group,-5.881572899913446,0.026381933148576345,converged,-5.92871752373198,0.13148107878706392,lisu1250,converged,-0.047144623818534015,-0.3515585914951594,Lisu,Eurasia,Sino-Tibetan,98.94,26.91,766000,other
ice_group,-7.833147994708722,0.055064859068445896,converged,-7.961195849080468,0.35361503493115,cent1990,converged,-0.12804785437174626,-0.3577988026499474,Central Nicobarese,Eurasia,Austroasiatic,93.3921,7.94812,10100,other
wind_group,-5.881572899913446,0.026381933148576345,converged,-5.934624209931311,0.14304603365636018,yaqu1251,converged,-0.05305131001786467,-0.36471784992157674,Yaqui,North America,Uto-Aztecan,249.319,29.9446,14620,other
smell_group,-6.383986116324334,0.023005403195962684,converged,-6.4519437964391795,0.18271813025002065,nung1283,converged,-0.06795768011484515,-0.36901293186086276,Nung,Eurasia,Tai-Kadai,104.286,20.8965,856000,other
ice_group,-7.833147994708722,0.055064859068445896,converged,-7.888893446615952,0.1373863105452324,tzot1259,converged,-0.05574545190722979,-0.3766314897452852,Tzotzil,North America,Mayan,267.26120000000003,16.6362,4230,other
snow_group,-7.500141475307639,0.05404147822644328,converged,-7.63181344036507,0.33754324976944067,bard1255,converged,-0.13167196505743117,-0.38518373921002236,Bardi,Australia,Nyulnyulan,122.906,-16.6274,380,hunter-gatherer
ice_group,-7.833147994708722,0.055064859068445896,converged,-7.980463507344459,0.3780291159385157,akha1245,converged,-0.14731551263573728,-0.3856240054514682,Akha,Eurasia,Sino-Tibetan,100.964,21.2309,563960,other
taste_group,-6.774695661964866,0.023289593669973036,converged,-6.8695917845564525,0.2358246643444754,tele1256,converged,-0.09489612259158609,-0.4004530743496349,Telefol,Papunesia,Nuclear Trans New Guinea,141.731,-5.07444,5400,other
ice_group,-7.833147994708722,0.055064859068445896,converged,-7.939230116739696,0.2582449089624768,nucl1706,converged,-0.10608212203097445,-0.4017496432716636,Neo-Mandaic,Eurasia,Afro-Asiatic,48.8128,31.3443,500,other
wind_group,-5.881572899913446,0.026381933148576345,converged,-5.940065984026103,0.14160733445285978,nung1283,converged,-0.058493084112656746,-0.4060781908235462,Nung,Eurasia,Tai-Kadai,104.286,20.8965,856000,other
snow_group,-7.500141475307639,0.05404147822644328,converged,-7.585733577991212,0.20310461674390048,khot1251,converged,-0.08559210268357287,-0.40724928211794215,Khotanese,Eurasia,Indo-European,79.04,38.33,83000,other
smell_group,-6.383986116324334,0.023005403195962684,converged,-6.463607090949767,0.19260006174452968,tele1256,converged,-0.07962097462543305,-0.41048266359223207,Telefol,Papunesia,Nuclear Trans New Guinea,141.731,-5.07444,5400,other
dance_group,-6.878031501894792,0.049752276779597655,converged,-6.978317289098722,0.23581205678771183,yeyi1239,converged,-0.10028578720393,-0.4161178124985648,Yeyi,Africa,Atlantic-Congo,23.6088,-18.9178,24000,other
wind_group,-5.881572899913446,0.026381933148576345,converged,-5.941460411082803,0.14021189784902477,east2387,converged,-0.05988751116935642,-0.41975572578220316,East Limba,Africa,Atlantic-Congo,-11.7496,9.71107,4600,other
snow_group,-7.500141475307639,0.05404147822644328,converged,-7.646909298044346,0.3375420527120936,huaa1248,converged,-0.14676782273670685,-0.4293455650107022,East Taa,Africa,Tuu,20.79583,-24.20022,4200,hunter-gatherer
wind_group,-5.881572899913446,0.026381933148576345,converged,-5.927203765179206,0.10219802728861788,klam1254,converged,-0.045630865265759546,-0.43232213305820993,Klamath-Modoc,North America,isolate_klam1254,238.296,42.5861,100,hunter-gatherer
dance_group,-6.878031501894792,0.049752276779597655,converged,-6.941785027569903,0.1387420506167831,caju1236,converged,-0.06375352567511072,-0.4325415739340632,Cajun French,North America,Indo-European,268.3867,29.6869,17200,other
smell_group,-6.383986116324334,0.023005403195962684,converged,-6.459075610569079,0.17163283688278438,tain1252,converged,-0.07508949424474487,-0.43362278590822195,Tai Nüa,Eurasia,Tai-Kadai,99.722,21.7837,647400,other
snow_group,-7.500141475307639,0.05404147822644328,converged,-7.630223662343703,0.2935034024529174,kosa1249,converged,-0.13008218703606467,-0.4358780060369349,Kosarek Yale,Papunesia,Nuclear Trans New Guinea,139.645,-4.06603,2300,other
taste_group,-6.774695661964866,0.023289593669973036,converged,-6.872853226975404,0.22372254232679936,yeyi1239,converged,-0.09815756501053752,-0.4363886944559876,Yeyi,Africa,Atlantic-Congo,23.6088,-18.9178,24000,other
smell_group,-6.383986116324334,0.023005403195962684,converged,-6.467532341368942,0.18912892938872944,sout2789,converged,-0.08354622504460796,-0.4385099963223715,Central Dagaare,Africa,Atlantic-Congo,-2.52265,10.4226,700000,other
wind_group,-5.881572899913446,0.026381933148576345,converged,-5.942178805619058,0.13501692176949012,coma1245,converged,-0.06060590570561164,-0.44054512296302933,Comanche,North America,Uto-Aztecan,259,34,200,hunter-gatherer
smell_group,-6.383986116324334,0.023005403195962684,converged,-6.455359814652584,0.1602539710667645,agus1235,converged,-0.0713736983282498,-0.44085914456318476,Agusan Manobo,Papunesia,Austronesian,125.742,8.62731,60000,other
rain_group,-6.300035984080432,0.027205812474801125,converged,-6.383040543056904,0.18585218238324117,bini1246,converged,-0.08300455897647208,-0.44190644370527676,Bini,Africa,Atlantic-Congo,5.70426,6.40701,1000000,other
taste_group,-6.774695661964866,0.023289593669973036,converged,-6.872410680347778,0.2133111233229434,casi1235,converged,-0.09771501838291119,-0.45538068328737036,Casiguran-Nagtipunan Agta,Papunesia,Austronesian,121.878,16.2176,610,hunter-gatherer
smell_group,-6.383986116324334,0.023005403195962684,converged,-6.4373936909418985,0.11479962948472791,raro1241,converged,-0.05340757461756418,-0.4561551520303354,Southern Cook Island Maori,Papunesia,Austronesian,200.22,-21.23,32300,other
snow_group,-7.500141475307639,0.05404147822644328,converged,-7.63680622858486,0.2935029495964953,ladi1251,converged,-0.1366647532772216,-0.45793548224315883,Ladino,Eurasia,Indo-European,28.6632,41.205,8000,other
snow_group,-7.500141475307639,0.05404147822644328,converged,-7.613517400495673,0.2386809245006678,yaga1260,converged,-0.11337592518803419,-0.46328376071534266,Yagaria,Papunesia,Nuclear Trans New Guinea,145.388,-6.32432,21100,other
snow_group,-7.500141475307639,0.05404147822644328,converged,-7.644784282029549,0.306142204582141,gaaa1244,converged,-0.14464280672190988,-0.46527578057567276,Ga,Africa,Atlantic-Congo,-0.18598,5.65488,600000,other
ice_group,-7.833147994708722,0.055064859068445896,converged,-7.983610580604574,0.31628168070098983,bang1354,converged,-0.15046258589585193,-0.46867339910863687,Bobangi,Africa,Atlantic-Congo,17.227,-0.87437,111300,other
rain_group,-6.300035984080432,0.027205812474801125,converged,-6.351215311414612,0.10550116519484827,mapu1244,converged,-0.05117932733418051,-0.46973972065141056,Mapun,Papunesia,Austronesian,118.75,6.09061,42470,other
taste_group,-6.774695661964866,0.023289593669973036,converged,-6.871350597090869,0.2042299639498489,sora1254,converged,-0.09665493512600243,-0.4702176664618782,Sora,Eurasia,Austroasiatic,84.19,19.1213,310000,other
taste_group,-6.774695661964866,0.023289593669973036,converged,-6.859090107003388,0.17686946720751937,west2420,converged,-0.08439444503852123,-0.47307303931567535,Western Parbate Kham,Eurasia,Sino-Tibetan,82.7348,28.6521,24500,other
dance_group,-6.878031501894792,0.049752276779597655,converged,-6.940734024051818,0.11958066971460449,tong1325,converged,-0.06270252215702588,-0.4841233204106116,Tonga,Papunesia,Austronesian,184.75,-21.17,102290,other
ice_group,-7.833147994708722,0.055064859068445896,converged,-8.018249083090492,0.3780267191833483,casi1235,converged,-0.18510108838176986,-0.4845373375364509,Casiguran-Nagtipunan Agta,Papunesia,Austronesian,121.878,16.2176,610,hunter-gatherer
smell_group,-6.383986116324334,0.023005403195962684,converged,-6.4779974783068734,0.19259791986648592,yana1271,converged,-0.09401136198253912,-0.48467702861179995,Yana,North America,isolate_yana1271,238.392,39.2769,1500,hunter-gatherer
wind_group,-5.881572899913446,0.026381933148576345,converged,-5.943485592284923,0.12419729185475081,agus1235,converged,-0.06191269237147701,-0.48762285809363454,Agusan Manobo,Papunesia,Austronesian,125.742,8.62731,60000,other
ice_group,-7.833147994708722,0.055064859068445896,converged,-8.053251153626045,0.4472847126627899,tang1336,converged,-0.2201031589173228,-0.4884002243771867,East-Central Tangkhul Naga,Eurasia,Sino-Tibetan,94.3567,25.0489,125000,other
wind_group,-5.881572899913446,0.026381933148576345,converged,-5.947193815919895,0.1303589026348747,caro1242,converged,-0.06562091600644848,-0.493384071716122,Carolinian,Papunesia,Austronesian,145.765,15.205,3000,other
taste_group,-6.774695661964866,0.023289593669973036,converged,-6.8508649550604,0.152579261934177,corn1251,converged,-0.07616929309553377,-0.49349549380371727,Cornish,Eurasia,Indo-European,-4.18619,50.5233,468425,other
smell_group,-6.383986116324334,0.023005403195962684,converged,-6.45168273146163,0.13373600501945865,bara1370,converged,-0.06769661513729552,-0.4988686254337602,Baram Kayan,Papunesia,Austronesian,114.482,3.51211,4150,other
snow_group,-7.500141475307639,0.05404147822644328,converged,-7.673282527246224,0.3375400042584121,yeyi1239,converged,-0.1731410519385852,-0.5064991852191558,Yeyi,Africa,Atlantic-Congo,23.6088,-18.9178,24000,other
smell_group,-6.383986116324334,0.023005403195962684,converged,-6.479039191047291,0.18583783121267194,lush1249,converged,-0.09505307472295677,-0.5076092992160375,Mizo,Eurasia,Sino-Tibetan,92.6247,22.6138,541750,other
snow_group,-7.500141475307639,0.05404147822644328,converged,-7.67957575708107,0.3375395233827735,east2387,converged,-0.1794342817734309,-0.5249098509104401,East Limba,Africa,Atlantic-Congo,-11.7496,9.71107,4600,other
ice_group,-7.833147994708722,0.055064859068445896,converged,-7.965014386400564,0.24257775162580586,monn1252,converged,-0.1318663916918421,-0.5301181103393507,Mon,Eurasia,Austroasiatic,98.122465,15.49394,851000,other
taste_group,-6.774695661964866,0.023289593669973036,converged,-6.826893783815167,0.09454232915474113,mush1238,converged,-0.05219812185030026,-0.536087468777917,Mushungulu,Africa,Atlantic-Congo,42.6626,0.00689,23000,other
taste_group,-6.774695661964866,0.023289593669973036,converged,-6.8667844638673685,0.16911887812135618,taku1257,converged,-0.09208880190250213,-0.5394301582328264,Takuu,Papunesia,Austronesian,157.032085,-4.773094,1750,other
ice_group,-7.833147994708722,0.055064859068445896,converged,-8.040768994444525,0.3780253332107336,tain1252,converged,-0.20762099973580295,-0.5434894439566967,Tai Nüa,Eurasia,Tai-Kadai,99.722,21.7837,647400,other
ice_group,-7.833147994708722,0.055064859068445896,converged,-7.961645433681052,0.2294557172203447,bada1257,converged,-0.1284974389723299,-0.5445488008864808,Badaga,Eurasia,Dravidian,76.5974,11.3094,245000,other
dance_group,-6.878031501894792,0.049752276779597655,converged,-6.9557628240614084,0.1336942893055199,aleu1260,converged,-0.07773132216661605,-0.5449036227352617,Aleut,North America,Eskimo-Aleut,185.71,52.1228,490,hunter-gatherer
ice_group,-7.833147994708722,0.055064859068445896,converged,-7.949694330287779,0.20416014881970868,yaka1277,converged,-0.11654633557905747,-0.5511619975007219,Yakan,Papunesia,Austronesian,122.021729,6.531023,106000,other
taste_group,-6.774695661964866,0.023289593669973036,converged,-6.899723107287405,0.2237194744699891,wole1240,converged,-0.12502744532253818,-0.5558542919777357,Woleaian,Papunesia,Austronesian,143.916,7.37957,1630,other
ice_group,-7.833147994708722,0.055064859068445896,converged,-8.062642875694529,0.40831260464136965,nung1283,converged,-0.22949488098580684,-0.5570143970358074,Nung,Eurasia,Tai-Kadai,104.286,20.8965,856000,other
ice_group,-7.833147994708722,0.055064859068445896,converged,-7.981505496335043,0.258243004271072,mbuk1240,converged,-0.14835750162632078,-0.5618571037174493,Mbukushu,Africa,Atlantic-Congo,22.5026,-17.6827,35100,other
rain_group,-6.300035984080432,0.027205812474801125,converged,-6.398692805835951,0.1716411896328248,akha1245,converged,-0.09865682175551971,-0.5676981867297988,Akha,Eurasia,Sino-Tibetan,100.964,21.2309,563960,other
rain_group,-6.300035984080432,0.027205812474801125,converged,-6.391833357792822,0.15824626242679596,boko1266,converged,-0.0917973737123905,-0.5717045554732328,Boko,Africa,Mande,3.71771,10.5189,110000,other
wind_group,-5.881572899913446,0.026381933148576345,converged,-5.947099761678963,0.11125620599640315,nort2952,converged,-0.06552686176551692,-0.5730809379887709,Northeast Maidu,North America,Maiduan,239.355,40.4102,100,hunter-gatherer
taste_group,-6.774695661964866,0.023289593669973036,converged,-6.877108612506066,0.17416738049528727,cree1270,converged,-0.1024129505411997,-0.5828268739679999,Creek,North America,Muskogean,272.5,31,4300,other
taste_group,-6.774695661964866,0.023289593669973036,converged,-6.899768927352019,0.21330814447826002,lisu1250,converged,-0.1250732653871527,-0.5828861930791942,Lisu,Eurasia,Sino-Tibetan,98.94,26.91,766000,other
taste_group,-6.774695661964866,0.023289593669973036,converged,-6.909280431138098,0.2295302384167568,nung1283,converged,-0.13458476917323203,-0.5833535087565771,Nung,Eurasia,Tai-Kadai,104.286,20.8965,856000,other
snow_group,-7.500141475307639,0.05404147822644328,converged,-7.700137349355283,0.33753797316493384,wole1240,converged,-0.1999958740476444,-0.5850625280985108,Woleaian,Papunesia,Austronesian,143.916,7.37957,1630,other
smell_group,-6.383986116324334,0.023005403195962684,converged,-6.4860262748779025,0.17162926839116618,nand1266,converged,-0.10204015855356818,-0.5892680728551218,Nandi,Africa,Nilotic,35.408478,0.793737,938000,other
snow_group,-7.500141475307639,0.05404147822644328,converged,-7.7019995026733215,0.33753783433737766,kuan1247,converged,-0.2018580273656827,-0.5905102579223622,Kuanyama,Africa,Atlantic-Congo,16.58,-17.7176,668000,other
ice_group,-7.833147994708722,0.055064859068445896,converged,-8.077550631583435,0.40831165306361905,yeyi1239,converged,-0.24440263687471298,-0.5931988479558543,Yeyi,Africa,Atlantic-Congo,23.6088,-18.9178,24000,other
ice_group,-7.833147994708722,0.055064859068445896,converged,-7.99012526162576,0.25824262482257476,hmon1333,converged,-0.15697726691703817,-0.5945025733881854,Hmong Daw,Eurasia,Hmong-Mien,103.164,21.5461,435400,other
snow_group,-7.500141475307639,0.05404147822644328,converged,-7.652247981995494,0.2482375939626319,sanj1284,converged,-0.15210650668785508,-0.5987221005151198,Western Tlacolula Valley Zapotec,North America,Otomanguean,263.4033,17.0332,28000,other
taste_group,-6.774695661964866,0.023289593669973036,converged,-6.875511253133355,0.16448385862283602,buli1254,converged,-0.10081559116848826,-0.6068677379502455,Buli,Africa,Atlantic-Congo,-1.26748,10.5763,150000,other
snow_group,-7.500141475307639,0.05404147822644328,converged,-7.70816509767681,0.3375373765191841,pulu1242,converged,-0.20802362236917116,-0.6085477350195585,Puluwatese,Papunesia,Austronesian,149.2005,7.35695,1360,other
dance_group,-6.878031501894792,0.049752276779597655,converged,-6.997987653462962,0.1890685551534972,mara1385,converged,-0.11995615156816974,-0.613570740078924,Marra,Australia,Mangarrayi-Maran,134.865,-14.7927,100,hunter-gatherer
ice_group,-7.833147994708722,0.055064859068445896,converged,-8.03057225642401,0.3162792075790014,sout2668,converged,-0.19742426171528837,-0.614958206920403,Southern Hindko,Eurasia,Indo-European,72.1702,33.2122,625000,other
rain_group,-6.300035984080432,0.027205812474801125,converged,-6.40174261572258,0.1623559008871504,cent1990,converged,-0.10170663164214844,-0.6178284072340756,Central Nicobarese,Eurasia,Austroasiatic,93.3921,7.94812,10100,other
rain_group,-6.300035984080432,0.027205812474801125,converged,-6.386815788980642,0.13747614610074393,geda1237,converged,-0.08677980490021042,-0.6192266221890965,Gedaged,Papunesia,Austronesian,145.781,-5.18175,6950,other
smell_group,-6.383986116324334,0.023005403195962684,converged,-6.466671775138528,0.1302900539874815,mbay1241,converged,-0.08268565881419399,-0.6249600770531287,Mbay,Africa,Central Sudanic,15.7328,8.23066,88300,other
wind_group,-5.881572899913446,0.026381933148576345,converged,-5.967427969283863,0.13380161369452345,doro1266,converged,-0.08585506937041654,-0.6295388958588117,Doromu-Koki,Papunesia,Manubaran,147.986,-9.56687,1500,other
snow_group,-7.500141475307639,0.05404147822644328,converged,-7.715930589746198,0.3375368039038019,tiwi1244,converged,-0.21578911443855908,-0.6312657790728686,Tiwi,Australia,isolate_tiwi1244,130.949,-11.6308,1830,hunter-gatherer
snow_group,-7.500141475307639,0.05404147822644328,converged,-7.647506911016683,0.22674517866155505,sang1328,converged,-0.1473654357090446,-0.6322085473560279,Sango,Africa,Atlantic-Congo,20.1702,6.78584,5400,other
snow_group,-7.500141475307639,0.05404147822644328,converged,-7.648824009556961,0.2268865825745837,warl1254,converged,-0.1486825342493221,-0.6374828090759131,Warlpiri,Australia,Pama-Nyungan,131.05,-20.1008,2670,hunter-gatherer
smell_group,-6.383986116324334,0.023005403195962684,converged,-6.495665333845444,0.17162801525251817,chek1238,converged,-0.1116792175211101,-0.6449369566028982,Cheke Holo,Papunesia,Austronesian,159.625,-8.27055,10800,other
wind_group,-5.881572899913446,0.026381933148576345,converged,-5.947522425255605,0.09679983732512486,surs1246,converged,-0.06594952534215892,-0.6573226163530643,Sursurunga,Papunesia,Austronesian,152.768,-3.99078,3000,other
taste_group,-6.774695661964866,0.023289593669973036,converged,-6.880512542590795,0.15819510252102098,plau1238,converged,-0.10581688062592853,-0.6617680013765344,Plautdietsch,North America,Indo-European,250.646132,49.578028,84900,other
snow_group,-7.500141475307639,0.05404147822644328,converged,-7.728985299303311,0.3375358512322887,gras1249,converged,-0.22884382399567205,-0.6694576450619596,Grass Koiari,Papunesia,Koiarian,147.437,-9.51218,1700,other
ice_group,-7.833147994708722,0.055064859068445896,converged,-8.109425434322347,0.4083096654281635,sout2832,converged,-0.27627743961362494,-0.6705665885516487,Southwestern Dinka,Africa,Nilotic,28.0613,8.81115,450000,other
snow_group,-7.500141475307639,0.05404147822644328,converged,-7.718566398080707,0.32064763627165666,besi1244,converged,-0.21842492277306835,-0.6717257689530414,Besisi,Eurasia,Austroasiatic,101.676,2.717,2990,other
snow_group,-7.500141475307639,0.05404147822644328,converged,-7.7304036368612845,0.3375357484755233,akha1245,converged,-0.23026216155364576,-0.673607036819419,Akha,Eurasia,Sino-Tibetan,100.964,21.2309,563960,other
ice_group,-7.833147994708722,0.055064859068445896,converged,-8.090796247343986,0.3780223637347058,cent2100,converged,-0.25764825263526436,-0.6744509604240736,Kadazan Dusun,Papunesia,Austronesian,116.681,6.02998,141000,other
wind_group,-5.881572899913446,0.026381933148576345,converged,-5.973229112180823,0.1326217421317039,kwai1243,converged,-0.09165621226737652,-0.6778287274132818,Kwaio,Papunesia,Austronesian,160.965,-8.93744,13200,other
ice_group,-7.833147994708722,0.055064859068445896,converged,-8.112427838499297,0.4083094814493438,pulu1242,converged,-0.279279843790575,-0.6778541716632154,Puluwatese,Papunesia,Austronesian,149.2005,7.35695,1360,other
taste_group,-6.774695661964866,0.023289593669973036,converged,-6.9400516214324695,0.24265301056876623,busa1253,converged,-0.16535595946760306,-0.6783330407003986,Busa,Africa,Mande,4.39929,9.91074,40000,hunter-gatherer
smell_group,-6.383986116324334,0.023005403195962684,converged,-6.509563654842417,0.1827100736210502,tiwi1244,converged,-0.1255775385180824,-0.6819206755602244,Tiwi,Australia,isolate_tiwi1244,130.949,-11.6308,1830,hunter-gatherer
taste_group,-6.774695661964866,0.023289593669973036,converged,-6.915061854167107,0.20422543924185274,angg1239,converged,-0.140366192202241,-0.6828839811208511,Angguruk Yali,Papunesia,Nuclear Trans New Guinea,139.457,-4.0836,15000,other
rain_group,-6.300035984080432,0.027205812474801125,converged,-6.3780374567287765,0.1098574352008862,monn1252,converged,-0.0780014726483449,-0.6892049236020211,Mon,Eurasia,Austroasiatic,98.122465,15.49394,851000,other
ice_group,-7.833147994708722,0.055064859068445896,converged,-8.144911377175257,0.44727848441905216,lonw1238,converged,-0.3117633824665349,-0.6918001327205864,Lonwolwol,Papunesia,Austronesian,168.016,-16.2286,1200,other
dance_group,-6.878031501894792,0.049752276779597655,converged,-7.054719483558984,0.25010789236444025,bard1255,converged,-0.17668798166419197,-0.692871419942352,Bardi,Australia,Nyulnyulan,122.906,-16.6274,380,hunter-gatherer
rain_group,-6.300035984080432,0.027205812474801125,converged,-6.433227143866381,0.1891340469562349,baba1267,converged,-0.13319115978594898,-0.6970413101754999,Baba Malay,Eurasia,Austronesian,103.076,1.75414,15000,other
dance_group,-6.878031501894792,0.049752276779597655,converged,-7.005624165974004,0.1741565621034503,yaga1260,converged,-0.127592664079212,-0.7044503799458223,Yagaria,Papunesia,Nuclear Trans New Guinea,145.388,-6.32432,21100,other
rain_group,-6.300035984080432,0.027205812474801125,converged,-6.442540166469623,0.2001591723733008,tang1336,converged,-0.1425041823891915,-0.7054675416665788,East-Central Tangkhul Naga,Eurasia,Sino-Tibetan,94.3567,25.0489,125000,other
dance_group,-6.878031501894792,0.049752276779597655,converged,-6.985604814180835,0.14148675588272588,mars1254,converged,-0.10757331228604272,-0.7172543850832691,Marshallese,Papunesia,Austronesian,167.73,8.72,43900,other
wind_group,-5.881572899913446,0.026381933148576345,converged,-6.0067877217913,0.17170956890398342,thay1249,converged,-0.1252148218778535,-0.7207668591754105,Thayore,Australia,Pama-Nyungan,142.034,-14.8159,150,hunter-gatherer
rain_group,-6.300035984080432,0.027205812474801125,converged,-6.414418113185086,0.15630159818111705,east2542,converged,-0.11438212910465406,-0.7209640089313122,Eastern Ojibwa,North America,Algic,280.2497,45.0112,25900,hunter-gatherer
snow_group,-7.500141475307639,0.05404147822644328,converged,-7.746787929354427,0.33753457195806674,mali1284,converged,-0.24664645404678787,-0.7215399637015976,Mali,Papunesia,Baining,152.214,-4.71826,2200,other
smell_group,-6.383986116324334,0.023005403195962684,converged,-6.5325162261827705,0.20427262623085726,ayiw1239,converged,-0.14853010985843618,-0.7225492612908931,Äiwoo,Papunesia,Austronesian,166.328715,-10.282595,8400,other
snow_group,-7.500141475307639,0.05404147822644328,converged,-7.735338669487173,0.3206464818829407,cent2100,converged,-0.2351971941795341,-0.7233083440607642,Kadazan Dusun,Papunesia,Austronesian,116.681,6.02998,141000,other
ice_group,-7.833147994708722,0.055064859068445896,converged,-8.133244926847274,0.4083082209147519,gras1249,converged,-0.30009693213855204,-0.728382583510554,Grass Koiari,Papunesia,Koiarian,147.437,-9.51218,1700,other
dance_group,-6.878031501894792,0.049752276779597655,converged,-7.07647281450974,0.2673741022468928,heil1246,converged,-0.19844131261494802,-0.729661295800201,Heiltsuk-Oowekyala,North America,Wakashan,232.779,51.7045,300,hunter-gatherer
ice_group,-7.833147994708722,0.055064859068445896,converged,-8.164510268823994,0.4472772251597882,busa1253,converged,-0.3313622741152722,-0.7352919356723812,Busa,Africa,Mande,4.39929,9.91074,40000,hunter-gatherer
snow_group,-7.500141475307639,0.05404147822644328,converged,-7.752158363206976,0.3375341904947739,paam1238,converged,-0.2520168878993374,-0.7372514525690886,Paama,Papunesia,Austronesian,168.23693,-16.47548,6000,other
snow_group,-7.500141475307639,0.05404147822644328,converged,-7.752923219037787,0.3375341363332999,tetu1245,converged,-0.2527817437301483,-0.7394890813006054,Tetum,Papunesia,Austronesian,125.528,-9.11217,450000,other
taste_group,-6.774695661964866,0.023289593669973036,converged,-6.909173627491415,0.17969495510787384,nort2952,converged,-0.1344779655265489,-0.7421606937923577,Northeast Maidu,North America,Maiduan,239.355,40.4102,100,hunter-gatherer
ice_group,-7.833147994708722,0.055064859068445896,converged,-8.073963908964004,0.3162770234135787,lozi1239,converged,-0.2408159142552817,-0.7501241952468016,Lozi,Africa,Atlantic-Congo,24.7398,-17.7052,694000,other
taste_group,-6.774695661964866,0.023289593669973036,converged,-6.9182712207126444,0.1890757161292877,rend1243,converged,-0.14357555874777805,-0.7536589742176782,Rendille,Africa,Afro-Asiatic,37.3608,2.27065,34700,other
rain_group,-6.300035984080432,0.027205812474801125,converged,-6.441881043079838,0.1858432234257777,sema1266,converged,-0.14184505899940625,-0.7552019393077836,Semai,Eurasia,Austroasiatic,101.477,4.13257,43900,other
dance_group,-6.878031501894792,0.049752276779597655,converged,-7.021173246019149,0.18265566675853653,uppe1439,converged,-0.14314174412435676,-0.7561224095321533,Upper Chehalis,North America,Salishan,236.831,46.7981,691,hunter-gatherer
rain_group,-6.300035984080432,0.027205812474801125,converged,-6.383221899545004,0.10608930263031877,clas1252,converged,-0.08318591546457199,-0.7595352421178748,Classical Syriac,Eurasia,Afro-Asiatic,42.1432,37.1129,200000,other
taste_group,-6.774695661964866,0.023289593669973036,converged,-6.928067580296547,0.20009796534565874,arom1237,converged,-0.15337191833168085,-0.7613445826367492,Aromanian,Eurasia,Indo-European,21.2,40.616,69700,other
wind_group,-5.881572899913446,0.026381933148576345,converged,-5.99523402942316,0.14604652395122605,lush1249,converged,-0.11366112950971363,-0.7658578304864542,Mizo,Eurasia,Sino-Tibetan,92.6247,22.6138,541750,other
rain_group,-6.300035984080432,0.027205812474801125,converged,-6.452352232880911,0.19627069310212303,ayiw1239,converged,-0.15231624880047967,-0.7687022266157422,Äiwoo,Papunesia,Austronesian,166.328715,-10.282595,8400,other
snow_group,-7.500141475307639,0.05404147822644328,converged,-7.763097322393784,0.3375334198038638,vure1239,converged,-0.26295584708614506,-0.7692540505114334,Vurës,Papunesia,Austronesian,167.451412,-13.905677,1050,other
smell_group,-6.383986116324334,0.023005403195962684,converged,-6.539470342000202,0.20014447325756646,hoch1243,converged,-0.15548422567586773,-0.7717782674541717,Ho-Chunk,North America,Siouan,271.5,43.5,100,hunter-gatherer
ice_group,-7.833147994708722,0.055064859068445896,converged,-8.060540046615587,0.2887207081303624,mbay1241,converged,-0.2273920519068655,-0.7736402460816488,Mbay,Africa,Central Sudanic,15.7328,8.23066,88300,other
snow_group,-7.500141475307639,0.05404147822644328,converged,-7.764893166121837,0.33753329408341404,naka1262,converged,-0.26475169081419825,-0.7745079136167113,Nakanai,Papunesia,Austronesian,150.888,-5.59931,13000,other
rain_group,-6.300035984080432,0.027205812474801125,converged,-6.392776900310353,0.1163448742754452,hmon1333,converged,-0.09274091622992131,-0.7761823489548556,Hmong Daw,Eurasia,Hmong-Mien,103.164,21.5461,435400,other
snow_group,-7.500141475307639,0.05404147822644328,converged,-7.7536838502275005,0.3206452412046936,gela1263,converged,-0.25354237491986176,-0.7797287122583019,Gela,Papunesia,Austronesian,160.186,-9.04587,11900,other
wind_group,-5.881572899913446,0.026381933148576345,converged,-5.959763637380842,0.09634912042677331,warl1254,converged,-0.0781907374673958,-0.7827234212111432,Warlpiri,Australia,Pama-Nyungan,131.05,-20.1008,2670,hunter-gatherer
snow_group,-7.500141475307639,0.05404147822644328,converged,-7.7681928805866765,0.3375330636700697,casi1235,converged,-0.2680514052790377,-0.7841614615772409,Casiguran-Nagtipunan Agta,Papunesia,Austronesian,121.878,16.2176,610,hunter-gatherer
smell_group,-6.383986116324334,0.023005403195962684,converged,-6.528639946198701,0.18270750689274132,west2615,converged,-0.14465382987436648,-0.7855210628024331,Western Apache,North America,Athabaskan-Eyak-Tlingit,249.877,33.8574,12700,hunter-gatherer
taste_group,-6.774695661964866,0.023289593669973036,converged,-6.956094213545783,0.22952500281037458,sout2832,converged,-0.18139855158091667,-0.7862841494385289,Southwestern Dinka,Africa,Nilotic,28.0613,8.81115,450000,other
ice_group,-7.833147994708722,0.055064859068445896,converged,-8.191573848589744,0.44727552635296736,sout2789,converged,-0.3584258538810223,-0.7953489172536172,Central Dagaare,Africa,Atlantic-Congo,-2.52265,10.4226,700000,other
smell_group,-6.383986116324334,0.023005403195962684,converged,-6.487933507036326,0.12813425923634136,toab1237,converged,-0.10394739071199144,-0.7984707581922912,To'abaita,Papunesia,Austronesian,160.619,-8.39233,12600,other
taste_group,-6.774695661964866,0.023289593669973036,converged,-6.982244130975409,0.2583186944185555,luxe1241,converged,-0.20754846901054247,-0.8002132604235578,Moselle Franconian,Eurasia,Indo-European,6.14931,49.6839,320000,other
rain_group,-6.300035984080432,0.027205812474801125,converged,-6.45624623237399,0.1926011692884769,hava1248,converged,-0.15621024829355878,-0.8030832156072005,Havasupai-Walapai-Yavapai,North America,Cochimi-Yuman,246.615,35.6302,2690,other
snow_group,-7.500141475307639,0.05404147822644328,converged,-7.657130405211655,0.1871679727268299,khas1269,converged,-0.15698892990401614,-0.805841815607961,Khasi,Eurasia,Austroasiatic,91.9998,24.977,865000,other
wind_group,-5.881572899913446,0.026381933148576345,converged,-5.995494875953138,0.13884758848870826,tetu1245,converged,-0.11392197603969212,-0.8060608348363566,Tetum,Papunesia,Austronesian,125.528,-9.11217,450000,other
taste_group,-6.774695661964866,0.023289593669973036,converged,-6.941472091374877,0.2042227997000857,agus1235,converged,-0.16677642941001025,-0.8113805994287019,Agusan Manobo,Papunesia,Austronesian,125.742,8.62731,60000,other
taste_group,-6.774695661964866,0.023289593669973036,converged,-6.980134078409142,0.25011624534643156,hava1248,converged,-0.20543841644427552,-0.8178339144312018,Havasupai-Walapai-Yavapai,North America,Cochimi-Yuman,246.615,35.6302,2690,other
snow_group,-7.500141475307639,0.05404147822644328,converged,-7.779796448683006,0.33753225942292403,tere1278,converged,-0.2796549733753668,-0.818108608274707,Terei,Papunesia,South Bougainville,155.745,-6.70051,26500,other
wind_group,-5.881572899913446,0.026381933148576345,converged,-5.9948678402438125,0.13500784549875514,kxoe1243,converged,-0.11329494033036625,-0.823595734859197,Kxoe,Africa,Khoe-Kwadi,22.599835,-16.59051,6590,hunter-gatherer
taste_group,-6.774695661964866,0.023289593669973036,converged,-6.903627724721427,0.1543808013557449,sang1328,converged,-0.12893206275656066,-0.8258119485759946,Sango,Africa,Atlantic-Congo,20.1702,6.78584,5400,other
taste_group,-6.774695661964866,0.023289593669973036,converged,-6.990624756806964,0.25831769480636574,izon1238,converged,-0.21592909484209777,-0.8325283683341473,Izon,Africa,Ijoid,5.51702,5.17986,1000000,other
rain_group,-6.300035984080432,0.027205812474801125,converged,-6.426316301898926,0.1459829779059574,koas1236,converged,-0.12628031781849458,-0.8503930247720057,Koasati,North America,Muskogean,267.291,30.4096,200,other
smell_group,-6.383986116324334,0.023005403195962684,converged,-6.494314904427365,0.12709610360666374,surs1246,converged,-0.11032878810303082,-0.8541931660616022,Sursurunga,Papunesia,Austronesian,152.768,-3.99078,3000,other
ice_group,-7.833147994708722,0.055064859068445896,converged,-8.161660452133233,0.37801840370539613,nyol1238,converged,-0.3285124574245115,-0.859962421615741,Nyole,Africa,Atlantic-Congo,33.9181,0.88072,341000,other
dance_group,-6.878031501894792,0.049752276779597655,converged,-7.059474433619435,0.20421182119606843,jica1244,converged,-0.18144293172464288,-0.8632532532534118,Jicarilla Apache,North America,Athabaskan-Eyak-Tlingit,252.993,36.8079,680,hunter-gatherer
smell_group,-6.383986116324334,0.023005403195962684,converged,-6.503733573113972,0.13618464030425076,klam1254,converged,-0.1197474567896375,-0.8670183284950547,Klamath-Modoc,North America,isolate_klam1254,238.296,42.5861,100,hunter-gatherer
snow_group,-7.500141475307639,0.05404147822644328,converged,-7.782069604966617,0.32064336577516817,gung1250,converged,-0.2819281296589784,-0.8670294573244223,Gungu,Africa,Atlantic-Congo,31.4819,2.06754,49000,other
snow_group,-7.500141475307639,0.05404147822644328,converged,-7.761275538930273,0.29349492439600067,chep1245,converged,-0.26113406362263447,-0.8750296845266717,Chepang,Eurasia,Sino-Tibetan,84.9017,27.7206,36800,other
smell_group,-6.383986116324334,0.023005403195962684,converged,-6.545828472890403,0.18270523569832187,paam1238,converged,-0.16184235656606827,-0.878871549630811,Paama,Papunesia,Austronesian,168.23693,-16.47548,6000,other
taste_group,-6.774695661964866,0.023289593669973036,converged,-6.9519252627291435,0.20009565633343682,diri1252,converged,-0.17722960076427707,-0.8797851271827057,Diriku-Shambyu,Africa,Atlantic-Congo,20.6678,-18.1681,36200,other
snow_group,-7.500141475307639,0.05404147822644328,converged,-7.774786564462582,0.30613353130196963,diri1252,converged,-0.27464508915494346,-0.8834813296953429,Diriku-Shambyu,Africa,Atlantic-Congo,20.6678,-18.1681,36200,other
snow_group,-7.500141475307639,0.05404147822644328,converged,-7.804515183704869,0.33753057695356137,gwer1238,converged,-0.30437370839723066,-0.8904256490532121,Gwere,Africa,Atlantic-Congo,33.8227,1.11392,409000,other
wind_group,-5.881572899913446,0.026381933148576345,converged,-5.994881778643057,0.1241891531759252,diri1252,converged,-0.11330887872961082,-0.892473929777002,Diriku-Shambyu,Africa,Atlantic-Congo,20.6678,-18.1681,36200,other
snow_group,-7.500141475307639,0.05404147822644328,converged,-7.770403186268853,0.2934943742602625,misi1242,converged,-0.270261710961214,-0.9056170043246066,Mising-Padam-Miri-Minyong,Eurasia,Sino-Tibetan,94.69,27.418,571000,other
smell_group,-6.383986116324334,0.023005403195962684,converged,-6.523869604489344,0.15261046160614214,bang1354,converged,-0.13988348816500995,-0.9063644304063533,Bobangi,Africa,Atlantic-Congo,17.227,-0.87437,111300,other
smell_group,-6.383986116324334,0.023005403195962684,converged,-6.532717272582085,0.16233939817797674,diri1252,converged,-0.14873115625775046,-0.907110998148293,Diriku-Shambyu,Africa,Atlantic-Congo,20.6678,-18.1681,36200,other
ice_group,-7.833147994708722,0.055064859068445896,converged,-8.157800271487408,0.35360403340262964,yuca1254,converged,-0.3246522767786866,-0.9071899326684982,Yucatec Maya,North America,Mayan,271.0433,18.7757,706000,other
taste_group,-6.774695661964866,0.023289593669973036,converged,-6.913330616954203,0.15083061246501983,hmon1333,converged,-0.1386349549893362,-0.9083783096998354,Hmong Daw,Eurasia,Hmong-Mien,103.164,21.5461,435400,other
rain_group,-6.300035984080432,0.027205812474801125,converged,-6.476858396283201,0.19259808827156044,busa1253,converged,-0.17682241220276929,-0.9090654431239377,Busa,Africa,Mande,4.39929,9.91074,40000,hunter-gatherer
smell_group,-6.383986116324334,0.023005403195962684,converged,-6.5725738755457925,0.20426679802175846,bini1246,converged,-0.1885877592214582,-0.917442163583238,Bini,Africa,Atlantic-Congo,5.70426,6.40701,1000000,other
snow_group,-7.500141475307639,0.05404147822644328,converged,-7.815258279611815,0.33752985859291956,nung1290,converged,-0.3151168043041759,-0.9218557960345856,Wubuy,Australia,Gunwinyguan,135.753,-14.2623,360,hunter-gatherer
snow_group,-7.500141475307639,0.05404147822644328,converged,-7.817635018191479,0.337529700706731,nand1266,converged,-0.3174935428838399,-0.9288092294658462,Nandi,Africa,Nilotic,35.408478,0.793737,938000,other
smell_group,-6.383986116324334,0.023005403195962684,converged,-6.51367791388843,0.1374623802090046,yaki1237,converged,-0.12969179756409588,-0.93052976244757,Northwest Sahaptin,North America,Sahaptian,239.244,46.2655,3000,hunter-gatherer
ice_group,-7.833147994708722,0.055064859068445896,converged,-8.088254727199379,0.26730228188474453,toke1240,converged,-0.2551067324906571,-0.9347476118978298,Tokelau,Papunesia,Austronesian,188.219167,-9.227642,3250,hunter-gatherer
rain_group,-6.300035984080432,0.027205812474801125,converged,-6.497299477185478,0.20867152314602005,sanb1242,converged,-0.1972634931050461,-0.9373968513224744,San Blas Kuna,South America,Chibchan,281.6925,9.15686,57100,other
ice_group,-7.833147994708722,0.055064859068445896,converged,-8.305360431324852,0.5000617941902206,urip1240,converged,-0.47221243661612977,-0.9386345809629767,Uripiv,Papunesia,Austronesian,167.34643,-16.00951,351,other
snow_group,-7.500141475307639,0.05404147822644328,converged,-7.806211936735922,0.3206418120596555,nyol1238,converged,-0.3060704614282832,-0.9412801651823618,Nyole,Africa,Atlantic-Congo,33.9181,0.88072,341000,other
taste_group,-6.774695661964866,0.023289593669973036,converged,-6.915421470675942,0.1475150960469907,tokp1240,converged,-0.14072580871107565,-0.9423040381454981,Tok Pisin,Papunesia,Indo-European,147.303,-9.41971,125630,other
snow_group,-7.500141475307639,0.05404147822644328,converged,-7.822549916512378,0.3375293753988741,kwai1243,converged,-0.32240844120473966,-0.9431883701571631,Kwaio,Papunesia,Austronesian,160.965,-8.93744,13200,other
smell_group,-6.383986116324334,0.023005403195962684,converged,-6.470031214870138,0.08811326310788145,cent2128,converged,-0.08604509854580389,-0.9448550293019223,Central Siberian Yupik,Eurasia,Eskimo-Aleut,189.728,63.4308,1130,hunter-gatherer
smell_group,-6.383986116324334,0.023005403195962684,converged,-6.5647114969798315,0.18911534945011754,kuan1247,converged,-0.18072538065549715,-0.9486424280098256,Kuanyama,Africa,Atlantic-Congo,16.58,-17.7176,668000,other
taste_group,-6.774695661964866,0.023289593669973036,converged,-7.0498333775776585,0.2888003280634956,thay1249,converged,-0.2751377156127921,-0.9496090842362198,Thayore,Australia,Pama-Nyungan,142.034,-14.8159,150,hunter-gatherer
wind_group,-5.881572899913446,0.026381933148576345,converged,-5.999775503474725,0.12141804983732912,yoga1237,converged,-0.11820260356127843,-0.9513199671581517,Yogad,Papunesia,Austronesian,121.718,16.7015,16000,other
smell_group,-6.383986116324334,0.023005403195962684,converged,-6.506988792463919,0.12709489533750856,here1253,converged,-0.12300267613958482,-0.9523263542282834,Herero,Africa,Atlantic-Congo,20.5655,-21.0231,237000,other
ice_group,-7.833147994708722,0.055064859068445896,converged,-8.313055381418344,0.5000613205481401,izon1238,converged,-0.4799073867096224,-0.9539310179985612,Izon,Africa,Ijoid,5.51702,5.17986,1000000,other
snow_group,-7.500141475307639,0.05404147822644328,converged,-7.827263345713367,0.3375290649238876,chek1238,converged,-0.32712187040572793,-0.9569781093557346,Cheke Holo,Papunesia,Austronesian,159.625,-8.27055,10800,other
dance_group,-6.878031501894792,0.049752276779597655,converged,-7.11519977183436,0.24263415436009228,tetu1245,converged,-0.2371682699395672,-0.9575495556294928,Tetum,Papunesia,Austronesian,125.528,-9.11217,450000,other
dance_group,-6.878031501894792,0.049752276779597655,converged,-7.0485105166974344,0.169104253772691,choc1276,converged,-0.17047901480264205,-0.9671404632808868,Choctaw,North America,Muskogean,271.5,32.25,11400,other
snow_group,-7.500141475307639,0.05404147822644328,converged,-7.831071191418459,0.33752881516622313,caro1242,converged,-0.33092971611082067,-0.9681184634431869,Carolinian,Papunesia,Austronesian,145.765,15.205,3000,other
taste_group,-6.774695661964866,0.023289593669973036,converged,-6.908569762018107,0.13615073261455587,mars1254,converged,-0.13387410005324085,-0.9692011006461557,Marshallese,Papunesia,Austronesian,167.73,8.72,43900,other
ice_group,-7.833147994708722,0.055064859068445896,converged,-8.3254877433889,0.5000605629658936,ayiw1239,converged,-0.4923397486801777,-0.9786447836917869,Äiwoo,Papunesia,Austronesian,166.328715,-10.282595,8400,other
ice_group,-7.833147994708722,0.055064859068445896,converged,-8.278732936067092,0.4472703574803311,kili1268,converged,-0.4455849413583701,-0.9887666618734223,Kiliwa,North America,Cochimi-Yuman,244.877,30.5471,100,hunter-gatherer
smell_group,-6.383986116324334,0.023005403195962684,converged,-6.55594244538658,0.17162044674856747,gung1250,converged,-0.17195632906224567,-0.9930746152083414,Gungu,Africa,Atlantic-Congo,31.4819,2.06754,49000,other
dance_group,-6.878031501894792,0.049752276779597655,converged,-7.125945405851828,0.24263310148017475,temi1246,converged,-0.24791390395703594,-1.000938435783195,Temiar,Eurasia,Austroasiatic,101.438,4.974,25725,other
snow_group,-7.500141475307639,0.05404147822644328,converged,-7.826793799115283,0.320640516777771,wamp1247,converged,-0.326652323807644,-1.0045809701801405,Wampar,Papunesia,Austronesian,146.662,-6.67364,5150,other
wind_group,-5.881572899913446,0.026381933148576345,converged,-5.9757571519266275,0.08991660929385933,monn1252,converged,-0.09418425201318126,-1.0050929569196076,Mon,Eurasia,Austroasiatic,98.122465,15.49394,851000,other
ice_group,-7.833147994708722,0.055064859068445896,converged,-8.286773231208208,0.44726990296419505,wole1240,converged,-0.4536252364994864,-1.0066093312279498,Woleaian,Papunesia,Austronesian,143.916,7.37957,1630,other
snow_group,-7.500141475307639,0.05404147822644328,converged,-7.8447216470810215,0.33752792760267425,cent1990,converged,-0.34458017177338274,-1.0080547786557967,Central Nicobarese,Eurasia,Austroasiatic,93.3921,7.94812,10100,other
taste_group,-6.774695661964866,0.023289593669973036,converged,-6.9963764706381975,0.2183177231258667,gaaa1244,converged,-0.22168080867333106,-1.0096756972389223,Ga,Africa,Atlantic-Congo,-0.18598,5.65488,600000,other
wind_group,-5.881572899913446,0.026381933148576345,converged,-6.022505529777255,0.1362475682669471,nand1266,converged,-0.1409326298638085,-1.0155238069155088,Nandi,Africa,Nilotic,35.408478,0.793737,938000,other
smell_group,-6.383986116324334,0.023005403195962684,converged,-6.569300433130104,0.17973123116627845,kxoe1243,converged,-0.18531431680577004,-1.022719585356331,Kxoe,Africa,Khoe-Kwadi,22.599835,-16.59051,6590,hunter-gatherer
wind_group,-5.881572899913446,0.026381933148576345,converged,-5.938039520612329,0.04800951057988043,iban1264,converged,-0.05646662069888286,-1.030776775180313,Iban,Papunesia,Austronesian,112.934,2.09041,694400,other
snow_group,-7.500141475307639,0.05404147822644328,converged,-7.854180248788715,0.33752731966312216,sora1254,converged,-0.3540387734810766,-1.0357273384278454,Sora,Eurasia,Austroasiatic,84.19,19.1213,310000,other
snow_group,-7.500141475307639,0.05404147822644328,converged,-7.758157520058289,0.2415568660985894,nucl1706,converged,-0.2580160447506499,-1.042370378084499,Neo-Mandaic,Eurasia,Afro-Asiatic,48.8128,31.3443,500,other
taste_group,-6.774695661964866,0.023289593669973036,converged,-7.06633569347373,0.27746841188837773,twee1234,converged,-0.2916400315088632,-1.0473916185229368,Tweed-Albert,Australia,Pama-Nyungan,153.286993,-28.028726,210,other
snow_group,-7.500141475307639,0.05404147822644328,converged,-7.773711499312203,0.25553223360187555,anda1287,converged,-0.273570024004564,-1.0474216626321105,Andalusian Arabic,Eurasia,Afro-Asiatic,-5.2,36.54,500000,other
snow_group,-7.500141475307639,0.05404147822644328,converged,-7.813382434290858,0.29349185026132224,tuva1244,converged,-0.31324095898321946,-1.049644426073725,Tuvalu,Papunesia,Austronesian,179.198088,-8.520813,12580,hunter-gatherer
wind_group,-5.881572899913446,0.026381933148576345,converged,-6.02155800975422,0.13034672732338834,mung1266,converged,-0.13998510984077406,-1.0526006813964508,Mungaka,Africa,Atlantic-Congo,10.0294,5.89752,50100,other
ice_group,-7.833147994708722,0.055064859068445896,converged,-8.211245310234517,0.35360139810043745,bisl1239,converged,-0.3780973155257952,-1.0565414092604626,Bislama,Papunesia,Indo-European,166.89,-15.4,1200,other
ice_group,-7.833147994708722,0.055064859068445896,converged,-8.365497828241004,0.5000581878466798,bini1246,converged,-0.5323498335322823,-1.0581795070059863,Bini,Africa,Atlantic-Congo,5.70426,6.40701,1000000,other
taste_group,-6.774695661964866,0.023289593669973036,converged,-7.050873900245097,0.2583107497736473,hoch1243,converged,-0.2761782382802309,-1.0648511738656874,Ho-Chunk,North America,Siouan,271.5,43.5,100,hunter-gatherer
smell_group,-6.383986116324334,0.023005403195962684,converged,-6.49185729643285,0.09860757438121981,yaka1277,converged,-0.10787118010851593,-1.0653351494010121,Yakan,Papunesia,Austronesian,122.021729,6.531023,106000,other
rain_group,-6.300035984080432,0.027205812474801125,converged,-6.52006869222704,0.20427448530304684,izon1238,converged,-0.2200327081466087,-1.0677146624683158,Izon,Africa,Ijoid,5.51702,5.17986,1000000,other
snow_group,-7.500141475307639,0.05404147822644328,converged,-7.750180686555494,0.22673684950839837,tokp1240,converged,-0.2500392112478549,-1.072723875580338,Tok Pisin,Papunesia,Indo-European,147.303,-9.41971,125630,other
dance_group,-6.878031501894792,0.049752276779597655,converged,-7.088289525203451,0.18906110355746344,chip1241,converged,-0.21025802330865861,-1.0755007114315873,Chippewa,North America,Algic,265.7262,47.347,5000,hunter-gatherer
ice_group,-7.833147994708722,0.055064859068445896,converged,-8.374476889291603,0.5000576677515873,tele1256,converged,-0.5413288945828816,-1.0760287603277399,Telefol,Papunesia,Nuclear Trans New Guinea,141.731,-5.07444,5400,other
snow_group,-7.500141475307639,0.05404147822644328,converged,-7.840584260921484,0.30612955291255944,yuca1254,converged,-0.34044278561384544,-1.0951538821117304,Yucatec Maya,North America,Mayan,271.0433,18.7757,706000,other
taste_group,-6.774695661964866,0.023289593669973036,converged,-7.092158001982449,0.2887951409458875,kati1270,converged,-0.3174623400175829,-1.095707656843602,Katë,Eurasia,Indo-European,70.9826,35.4145,19400,other
snow_group,-7.500141475307639,0.05404147822644328,converged,-7.815271463144464,0.28235537148678325,maga1263,converged,-0.31512998783682544,-1.0961786596964027,Mag-Anchi Ayta,Papunesia,Austronesian,120.459,15.1954,8200,hunter-gatherer
rain_group,-6.300035984080432,0.027205812474801125,converged,-6.493799683023633,0.1742092777105133,lisu1250,converged,-0.19376369894320167,-1.0989269897760878,Lisu,Eurasia,Sino-Tibetan,98.94,26.91,766000,other
snow_group,-7.500141475307639,0.05404147822644328,converged,-7.876429507934267,0.3375259120853803,mudb1240,converged,-0.37628803262662824,-1.1008211991868206,Mudburra,Australia,Pama-Nyungan,132.329,-16.7694,130,hunter-gatherer
snow_group,-7.500141475307639,0.05404147822644328,converged,-7.880559833655755,0.3375256542127096,yape1248,converged,-0.3804183583481162,-1.1129051924808417,Yapese,Papunesia,Austronesian,138.125,9.55811,6590,other
snow_group,-7.500141475307639,0.05404147822644328,converged,-7.755019052473642,0.22146643843139507,monn1252,converged,-0.25487757716600346,-1.118057640432028,Mon,Eurasia,Austroasiatic,98.122465,15.49394,851000,other
smell_group,-6.383986116324334,0.023005403195962684,converged,-6.572554455996132,0.16678314446702272,chan1310,converged,-0.18856833967179742,-1.1200151916857726,Chantyal,Eurasia,Sino-Tibetan,83.4488,28.684,2000,other
ice_group,-7.833147994708722,0.055064859068445896,converged,-8.338783971519158,0.44726704945143203,paam1238,converged,-0.5056359768104359,-1.1220299274511132,Paama,Papunesia,Austronesian,168.23693,-16.47548,6000,other
ice_group,-7.833147994708722,0.055064859068445896,converged,-8.339548680250205,0.44726700859360596,tetu1245,converged,-0.5064006855414833,-1.1237269530805096,Tetum,Papunesia,Austronesian,125.528,-9.11217,450000,other
rain_group,-6.300035984080432,0.027205812474801125,converged,-6.482832868563066,0.1602505628161079,arom1237,converged,-0.18279688448263443,-1.1246026500403918,Aromanian,Eurasia,Indo-European,21.2,40.616,69700,other
wind_group,-5.881572899913446,0.026381933148576345,converged,-6.008140208375688,0.10924299371759887,lund1271,converged,-0.12656730846224207,-1.1262095734306532,Lundayeh,Papunesia,Austronesian,115.5,4.25064,47500,other
snow_group,-7.500141475307639,0.05404147822644328,converged,-7.886138127823337,0.3375253076236287,boko1266,converged,-0.3859966525156979,-1.1292254948424993,Boko,Africa,Mande,3.71771,10.5189,110000,other
taste_group,-6.774695661964866,0.023289593669973036,converged,-6.9559023792899914,0.1581892059247393,yiry1245,converged,-0.18120671732512506,-1.1332897132205784,Yir-Yoront,Australia,Pama-Nyungan,141.767,-15.1117,100,hunter-gatherer
dance_group,-6.878031501894792,0.049752276779597655,converged,-7.076114067705697,0.1667370727317216,thao1240,converged,-0.19808256581090422,-1.138395389727476,Thao,Papunesia,Austronesian,120.93,23.8333,100,other
rain_group,-6.300035984080432,0.027205812474801125,converged,-6.551420413266098,0.21837365160875358,kokb1239,converged,-0.2513844291856664,-1.1423354607755698,Kok Borok,Eurasia,Sino-Tibetan,91.4673,23.1916,696000,other
ice_group,-7.833147994708722,0.055064859068445896,converged,-8.350288186626177,0.44726643807765415,temi1246,converged,-0.5171401919174548,-1.1475598650698826,Temiar,Eurasia,Austroasiatic,101.438,4.974,25725,other
wind_group,-5.881572899913446,0.026381933148576345,converged,-6.037494011824557,0.13261125997227896,hmon1264,converged,-0.1559211119111108,-1.1531770976511226,Hmong Njua,Eurasia,Hmong-Mien,101.95,22.5638,210000,other
ice_group,-7.833147994708722,0.055064859068445896,converged,-8.309512800232351,0.40829853654054044,mung1266,converged,-0.47636480552362936,-1.1562394461206145,Mungaka,Africa,Atlantic-Congo,10.0294,5.89752,50100,other
taste_group,-6.774695661964866,0.023289593669973036,converged,-7.0416879068930225,0.2295160411301023,tain1252,converged,-0.2669922449281561,-1.1573404629383952,Tai Nüa,Eurasia,Tai-Kadai,99.722,21.7837,647400,other
taste_group,-6.774695661964866,0.023289593669973036,converged,-6.975743724636211,0.17157867958538892,yaga1260,converged,-0.20104806267134467,-1.1611067202705714,Yagaria,Papunesia,Nuclear Trans New Guinea,145.388,-6.32432,21100,other
taste_group,-6.774695661964866,0.023289593669973036,converged,-6.9979876534640395,0.18906855518876392,mara1385,converged,-0.22329199149917311,-1.172151397297312,Marra,Australia,Mangarrayi-Maran,134.865,-14.7927,100,hunter-gatherer
taste_group,-6.774695661964866,0.023289593669973036,converged,-7.021083964291672,0.20860748015510672,chan1310,converged,-0.24638830232680586,-1.1738169385796204,Chantyal,Eurasia,Sino-Tibetan,83.4488,28.684,2000,other
snow_group,-7.500141475307639,0.05404147822644328,converged,-7.669690726024542,0.1338315710336997,newa1246,converged,-0.1695492507169032,-1.1747269991182898,Kathmandu Valley Newari,Eurasia,Sino-Tibetan,85.326,27.67,839000,other
ice_group,-7.833147994708722,0.055064859068445896,converged,-8.424255195833931,0.5000548676243256,anei1239,converged,-0.591107201125209,-1.1749822966847532,Aneityum,Papunesia,Austronesian,169.825,-20.1864,900,other
ice_group,-7.833147994708722,0.055064859068445896,converged,-8.322272599122726,0.40829789953716517,kosa1249,converged,-0.4891246044140045,-1.1872120309982273,Kosarek Yale,Papunesia,Nuclear Trans New Guinea,139.645,-4.06603,2300,other
taste_group,-6.774695661964866,0.023289593669973036,converged,-7.043247248421826,0.22370441287582066,yank1247,converged,-0.26855158645695987,-1.1940217945184792,Yankunytjatjara,Australia,Pama-Nyungan,133.577,-26.4064,100,hunter-gatherer
taste_group,-6.774695661964866,0.023289593669973036,converged,-7.036985769307487,0.21831375107221615,boko1266,converged,-0.26229010734262026,-1.194657817794606,Boko,Africa,Mande,3.71771,10.5189,110000,other
smell_group,-6.383986116324334,0.023005403195962684,converged,-6.568502435871273,0.15260557910661834,mara1385,converged,-0.1845163195469386,-1.1955968703077358,Marra,Australia,Mangarrayi-Maran,134.865,-14.7927,100,hunter-gatherer
ice_group,-7.833147994708722,0.055064859068445896,converged,-8.441661128880764,0.5000539209330827,bard1255,converged,-0.6085131341720418,-1.2095834663861735,Bardi,Australia,Nyulnyulan,122.906,-16.6274,380,hunter-gatherer
wind_group,-5.881572899913446,0.026381933148576345,converged,-6.075863138748907,0.1582954250898202,baba1267,converged,-0.19429023883546037,-1.2106909352273136,Baba Malay,Eurasia,Austronesian,103.076,1.75414,15000,other
taste_group,-6.774695661964866,0.023289593669973036,converged,-7.059391522068248,0.2295142813347602,kxoe1243,converged,-0.28469586010338155,-1.2340902981139479,Kxoe,Africa,Khoe-Kwadi,22.599835,-16.59051,6590,hunter-gatherer
wind_group,-5.881572899913446,0.026381933148576345,converged,-6.008186694498297,0.09913639581385719,here1253,converged,-0.1266137945848511,-1.2342125485175024,Herero,Africa,Atlantic-Congo,20.5655,-21.0231,237000,other
ice_group,-7.833147994708722,0.055064859068445896,converged,-8.3053074610147,0.3780111880392282,rend1243,converged,-0.4721594663059774,-1.236017016982678,Rendille,Africa,Afro-Asiatic,37.3608,2.27065,34700,other
ice_group,-7.833147994708722,0.055064859068445896,converged,-8.391130977829553,0.44726432348200484,gwer1238,converged,-0.5579829831208309,-1.2381978213177158,Gwere,Africa,Atlantic-Congo,33.8227,1.11392,409000,other
smell_group,-6.383986116324334,0.023005403195962684,converged,-6.644016156789214,0.20865009081132876,turk1308,converged,-0.2600300404648799,-1.2387424692267404,Turkana,Africa,Nilotic,35.7101,4.30688,476200,other
snow_group,-7.500141475307639,0.05404147822644328,converged,-7.92425794678341,0.33752299021386334,agus1235,converged,-0.42411647147577103,-1.2407525695244013,Agusan Manobo,Papunesia,Austronesian,125.742,8.62731,60000,other
snow_group,-7.500141475307639,0.05404147822644328,converged,-7.857776726753714,0.2823530809924711,cham1312,converged,-0.35763525144607566,-1.2440428190505712,Chamorro,Papunesia,Austronesian,144.74474,13.438011,76700,other
ice_group,-7.833147994708722,0.055064859068445896,converged,-8.234936375686477,0.31626970031157803,nuuc1236,converged,-0.40178838097775493,-1.2515699394285098,Nuu-chah-nulth,North America,Wakashan,233.33,49.67,7680,hunter-gatherer
ice_group,-7.833147994708722,0.055064859068445896,converged,-8.235201564369778,0.3162696891936872,mans1262,converged,-0.40205356966105565,-1.252396044334966,Mansaka,Papunesia,Austronesian,126.181,6.79221,57800,other
snow_group,-7.500141475307639,0.05404147822644328,converged,-7.889611510248073,0.30612675412313667,bang1354,converged,-0.38947003494043386,-1.2528783704195574,Bobangi,Africa,Atlantic-Congo,17.227,-0.87437,111300,other
smell_group,-6.383986116324334,0.023005403195962684,converged,-6.551252733976905,0.13140017358780917,corn1251,converged,-0.16726661765257056,-1.2538834696700512,Cornish,Eurasia,Indo-European,-4.18619,50.5233,468425,other
snow_group,-7.500141475307639,0.05404147822644328,converged,-7.73386113861136,0.17826342070746123,akka1240,converged,-0.23371966330372107,-1.254703110508044,Akkadian,Eurasia,Afro-Asiatic,44.1,33.1,200000,other
wind_group,-5.881572899913446,0.026381933148576345,converged,-6.021841483770801,0.10796345225237777,bara1370,converged,-0.1402685838573552,-1.2620884055668953,Baram Kayan,Papunesia,Austronesian,114.482,3.51211,4150,other
smell_group,-6.383986116324334,0.023005403195962684,converged,-6.629558938582625,0.1925771366508976,akha1245,converged,-0.2455728222582909,-1.2661891899348714,Akha,Eurasia,Sino-Tibetan,100.964,21.2309,563960,other
snow_group,-7.500141475307639,0.05404147822644328,converged,-7.933156166281001,0.3375224618631849,ngal1292,converged,-0.4330146909733621,-1.2667862405771602,Ngalkbun,Australia,Gunwinyguan,133.936,-13.9783,100,hunter-gatherer
snow_group,-7.500141475307639,0.05404147822644328,converged,-7.894034945568264,0.3061265082875498,bisl1239,converged,-0.3938934702606254,-1.2671090178839377,Bislama,Papunesia,Indo-European,166.89,-15.4,1200,other
smell_group,-6.383986116324334,0.023005403195962684,converged,-6.534260128494638,0.11633205068928568,tbol1240,converged,-0.15027401217030345,-1.2672264868640557,Tboli,Papunesia,Austronesian,124.538,6.20377,95300,other
smell_group,-6.383986116324334,0.023005403195962684,converged,-6.5544490388224315,0.13139987459241498,oldn1244,converged,-0.17046292249809714,-1.277846802939457,Old Norse,Eurasia,Indo-European,10.38,63.42,900000,other
wind_group,-5.881572899913446,0.026381933148576345,converged,-6.069582326376058,0.14450433537205964,mali1284,converged,-0.18800942646261198,-1.279908631703868,Mali,Papunesia,Baining,152.214,-4.71826,2200,other
smell_group,-6.383986116324334,0.023005403195962684,converged,-6.662319640602121,0.21333692713482305,lonw1238,converged,-0.27833352427778646,-1.2971462152476338,Lonwolwol,Papunesia,Austronesian,168.016,-16.2286,1200,other
smell_group,-6.383986116324334,0.023005403195962684,converged,-6.701165137334349,0.24268467546154862,thay1249,converged,-0.3171790210100145,-1.301126411463098,Thayore,Australia,Pama-Nyungan,142.034,-14.8159,150,hunter-gatherer
dance_group,-6.878031501894792,0.049752276779597655,converged,-7.245106250283494,0.27744904709710233,sema1266,converged,-0.3670747483887018,-1.302262820262957,Semai,Eurasia,Austroasiatic,101.477,4.13257,43900,other
taste_group,-6.774695661964866,0.023289593669973036,converged,-7.102499355777182,0.25010285956090095,east2387,converged,-0.32780369381231544,-1.3050295450645228,East Limba,Africa,Atlantic-Congo,-11.7496,9.71107,4600,other
taste_group,-6.774695661964866,0.023289593669973036,converged,-7.084878160869387,0.2358009609591528,tere1278,converged,-0.31018249890452054,-1.309072463442377,Terei,Papunesia,South Bougainville,155.745,-6.70051,26500,other
rain_group,-6.300035984080432,0.027205812474801125,converged,-6.50084594666731,0.15086886002253383,bang1354,converged,-0.20080996258687822,-1.3098960275679294,Bobangi,Africa,Atlantic-Congo,17.227,-0.87437,111300,other
ice_group,-7.833147994708722,0.055064859068445896,converged,-8.204503585073635,0.27738801368633725,raro1241,converged,-0.37135559036491284,-1.3131352233840787,Southern Cook Island Maori,Papunesia,Austronesian,200.22,-21.23,32300,other
smell_group,-6.383986116324334,0.023005403195962684,converged,-6.579014777444212,0.1459662755017518,kyak1244,converged,-0.1950286611198777,-1.319829532113866,Kyaka,Papunesia,Nuclear Trans New Guinea,144.119,-5.52462,15400,other
wind_group,-5.881572899913446,0.026381933148576345,converged,-6.056198361678674,0.12925061543338676,kwom1262,converged,-0.17462546176522764,-1.3237664795229478,Kwoma,Papunesia,Sepik,142.664,-4.08721,3000,hunter-gatherer
ice_group,-7.833147994708722,0.055064859068445896,converged,-8.433855059869867,0.44726220198098027,rabh1238,converged,-0.6007070651611448,-1.3330113591239652,Rabha,Eurasia,Sino-Tibetan,91.1689,25.8248,50000,other
taste_group,-6.774695661964866,0.023289593669973036,converged,-7.060983455514497,0.2132921528868287,kwom1262,converged,-0.2862877935496302,-1.3343024627438134,Kwoma,Papunesia,Sepik,142.664,-4.08721,3000,hunter-gatherer
rain_group,-6.300035984080432,0.027205812474801125,converged,-6.575192058859065,0.20426642513341486,lonw1238,converged,-0.275156074778633,-1.3352540563047974,Lonwolwol,Papunesia,Austronesian,168.016,-16.2286,1200,other
snow_group,-7.500141475307639,0.05404147822644328,converged,-7.956660701440704,0.33752108862948127,kwom1262,converged,-0.4565192261330653,-1.335554151814053,Kwoma,Papunesia,Sepik,142.664,-4.08721,3000,hunter-gatherer
wind_group,-5.881572899913446,0.026381933148576345,converged,-6.101851880807361,0.16240290378391045,sene1264,converged,-0.22027898089391496,-1.338823229146537,Seneca,North America,Iroquoian,282.47,42.56,175,other
snow_group,-7.500141475307639,0.05404147822644328,converged,-7.803850291984874,0.21964407430532476,caju1236,converged,-0.3037088166772355,-1.3426881356291593,Cajun French,North America,Indo-European,268.3867,29.6869,17200,other
taste_group,-6.774695661964866,0.023289593669973036,converged,-7.026426808702168,0.18577777792719952,osag1243,converged,-0.2517311467373018,-1.3444884868937645,Osage,North America,Siouan,263.7051,36.7828,100,hunter-gatherer
smell_group,-6.383986116324334,0.023005403195962684,converged,-6.679359865514925,0.21835495159449353,dako1258,converged,-0.295373749190591,-1.3452770620576522,Dakota,North America,Siouan,263.42,45.86,19280,hunter-gatherer
wind_group,-5.881572899913446,0.026381933148576345,converged,-6.094945248244718,0.15634968903052585,sema1266,converged,-0.21337234833127194,-1.3456894949353688,Semai,Eurasia,Austroasiatic,101.477,4.13257,43900,other
ice_group,-7.833147994708722,0.055064859068445896,converged,-8.440787196290575,0.4472618662248675,sora1254,converged,-0.60763920158185325,-1.3483952560384713,Sora,Eurasia,Austroasiatic,84.19,19.1213,310000,other
ice_group,-7.833147994708722,0.055064859068445896,converged,-8.143720814421195,0.2236392813939072,pala1344,converged,-0.3105728197124735,-1.3484485936089374,Palauan,Papunesia,Austronesian,134.476678,7.34138,14800,other
wind_group,-5.881572899913446,0.026381933148576345,converged,-6.023197942474544,0.1016574963652539,toab1237,converged,-0.1416250425610981,-1.3484887174070155,To'abaita,Papunesia,Austronesian,160.619,-8.39233,12600,other
dance_group,-6.878031501894792,0.049752276779597655,converged,-7.167675086627531,0.20859479273945825,tana1289,converged,-0.28964358473273855,-1.350659920031139,Dena'ina,North America,Athabaskan-Eyak-Tlingit,209.241,60.4712,100,hunter-gatherer
snow_group,-7.500141475307639,0.05404147822644328,converged,-7.962025150794366,0.3375207797132458,boko1267,converged,-0.46188367548672726,-1.3512491383023206,Bokobaru,Africa,Mande,3.80058,9.52724,30000,other
ice_group,-7.833147994708722,0.055064859068445896,converged,-8.317125092211269,0.35359657534925826,kach1280,converged,-0.4839770975025468,-1.3524260363122018,Southern Jinghpaw,Eurasia,Sino-Tibetan,97.3278,25.4634,940000,other
dance_group,-6.878031501894792,0.049752276779597655,converged,-7.275403133073255,0.28877505102972945,tele1256,converged,-0.39737163117846297,-1.3560803906053935,Telefol,Papunesia,Nuclear Trans New Guinea,141.731,-5.07444,5400,other
ice_group,-7.833147994708722,0.055064859068445896,converged,-8.445697189788131,0.4472616298147261,gela1263,converged,-0.6125491950794091,-1.359291593836043,Gela,Papunesia,Austronesian,160.186,-9.04587,11900,other
taste_group,-6.774695661964866,0.023289593669973036,converged,-6.987094442525767,0.1543746006173716,mikm1235,converged,-0.21239878056090067,-1.360471054602367,Mi'kmaq,North America,Algic,296,46,9290,hunter-gatherer
dance_group,-6.878031501894792,0.049752276779597655,converged,-7.248656468806284,0.2673562536904294,kili1268,converged,-0.3706249669114916,-1.3628620956254038,Kiliwa,North America,Cochimi-Yuman,244.877,30.5471,100,hunter-gatherer
rain_group,-6.300035984080432,0.027205812474801125,converged,-6.544361384796085,0.17690376999338805,nung1290,converged,-0.24432540071565345,-1.365072058552911,Wubuy,Australia,Gunwinyguan,135.753,-14.2623,360,hunter-gatherer
dance_group,-6.878031501894792,0.049752276779597655,converged,-7.145618533382898,0.18905671021692722,bara1370,converged,-0.26758703148810525,-1.3687767666932809,Baram Kayan,Papunesia,Austronesian,114.482,3.51211,4150,other
wind_group,-5.881572899913446,0.026381933148576345,converged,-6.081985913338579,0.1430201669487053,tere1278,converged,-0.20041301342513318,-1.378043034191361,Terei,Papunesia,South Bougainville,155.745,-6.70051,26500,other
taste_group,-6.774695661964866,0.023289593669973036,converged,-7.028467354146933,0.18265507475814957,kyak1244,converged,-0.25377169218206674,-1.378191281844496,Kyaka,Papunesia,Nuclear Trans New Guinea,144.119,-5.52462,15400,other
snow_group,-7.500141475307639,0.05404147822644328,converged,-7.972591762297514,0.33752017605097634,nupe1254,converged,-0.4724502869898757,-1.3821643637057177,Nupe-Nupe-Tako,Africa,Atlantic-Congo,5.40031,9.18404,800000,other
taste_group,-6.774695661964866,0.023289593669973036,converged,-7.1144346242681,0.242634229790542,paam1238,converged,-0.3397389623032332,-1.393804247476699,Paama,Papunesia,Austronesian,168.23693,-16.47548,6000,other
rain_group,-6.300035984080432,0.027205812474801125,converged,-6.490425419402195,0.1337320017338507,west2630,converged,-0.19038943532176322,-1.395088143706797,Western Abenaki,North America,Algic,287.3489,46.1381,100,hunter-gatherer
snow_group,-7.500141475307639,0.05404147822644328,converged,-7.9341967488343865,0.3061243253199625,mara1385,converged,-0.4340552735267478,-1.3963144767472682,Marra,Australia,Mangarrayi-Maran,134.865,-14.7927,100,hunter-gatherer
ice_group,-7.833147994708722,0.055064859068445896,converged,-8.305566400306652,0.3333745210559345,yaga1260,converged,-0.4724184055979306,-1.3981361298168913,Yagaria,Papunesia,Nuclear Trans New Guinea,145.388,-6.32432,21100,other
snow_group,-7.500141475307639,0.05404147822644328,converged,-7.982136378296798,0.33751963622966413,cent2292,converged,-0.48199490298915926,-1.410089559920477,Central Bontoc,Papunesia,Austronesian,120.92,17.08,19600,other
dance_group,-6.878031501894792,0.049752276779597655,converged,-7.251534090787244,0.25829041613680953,saur1248,converged,-0.37350258889245147,-1.4199543210166776,Saurashtra,Eurasia,Indo-European,77.9427,9.99172,310000,other
ice_group,-7.833147994708722,0.055064859068445896,converged,-8.376452198575857,0.37800798025284926,rotu1241,converged,-0.5433042038671347,-1.4222712230452903,Rotuman,Papunesia,Austronesian,177.066,-12.5008,9000,other
dance_group,-6.878031501894792,0.049752276779597655,converged,-7.295226123719479,0.28877309022246095,turk1308,converged,-0.41719462182468625,-1.4237382140655184,Turkana,Africa,Nilotic,35.7101,4.30688,476200,other
rain_group,-6.300035984080432,0.027205812474801125,converged,-6.491366315453468,0.13028758780646132,plau1238,converged,-0.19133033137303634,-1.437517369891454,Plautdietsch,North America,Indo-European,250.646132,49.578028,84900,other
ice_group,-7.833147994708722,0.055064859068445896,converged,-8.556606193850039,0.500048066319204,mali1284,converged,-0.7234581991413167,-1.4380843238575098,Mali,Papunesia,Baining,152.214,-4.71826,2200,other
ice_group,-7.833147994708722,0.055064859068445896,converged,-8.384967069081732,0.37800761139874633,mara1385,converged,-0.55181907437301,-1.4445629798923252,Marra,Australia,Mangarrayi-Maran,134.865,-14.7927,100,hunter-gatherer
ice_group,-7.833147994708722,0.055064859068445896,converged,-8.484463366870283,0.4472598034741829,angg1239,converged,-0.6513153721615614,-1.445322397931173,Angguruk Yali,Papunesia,Nuclear Trans New Guinea,139.457,-4.0836,15000,other
wind_group,-5.881572899913446,0.026381933148576345,converged,-6.054814862612868,0.11560545202530624,cree1270,converged,-0.1732419626994215,-1.4610018053910543,Creek,North America,Muskogean,272.5,31,4300,other
ice_group,-7.833147994708722,0.055064859068445896,converged,-8.572911680249549,0.5000472889816976,vure1239,converged,-0.7397636855408267,-1.4704984956383733,Vurës,Papunesia,Austronesian,167.451412,-13.905677,1050,other
taste_group,-6.774695661964866,0.023289593669973036,converged,-6.952795967920612,0.11873487810658277,jewi1240,converged,-0.17810030595574577,-1.4719346995616116,Jewish Babylonian Aramaic,Eurasia,Afro-Asiatic,44.245,32.273,200000,other
ice_group,-7.833147994708722,0.055064859068445896,converged,-8.57470709769381,0.5000472041601163,naka1262,converged,-0.7415591029850885,-1.4740676643582973,Nakanai,Papunesia,Austronesian,150.888,-5.59931,13000,other
ice_group,-7.833147994708722,0.055064859068445896,converged,-8.361737493833804,0.3535946912848332,lund1271,converged,-0.5285894991250819,-1.4770986555678318,Lundayeh,Papunesia,Austronesian,115.5,4.25064,47500,other
rain_group,-6.300035984080432,0.027205812474801125,converged,-6.4441582025272846,0.09213060848614502,jewi1240,converged,-0.1441222184468529,-1.5002799861373397,Jewish Babylonian Aramaic,Eurasia,Afro-Asiatic,44.245,32.273,200000,other
ice_group,-7.833147994708722,0.055064859068445896,converged,-8.58960687200225,0.5000465060891124,tere1278,converged,-0.7564588772935279,-1.5036874390048347,Terei,Papunesia,South Bougainville,155.745,-6.70051,26500,other
ice_group,-7.833147994708722,0.055064859068445896,converged,-8.510853135747004,0.44725860009410656,agus1235,converged,-0.6777051410382819,-1.5038874521777408,Agusan Manobo,Papunesia,Austronesian,125.742,8.62731,60000,other
taste_group,-6.774695661964866,0.023289593669973036,converged,-7.051624716070602,0.18265322350909627,ralu1237,converged,-0.2769290541057359,-1.503970010015885,Raluana,Papunesia,Austronesian,152.114,-4.30986,61000,other
ice_group,-7.833147994708722,0.055064859068445896,converged,-8.45329446564297,0.4082918079407218,chep1245,converged,-0.6201464709342472,-1.5052527167349805,Chepang,Eurasia,Sino-Tibetan,84.9017,27.7206,36800,other
ice_group,-7.833147994708722,0.055064859068445896,converged,-8.275694714457005,0.2887118867352278,lepc1244,converged,-0.4425467197482833,-1.5056904762939658,Lepcha,Eurasia,Sino-Tibetan,88.5726,27.0869,52830,other
rain_group,-6.300035984080432,0.027205812474801125,converged,-6.624004861377106,0.21334224550823666,heil1246,converged,-0.32396887729667423,-1.5063421197179745,Heiltsuk-Oowekyala,North America,Wakashan,232.779,51.7045,300,hunter-gatherer
dance_group,-6.878031501894792,0.049752276779597655,converged,-7.125400817054821,0.15623656322802332,tbol1240,converged,-0.2473693151600287,-1.5086537364498536,Tboli,Papunesia,Austronesian,124.538,6.20377,95300,other
ice_group,-7.833147994708722,0.055064859068445896,converged,-8.122460286714059,0.18260127857121258,fiji1243,converged,-0.28931229200533704,-1.5169218329844354,Fijian,Papunesia,Austronesian,178.33,-18,333440,other
wind_group,-5.881572899913446,0.026381933148576345,converged,-6.092482313335796,0.13623643630725446,gung1250,converged,-0.2109094134223497,-1.5198779669803089,Gungu,Africa,Atlantic-Congo,31.4819,2.06754,49000,other
ice_group,-7.833147994708722,0.055064859068445896,converged,-8.5187919128569,0.44725824425327115,wamp1247,converged,-0.6856439181481777,-1.5215054908821795,Wampar,Papunesia,Austronesian,146.662,-6.67364,5150,other
ice_group,-7.833147994708722,0.055064859068445896,converged,-8.347932633954104,0.3333728133777646,anda1287,converged,-0.5147846392453816,-1.5235278379744939,Andalusian Arabic,Eurasia,Afro-Asiatic,-5.2,36.54,500000,other
ice_group,-7.833147994708722,0.055064859068445896,converged,-8.519749920274892,0.44725820150306606,ngal1292,converged,-0.68660192556617,-1.5236315389220572,Ngalkbun,Australia,Gunwinyguan,133.936,-13.9783,100,hunter-gatherer
rain_group,-6.300035984080432,0.027205812474801125,converged,-6.524143390348036,0.1444434416847599,kach1280,converged,-0.2241074062676045,-1.5247143260503035,Southern Jinghpaw,Eurasia,Sino-Tibetan,97.3278,25.4634,940000,other
smell_group,-6.383986116324334,0.023005403195962684,converged,-6.671290635973215,0.18581291698765834,yank1247,converged,-0.28730451964888104,-1.5344869743721654,Yankunytjatjara,Australia,Pama-Nyungan,133.577,-26.4064,100,hunter-gatherer
snow_group,-7.500141475307639,0.05404147822644328,converged,-8.025560085435384,0.3375172442861643,yoga1237,converged,-0.5254186101277449,-1.5371374499390091,Yogad,Papunesia,Austronesian,121.718,16.7015,16000,other
wind_group,-5.881572899913446,0.026381933148576345,converged,-6.161275374371997,0.1797946465402702,kokb1239,converged,-0.279702474458551,-1.5391956388405585,Kok Borok,Eurasia,Sino-Tibetan,91.4673,23.1916,696000,other
rain_group,-6.300035984080432,0.027205812474801125,converged,-6.499834777911443,0.12608284554088076,warl1254,converged,-0.19979879383101107,-1.5490121685879021,Warlpiri,Australia,Pama-Nyungan,131.05,-20.1008,2670,hunter-gatherer
wind_group,-5.881572899913446,0.026381933148576345,converged,-6.140583282898148,0.1645759225885405,hava1248,converged,-0.2590103829847017,-1.5539654384298534,Havasupai-Walapai-Yavapai,North America,Cochimi-Yuman,246.615,35.6302,2690,other
wind_group,-5.881572899913446,0.026381933148576345,converged,-6.105997863702268,0.14157891496436284,besi1244,converged,-0.22442496378882204,-1.5583340217920185,Besisi,Eurasia,Austroasiatic,101.676,2.717,2990,other
taste_group,-6.774695661964866,0.023289593669973036,converged,-7.226390811758101,0.288780069270683,ayiw1239,converged,-0.45169514979323466,-1.5590872852538726,Äiwoo,Papunesia,Austronesian,166.328715,-10.282595,8400,other
taste_group,-6.774695661964866,0.023289593669973036,converged,-7.209169554735842,0.27745266701618904,atay1247,converged,-0.4344738927709759,-1.5604509253833454,Atayal,Papunesia,Austronesian,121.388,24.5209,84300,other
ice_group,-7.833147994708722,0.055064859068445896,converged,-8.259236342940346,0.26729583261908285,mars1254,converged,-0.426088348231624,-1.561284881071427,Marshallese,Papunesia,Austronesian,167.73,8.72,43900,other
taste_group,-6.774695661964866,0.023289593669973036,converged,-6.9908190596438855,0.1361453670961704,penn1240,converged,-0.2161233976790191,-1.5647168142796277,Pennsylvania German,North America,Indo-European,283.6789,40.030507,209280,other
snow_group,-7.500141475307639,0.05404147822644328,converged,-7.862835291794113,0.22451679554305268,bada1257,converged,-0.36269381648647414,-1.5705848078678524,Badaga,Eurasia,Dravidian,76.5974,11.3094,245000,other
dance_group,-6.878031501894792,0.049752276779597655,converged,-7.292064845018966,0.25828678129480376,gwer1238,converged,-0.4140333431241734,-1.5740624822202656,Gwere,Africa,Atlantic-Congo,33.8227,1.11392,409000,other
ice_group,-7.833147994708722,0.055064859068445896,converged,-8.625060562362213,0.5000448862682998,nung1290,converged,-0.7919125676534913,-1.574167251759593,Wubuy,Australia,Gunwinyguan,135.753,-14.2623,360,hunter-gatherer
snow_group,-7.500141475307639,0.05404147822644328,converged,-8.03857264207344,0.33751654749501475,wikm1247,converged,-0.5384311667658013,-1.5752094817868139,Wik-Mungkan,Australia,Pama-Nyungan,141.81611,-13.98051,840,hunter-gatherer
smell_group,-6.383986116324334,0.023005403195962684,converged,-6.614921068142607,0.14443425708418522,buli1254,converged,-0.23093495181827262,-1.5789892287753637,Buli,Africa,Atlantic-Congo,-1.26748,10.5763,150000,other
taste_group,-6.774695661964866,0.023289593669973036,converged,-7.252376044169788,0.3016181344516086,cher1273,converged,-0.47768038220492137,-1.5790254075738348,Cherokee,North America,Iroquoian,276.837,35.4664,16400,other
ice_group,-7.833147994708722,0.055064859068445896,converged,-8.548614336167947,0.44725693247289655,boko1267,converged,-0.7154663414592255,-1.5876887161822693,Bokobaru,Africa,Mande,3.80058,9.52724,30000,other
ice_group,-7.833147994708722,0.055064859068445896,converged,-8.632350560880655,0.5000445602587257,kwai1243,converged,-0.7992025661719326,-1.588659365905695,Kwaio,Papunesia,Austronesian,160.965,-8.93744,13200,other
ice_group,-7.833147994708722,0.055064859068445896,converged,-8.63377550657307,0.5000444968121709,besi1244,converged,-0.8006275118643478,-1.5914920804970978,Besisi,Eurasia,Austroasiatic,101.676,2.717,2990,other
smell_group,-6.383986116324334,0.023005403195962684,converged,-6.548595287388592,0.10057572293248872,romb1245,converged,-0.16460917106425743,-1.5954632775455526,Romblomanon,Papunesia,Austronesian,122.56,12.4047,200000,other
snow_group,-7.500141475307639,0.05404147822644328,converged,-7.918271611959725,0.255525300270326,mbuk1240,converged,-0.41813013665208665,-1.6009427171923645,Mbukushu,Africa,Atlantic-Congo,22.5026,-17.6827,35100,other
smell_group,-6.383986116324334,0.023005403195962684,converged,-6.594185435580175,0.12918773822564034,mbuk1240,converged,-0.21019931925584068,-1.6018832848782802,Mbukushu,Africa,Atlantic-Congo,22.5026,-17.6827,35100,other
wind_group,-5.881572899913446,0.026381933148576345,converged,-6.112885402316446,0.1415778341000086,mara1382,converged,-0.23131250240300005,-1.6061707024233973,Mara Chin,Eurasia,Sino-Tibetan,93.0387,22.1138,42000,other
snow_group,-7.500141475307639,0.05404147822644328,converged,-7.999925059672891,0.3061209365211179,kach1280,converged,-0.49978358436525205,-1.607773453097666,Southern Jinghpaw,Eurasia,Sino-Tibetan,97.3278,25.4634,940000,other
ice_group,-7.833147994708722,0.055064859068445896,converged,-8.559179308160264,0.44725647706210087,nupe1254,converged,-0.7260313134515419,-1.6111350225271845,Nupe-Nupe-Tako,Africa,Atlantic-Congo,5.40031,9.18404,800000,other
rain_group,-6.300035984080432,0.027205812474801125,converged,-6.598236511922607,0.18269854676272712,gwer1238,converged,-0.29820052784217577,-1.6143987048869148,Gwere,Africa,Atlantic-Congo,33.8227,1.11392,409000,other
smell_group,-6.383986116324334,0.023005403195962684,converged,-6.60144092859282,0.13139558662173917,yama1264,converged,-0.2174548122684854,-1.6301652641638413,Yámana,South America,isolate_yama1264,291.7352,-55.2748,100,hunter-gatherer
wind_group,-5.881572899913446,0.026381933148576345,converged,-6.109876315892,0.1375130064645993,boko1266,converged,-0.2283034159785542,-1.6304960698412565,Boko,Africa,Mande,3.71771,10.5189,110000,other
ice_group,-7.833147994708722,0.055064859068445896,converged,-8.568722458037135,0.4472560698128069,cent2292,converged,-0.7355744633284127,-1.6323136765284956,Central Bontoc,Papunesia,Austronesian,120.92,17.08,19600,other
rain_group,-6.300035984080432,0.027205812474801125,converged,-6.644016156788693,0.20865009079590263,turk1308,converged,-0.3439801727082612,-1.6347601546791897,Turkana,Africa,Nilotic,35.7101,4.30688,476200,other
smell_group,-6.383986116324334,0.023005403195962684,converged,-6.7359419531936435,0.21332726210673042,bard1255,converged,-0.3519558368693092,-1.640329274404058,Bardi,Australia,Nyulnyulan,122.906,-16.6274,380,hunter-gatherer
smell_group,-6.383986116324334,0.023005403195962684,converged,-6.643916757601997,0.15627539160982318,geda1237,converged,-0.25993064127766274,-1.6455510274166876,Gedaged,Papunesia,Austronesian,145.781,-5.18175,6950,other
dance_group,-6.878031501894792,0.049752276779597655,converged,-7.362327961198785,0.28876673390942703,lush1249,converged,-0.4842964593039927,-1.6527684680192973,Mizo,Eurasia,Sino-Tibetan,92.6247,22.6138,541750,other
taste_group,-6.774695661964866,0.023289593669973036,converged,-6.909075619073158,0.07788875836048793,iban1264,converged,-0.13437995710829131,-1.6529682975071454,Iban,Papunesia,Austronesian,112.934,2.09041,694400,other
wind_group,-5.881572899913446,0.026381933148576345,converged,-6.096360669241663,0.12612988067548575,chan1313,converged,-0.21478776932821653,-1.666837779125859,Chang Naga,Eurasia,Sino-Tibetan,94.9536,26.4336,60900,other
smell_group,-6.383986116324334,0.023005403195962684,converged,-6.7707894239109265,0.2295472419498025,heil1246,converged,-0.3868033075865922,-1.6766712194371676,Heiltsuk-Oowekyala,North America,Wakashan,232.779,51.7045,300,hunter-gatherer
taste_group,-6.774695661964866,0.023289593669973036,converged,-7.183692175518002,0.2426276330400469,suss1239,converged,-0.40899651355313527,-1.6779836839842028,Sussex,Eurasia,Indo-European,-1,53,602255,other
rain_group,-6.300035984080432,0.027205812474801125,converged,-6.573429455118205,0.16023996419897812,jica1244,converged,-0.27339347103777367,-1.6820789322917595,Jicarilla Apache,North America,Athabaskan-Eyak-Tlingit,252.993,36.8079,680,hunter-gatherer
dance_group,-6.878031501894792,0.049752276779597655,converged,-7.295495599590543,0.24261790206505265,ngal1292,converged,-0.4174640976957509,-1.685589132210553,Ngalkbun,Australia,Gunwinyguan,133.936,-13.9783,100,hunter-gatherer
wind_group,-5.881572899913446,0.026381933148576345,converged,-6.183181928738949,0.17695902174016526,cher1273,converged,-0.3016090288255029,-1.6857691322250854,Cherokee,North America,Iroquoian,276.837,35.4664,16400,other
smell_group,-6.383986116324334,0.023005403195962684,converged,-6.600561330614638,0.1260737756674552,tokp1240,converged,-0.21657521429030346,-1.6899401629503439,Tok Pisin,Papunesia,Indo-European,147.303,-9.41971,125630,other
rain_group,-6.300035984080432,0.027205812474801125,converged,-6.549143937627372,0.14444082851622583,cham1312,converged,-0.24910795354694049,-1.6948351147245106,Chamorro,Papunesia,Austronesian,144.74474,13.438011,76700,other
ice_group,-7.833147994708722,0.055064859068445896,converged,-8.686218409119812,0.5000422235478116,mudb1240,converged,-0.8530704144110901,-1.6957460075616002,Mudburra,Australia,Pama-Nyungan,132.329,-16.7694,130,hunter-gatherer
rain_group,-6.300035984080432,0.027205812474801125,converged,-6.637056377726014,0.1962446354744911,wole1240,converged,-0.33702039364558267,-1.7010796936191088,Woleaian,Papunesia,Austronesian,143.916,7.37957,1630,other
wind_group,-5.881572899913446,0.026381933148576345,converged,-6.148620909428364,0.15446809103474626,kili1268,converged,-0.2670480095149177,-1.7041468551490198,Kiliwa,North America,Cochimi-Yuman,244.877,30.5471,100,hunter-gatherer
rain_group,-6.300035984080432,0.027205812474801125,converged,-6.625865920132641,0.18910745552053082,vure1239,converged,-0.32582993605220967,-1.7054301089330097,Vurës,Papunesia,Austronesian,167.451412,-13.905677,1050,other
taste_group,-6.774695661964866,0.023289593669973036,converged,-6.974872708719102,0.11476148530403671,tahi1242,converged,-0.2001770467542352,-1.7094417852897694,Tahitian,Papunesia,Austronesian,210.55,-17.6485,124260,other
smell_group,-6.383986116324334,0.023005403195962684,converged,-6.661034678504613,0.16023058884161298,west2420,converged,-0.27704856218027896,-1.7115108035835616,Western Parbate Kham,Eurasia,Sino-Tibetan,82.7348,28.6521,24500,other
rain_group,-6.300035984080432,0.027205812474801125,converged,-6.511573038387355,0.12047527507153061,alab1237,converged,-0.21153705430692327,-1.7127272285108357,Alabama,North America,Muskogean,265.37152000000003,30.76738,100,other
ice_group,-7.833147994708722,0.055064859068445896,converged,-8.695924979436604,0.5000418157108867,boko1266,converged,-0.8627769847278826,-1.7150422538728167,Boko,Africa,Mande,3.71771,10.5189,110000,other
ice_group,-7.833147994708722,0.055064859068445896,converged,-8.697262213233868,0.5000417598344786,gung1250,converged,-0.8641142185251462,-1.7177006188096158,Gungu,Africa,Atlantic-Congo,31.4819,2.06754,49000,other
dance_group,-6.878031501894792,0.049752276779597655,converged,-7.333110156560446,0.2582832473710268,gaaa1244,converged,-0.45507865466565356,-1.7301304327028775,Ga,Africa,Atlantic-Congo,-0.18598,5.65488,600000,other
rain_group,-6.300035984080432,0.027205812474801125,converged,-6.57599388014122,0.15628253191566005,bisl1239,converged,-0.27595789606078824,-1.7396010291052582,Bislama,Papunesia,Indo-European,166.89,-15.4,1200,other
snow_group,-7.500141475307639,0.05404147822644328,converged,-7.850820399714747,0.19321570463009424,tong1325,converged,-0.35067892440710846,-1.7478802401360931,Tonga,Papunesia,Austronesian,184.75,-21.17,102290,other
rain_group,-6.300035984080432,0.027205812474801125,converged,-6.600764171684518,0.169145696241657,chan1310,converged,-0.30072818760408637,-1.755363065466746,Chantyal,Eurasia,Sino-Tibetan,83.4488,28.684,2000,other
rain_group,-6.300035984080432,0.027205812474801125,converged,-6.717199917262505,0.23584480792730236,kosr1238,converged,-0.41716393318207334,-1.7571546009477925,Kosraean,Papunesia,Austronesian,162.98,5.31,8000,other
ice_group,-7.833147994708722,0.055064859068445896,converged,-8.625150332998299,0.44725373960763176,wikm1247,converged,-0.7920023382895769,-1.7575418234579459,Wik-Mungkan,Australia,Pama-Nyungan,141.81611,-13.98051,840,hunter-gatherer
rain_group,-6.300035984080432,0.027205812474801125,converged,-6.62481749015509,0.18269528575682908,caro1242,converged,-0.3247815060746584,-1.758333569939004,Carolinian,Papunesia,Austronesian,145.765,15.205,3000,other
taste_group,-6.774695661964866,0.023289593669973036,converged,-7.024718806822942,0.14009028036124144,niue1239,converged,-0.2500231448580754,-1.7605652087511217,Niuean,Papunesia,Austronesian,190.14,-19.06,7950,other
snow_group,-7.500141475307639,0.05404147822644328,converged,-8.075312909565753,0.3206268103423302,lozi1239,converged,-0.575171434258114,-1.7689459207321634,Lozi,Africa,Atlantic-Congo,24.7398,-17.7052,694000,other
rain_group,-6.300035984080432,0.027205812474801125,converged,-6.550365794106961,0.13877413809614958,yaga1260,converged,-0.2503298100265292,-1.7701690896772762,Yagaria,Papunesia,Nuclear Trans New Guinea,145.388,-6.32432,21100,other
smell_group,-6.383986116324334,0.023005403195962684,converged,-6.564031815648677,0.09812718351895344,mamp1244,converged,-0.1800456993243431,-1.7863827978922215,Mampruli,Africa,Atlantic-Congo,-0.74675,10.3884,220000,other
wind_group,-5.881572899913446,0.026381933148576345,converged,-6.144319745308139,0.1444923323678543,suss1239,converged,-0.26274684539469284,-1.7888411040086123,Sussex,Eurasia,Indo-European,-1,53,602255,other
rain_group,-6.300035984080432,0.027205812474801125,converged,-6.581728300223888,0.15441020302207828,iqui1243,converged,-0.2816923161434568,-1.7966376702741322,Iquito,South America,Zaparoan,286.02954,-3.31233,100,other
taste_group,-6.774695661964866,0.023289593669973036,converged,-7.226027175390457,0.25009090915653426,yong1270,converged,-0.45133151342559064,-1.796895134947838,Narua,Eurasia,Sino-Tibetan,100.9,27.8,47000,other
dance_group,-6.878031501894792,0.049752276779597655,converged,-7.145180671280375,0.14008321452999337,biat1246,converged,-0.26714916938558275,-1.797096865466643,Biatah Bidayuh,Papunesia,Austronesian,110.254,1.17596,72380,other
ice_group,-7.833147994708722,0.055064859068445896,converged,-8.342088606519042,0.27738313982967555,efik1245,converged,-0.5089406118103197,-1.7996743790589929,Efik,Africa,Atlantic-Congo,8.38121,4.89379,400000,other
ice_group,-7.833147994708722,0.055064859068445896,converged,-8.644776931847826,0.44725295945180293,misi1242,converged,-0.8116289371391039,-1.8010985375528377,Mising-Padam-Miri-Minyong,Eurasia,Sino-Tibetan,94.69,27.418,571000,other
dance_group,-6.878031501894792,0.049752276779597655,converged,-7.2093402566043645,0.17684205925998325,east2534,converged,-0.3313087547095721,-1.8034591062098306,Eastern Canadian Inuktitut,North America,Eskimo-Aleut,284.3861,62.1735,14000,hunter-gatherer
dance_group,-6.878031501894792,0.049752276779597655,converged,-7.386566164086629,0.2774359967587569,coma1245,converged,-0.5085346621918365,-1.8041991915214814,Comanche,North America,Uto-Aztecan,259,34,200,hunter-gatherer
rain_group,-6.300035984080432,0.027205812474801125,converged,-6.624563111804634,0.17689397961571673,uppe1395,converged,-0.32452712772420256,-1.8132656895913313,Upper Sorbian,Eurasia,Indo-European,14.4098,51.2403,18000,other
snow_group,-7.500141475307639,0.05404147822644328,converged,-8.12461400108988,0.3375121614592627,iqui1243,converged,-0.6244725257822408,-1.8269512761534137,Iquito,South America,Zaparoan,286.02954,-3.31233,100,other
snow_group,-7.500141475307639,0.05404147822644328,converged,-8.126424672797869,0.33751207315192155,rotu1241,converged,-0.6262831974902303,-1.8322490286336535,Rotuman,Papunesia,Austronesian,177.066,-12.5008,9000,other
smell_group,-6.383986116324334,0.023005403195962684,converged,-6.777439489980944,0.21332211970286216,yeyi1239,converged,-0.3934533736566097,-1.8337768506181353,Yeyi,Africa,Atlantic-Congo,23.6088,-18.9178,24000,other
ice_group,-7.833147994708722,0.055064859068445896,converged,-8.304958669749487,0.250030910935159,biat1246,converged,-0.4718106750407651,-1.8428474313002756,Biatah Bidayuh,Papunesia,Austronesian,110.254,1.17596,72380,other
smell_group,-6.383986116324334,0.023005403195962684,converged,-6.691781906336249,0.1645009710168793,tana1289,converged,-0.30779579001191504,-1.853054776008098,Dena'ina,North America,Athabaskan-Eyak-Tlingit,209.241,60.4712,100,hunter-gatherer
ice_group,-7.833147994708722,0.055064859068445896,converged,-8.541356047062362,0.3780013665881959,buli1254,converged,-0.7082080523536396,-1.8539911580068595,Buli,Africa,Atlantic-Congo,-1.26748,10.5763,150000,other
ice_group,-7.833147994708722,0.055064859068445896,converged,-8.766433247528694,0.5000389690743423,kwom1262,converged,-0.9332852528199718,-1.8552101814699313,Kwoma,Papunesia,Sepik,142.664,-4.08721,3000,hunter-gatherer
smell_group,-6.383986116324334,0.023005403195962684,converged,-6.743971933891984,0.19256340559690938,cent1990,converged,-0.35998581756765,-1.856240407571433,Central Nicobarese,Eurasia,Austroasiatic,93.3921,7.94812,10100,other
rain_group,-6.300035984080432,0.027205812474801125,converged,-6.649073879607752,0.18581555756779228,suss1239,converged,-0.3490378955273208,-1.8585950054995706,Sussex,Eurasia,Indo-European,-1,53,602255,other
smell_group,-6.383986116324334,0.023005403195962684,converged,-6.66822824841935,0.1508514206618165,ralu1237,converged,-0.2842421320950157,-1.862715822635503,Raluana,Papunesia,Austronesian,152.114,-4.30986,61000,other
taste_group,-6.774695661964866,0.023289593669973036,converged,-7.102998046723809,0.17414924250596145,toab1237,converged,-0.3283023847589428,-1.8685432874949512,To'abaita,Papunesia,Austronesian,160.619,-8.39233,12600,other
rain_group,-6.300035984080432,0.027205812474801125,converged,-6.594446030388777,0.15440885316045935,sout2668,converged,-0.29441004630834566,-1.877767458654241,Southern Hindko,Eurasia,Indo-European,72.1702,33.2122,625000,other
wind_group,-5.881572899913446,0.026381933148576345,converged,-6.203633814941112,0.16920166085252034,tele1256,converged,-0.32206091502766565,-1.8806910971952207,Telefol,Papunesia,Nuclear Trans New Guinea,141.731,-5.07444,5400,other
smell_group,-6.383986116324334,0.023005403195962684,converged,-6.85849938137767,0.2501312767227667,twee1234,converged,-0.4745132650533357,-1.8890837626735495,Tweed-Albert,Australia,Pama-Nyungan,153.286993,-28.028726,210,other
smell_group,-6.383986116324334,0.023005403195962684,converged,-6.711382523673282,0.1716029086956668,pohn1238,converged,-0.3273964073489477,-1.8909551339421313,Pohnpeian,Papunesia,Austronesian,158.223,6.87212,29000,other
smell_group,-6.383986116324334,0.023005403195962684,converged,-6.602918352839037,0.11330446874148854,tiko1237,converged,-0.21893223651470262,-1.8936088871615055,Tikopia,Papunesia,Austronesian,168.822,-12.2766,3320,other
ice_group,-7.833147994708722,0.055064859068445896,converged,-8.31904708435227,0.2500304785553289,mamb1296,converged,-0.48589908964354844,-1.8978785632620228,Mambwe-Lungu,Africa,Atlantic-Congo,31.2269,-8.86817,674000,other
snow_group,-7.500141475307639,0.05404147822644328,converged,-8.090604750986024,0.3061166122199873,buli1254,converged,-0.5904632756783856,-1.899510537362432,Buli,Africa,Atlantic-Congo,-1.26748,10.5763,150000,other
rain_group,-6.300035984080432,0.027205812474801125,converged,-6.72820986513636,0.22374054992349351,dako1258,converged,-0.4281738810559288,-1.8997145912009104,Dakota,North America,Siouan,263.42,45.86,19280,hunter-gatherer
wind_group,-5.881572899913446,0.026381933148576345,converged,-6.1731230053169,0.15091273196915445,vure1239,converged,-0.29155010540345394,-1.9030515834726331,Vurës,Papunesia,Austronesian,167.451412,-13.905677,1050,other
snow_group,-7.500141475307639,0.05404147822644328,converged,-7.998128612700237,0.2555218787342288,raro1241,converged,-0.4979871373925979,-1.9067247954213062,Southern Cook Island Maori,Papunesia,Austronesian,200.22,-21.23,32300,other
wind_group,-5.881572899913446,0.026381933148576345,converged,-6.125469460420513,0.12513657961479363,bang1354,converged,-0.24389656050706687,-1.907120546597985,Bobangi,Africa,Atlantic-Congo,17.227,-0.87437,111300,other
wind_group,-5.881572899913446,0.026381933148576345,converged,-6.217875481982988,0.17425107952232222,heil1246,converged,-0.3363025820695418,-1.9082415830187314,Heiltsuk-Oowekyala,North America,Wakashan,232.779,51.7045,300,hunter-gatherer
snow_group,-7.500141475307639,0.05404147822644328,converged,-7.959356695674024,0.23289692834608894,efik1245,converged,-0.45921522036638507,-1.9207224620107126,Efik,Africa,Atlantic-Congo,8.38121,4.89379,400000,other
dance_group,-6.878031501894792,0.049752276779597655,converged,-7.421453695403355,0.2774330520811404,tain1252,converged,-0.5434221935085626,-1.9279943674677007,Tai Nüa,Eurasia,Tai-Kadai,99.722,21.7837,647400,other
dance_group,-6.878031501894792,0.049752276779597655,converged,-7.403844278705003,0.2673425982434567,rabh1238,converged,-0.525812776810211,-1.933614151824535,Rabha,Eurasia,Sino-Tibetan,91.1689,25.8248,50000,other
rain_group,-6.300035984080432,0.027205812474801125,converged,-6.759448600776886,0.2358389126390571,cher1273,converged,-0.4594126166964543,-1.9351598809942212,Cherokee,North America,Iroquoian,276.837,35.4664,16400,other
snow_group,-7.500141475307639,0.05404147822644328,converged,-8.16263257359616,0.33751034042684447,geda1237,converged,-0.6624910982885206,-1.9381882702863074,Gedaged,Papunesia,Austronesian,145.781,-5.18175,6950,other
smell_group,-6.383986116324334,0.023005403195962684,converged,-6.856957217985386,0.24266317867258005,luxe1241,converged,-0.4729711016610514,-1.940384394457414,Moselle Franconian,Eurasia,Indo-European,6.14931,49.6839,320000,other
rain_group,-6.300035984080432,0.027205812474801125,converged,-6.718518961147075,0.2133294855441946,anei1239,converged,-0.4184829770666436,-1.9459141930388109,Aneityum,Papunesia,Austronesian,169.825,-20.1864,900,other
taste_group,-6.774695661964866,0.023289593669973036,converged,-7.22364112259897,0.2294993570999849,nupe1254,converged,-0.44894546063410345,-1.9461993540082096,Nupe-Nupe-Tako,Africa,Atlantic-Congo,5.40031,9.18404,800000,other
rain_group,-6.300035984080432,0.027205812474801125,converged,-6.546676713928181,0.12317976991966095,ahte1237,converged,-0.24664072984774954,-1.9551637841411438,Ahtena,North America,Athabaskan-Eyak-Tlingit,215.111,61.7068,100,hunter-gatherer
dance_group,-6.878031501894792,0.049752276779597655,converged,-7.326202421314926,0.223680359919275,rotu1241,converged,-0.448170919420134,-1.955825655779469,Rotuman,Papunesia,Austronesian,177.066,-12.5008,9000,other
dance_group,-6.878031501894792,0.049752276779597655,converged,-7.410779119257462,0.2673420360872442,sora1254,converged,-0.53274761736267,-1.9591201874884263,Sora,Eurasia,Austroasiatic,84.19,19.1213,310000,other
smell_group,-6.383986116324334,0.023005403195962684,converged,-6.75826041069302,0.18909193230750643,uppe1395,converged,-0.37427429436868564,-1.9648363857946038,Upper Sorbian,Eurasia,Indo-European,14.4098,51.2403,18000,other
wind_group,-5.881572899913446,0.026381933148576345,converged,-6.223684430680516,0.17166845021775473,bini1246,converged,-0.34211153076706946,-1.9697376850871657,Bini,Africa,Atlantic-Congo,5.70426,6.40701,1000000,other
dance_group,-6.878031501894792,0.049752276779597655,converged,-7.4338029193018285,0.27743203411417194,yong1270,converged,-0.5557714174070361,-1.9718148878459203,Narua,Eurasia,Sino-Tibetan,100.9,27.8,47000,other
taste_group,-6.774695661964866,0.023289593669973036,converged,-7.286602589188543,0.2582872626377591,doro1266,converged,-0.5119069272236763,-1.9739204096868856,Doromu-Koki,Papunesia,Manubaran,147.986,-9.56687,1500,other
rain_group,-6.300035984080432,0.027205812474801125,converged,-6.692799271911063,0.1962376706378773,coma1245,converged,-0.39276328783063175,-1.9825059006220327,Comanche,North America,Uto-Aztecan,259,34,200,hunter-gatherer
rain_group,-6.300035984080432,0.027205812474801125,converged,-6.537533389680652,0.11633177491107662,khot1251,converged,-0.23749740560022037,-1.9879141027626506,Khotanese,Eurasia,Indo-European,79.04,38.33,83000,other
smell_group,-6.383986116324334,0.023005403195962684,converged,-6.832277137808128,0.22372733406276438,yaqu1251,converged,-0.44829102148379363,-1.993228211944497,Yaqui,North America,Uto-Aztecan,249.319,29.9446,14620,other
taste_group,-6.774695661964866,0.023289593669973036,converged,-7.205567684090123,0.21327984617887147,tuva1244,converged,-0.4308720221252562,-2.008281163453902,Tuvalu,Papunesia,Austronesian,179.198088,-8.520813,12580,hunter-gatherer
smell_group,-6.383986116324334,0.023005403195962684,converged,-6.654175127996164,0.13253854992810965,hmon1333,converged,-0.27018901167182996,-2.008536828451532,Hmong Daw,Eurasia,Hmong-Mien,103.164,21.5461,435400,other
ice_group,-7.833147994708722,0.055064859068445896,converged,-8.66175518935017,0.4082836199574259,ralu1237,converged,-0.8286071946414486,-2.011279360389766,Raluana,Papunesia,Austronesian,152.114,-4.30986,61000,other
wind_group,-5.881572899913446,0.026381933148576345,converged,-6.10002323984855,0.1049459734388784,corn1251,converged,-0.21845033993510388,-2.0187405792289854,Cornish,Eurasia,Indo-European,-4.18619,50.5233,468425,other
snow_group,-7.500141475307639,0.05404147822644328,converged,-8.193400410240695,0.3375089165411115,aros1241,converged,-0.6932589349330565,-2.0282111961979195,Arosi,Papunesia,Austronesian,161.432,-10.2441,6750,other
dance_group,-6.878031501894792,0.049752276779597655,converged,-7.412200591785297,0.2582768334810401,ladi1251,converged,-0.5341690898905043,-2.0308672327027364,Ladino,Eurasia,Indo-European,28.6632,41.205,8000,other
ice_group,-7.833147994708722,0.055064859068445896,converged,-8.74919340651771,0.4472490567775348,geda1237,converged,-0.9160454118089882,-2.0328282518246845,Gedaged,Papunesia,Austronesian,145.781,-5.18175,6950,other
wind_group,-5.881572899913446,0.026381933148576345,converged,-6.184806713572502,0.14601519173255967,cent2100,converged,-0.30323381365905533,-2.0436383982733077,Kadazan Dusun,Papunesia,Austronesian,116.681,6.02998,141000,other
rain_group,-6.300035984080432,0.027205812474801125,converged,-6.492843249875592,0.09023520479670497,tahi1242,converged,-0.19280726579516028,-2.045759630060688,Tahitian,Papunesia,Austronesian,210.55,-17.6485,124260,other
smell_group,-6.383986116324334,0.023005403195962684,converged,-6.616296536558607,0.11118544066008182,kate1253,converged,-0.23231042023427229,-2.0460573039551644,Kâte,Papunesia,Nuclear Trans New Guinea,147.757,-6.4795,6130,other
snow_group,-7.500141475307639,0.05404147822644328,converged,-8.200022752831323,0.33750861575662505,pint1250,converged,-0.6998812775236845,-2.0475874236637073,Pintupi-Luritja,Australia,Pama-Nyungan,130.643,-23.2963,390,hunter-gatherer
wind_group,-5.881572899913446,0.026381933148576345,converged,-6.259900087618026,0.18274859217859185,tang1336,converged,-0.3783271877045795,-2.0489652680371693,East-Central Tangkhul Naga,Eurasia,Sino-Tibetan,94.3567,25.0489,125000,other
wind_group,-5.881572899913446,0.026381933148576345,converged,-6.21060007702878,0.15827255243522206,sout2832,converged,-0.3290271771153339,-2.0505725576257374,Southwestern Dinka,Africa,Nilotic,28.0613,8.81115,450000,other
wind_group,-5.881572899913446,0.026381933148576345,converged,-6.274694760442275,0.18916011427170248,kosr1238,converged,-0.39312186052882847,-2.0583268188388377,Kosraean,Papunesia,Austronesian,162.98,5.31,8000,other
wind_group,-5.881572899913446,0.026381933148576345,converged,-6.209718113132126,0.15633062259656433,gras1249,converged,-0.3281452132186802,-2.0697805257357484,Grass Koiari,Papunesia,Koiarian,147.437,-9.51218,1700,other
wind_group,-5.881572899913446,0.026381933148576345,converged,-6.189617569122744,0.14601447124610673,gaaa1244,converged,-0.3080446692092975,-2.0760709859907003,Ga,Africa,Atlantic-Congo,-0.18598,5.65488,600000,other
ice_group,-7.833147994708722,0.055064859068445896,converged,-8.7696935829084115,0.44724833726536434,maga1263,converged,-0.9365455881996896,-2.0783242002417834,Mag-Anchi Ayta,Papunesia,Austronesian,120.459,15.1954,8200,hunter-gatherer
snow_group,-7.500141475307639,0.05404147822644328,converged,-8.177093673945558,0.32062210873023705,bara1370,converged,-0.6769521986379194,-2.0820034409731663,Baram Kayan,Papunesia,Austronesian,114.482,3.51211,4150,other
smell_group,-6.383986116324334,0.023005403195962684,converged,-6.842835732884769,0.21833428647664077,kili1268,converged,-0.45884961656043455,-2.090022045602427,Kiliwa,North America,Cochimi-Yuman,244.877,30.5471,100,hunter-gatherer
wind_group,-5.881572899913446,0.026381933148576345,converged,-6.140602685115821,0.12051541658542657,lozi1239,converged,-0.2590297852023751,-2.099630042501335,Lozi,Africa,Atlantic-Congo,24.7398,-17.7052,694000,other
wind_group,-5.881572899913446,0.026381933148576345,converged,-6.10437021062718,0.10271232653750405,thao1240,converged,-0.22279731071373376,-2.100942748238182,Thao,Papunesia,Austronesian,120.93,23.8333,100,other
wind_group,-5.881572899913446,0.026381933148576345,converged,-6.244000451309696,0.1691949064238812,sout2789,converged,-0.3624275513962498,-2.1164966077620995,Central Dagaare,Africa,Atlantic-Congo,-2.52265,10.4226,700000,other
taste_group,-6.774695661964866,0.023289593669973036,converged,-7.026438809974303,0.11629924653648943,cent2128,converged,-0.251743148009437,-2.122475642400208,Central Siberian Yupik,Eurasia,Eskimo-Aleut,189.728,63.4308,1130,hunter-gatherer
dance_group,-6.878031501894792,0.049752276779597655,converged,-7.403706113689701,0.24260946491009314,yuca1254,converged,-0.5256746117949085,-2.1225800941358512,Yucatec Maya,North America,Mayan,271.0433,18.7757,706000,other
rain_group,-6.300035984080432,0.027205812474801125,converged,-6.778500443126301,0.22373399165508193,yana1271,converged,-0.47846445904586954,-2.1229042918424472,Yana,North America,isolate_yana1271,238.392,39.2769,1500,hunter-gatherer
snow_group,-7.500141475307639,0.05404147822644328,converged,-8.227034332311513,0.3375074093224127,taku1257,converged,-0.7268928570038744,-2.1266204818197023,Takuu,Papunesia,Austronesian,157.032085,-4.773094,1750,other
dance_group,-6.878031501894792,0.049752276779597655,converged,-7.528282889658912,0.30159238911380104,akha1245,converged,-0.6502513877641194,-2.127308820383003,Akha,Eurasia,Sino-Tibetan,100.964,21.2309,563960,other
taste_group,-6.774695661964866,0.023289593669973036,converged,-7.222566018824703,0.20859050040144667,geda1237,converged,-0.4478703568598368,-2.1338678580273718,Gedaged,Papunesia,Austronesian,145.781,-5.18175,6950,other
rain_group,-6.300035984080432,0.027205812474801125,converged,-6.584323074109487,0.13027883157984926,yama1264,converged,-0.2842870900290553,-2.1360646084297,Yámana,South America,isolate_yama1264,291.7352,-55.2748,100,hunter-gatherer
taste_group,-6.774695661964866,0.023289593669973036,converged,-7.150344887792744,0.1741459327491675,nucl1706,converged,-0.3756492258278774,-2.1380592342404143,Neo-Mandaic,Eurasia,Afro-Asiatic,48.8128,31.3443,500,other
taste_group,-6.774695661964866,0.023289593669973036,converged,-7.245722995457707,0.21829569493502593,bisl1239,converged,-0.47102733349284076,-2.14557275091316,Bislama,Papunesia,Indo-European,166.89,-15.4,1200,other
snow_group,-7.500141475307639,0.05404147822644328,converged,-8.234413132649372,0.33750708538551033,kyak1244,converged,-0.7342716573417336,-2.1482101412134105,Kyaka,Papunesia,Nuclear Trans New Guinea,144.119,-5.52462,15400,other
wind_group,-5.881572899913446,0.026381933148576345,converged,-6.2613760172149835,0.17424370075879284,hoch1243,converged,-0.37980311730153726,-2.155160692045996,Ho-Chunk,North America,Siouan,271.5,43.5,100,hunter-gatherer
wind_group,-5.881572899913446,0.026381933148576345,converged,-6.092063745668223,0.09376439044355682,kala1397,converged,-0.2104908457547765,-2.160982254618705,Kalam,Papunesia,Nuclear Trans New Guinea,144.585,-5.25216,15000,other
snow_group,-7.500141475307639,0.05404147822644328,converged,-8.239272876153716,0.3375068733394349,magu1243,converged,-0.7391314008460776,-2.1624292967733716,Maguindanao,Papunesia,Austronesian,124.509,6.9453,1000000,other
smell_group,-6.383986116324334,0.023005403195962684,converged,-6.804573458204874,0.19255674427002106,mung1266,converged,-0.42058734188053926,-2.1688016825498186,Mungaka,Africa,Atlantic-Congo,10.0294,5.89752,50100,other
dance_group,-6.878031501894792,0.049752276779597655,converged,-7.448838489910281,0.258274029875847,chan1310,converged,-0.5708069880154882,-2.170184242247205,Chantyal,Eurasia,Sino-Tibetan,83.4488,28.684,2000,other
ice_group,-7.833147994708722,0.055064859068445896,converged,-8.446919280044602,0.2773798515536501,kate1253,converged,-0.6137712853358801,-2.1703928304291167,Kâte,Papunesia,Nuclear Trans New Guinea,147.757,-6.4795,6130,other
ice_group,-7.833147994708722,0.055064859068445896,converged,-8.813587204547012,0.44724684540780607,taku1257,converged,-0.9804392098382904,-2.175737366983679,Takuu,Papunesia,Austronesian,157.032085,-4.773094,1750,other
rain_group,-6.300035984080432,0.027205812474801125,converged,-6.739904513418062,0.2001182411006217,temi1246,converged,-0.4398685293376303,-2.1780082745080733,Temiar,Eurasia,Austroasiatic,101.438,4.974,25725,other
snow_group,-7.500141475307639,0.05404147822644328,converged,-8.24527802474787,0.33750661273494087,lund1271,converged,-0.7451365494402316,-2.179999815762347,Lundayeh,Papunesia,Austronesian,115.5,4.25064,47500,other
ice_group,-7.833147994708722,0.055064859068445896,converged,-8.934356277347186,0.5000329455374599,iqui1243,converged,-1.1012082826384644,-2.189038267828679,Iquito,South America,Zaparoan,286.02954,-3.31233,100,other
ice_group,-7.833147994708722,0.055064859068445896,converged,-8.540264979060959,0.3162586675443098,khot1251,converged,-0.7071169843522371,-2.2027424596157616,Khotanese,Eurasia,Indo-European,79.04,38.33,83000,other
dance_group,-6.878031501894792,0.049752276779597655,converged,-7.3829329995030575,0.22367630349505838,maga1263,converged,-0.5049014976082651,-2.2034369571171153,Mag-Anchi Ayta,Papunesia,Austronesian,120.459,15.1954,8200,hunter-gatherer
wind_group,-5.881572899913446,0.026381933148576345,converged,-6.1873130283050095,0.1362225401991047,cent2292,converged,-0.3057401283915633,-2.2034738354184666,Central Bontoc,Papunesia,Austronesian,120.92,17.08,19600,other
wind_group,-5.881572899913446,0.026381933148576345,converged,-6.264574041684764,0.1716616478271292,maha1287,converged,-0.3830011417713175,-2.2052486385743513,Mahasu Pahari,Eurasia,Indo-European,77.5317,31.0088,1000000,other
ice_group,-7.833147994708722,0.055064859068445896,converged,-8.382989303887044,0.24256336241318238,jewi1240,converged,-0.5498413091783219,-2.2105502072523757,Jewish Babylonian Aramaic,Eurasia,Afro-Asiatic,44.245,32.273,200000,other
snow_group,-7.500141475307639,0.05404147822644328,converged,-8.257556317673819,0.3375060847415068,ralu1237,converged,-0.7574148423661802,-2.2159250362364995,Raluana,Papunesia,Austronesian,152.114,-4.30986,61000,other
snow_group,-7.500141475307639,0.05404147822644328,converged,-8.016947243477452,0.22673924543264748,kate1253,converged,-0.5168057681698128,-2.2171896180525095,Kâte,Papunesia,Nuclear Trans New Guinea,147.757,-6.4795,6130,other
rain_group,-6.300035984080432,0.027205812474801125,converged,-6.596914445238418,0.13027770683879752,east2534,converged,-0.296878461157986,-2.2306915869128225,Eastern Canadian Inuktitut,North America,Eskimo-Aleut,284.3861,62.1735,14000,hunter-gatherer
wind_group,-5.881572899913446,0.026381933148576345,converged,-6.275845723048975,0.1742413165607345,busa1253,converged,-0.3942728231355286,-2.237297742121841,Busa,Africa,Mande,4.39929,9.91074,40000,hunter-gatherer
dance_group,-6.878031501894792,0.049752276779597655,converged,-7.448588633333932,0.2500727722967176,yoga1237,converged,-0.5705571314391396,-2.2377081410134214,Yogad,Papunesia,Austronesian,121.718,16.7015,16000,other
ice_group,-7.833147994708722,0.055064859068445896,converged,-8.361868138148703,0.22944253007930765,tahi1242,converged,-0.5287201434399806,-2.2407416755581555,Tahitian,Papunesia,Austronesian,210.55,-17.6485,124260,other
ice_group,-7.833147994708722,0.055064859068445896,converged,-8.691578578125997,0.37799622093276247,muna1247,converged,-0.8584305834172747,-2.2472830142008573,Muna,Papunesia,Austronesian,122.541,-5.40419,300000,other
dance_group,-6.878031501894792,0.049752276779597655,converged,-7.805202923056268,0.40833148478565967,kokb1239,converged,-0.9271714211614759,-2.253964981440796,Kok Borok,Eurasia,Sino-Tibetan,91.4673,23.1916,696000,other
rain_group,-6.300035984080432,0.027205812474801125,converged,-6.649926169681463,0.15085318859615607,magu1243,converged,-0.3498901856010317,-2.282585342093663,Maguindanao,Papunesia,Austronesian,124.509,6.9453,1000000,other
dance_group,-6.878031501894792,0.049752276779597655,converged,-7.390269607761473,0.21828522515048016,magu1243,converged,-0.5122381058666807,-2.2879693283131814,Maguindanao,Papunesia,Austronesian,124.509,6.9453,1000000,other
taste_group,-6.774695661964866,0.023289593669973036,converged,-7.277379353209613,0.21829327091935,rotu1241,converged,-0.502683691244747,-2.289795507329137,Rotuman,Papunesia,Austronesian,177.066,-12.5008,9000,other
dance_group,-6.878031501894792,0.049752276779597655,converged,-7.5515809042108275,0.2887509421731136,cent2100,converged,-0.6735494023160351,-2.298757959064787,Kadazan Dusun,Papunesia,Austronesian,116.681,6.02998,141000,other
smell_group,-6.383986116324334,0.023005403195962684,converged,-6.705454324554013,0.13744461784575554,tuwa1243,converged,-0.32146820822967825,-2.3068023249586482,Tuwali Ifugao,Papunesia,Austronesian,121.113,16.6646,30000,other
snow_group,-7.500141475307639,0.05404147822644328,converged,-8.163722898553525,0.28233917702826106,toke1240,converged,-0.6635814232458861,-2.3083935876045376,Tokelau,Papunesia,Austronesian,188.219167,-9.227642,3250,hunter-gatherer
taste_group,-6.774695661964866,0.023289593669973036,converged,-7.259972475829123,0.2085877073484956,pint1250,converged,-0.4852768138642567,-2.312120627415034,Pintupi-Luritja,Australia,Pama-Nyungan,130.643,-23.2963,390,hunter-gatherer
dance_group,-6.878031501894792,0.049752276779597655,converged,-7.396276863815978,0.21828482192701543,lund1271,converged,-0.5182453619211858,-2.3148054804814078,Lundayeh,Papunesia,Austronesian,115.5,4.25064,47500,other
dance_group,-6.878031501894792,0.049752276779597655,converged,-7.508317135374435,0.2673345287437741,arom1237,converged,-0.6302856334796427,-2.3178683178686286,Aromanian,Eurasia,Indo-European,21.2,40.616,69700,other
dance_group,-6.878031501894792,0.049752276779597655,converged,-7.366708493338872,0.20418863268656515,anda1287,converged,-0.4886769914440796,-2.3252337317539737,Andalusian Arabic,Eurasia,Afro-Asiatic,-5.2,36.54,500000,other
ice_group,-7.833147994708722,0.055064859068445896,converged,-9.003131683751256,0.5000307559863901,aros1241,converged,-1.1699836890425344,-2.325763607898063,Arosi,Papunesia,Austronesian,161.432,-10.2441,6750,other
taste_group,-6.774695661964866,0.023289593669973036,converged,-7.045493718654367,0.1140102141792689,dagb1246,converged,-0.2707980566895003,-2.3271503268562164,Dagbani,Africa,Atlantic-Congo,-0.43227,9.64745,800000,other
wind_group,-5.881572899913446,0.026381933148576345,converged,-6.322131789972615,0.18586202817246042,luxe1241,converged,-0.4405588900591688,-2.3468304074664337,Moselle Franconian,Eurasia,Indo-European,6.14931,49.6839,320000,other
taste_group,-6.774695661964866,0.023289593669973036,converged,-7.116692270868334,0.14291509166795213,loui1240,converged,-0.34199660890346717,-2.3618500436707017,Louisiana Creole French,North America,Indo-European,269.2525,30.0412,70000,other
wind_group,-5.881572899913446,0.026381933148576345,converged,-6.153636541434834,0.11192216835020496,nuuc1236,converged,-0.2720636415213882,-2.3659874421089695,Nuu-chah-nulth,North America,Wakashan,233.33,49.67,7680,hunter-gatherer
smell_group,-6.383986116324334,0.023005403195962684,converged,-6.882303682786337,0.2086213314791932,kwai1243,converged,-0.49831756646200276,-2.3742303196669146,Kwaio,Papunesia,Austronesian,160.965,-8.93744,13200,other
snow_group,-7.500141475307639,0.05404147822644328,converged,-8.23880074136336,0.3061103370237343,here1253,converged,-0.7386592660557207,-2.376301814005085,Herero,Africa,Atlantic-Congo,20.5655,-21.0231,237000,other
smell_group,-6.383986116324334,0.023005403195962684,converged,-7.023059053334287,0.2673802930749792,tang1336,converged,-0.6390729370099528,-2.3813291980630336,East-Central Tangkhul Naga,Eurasia,Sino-Tibetan,94.3567,25.0489,125000,other
ice_group,-7.833147994708722,0.055064859068445896,converged,-8.274954418862178,0.17679921767732817,samo1305,converged,-0.44180642415345606,-2.3858747309542157,Samoan,Papunesia,Austronesian,188.17,-13.92,306840,other
rain_group,-6.300035984080432,0.027205812474801125,converged,-6.505180030939652,0.08143968118642815,fiji1243,converged,-0.20514404685922027,-2.3891819959339844,Fijian,Papunesia,Austronesian,178.33,-18,333440,other
smell_group,-6.383986116324334,0.023005403195962684,converged,-6.899768927351435,0.21330814446129984,lisu1250,converged,-0.5157828110271003,-2.4040760540847543,Lisu,Eurasia,Sino-Tibetan,98.94,26.91,766000,other
taste_group,-6.774695661964866,0.023289593669973036,converged,-7.475717094121471,0.2887569161704759,naka1262,converged,-0.7010214321566046,-2.4198636422613102,Nakanai,Papunesia,Austronesian,150.888,-5.59931,13000,other
dance_group,-6.878031501894792,0.049752276779597655,converged,-7.968111722197171,0.4472910310816536,kati1270,converged,-1.0900802203023785,-2.422134036395141,Katë,Eurasia,Indo-European,70.9826,35.4145,19400,other
taste_group,-6.774695661964866,0.023289593669973036,converged,-7.221031996097932,0.18264090893798934,surs1246,converged,-0.4463363341330657,-2.424162389802027,Sursurunga,Papunesia,Austronesian,152.768,-3.99078,3000,other
taste_group,-6.774695661964866,0.023289593669973036,converged,-7.200512685406174,0.17156255969314443,toke1240,converged,-0.4258170234413079,-2.4594349015416546,Tokelau,Papunesia,Austronesian,188.219167,-9.227642,3250,hunter-gatherer
snow_group,-7.500141475307639,0.05404147822644328,converged,-8.341941431343864,0.33750262618486476,mans1262,converged,-0.8417999560362253,-2.462830315997775,Mansaka,Papunesia,Austronesian,126.181,6.79221,57800,other
taste_group,-6.774695661964866,0.023289593669973036,converged,-7.236711657441545,0.18576214633491692,choc1276,converged,-0.46201599547667893,-2.4678179747575646,Choctaw,North America,Muskogean,271.5,32.25,11400,other
dance_group,-6.878031501894792,0.049752276779597655,converged,-7.820726220733074,0.3780403096890584,baba1267,converged,-0.9426947188382817,-2.4723170111658264,Baba Malay,Eurasia,Austronesian,103.076,1.75414,15000,other
ice_group,-7.833147994708722,0.055064859068445896,converged,-8.853832080893746,0.4082774463194923,yiry1245,converged,-1.0206840861850237,-2.4775446516947675,Yir-Yoront,Australia,Pama-Nyungan,141.767,-15.1117,100,hunter-gatherer
snow_group,-7.500141475307639,0.05404147822644328,converged,-8.349653896213937,0.3375023243994888,mbay1241,converged,-0.8495124209062981,-2.485396623091649,Mbay,Africa,Central Sudanic,15.7328,8.23066,88300,other
rain_group,-6.300035984080432,0.027205812474801125,converged,-6.823711825364748,0.20862778135923546,saur1248,converged,-0.5236758412843168,-2.4890225695554564,Saurashtra,Eurasia,Indo-European,77.9427,9.99172,310000,other
rain_group,-6.300035984080432,0.027205812474801125,converged,-6.652192829635,0.1387645479942184,choc1276,converged,-0.3521568455545685,-2.490389178864321,Choctaw,North America,Muskogean,271.5,32.25,11400,other
smell_group,-6.383986116324334,0.023005403195962684,converged,-6.94639890257629,0.22371433726934142,mali1284,converged,-0.5624127862519552,-2.5007894942158906,Mali,Papunesia,Baining,152.214,-4.71826,2200,other
ice_group,-7.833147994708722,0.055064859068445896,converged,-9.092204149033464,0.5000281350938481,bara1370,converged,-1.2590561543247416,-2.50284014728807,Baram Kayan,Papunesia,Austronesian,114.482,3.51211,4150,other
snow_group,-7.500141475307639,0.05404147822644328,converged,-8.119974636330188,0.24154193033425841,loui1240,converged,-0.6198331610225489,-2.5042387341997654,Louisiana Creole French,North America,Indo-European,269.2525,30.0412,70000,other
rain_group,-6.300035984080432,0.027205812474801125,converged,-6.689483561919633,0.1525933893060671,shil1265,converged,-0.38944757783920103,-2.512570315776745,Shilluk,Africa,Nilotic,31.7926,9.85472,175000,other
rain_group,-6.300035984080432,0.027205812474801125,converged,-6.60217889423005,0.11712055657890491,caju1236,converged,-0.3021429101496187,-2.512855957993229,Cajun French,North America,Indo-European,268.3867,29.6869,17200,other
dance_group,-6.878031501894792,0.049752276779597655,converged,-7.38892232629999,0.1961767317547322,nucl1706,converged,-0.5108908244051973,-2.52432316453452,Neo-Mandaic,Eurasia,Afro-Asiatic,48.8128,31.3443,500,other
rain_group,-6.300035984080432,0.027205812474801125,converged,-6.628254700413267,0.12708407620053966,plai1258,converged,-0.3282187163328354,-2.5254678826998638,Plains Cree,North America,Algic,249.537,51.2437,34100,hunter-gatherer
taste_group,-6.774695661964866,0.023289593669973036,converged,-7.248307849659735,0.18576137622714892,oldn1244,converged,-0.4736121876948687,-2.5297683451297694,Old Norse,Eurasia,Indo-European,10.38,63.42,900000,other
rain_group,-6.300035984080432,0.027205812474801125,converged,-6.925595197111894,0.2426547194206749,hoch1243,converged,-0.6255592130314627,-2.5619289904493905,Ho-Chunk,North America,Siouan,271.5,43.5,100,hunter-gatherer
wind_group,-5.881572899913446,0.026381933148576345,converged,-6.1057538324031135,0.0834261985502874,biat1246,converged,-0.2241809324896673,-2.5621201720429103,Biatah Bidayuh,Papunesia,Austronesian,110.254,1.17596,72380,other
smell_group,-6.383986116324334,0.023005403195962684,converged,-6.794614576007295,0.158202385446856,sanj1284,converged,-0.410628459682961,-2.5685737624076657,Western Tlacolula Valley Zapotec,North America,Otomanguean,263.4033,17.0332,28000,other
dance_group,-6.878031501894792,0.049752276779597655,converged,-8.041219778418915,0.4472855723437156,cher1273,converged,-1.1631882765241226,-2.5846096705098227,Cherokee,North America,Iroquoian,276.837,35.4664,16400,other
dance_group,-6.878031501894792,0.049752276779597655,converged,-7.434334422747872,0.20857598160573138,plau1238,converged,-0.5563029208530796,-2.5943615381587763,Plautdietsch,North America,Indo-European,250.646132,49.578028,84900,other
smell_group,-6.383986116324334,0.023005403195962684,converged,-6.855918543240859,0.17969985769508207,bisl1239,converged,-0.47193242691652504,-2.6049657219569946,Bislama,Papunesia,Indo-European,166.89,-15.4,1200,other
wind_group,-5.881572899913446,0.026381933148576345,converged,-6.355883621268143,0.17976117684283915,kara1483,converged,-0.4743107213546969,-2.610595628745407,Karamojong,Africa,Nilotic,34.2761,2.45157,260000,other
dance_group,-6.878031501894792,0.049752276779597655,converged,-8.053251153550555,0.44728471162061645,tang1336,converged,-1.1752196516557625,-2.6113484047520275,East-Central Tangkhul Naga,Eurasia,Sino-Tibetan,94.3567,25.0489,125000,other
rain_group,-6.300035984080432,0.027205812474801125,converged,-6.891676708770873,0.223720384506974,kili1268,converged,-0.5916407246904409,-2.6252146614090885,Kiliwa,North America,Cochimi-Yuman,244.877,30.5471,100,hunter-gatherer
rain_group,-6.300035984080432,0.027205812474801125,converged,-6.729854704460913,0.16022377838345636,osag1243,converged,-0.4298187203804815,-2.6447595886499307,Osage,North America,Siouan,263.7051,36.7828,100,hunter-gatherer
snow_group,-7.500141475307639,0.05404147822644328,converged,-8.404232006710416,0.3375002540120259,toab1237,converged,-0.904090531402777,-2.6450902166325716,To'abaita,Papunesia,Austronesian,160.619,-8.39233,12600,other
dance_group,-6.878031501894792,0.049752276779597655,converged,-7.434478857902357,0.20418440775396013,corn1251,converged,-0.5564473560075642,-2.6477519031883285,Cornish,Eurasia,Indo-European,-4.18619,50.5233,468425,other
smell_group,-6.383986116324334,0.023005403195962684,converged,-6.664612538503483,0.10320786975158866,east2295,converged,-0.28062642217914835,-2.6539090893904693,Eastern Yiddish,Eurasia,Indo-European,19.42,51.75,401947,other
taste_group,-6.774695661964866,0.023289593669973036,converged,-7.2224037996662656,0.16672749277993748,tuam1242,converged,-0.44770813770139917,-2.6594481365275304,Tuamotuan,Papunesia,Austronesian,213.678245,-16.17259,14400,hunter-gatherer
rain_group,-6.300035984080432,0.027205812474801125,converged,-6.862803391371048,0.20862343629446484,yong1270,converged,-0.5627674072906164,-2.6748789108953734,Narua,Eurasia,Sino-Tibetan,100.9,27.8,47000,other
dance_group,-6.878031501894792,0.049752276779597655,converged,-7.560373390866319,0.25006507666479405,sout2668,converged,-0.6823418889715267,-2.676203864010866,Southern Hindko,Eurasia,Indo-European,72.1702,33.2122,625000,other
wind_group,-5.881572899913446,0.026381933148576345,converged,-6.40210144362267,0.19260957157203767,izon1238,converged,-0.520528543709224,-2.6775063825512135,Izon,Africa,Ijoid,5.51702,5.17986,1000000,other
snow_group,-7.500141475307639,0.05404147822644328,converged,-8.375503099531748,0.32061421120136213,tuwa1243,converged,-0.8753616242241096,-2.6922869444300424,Tuwali Ifugao,Papunesia,Austronesian,121.113,16.6646,30000,other
taste_group,-6.774695661964866,0.023289593669973036,converged,-7.131495262567279,0.13024094521663482,mamp1244,converged,-0.3567996006024128,-2.696757840578503,Mampruli,Africa,Atlantic-Congo,-0.74675,10.3884,220000,other
smell_group,-6.383986116324334,0.023005403195962684,converged,-7.165300257015628,0.2887866783557454,cher1273,converged,-0.7813141406912933,-2.6969621401734325,Cherokee,North America,Iroquoian,276.837,35.4664,16400,other
dance_group,-6.878031501894792,0.049752276779597655,converged,-7.611913048492143,0.26732731744792676,rend1243,converged,-0.7338815465973507,-2.6989114869590876,Rendille,Africa,Afro-Asiatic,37.3608,2.27065,34700,other
dance_group,-6.878031501894792,0.049752276779597655,converged,-7.530867378478144,0.23576545233052057,cham1312,converged,-0.6528358765833513,-2.70933752930728,Chamorro,Papunesia,Austronesian,144.74474,13.438011,76700,other
dance_group,-6.878031501894792,0.049752276779597655,converged,-7.614840585281346,0.2673271243161387,misi1242,converged,-0.7368090833865537,-2.7096796433066412,Mising-Padam-Miri-Minyong,Eurasia,Sino-Tibetan,94.69,27.418,571000,other
snow_group,-7.500141475307639,0.05404147822644328,converged,-8.42686929103623,0.3374994278835269,surs1246,converged,-0.926727815728591,-2.711326403658272,Sursurunga,Papunesia,Austronesian,152.768,-3.99078,3000,other
rain_group,-6.300035984080432,0.027205812474801125,converged,-6.663969092492906,0.13139018438074443,mikm1235,converged,-0.36393310841247395,-2.712330775105725,Mi'kmaq,North America,Algic,296,46,9290,hunter-gatherer
rain_group,-6.300035984080432,0.027205812474801125,converged,-6.930494765953053,0.22952783542259747,east2387,converged,-0.6304587818726217,-2.7276699334734347,East Limba,Africa,Atlantic-Congo,-11.7496,9.71107,4600,other
rain_group,-6.300035984080432,0.027205812474801125,converged,-6.7230494868091455,0.15259026038402804,yaki1237,converged,-0.42301350272871385,-2.729179364129777,Northwest Sahaptin,North America,Sahaptian,239.244,46.2655,3000,hunter-gatherer
ice_group,-7.833147994708722,0.055064859068445896,converged,-9.067416435840368,0.4472393920388068,tuwa1243,converged,-1.234268441131646,-2.7390663558741415,Tuwali Ifugao,Papunesia,Austronesian,121.113,16.6646,30000,other
rain_group,-6.300035984080432,0.027205812474801125,converged,-6.776439916544359,0.1715963395966624,tana1289,converged,-0.47640393246392776,-2.74205674816854,Dena'ina,North America,Athabaskan-Eyak-Tlingit,209.241,60.4712,100,hunter-gatherer
ice_group,-7.833147994708722,0.055064859068445896,converged,-9.213933907563293,0.5000249106525796,toab1237,converged,-1.380785912854571,-2.744840588802984,To'abaita,Papunesia,Austronesian,160.619,-8.39233,12600,other
dance_group,-6.878031501894792,0.049752276779597655,converged,-8.115401328675826,0.44728042660902445,dako1258,converged,-1.237369826781034,-2.7494726588189606,Dakota,North America,Siouan,263.42,45.86,19280,hunter-gatherer
snow_group,-7.500141475307639,0.05404147822644328,converged,-8.441569046871763,0.3374989013557567,muna1247,converged,-0.941427571564124,-2.754337650380284,Muna,Papunesia,Austronesian,122.541,-5.40419,300000,other
rain_group,-6.300035984080432,0.027205812474801125,converged,-6.747676808056823,0.1602220897451165,nort2671,converged,-0.44764082397639093,-2.7544507329401946,North Saami,Eurasia,Uralic,22.1113,68.725,20700,other
ice_group,-7.833147994708722,0.055064859068445896,converged,-8.968820675533241,0.408274279530091,chuu1238,converged,-1.135672680824519,-2.756681767658861,Chuukese,Papunesia,Austronesian,151.598607,7.346993,45900,other
taste_group,-6.774695661964866,0.023289593669973036,converged,-7.03036221645097,0.08948227146692563,tzot1259,converged,-0.25566655448610387,-2.765056535449359,Tzotzil,North America,Mayan,267.26120000000003,16.6362,4230,other
smell_group,-6.383986116324334,0.023005403195962684,converged,-6.793203718610485,0.14594675297266244,warl1254,converged,-0.4092176022861507,-2.769685070928763,Warlpiri,Australia,Pama-Nyungan,131.05,-20.1008,2670,hunter-gatherer
rain_group,-6.300035984080432,0.027205812474801125,converged,-6.7155414766059804,0.14753127379692163,anda1287,converged,-0.4155054925255488,-2.769689936099321,Andalusian Arabic,Eurasia,Afro-Asiatic,-5.2,36.54,500000,other
rain_group,-6.300035984080432,0.027205812474801125,converged,-6.803863218667424,0.17970490876295583,pohn1238,converged,-0.5038272345869927,-2.77204954858082,Pohnpeian,Papunesia,Austronesian,158.223,6.87212,29000,other
dance_group,-6.878031501894792,0.049752276779597655,converged,-7.429257042746818,0.19250720319774955,mikm1235,converged,-0.5512255408520259,-2.7723128487777644,Mi'kmaq,North America,Algic,296,46,9290,hunter-gatherer
snow_group,-7.500141475307639,0.05404147822644328,converged,-8.449648454843333,0.33749861523980884,yiry1245,converged,-0.9495069795356939,-2.7779778962338955,Yir-Yoront,Australia,Pama-Nyungan,141.767,-15.1117,100,hunter-gatherer
snow_group,-7.500141475307639,0.05404147822644328,converged,-8.363924353064252,0.30610571669082104,chuu1238,converged,-0.8637828777566137,-2.7788710696384262,Chuukese,Papunesia,Austronesian,151.598607,7.346993,45900,other
ice_group,-7.833147994708722,0.055064859068445896,converged,-9.236568390670044,0.5000243531809149,surs1246,converged,-1.403420395961322,-2.7898383619092773,Sursurunga,Papunesia,Austronesian,152.768,-3.99078,3000,other
dance_group,-6.878031501894792,0.049752276779597655,converged,-7.296481063087459,0.14146928433535683,east2295,converged,-0.4184495611926664,-2.7903553728567565,Eastern Yiddish,Eurasia,Indo-European,19.42,51.75,401947,other
rain_group,-6.300035984080432,0.027205812474801125,converged,-6.541088104943815,0.08198227506206368,mush1238,converged,-0.24105212086338312,-2.79064871323431,Mushungulu,Africa,Atlantic-Congo,42.6626,0.00689,23000,other
wind_group,-5.881572899913446,0.026381933148576345,converged,-6.347294539585279,0.164542895186273,temi1246,converged,-0.4657216396718331,-2.7947024706247614,Temiar,Eurasia,Austroasiatic,101.438,4.974,25725,other
wind_group,-5.881572899913446,0.026381933148576345,converged,-6.305788550510313,0.1492072167037251,kosa1249,converged,-0.4242156505968664,-2.7997038552189597,Kosarek Yale,Papunesia,Nuclear Trans New Guinea,139.645,-4.06603,2300,other
wind_group,-5.881572899913446,0.026381933148576345,converged,-6.2637043381988144,0.13375778894924428,bisl1239,converged,-0.3821314382853682,-2.802891831157727,Bislama,Papunesia,Indo-European,166.89,-15.4,1200,other
snow_group,-7.500141475307639,0.05404147822644328,converged,-7.956115000221773,0.1531911621333396,samo1305,converged,-0.45597352491413456,-2.806960350320394,Samoan,Papunesia,Austronesian,188.17,-13.92,306840,other
dance_group,-6.878031501894792,0.049752276779597655,converged,-7.163214750524115,0.08842257211439361,iban1264,converged,-0.28518324862932243,-2.810834650798684,Iban,Papunesia,Austronesian,112.934,2.09041,694400,other
ice_group,-7.833147994708722,0.055064859068445896,converged,-8.660066231410804,0.28870015936769655,romb1245,converged,-0.826918236702082,-2.813559924031281,Romblomanon,Papunesia,Austronesian,122.56,12.4047,200000,other
dance_group,-6.878031501894792,0.049752276779597655,converged,-8.509967146325955,0.5774084200105237,kosr1238,converged,-1.631935644431163,-2.8158770558063204,Kosraean,Papunesia,Austronesian,162.98,5.31,8000,other
dance_group,-6.878031501894792,0.049752276779597655,converged,-7.884670632674184,0.3536199355827036,casi1235,converged,-1.0066391307793916,-2.8189064186013537,Casiguran-Nagtipunan Agta,Papunesia,Austronesian,121.878,16.2176,610,hunter-gatherer
wind_group,-5.881572899913446,0.026381933148576345,converged,-6.411874888046404,0.18584772638187597,turk1308,converged,-0.5303019881329574,-2.8250995250864204,Turkana,Africa,Nilotic,35.7101,4.30688,476200,other
rain_group,-6.300035984080432,0.027205812474801125,converged,-6.861711340482157,0.19621878692278855,ladi1251,converged,-0.5616753564017252,-2.835371545940715,Ladino,Eurasia,Indo-European,28.6632,41.205,8000,other
dance_group,-6.878031501894792,0.049752276779597655,converged,-7.788626065626488,0.31629328511072363,uppe1395,converged,-0.9105945637316957,-2.8439874664600198,Upper Sorbian,Eurasia,Indo-European,14.4098,51.2403,18000,other
wind_group,-5.881572899913446,0.026381933148576345,converged,-6.369656334513093,0.1691755427719876,akha1245,converged,-0.48808343459964654,-2.850617625037186,Akha,Eurasia,Sino-Tibetan,100.964,21.2309,563960,other
smell_group,-6.383986116324334,0.023005403195962684,converged,-6.749689537888754,0.12606191755983925,caju1236,converged,-0.3657034215644197,-2.8538499314273094,Cajun French,North America,Indo-European,268.3867,29.6869,17200,other
wind_group,-5.881572899913446,0.026381933148576345,converged,-6.321871348191495,0.15089103387614902,nyol1238,converged,-0.44029844827804876,-2.8743861215329547,Nyole,Africa,Atlantic-Congo,33.9181,0.88072,341000,other
snow_group,-7.500141475307639,0.05404147822644328,converged,-8.398423498980783,0.3061045411894865,masb1238,converged,-0.8982820236731444,-2.8898688413831763,Masbatenyo,Papunesia,Austronesian,123.63579,12.21453,350000,other
snow_group,-7.500141475307639,0.05404147822644328,converged,-8.196155712884963,0.232459988583802,pala1344,converged,-0.696014237577324,-2.916354213605887,Palauan,Papunesia,Austronesian,134.476678,7.34138,14800,other
snow_group,-7.500141475307639,0.05404147822644328,converged,-8.128059464499744,0.20782912127782352,tahi1242,converged,-0.6279179891921052,-2.92407989853583,Tahitian,Papunesia,Austronesian,210.55,-17.6485,124260,other
snow_group,-7.500141475307639,0.05404147822644328,converged,-8.50570851777834,0.3374966923892937,ngaa1240,converged,-1.0055670424707008,-2.9420094794908254,Ngaanyatjarra,Australia,Pama-Nyungan,127.602,-25.7514,990,hunter-gatherer
rain_group,-6.300035984080432,0.027205812474801125,converged,-6.784546365629291,0.16231314125975438,uppe1439,converged,-0.4845103815488594,-2.943967141696468,Upper Chehalis,North America,Salishan,236.831,46.7981,691,hunter-gatherer
dance_group,-6.878031501894792,0.049752276779597655,converged,-8.59242434209401,0.5774038176373252,luxe1241,converged,-1.714392840199217,-2.9581789425724074,Moselle Franconian,Eurasia,Indo-European,6.14931,49.6839,320000,other
wind_group,-5.881572899913446,0.026381933148576345,converged,-6.20905246454688,0.10731900810950398,tuwa1243,converged,-0.32747956463343364,-2.9632366904985106,Tuwali Ifugao,Papunesia,Austronesian,121.113,16.6646,30000,other
smell_group,-6.383986116324334,0.023005403195962684,converged,-7.209169554735258,0.2774526670031499,atay1247,converged,-0.8251834384109236,-2.963969900107918,Atayal,Papunesia,Austronesian,121.388,24.5209,84300,other
snow_group,-7.500141475307639,0.05404147822644328,converged,-8.1135179421389,0.19954583312260524,cent2131,converged,-0.6133764668312613,-2.9669814103625476,Central Tarahumara,North America,Uto-Aztecan,252.846,27.5648,55000,other
snow_group,-7.500141475307639,0.05404147822644328,converged,-8.05750955476374,0.17960522731688905,fiji1243,converged,-0.5573680794561016,-2.9716887266428054,Fijian,Papunesia,Austronesian,178.33,-18,333440,other
smell_group,-6.383986116324334,0.023005403195962684,converged,-7.072377258678639,0.22951301015105316,suss1239,converged,-0.6883911423543045,-2.9844006775617684,Sussex,Eurasia,Indo-European,-1,53,602255,other
dance_group,-6.878031501894792,0.049752276779597655,converged,-8.106263177878462,0.4083098586587347,kuan1247,converged,-1.22823167598367,-2.9860019477172504,Kuanyama,Africa,Atlantic-Congo,16.58,-17.7176,668000,other
taste_group,-6.774695661964866,0.023289593669973036,converged,-7.401682402219259,0.2085780248099341,nuuc1236,converged,-0.6269867402543925,-2.9874401603491374,Nuu-chah-nulth,North America,Wakashan,233.33,49.67,7680,hunter-gatherer
dance_group,-6.878031501894792,0.049752276779597655,converged,-7.9473250270179205,0.3536158945333796,mara1382,converged,-1.0692935251231281,-2.9943919987155856,Mara Chin,Eurasia,Sino-Tibetan,93.0387,22.1138,42000,other
wind_group,-5.881572899913446,0.026381933148576345,converged,-6.35737717972288,0.15630909891750544,mudb1240,converged,-0.4758042798094335,-3.001543965320473,Mudburra,Australia,Pama-Nyungan,132.329,-16.7694,130,hunter-gatherer
wind_group,-5.881572899913446,0.026381933148576345,converged,-6.352214510203982,0.15443775794914066,uppe1395,converged,-0.47064161029053597,-3.0039373233251365,Upper Sorbian,Eurasia,Indo-European,14.4098,51.2403,18000,other
rain_group,-6.300035984080432,0.027205812474801125,converged,-6.593825291518138,0.09372265897982929,cent2128,converged,-0.2937893074377067,-3.0103997608279807,Central Siberian Yupik,Eurasia,Eskimo-Aleut,189.728,63.4308,1130,hunter-gatherer
smell_group,-6.383986116324334,0.023005403195962684,converged,-6.979360120919688,0.19620739609104165,jica1244,converged,-0.595374004595354,-3.0137662197370587,Jicarilla Apache,North America,Athabaskan-Eyak-Tlingit,252.993,36.8079,680,hunter-gatherer
rain_group,-6.300035984080432,0.027205812474801125,converged,-6.642502509449702,0.10983578988449896,khas1269,converged,-0.3424665253692707,-3.0265254381903883,Khasi,Eurasia,Austroasiatic,91.9998,24.977,865000,other
smell_group,-6.383986116324334,0.023005403195962684,converged,-7.048717329099136,0.21831263327286723,angg1239,converged,-0.664731212774802,-3.02809269704727,Angguruk Yali,Papunesia,Nuclear Trans New Guinea,139.457,-4.0836,15000,other
dance_group,-6.878031501894792,0.049752276779597655,converged,-7.593109011471763,0.22947352929440246,mans1262,converged,-0.7150775095769708,-3.0454100158396145,Mansaka,Papunesia,Austronesian,126.181,6.79221,57800,other
wind_group,-5.881572899913446,0.026381933148576345,converged,-6.182401288801283,0.0950137717756651,caju1236,converged,-0.3008283888878367,-3.050736911474815,Cajun French,North America,Indo-European,268.3867,29.6869,17200,other
snow_group,-7.500141475307639,0.05404147822644328,converged,-8.414766013971414,0.29346587421285786,mars1254,converged,-0.9146245386637757,-3.0650932173731364,Marshallese,Papunesia,Austronesian,167.73,8.72,43900,other
rain_group,-6.300035984080432,0.027205812474801125,converged,-6.718495422042737,0.13371133322294185,tokp1240,converged,-0.418459437962305,-3.0667376678389955,Tok Pisin,Papunesia,Indo-European,147.303,-9.41971,125630,other
rain_group,-6.300035984080432,0.027205812474801125,converged,-6.775445730964937,0.1525855811988238,nuuc1236,converged,-0.4754097468845053,-3.067318241312535,Nuu-chah-nulth,North America,Wakashan,233.33,49.67,7680,hunter-gatherer
wind_group,-5.881572899913446,0.026381933148576345,converged,-6.137793304264289,0.07841057931362806,akka1240,converged,-0.2562204043508425,-3.0970738562266362,Akkadian,Eurasia,Afro-Asiatic,44.1,33.1,200000,other
ice_group,-7.833147994708722,0.055064859068445896,converged,-9.2302410337595,0.44723551611122153,tbol1240,converged,-1.3970930390507776,-3.1004302472295593,Tboli,Papunesia,Austronesian,124.538,6.20377,95300,other
taste_group,-6.774695661964866,0.023289593669973036,converged,-7.271408319278395,0.1581688285969049,tiko1237,converged,-0.49671265731352854,-3.1068954662516304,Tikopia,Papunesia,Austronesian,168.822,-12.2766,3320,other
dance_group,-6.878031501894792,0.049752276779597655,converged,-7.7554047259086545,0.27740950305514456,iqui1243,converged,-0.8773732240138621,-3.1130671059067825,Iquito,South America,Zaparoan,286.02954,-3.31233,100,other
rain_group,-6.300035984080432,0.027205812474801125,converged,-7.205573308623236,0.28878227621062363,luxe1241,converged,-0.905537324542804,-3.1218862792279225,Moselle Franconian,Eurasia,Indo-European,6.14931,49.6839,320000,other
rain_group,-6.300035984080432,0.027205812474801125,converged,-7.1759604403186605,0.27745612974044864,sene1264,converged,-0.8759244562382289,-3.1419154967099194,Seneca,North America,Iroquoian,282.47,42.56,175,other
ice_group,-7.833147994708722,0.055064859068445896,converged,-9.420277095880094,0.5000202664280107,tuam1242,converged,-1.5871291011713717,-3.1550556200553705,Tuamotuan,Papunesia,Austronesian,213.678245,-16.17259,14400,hunter-gatherer
dance_group,-6.878031501894792,0.049752276779597655,converged,-8.468213009195976,0.5000525072378718,nung1283,converged,-1.5901815073011836,-3.164405289765021,Nung,Eurasia,Tai-Kadai,104.286,20.8965,856000,other
wind_group,-5.881572899913446,0.026381933148576345,converged,-6.381493670723578,0.15443388129361962,ladi1251,converged,-0.49992077081013164,-3.1908935746359646,Ladino,Eurasia,Indo-European,28.6632,41.205,8000,other
taste_group,-6.774695661964866,0.023289593669973036,converged,-7.117989488525126,0.10487095142858874,bata1298,converged,-0.3432938265602594,-3.195634029791847,Batad Ifugao,Papunesia,Austronesian,121.23,16.8266,43000,other
snow_group,-7.500141475307639,0.05404147822644328,converged,-8.273053989087412,0.23540482291955783,jewi1240,converged,-0.7729125137797732,-3.2000911058676813,Jewish Babylonian Aramaic,Eurasia,Afro-Asiatic,44.245,32.273,200000,other
ice_group,-7.833147994708722,0.055064859068445896,converged,-9.44414687153563,0.5000197884326912,kala1397,converged,-1.6109988768269075,-3.202509397106953,Kalam,Papunesia,Nuclear Trans New Guinea,144.585,-5.25216,15000,other
ice_group,-7.833147994708722,0.055064859068445896,converged,-8.486559504077201,0.1961363566262825,newa1246,converged,-0.6534115093684791,-3.2074087693115985,Kathmandu Valley Newari,Eurasia,Sino-Tibetan,85.326,27.67,839000,other
smell_group,-6.383986116324334,0.023005403195962684,converged,-6.905856040674822,0.16020835008027906,plau1238,converged,-0.5218699243504874,-3.224371519232444,Plautdietsch,North America,Indo-European,250.646132,49.578028,84900,other
rain_group,-6.300035984080432,0.027205812474801125,converged,-6.877392716313131,0.1768677850799503,nort2952,converged,-0.5773567322326993,-3.226394741151034,Northeast Maidu,North America,Maiduan,239.355,40.4102,100,hunter-gatherer
smell_group,-6.383986116324334,0.023005403195962684,converged,-6.732700587782033,0.10547202433335034,akka1240,converged,-0.34871447145769885,-3.230278616145152,Akkadian,Eurasia,Afro-Asiatic,44.1,33.1,200000,other
snow_group,-7.500141475307639,0.05404147822644328,converged,-8.61059853129109,0.3374933717490354,tuam1242,converged,-1.110457055983452,-3.2489196521878907,Tuamotuan,Papunesia,Austronesian,213.678245,-16.17259,14400,hunter-gatherer
wind_group,-5.881572899913446,0.026381933148576345,converged,-6.186988221704834,0.0898949214551672,loui1240,converged,-0.3054153217913882,-3.259982101892416,Louisiana Creole French,North America,Indo-European,269.2525,30.0412,70000,other
rain_group,-6.300035984080432,0.027205812474801125,converged,-7.097256879811226,0.24263593784691062,west2615,converged,-0.7972208957307947,-3.2652056204561957,Western Apache,North America,Athabaskan-Eyak-Tlingit,249.877,33.8574,12700,hunter-gatherer
rain_group,-6.300035984080432,0.027205812474801125,converged,-6.877108612504961,0.17416738045603536,cree1270,converged,-0.5770726284245296,-3.2736245683144936,Creek,North America,Muskogean,272.5,31,4300,other
wind_group,-5.881572899913446,0.026381933148576345,converged,-6.462225465299757,0.17421349831776956,saur1248,converged,-0.5806525653863108,-3.2954223194581584,Saurashtra,Eurasia,Indo-European,77.9427,9.99172,310000,other
rain_group,-6.300035984080432,0.027205812474801125,converged,-6.944944014538056,0.1925427797341248,chan1313,converged,-0.644908030457624,-3.3164840777174542,Chang Naga,Eurasia,Sino-Tibetan,94.9536,26.4336,60900,other
snow_group,-7.500141475307639,0.05404147822644328,converged,-7.9873398553461685,0.13658239852864026,iban1264,converged,-0.4871983800385298,-3.3168672386337064,Iban,Papunesia,Austronesian,112.934,2.09041,694400,other
snow_group,-7.500141475307639,0.05404147822644328,converged,-8.634470708731131,0.3374926634229566,kala1397,converged,-1.1343292334234922,-3.3187704648829603,Kalam,Papunesia,Nuclear Trans New Guinea,144.585,-5.25216,15000,other
rain_group,-6.300035984080432,0.027205812474801125,converged,-6.704176036809669,0.11792333806558401,aleu1260,converged,-0.4041400527292369,-3.3394222973962004,Aleut,North America,Eskimo-Aleut,185.71,52.1228,490,hunter-gatherer
snow_group,-7.500141475307639,0.05404147822644328,converged,-8.643728944151032,0.33749239323429814,tbol1240,converged,-1.1435874688433936,-3.345860413583251,Tboli,Papunesia,Austronesian,124.538,6.20377,95300,other
smell_group,-6.383986116324334,0.023005403195962684,converged,-7.449032510205905,0.3163197756486457,male1292,converged,-1.0650463938815706,-3.3581232305893822,Malecite-Passamaquoddy,North America,Algic,292.59195,45.494475,2060,hunter-gatherer
snow_group,-7.500141475307639,0.05404147822644328,converged,-8.65672234421953,0.337492018233883,mapu1244,converged,-1.1565808689118908,-3.383879626328531,Mapun,Papunesia,Austronesian,118.75,6.09061,42470,other
wind_group,-5.881572899913446,0.026381933148576345,converged,-6.4714367073948385,0.17163118831532248,yong1270,converged,-0.5898638074813922,-3.396913851201806,Narua,Eurasia,Sino-Tibetan,100.9,27.8,47000,other
snow_group,-7.500141475307639,0.05404147822644328,converged,-8.560692358397395,0.30609952491128345,niue1239,converged,-1.060550883089756,-3.4119592497548936,Niuean,Papunesia,Austronesian,190.14,-19.06,7950,other
smell_group,-6.383986116324334,0.023005403195962684,converged,-7.047452807046361,0.1925337509500287,nort2952,converged,-0.6634666907220268,-3.421636737085779,Northeast Maidu,North America,Maiduan,239.355,40.4102,100,hunter-gatherer
dance_group,-6.878031501894792,0.049752276779597655,converged,-7.644896560467438,0.21827009046013895,mbuk1240,converged,-0.7668650585726455,-3.4255151353348463,Mbukushu,Africa,Atlantic-Congo,22.5026,-17.6827,35100,other
dance_group,-6.878031501894792,0.049752276779597655,converged,-8.290919747094557,0.40829947828503205,hmon1264,converged,-1.412888245199765,-3.4350137876250817,Hmong Njua,Eurasia,Hmong-Mien,101.95,22.5638,210000,other
dance_group,-6.878031501894792,0.049752276779597655,converged,-7.538605103279679,0.18574473955566123,bada1257,converged,-0.6605736013848862,-3.4352544949893256,Badaga,Eurasia,Dravidian,76.5974,11.3094,245000,other
rain_group,-6.300035984080432,0.027205812474801125,converged,-7.096547086556749,0.2295106876537728,gaaa1244,converged,-0.796511102476317,-3.446346573743352,Ga,Africa,Atlantic-Congo,-0.18598,5.65488,600000,other
ice_group,-7.833147994708722,0.055064859068445896,converged,-9.252984705105456,0.40826785139915667,yabe1254,converged,-1.4198367103967344,-3.4465022922243165,Yabem,Papunesia,Austronesian,147.81,-6.67052,2080,other
ice_group,-7.833147994708722,0.055064859068445896,converged,-9.574618835831082,0.5000173680916234,tiko1237,converged,-1.7414708411223598,-3.461891554455988,Tikopia,Papunesia,Austronesian,168.822,-12.2766,3320,other
taste_group,-6.774695661964866,0.023289593669973036,converged,-7.7385551556115635,0.27741051239680137,tana1289,converged,-0.9638594936466971,-3.462307901366922,Dena'ina,North America,Athabaskan-Eyak-Tlingit,209.241,60.4712,100,hunter-gatherer
wind_group,-5.881572899913446,0.026381933148576345,converged,-6.216554920087368,0.09254225702128302,penn1240,converged,-0.3349820201739222,-3.4810817956508764,Pennsylvania German,North America,Indo-European,283.6789,40.030507,209280,other
dance_group,-6.878031501894792,0.049752276779597655,converged,-7.6248737091509815,0.2085653017645383,lepc1244,converged,-0.7468422072561891,-3.4831249295130084,Lepcha,Eurasia,Sino-Tibetan,88.5726,27.0869,52830,other
dance_group,-6.878031501894792,0.049752276779597655,converged,-8.631191295471107,0.5000446110102217,suss1239,converged,-1.7531597935763141,-3.488780899866255,Sussex,Eurasia,Indo-European,-1,53,602255,other
dance_group,-6.878031501894792,0.049752276779597655,converged,-8.633775506497559,0.5000444958799573,besi1244,converged,-1.7557440046027661,-3.4939242659146355,Besisi,Eurasia,Austroasiatic,101.676,2.717,2990,other
ice_group,-7.833147994708722,0.055064859068445896,converged,-8.756629951316995,0.2582192128745772,mara1404,converged,-0.9234819566082733,-3.497703984020497,Maranao,Papunesia,Austronesian,124.175,7.79414,776000,other
ice_group,-7.833147994708722,0.055064859068445896,converged,-8.825073740484324,0.2773704838103917,dagb1246,converged,-0.9919257457756023,-3.507721086236894,Dagbani,Africa,Atlantic-Congo,-0.43227,9.64745,800000,other
wind_group,-5.881572899913446,0.026381933148576345,converged,-6.4423071115091455,0.15629808371832274,chan1310,converged,-0.5607342115956993,-3.537554809609091,Chantyal,Eurasia,Sino-Tibetan,83.4488,28.684,2000,other
wind_group,-5.881572899913446,0.026381933148576345,converged,-6.156944996069778,0.073204669584519,dagb1246,converged,-0.27537209615633174,-3.538876162895008,Dagbani,Africa,Atlantic-Congo,-0.43227,9.64745,800000,other
wind_group,-5.881572899913446,0.026381933148576345,converged,-6.252886452471069,0.10111242959477507,tbol1240,converged,-0.37131355255762255,-3.5533243694893075,Tboli,Papunesia,Austronesian,124.538,6.20377,95300,other
dance_group,-6.878031501894792,0.049752276779597655,converged,-7.369863235952153,0.12914010191825712,mara1404,converged,-0.491831734057361,-3.553892787146124,Maranao,Papunesia,Austronesian,124.175,7.79414,776000,other
taste_group,-6.774695661964866,0.023289593669973036,converged,-7.527209117139162,0.2085705218075783,yama1264,converged,-0.752513455174296,-3.5856719902644474,Yámana,South America,isolate_yama1264,291.7352,-55.2748,100,hunter-gatherer
dance_group,-6.878031501894792,0.049752276779597655,converged,-8.162017123602698,0.35360381900158916,chan1313,converged,-1.283985621707906,-3.595724589195338,Chang Naga,Eurasia,Sino-Tibetan,94.9536,26.4336,60900,other
snow_group,-7.500141475307639,0.05404147822644328,converged,-8.50722156960986,0.27242139508966756,romb1245,converged,-1.0070800943022205,-3.626113324218889,Romblomanon,Papunesia,Austronesian,122.56,12.4047,200000,other
smell_group,-6.383986116324334,0.023005403195962684,converged,-6.852532372245394,0.12706721466513082,penn1240,converged,-0.46854625592105936,-3.6284012700048485,Pennsylvania German,North America,Indo-European,283.6789,40.030507,209280,other
wind_group,-5.881572899913446,0.026381933148576345,converged,-6.467815178954917,0.1582365804942139,boko1267,converged,-0.5862422790414712,-3.654403963834645,Bokobaru,Africa,Mande,3.80058,9.52724,30000,other
snow_group,-7.500141475307639,0.05404147822644328,converged,-8.340269823024999,0.22233721296994782,dagb1246,converged,-0.8401283477173598,-3.6717185800906154,Dagbani,Africa,Atlantic-Congo,-0.43227,9.64745,800000,other
snow_group,-7.500141475307639,0.05404147822644328,converged,-8.764954834399225,0.33748907683597634,tiko1237,converged,-1.264813359091586,-3.700573510864911,Tikopia,Papunesia,Austronesian,168.822,-12.2766,3320,other
wind_group,-5.881572899913446,0.026381933148576345,converged,-6.3230199540078615,0.11557361393692643,sang1328,converged,-0.4414470540944153,-3.7238311443873298,Sango,Africa,Atlantic-Congo,20.1702,6.78584,5400,other
rain_group,-6.300035984080432,0.027205812474801125,converged,-6.823819784110337,0.137435237556267,masb1238,converged,-0.5237838000299053,-3.7385861378250436,Masbatenyo,Papunesia,Austronesian,123.63579,12.21453,350000,other
wind_group,-5.881572899913446,0.026381933148576345,converged,-6.35437004080148,0.12319848076902366,mbay1241,converged,-0.4727971408880336,-3.7526097599552535,Mbay,Africa,Central Sudanic,15.7328,8.23066,88300,other
wind_group,-5.881572899913446,0.026381933148576345,converged,-6.427346684944768,0.14297257745924852,iqui1243,converged,-0.5457737850313213,-3.7539571403594536,Iquito,South America,Zaparoan,286.02954,-3.31233,100,other
smell_group,-6.383986116324334,0.023005403195962684,converged,-7.433802919302321,0.2774320341251659,yong1270,converged,-1.049816802977987,-3.7711072398616765,Narua,Eurasia,Sino-Tibetan,100.9,27.8,47000,other
rain_group,-6.300035984080432,0.027205812474801125,converged,-6.6077148021248355,0.07674824828342333,newa1246,converged,-0.3076788180444039,-3.7785580733228685,Kathmandu Valley Newari,Eurasia,Sino-Tibetan,85.326,27.67,839000,other
snow_group,-7.500141475307639,0.05404147822644328,converged,-8.681075146647478,0.30609629548368206,biat1246,converged,-1.1809336713398393,-3.7992885141891253,Biatah Bidayuh,Papunesia,Austronesian,110.254,1.17596,72380,other
snow_group,-7.500141475307639,0.05404147822644328,converged,-8.743444599570424,0.32060313287723846,yabe1254,converged,-1.243303124262785,-3.8240667021917005,Yabem,Papunesia,Austronesian,147.81,-6.67052,2080,other
dance_group,-6.878031501894792,0.049752276779597655,converged,-8.453294465567463,0.40829180679901816,chep1245,converged,-1.575262963672671,-3.829850095801413,Chepang,Eurasia,Sino-Tibetan,84.9017,27.7206,36800,other
ice_group,-7.833147994708722,0.055064859068445896,converged,-9.417991195099098,0.40826487618757107,mamp1244,converged,-1.5848432003903765,-3.8470654949790686,Mampruli,Africa,Atlantic-Congo,-0.74675,10.3884,220000,other
rain_group,-6.300035984080432,0.027205812474801125,converged,-6.903627724720321,0.15438080133353302,sang1328,converged,-0.6035917406398896,-3.8504279536974884,Sango,Africa,Atlantic-Congo,20.1702,6.78584,5400,other
taste_group,-6.774695661964866,0.023289593669973036,converged,-7.235015329245443,0.1162895325070112,lako1247,converged,-0.4603196672805767,-3.8813201292231136,Lakota,North America,Siouan,256.05,46.3699,6189,hunter-gatherer
rain_group,-6.300035984080432,0.027205812474801125,converged,-6.908968828049225,0.15438038889211886,nucl1706,converged,-0.6089328439687938,-3.884509945644747,Neo-Mandaic,Eurasia,Afro-Asiatic,48.8128,31.3443,500,other
wind_group,-5.881572899913446,0.026381933148576345,converged,-6.316056425991492,0.10669663133858673,masb1238,converged,-0.4344835260780462,-3.953089579894467,Masbatenyo,Papunesia,Austronesian,123.63579,12.21453,350000,other
snow_group,-7.500141475307639,0.05404147822644328,converged,-8.731389728464837,0.30609505675737025,yaka1277,converged,-1.2312482531571982,-3.9611756513820056,Yakan,Papunesia,Austronesian,122.021729,6.531023,106000,other
wind_group,-5.881572899913446,0.026381933148576345,converged,-6.43118196841721,0.1361923033704194,cham1312,converged,-0.5496090685037638,-3.9618886708226624,Chamorro,Papunesia,Austronesian,144.74474,13.438011,76700,other
snow_group,-7.500141475307639,0.05404147822644328,converged,-8.790491568197739,0.320601988116524,mamb1296,converged,-1.2903500928901002,-3.968784329682284,Mambwe-Lungu,Africa,Atlantic-Congo,31.2269,-8.86817,674000,other
rain_group,-6.300035984080432,0.027205812474801125,converged,-6.805228351757038,0.12410342879537381,penn1240,converged,-0.5051923676766066,-3.976313039510162,Pennsylvania German,North America,Indo-European,283.6789,40.030507,209280,other
dance_group,-6.878031501894792,0.049752276779597655,converged,-9.71920407243009,0.7071280357427928,nort2671,converged,-2.8411725705352975,-4.00799590507169,North Saami,Eurasia,Uralic,22.1113,68.725,20700,other
rain_group,-6.300035984080432,0.027205812474801125,converged,-6.974601989464516,0.16229726940327577,corn1251,converged,-0.6745660053840847,-4.099167187289255,Cornish,Eurasia,Indo-European,-4.18619,50.5233,468425,other
rain_group,-6.300035984080432,0.027205812474801125,converged,-6.909562156235531,0.1459377742347353,chuu1238,converged,-0.6095261721550997,-4.105881071524444,Chuukese,Papunesia,Austronesian,151.598607,7.346993,45900,other
dance_group,-6.878031501894792,0.049752276779597655,converged,-7.782087006550419,0.21324517910844806,clas1252,converged,-0.9040555046556262,-4.128632663173124,Classical Syriac,Eurasia,Afro-Asiatic,42.1432,37.1129,200000,other
rain_group,-6.300035984080432,0.027205812474801125,converged,-7.059368179158352,0.17968245479594794,klam1254,converged,-0.7593321950779206,-4.178344218830866,Klamath-Modoc,North America,isolate_klam1254,238.296,42.5861,100,hunter-gatherer
taste_group,-6.774695661964866,0.023289593669973036,converged,-7.488932850275244,0.16907810879088875,yabe1254,converged,-0.7142371883103777,-4.184789503605478,Yabem,Papunesia,Austronesian,147.81,-6.67052,2080,other
dance_group,-6.878031501894792,0.049752276779597655,converged,-8.604226790382636,0.4082857106992737,pint1250,converged,-1.726195288487844,-4.1968652909440705,Pintupi-Luritja,Australia,Pama-Nyungan,130.643,-23.2963,390,hunter-gatherer
taste_group,-6.774695661964866,0.023289593669973036,converged,-7.267709052209193,0.11474787642563125,icel1247,converged,-0.493013390244327,-4.210641035949337,Icelandic,Eurasia,Indo-European,-19.0212,63.4837,230000,other
dance_group,-6.878031501894792,0.049752276779597655,converged,-8.48443384432079,0.37800352615406496,kyak1244,converged,-1.6064023424259979,-4.213363720179131,Kyaka,Papunesia,Nuclear Trans New Guinea,144.119,-5.52462,15400,other
snow_group,-7.500141475307639,0.05404147822644328,converged,-8.813133490384926,0.30609317251246376,mamp1244,converged,-1.3129920150772874,-4.224187149630933,Mampruli,Africa,Atlantic-Congo,-0.74675,10.3884,220000,other
wind_group,-5.881572899913446,0.026381933148576345,converged,-6.7037332952129765,0.1925680568962366,gwer1238,converged,-0.8221603952995302,-4.229941978680603,Gwere,Africa,Atlantic-Congo,33.8227,1.11392,409000,other
rain_group,-6.300035984080432,0.027205812474801125,converged,-7.437164299691426,0.26733993250607224,yape1248,converged,-1.137128315610994,-4.231637027358796,Yapese,Papunesia,Austronesian,138.125,9.55811,6590,other
ice_group,-7.833147994708722,0.055064859068445896,converged,-8.654487323712008,0.18571152734875868,anci1244,converged,-0.821339329003286,-4.240196049838372,Ancient Hebrew,Eurasia,Afro-Asiatic,35.1725,31.7761,40000,other
wind_group,-5.881572899913446,0.026381933148576345,converged,-6.478593425883312,0.13494348799868566,buli1254,converged,-0.5970205259698655,-4.3420247221691115,Buli,Africa,Atlantic-Congo,-1.26748,10.5763,150000,other
smell_group,-6.383986116324334,0.023005403195962684,converged,-7.320707440542587,0.21327124155812524,nort2671,converged,-0.9367213242182526,-4.366827347080699,North Saami,Eurasia,Uralic,22.1113,68.725,20700,other
smell_group,-6.383986116324334,0.023005403195962684,converged,-6.983044950615058,0.13369257619983346,loui1240,converged,-0.5990588342907239,-4.415965915082949,Louisiana Creole French,North America,Indo-European,269.2525,30.0412,70000,other
rain_group,-6.300035984080432,0.027205812474801125,converged,-7.060108425848674,0.16910340755230122,oldn1244,converged,-0.7600724417682425,-4.43765626683231,Old Norse,Eurasia,Indo-European,10.38,63.42,900000,other
smell_group,-6.383986116324334,0.023005403195962684,converged,-6.672831356154635,0.06078407782756092,nava1243,converged,-0.28884523983030075,-4.444323791167909,Navajo,North America,Athabaskan-Eyak-Tlingit,250.62,36.33,149000,other
taste_group,-6.774695661964866,0.023289593669973036,converged,-7.262907473219242,0.10663771865249248,samo1305,converged,-0.4882118112543754,-4.472798508990838,Samoan,Papunesia,Austronesian,188.17,-13.92,306840,other
rain_group,-6.300035984080432,0.027205812474801125,converged,-6.813634515000506,0.11117213285608285,east2295,converged,-0.5135985309200741,-4.487434076715522,Eastern Yiddish,Eurasia,Indo-European,19.42,51.75,401947,other
wind_group,-5.881572899913446,0.026381933148576345,converged,-6.594446030391484,0.15440885326893256,sout2668,converged,-0.7128731304780374,-4.550842197604543,Southern Hindko,Eurasia,Indo-European,72.1702,33.2122,625000,other
ice_group,-7.833147994708722,0.055064859068445896,converged,-9.231665903313338,0.301526103268947,bata1298,converged,-1.3985179086046164,-4.562672952966381,Batad Ifugao,Papunesia,Austronesian,121.23,16.8266,43000,other
snow_group,-7.500141475307639,0.05404147822644328,converged,-8.285277490882807,0.16305193350545838,anci1244,converged,-0.7851360155751683,-4.5707417177888034,Ancient Hebrew,Eurasia,Afro-Asiatic,35.1725,31.7761,40000,other
dance_group,-6.878031501894792,0.049752276779597655,converged,-8.300370530211477,0.30154879370941595,hmon1333,converged,-1.422339028316685,-4.653861974637699,Hmong Daw,Eurasia,Hmong-Mien,103.164,21.5461,435400,other
dance_group,-6.878031501894792,0.049752276779597655,converged,-7.440132531189089,0.10979648249410179,tzot1259,converged,-0.562101029294297,-4.663084174934271,Tzotzil,North America,Mayan,267.26120000000003,16.6362,4230,other
snow_group,-7.500141475307639,0.05404147822644328,converged,-8.75796143535302,0.26352904558797574,mara1404,converged,-1.2578199600453805,-4.675683213752108,Maranao,Papunesia,Austronesian,124.175,7.79414,776000,other
wind_group,-5.881572899913446,0.026381933148576345,converged,-6.34238861139636,0.09457423843861529,khas1269,converged,-0.46081571148291367,-4.693341563464204,Khasi,Eurasia,Austroasiatic,91.9998,24.977,865000,other
smell_group,-6.383986116324334,0.023005403195962684,converged,-7.269664774583114,0.1857599810365061,muna1247,converged,-0.8856786582587794,-4.731717441064983,Muna,Papunesia,Austronesian,122.541,-5.40419,300000,other
dance_group,-6.878031501894792,0.049752276779597655,converged,-8.824408246971789,0.4082783157337548,oldn1244,converged,-1.9463767450769964,-4.732272674945865,Old Norse,Eurasia,Indo-European,10.38,63.42,900000,other
wind_group,-5.881572899913446,0.026381933148576345,converged,-6.694880254006002,0.16913538379559304,rend1243,converged,-0.8133073540925562,-4.7511665434588295,Rendille,Africa,Afro-Asiatic,37.3608,2.27065,34700,other
dance_group,-6.878031501894792,0.049752276779597655,converged,-8.689536559827607,0.37799628459032897,here1253,converged,-1.8115050579328145,-4.751408299545373,Herero,Africa,Atlantic-Congo,20.5655,-21.0231,237000,other
dance_group,-6.878031501894792,0.049752276779597655,converged,-8.87134161305185,0.40827693915369256,yama1264,converged,-1.993310111157058,-4.846399000039453,Yámana,South America,isolate_yama1264,291.7352,-55.2748,100,hunter-gatherer
dance_group,-6.878031501894792,0.049752276779597655,converged,-7.869622224608371,0.19615360731013853,yaka1277,converged,-0.9915907227135783,-4.900014963341869,Yakan,Papunesia,Austronesian,122.021729,6.531023,106000,other
dance_group,-6.878031501894792,0.049752276779597655,converged,-8.035960435059915,0.22945285190342607,penn1240,converged,-1.1579289331651221,-4.931873589677251,Pennsylvania German,North America,Indo-European,283.6789,40.030507,209280,other
wind_group,-5.881572899913446,0.026381933148576345,converged,-6.621955491894402,0.14754003350106681,shil1265,converged,-0.7403825919809561,-4.939829934840895,Shilluk,Africa,Nilotic,31.7926,9.85472,175000,other
smell_group,-6.383986116324334,0.023005403195962684,converged,-6.996008531585707,0.12132331201630102,jewi1240,converged,-0.6120224152613725,-4.956241034117366,Jewish Babylonian Aramaic,Eurasia,Afro-Asiatic,44.245,32.273,200000,other
smell_group,-6.383986116324334,0.023005403195962684,converged,-6.823794321042491,0.08548221258464006,newa1246,converged,-0.4398082047181564,-4.96825001745951,Kathmandu Valley Newari,Eurasia,Sino-Tibetan,85.326,27.67,839000,other
dance_group,-6.878031501894792,0.049752276779597655,converged,-8.357904333734313,0.2887089848998347,khot1251,converged,-1.4798728318395202,-5.051373464297218,Khotanese,Eurasia,Indo-European,79.04,38.33,83000,other
rain_group,-6.300035984080432,0.027205812474801125,converged,-6.819354825786022,0.09811161360602028,mara1404,converged,-0.5193188417055907,-5.100673629583998,Maranao,Papunesia,Austronesian,124.175,7.79414,776000,other
rain_group,-6.300035984080432,0.027205812474801125,converged,-6.928656931171387,0.11630454639895713,akka1240,converged,-0.6286209470909556,-5.262886244750232,Akkadian,Eurasia,Afro-Asiatic,44.1,33.1,200000,other
snow_group,-7.500141475307639,0.05404147822644328,converged,-8.599905318577722,0.19977879410905275,tzot1259,converged,-1.0997638432700834,-5.313920066894659,Tzotzil,North America,Mayan,267.26120000000003,16.6362,4230,other
smell_group,-6.383986116324334,0.023005403195962684,converged,-6.834604338607863,0.08115433213557517,tzot1259,converged,-0.4506182222835289,-5.342111266764867,Tzotzil,North America,Mayan,267.26120000000003,16.6362,4230,other
taste_group,-6.774695661964866,0.023289593669973036,converged,-7.76754179474958,0.1768141019690277,akka1240,converged,-0.992846132784714,-5.567111695481455,Akkadian,Eurasia,Afro-Asiatic,44.1,33.1,200000,other
taste_group,-6.774695661964866,0.023289593669973036,converged,-7.251624899401784,0.081139460185437,nava1243,converged,-0.4769292374369174,-5.649766702397999,Navajo,North America,Athabaskan-Eyak-Tlingit,250.62,36.33,149000,other
snow_group,-7.500141475307639,0.05404147822644328,converged,-9.433707655846046,0.3374765280240008,bata1298,converged,-1.9335661805384072,-5.657406407365853,Batad Ifugao,Papunesia,Austronesian,121.23,16.8266,43000,other
wind_group,-5.881572899913446,0.026381933148576345,converged,-6.428444607731041,0.09174384156473661,east2295,converged,-0.5468717078175951,-5.728701950194097,Eastern Yiddish,Eurasia,Indo-European,19.42,51.75,401947,other
smell_group,-6.383986116324334,0.023005403195962684,converged,-6.756932389249501,0.059689671891237285,trin1276,converged,-0.3729462729251667,-5.830057794810028,Trinidadian Creole English,South America,Indo-European,298.5829,10.4208,9600,other
smell_group,-6.383986116324334,0.023005403195962684,converged,-6.844743275740802,0.07520461894872028,anci1244,converged,-0.46075715941646767,-5.8587211365502805,Ancient Hebrew,Eurasia,Afro-Asiatic,35.1725,31.7761,40000,other
wind_group,-5.881572899913446,0.026381933148576345,converged,-6.444158202529991,0.09213060866794368,jewi1240,converged,-0.5625853026165446,-5.870446487533257,Jewish Babylonian Aramaic,Eurasia,Afro-Asiatic,44.245,32.273,200000,other
snow_group,-7.500141475307639,0.05404147822644328,converged,-8.427147371921205,0.14711375052745984,trin1276,converged,-0.9270058966135659,-5.91483112873623,Trinidadian Creole English,South America,Indo-European,298.5829,10.4208,9600,other
dance_group,-6.878031501894792,0.049752276779597655,converged,-8.271736759492983,0.2294450560603752,jewi1240,converged,-1.3937052575981905,-5.936289361569435,Jewish Babylonian Aramaic,Eurasia,Afro-Asiatic,44.245,32.273,200000,other
dance_group,-6.878031501894792,0.049752276779597655,converged,-8.289010649900563,0.22944455391550686,akka1240,converged,-1.4109791480057705,-6.009877603515518,Akkadian,Eurasia,Afro-Asiatic,44.1,33.1,200000,other
dance_group,-6.878031501894792,0.049752276779597655,converged,-7.652034665007599,0.11253551214157137,anci1244,converged,-0.7740031631128064,-6.290519766445061,Ancient Hebrew,Eurasia,Afro-Asiatic,35.1725,31.7761,40000,other
wind_group,-5.881572899913446,0.026381933148576345,converged,-7.017982060144784,0.1768558410680805,sanj1284,converged,-1.136409160231338,-6.35530320290238,Western Tlacolula Valley Zapotec,North America,Otomanguean,263.4033,17.0332,28000,other
wind_group,-5.881572899913446,0.026381933148576345,converged,-6.38094289612455,0.07260902999892233,bata1298,converged,-0.49936999621110356,-6.464057530222769,Batad Ifugao,Papunesia,Austronesian,121.23,16.8266,43000,other
wind_group,-5.881572899913446,0.026381933148576345,converged,-6.778160826892089,0.12707239299418338,bada1257,converged,-0.8965879269786425,-6.908408539271946,Badaga,Eurasia,Dravidian,76.5974,11.3094,245000,other
taste_group,-6.774695661964866,0.023289593669973036,converged,-7.5327860096665145,0.106028152280603,anci1244,converged,-0.7580903477016481,-6.983412627326821,Ancient Hebrew,Eurasia,Afro-Asiatic,35.1725,31.7761,40000,other
smell_group,-6.383986116324334,0.023005403195962684,converged,-7.201925994843671,0.11400302747896252,mush1238,converged,-0.8179398785193364,-7.0329523150907525,Mushungulu,Africa,Atlantic-Congo,42.6626,0.00689,23000,other
wind_group,-5.881572899913446,0.026381933148576345,converged,-6.655223416514063,0.10606799203010442,romb1245,converged,-0.7736505166006165,-7.07824895346658,Romblomanon,Papunesia,Austronesian,122.56,12.4047,200000,other
dance_group,-6.878031501894792,0.049752276779597655,converged,-8.507895556603026,0.213222234534141,icel1247,converged,-1.629864054708234,-7.4440083182979775,Icelandic,Eurasia,Indo-European,-19.0212,63.4837,230000,other
rain_group,-6.300035984080432,0.027205812474801125,converged,-7.120995407435318,0.10664341409002466,icel1247,converged,-0.8209594233548865,-7.459269524554004,Icelandic,Eurasia,Indo-European,-19.0212,63.4837,230000,other
wind_group,-5.881572899913446,0.026381933148576345,converged,-6.485843157207789,0.0722237869812097,newa1246,converged,-0.6042702572943428,-7.858753294012513,Kathmandu Valley Newari,Eurasia,Sino-Tibetan,85.326,27.67,839000,other
wind_group,-5.881572899913446,0.026381933148576345,converged,-6.575269530197416,0.08339141465069402,mush1238,converged,-0.69369663028397,-7.931129687220038,Mushungulu,Africa,Atlantic-Congo,42.6626,0.00689,23000,other
rain_group,-6.300035984080432,0.027205812474801125,converged,-6.838550029733696,0.06217026256305532,trin1276,converged,-0.5385140456532644,-7.935388187305563,Trinidadian Creole English,South America,Indo-European,298.5829,10.4208,9600,other
wind_group,-5.881572899913446,0.026381933148576345,converged,-6.565228855266741,0.06541806755120898,anci1244,converged,-0.683655955353295,-9.692100940064455,Ancient Hebrew,Eurasia,Afro-Asiatic,35.1725,31.7761,40000,other
wind_group,-5.881572899913446,0.026381933148576345,converged,-6.79320961730146,0.060779723802240435,trin1276,converged,-0.9116367173880136,-13.758800855488039,Trinidadian Creole English,South America,Indo-European,298.5829,10.4208,9600,other
