groupname,level,glottocode,domain,basic,combo_name,sign,scholarly,langname,convergence,convergence_set,zeta,words
Dalabon,single,ngal1292,noun,1,kangaroocombo,positive,1,Ngalkbun,converged,converged,70.68479787801475,kangaroo
North Saami,single,nort2671,noun,1,reindeercombo,positive,1,North Saami,converged,converged,45.48949711853188,"caribou, reindeer"
Saami,group,nort2671,noun,1,reindeercombo,positive,1,North Saami,converged,converged,45.48949711853188,"caribou, reindeer"
Marshallese,single,mars1254,noun,1,pandanuscombo,positive,1,Marshallese,converged,converged,24.66135839379292,"pandanus, pandani"
Marshallese,single,mars1254,noun,1,breadfruitcombo,positive,1,Marshallese,converged,converged,24.028460985256906,breadfruit
Yana,single,yana1271,noun,1,acorncombo,positive,1,Yana,converged,converged,23.58028076835615,acorn
Polynesian,group,hawa1245,noun,1,tarocombo,positive,1,Hawaiian,converged,converged,22.59845729727207,"taro, cocoyam, dasheen, eddo"
Arabic,group,stan1318,noun,1,camelcombo,positive,1,Standard Arabic,converged,converged,22.51680541091908,camel
Polynesian,group,samo1305,noun,1,tarocombo,positive,1,Samoan,converged,converged,22.417892576216747,"taro, cocoyam, dasheen, eddo"
Mandarin,single,mand1415,noun,1,obligationcombo,positive,1,Mandarin Chinese,converged,converged,18.62894415837033,"obligation, duty, responsibility"
Eskimo-Aleut,group,east2534,noun,1,snowcombo,positive,1,Eastern Canadian Inuktitut,converged,converged,17.574951269181124,"snow, snowfall"
Aneityum,single,anei1239,noun,1,tarocombo,positive,1,Aneityum,converged,converged,17.272171832180987,"taro, cocoyam, dasheen, eddo"
German,group,stan1295,noun,1,beercombo,positive,1,German,converged,converged,14.71628938847238,beer
Polynesian,group,taku1257,noun,1,tarocombo,positive,1,Takuu,converged,converged,14.083780481078287,"taro, cocoyam, dasheen, eddo"
Kalam,single,kala1397,noun,0,terrestrialmammalscombo,positive,1,Kalam,converged,converged,14.012525618712244,mammal
Polynesian,group,tiko1237,noun,1,tarocombo,positive,1,Tikopia,converged,converged,12.921589436618,"taro, cocoyam, dasheen, eddo"
Old English,single,olde1238,noun,1,warriorcombo,positive,1,Old English,converged,converged,12.87666710367741,warrior
Polynesian,group,samo1305,noun,1,bananacombo,positive,1,Samoan,converged,converged,12.777838806043858,banana
Tuvaluan,single,tuva1244,noun,1,coconutcombo,positive,1,Tuvalu,converged,converged,12.658981254600556,"coconut, cocoanut"
Oceanic languages,group,tuva1244,noun,1,coconutcombo,positive,1,Tuvalu,converged,converged,12.658981254600556,"coconut, cocoanut"
Zulu,single,zulu1248,noun,1,cattlecombo,positive,1,Zulu,converged,converged,12.65884655056234,"cattle, cow, ox, kine, oxen"
Oceanic languages,group,chuu1238,noun,1,coconutcombo,positive,1,Chuukese,converged,converged,12.611078017071726,"coconut, cocoanut"
Oceanic languages,group,hawa1245,noun,1,coconutcombo,positive,1,Hawaiian,converged,converged,12.579450318661527,"coconut, cocoanut"
Polynesian,group,renn1242,noun,1,tarocombo,positive,1,Rennell-Bellona,converged,converged,12.458822720713025,"taro, cocoyam, dasheen, eddo"
Polynesian,group,raro1241,noun,1,tarocombo,positive,1,Southern Cook Island Maori,converged,converged,12.432394176559146,"taro, cocoyam, dasheen, eddo"
Polynesian,group,futu1245,noun,1,tarocombo,positive,1,Futuna-Aniwa,converged,converged,12.095694273078733,"taro, cocoyam, dasheen, eddo"
Japanese,single,nucl1643,noun,1,obligationcombo,positive,1,Japanese,converged,converged,12.016565658741188,"obligation, duty, responsibility"
Polynesian,group,niue1239,noun,1,tarocombo,positive,1,Niuean,converged,converged,11.768380039851133,"taro, cocoyam, dasheen, eddo"
Malay,group,stan1306,noun,1,ricecombo,positive,1,Standard Malay,converged,converged,11.092298362377774,rice
Asian,group,stan1306,noun,1,ricecombo,positive,1,Standard Malay,converged,converged,11.092298362377774,rice
East and southeast asian,group,stan1306,noun,1,ricecombo,positive,1,Standard Malay,converged,converged,11.092298362377774,rice
Polynesian,group,hawa1245,noun,1,bananacombo,positive,1,Hawaiian,converged,converged,10.819223047930212,banana
Japanese,single,nucl1643,noun,1,ricecombo,positive,1,Japanese,converged,converged,10.721153124518533,rice
Asian,group,nucl1643,noun,1,ricecombo,positive,1,Japanese,converged,converged,10.721153124518533,rice
East and southeast asian,group,nucl1643,noun,1,ricecombo,positive,1,Japanese,converged,converged,10.721153124518533,rice
Inuktitut,group,east2534,noun,1,icecombo,positive,1,Eastern Canadian Inuktitut,converged,converged,10.649381279028649,ice
Eskimo-Aleut,group,east2534,noun,1,icecombo,positive,1,Eastern Canadian Inuktitut,converged,converged,10.649381279028649,ice
Oceanic languages,group,tahi1242,noun,1,coconutcombo,positive,1,Tahitian,converged,converged,10.612276634095737,"coconut, cocoanut"
Marshallese,single,mars1254,noun,1,coconutcombo,positive,1,Marshallese,converged,converged,10.545887294610516,"coconut, cocoanut"
Oceanic languages,group,mars1254,noun,1,coconutcombo,positive,1,Marshallese,converged,converged,10.545887294610516,"coconut, cocoanut"
Arabic,group,stan1318,noun,1,lioncombo,positive,1,Standard Arabic,converged,converged,10.518180614175414,lion
Oceanic languages,group,samo1305,noun,1,coconutcombo,positive,1,Samoan,converged,converged,10.515369589715752,"coconut, cocoanut"
Oceanic languages,group,gilb1244,noun,1,coconutcombo,positive,1,Gilbertese,converged,converged,10.48326267920444,"coconut, cocoanut"
Australian languages,group,ngaa1240,noun,1,chrysaliscombo,positive,1,Ngaanyatjarra,converged,converged,10.313937411026444,chrysalis
Asian,group,ilok1237,noun,1,ricecombo,positive,1,Iloko,converged,converged,10.234219644882911,rice
East and southeast asian,group,ilok1237,noun,1,ricecombo,positive,1,Iloko,converged,converged,10.234219644882911,rice
Oceanic languages,group,toke1240,noun,1,coconutcombo,positive,1,Tokelau,converged,converged,10.169706031733863,"coconut, cocoanut"
Oceanic languages,group,yape1248,noun,1,coconutcombo,positive,1,Yapese,converged,converged,10.146591432570801,"coconut, cocoanut"
Oceanic languages,group,pulu1242,noun,1,coconutcombo,positive,1,Puluwatese,converged,converged,10.107081682469312,"coconut, cocoanut"
Oceanic languages,group,renn1242,noun,1,coconutcombo,positive,1,Rennell-Bellona,converged,converged,10.069919275514499,"coconut, cocoanut"
Hawaiian,single,hawa1245,noun,1,raincombo,positive,1,Hawaiian,converged,converged,10.054869003558627,"rain, rainfall, rainwater"
Polynesian,group,kapi1249,noun,1,tarocombo,positive,1,Kapingamarangi,converged,converged,9.999764070195289,"taro, cocoyam, dasheen, eddo"
North Saami,single,nort2671,noun,1,snowcombo,positive,1,North Saami,converged,converged,9.848498265706315,"snow, snowfall"
Saami,group,nort2671,noun,1,snowcombo,positive,1,North Saami,converged,converged,9.848498265706315,"snow, snowfall"
Oceanic languages,group,taku1257,noun,1,coconutcombo,positive,1,Takuu,converged,converged,9.808375036096058,"coconut, cocoanut"
Kalam,single,kala1397,noun,1,frogcombo,positive,1,Kalam,converged,converged,9.782766250705706,"frog, toad, anuran, batrachian, salientian"
Ponapean,single,pohn1238,noun,1,yamcombo,positive,1,Pohnpeian,converged,converged,9.777300069538613,yam
Oceanic languages,group,anei1239,noun,1,coconutcombo,positive,1,Aneityum,converged,converged,9.68148682813678,"coconut, cocoanut"
Asian,group,mand1415,noun,1,ricecombo,positive,1,Mandarin Chinese,converged,converged,9.654482438728571,rice
East and southeast asian,group,mand1415,noun,1,ricecombo,positive,1,Mandarin Chinese,converged,converged,9.654482438728571,rice
Oceanic languages,group,kapi1249,noun,1,coconutcombo,positive,1,Kapingamarangi,converged,converged,9.500670990396333,"coconut, cocoanut"
Oceanic languages,group,fiji1243,noun,1,coconutcombo,positive,1,Fijian,converged,converged,9.470151843425949,"coconut, cocoanut"
Maori,group,maor1246,noun,1,ferncombo,positive,1,Maori,converged,converged,9.43607993320181,fern
Asian,group,iban1264,noun,1,ricecombo,positive,1,Iban,converged,converged,9.35249482263584,rice
East and southeast asian,group,iban1264,noun,1,ricecombo,positive,1,Iban,converged,converged,9.35249482263584,rice
Polynesian,group,tuva1244,noun,1,tarocombo,positive,1,Tuvalu,converged,converged,9.27150797292687,"taro, cocoyam, dasheen, eddo"
Eskimo-Aleut,group,cent2128,noun,1,snowcombo,positive,1,Central Siberian Yupik,converged,converged,9.258967203335988,"snow, snowfall"
Oceanic languages,group,tiko1237,noun,1,coconutcombo,positive,1,Tikopia,converged,converged,9.248763537593543,"coconut, cocoanut"
Oceanic languages,group,paam1238,noun,1,coconutcombo,positive,1,Paama,converged,converged,9.207113591736436,"coconut, cocoanut"
Australian languages,group,ngaa1240,noun,1,emuscombo,positive,1,Ngaanyatjarra,converged,converged,9.145253972282275,emu
Oceanic languages,group,niue1239,noun,1,coconutcombo,positive,1,Niuean,converged,converged,9.124896075870302,"coconut, cocoanut"
Asian,group,tami1289,noun,1,ricecombo,positive,1,Tamil,converged,converged,9.03271847249662,rice
French,group,stan1290,noun,1,smellcombo,positive,1,French,converged,converged,9.008695160594568,"smell, odor, odour, aroma, scent, smelling"
Oceanic languages,group,vure1239,noun,1,coconutcombo,positive,1,Vurës,converged,converged,8.998176316122153,"coconut, cocoanut"
Australian languages,group,muru1266,noun,1,emuscombo,positive,1,Muruwari,converged,converged,8.995637495467223,emu
Asian,group,newa1246,noun,1,ricecombo,positive,1,Kathmandu Valley Newari,converged,converged,8.993014433893666,rice
Oceanic languages,group,surs1246,noun,1,coconutcombo,positive,1,Sursurunga,converged,converged,8.970067134575576,"coconut, cocoanut"
Vietnamese,single,viet1252,noun,1,ricecombo,positive,1,Vietnamese,converged,converged,8.94046444068518,rice
Asian,group,viet1252,noun,1,ricecombo,positive,1,Vietnamese,converged,converged,8.94046444068518,rice
East and southeast asian,group,viet1252,noun,1,ricecombo,positive,1,Vietnamese,converged,converged,8.94046444068518,rice
Oceanic languages,group,wole1240,noun,1,coconutcombo,positive,1,Woleaian,converged,converged,8.899815878312172,"coconut, cocoanut"
Asian,group,telu1262,noun,1,ricecombo,positive,1,Telugu,converged,converged,8.84570915499478,rice
Yupik,group,cent2128,noun,1,icecombo,positive,1,Central Siberian Yupik,converged,converged,8.829909087505227,ice
Eskimo-Aleut,group,cent2128,noun,1,icecombo,positive,1,Central Siberian Yupik,converged,converged,8.829909087505227,ice
Oceanic languages,group,area1240,noun,1,coconutcombo,positive,1,'Are'are,converged,converged,8.818576022039956,"coconut, cocoanut"
Hawaiian,single,hawa1245,noun,1,cloudcombo,positive,1,Hawaiian,converged,converged,8.797295070577578,cloud
Oceanic languages,group,ayiw1239,noun,1,coconutcombo,positive,1,Äiwoo,converged,converged,8.793112463709758,"coconut, cocoanut"
Kwamera,single,kwam1252,noun,1,coconutcombo,positive,1,Kwamera,converged,converged,8.772273883350449,"coconut, cocoanut"
Oceanic languages,group,kwam1252,noun,1,coconutcombo,positive,1,Kwamera,converged,converged,8.772273883350449,"coconut, cocoanut"
Oceanic languages,group,siee1239,noun,1,coconutcombo,positive,1,Sie,converged,converged,8.721057137527959,"coconut, cocoanut"
Oceanic languages,group,urip1240,noun,1,coconutcombo,positive,1,Uripiv,converged,converged,8.665426245924596,"coconut, cocoanut"
Australian languages,group,ngal1292,noun,1,emuscombo,positive,1,Ngalkbun,converged,converged,8.58495469579512,emu
Oceanic languages,group,port1286,noun,1,coconutcombo,positive,1,Daakie,converged,converged,8.58136687416013,"coconut, cocoanut"
Aneityum,single,anei1239,noun,1,yamcombo,positive,1,Aneityum,converged,converged,8.557542219271124,yam
Australian languages,group,nung1290,noun,1,emuscombo,positive,1,Wubuy,converged,converged,8.534761674860821,emu
Mayan,group,tzot1259,noun,1,corncombo,positive,1,Tzotzil,converged,converged,8.529537369017055,"corn, maize"
Arabic,group,jude1267,noun,1,camelcombo,positive,1,Judeo-Yemeni Arabic,converged,converged,8.503780074499064,camel
Oceanic languages,group,moki1238,noun,1,coconutcombo,positive,1,Mokilese,converged,converged,8.493643722593896,"coconut, cocoanut"
Oceanic languages,group,sout2856,noun,1,coconutcombo,positive,1,Nafsan,converged,converged,8.476064444312478,"coconut, cocoanut"
Oceanic languages,group,tuam1242,noun,1,coconutcombo,positive,1,Tuamotuan,converged,converged,8.463555440129552,"coconut, cocoanut"
Asian,group,taga1270,noun,1,ricecombo,positive,1,Tagalog,converged,converged,8.462846201326023,rice
East and southeast asian,group,taga1270,noun,1,ricecombo,positive,1,Tagalog,converged,converged,8.462846201326023,rice
Asian,group,minn1241,noun,1,ricecombo,positive,1,Min Nan Chinese,converged,converged,8.396021627904535,rice
East and southeast asian,group,minn1241,noun,1,ricecombo,positive,1,Min Nan Chinese,converged,converged,8.396021627904535,rice
Asian,group,laoo1244,noun,1,ricecombo,positive,1,Lao,converged,converged,8.334432003758184,rice
East and southeast asian,group,laoo1244,noun,1,ricecombo,positive,1,Lao,converged,converged,8.334432003758184,rice
Oceanic languages,group,rotu1241,noun,1,coconutcombo,positive,1,Rotuman,converged,converged,8.331798830381736,"coconut, cocoanut"
Oceanic languages,group,tong1325,noun,1,coconutcombo,positive,1,Tonga,converged,converged,8.320852126629221,"coconut, cocoanut"
Oceanic languages,group,aros1241,noun,1,coconutcombo,positive,1,Arosi,converged,converged,8.247132968942692,"coconut, cocoanut"
Oceanic languages,group,lonw1238,noun,1,coconutcombo,positive,1,Lonwolwol,converged,converged,8.220852115922389,"coconut, cocoanut"
Oceanic languages,group,teop1238,noun,1,coconutcombo,positive,1,Teop,converged,converged,8.190778518185464,"coconut, cocoanut"
Oceanic languages,group,mele1250,noun,1,coconutcombo,positive,1,Mele-Fila,converged,converged,8.148281711232704,"coconut, cocoanut"
Oceanic languages,group,raro1241,noun,1,coconutcombo,positive,1,Southern Cook Island Maori,converged,converged,8.140255497612333,"coconut, cocoanut"
Oceanic languages,group,gela1263,noun,1,coconutcombo,positive,1,Gela,converged,converged,8.124064008341954,"coconut, cocoanut"
Oceanic languages,group,caro1242,noun,1,coconutcombo,positive,1,Carolinian,converged,converged,8.089577550569526,"coconut, cocoanut"
Australian languages,group,warl1254,noun,1,emuscombo,positive,1,Warlpiri,converged,converged,8.049309514704404,emu
Oceanic languages,group,tang1348,"noun, verb",0,gardeningcombo,positive,1,Tangga,converged,converged,8.040410305637018,"garden, gardening, gardener, floriculture"
Oceanic languages,group,pohn1238,noun,1,coconutcombo,positive,1,Pohnpeian,converged,converged,8.037500814690064,"coconut, cocoanut"
Oceanic languages,group,toab1237,"noun, verb",0,gardeningcombo,positive,1,To'abaita,converged,converged,8.003062205290947,"garden, gardening, gardener, floriculture"
Oceanic languages,group,yabe1254,noun,1,coconutcombo,positive,1,Yabem,converged,converged,7.994765071357668,"coconut, cocoanut"
Australian languages,group,bard1255,noun,1,sandcombo,positive,1,Bardi,converged,converged,7.95422934412328,sand
Oceanic languages,group,wamp1247,noun,1,coconutcombo,positive,1,Wampar,converged,converged,7.928971172894572,"coconut, cocoanut"
Polynesian,group,renn1242,noun,1,bananacombo,positive,1,Rennell-Bellona,converged,converged,7.897680852485226,banana
Oceanic languages,group,toab1237,noun,1,coconutcombo,positive,1,To'abaita,converged,converged,7.857678779348301,"coconut, cocoanut"
Australian languages,group,djiw1241,noun,1,emuscombo,positive,1,Djiwarli,converged,converged,7.841748222369433,emu
Oceanic languages,group,lena1238,noun,1,coconutcombo,positive,1,Lenakel,converged,converged,7.838259519497896,"coconut, cocoanut"
Oceanic languages,group,fiji1243,"noun, verb",0,gardeningcombo,positive,1,Fijian,converged,converged,7.81854872093844,"garden, gardening, gardener, floriculture"
Oceanic languages,group,ralu1237,noun,1,coconutcombo,positive,1,Raluana,converged,converged,7.790513010500089,"coconut, cocoanut"
Indonesian,group,indo1316,noun,1,ricecombo,positive,1,Standard Indonesian,converged,converged,7.7820091860549905,rice
Oceanic languages,group,saaa1240,noun,1,coconutcombo,positive,1,Sa'a,converged,converged,7.764331429862166,"coconut, cocoanut"
Asian,group,hmon1333,noun,1,ricecombo,positive,1,Hmong Daw,converged,converged,7.755299514718141,rice
East and southeast asian,group,hmon1333,noun,1,ricecombo,positive,1,Hmong Daw,converged,converged,7.755299514718141,rice
Oceanic languages,group,sina1266,noun,1,coconutcombo,positive,1,Sinaugoro,converged,converged,7.737043729380698,"coconut, cocoanut"
Polynesian,group,futu1245,noun,1,bananacombo,positive,1,Futuna-Aniwa,converged,converged,7.679607022827987,banana
Asian,group,cebu1242,noun,1,ricecombo,positive,1,Cebuano,converged,converged,7.666229739431542,rice
East and southeast asian,group,cebu1242,noun,1,ricecombo,positive,1,Cebuano,converged,converged,7.666229739431542,rice
Oceanic languages,group,naka1262,noun,1,coconutcombo,positive,1,Nakanai,converged,converged,7.637676582186445,"coconut, cocoanut"
Thai,group,thai1261,noun,1,ricecombo,positive,1,Thai,converged,converged,7.617986729761542,rice
Asian,group,thai1261,noun,1,ricecombo,positive,1,Thai,converged,converged,7.617986729761542,rice
East and southeast asian,group,thai1261,noun,1,ricecombo,positive,1,Thai,converged,converged,7.617986729761542,rice
Asian,group,kore1280,noun,1,ricecombo,positive,1,Korean,converged,converged,7.609874676552166,rice
East and southeast asian,group,kore1280,noun,1,ricecombo,positive,1,Korean,converged,converged,7.609874676552166,rice
Asian,group,nucl1305,noun,1,ricecombo,positive,1,Kannada,converged,converged,7.599428126922046,rice
Oceanic languages,group,chek1238,"noun, verb",0,gardeningcombo,positive,1,Cheke Holo,converged,converged,7.587399483261235,"garden, gardening, gardener, floriculture"
Australian languages,group,yand1253,noun,1,emuscombo,positive,1,Yandruwandha,converged,converged,7.544031904907795,emu
Oceanic languages,group,chek1238,noun,1,coconutcombo,positive,1,Cheke Holo,converged,converged,7.541645286262245,"coconut, cocoanut"
Oceanic languages,group,geda1237,noun,1,coconutcombo,positive,1,Gedaged,converged,converged,7.538707370058545,"coconut, cocoanut"
Australian languages,group,nung1290,noun,1,sandcombo,positive,1,Wubuy,converged,converged,7.4742574480486486,sand
Oceanic languages,group,kwai1243,noun,1,coconutcombo,positive,1,Kwaio,converged,converged,7.466869281527548,"coconut, cocoanut"
Australian languages,group,adny1235,noun,1,emuscombo,positive,1,Adnyamathanha,converged,converged,7.454620933669386,emu
Oceanic languages,group,kwai1243,"noun, verb",0,gardeningcombo,positive,1,Kwaio,converged,converged,7.4337646173414935,"garden, gardening, gardener, floriculture"
Oceanic languages,group,aros1241,"noun, verb",0,gardeningcombo,positive,1,Arosi,converged,converged,7.426580172195349,"garden, gardening, gardener, floriculture"
Oceanic languages,group,tali1259,noun,1,coconutcombo,positive,1,Talise,converged,converged,7.390741006246903,"coconut, cocoanut"
Australian languages,group,yank1247,noun,1,emuscombo,positive,1,Yankunytjatjara,converged,converged,7.3726054046839335,emu
Oceanic languages,group,misi1243,noun,1,coconutcombo,positive,1,Misima-Paneati,converged,converged,7.333540699852097,"coconut, cocoanut"
Asian,group,bali1278,noun,1,ricecombo,positive,1,Balinese,converged,converged,7.318602011834045,rice
East and southeast asian,group,bali1278,noun,1,ricecombo,positive,1,Balinese,converged,converged,7.318602011834045,rice
Yana,single,yana1271,noun,1,basketcombo,positive,1,Yana,converged,converged,7.312216786038288,"basket, handbasket"
Asian,group,lush1249,noun,1,ricecombo,positive,1,Mizo,converged,converged,7.2960690672449875,rice
Nuer,single,nuer1246,noun,1,cattlecombo,positive,1,Nuer,converged,converged,7.277579710828057,"cattle, cow, ox, kine, oxen"
Oceanic languages,group,lauu1247,noun,1,coconutcombo,positive,1,Lau,converged,converged,7.2488454307631605,"coconut, cocoanut"
Fijian,group,fiji1243,noun,0,fishcombo,positive,1,Fijian,converged,converged,7.235065440406591,fish
Asian,group,cent2292,noun,1,ricecombo,positive,1,Central Bontoc,converged,converged,7.200572820794387,rice
East and southeast asian,group,cent2292,noun,1,ricecombo,positive,1,Central Bontoc,converged,converged,7.200572820794387,rice
Australian languages,group,yiry1245,noun,1,emuscombo,positive,1,Yir-Yoront,converged,converged,7.18127652588417,emu
Oceanic languages,group,louu1245,noun,1,coconutcombo,positive,1,Lou,converged,converged,7.1512845759703785,"coconut, cocoanut"
Mayan,group,yuca1254,noun,1,corncombo,positive,1,Yucatec Maya,converged,converged,7.1256634275301405,"corn, maize"
Australian languages,group,mudb1240,noun,1,emuscombo,positive,1,Mudburra,converged,converged,7.074483603225717,emu
Hawaiian,single,hawa1245,noun,1,windcombo,positive,1,Hawaiian,converged,converged,6.993416093404969,wind
Oceanic,group,hawa1245,noun,1,windcombo,positive,1,Hawaiian,converged,converged,6.993416093404969,wind
Asian,group,bata1298,noun,1,ricecombo,positive,1,Batad Ifugao,converged,converged,6.967327722288505,rice
East and southeast asian,group,bata1298,noun,1,ricecombo,positive,1,Batad Ifugao,converged,converged,6.967327722288505,rice
Oceanic languages,group,dehu1237,noun,1,coconutcombo,positive,1,Dehu,converged,converged,6.959977982019077,"coconut, cocoanut"
Asian,group,tbol1240,noun,1,ricecombo,positive,1,Tboli,converged,converged,6.929928453016811,rice
East and southeast asian,group,tbol1240,noun,1,ricecombo,positive,1,Tboli,converged,converged,6.929928453016811,rice
Oceanic languages,group,daka1243,noun,1,coconutcombo,positive,1,Dakaka,converged,converged,6.929489369623224,"coconut, cocoanut"
Polynesian,group,raro1241,noun,1,bananacombo,positive,1,Southern Cook Island Maori,converged,converged,6.925891219859995,banana
Asian,group,wara1300,noun,1,ricecombo,positive,1,Waray,converged,converged,6.900370241586696,rice
East and southeast asian,group,wara1300,noun,1,ricecombo,positive,1,Waray,converged,converged,6.900370241586696,rice
Oceanic languages,group,tang1348,noun,1,coconutcombo,positive,1,Tangga,converged,converged,6.897900684839054,"coconut, cocoanut"
Oceanic languages,group,surs1246,"noun, verb",0,gardeningcombo,positive,1,Sursurunga,converged,converged,6.849363641831641,"garden, gardening, gardener, floriculture"
Palauan,single,pala1344,noun,0,fishcombo,positive,1,Palauan,converged,converged,6.847905041585572,fish
Asian,group,shan1277,noun,1,ricecombo,positive,1,Shan,converged,converged,6.832086644540932,rice
East and southeast asian,group,shan1277,noun,1,ricecombo,positive,1,Shan,converged,converged,6.832086644540932,rice
Old English,single,olde1238,noun,1,seacombo,positive,1,Old English,converged,converged,6.818298465002124,sea
Arabic,group,stan1318,noun,1,swordcombo,positive,1,Standard Arabic,converged,converged,6.8175732047335735,sword
Arabic,group,gulf1241,noun,1,camelcombo,positive,1,Gulf Arabic,converged,converged,6.802359604553475,camel
Oceanic languages,group,futu1245,noun,1,coconutcombo,positive,1,Futuna-Aniwa,converged,converged,6.739674601326601,"coconut, cocoanut"
Oceanic languages,group,kosr1238,noun,1,coconutcombo,positive,1,Kosraean,converged,converged,6.737416226133569,"coconut, cocoanut"
Polynesian,group,mele1250,noun,1,bananacombo,positive,1,Mele-Fila,converged,converged,6.723607540362857,banana
Oceanic languages,group,renn1242,"noun, verb",0,gardeningcombo,positive,1,Rennell-Bellona,converged,converged,6.702386357559907,"garden, gardening, gardener, floriculture"
Eskimo-Aleut,group,west2618,noun,1,snowcombo,positive,1,Western Canadian Inuktitut,converged,converged,6.681883779659843,"snow, snowfall"
Asian,group,monn1252,noun,1,ricecombo,positive,1,Mon,converged,converged,6.6158725857529666,rice
East and southeast asian,group,monn1252,noun,1,ricecombo,positive,1,Mon,converged,converged,6.6158725857529666,rice
Oceanic languages,group,naka1262,"noun, verb",0,gardeningcombo,positive,1,Nakanai,converged,converged,6.609433204890389,"garden, gardening, gardener, floriculture"
Oceanic languages,group,gela1263,"noun, verb",0,gardeningcombo,positive,1,Gela,converged,converged,6.584917181584957,"garden, gardening, gardener, floriculture"
Asian,group,yaka1277,noun,1,ricecombo,positive,1,Yakan,converged,converged,6.545590955051814,rice
East and southeast asian,group,yaka1277,noun,1,ricecombo,positive,1,Yakan,converged,converged,6.545590955051814,rice
Asian,group,cent1989,noun,1,ricecombo,positive,1,Central Khmer,converged,converged,6.526552488457787,rice
East and southeast asian,group,cent1989,noun,1,ricecombo,positive,1,Central Khmer,converged,converged,6.526552488457787,rice
Inuktitut,group,west2618,noun,1,icecombo,positive,1,Western Canadian Inuktitut,converged,converged,6.509519712991428,ice
Eskimo-Aleut,group,west2618,noun,1,icecombo,positive,1,Western Canadian Inuktitut,converged,converged,6.509519712991428,ice
Hindi,single,hind1269,noun,1,lovecombo,positive,1,Hindi,converged,converged,6.49200314390053,"love, passion"
Maori,group,maor1246,noun,0,birdcombo,positive,1,Maori,converged,converged,6.452700161037109,bird
Asian,group,mara1378,noun,1,ricecombo,positive,1,Marathi,converged,converged,6.446185597370549,rice
Australian languages,group,djin1251,noun,1,emuscombo,positive,1,Jingulu,converged,converged,6.424937668778298,emu
Russian,single,russ1263,noun,1,snowcombo,positive,1,Russian,converged,converged,6.404302833034751,"snow, snowfall"
Asian,group,tulu1258,noun,1,ricecombo,positive,1,Tulu,converged,converged,6.367597678333315,rice
Oceanic languages,group,tean1237,noun,1,coconutcombo,positive,1,Teanu,converged,converged,6.347854727156245,"coconut, cocoanut"
Asian,group,yuec1235,noun,1,ricecombo,positive,1,Yue Chinese,converged,converged,6.2812315981963245,rice
East and southeast asian,group,yuec1235,noun,1,ricecombo,positive,1,Yue Chinese,converged,converged,6.2812315981963245,rice
Old English,single,olde1238,noun,1,battlecombo,positive,1,Old English,converged,converged,6.255000276448645,"battle, fight"
Kapingamarangi,single,kapi1249,noun,0,fishcombo,positive,1,Kapingamarangi,converged,converged,6.249508897883009,fish
Oceanic languages,group,wamp1247,"noun, verb",0,gardeningcombo,positive,1,Wampar,converged,converged,6.247093666254488,"garden, gardening, gardener, floriculture"
Australian languages,group,bayu1240,noun,1,emuscombo,positive,1,Bayungu,converged,converged,6.2239099738742425,emu
Asian,group,hmon1264,noun,1,ricecombo,positive,1,Hmong Njua,converged,converged,6.218626829241385,rice
East and southeast asian,group,hmon1264,noun,1,ricecombo,positive,1,Hmong Njua,converged,converged,6.218626829241385,rice
Asian,group,casi1235,noun,1,ricecombo,positive,1,Casiguran-Nagtipunan Agta,converged,converged,6.192832438403988,rice
East and southeast asian,group,casi1235,noun,1,ricecombo,positive,1,Casiguran-Nagtipunan Agta,converged,converged,6.192832438403988,rice
Eskimo-Aleut,group,aleu1260,noun,1,snowcombo,positive,1,Aleut,converged,converged,6.180698487491834,"snow, snowfall"
Australian languages,group,pint1250,noun,1,emuscombo,positive,1,Pintupi-Luritja,converged,converged,6.175357508365749,emu
Oceanic languages,group,paam1238,"noun, verb",0,gardeningcombo,positive,1,Paama,converged,converged,6.126087845480354,"garden, gardening, gardener, floriculture"
Roviana,single,rovi1238,noun,0,fishcombo,positive,1,Roviana,converged,converged,6.118816486345783,fish
Oceanic languages,group,port1286,"noun, verb",0,gardeningcombo,positive,1,Daakie,converged,converged,6.116073999356105,"garden, gardening, gardener, floriculture"
Australian languages,group,wikm1247,noun,1,sandcombo,positive,1,Wik-Mungkan,converged,converged,6.111562327809437,sand
Oceanic languages,group,kwam1252,"noun, verb",0,gardeningcombo,positive,1,Kwamera,converged,converged,6.10496585214036,"garden, gardening, gardener, floriculture"
Takuu,single,taku1257,noun,0,fishcombo,positive,1,Takuu,converged,converged,6.100467604065495,fish
Gilbertese,single,gilb1244,noun,0,fishcombo,positive,1,Gilbertese,converged,converged,6.098028804786933,fish
Oceanic languages,group,misi1243,"noun, verb",0,gardeningcombo,positive,1,Misima-Paneati,converged,converged,6.087522429118786,"garden, gardening, gardener, floriculture"
Thao,single,thao1240,noun,1,smellcombo,positive,1,Thao,converged,converged,6.071229679335132,"smell, odor, odour, aroma, scent, smelling"
Polynesian,group,niue1239,noun,1,bananacombo,positive,1,Niuean,converged,converged,6.031078432346848,banana
Asian,group,mara1382,noun,1,ricecombo,positive,1,Mara Chin,converged,converged,6.021306878343274,rice
East and southeast asian,group,mara1382,noun,1,ricecombo,positive,1,Mara Chin,converged,converged,6.021306878343274,rice
Oceanic languages,group,siee1239,"noun, verb",0,gardeningcombo,positive,1,Sie,converged,converged,5.948998082344014,"garden, gardening, gardener, floriculture"
Arabic,group,anda1287,noun,1,honeycombo,positive,1,Andalusian Arabic,converged,converged,5.92025153531231,honey
Marshallese,single,mars1254,noun,0,fishcombo,positive,1,Marshallese,converged,converged,5.906890486604645,fish
Asian,group,bara1370,noun,1,ricecombo,positive,1,Baram Kayan,converged,converged,5.888660067558399,rice
East and southeast asian,group,bara1370,noun,1,ricecombo,positive,1,Baram Kayan,converged,converged,5.888660067558399,rice
East and southeast asian,group,ilok1237,noun,0,fishcombo,positive,1,Iloko,converged,converged,5.840014988570007,fish
Australian languages,group,ying1247,noun,1,emuscombo,positive,1,Yinggarda,converged,converged,5.832925564975324,emu
Asian,group,kach1280,noun,1,ricecombo,positive,1,Southern Jinghpaw,converged,converged,5.80795777586422,rice
East and southeast asian,group,kach1280,noun,1,ricecombo,positive,1,Southern Jinghpaw,converged,converged,5.80795777586422,rice
Australian languages,group,dhal1245,noun,1,emuscombo,positive,1,Dhalandji,converged,converged,5.8045872839081945,emu
Asian,group,akha1245,noun,1,ricecombo,positive,1,Akha,converged,converged,5.784747722972499,rice
East and southeast asian,group,akha1245,noun,1,ricecombo,positive,1,Akha,converged,converged,5.784747722972499,rice
Oceanic languages,group,lauu1247,"noun, verb",0,gardeningcombo,positive,1,Lau,converged,converged,5.7846741751670505,"garden, gardening, gardener, floriculture"
Dinka,group,sout2832,noun,1,cattlecombo,positive,1,Southwestern Dinka,converged,converged,5.776264921455329,"cattle, cow, ox, kine, oxen"
Australian languages,group,ngan1295,noun,1,emuscombo,positive,1,Ngandi,converged,converged,5.7693318168924606,emu
Polynesian,group,mele1250,noun,1,tarocombo,positive,1,Mele-Fila,converged,converged,5.749632063988312,"taro, cocoyam, dasheen, eddo"
East and southeast asian,group,minn1241,noun,0,insectscombo,positive,1,Min Nan Chinese,converged,converged,5.723098002273105,insect
Asian,group,sinh1246,noun,1,ricecombo,positive,1,Sinhala,converged,converged,5.703964981777772,rice
Eskimo-Aleut,group,nort2943,noun,1,snowcombo,positive,1,North Alaskan Inupiatun,converged,converged,5.702047549539014,"snow, snowfall"
Eskimo-Aleut,group,nort2943,noun,1,icecombo,positive,1,North Alaskan Inupiatun,converged,converged,5.655148048182703,ice
Oceanic languages,group,rovi1238,noun,1,coconutcombo,positive,1,Roviana,converged,converged,5.6527905249703565,"coconut, cocoanut"
Asian,group,nepa1254,noun,1,ricecombo,positive,1,Nepali,converged,converged,5.6458741525304985,rice
East and southeast asian,group,mand1415,noun,0,insectscombo,positive,1,Mandarin Chinese,converged,converged,5.634702156420819,insect
Asian,group,mala1464,noun,1,ricecombo,positive,1,Malayalam,converged,converged,5.609606379918834,rice
Polynesian,group,toke1240,noun,1,tarocombo,positive,1,Tokelau,converged,converged,5.567848077649887,"taro, cocoyam, dasheen, eddo"
North Saami,single,nort2671,noun,1,icecombo,positive,1,North Saami,converged,converged,5.562094018732249,ice
Saami,group,nort2671,noun,1,icecombo,positive,1,North Saami,converged,converged,5.562094018732249,ice
Oceanic languages,group,sout2856,"noun, verb",0,gardeningcombo,positive,1,Nafsan,converged,converged,5.556180946785343,"garden, gardening, gardener, floriculture"
Oceanic languages,group,xara1244,noun,1,coconutcombo,positive,1,Xârâcùù,converged,converged,5.552954205039382,"coconut, cocoanut"
Oceanic,group,maor1246,noun,1,windcombo,positive,1,Maori,converged,converged,5.533829170532072,wind
Polynesian,group,tiko1237,noun,1,bananacombo,positive,1,Tikopia,converged,converged,5.501311470999715,banana
Polynesian,group,tong1325,noun,1,bananacombo,positive,1,Tonga,converged,converged,5.492042205261902,banana
Oceanic languages,group,ayiw1239,"noun, verb",0,gardeningcombo,positive,1,Äiwoo,converged,converged,5.45233628932995,"garden, gardening, gardener, floriculture"
Asian,group,beng1280,noun,1,ricecombo,positive,1,Bengali,converged,converged,5.441579962104352,rice
Asian,group,hooo1248,noun,1,ricecombo,positive,1,Ho,converged,converged,5.435753151714633,rice
Australian languages,group,pint1250,noun,1,sandcombo,positive,1,Pintupi-Luritja,converged,converged,5.4046030186189675,sand
Polynesian,group,mang1401,noun,1,tarocombo,positive,1,Mangareva,converged,converged,5.401941014064777,"taro, cocoyam, dasheen, eddo"
Oceanic languages,group,bugh1239,noun,1,coconutcombo,positive,1,Bughotu,converged,converged,5.394516811084069,"coconut, cocoanut"
Oceanic languages,group,mota1237,noun,1,coconutcombo,positive,1,Mota,converged,converged,5.384600976117127,"coconut, cocoanut"
Asian,group,sant1410,noun,1,ricecombo,positive,1,Santali,converged,converged,5.381131546848167,rice
Japanese,single,nucl1643,noun,1,tastecombo,positive,1,Japanese,converged,converged,5.347402973949357,"taste, tasting, gustation"
Asian,group,nucl1310,noun,1,ricecombo,positive,1,Burmese,converged,converged,5.328705128779035,rice
East and southeast asian,group,nucl1310,noun,1,ricecombo,positive,1,Burmese,converged,converged,5.328705128779035,rice
Polynesian,group,tahi1242,noun,1,bananacombo,positive,1,Tahitian,converged,converged,5.320044281296321,banana
Mayan,group,maya1287,noun,1,corncombo,positive,1,Mayan,converged,converged,5.298287793904434,"corn, maize"
Asian,group,lund1271,noun,1,ricecombo,positive,1,Lundayeh,converged,converged,5.292081583051139,rice
East and southeast asian,group,lund1271,noun,1,ricecombo,positive,1,Lundayeh,converged,converged,5.292081583051139,rice
Ponapean,single,pohn1238,noun,0,fishcombo,positive,1,Pohnpeian,converged,converged,5.290189858208801,fish
Asian,group,misi1242,noun,1,ricecombo,positive,1,Mising-Padam-Miri-Minyong,converged,converged,5.288027373011736,rice
Asian,group,aona1235,noun,1,ricecombo,positive,1,Ao Naga,converged,converged,5.284568651421976,rice
Oceanic languages,group,lena1238,"noun, verb",0,gardeningcombo,positive,1,Lenakel,converged,converged,5.270557423140294,"garden, gardening, gardener, floriculture"
Asian,group,magu1243,noun,1,ricecombo,positive,1,Maguindanao,converged,converged,5.201335773267072,rice
East and southeast asian,group,magu1243,noun,1,ricecombo,positive,1,Maguindanao,converged,converged,5.201335773267072,rice
Asian,group,muna1247,noun,1,ricecombo,positive,1,Muna,converged,converged,5.185436305438062,rice
East and southeast asian,group,muna1247,noun,1,ricecombo,positive,1,Muna,converged,converged,5.185436305438062,rice
Australian languages,group,wikm1247,noun,1,emuscombo,positive,1,Wik-Mungkan,converged,converged,5.151697825659132,emu
Asian,group,wuch1236,noun,1,ricecombo,positive,1,Wu Chinese,converged,converged,5.130661003270564,rice
East and southeast asian,group,wuch1236,noun,1,ricecombo,positive,1,Wu Chinese,converged,converged,5.130661003270564,rice
Oceanic languages,group,tali1259,"noun, verb",0,gardeningcombo,positive,1,Talise,converged,converged,5.099522430402674,"garden, gardening, gardener, floriculture"
Kalam,single,kala1397,s,0,birdcombo,positive,1,Kalam,converged,converged,5.085221421705797,bird
Papua New Guinea,group,kala1397,noun,0,birdcombo,positive,1,Kalam,converged,converged,5.085221421705797,bird
Maori,group,maor1246,noun,0,treecombo,positive,1,Maori,converged,converged,5.025362803469564,tree
Oceanic languages,group,sina1266,"noun, verb",0,gardeningcombo,positive,1,Sinaugoro,converged,converged,5.01980790355428,"garden, gardening, gardener, floriculture"
Asian,group,hind1269,noun,1,ricecombo,positive,1,Hindi,converged,converged,5.0074368597464645,rice
Oceanic languages,group,mota1237,"noun, verb",0,gardeningcombo,positive,1,Mota,converged,converged,5.003806078835214,"garden, gardening, gardener, floriculture"
Asian,group,mara1404,noun,1,ricecombo,positive,1,Maranao,converged,converged,5.003002404259776,rice
East and southeast asian,group,mara1404,noun,1,ricecombo,positive,1,Maranao,converged,converged,5.003002404259776,rice
Oceanic languages,group,sout2859,noun,1,coconutcombo,positive,1,Southeast Ambrym,converged,converged,4.973172606349068,"coconut, cocoanut"
East and southeast asian,group,wara1300,noun,0,fishcombo,positive,1,Waray,converged,converged,4.944208823910705,fish
Mayan,group,kich1262,noun,1,corncombo,positive,1,K'iche',converged,converged,4.940272321062528,"corn, maize"
Australian languages,group,ngal1292,noun,1,sandcombo,positive,1,Ngalkbun,converged,converged,4.9386852192809645,sand
Asian,group,rade1240,noun,1,ricecombo,positive,1,Rade,converged,converged,4.936689727920811,rice
East and southeast asian,group,rade1240,noun,1,ricecombo,positive,1,Rade,converged,converged,4.936689727920811,rice
Asian,group,besi1244,noun,1,ricecombo,positive,1,Besisi,converged,converged,4.920259592611259,rice
East and southeast asian,group,besi1244,noun,1,ricecombo,positive,1,Besisi,converged,converged,4.920259592611259,rice
Polynesian,group,tuva1244,noun,1,bananacombo,positive,1,Tuvalu,converged,converged,4.9119371874199285,banana
Asian,group,taus1251,noun,1,ricecombo,positive,1,Tausug,converged,converged,4.902982099624622,rice
East and southeast asian,group,taus1251,noun,1,ricecombo,positive,1,Tausug,converged,converged,4.902982099624622,rice
Australian languages,group,rita1239,noun,1,emuscombo,positive,1,Ritharrngu,converged,converged,4.890569525492269,emu
Asian,group,hakk1236,noun,1,ricecombo,positive,1,Hakka Chinese,converged,converged,4.883986121149296,rice
East and southeast asian,group,hakk1236,noun,1,ricecombo,positive,1,Hakka Chinese,converged,converged,4.883986121149296,rice
Oceanic languages,group,yabe1254,"noun, verb",0,gardeningcombo,positive,1,Yabem,converged,converged,4.881141241188964,"garden, gardening, gardener, floriculture"
Oceanic,group,samo1305,noun,1,windcombo,positive,1,Samoan,converged,converged,4.869947291536491,wind
Lushei,single,lush1249,noun,1,basketcombo,positive,1,Mizo,converged,converged,4.860998165471243,"basket, handbasket"
Polynesian,group,mang1401,noun,1,bananacombo,positive,1,Mangareva,converged,converged,4.859011388668705,banana
Polynesian,group,taku1257,noun,1,bananacombo,positive,1,Takuu,converged,converged,4.831295371000424,banana
Oceanic languages,group,tiri1258,noun,1,coconutcombo,positive,1,Tiri-Mea,converged,converged,4.830957688653943,"coconut, cocoanut"
East and southeast asian,group,temi1246,noun,0,insectscombo,positive,1,Temiar,converged,converged,4.827746535833148,insect
Kalam,single,kala1397,noun,0,insectscombo,positive,1,Kalam,converged,converged,4.819254369714832,insect
Tikopia,single,tiko1237,noun,0,fishcombo,positive,1,Tikopia,converged,converged,4.816668814637221,fish
Asian,group,pamp1243,noun,1,ricecombo,positive,1,Pampanga,converged,converged,4.810414438170484,rice
East and southeast asian,group,pamp1243,noun,1,ricecombo,positive,1,Pampanga,converged,converged,4.810414438170484,rice
Asian,group,nung1283,noun,1,ricecombo,positive,1,Nung,converged,converged,4.808467727420827,rice
East and southeast asian,group,nung1283,noun,1,ricecombo,positive,1,Nung,converged,converged,4.808467727420827,rice
Arabic,group,anda1287,noun,1,camelcombo,positive,1,Andalusian Arabic,converged,converged,4.806843565335738,camel
Oceanic,group,tuam1242,noun,1,windcombo,positive,1,Tuamotuan,converged,converged,4.801086440790542,wind
Asian,group,khas1269,noun,1,ricecombo,positive,1,Khasi,converged,converged,4.787426557605196,rice
East and southeast asian,group,cebu1242,noun,0,fishcombo,positive,1,Cebuano,converged,converged,4.775616368136923,fish
Australian languages,group,ngaa1240,noun,1,sandcombo,positive,1,Ngaanyatjarra,converged,converged,4.749426016396935,sand
East and southeast asian,group,iban1264,noun,1,raincombo,positive,1,Iban,converged,converged,4.741382982176412,"rain, rainfall, rainwater"
!Xóõ,single,huaa1248,noun,1,smellcombo,positive,1,East Taa,converged,converged,4.727483963545382,"smell, odor, odour, aroma, scent, smelling"
Tamil,single,tami1289,noun,1,fruitcombo,positive,1,Tamil,converged,converged,4.707658996919712,fruit
Australian languages,group,yank1247,noun,1,sandcombo,positive,1,Yankunytjatjara,converged,converged,4.693388449359723,sand
Asian,group,mind1253,noun,1,ricecombo,positive,1,Min Dong Chinese,converged,converged,4.655589738998995,rice
East and southeast asian,group,mind1253,noun,1,ricecombo,positive,1,Min Dong Chinese,converged,converged,4.655589738998995,rice
Asian,group,mait1250,noun,1,ricecombo,positive,1,Maithili,converged,converged,4.641254784735972,rice
Australian languages,group,yiry1245,noun,1,sandcombo,positive,1,Yir-Yoront,converged,converged,4.607826666129719,sand
Old English,single,olde1238,noun,1,shipcombo,positive,1,Old English,converged,converged,4.60519103377379,"ship, boat"
East and southeast asian,group,shan1277,noun,0,insectscombo,positive,1,Shan,converged,converged,4.589804060676055,insect
Lau,single,lauu1247,noun,0,fishcombo,positive,1,Lau,converged,converged,4.561413406507624,fish
Asian,group,biat1246,noun,1,ricecombo,positive,1,Biatah Bidayuh,converged,converged,4.547129015574289,rice
East and southeast asian,group,biat1246,noun,1,ricecombo,positive,1,Biatah Bidayuh,converged,converged,4.547129015574289,rice
Asian,group,kash1277,noun,1,ricecombo,positive,1,Kashmiri,converged,converged,4.531735155419066,rice
Asian,group,west2555,noun,1,ricecombo,positive,1,Western Bukidnon Manobo,converged,converged,4.506847345919112,rice
East and southeast asian,group,west2555,noun,1,ricecombo,positive,1,Western Bukidnon Manobo,converged,converged,4.506847345919112,rice
Oceanic languages,group,neng1238,noun,1,coconutcombo,positive,1,Nengone,converged,converged,4.5062540157430995,"coconut, cocoanut"
East and southeast asian,group,casi1235,noun,0,fishcombo,positive,1,Casiguran-Nagtipunan Agta,converged,converged,4.497934932244372,fish
Asian,group,tetu1245,noun,1,ricecombo,positive,1,Tetum,converged,converged,4.492067879021143,rice
East and southeast asian,group,tetu1245,noun,1,ricecombo,positive,1,Tetum,converged,converged,4.492067879021143,rice
Asian,group,sund1252,noun,1,ricecombo,positive,1,Sundanese,converged,converged,4.43561351267815,rice
East and southeast asian,group,sund1252,noun,1,ricecombo,positive,1,Sundanese,converged,converged,4.43561351267815,rice
Asian,group,tang1336,noun,1,ricecombo,positive,1,East-Central Tangkhul Naga,converged,converged,4.43336109148946,rice
Australian languages,group,dhar1247,noun,1,emuscombo,positive,1,Dhargari,converged,converged,4.43018822130428,emu
Asian,group,lisu1250,noun,1,ricecombo,positive,1,Lisu,converged,converged,4.418326145457162,rice
East and southeast asian,group,lisu1250,noun,1,ricecombo,positive,1,Lisu,converged,converged,4.418326145457162,rice
Asian,group,urak1238,noun,1,ricecombo,positive,1,Urak Lawoi',converged,converged,4.415338823114763,rice
East and southeast asian,group,urak1238,noun,1,ricecombo,positive,1,Urak Lawoi',converged,converged,4.415338823114763,rice
Old English,single,olde1238,noun,1,herocombo,positive,1,Old English,converged,converged,4.405500400303951,hero
Oceanic,group,fiji1243,noun,1,windcombo,positive,1,Fijian,converged,converged,4.404576063608634,wind
Arabic,group,jude1267,noun,1,honeycombo,positive,1,Judeo-Yemeni Arabic,converged,converged,4.393056750322996,honey
Arosi,single,aros1241,noun,0,fishcombo,positive,1,Arosi,converged,converged,4.391467179203841,fish
Oceanic languages,group,surs1246,"noun, verb",0,buildingcombo,positive,1,Sursurunga,converged,converged,4.385089204673579,"build, construct, building, construction, dwelling, house"
Gela,single,gela1263,noun,0,fishcombo,positive,1,Gela,converged,converged,4.367792319854213,fish
Hindi,single,hind1269,noun,1,glancecombo,positive,1,Hindi,converged,converged,4.351563164979626,"glance, glimpse"
Australian languages,group,mudb1240,noun,1,sandcombo,positive,1,Mudburra,converged,converged,4.3513623232208065,sand
Oceanic languages,group,taku1257,"noun, verb",0,gardeningcombo,positive,1,Takuu,converged,converged,4.347467019662812,"garden, gardening, gardener, floriculture"
East and southeast asian,group,chan1313,noun,0,insectscombo,positive,1,Chang Naga,converged,converged,4.343020331748729,insect
Australian languages,group,djin1251,noun,1,sandcombo,positive,1,Jingulu,converged,converged,4.332307675970282,sand
Oceanic languages,group,malo1243,noun,1,coconutcombo,positive,1,Tamambo,converged,converged,4.319124628045825,"coconut, cocoanut"
Asian,group,limb1266,noun,1,ricecombo,positive,1,Limbu,converged,converged,4.317447563463062,rice
Oceanic,group,taku1257,noun,1,windcombo,positive,1,Takuu,converged,converged,4.316740406956853,wind
Tupi languages,group,guar1292,noun,1,parrotcombo,positive,1,Guarayu,converged,converged,4.30389703718844,parrot
Old English,single,olde1238,noun,1,crosscombo,positive,1,Old English,converged,converged,4.296813166560204,"cross, crisscross"
Arabic,group,stan1318,noun,1,honeycombo,positive,1,Standard Arabic,converged,converged,4.281568935652545,honey
Papua New Guinea,group,tele1256,noun,0,birdcombo,positive,1,Telefol,converged,converged,4.248856589914762,bird
East and southeast asian,group,iban1264,noun,0,fishcombo,positive,1,Iban,converged,converged,4.23249866106896,fish
Asian,group,bond1245,noun,1,ricecombo,positive,1,Bondo,converged,converged,4.228131397390862,rice
Oceanic languages,group,mele1250,"noun, verb",0,gardeningcombo,positive,1,Mele-Fila,converged,converged,4.22034672758528,"garden, gardening, gardener, floriculture"
Asian,group,sora1254,noun,1,ricecombo,positive,1,Sora,converged,converged,4.21687581774263,rice
Arabic,group,sana1295,noun,1,camelcombo,positive,1,Sanaani Arabic,converged,converged,4.198074979515588,camel
Malay,group,baba1267,noun,1,ricecombo,positive,1,Baba Malay,converged,converged,4.165242651181115,rice
Wayan Fijian,single,fiji1243,noun,1,mollusccombo,positive,1,Fijian,converged,converged,4.148035400866808,"mollusk, mollusc, shellfish"
East and southeast asian,group,muna1247,noun,0,fishcombo,positive,1,Muna,converged,converged,4.1137107504737385,fish
Oceanic languages,group,vure1239,"noun, verb",0,gardeningcombo,positive,1,Vurës,converged,converged,4.094909156844233,"garden, gardening, gardener, floriculture"
Asian,group,dima1251,noun,1,ricecombo,positive,1,Dimasa,converged,converged,4.070612693261437,rice
Tonga,single,tong1325,noun,0,fishcombo,positive,1,Tonga,converged,converged,4.069241179259128,fish
Australian languages,group,wari1262,noun,1,emuscombo,positive,1,Wariyangga,converged,converged,4.066249766105208,emu
Asian,group,pang1290,noun,1,ricecombo,positive,1,Pangasinan,converged,converged,4.066078293891847,rice
East and southeast asian,group,pang1290,noun,1,ricecombo,positive,1,Pangasinan,converged,converged,4.066078293891847,rice
Venda,single,vend1245,noun,1,shrubcombo,positive,1,Venda,converged,converged,4.0551216866942985,"shrub, bush"
Australian languages,group,wand1263,noun,1,emuscombo,positive,1,Wandarang,converged,converged,4.051570454907696,emu
Roviana,single,rovi1238,noun,0,treecombo,positive,1,Roviana,converged,converged,4.043530806534291,tree
East and southeast asian,group,iban1264,noun,0,insectscombo,positive,1,Iban,converged,converged,4.0380744043207395,insect
Arabic,group,stan1318,noun,1,horsecombo,positive,1,Standard Arabic,converged,converged,3.9953693771614005,horse
Portuguese,group,port1283,noun,1,horsecombo,positive,1,Portuguese,converged,converged,3.9832519555755095,horse
Niuean,single,niue1239,noun,0,fishcombo,positive,1,Niuean,converged,converged,3.974222022794407,fish
Papua New Guinea,group,tere1278,noun,0,birdcombo,positive,1,Terei,converged,converged,3.9733570231048647,bird
Rarotongan,single,raro1241,noun,0,fishcombo,positive,1,Southern Cook Island Maori,converged,converged,3.9717802084713396,fish
Australian languages,group,nugu1241,noun,1,emuscombo,positive,1,Nugunu,converged,converged,3.9707877369690423,emu
Oceanic languages,group,saaa1240,"noun, verb",0,gardeningcombo,positive,1,Sa'a,converged,converged,3.970212242552326,"garden, gardening, gardener, floriculture"
Carolinian,single,caro1242,noun,0,fishcombo,positive,1,Carolinian,converged,converged,3.9698374872899764,fish
Aneityum,single,anei1239,noun,0,fishcombo,positive,1,Aneityum,converged,converged,3.9528077368147123,fish
East and southeast asian,group,tbol1240,noun,1,raincombo,positive,1,Tboli,converged,converged,3.9453450047723284,"rain, rainfall, rainwater"
Asian,group,lepc1244,noun,1,ricecombo,positive,1,Lepcha,converged,converged,3.9230932005673993,rice
Oceanic languages,group,area1240,"noun, verb",0,gardeningcombo,positive,1,'Are'are,converged,converged,3.919384118500029,"garden, gardening, gardener, floriculture"
East and southeast asian,group,kosa1249,noun,1,raincombo,positive,1,Kosarek Yale,converged,converged,3.9081345174348616,"rain, rainfall, rainwater"
East and southeast asian,group,mand1415,noun,0,weathercombo,positive,1,Mandarin Chinese,converged,converged,3.869486472280967,"weather, climate, thunder, lightning, wind, cloud, mist, precipitation, dew, rain, hail, snow, rainbow"
Polynesian,group,tong1325,noun,1,tarocombo,positive,1,Tonga,converged,converged,3.8655735840214374,"taro, cocoyam, dasheen, eddo"
East and southeast asian,group,lari1255,noun,0,fishcombo,positive,1,Larike-Wakasihu,converged,converged,3.8355016185002646,fish
Arosi,single,aros1241,noun,0,treecombo,positive,1,Arosi,converged,converged,3.828827621145629,tree
East and southeast asian,group,stan1306,noun,0,fishcombo,positive,1,Standard Malay,converged,converged,3.825638000817213,fish
East and southeast asian,group,besi1244,noun,0,fishcombo,positive,1,Besisi,converged,converged,3.8229500624253006,fish
To'abaita,single,toab1237,noun,0,fishcombo,positive,1,To'abaita,converged,converged,3.8107795524232646,fish
East and southeast asian,group,stan1306,noun,0,insectscombo,positive,1,Standard Malay,converged,converged,3.806412179891291,insect
East and southeast asian,group,yaka1277,noun,0,fishcombo,positive,1,Yakan,converged,converged,3.7914462729773013,fish
East and southeast asian,group,sgaw1245,noun,0,insectscombo,positive,1,S'gaw Karen,converged,converged,3.7628733127458913,insect
Arabic,group,moro1292,noun,1,camelcombo,positive,1,Moroccan Arabic,converged,converged,3.701158508108331,camel
Asian,group,cent2087,noun,1,ricecombo,positive,1,Coastal-Naga Bikol,converged,converged,3.6944496985584543,rice
East and southeast asian,group,cent2087,noun,1,ricecombo,positive,1,Coastal-Naga Bikol,converged,converged,3.6944496985584543,rice
East and southeast asian,group,mand1415,noun,1,windcombo,positive,1,Mandarin Chinese,converged,converged,3.6829447096148904,wind
Australian languages,group,west2443,noun,1,emuscombo,positive,1,Western Victoria,converged,converged,3.6705543929966526,emu
Asian,group,urdu1245,noun,1,ricecombo,positive,1,Urdu,converged,converged,3.633050549785496,rice
East and southeast asian,group,muna1247,noun,1,raincombo,positive,1,Muna,converged,converged,3.627949560081238,"rain, rainfall, rainwater"
Oceanic languages,group,futu1245,"noun, verb",0,gardeningcombo,positive,1,Futuna-Aniwa,converged,converged,3.6120249693374094,"garden, gardening, gardener, floriculture"
Australian languages,group,gami1243,noun,1,emuscombo,positive,1,Yuwaalaraay-Gamilaraay,converged,converged,3.5785604836841136,emu
To'abaita,single,toab1237,noun,0,treecombo,positive,1,To'abaita,converged,converged,3.5748295665322174,tree
East and southeast asian,group,biat1246,noun,0,fishcombo,positive,1,Biatah Bidayuh,converged,converged,3.56993957873623,fish
East and southeast asian,group,kach1280,noun,0,insectscombo,positive,1,Southern Jinghpaw,converged,converged,3.528676078113799,insect
Oceanic,group,urip1240,noun,1,windcombo,positive,1,Uripiv,converged,converged,3.510564193921172,wind
Oceanic languages,group,lonw1238,"noun, verb",0,gardeningcombo,positive,1,Lonwolwol,converged,converged,3.50621157632172,"garden, gardening, gardener, floriculture"
Cheke Holo,single,chek1238,noun,0,fishcombo,positive,1,Cheke Holo,converged,converged,3.4972318492845296,fish
Mota,single,mota1237,noun,1,smellcombo,positive,1,Mota,converged,converged,3.497010866576174,"smell, odor, odour, aroma, scent, smelling"
Oceanic,group,aros1241,noun,1,windcombo,positive,1,Arosi,converged,converged,3.4893953131761535,wind
East and southeast asian,group,mand1415,noun,1,raincombo,positive,1,Mandarin Chinese,converged,converged,3.4723174754587913,"rain, rainfall, rainwater"
East and southeast asian,group,bata1298,noun,1,raincombo,positive,1,Batad Ifugao,converged,converged,3.4606382812116765,"rain, rainfall, rainwater"
Australian languages,group,thay1249,noun,1,emuscombo,positive,1,Thayore,converged,converged,3.453230049039446,emu
Cheke Holo,single,chek1238,noun,0,treecombo,positive,1,Cheke Holo,converged,converged,3.444050786540275,tree
Australian languages,group,pint1250,noun,1,chrysaliscombo,positive,1,Pintupi-Luritja,converged,converged,3.438753512007092,chrysalis
Papua New Guinea,group,yaga1260,noun,0,birdcombo,positive,1,Yagaria,converged,converged,3.3899225391337775,bird
Ilocano,single,ilok1237,noun,1,smellcombo,positive,1,Iloko,converged,converged,3.388932495708022,"smell, odor, odour, aroma, scent, smelling"
Asian,group,sgaw1245,noun,1,ricecombo,positive,1,S'gaw Karen,converged,converged,3.3880747101128676,rice
East and southeast asian,group,sgaw1245,noun,1,ricecombo,positive,1,S'gaw Karen,converged,converged,3.3880747101128676,rice
Oceanic,group,anei1239,noun,1,windcombo,positive,1,Aneityum,converged,converged,3.3405449886729888,wind
Australian languages,group,mara1385,noun,1,emuscombo,positive,1,Marra,converged,converged,3.3266621390140982,emu
Asian,group,hili1240,noun,1,ricecombo,positive,1,Hiligaynon,converged,converged,3.320973425495013,rice
East and southeast asian,group,hili1240,noun,1,ricecombo,positive,1,Hiligaynon,converged,converged,3.320973425495013,rice
East and southeast asian,group,cent2292,noun,1,raincombo,positive,1,Central Bontoc,converged,converged,3.312851530544228,"rain, rainfall, rainwater"
Oceanic languages,group,anei1239,"noun, verb",0,gardeningcombo,positive,1,Aneityum,converged,converged,3.3074945820544794,"garden, gardening, gardener, floriculture"
Polynesian,group,toke1240,noun,1,bananacombo,positive,1,Tokelau,converged,converged,3.2958845020698195,banana
Polynesian,group,tuam1242,noun,1,tarocombo,positive,1,Tuamotuan,converged,converged,3.2913314292599054,"taro, cocoyam, dasheen, eddo"
Fijian,group,fiji1243,noun,0,treecombo,positive,1,Fijian,converged,converged,3.2865779337873495,tree
East and southeast asian,group,west2555,noun,0,insectscombo,positive,1,Western Bukidnon Manobo,converged,converged,3.2659195044622273,insect
Australian languages,group,yiry1245,noun,1,starscombo,positive,1,Yir-Yoront,converged,converged,3.262885003068346,star
Oceanic languages,group,kwam1252,"noun, verb",0,buildingcombo,positive,1,Kwamera,converged,converged,3.2508190212366754,"build, construct, building, construction, dwelling, house"
Korean,single,kore1280,noun,1,tastecombo,positive,1,Korean,converged,converged,3.2494083961889624,"taste, tasting, gustation"
Papua New Guinea,group,enga1252,noun,0,birdcombo,positive,1,Enga,converged,converged,3.2471190490494997,bird
Papua New Guinea,group,sina1266,noun,0,birdcombo,positive,1,Sinaugoro,converged,converged,3.2308701272068148,bird
Australian languages,group,warl1254,noun,1,starscombo,positive,1,Warlpiri,converged,converged,3.1941025645238286,star
East and southeast asian,group,bara1370,noun,0,fishcombo,positive,1,Baram Kayan,converged,converged,3.1894361357865155,fish
Paama,single,paam1238,noun,0,treecombo,positive,1,Paama,converged,converged,3.164638854954775,tree
East and southeast asian,group,cent2292,noun,0,insectscombo,positive,1,Central Bontoc,converged,converged,3.162033712678508,insect
Oceanic languages,group,rovi1238,"noun, verb",0,gardeningcombo,positive,1,Roviana,converged,converged,3.144110637931516,"garden, gardening, gardener, floriculture"
Eskimo-Aleut,group,aleu1260,noun,1,icecombo,positive,1,Aleut,converged,converged,3.1387112656890883,ice
Gela,single,gela1263,noun,0,treecombo,positive,1,Gela,converged,converged,3.13264289528429,tree
East and southeast asian,group,nung1283,noun,0,insectscombo,positive,1,Nung,converged,converged,3.1271491469328403,insect
Australian languages,group,bard1255,noun,1,eelscombo,positive,1,Bardi,converged,converged,3.1264750115809234,eel
East and southeast asian,group,biat1246,noun,0,insectscombo,positive,1,Biatah Bidayuh,converged,converged,3.1242072913540566,insect
East and southeast asian,group,magu1243,noun,0,fishcombo,positive,1,Maguindanao,converged,converged,3.1096219716712215,fish
Lau,single,lauu1247,noun,0,treecombo,positive,1,Lau,converged,converged,3.10603643832446,tree
Asian,group,mund1320,noun,1,ricecombo,positive,1,Mundari,converged,converged,3.088494220166465,rice
Australian languages,group,wira1265,noun,1,emuscombo,positive,1,Wirangu,converged,converged,3.05217617584565,emu
East and southeast asian,group,taus1251,noun,0,fishcombo,positive,1,Tausug,converged,converged,3.04810024570524,fish
Aleut,single,aleu1260,noun,0,bodypartscombo,positive,1,Aleut,converged,converged,3.033051840198918,"bile, breath, catarrh, pus, defecation, excrement, faeces, fart, gall, menses, mucous, mucus, phlegm, saliva, snot, placenta, semen, shit, spittle, sweat, tear, urine, vernix, vomit, beard, cheek, chin, eye, eyeball, eyebrow, eyelash, eyelid, face, forehead, gum, labium, lip, mandible, masseter, molar, moustache, mouth, mustache, nose, nostril, overlip, philtrum, pupil, iris, spectacle, stubble, tongue, tooth, teeth, whisker, backbone, belly, bicep, bladder, blood, bone, bowel, brain, cartilage, cervix, cheekbone, collarbone, coccyx, fat, flesh, gallbladder, gut, heart, hipbone, intestine, jaw, kidney, knee-cap, kneecap, knuckle, liver, lung, marrow, meat, muscle, navel, nerve, oesophagus, palate, pelvis, rectum, rib, seat-bone, shin, skeleton, skull, spine, spleen, sternum, stomach, tendon, testicle, throat, uvula, uterus, vein, velum, windpipe, womb, abdomen, ankle, anus, arm, armpit, arse, belly, body, breast, bum, buttock, chest, clavicle, clitoris, corpse, crotch, ear, ear-hole, earlobe, elbow, finger, fingernail, finger-tip, fontanel, fontanelle, foot, feet, forearm, foreskin, groin, hair, hand, palm, head, heel, hip, waist, knee, knuckle, leg, limb, nail, nape, spine, navel, neck, throat, nipple, oesophagus, palm, pate, penis, tail, pharynx, rump, scalp, skull, scrotum, shin, shoulder, skin, sole, stomach, testicle, thigh, thorax, thumb, toe, toenail, torso, underarm, uvula, vagina, vulva, wrinkle, wrist, genital"
Asian,group,bada1257,noun,1,ricecombo,positive,1,Badaga,converged,converged,3.031393061185338,rice
Oceanic,group,chuu1238,noun,1,windcombo,positive,1,Chuukese,converged,converged,3.0304281203223784,wind
Asian,group,chan1310,noun,1,ricecombo,positive,1,Chantyal,converged,converged,3.0248106151158836,rice
Papua New Guinea,group,toar1246,noun,0,birdcombo,positive,1,Toaripi,converged,converged,3.0176644627379217,bird
East and southeast asian,group,sema1266,noun,0,insectscombo,positive,1,Semai,converged,converged,3.0168018195303885,insect
East and southeast asian,group,tetu1245,noun,0,insectscombo,positive,1,Tetum,converged,converged,3.0139044865792393,insect
East and southeast asian,group,mara1382,noun,0,insectscombo,positive,1,Mara Chin,converged,converged,3.0124672222389726,insect
East and southeast asian,group,ilok1237,noun,1,windcombo,positive,1,Iloko,converged,converged,3.010071536713852,wind
Oceanic,group,raro1241,noun,1,windcombo,positive,1,Southern Cook Island Maori,converged,converged,3.003014119144739,wind
Oceanic,group,tiko1237,noun,1,windcombo,positive,1,Tikopia,converged,converged,2.991232014082574,wind
East and southeast asian,group,lund1271,noun,0,fishcombo,positive,1,Lundayeh,converged,converged,2.982138014443393,fish
Oceanic,group,yabe1254,noun,1,windcombo,positive,1,Yabem,converged,converged,2.9750485754164178,wind
East and southeast asian,group,yaka1277,noun,1,raincombo,positive,1,Yakan,converged,converged,2.9624065221622105,"rain, rainfall, rainwater"
Oceanic,group,renn1242,noun,1,windcombo,positive,1,Rennell-Bellona,converged,converged,2.9571470990775746,wind
Arabic,group,chad1249,noun,1,camelcombo,positive,1,Chadian Arabic,converged,converged,2.9395611584034755,camel
Oceanic,group,mars1254,noun,1,windcombo,positive,1,Marshallese,converged,converged,2.9355534417397244,wind
Oceanic,group,tahi1242,noun,1,windcombo,positive,1,Tahitian,converged,converged,2.9251287546921754,wind
East and southeast asian,group,bali1278,noun,0,fishcombo,positive,1,Balinese,converged,converged,2.911923006709716,fish
Oceanic,group,toke1240,noun,1,windcombo,positive,1,Tokelau,converged,converged,2.909545552189952,wind
Oceanic,group,mota1237,noun,1,windcombo,positive,1,Mota,converged,converged,2.9095426638561857,wind
Australian languages,group,twee1234,noun,1,eelscombo,positive,1,Tweed-Albert,converged,converged,2.861087390751947,eel
Niuean,single,niue1239,noun,0,treecombo,positive,1,Niuean,converged,converged,2.855484802768462,tree
Oceanic,group,pulu1242,noun,1,windcombo,positive,1,Puluwatese,converged,converged,2.848062577156401,wind
Asian,group,lari1255,noun,1,ricecombo,positive,1,Larike-Wakasihu,converged,converged,2.841486202204886,rice
East and southeast asian,group,lari1255,noun,1,ricecombo,positive,1,Larike-Wakasihu,converged,converged,2.841486202204886,rice
Asian,group,sema1266,noun,1,ricecombo,positive,1,Semai,converged,converged,2.8346591184245318,rice
East and southeast asian,group,sema1266,noun,1,ricecombo,positive,1,Semai,converged,converged,2.8346591184245318,rice
Australian languages,group,warl1254,noun,1,sandcombo,positive,1,Warlpiri,converged,converged,2.824740941890566,sand
Arabic,group,jude1267,noun,1,swordcombo,positive,1,Judeo-Yemeni Arabic,converged,converged,2.8014056556879954,sword
Asian,group,sind1272,noun,1,ricecombo,positive,1,Sindhi,converged,converged,2.7988988322443156,rice
Oceanic,group,rotu1241,noun,1,windcombo,positive,1,Rotuman,converged,converged,2.774878722656689,wind
East and southeast asian,group,thai1261,noun,0,fishcombo,positive,1,Thai,converged,converged,2.7730465942728526,fish
Asian,group,chep1245,noun,1,ricecombo,positive,1,Chepang,converged,converged,2.7661165831075114,rice
Australian languages,group,muru1266,noun,1,starscombo,positive,1,Muruwari,converged,converged,2.7607986291755613,star
Oceanic languages,group,suau1242,"noun, verb",0,gardeningcombo,positive,1,Suau,converged,converged,2.7593112120608794,"garden, gardening, gardener, floriculture"
East and southeast asian,group,hmon1264,noun,0,insectscombo,positive,1,Hmong Njua,converged,converged,2.7558344416473193,insect
Kwamera,single,kwam1252,noun,0,treecombo,positive,1,Kwamera,converged,converged,2.7327527640326923,tree
Xârâcùù,single,xara1244,noun,0,fishcombo,positive,1,Xârâcùù,converged,converged,2.7212120435262452,fish
Australian languages,group,yank1247,noun,1,chrysaliscombo,positive,1,Yankunytjatjara,converged,converged,2.7211534163353392,chrysalis
East and southeast asian,group,biat1246,noun,1,raincombo,positive,1,Biatah Bidayuh,converged,converged,2.7188830188941795,"rain, rainfall, rainwater"
Australian languages,group,kumb1268,noun,1,starscombo,positive,1,Kumbainggar,converged,converged,2.7111975339714576,star
Australian languages,group,twee1234,noun,1,sandcombo,positive,1,Tweed-Albert,converged,converged,2.7092933348124975,sand
Oceanic languages,group,urip1240,"noun, verb",0,gardeningcombo,positive,1,Uripiv,converged,converged,2.6973957471248005,"garden, gardening, gardener, floriculture"
Asian,group,mala1533,noun,1,ricecombo,positive,1,Malacca-Batavia Portuguese Creole,converged,converged,2.695778651958321,rice
East and southeast asian,group,mala1533,noun,1,ricecombo,positive,1,Malacca-Batavia Portuguese Creole,converged,converged,2.695778651958321,rice
East and southeast asian,group,bara1370,noun,1,raincombo,positive,1,Baram Kayan,converged,converged,2.6926655241569573,"rain, rainfall, rainwater"
Polish,single,poli1260,noun,1,smellcombo,positive,1,Polish,converged,converged,2.675697235187579,"smell, odor, odour, aroma, scent, smelling"
Australian languages,group,kumb1268,noun,1,chrysaliscombo,positive,1,Kumbainggar,converged,converged,2.662976184752055,chrysalis
Australian languages,group,yand1253,noun,1,sandcombo,positive,1,Yandruwandha,converged,converged,2.660147337991908,sand
East and southeast asian,group,angg1239,noun,1,raincombo,positive,1,Angguruk Yali,converged,converged,2.652351939918485,"rain, rainfall, rainwater"
Oceanic,group,saaa1240,noun,1,windcombo,positive,1,Sa'a,converged,converged,2.6498285902139074,wind
Oceanic,group,mang1401,noun,1,windcombo,positive,1,Mangareva,converged,converged,2.63723956379013,wind
Australian languages,group,bard1255,noun,1,emuscombo,positive,1,Bardi,converged,converged,2.5820988222262686,emu
Oceanic languages,group,tuva1244,"noun, verb",0,gardeningcombo,positive,1,Tuvalu,converged,converged,2.580416017240842,"garden, gardening, gardener, floriculture"
Papua New Guinea,group,yabe1254,noun,0,birdcombo,positive,1,Yabem,converged,converged,2.576586111148661,bird
Oceanic languages,group,xara1244,"noun, verb",0,gardeningcombo,positive,1,Xârâcùù,converged,converged,2.569257364752979,"garden, gardening, gardener, floriculture"
Kwamera,single,kwam1252,noun,0,fishcombo,positive,1,Kwamera,converged,converged,2.5661959872884235,fish
Lenakel,single,lena1238,noun,0,fishcombo,positive,1,Lenakel,converged,converged,2.550988929781528,fish
Papua New Guinea,group,kwom1262,noun,0,birdcombo,positive,1,Kwoma,converged,converged,2.547249550437655,bird
Papua New Guinea,group,surs1246,noun,0,birdcombo,positive,1,Sursurunga,converged,converged,2.5349795179258034,bird
East and southeast asian,group,nung1283,noun,1,raincombo,positive,1,Nung,converged,converged,2.5344987671386274,"rain, rainfall, rainwater"
Rotuman,single,rotu1241,noun,0,treecombo,positive,1,Rotuman,converged,converged,2.5319010097895274,tree
Papua New Guinea,group,kyak1244,noun,0,birdcombo,positive,1,Kyaka,converged,converged,2.527619887731075,bird
Oceanic languages,group,teop1238,"noun, verb",0,gardeningcombo,positive,1,Teop,converged,converged,2.5255269317894813,"garden, gardening, gardener, floriculture"
East and southeast asian,group,tbol1240,noun,0,insectscombo,positive,1,Tboli,converged,converged,2.523422290342699,insect
Bedouin Arabic,single,nort3139,noun,1,camelcombo,positive,1,Levantine Arabic,converged,converged,2.506679266294395,camel
Arabic,group,nort3139,noun,1,camelcombo,positive,1,Levantine Arabic,converged,converged,2.506679266294395,camel
Oceanic,group,gela1263,noun,1,windcombo,positive,1,Gela,converged,converged,2.505573560749599,wind
East and southeast asian,group,hakk1236,noun,0,fishcombo,positive,1,Hakka Chinese,converged,converged,2.485544585720429,fish
Oceanic languages,group,louu1245,"noun, verb",0,gardeningcombo,positive,1,Lou,converged,converged,2.4855216017146025,"garden, gardening, gardener, floriculture"
Australian languages,group,kumb1268,noun,1,emuscombo,positive,1,Kumbainggar,converged,converged,2.4752320784640194,emu
Lenakel,single,lena1238,noun,0,treecombo,positive,1,Lenakel,converged,converged,2.46253366276985,tree
East and southeast asian,group,wara1300,noun,0,insectscombo,positive,1,Waray,converged,converged,2.45673653031624,insect
East and southeast asian,group,hakk1236,noun,1,raincombo,positive,1,Hakka Chinese,converged,converged,2.4500023469787684,"rain, rainfall, rainwater"
Australian languages,group,twee1234,noun,1,starscombo,positive,1,Tweed-Albert,converged,converged,2.418472546532642,star
Oceanic languages,group,tong1325,"noun, verb",0,gardeningcombo,positive,1,Tonga,converged,converged,2.4145231315863063,"garden, gardening, gardener, floriculture"
Oceanic languages,group,tiko1237,"noun, verb",0,buildingcombo,positive,1,Tikopia,converged,converged,2.4044120735444694,"build, construct, building, construction, dwelling, house"
Southeast asian,group,lund1271,"noun, adjective, verb",0,emotioncombo,positive,1,Lundayeh,converged,converged,2.400295725917977,"anger, anxiety, envy, fear, gloomy, grief, happy, hate, hope, joy, love, pity, proud, regret, sad, shame, surprised, worry, merry, desire, good, like, bad, want, happiness"
East and southeast asian,group,yaka1277,noun,0,insectscombo,positive,1,Yakan,converged,converged,2.3802070326684412,insect
East and southeast asian,group,hakk1236,noun,0,weathercombo,positive,1,Hakka Chinese,converged,converged,2.3734377295316373,"weather, climate, thunder, lightning, wind, cloud, mist, precipitation, dew, rain, hail, snow, rainbow"
Oceanic,group,geda1237,noun,1,windcombo,positive,1,Gedaged,converged,converged,2.362695116410541,wind
Oceanic,group,lonw1238,noun,1,windcombo,positive,1,Lonwolwol,converged,converged,2.3473161094630477,wind
East and southeast asian,group,casi1235,noun,1,raincombo,positive,1,Casiguran-Nagtipunan Agta,converged,converged,2.3446384134140192,"rain, rainfall, rainwater"
Arabic,group,anda1287,noun,1,lioncombo,positive,1,Andalusian Arabic,converged,converged,2.3348790727492004,lion
Asian,group,panj1256,noun,1,ricecombo,positive,1,Eastern Panjabi,converged,converged,2.308460433598011,rice
Venda,single,vend1245,noun,1,grasscombo,positive,1,Venda,converged,converged,2.3062761319215146,grass
East and southeast asian,group,pang1290,noun,0,fishcombo,positive,1,Pangasinan,converged,converged,2.286112416075814,fish
Australian languages,group,bayu1240,noun,1,sandcombo,positive,1,Bayungu,converged,converged,2.283780057576513,sand
East and southeast asian,group,cent1989,noun,0,fishcombo,positive,1,Central Khmer,converged,converged,2.282890673736859,fish
East and southeast asian,group,laoo1244,noun,0,fishcombo,positive,1,Lao,converged,converged,2.2658389303406947,fish
Oceanic languages,group,tiri1258,"noun, verb",0,gardeningcombo,positive,1,Tiri-Mea,converged,converged,2.243871203780568,"garden, gardening, gardener, floriculture"
Asian,group,gulf1241,noun,1,ricecombo,positive,1,Gulf Arabic,converged,converged,2.2375596580243986,rice
Oceanic languages,group,rotu1241,"noun, verb",0,gardeningcombo,positive,1,Rotuman,converged,converged,2.2264086109982397,"garden, gardening, gardener, floriculture"
East and southeast asian,group,urak1238,noun,0,fishcombo,positive,1,Urak Lawoi',converged,converged,2.2221612423607677,fish
Asian,group,cent1990,noun,1,ricecombo,positive,1,Central Nicobarese,converged,converged,2.217851515592872,rice
Oceanic,group,ralu1237,noun,1,windcombo,positive,1,Raluana,converged,converged,2.200814117554076,wind
Wayan Fijian,single,fiji1243,noun,1,crustaceanscombo,positive,1,Fijian,converged,converged,2.1497367543776105,crustacean
Australian languages,group,mara1385,noun,1,chrysaliscombo,positive,1,Marra,converged,converged,2.1482966273963626,chrysalis
East and southeast asian,group,halh1238,noun,1,windcombo,positive,1,Halh Mongolian,converged,converged,2.132110875363965,wind
Arabic,group,egyp1253,noun,1,camelcombo,positive,1,Egyptian Arabic,converged,converged,2.1273312475722634,camel
Australian languages,group,ngan1295,noun,1,sandcombo,positive,1,Ngandi,converged,converged,2.1257953838805395,sand
Papua New Guinea,group,kate1253,noun,0,birdcombo,positive,1,Kâte,converged,converged,2.121696157716543,bird
Arabic,group,chad1249,noun,1,lioncombo,positive,1,Chadian Arabic,converged,converged,2.1186710076642514,lion
Australian languages,group,kumb1268,noun,1,sandcombo,positive,1,Kumbainggar,converged,converged,2.1175411768928334,sand
East and southeast asian,group,iban1264,noun,0,weathercombo,positive,1,Iban,converged,converged,2.1091450990748903,"weather, climate, thunder, lightning, wind, cloud, mist, precipitation, dew, rain, hail, snow, rainbow"
East and southeast asian,group,bata1298,noun,0,insectscombo,positive,1,Batad Ifugao,converged,converged,2.106630291527095,insect
East and southeast asian,group,hmon1264,noun,1,raincombo,positive,1,Hmong Njua,converged,converged,2.098225460261926,"rain, rainfall, rainwater"
Arabic,group,anda1287,noun,1,smellcombo,positive,1,Andalusian Arabic,converged,converged,2.0978070013226477,"smell, odor, odour, aroma, scent, smelling"
Arabic,group,stan1318,noun,1,smellcombo,positive,1,Standard Arabic,converged,converged,2.0818270947150226,"smell, odor, odour, aroma, scent, smelling"
East and southeast asian,group,mara1404,noun,0,fishcombo,positive,1,Maranao,converged,converged,2.0767710351786106,fish
East and southeast asian,group,bali1278,noun,0,insectscombo,positive,1,Balinese,converged,converged,2.0706615377236743,insect
East and southeast asian,group,hakk1236,noun,1,windcombo,positive,1,Hakka Chinese,converged,converged,2.0698724101095367,wind
Australian languages,group,kuku1273,noun,1,starscombo,positive,1,Kuku-Yalanji,converged,converged,2.0666520623870848,star
Oceanic,group,kwam1252,noun,1,windcombo,positive,1,Kwamera,converged,converged,2.0597540159608645,wind
Oceanic,group,niue1239,noun,1,windcombo,positive,1,Niuean,converged,converged,2.055639372050862,wind
Australian languages,group,djin1253,noun,1,emuscombo,positive,1,Djinang,converged,converged,2.0456852887208243,emu
East and southeast asian,group,lund1271,noun,1,raincombo,positive,1,Lundayeh,converged,converged,2.044692516383758,"rain, rainfall, rainwater"
Oceanic languages,group,toab1237,"noun, verb",0,buildingcombo,positive,1,To'abaita,converged,converged,2.0403875306985597,"build, construct, building, construction, dwelling, house"
Papua New Guinea,group,gras1249,noun,0,birdcombo,positive,1,Grass Koiari,converged,converged,2.0358544542607953,bird
Australian languages,group,mara1385,noun,1,sandcombo,positive,1,Marra,converged,converged,2.0304282074236943,sand
Maori,group,raro1241,noun,0,treecombo,positive,1,Southern Cook Island Maori,converged,converged,2.025390973986965,tree
East and southeast asian,group,mara1382,noun,0,fishcombo,positive,1,Mara Chin,converged,converged,2.0236877047896655,fish
Papua New Guinea,group,naka1262,noun,0,birdcombo,positive,1,Nakanai,converged,converged,2.0222688914015374,bird
Oceanic languages,group,geda1237,"noun, verb",0,gardeningcombo,positive,1,Gedaged,converged,converged,2.0178450009393893,"garden, gardening, gardener, floriculture"
Arabic,group,anda1287,noun,1,swordcombo,positive,1,Andalusian Arabic,converged,converged,2.013648678167701,sword
East and southeast asian,group,mala1533,noun,0,fishcombo,positive,1,Malacca-Batavia Portuguese Creole,converged,converged,2.0004690838632566,fish
East and southeast asian,group,lund1271,noun,0,insectscombo,positive,1,Lundayeh,converged,converged,1.98422349828723,insect
East and southeast asian,group,besi1244,noun,0,insectscombo,positive,1,Besisi,converged,converged,1.9582442661796047,insect
Fore,single,fore1270,noun,0,birdcombo,positive,1,Fore,converged,converged,1.9467805866278836,bird
Papua New Guinea,group,fore1270,noun,0,birdcombo,positive,1,Fore,converged,converged,1.9467805866278836,bird
East and southeast asian,group,mind1253,noun,1,raincombo,positive,1,Min Dong Chinese,converged,converged,1.944293114912897,"rain, rainfall, rainwater"
East and southeast asian,group,west2555,noun,0,fishcombo,positive,1,Western Bukidnon Manobo,converged,converged,1.9441730007004205,fish
East and southeast asian,group,cent2087,noun,0,fishcombo,positive,1,Coastal-Naga Bikol,converged,converged,1.9415052415656142,fish
East and southeast asian,group,mara1382,noun,1,raincombo,positive,1,Mara Chin,converged,converged,1.9414477953824958,"rain, rainfall, rainwater"
Oceanic,group,ayiw1239,noun,1,windcombo,positive,1,Äiwoo,converged,converged,1.9392618186973787,wind
East and southeast asian,group,hakk1236,noun,0,insectscombo,positive,1,Hakka Chinese,converged,converged,1.9368527885221347,insect
East and southeast asian,group,halh1238,noun,0,weathercombo,positive,1,Halh Mongolian,converged,converged,1.9237418151527368,"weather, climate, thunder, lightning, wind, cloud, mist, precipitation, dew, rain, hail, snow, rainbow"
East and southeast asian,group,shan1277,noun,0,fishcombo,positive,1,Shan,converged,converged,1.9175654287109722,fish
East and southeast asian,group,ilok1237,noun,0,insectscombo,positive,1,Iloko,converged,converged,1.9167031239498118,insect
Oceanic languages,group,bugh1239,"noun, verb",0,gardeningcombo,positive,1,Bughotu,converged,converged,1.9043947364765086,"garden, gardening, gardener, floriculture"
Australian languages,group,kuku1273,noun,1,eelscombo,positive,1,Kuku-Yalanji,converged,converged,1.8993497130973767,eel
Arabic,group,moro1292,noun,1,honeycombo,positive,1,Moroccan Arabic,converged,converged,1.8937977519814968,honey
East and southeast asian,group,jeha1242,noun,0,insectscombo,positive,1,Jehai,converged,converged,1.8887954493113948,insect
East and southeast asian,group,besi1244,noun,1,raincombo,positive,1,Besisi,converged,converged,1.879246880162092,"rain, rainfall, rainwater"
Asian,group,wers1238,noun,1,ricecombo,positive,1,Wersing,converged,converged,1.876975901558599,rice
East and southeast asian,group,wers1238,noun,1,ricecombo,positive,1,Wersing,converged,converged,1.876975901558599,rice
East and southeast asian,group,rade1240,noun,0,insectscombo,positive,1,Rade,converged,converged,1.874671018087962,insect
Paiwan,single,paiw1248,noun,1,smellcombo,positive,1,Paiwan,converged,converged,1.8745141146282125,"smell, odor, odour, aroma, scent, smelling"
East and southeast asian,group,sund1252,noun,1,raincombo,positive,1,Sundanese,converged,converged,1.8705560807607586,"rain, rainfall, rainwater"
Oceanic languages,group,pohn1238,"noun, verb",0,buildingcombo,positive,1,Pohnpeian,converged,converged,1.867649453812399,"build, construct, building, construction, dwelling, house"
Australian languages,group,djiw1241,noun,1,sandcombo,positive,1,Djiwarli,converged,converged,1.8629788713130913,sand
East and southeast asian,group,nung1283,noun,0,fishcombo,positive,1,Nung,converged,converged,1.861828103955993,fish
East and southeast asian,group,cent2087,noun,0,insectscombo,positive,1,Coastal-Naga Bikol,converged,converged,1.861310003404029,insect
East and southeast asian,group,angg1239,noun,1,windcombo,positive,1,Angguruk Yali,converged,converged,1.8600873333227588,wind
Venda,single,vend1245,noun,1,raincombo,positive,1,Venda,converged,converged,1.8534274489689178,"rain, rainfall, rainwater"
East and southeast asian,group,kach1280,noun,0,fishcombo,positive,1,Southern Jinghpaw,converged,converged,1.8487329604799958,fish
East and southeast asian,group,sund1252,noun,0,insectscombo,positive,1,Sundanese,converged,converged,1.8408821175752859,insect
Asian,group,uigh1240,noun,1,ricecombo,positive,1,Uighur,converged,converged,1.839050559766676,rice
East and southeast asian,group,uigh1240,noun,1,ricecombo,positive,1,Uighur,converged,converged,1.839050559766676,rice
East and southeast asian,group,muna1247,noun,1,windcombo,positive,1,Muna,converged,converged,1.8357935663369191,wind
Papua New Guinea,group,orok1267,noun,0,birdcombo,positive,1,Orokolo,converged,converged,1.8349446450348623,bird
East and southeast asian,group,akha1245,noun,0,fishcombo,positive,1,Akha,converged,converged,1.8196329057681024,fish
Oceanic,group,tong1325,noun,1,windcombo,positive,1,Tonga,converged,converged,1.8141057133340253,wind
Australian languages,group,mudb1240,noun,1,chrysaliscombo,positive,1,Mudburra,converged,converged,1.8125156223863097,chrysalis
Australian languages,group,twee1234,noun,1,emuscombo,positive,1,Tweed-Albert,converged,converged,1.8088718541829722,emu
Australian languages,group,muru1266,noun,1,chrysaliscombo,positive,1,Muruwari,converged,converged,1.8041381798950267,chrysalis
East and southeast asian,group,pamp1243,noun,0,insectscombo,positive,1,Pampanga,converged,converged,1.7956277760128034,insect
Arabic,group,anda1287,noun,1,horsecombo,positive,1,Andalusian Arabic,converged,converged,1.7938707660689017,horse
East and southeast asian,group,sgaw1245,noun,1,raincombo,positive,1,S'gaw Karen,converged,converged,1.7924531771268812,"rain, rainfall, rainwater"
East and southeast asian,group,iban1264,noun,1,windcombo,positive,1,Iban,converged,converged,1.7847689932564943,wind
Southeast asian,group,besi1244,"noun, adjective, verb",0,emotioncombo,positive,1,Besisi,converged,converged,1.783697607605594,"anger, anxiety, envy, fear, gloomy, grief, happy, hate, hope, joy, love, pity, proud, regret, sad, shame, surprised, worry, merry, desire, good, like, bad, want, happiness"
East and southeast asian,group,shan1277,noun,1,windcombo,positive,1,Shan,converged,converged,1.777530869386866,wind
Old English,single,olde1238,noun,1,bondagecombo,positive,1,Old English,converged,converged,1.7622686752575782,"bondage, slavery, thrall, thralldom, thraldom"
East and southeast asian,group,temi1246,noun,0,fishcombo,positive,1,Temiar,converged,converged,1.757892198970932,fish
Oceanic,group,naka1262,noun,1,windcombo,positive,1,Nakanai,converged,converged,1.7474530245949893,wind
Asian,group,temi1246,noun,1,ricecombo,positive,1,Temiar,converged,converged,1.7453912561570333,rice
East and southeast asian,group,temi1246,noun,1,ricecombo,positive,1,Temiar,converged,converged,1.7453912561570333,rice
East and southeast asian,group,akha1245,noun,0,insectscombo,positive,1,Akha,converged,converged,1.737873046712658,insect
East and southeast asian,group,bara1370,noun,0,insectscombo,positive,1,Baram Kayan,converged,converged,1.714917882999115,insect
Venda,single,vend1245,noun,1,soilcombo,positive,1,Venda,converged,converged,1.6934103415223596,"soil, dirt"
Oceanic,group,paam1238,noun,1,windcombo,positive,1,Paama,converged,converged,1.6812835480945665,wind
European,group,cent2128,noun,0,timecombo,positive,1,Central Siberian Yupik,converged,converged,1.6792602924330433,"time, duration, period, year, season, month, week, hour, minute, second, day, night, dawn, morning, noon, midday, afternoon, evening, clock, chronology, calendar, present, past, future, yesterday, tomorrow"
East and southeast asian,group,angg1239,noun,0,insectscombo,positive,1,Angguruk Yali,converged,converged,1.6646812175846482,insect
Oceanic,group,mele1250,noun,1,windcombo,positive,1,Mele-Fila,converged,converged,1.6568037646411016,wind
Oceanic,group,area1240,noun,1,windcombo,positive,1,'Are'are,converged,converged,1.6533048475411711,wind
East and southeast asian,group,monn1252,noun,0,fishcombo,positive,1,Mon,converged,converged,1.651451284019582,fish
Australian languages,group,thay1249,noun,1,sandcombo,positive,1,Thayore,converged,converged,1.6460465221442901,sand
East and southeast asian,group,thai1261,noun,0,insectscombo,positive,1,Thai,converged,converged,1.629225206908011,insect
Oceanic languages,group,niue1239,"noun, verb",0,buildingcombo,positive,1,Niuean,converged,converged,1.6289549462823054,"build, construct, building, construction, dwelling, house"
Yupik,group,cent2128,noun,1,windcombo,positive,1,Central Siberian Yupik,converged,converged,1.60359537951251,wind
East and southeast asian,group,lisu1250,noun,0,insectscombo,positive,1,Lisu,converged,converged,1.599117635229278,insect
Southeast asian,group,taus1251,"noun, adjective, verb",0,emotioncombo,positive,1,Tausug,converged,converged,1.5944967988142504,"anger, anxiety, envy, fear, gloomy, grief, happy, hate, hope, joy, love, pity, proud, regret, sad, shame, surprised, worry, merry, desire, good, like, bad, want, happiness"
Papua New Guinea,group,tang1348,noun,0,birdcombo,positive,1,Tangga,converged,converged,1.5932062481698561,bird
East and southeast asian,group,yaka1277,noun,1,windcombo,positive,1,Yakan,converged,converged,1.5867855749165563,wind
Southeast asian,group,sund1252,"noun, adjective, verb",0,emotioncombo,positive,1,Sundanese,converged,converged,1.5789573191932174,"anger, anxiety, envy, fear, gloomy, grief, happy, hate, hope, joy, love, pity, proud, regret, sad, shame, surprised, worry, merry, desire, good, like, bad, want, happiness"
Asian,group,tibe1272,noun,1,ricecombo,positive,1,Tibetan,converged,converged,1.5765957163045106,rice
East and southeast asian,group,tibe1272,noun,1,ricecombo,positive,1,Tibetan,converged,converged,1.5765957163045106,rice
Suahili,group,swah1253,noun,1,judgecombo,positive,1,Swahili,converged,converged,1.5760712034859226,"judge, jurist"
Southeast asian,group,bali1278,"noun, adjective, verb",0,emotioncombo,positive,1,Balinese,converged,converged,1.5760101170369052,"anger, anxiety, envy, fear, gloomy, grief, happy, hate, hope, joy, love, pity, proud, regret, sad, shame, surprised, worry, merry, desire, good, like, bad, want, happiness"
East and southeast asian,group,mind1253,noun,0,weathercombo,positive,1,Min Dong Chinese,converged,converged,1.5740038570481467,"weather, climate, thunder, lightning, wind, cloud, mist, precipitation, dew, rain, hail, snow, rainbow"
Oceanic,group,kapi1249,noun,1,windcombo,positive,1,Kapingamarangi,converged,converged,1.5713552262769301,wind
Australian languages,group,ngaa1240,noun,1,starscombo,positive,1,Ngaanyatjarra,converged,converged,1.562835237588713,star
East and southeast asian,group,minn1241,noun,1,raincombo,positive,1,Min Nan Chinese,converged,converged,1.5624965830778172,"rain, rainfall, rainwater"
Arabic,group,moro1292,noun,1,horsecombo,positive,1,Moroccan Arabic,converged,converged,1.5567046692920667,horse
Asian,group,java1254,noun,1,ricecombo,positive,1,Javanese,converged,converged,1.548160644898879,rice
East and southeast asian,group,java1254,noun,1,ricecombo,positive,1,Javanese,converged,converged,1.548160644898879,rice
Southeast asian,group,biat1246,"noun, adjective, verb",0,emotioncombo,positive,1,Biatah Bidayuh,converged,converged,1.539472599005093,"anger, anxiety, envy, fear, gloomy, grief, happy, hate, hope, joy, love, pity, proud, regret, sad, shame, surprised, worry, merry, desire, good, like, bad, want, happiness"
Oceanic languages,group,mang1401,noun,1,coconutcombo,positive,1,Mangareva,converged,converged,1.533116401258603,"coconut, cocoanut"
Oceanic,group,rovi1238,noun,1,windcombo,positive,1,Roviana,converged,converged,1.5293821998188388,wind
East and southeast asian,group,laoo1244,noun,0,insectscombo,positive,1,Lao,converged,converged,1.5284260093013875,insect
ǂHaba,single,naro1249,noun,1,tastecombo,positive,1,Naro,converged,converged,1.5212743980859067,"taste, tasting, gustation"
Oceanic languages,group,tean1237,"noun, verb",0,gardeningcombo,positive,1,Teanu,converged,converged,1.5126321822759798,"garden, gardening, gardener, floriculture"
Australian languages,group,tiwi1244,noun,1,sandcombo,positive,1,Tiwi,converged,converged,1.4862286396789575,sand
Australian languages,group,dhar1247,noun,1,sandcombo,positive,1,Dhargari,converged,converged,1.4821463704927231,sand
East and southeast asian,group,monn1252,noun,1,raincombo,positive,1,Mon,converged,converged,1.4819640945233665,"rain, rainfall, rainwater"
Oceanic,group,lena1238,noun,1,windcombo,positive,1,Lenakel,converged,converged,1.4773710444640817,wind
Southeast asian,group,bara1370,"noun, adjective, verb",0,emotioncombo,positive,1,Baram Kayan,converged,converged,1.4649151990680274,"anger, anxiety, envy, fear, gloomy, grief, happy, hate, hope, joy, love, pity, proud, regret, sad, shame, surprised, worry, merry, desire, good, like, bad, want, happiness"
East and southeast asian,group,angg1239,noun,0,weathercombo,positive,1,Angguruk Yali,converged,converged,1.4514855457925844,"weather, climate, thunder, lightning, wind, cloud, mist, precipitation, dew, rain, hail, snow, rainbow"
Yana,single,yana1271,noun,1,sightcombo,positive,1,Yana,converged,converged,1.4513301202513844,"eye, sight, vision, optic, oculus, oculi"
Lushei,single,lush1249,noun,1,deercombo,positive,1,Mizo,converged,converged,1.435575438826209,"deer, cervid"
East and southeast asian,group,stan1306,noun,1,windcombo,positive,1,Standard Malay,converged,converged,1.4298308006089782,wind
Australian languages,group,kumb1268,noun,1,eelscombo,positive,1,Kumbainggar,converged,converged,1.4184797171543015,eel
Lushei,single,lush1249,noun,1,antcombo,positive,1,Mizo,converged,converged,1.4176095999806233,"ant, emmet, pismire"
Asian,group,west2420,noun,1,ricecombo,positive,1,Western Parbate Kham,converged,converged,1.4173658891926622,rice
Swahili,group,swah1253,noun,1,smellcombo,positive,1,Swahili,converged,converged,1.4045923021149143,"smell, odor, odour, aroma, scent, smelling"
East and southeast asian,group,mind1253,noun,1,windcombo,positive,1,Min Dong Chinese,converged,converged,1.400380042376842,wind
East and southeast asian,group,muna1247,noun,0,weathercombo,positive,1,Muna,converged,converged,1.399849341311982,"weather, climate, thunder, lightning, wind, cloud, mist, precipitation, dew, rain, hail, snow, rainbow"
Oceanic languages,group,chuu1238,"noun, verb",0,gardeningcombo,positive,1,Chuukese,converged,converged,1.36407087360213,"garden, gardening, gardener, floriculture"
East and southeast asian,group,yaka1277,noun,0,weathercombo,positive,1,Yakan,converged,converged,1.361666148371622,"weather, climate, thunder, lightning, wind, cloud, mist, precipitation, dew, rain, hail, snow, rainbow"
East and southeast asian,group,tuvi1240,noun,0,insectscombo,positive,1,Tuvinian,converged,converged,1.3578526805711895,insect
East and southeast asian,group,kosa1249,noun,0,weathercombo,positive,1,Kosarek Yale,converged,converged,1.3521131647982143,"weather, climate, thunder, lightning, wind, cloud, mist, precipitation, dew, rain, hail, snow, rainbow"
Oceanic,group,lauu1247,noun,1,windcombo,positive,1,Lau,converged,converged,1.3417131381150524,wind
Australian languages,group,mara1385,noun,1,eelscombo,positive,1,Marra,converged,converged,1.340525813745114,eel
East and southeast asian,group,minn1241,noun,1,windcombo,positive,1,Min Nan Chinese,converged,converged,1.338606853788185,wind
Southeast asian,group,yaka1277,"noun, adjective, verb",0,emotioncombo,positive,1,Yakan,converged,converged,1.3276442685697576,"anger, anxiety, envy, fear, gloomy, grief, happy, hate, hope, joy, love, pity, proud, regret, sad, shame, surprised, worry, merry, desire, good, like, bad, want, happiness"
Australian languages,group,west2443,noun,1,starscombo,positive,1,Western Victoria,converged,converged,1.3106296685612553,star
Asian,group,kokb1239,noun,1,ricecombo,positive,1,Kok Borok,converged,converged,1.3049008178910548,rice
Southeast asian,group,taga1270,"noun, adjective, verb",0,emotioncombo,positive,1,Tagalog,converged,converged,1.290124544089089,"anger, anxiety, envy, fear, gloomy, grief, happy, hate, hope, joy, love, pity, proud, regret, sad, shame, surprised, worry, merry, desire, good, like, bad, want, happiness"
Southeast asian,group,ilok1237,"noun, adjective, verb",0,emotioncombo,positive,1,Iloko,converged,converged,1.2848844901921364,"anger, anxiety, envy, fear, gloomy, grief, happy, hate, hope, joy, love, pity, proud, regret, sad, shame, surprised, worry, merry, desire, good, like, bad, want, happiness"
Oceanic languages,group,teop1238,"noun, verb",0,buildingcombo,positive,1,Teop,converged,converged,1.2832638348576617,"build, construct, building, construction, dwelling, house"
Asian,group,sana1295,noun,1,ricecombo,positive,1,Sanaani Arabic,converged,converged,1.2768982464005803,rice
Oceanic,group,surs1246,noun,1,windcombo,positive,1,Sursurunga,converged,converged,1.2768890609803825,wind
East and southeast asian,group,cent1989,noun,1,windcombo,positive,1,Central Khmer,converged,converged,1.2687814355779612,wind
Arabic,group,sana1295,noun,1,honeycombo,positive,1,Sanaani Arabic,converged,converged,1.255090074007944,honey
Asian,group,assa1263,noun,1,ricecombo,positive,1,Assamese,converged,converged,1.2499545478137915,rice
East and southeast asian,group,pamp1243,noun,0,fishcombo,positive,1,Pampanga,converged,converged,1.2475875674965216,fish
European,group,lith1251,noun,0,timecombo,positive,1,Lithuanian,converged,converged,1.2462871716257922,"time, duration, period, year, season, month, week, hour, minute, second, day, night, dawn, morning, noon, midday, afternoon, evening, clock, chronology, calendar, present, past, future, yesterday, tomorrow"
European,group,bulg1262,noun,0,timecombo,positive,1,Bulgarian,converged,converged,1.2449490222429767,"time, duration, period, year, season, month, week, hour, minute, second, day, night, dawn, morning, noon, midday, afternoon, evening, clock, chronology, calendar, present, past, future, yesterday, tomorrow"
East and southeast asian,group,tbol1240,noun,0,weathercombo,positive,1,Tboli,converged,converged,1.2383434410059009,"weather, climate, thunder, lightning, wind, cloud, mist, precipitation, dew, rain, hail, snow, rainbow"
East and southeast asian,group,mala1479,noun,1,windcombo,positive,1,Central Malay,converged,converged,1.2379900544008031,wind
East and southeast asian,group,tetu1245,noun,0,fishcombo,positive,1,Tetum,converged,converged,1.2372539811519396,fish
Oceanic languages,group,chek1238,"noun, verb",0,buildingcombo,positive,1,Cheke Holo,converged,converged,1.2357310629383427,"build, construct, building, construction, dwelling, house"
East and southeast asian,group,mind1253,noun,0,insectscombo,positive,1,Min Dong Chinese,converged,converged,1.2157476616807221,insect
East and southeast asian,group,casi1235,noun,1,windcombo,positive,1,Casiguran-Nagtipunan Agta,converged,converged,1.2155165176902492,wind
Australian languages,group,nugu1241,noun,1,starscombo,positive,1,Nugunu,converged,converged,1.2147396038207516,star
Australian languages,group,mart1256,noun,1,emuscombo,positive,1,Martu Wangka,converged,converged,1.1964484641243784,emu
East and southeast asian,group,hili1240,noun,0,fishcombo,positive,1,Hiligaynon,converged,converged,1.1946560251441016,fish
East and southeast asian,group,sema1266,noun,0,fishcombo,positive,1,Semai,converged,converged,1.1936085985364902,fish
East and southeast asian,group,kach1280,noun,1,windcombo,positive,1,Southern Jinghpaw,converged,converged,1.1892816458067321,wind
East and southeast asian,group,wers1238,noun,0,insectscombo,positive,1,Wersing,converged,converged,1.185835855322119,insect
East and southeast asian,group,kosa1249,noun,0,insectscombo,positive,1,Kosarek Yale,converged,converged,1.1858166058517379,insect
Micmac,single,mikm1235,noun,0,treecombo,positive,1,Mi'kmaq,converged,converged,1.1830235802251756,tree
Oceanic,group,gilb1244,noun,1,windcombo,positive,1,Gilbertese,converged,converged,1.1786592812515462,wind
East and southeast asian,group,west2555,noun,1,raincombo,positive,1,Western Bukidnon Manobo,converged,converged,1.1783403269107255,"rain, rainfall, rainwater"
East and southeast asian,group,ilok1237,noun,1,raincombo,positive,1,Iloko,converged,converged,1.1783134176590235,"rain, rainfall, rainwater"
East and southeast asian,group,cent2292,noun,0,weathercombo,positive,1,Central Bontoc,converged,converged,1.1754693634944435,"weather, climate, thunder, lightning, wind, cloud, mist, precipitation, dew, rain, hail, snow, rainbow"
East and southeast asian,group,magu1243,noun,0,insectscombo,positive,1,Maguindanao,converged,converged,1.1728849322344286,insect
Oceanic,group,futu1245,noun,1,windcombo,positive,1,Futuna-Aniwa,converged,converged,1.167406551150752,wind
Oceanic languages,group,tali1259,"noun, verb",0,buildingcombo,positive,1,Talise,converged,converged,1.1650142271529444,"build, construct, building, construction, dwelling, house"
Australian languages,group,djin1251,noun,1,starscombo,positive,1,Jingulu,converged,converged,1.1649791594004584,star
Semai,single,sema1266,noun,1,smellcombo,positive,1,Semai,converged,converged,1.1637997288555837,"smell, odor, odour, aroma, scent, smelling"
East and southeast asian,group,taus1251,noun,1,raincombo,positive,1,Tausug,converged,converged,1.1607801305875045,"rain, rainfall, rainwater"
Southeast asian,group,kosa1249,"noun, adjective, verb",0,emotioncombo,positive,1,Kosarek Yale,converged,converged,1.1564831098337758,"anger, anxiety, envy, fear, gloomy, grief, happy, hate, hope, joy, love, pity, proud, regret, sad, shame, surprised, worry, merry, desire, good, like, bad, want, happiness"
Oceanic languages,group,sout2859,"noun, verb",0,gardeningcombo,positive,1,Southeast Ambrym,converged,converged,1.1548038868169461,"garden, gardening, gardener, floriculture"
Australian languages,group,nung1290,noun,1,starscombo,positive,1,Wubuy,converged,converged,1.1416510159735815,star
East and southeast asian,group,cent1989,noun,0,insectscombo,positive,1,Central Khmer,converged,converged,1.1338793459341854,insect
East and southeast asian,group,magu1243,noun,1,windcombo,positive,1,Maguindanao,converged,converged,1.1335399200450245,wind
East and southeast asian,group,tbol1240,noun,0,fishcombo,positive,1,Tboli,converged,converged,1.1222537877060497,fish
Oceanic languages,group,toke1240,"noun, verb",0,buildingcombo,positive,1,Tokelau,converged,converged,1.119527908601325,"build, construct, building, construction, dwelling, house"
East and southeast asian,group,sgaw1245,noun,0,fishcombo,positive,1,S'gaw Karen,converged,converged,1.116838601320533,fish
East and southeast asian,group,lisu1250,noun,0,weathercombo,positive,1,Lisu,converged,converged,1.0995018052135352,"weather, climate, thunder, lightning, wind, cloud, mist, precipitation, dew, rain, hail, snow, rainbow"
Australian languages,group,wand1263,noun,1,sandcombo,positive,1,Wandarang,converged,converged,1.0962488110564736,sand
East and southeast asian,group,yuec1235,noun,0,insectscombo,positive,1,Yue Chinese,converged,converged,1.0956898630871503,insect
Australian languages,group,bayu1240,noun,1,starscombo,positive,1,Bayungu,converged,converged,1.074999422920416,star
East and southeast asian,group,cent2292,noun,0,fishcombo,positive,1,Central Bontoc,converged,converged,1.0668107043287298,fish
Papua New Guinea,group,oksa1245,noun,0,birdcombo,positive,1,Oksapmin,converged,converged,1.066171593986335,bird
Australian languages,group,dhar1247,noun,1,eelscombo,positive,1,Dhargari,converged,converged,1.05950755502021,eel
East and southeast asian,group,urak1238,noun,1,windcombo,positive,1,Urak Lawoi',converged,converged,1.0520157886516306,wind
Arabic,group,gulf1241,noun,1,lioncombo,positive,1,Gulf Arabic,converged,converged,1.049141141448643,lion
Australian languages,group,mara1385,noun,1,starscombo,positive,1,Marra,converged,converged,1.0427612324093893,star
Oceanic,group,wamp1247,noun,1,windcombo,positive,1,Wampar,converged,converged,1.0387202554204846,wind
Australian languages,group,dhal1245,noun,1,eelscombo,positive,1,Dhalandji,converged,converged,1.0347423337014705,eel
Asian,group,ladi1251,noun,1,ricecombo,positive,1,Ladino,converged,converged,1.0317339343507927,rice
East and southeast asian,group,sgaw1245,noun,1,windcombo,positive,1,S'gaw Karen,converged,converged,1.0298680070840156,wind
Arabic,group,gulf1241,noun,1,swordcombo,positive,1,Gulf Arabic,converged,converged,1.029337003171183,sword
Japanese,single,nucl1643,noun,1,windcombo,positive,1,Japanese,converged,converged,1.0276138522982758,wind
East and southeast asian,group,nucl1643,noun,1,windcombo,positive,1,Japanese,converged,converged,1.0276138522982758,wind
Arabic,group,meso1252,noun,1,horsecombo,positive,1,Gilit Mesopotamian Arabic,converged,converged,1.0183203203579707,horse
East and southeast asian,group,halh1238,noun,1,raincombo,positive,1,Halh Mongolian,converged,converged,1.0122641648122013,"rain, rainfall, rainwater"
Oceanic,group,toab1237,noun,1,windcombo,positive,1,To'abaita,converged,converged,1.0121604263369233,wind
Australian languages,group,ngan1295,noun,1,eelscombo,positive,1,Ngandi,converged,converged,1.0076583619832673,eel
East and southeast asian,group,lund1271,noun,1,windcombo,positive,1,Lundayeh,converged,converged,1.0017204422339845,wind
Papua New Guinea,group,mail1248,noun,0,birdcombo,positive,1,Mailu,converged,converged,1.0007094877518854,bird
Australian languages,group,adny1235,noun,1,starscombo,positive,1,Adnyamathanha,converged,converged,0.9780426357489405,star
Australian languages,group,mart1256,noun,1,starscombo,positive,1,Martu Wangka,converged,converged,0.9771136621708376,star
Southeast asian,group,kach1280,"noun, adjective, verb",0,emotioncombo,positive,1,Southern Jinghpaw,converged,converged,0.946270225938588,"anger, anxiety, envy, fear, gloomy, grief, happy, hate, hope, joy, love, pity, proud, regret, sad, shame, surprised, worry, merry, desire, good, like, bad, want, happiness"
East and southeast asian,group,minn1241,noun,0,weathercombo,positive,1,Min Nan Chinese,converged,converged,0.9415092652734834,"weather, climate, thunder, lightning, wind, cloud, mist, precipitation, dew, rain, hail, snow, rainbow"
East and southeast asian,group,minn1241,noun,0,fishcombo,positive,1,Min Nan Chinese,converged,converged,0.9350914102730317,fish
Thai,group,thai1261,noun,1,smellcombo,positive,1,Thai,converged,converged,0.9334124922098126,"smell, odor, odour, aroma, scent, smelling"
Southeast asian,group,hmon1333,"noun, adjective, verb",0,emotioncombo,positive,1,Hmong Daw,converged,converged,0.9271882672441718,"anger, anxiety, envy, fear, gloomy, grief, happy, hate, hope, joy, love, pity, proud, regret, sad, shame, surprised, worry, merry, desire, good, like, bad, want, happiness"
Asian,group,chan1313,noun,1,ricecombo,positive,1,Chang Naga,converged,converged,0.9268696036979805,rice
East and southeast asian,group,chan1313,noun,1,ricecombo,positive,1,Chang Naga,converged,converged,0.9268696036979805,rice
Oceanic languages,group,siee1239,"noun, verb",0,buildingcombo,positive,1,Sie,converged,converged,0.9182052680537248,"build, construct, building, construction, dwelling, house"
Australian languages,group,bayu1240,noun,1,eelscombo,positive,1,Bayungu,converged,converged,0.9095688874869783,eel
East and southeast asian,group,cebu1242,noun,1,windcombo,positive,1,Cebuano,converged,converged,0.90510255368655,wind
East and southeast asian,group,stan1306,noun,0,weathercombo,positive,1,Standard Malay,converged,converged,0.905009947849239,"weather, climate, thunder, lightning, wind, cloud, mist, precipitation, dew, rain, hail, snow, rainbow"
East and southeast asian,group,akha1245,noun,1,raincombo,positive,1,Akha,converged,converged,0.9023130282438107,"rain, rainfall, rainwater"
Iraqw,single,iraq1241,noun,1,togethernesscombo,positive,1,Iraqw,converged,converged,0.8948189442902016,togetherness
East and southeast asian,group,mind1253,noun,0,fishcombo,positive,1,Min Dong Chinese,converged,converged,0.8896461906458645,fish
Australian languages,group,wari1262,noun,1,chrysaliscombo,positive,1,Wariyangga,converged,converged,0.8695185283275374,chrysalis
East and southeast asian,group,ilok1237,noun,0,weathercombo,positive,1,Iloko,converged,converged,0.8634525869241556,"weather, climate, thunder, lightning, wind, cloud, mist, precipitation, dew, rain, hail, snow, rainbow"
Australian languages,group,wand1263,noun,1,chrysaliscombo,positive,1,Wandarang,converged,converged,0.8603659010716047,chrysalis
Southeast asian,group,muna1247,"noun, adjective, verb",0,emotioncombo,positive,1,Muna,converged,converged,0.8600657244806769,"anger, anxiety, envy, fear, gloomy, grief, happy, hate, hope, joy, love, pity, proud, regret, sad, shame, surprised, worry, merry, desire, good, like, bad, want, happiness"
Australian languages,group,djiw1241,noun,1,eelscombo,positive,1,Djiwarli,converged,converged,0.8551648417122929,eel
Oceanic languages,group,chuu1238,"noun, verb",0,buildingcombo,positive,1,Chuukese,converged,converged,0.8536770149961591,"build, construct, building, construction, dwelling, house"
Australian languages,group,dhar1247,noun,1,chrysaliscombo,positive,1,Dhargari,converged,converged,0.852939361927835,chrysalis
Australian languages,group,rita1239,noun,1,sandcombo,positive,1,Ritharrngu,converged,converged,0.8515258923111796,sand
Australian languages,group,ying1247,noun,1,chrysaliscombo,positive,1,Yinggarda,converged,converged,0.8507836638784506,chrysalis
Australian languages,group,wira1265,noun,1,chrysaliscombo,positive,1,Wirangu,converged,converged,0.8462820154326336,chrysalis
Australian languages,group,gami1243,noun,1,chrysaliscombo,positive,1,Yuwaalaraay-Gamilaraay,converged,converged,0.8456697255335708,chrysalis
Australian languages,group,dhal1245,noun,1,chrysaliscombo,positive,1,Dhalandji,converged,converged,0.8351159931960302,chrysalis
Oceanic,group,chek1238,noun,1,windcombo,positive,1,Cheke Holo,converged,converged,0.8335634103879941,wind
Maori,group,raro1241,noun,1,ferncombo,positive,1,Southern Cook Island Maori,converged,converged,0.833554254571777,fern
Asian,group,nort2690,noun,1,ricecombo,positive,1,Northern Uzbek,converged,converged,0.8296772520271406,rice
Oceanic,group,bugh1239,noun,1,windcombo,positive,1,Bughotu,converged,converged,0.8292768020998877,wind
Oceanic,group,yape1248,noun,1,windcombo,positive,1,Yapese,converged,converged,0.8275364480634402,wind
Papua New Guinea,group,sele1250,noun,0,birdcombo,positive,1,Selepet,converged,converged,0.8257741179715674,bird
Australian languages,group,ngan1295,noun,1,chrysaliscombo,positive,1,Ngandi,converged,converged,0.8156237959358915,chrysalis
Polynesian,group,kapi1249,noun,1,bananacombo,positive,1,Kapingamarangi,converged,converged,0.8155441757970394,banana
Australian languages,group,nugu1241,noun,1,chrysaliscombo,positive,1,Nugunu,converged,converged,0.809997293934424,chrysalis
East and southeast asian,group,halh1238,noun,0,fishcombo,positive,1,Halh Mongolian,converged,converged,0.8019206560025408,fish
East and southeast asian,group,hmon1333,noun,0,insectscombo,positive,1,Hmong Daw,converged,converged,0.8016662115315328,insect
East and southeast asian,group,rade1240,noun,0,fishcombo,positive,1,Rade,converged,converged,0.7994560484310959,fish
Southeast asian,group,tbol1240,"noun, adjective, verb",0,emotioncombo,positive,1,Tboli,converged,converged,0.790629032868422,"anger, anxiety, envy, fear, gloomy, grief, happy, hate, hope, joy, love, pity, proud, regret, sad, shame, surprised, worry, merry, desire, good, like, bad, want, happiness"
East and southeast asian,group,casi1235,noun,0,insectscombo,positive,1,Casiguran-Nagtipunan Agta,converged,converged,0.7890151691324814,insect
East and southeast asian,group,pang1290,noun,0,insectscombo,positive,1,Pangasinan,converged,converged,0.7886413524844088,insect
East and southeast asian,group,kach1280,noun,1,raincombo,positive,1,Southern Jinghpaw,converged,converged,0.7827302746010476,"rain, rainfall, rainwater"
East and southeast asian,group,lisu1250,noun,1,windcombo,positive,1,Lisu,converged,converged,0.7815916809022065,wind
Maori,group,raro1241,noun,0,birdcombo,positive,1,Southern Cook Island Maori,converged,converged,0.7779375660121605,bird
East and southeast asian,group,biat1246,noun,0,weathercombo,positive,1,Biatah Bidayuh,converged,converged,0.7769940638591475,"weather, climate, thunder, lightning, wind, cloud, mist, precipitation, dew, rain, hail, snow, rainbow"
East and southeast asian,group,viet1252,noun,0,fishcombo,positive,1,Vietnamese,converged,converged,0.7707414609756003,fish
Oceanic,group,misi1243,noun,1,windcombo,positive,1,Misima-Paneati,converged,converged,0.7673021086181021,wind
European,group,finn1318,noun,0,timecombo,positive,1,Finnish,converged,converged,0.7617404222701347,"time, duration, period, year, season, month, week, hour, minute, second, day, night, dawn, morning, noon, midday, afternoon, evening, clock, chronology, calendar, present, past, future, yesterday, tomorrow"
Oceanic,group,dehu1237,noun,1,windcombo,positive,1,Dehu,converged,converged,0.758747596305681,wind
Oceanic languages,group,maor1246,noun,1,coconutcombo,positive,1,Maori,converged,converged,0.7543125947471716,"coconut, cocoanut"
East and southeast asian,group,bata1298,noun,0,fishcombo,positive,1,Batad Ifugao,converged,converged,0.7525404112775875,fish
Southeast asian,group,cent1989,"noun, adjective, verb",0,emotioncombo,positive,1,Central Khmer,converged,converged,0.7513609336579921,"anger, anxiety, envy, fear, gloomy, grief, happy, hate, hope, joy, love, pity, proud, regret, sad, shame, surprised, worry, merry, desire, good, like, bad, want, happiness"
Australian languages,group,bayu1240,noun,1,chrysaliscombo,positive,1,Bayungu,converged,converged,0.745028964326799,chrysalis
Australian languages,group,rita1239,noun,1,chrysaliscombo,positive,1,Ritharrngu,converged,converged,0.7430941157391874,chrysalis
Papua New Guinea,group,louu1245,noun,0,birdcombo,positive,1,Lou,converged,converged,0.740645164163745,bird
Australian languages,group,ngal1292,noun,1,starscombo,positive,1,Ngalkbun,converged,converged,0.7341389575653741,star
East and southeast asian,group,bali1278,noun,1,raincombo,positive,1,Balinese,converged,converged,0.72934310212361,"rain, rainfall, rainwater"
Australian languages,group,kuku1273,noun,1,sandcombo,positive,1,Kuku-Yalanji,converged,converged,0.7277349502130586,sand
Khmer,group,oldk1249,noun,1,smellcombo,positive,1,Old Khmer,converged,converged,0.72591519721922515,"smell, odor, odour, aroma, scent, smelling"
Arabic,group,meso1252,noun,1,lioncombo,positive,1,Gilit Mesopotamian Arabic,converged,converged,0.717104206275051,lion
East and southeast asian,group,mala1479,noun,0,weathercombo,positive,1,Central Malay,converged,converged,0.7125295380216133,"weather, climate, thunder, lightning, wind, cloud, mist, precipitation, dew, rain, hail, snow, rainbow"
Oceanic languages,group,tahi1242,"noun, verb",0,buildingcombo,positive,1,Tahitian,converged,converged,0.7089414696237845,"build, construct, building, construction, dwelling, house"
Australian languages,group,djiw1241,noun,1,chrysaliscombo,positive,1,Djiwarli,converged,converged,0.70587424314208,chrysalis
East and southeast asian,group,bara1370,noun,1,windcombo,positive,1,Baram Kayan,converged,converged,0.7034602572159301,wind
East and southeast asian,group,lari1255,noun,1,raincombo,positive,1,Larike-Wakasihu,converged,converged,0.7016819103663262,"rain, rainfall, rainwater"
Australian languages,group,adny1235,noun,1,chrysaliscombo,positive,1,Adnyamathanha,converged,converged,0.6999506708002319,chrysalis
East and southeast asian,group,hmon1333,noun,1,windcombo,positive,1,Hmong Daw,converged,converged,0.6963389910842416,wind
Arabic,group,suda1236,noun,1,camelcombo,positive,1,Sudanese Arabic,converged,converged,0.6932981790512476,camel
Asian,group,oriy1255,noun,1,ricecombo,positive,1,Odia,converged,converged,0.6931553152696571,rice
Asian,group,kati1270,noun,1,ricecombo,positive,1,Katë,converged,converged,0.6925108440526202,rice
East and southeast asian,group,uigh1240,noun,1,windcombo,positive,1,Uighur,converged,converged,0.6897790574594762,wind
Zapotec,group,isth1244,noun,1,smellcombo,positive,1,Isthmus Zapotec,converged,converged,0.688793223632484,"smell, odor, odour, aroma, scent, smelling"
East and southeast asian,group,kach1280,noun,0,weathercombo,positive,1,Southern Jinghpaw,converged,converged,0.6863825754628423,"weather, climate, thunder, lightning, wind, cloud, mist, precipitation, dew, rain, hail, snow, rainbow"
East and southeast asian,group,stan1306,noun,1,raincombo,positive,1,Standard Malay,converged,converged,0.686071861997201,"rain, rainfall, rainwater"
Oceanic languages,group,suau1242,noun,1,coconutcombo,positive,1,Suau,converged,converged,0.6832391419891651,"coconut, cocoanut"
Southeast asian,group,viet1252,"noun, adjective, verb",0,emotioncombo,positive,1,Vietnamese,converged,converged,0.6824054965869844,"anger, anxiety, envy, fear, gloomy, grief, happy, hate, hope, joy, love, pity, proud, regret, sad, shame, surprised, worry, merry, desire, good, like, bad, want, happiness"
Southeast asian,group,shan1277,"noun, adjective, verb",0,emotioncombo,positive,1,Shan,converged,converged,0.6749963756464821,"anger, anxiety, envy, fear, gloomy, grief, happy, hate, hope, joy, love, pity, proud, regret, sad, shame, surprised, worry, merry, desire, good, like, bad, want, happiness"
Asian,group,meso1252,noun,1,ricecombo,positive,1,Gilit Mesopotamian Arabic,converged,converged,0.6746387048513023,rice
East and southeast asian,group,hmon1333,noun,1,raincombo,positive,1,Hmong Daw,converged,converged,0.6730026344019345,"rain, rainfall, rainwater"
East and southeast asian,group,kore1280,noun,1,raincombo,positive,1,Korean,converged,converged,0.6669560604411399,"rain, rainfall, rainwater"
Australian languages,group,djin1253,noun,1,eelscombo,positive,1,Djinang,converged,converged,0.6641783041244093,eel
Oceanic,group,wole1240,noun,1,windcombo,positive,1,Woleaian,converged,converged,0.6589212673682375,wind
Arabic,group,sana1295,noun,1,lioncombo,positive,1,Sanaani Arabic,converged,converged,0.6540780088315779,lion
Oceanic languages,group,pulu1242,"noun, verb",0,gardeningcombo,positive,1,Puluwatese,converged,converged,0.6535173884611798,"garden, gardening, gardener, floriculture"
Papua New Guinea,group,mali1284,noun,0,birdcombo,positive,1,Mali,converged,converged,0.6501416479524547,bird
Oceanic languages,group,tang1348,"noun, verb",0,buildingcombo,positive,1,Tangga,converged,converged,0.6469383761974323,"build, construct, building, construction, dwelling, house"
East and southeast asian,group,nung1283,noun,0,weathercombo,positive,1,Nung,converged,converged,0.6422448377728008,"weather, climate, thunder, lightning, wind, cloud, mist, precipitation, dew, rain, hail, snow, rainbow"
East and southeast asian,group,viet1252,noun,1,raincombo,positive,1,Vietnamese,converged,converged,0.6411322019236183,"rain, rainfall, rainwater"
East and southeast asian,group,mara1382,noun,0,weathercombo,positive,1,Mara Chin,converged,converged,0.6386483607271358,"weather, climate, thunder, lightning, wind, cloud, mist, precipitation, dew, rain, hail, snow, rainbow"
East and southeast asian,group,taga1270,noun,0,fishcombo,positive,1,Tagalog,converged,converged,0.6363828526713009,fish
Asian,group,jeha1242,noun,1,ricecombo,positive,1,Jehai,converged,converged,0.6283005024747516,rice
East and southeast asian,group,jeha1242,noun,1,ricecombo,positive,1,Jehai,converged,converged,0.6283005024747516,rice
Australian languages,group,west2443,noun,1,chrysaliscombo,positive,1,Western Victoria,converged,converged,0.6227973146669564,chrysalis
Southeast asian,group,cent2087,"noun, adjective, verb",0,emotioncombo,positive,1,Coastal-Naga Bikol,converged,converged,0.6189676158991115,"anger, anxiety, envy, fear, gloomy, grief, happy, hate, hope, joy, love, pity, proud, regret, sad, shame, surprised, worry, merry, desire, good, like, bad, want, happiness"
East and southeast asian,group,yuec1235,noun,0,fishcombo,positive,1,Yue Chinese,converged,converged,0.5940680743725066,fish
Venda,single,vend1245,noun,0,treecombo,positive,1,Venda,converged,converged,0.589853543509318,tree
Southeast asian,group,magu1243,"noun, adjective, verb",0,emotioncombo,positive,1,Maguindanao,converged,converged,0.5767159147990519,"anger, anxiety, envy, fear, gloomy, grief, happy, hate, hope, joy, love, pity, proud, regret, sad, shame, surprised, worry, merry, desire, good, like, bad, want, happiness"
East and southeast asian,group,biat1246,noun,1,windcombo,positive,1,Biatah Bidayuh,converged,converged,0.5758850487899815,wind
East and southeast asian,group,sund1252,noun,1,windcombo,positive,1,Sundanese,converged,converged,0.5725499461436158,wind
Australian languages,group,djin1253,noun,1,chrysaliscombo,positive,1,Djinang,converged,converged,0.5684195934630015,chrysalis
Oceanic,group,siee1239,noun,1,windcombo,positive,1,Sie,converged,converged,0.559896812410076,wind
East and southeast asian,group,shan1277,noun,1,raincombo,positive,1,Shan,converged,converged,0.5560123798134111,"rain, rainfall, rainwater"
Australian languages,group,yand1253,noun,1,chrysaliscombo,positive,1,Yandruwandha,converged,converged,0.555066448784606,chrysalis
East and southeast asian,group,wara1300,noun,1,windcombo,positive,1,Waray,converged,converged,0.5516730994514885,wind
East and southeast asian,group,mara1404,noun,1,windcombo,positive,1,Maranao,converged,converged,0.551468258896482,wind
East and southeast asian,group,bara1370,noun,0,weathercombo,positive,1,Baram Kayan,converged,converged,0.5468127389933305,"weather, climate, thunder, lightning, wind, cloud, mist, precipitation, dew, rain, hail, snow, rainbow"
East and southeast asian,group,sgaw1245,noun,0,weathercombo,positive,1,S'gaw Karen,converged,converged,0.5454649814845056,"weather, climate, thunder, lightning, wind, cloud, mist, precipitation, dew, rain, hail, snow, rainbow"
East and southeast asian,group,uigh1240,noun,1,raincombo,positive,1,Uighur,converged,converged,0.5453836993021893,"rain, rainfall, rainwater"
European,group,bret1244,noun,0,timecombo,positive,1,Breton,converged,converged,0.5435763688461517,"time, duration, period, year, season, month, week, hour, minute, second, day, night, dawn, morning, noon, midday, afternoon, evening, clock, chronology, calendar, present, past, future, yesterday, tomorrow"
Malay,group,mala1479,noun,1,ricecombo,positive,1,Central Malay,converged,converged,0.5426693017180867,rice
Asian,group,mala1479,noun,1,ricecombo,positive,1,Central Malay,converged,converged,0.5426693017180867,rice
East and southeast asian,group,mala1479,noun,1,ricecombo,positive,1,Central Malay,converged,converged,0.5426693017180867,rice
Malay,group,stan1306,"noun, adjective, verb",0,emotioncombo,positive,1,Standard Malay,converged,converged,0.5423318265194749,"anger, anxiety, envy, fear, gloomy, grief, happy, hate, hope, joy, love, pity, proud, regret, sad, shame, surprised, worry, merry, desire, good, like, bad, want, happiness"
Southeast asian,group,stan1306,"noun, adjective, verb",0,emotioncombo,positive,1,Standard Malay,converged,converged,0.5423318265194749,"anger, anxiety, envy, fear, gloomy, grief, happy, hate, hope, joy, love, pity, proud, regret, sad, shame, surprised, worry, merry, desire, good, like, bad, want, happiness"
Arabic,group,chad1249,noun,1,honeycombo,positive,1,Chadian Arabic,converged,converged,0.5400564214901428,honey
Oceanic,group,sout2856,noun,1,windcombo,positive,1,Nafsan,converged,converged,0.53895497442589535,wind
Oceanic languages,group,caro1242,"noun, verb",0,buildingcombo,positive,1,Carolinian,converged,converged,0.5347859821633246,"build, construct, building, construction, dwelling, house"
Australian languages,group,yiry1245,noun,1,eelscombo,positive,1,Yir-Yoront,converged,converged,0.5345865609782159,eel
East and southeast asian,group,bata1298,noun,0,weathercombo,positive,1,Batad Ifugao,converged,converged,0.5332189242151225,"weather, climate, thunder, lightning, wind, cloud, mist, precipitation, dew, rain, hail, snow, rainbow"
Arabic,group,suda1236,noun,1,honeycombo,positive,1,Sudanese Arabic,converged,converged,0.5322787920817337,honey
German,group,penn1240,noun,1,beercombo,positive,1,Pennsylvania German,converged,converged,0.5285641422888319,beer
Australian languages,group,muru1266,noun,1,sandcombo,positive,1,Muruwari,converged,converged,0.5275571504498486,sand
East and southeast asian,group,nung1283,noun,1,windcombo,positive,1,Nung,converged,converged,0.5238044982349828,wind
East and southeast asian,group,wuch1236,noun,0,weathercombo,positive,1,Wu Chinese,converged,converged,0.5137263207955636,"weather, climate, thunder, lightning, wind, cloud, mist, precipitation, dew, rain, hail, snow, rainbow"
East and southeast asian,group,wuch1236,noun,0,fishcombo,positive,1,Wu Chinese,converged,converged,0.5108119944279649,fish
Australian languages,group,kuku1273,noun,1,chrysaliscombo,positive,1,Kuku-Yalanji,converged,converged,0.5105644668281284,chrysalis
Arabic,group,meso1252,noun,1,camelcombo,positive,1,Gilit Mesopotamian Arabic,converged,converged,0.5060193659638179,camel
East and southeast asian,group,mala1533,noun,1,raincombo,positive,1,Malacca-Batavia Portuguese Creole,converged,converged,0.5007705394190981,"rain, rainfall, rainwater"
East and southeast asian,group,lisu1250,noun,1,raincombo,positive,1,Lisu,converged,converged,0.49909529234909406,"rain, rainfall, rainwater"
East and southeast asian,group,casi1235,noun,0,weathercombo,positive,1,Casiguran-Nagtipunan Agta,converged,converged,0.4981649592389111,"weather, climate, thunder, lightning, wind, cloud, mist, precipitation, dew, rain, hail, snow, rainbow"
Oceanic languages,group,daka1243,"noun, verb",0,gardeningcombo,positive,1,Dakaka,converged,converged,0.49814276002904984,"garden, gardening, gardener, floriculture"
Australian languages,group,thay1249,noun,1,chrysaliscombo,positive,1,Thayore,converged,converged,0.48729014077635524,chrysalis
Australian languages,group,mart1256,noun,1,chrysaliscombo,positive,1,Martu Wangka,converged,converged,0.47511449958577356,chrysalis
European,group,manx1243,noun,0,timecombo,positive,1,Manx,converged,converged,0.47300935758023166,"time, duration, period, year, season, month, week, hour, minute, second, day, night, dawn, morning, noon, midday, afternoon, evening, clock, chronology, calendar, present, past, future, yesterday, tomorrow"
Oceanic languages,group,toke1240,"noun, verb",0,gardeningcombo,positive,1,Tokelau,converged,converged,0.47146798253994676,"garden, gardening, gardener, floriculture"
East and southeast asian,group,lisu1250,noun,0,fishcombo,positive,1,Lisu,converged,converged,0.46476456865929533,fish
Australian languages,group,djin1251,noun,1,chrysaliscombo,positive,1,Jingulu,converged,converged,0.46037830981057465,chrysalis
East and southeast asian,group,viet1252,noun,1,windcombo,positive,1,Vietnamese,converged,converged,0.45399513245966516,wind
East and southeast asian,group,monn1252,noun,1,windcombo,positive,1,Mon,converged,converged,0.4400373876973735,wind
Oceanic languages,group,raro1241,"noun, verb",0,gardeningcombo,positive,1,Southern Cook Island Maori,converged,converged,0.4360936867091562,"garden, gardening, gardener, floriculture"
Australian languages,group,wand1263,noun,1,eelscombo,positive,1,Wandarang,converged,converged,0.4326518342716174,eel
Oceanic languages,group,ayiw1239,"noun, verb",0,buildingcombo,positive,1,Äiwoo,converged,converged,0.4317425730883341,"build, construct, building, construction, dwelling, house"
Polynesian,group,tuam1242,noun,1,bananacombo,positive,1,Tuamotuan,converged,converged,0.4114425326746055,banana
East and southeast asian,group,sema1266,noun,1,raincombo,positive,1,Semai,converged,converged,0.40720219857127155,"rain, rainfall, rainwater"
Oceanic languages,group,maor1246,"noun, verb",0,gardeningcombo,positive,1,Maori,converged,converged,0.4041526519391457,"garden, gardening, gardener, floriculture"
European,group,latv1249,noun,0,timecombo,positive,1,Latvian,converged,converged,0.3962334489457405,"time, duration, period, year, season, month, week, hour, minute, second, day, night, dawn, morning, noon, midday, afternoon, evening, clock, chronology, calendar, present, past, future, yesterday, tomorrow"
Asian,group,west2369,noun,1,ricecombo,positive,1,Western Farsi,converged,converged,0.3920711078520172,rice
Australian languages,group,twee1234,noun,1,chrysaliscombo,positive,1,Tweed-Albert,converged,converged,0.39205973305707587,chrysalis
Oceanic,group,moki1238,noun,1,windcombo,positive,1,Mokilese,converged,converged,0.38008186241263225,wind
Oceanic,group,kwai1243,noun,1,windcombo,positive,1,Kwaio,converged,converged,0.3700587629333597,wind
East and southeast asian,group,wuch1236,noun,1,raincombo,positive,1,Wu Chinese,converged,converged,0.3692196830222206,"rain, rainfall, rainwater"
East and southeast asian,group,lund1271,noun,0,weathercombo,positive,1,Lundayeh,converged,converged,0.3665615394550172,"weather, climate, thunder, lightning, wind, cloud, mist, precipitation, dew, rain, hail, snow, rainbow"
Australian languages,group,wikm1247,noun,1,eelscombo,positive,1,Wik-Mungkan,converged,converged,0.36447321969025026,eel
East and southeast asian,group,hmon1264,noun,0,weathercombo,positive,1,Hmong Njua,converged,converged,0.3561351747465291,"weather, climate, thunder, lightning, wind, cloud, mist, precipitation, dew, rain, hail, snow, rainbow"
Australian languages,group,adny1235,noun,1,sandcombo,positive,1,Adnyamathanha,converged,converged,0.3550073566826394,sand
Oceanic,group,sina1266,noun,1,windcombo,positive,1,Sinaugoro,converged,converged,0.3538756268612038,wind
Arabic,group,sana1295,noun,1,swordcombo,positive,1,Sanaani Arabic,converged,converged,0.3475633818584424,sword
Australian languages,group,nung1290,noun,1,chrysaliscombo,positive,1,Wubuy,converged,converged,0.3466615079959138,chrysalis
Khmer,group,cent1989,noun,1,smellcombo,positive,1,Central Khmer,converged,converged,0.3419622335086488,"smell, odor, odour, aroma, scent, smelling"
Australian languages,group,nung1290,noun,1,eelscombo,positive,1,Wubuy,converged,converged,0.3419145274307749,eel
Hausa,single,haus1257,noun,0,timeofdaycombo,positive,1,Hausa,converged,converged,0.31739743806326276,"day, dawn, morning, noon, midday, afternoon, evening"
Oceanic,group,pohn1238,noun,1,windcombo,positive,1,Pohnpeian,converged,converged,0.316579273449796,wind
Australian languages,group,kuku1273,noun,1,emuscombo,positive,1,Kuku-Yalanji,converged,converged,0.3138409820451281,emu
East and southeast asian,group,hmon1333,noun,0,weathercombo,positive,1,Hmong Daw,converged,converged,0.31271759590822756,"weather, climate, thunder, lightning, wind, cloud, mist, precipitation, dew, rain, hail, snow, rainbow"
East and southeast asian,group,wuch1236,noun,0,insectscombo,positive,1,Wu Chinese,converged,converged,0.3014441004619,insect
East and southeast asian,group,taus1251,noun,1,windcombo,positive,1,Tausug,converged,converged,0.29942000332984864,wind
Oceanic languages,group,taku1257,"noun, verb",0,buildingcombo,positive,1,Takuu,converged,converged,0.29846845603700817,"build, construct, building, construction, dwelling, house"
Arabic,group,chad1249,noun,1,swordcombo,positive,1,Chadian Arabic,converged,converged,0.2940400964647402,sword
Asian,group,cent1972,noun,1,ricecombo,positive,1,Central Kurdish,converged,converged,0.29270817837005453,rice
Australian languages,group,rita1239,noun,1,eelscombo,positive,1,Ritharrngu,converged,converged,0.29082770364024313,eel
Asian,group,lada1244,noun,1,ricecombo,positive,1,Leh Ladakhi,converged,converged,0.28924967718042083,rice
Southeast asian,group,iban1264,"noun, adjective, verb",0,emotioncombo,positive,1,Iban,converged,converged,0.28100056590410877,"anger, anxiety, envy, fear, gloomy, grief, happy, hate, hope, joy, love, pity, proud, regret, sad, shame, surprised, worry, merry, desire, good, like, bad, want, happiness"
East and southeast asian,group,uigh1240,noun,0,weathercombo,positive,1,Uighur,converged,converged,0.2720237320566461,"weather, climate, thunder, lightning, wind, cloud, mist, precipitation, dew, rain, hail, snow, rainbow"
East and southeast asian,group,halh1238,noun,0,insectscombo,positive,1,Halh Mongolian,converged,converged,0.26798226000152275,insect
East and southeast asian,group,sund1252,noun,0,weathercombo,positive,1,Sundanese,converged,converged,0.2679240079646473,"weather, climate, thunder, lightning, wind, cloud, mist, precipitation, dew, rain, hail, snow, rainbow"
Oceanic languages,group,rotu1241,"noun, verb",0,buildingcombo,positive,1,Rotuman,converged,converged,0.2585632694744951,"build, construct, building, construction, dwelling, house"
East and southeast asian,group,shan1277,noun,0,weathercombo,positive,1,Shan,converged,converged,0.24680534904143622,"weather, climate, thunder, lightning, wind, cloud, mist, precipitation, dew, rain, hail, snow, rainbow"
Arabic,group,egyp1253,noun,1,horsecombo,positive,1,Egyptian Arabic,converged,converged,0.2414591967401081,horse
Arabic,group,jude1267,noun,1,smellcombo,positive,1,Judeo-Yemeni Arabic,converged,converged,0.24120211730983424,"smell, odor, odour, aroma, scent, smelling"
East and southeast asian,group,magu1243,noun,1,raincombo,positive,1,Maguindanao,converged,converged,0.23203467519940407,"rain, rainfall, rainwater"
Australian languages,group,pint1250,noun,1,starscombo,positive,1,Pintupi-Luritja,converged,converged,0.22583762227876136,star
East and southeast asian,group,muna1247,noun,0,insectscombo,positive,1,Muna,converged,converged,0.21987238973140893,insect
East and southeast asian,group,taus1251,noun,0,insectscombo,positive,1,Tausug,converged,converged,0.2168934690372851,insect
European,group,icel1247,noun,0,timecombo,positive,1,Icelandic,converged,converged,0.2117242565695212,"time, duration, period, year, season, month, week, hour, minute, second, day, night, dawn, morning, noon, midday, afternoon, evening, clock, chronology, calendar, present, past, future, yesterday, tomorrow"
Arabic,group,jude1267,noun,1,snakecombo,positive,1,Judeo-Yemeni Arabic,converged,converged,0.20736433721430134,"snake, serpent, ophidian"
Australian languages,group,west2443,noun,1,sandcombo,positive,1,Western Victoria,converged,converged,0.20450354085593922,sand
Australian languages,group,bard1255,noun,1,chrysaliscombo,positive,1,Bardi,converged,converged,0.1983839331095424,chrysalis
Arabic,group,jude1267,noun,1,lioncombo,positive,1,Judeo-Yemeni Arabic,converged,converged,0.17620984285236457,lion
Australian languages,group,dhal1245,noun,1,sandcombo,positive,1,Dhalandji,converged,converged,0.16708673712773553,sand
East and southeast asian,group,yuec1235,noun,1,windcombo,positive,1,Yue Chinese,converged,converged,0.1651623097038257,wind
East and southeast asian,group,wers1238,noun,0,fishcombo,positive,1,Wersing,converged,converged,0.16368598063234438,fish
Australian languages,group,wikm1247,noun,1,starscombo,positive,1,Wik-Mungkan,converged,converged,0.16070980649731129,star
Australian languages,group,ngal1292,noun,1,eelscombo,positive,1,Ngalkbun,converged,converged,0.1561766359127774,eel
East and southeast asian,group,magu1243,noun,0,weathercombo,positive,1,Maguindanao,converged,converged,0.15213507719586306,"weather, climate, thunder, lightning, wind, cloud, mist, precipitation, dew, rain, hail, snow, rainbow"
Oceanic languages,group,tuva1244,"noun, verb",0,buildingcombo,positive,1,Tuvalu,converged,converged,0.14835658755792347,"build, construct, building, construction, dwelling, house"
East and southeast asian,group,hmon1333,noun,0,fishcombo,positive,1,Hmong Daw,converged,converged,0.14177389259206025,fish
Australian languages,group,nugu1241,noun,1,sandcombo,positive,1,Nugunu,converged,converged,0.12215343340742692,sand
Oceanic languages,group,tong1325,"noun, verb",0,buildingcombo,positive,1,Tonga,converged,converged,0.11875565465510127,"build, construct, building, construction, dwelling, house"
Australian languages,group,tiwi1244,noun,1,chrysaliscombo,positive,1,Tiwi,converged,converged,0.11521417732356848,chrysalis
Australian languages,group,warl1254,noun,1,chrysaliscombo,positive,1,Warlpiri,converged,converged,0.10856596401479902,chrysalis
Arabic,group,jude1267,noun,1,horsecombo,positive,1,Judeo-Yemeni Arabic,converged,converged,0.10773976358215964,horse
East and southeast asian,group,java1254,noun,0,insectscombo,positive,1,Javanese,converged,converged,0.09846580789943087,insect
Oceanic languages,group,malo1243,"noun, verb",0,gardeningcombo,positive,1,Tamambo,converged,converged,0.09385221880897321,"garden, gardening, gardener, floriculture"
East and southeast asian,group,tbol1240,noun,1,windcombo,positive,1,Tboli,converged,converged,0.09310177335692556,wind
Australian languages,group,yank1247,noun,1,starscombo,positive,1,Yankunytjatjara,converged,converged,0.07923837252795671,star
Venda,single,vend1245,noun,1,rockcombo,positive,1,Venda,converged,converged,0.07345578147311083,"rock, stone"
East and southeast asian,group,besi1244,noun,0,weathercombo,positive,1,Besisi,converged,converged,0.061731704063344224,"weather, climate, thunder, lightning, wind, cloud, mist, precipitation, dew, rain, hail, snow, rainbow"
East and southeast asian,group,wuch1236,noun,1,windcombo,positive,1,Wu Chinese,converged,converged,0.05025509860211008,wind
East and southeast asian,group,cent1989,noun,0,weathercombo,positive,1,Central Khmer,converged,converged,0.04971059632178092,"weather, climate, thunder, lightning, wind, cloud, mist, precipitation, dew, rain, hail, snow, rainbow"
Malay,group,mala1479,"noun, adjective, verb",0,emotioncombo,positive,1,Central Malay,converged,converged,0.040141994301080154,"anger, anxiety, envy, fear, gloomy, grief, happy, hate, hope, joy, love, pity, proud, regret, sad, shame, surprised, worry, merry, desire, good, like, bad, want, happiness"
Southeast asian,group,mala1479,"noun, adjective, verb",0,emotioncombo,positive,1,Central Malay,converged,converged,0.040141994301080154,"anger, anxiety, envy, fear, gloomy, grief, happy, hate, hope, joy, love, pity, proud, regret, sad, shame, surprised, worry, merry, desire, good, like, bad, want, happiness"
Australian languages,group,tiwi1244,noun,1,eelscombo,positive,1,Tiwi,converged,converged,0.034487458527350856,eel
Oceanic languages,group,raro1241,"noun, verb",0,buildingcombo,positive,1,Southern Cook Island Maori,converged,converged,0.03008282428118054,"build, construct, building, construction, dwelling, house"
European,group,ukra1253,noun,0,timecombo,positive,1,Ukrainian,converged,converged,0.02973852999476832,"time, duration, period, year, season, month, week, hour, minute, second, day, night, dawn, morning, noon, midday, afternoon, evening, clock, chronology, calendar, present, past, future, yesterday, tomorrow"
Oceanic languages,group,wamp1247,"noun, verb",0,buildingcombo,positive,1,Wampar,converged,converged,0.026656485495766054,"build, construct, building, construction, dwelling, house"
East and southeast asian,group,wers1238,noun,1,raincombo,positive,1,Wersing,converged,converged,0.023556129450761465,"rain, rainfall, rainwater"
Australian languages,group,ying1247,noun,1,starscombo,positive,1,Yinggarda,converged,converged,0.0216175536763791,star
Oceanic languages,group,yabe1254,"noun, verb",0,buildingcombo,positive,1,Yabem,converged,converged,0.012900653410616254,"build, construct, building, construction, dwelling, house"
East and southeast asian,group,kore1280,noun,0,weathercombo,positive,1,Korean,converged,converged,0.012824575553065156,"weather, climate, thunder, lightning, wind, cloud, mist, precipitation, dew, rain, hail, snow, rainbow"
East and southeast asian,group,bata1298,noun,1,windcombo,positive,1,Batad Ifugao,converged,converged,0.011983869889509778,wind
Portuguese,group,braz1246,noun,1,horsecombo,positive,1,Brazilian Portuguese,converged,converged,0.008536183285933622,horse
Oceanic languages,group,yape1248,"noun, verb",0,gardeningcombo,positive,1,Yapese,converged,converged,0.007777989178883095,"garden, gardening, gardener, floriculture"
Papua New Guinea,group,teop1238,noun,0,birdcombo,positive,1,Teop,converged,converged,0.005918615565442678,bird
Australian languages,group,mudb1240,noun,1,starscombo,positive,1,Mudburra,converged,converged,0.00435918686520069,star
East and southeast asian,group,monn1252,noun,0,weathercombo,positive,1,Mon,converged,converged,0.0027876537765649245,"weather, climate, thunder, lightning, wind, cloud, mist, precipitation, dew, rain, hail, snow, rainbow"
East and southeast asian,group,nucl1310,noun,1,windcombo,positive,1,Burmese,converged,converged,-0.0010496759034345972,wind
Southeast asian,group,sema1266,"noun, adjective, verb",0,emotioncombo,positive,1,Semai,converged,converged,-0.004296016250646249,"anger, anxiety, envy, fear, gloomy, grief, happy, hate, hope, joy, love, pity, proud, regret, sad, shame, surprised, worry, merry, desire, good, like, bad, want, happiness"
European,group,east2295,noun,0,timecombo,positive,1,Eastern Yiddish,converged,converged,-0.004482830551840653,"time, duration, period, year, season, month, week, hour, minute, second, day, night, dawn, morning, noon, midday, afternoon, evening, clock, chronology, calendar, present, past, future, yesterday, tomorrow"
Oceanic languages,group,mars1254,"noun, verb",0,buildingcombo,positive,1,Marshallese,converged,converged,-0.007805661686790045,"build, construct, building, construction, dwelling, house"
East and southeast asian,group,urak1238,noun,1,raincombo,positive,1,Urak Lawoi',converged,converged,-0.010669625300173085,"rain, rainfall, rainwater"
Oceanic,group,tuva1244,noun,1,windcombo,positive,1,Tuvalu,converged,converged,-0.014149084418404661,wind
Oceanic languages,group,tuam1242,"noun, verb",0,buildingcombo,positive,1,Tuamotuan,converged,converged,-0.02109628020139801,"build, construct, building, construction, dwelling, house"
Southeast asian,group,nucl1310,"noun, adjective, verb",0,emotioncombo,positive,1,Burmese,converged,converged,-0.02146628477696537,"anger, anxiety, envy, fear, gloomy, grief, happy, hate, hope, joy, love, pity, proud, regret, sad, shame, surprised, worry, merry, desire, good, like, bad, want, happiness"
Australian languages,group,thay1249,noun,1,starscombo,positive,1,Thayore,converged,converged,-0.02376790181263994,star
East and southeast asian,group,mala1533,noun,1,windcombo,positive,1,Malacca-Batavia Portuguese Creole,converged,converged,-0.030185907350889343,wind
Oceanic,group,tali1259,noun,1,windcombo,positive,1,Talise,converged,converged,-0.03323625876285769,wind
Australian languages,group,mart1256,noun,1,eelscombo,positive,1,Martu Wangka,converged,converged,-0.03325156158153206,eel
Oceanic languages,group,sout2856,"noun, verb",0,buildingcombo,positive,1,Nafsan,converged,converged,-0.03695887637015307,"build, construct, building, construction, dwelling, house"
East and southeast asian,group,urak1238,noun,0,insectscombo,positive,1,Urak Lawoi',converged,converged,-0.040471726611063304,insect
Oceanic,group,caro1242,noun,1,windcombo,positive,1,Carolinian,converged,converged,-0.04441190069499358,wind
Australian languages,group,tiwi1244,noun,1,emuscombo,positive,1,Tiwi,converged,converged,-0.04442843782779459,emu
Australian languages,group,tiwi1244,noun,1,starscombo,positive,1,Tiwi,converged,converged,-0.05188009079549836,star
East and southeast asian,group,tibe1272,noun,0,insectscombo,positive,1,Tibetan,converged,converged,-0.05503520245225115,insect
Oceanic languages,group,yape1248,"noun, verb",0,buildingcombo,positive,1,Yapese,converged,converged,-0.05710890127442846,"build, construct, building, construction, dwelling, house"
Southeast asian,group,mara1404,"noun, adjective, verb",0,emotioncombo,positive,1,Maranao,converged,converged,-0.06228736027898298,"anger, anxiety, envy, fear, gloomy, grief, happy, hate, hope, joy, love, pity, proud, regret, sad, shame, surprised, worry, merry, desire, good, like, bad, want, happiness"
Jehai,single,jeha1242,noun,1,smellcombo,positive,1,Jehai,converged,converged,-0.0642942835006569,"smell, odor, odour, aroma, scent, smelling"
East and southeast asian,group,cent1989,noun,1,raincombo,positive,1,Central Khmer,converged,converged,-0.06669525115868462,"rain, rainfall, rainwater"
East and southeast asian,group,mala1533,noun,0,weathercombo,positive,1,Malacca-Batavia Portuguese Creole,converged,converged,-0.06890254111575518,"weather, climate, thunder, lightning, wind, cloud, mist, precipitation, dew, rain, hail, snow, rainbow"
East and southeast asian,group,mara1382,noun,1,windcombo,positive,1,Mara Chin,converged,converged,-0.0881565223805544,wind
Oceanic languages,group,pohn1238,"noun, verb",0,gardeningcombo,positive,1,Pohnpeian,converged,converged,-0.08866892337713149,"garden, gardening, gardener, floriculture"
Southeast asian,group,chan1313,"noun, adjective, verb",0,emotioncombo,positive,1,Chang Naga,converged,converged,-0.09653975040926961,"anger, anxiety, envy, fear, gloomy, grief, happy, hate, hope, joy, love, pity, proud, regret, sad, shame, surprised, worry, merry, desire, good, like, bad, want, happiness"
Australian languages,group,ngal1292,noun,1,chrysaliscombo,positive,1,Ngalkbun,converged,converged,-0.09982142612181127,chrysalis
Oceanic,group,tean1237,noun,1,windcombo,positive,1,Teanu,converged,converged,-0.1008647424963701,wind
Arabic,group,suda1236,noun,1,lioncombo,positive,1,Sudanese Arabic,converged,converged,-0.10365821113274834,lion
Oceanic languages,group,vure1239,"noun, verb",0,buildingcombo,positive,1,Vurës,converged,converged,-0.1061211444848867,"build, construct, building, construction, dwelling, house"
Oceanic languages,group,wole1240,"noun, verb",0,gardeningcombo,positive,1,Woleaian,converged,converged,-0.10984648282106703,"garden, gardening, gardener, floriculture"
East and southeast asian,group,cebu1242,noun,1,raincombo,positive,1,Cebuano,converged,converged,-0.11692196278242835,"rain, rainfall, rainwater"
Russian,single,russ1263,noun,1,friendcombo,positive,1,Russian,converged,converged,-0.13189359711750884,friend
East and southeast asian,group,cent2292,noun,1,windcombo,positive,1,Central Bontoc,converged,converged,-0.15623836642238897,wind
Australian languages,group,djin1253,noun,1,starscombo,positive,1,Djinang,converged,converged,-0.16581561636164863,star
Arabic,group,sana1295,noun,1,snakecombo,positive,1,Sanaani Arabic,converged,converged,-0.17111141598593052,"snake, serpent, ophidian"
East and southeast asian,group,west2555,noun,0,weathercombo,positive,1,Western Bukidnon Manobo,converged,converged,-0.17251579881879375,"weather, climate, thunder, lightning, wind, cloud, mist, precipitation, dew, rain, hail, snow, rainbow"
Oceanic languages,group,sina1266,"noun, verb",0,buildingcombo,positive,1,Sinaugoro,converged,converged,-0.18411507905745672,"build, construct, building, construction, dwelling, house"
Papua New Guinea,group,awap1236,noun,0,birdcombo,positive,1,Awa,converged,converged,-0.19966459400031789,bird
German,group,midd1343,noun,1,beercombo,positive,1,Middle High German,converged,converged,-0.20103475039348692,beer
Australian languages,group,wikm1247,noun,1,chrysaliscombo,positive,1,Wik-Mungkan,converged,converged,-0.20429177595043924,chrysalis
East and southeast asian,group,cent2087,noun,1,raincombo,positive,1,Coastal-Naga Bikol,converged,converged,-0.20906407017177503,"rain, rainfall, rainwater"
East and southeast asian,group,nucl1310,noun,0,fishcombo,positive,1,Burmese,converged,converged,-0.2103973808871988,fish
Arabic,group,egyp1253,noun,1,honeycombo,positive,1,Egyptian Arabic,converged,converged,-0.21438936964827135,honey
Arabic,group,chad1249,noun,1,snakecombo,positive,1,Chadian Arabic,converged,converged,-0.21709527943001286,"snake, serpent, ophidian"
Asian,group,tuvi1240,noun,1,ricecombo,positive,1,Tuvinian,converged,converged,-0.21724280345352542,rice
East and southeast asian,group,tuvi1240,noun,1,ricecombo,positive,1,Tuvinian,converged,converged,-0.21724280345352542,rice
Southeast asian,group,mara1382,"noun, adjective, verb",0,emotioncombo,positive,1,Mara Chin,converged,converged,-0.22036518275502662,"anger, anxiety, envy, fear, gloomy, grief, happy, hate, hope, joy, love, pity, proud, regret, sad, shame, surprised, worry, merry, desire, good, like, bad, want, happiness"
European,group,stan1295,noun,0,timecombo,positive,1,German,converged,converged,-0.22669383780346017,"time, duration, period, year, season, month, week, hour, minute, second, day, night, dawn, morning, noon, midday, afternoon, evening, clock, chronology, calendar, present, past, future, yesterday, tomorrow"
Southeast asian,group,temi1246,"noun, adjective, verb",0,emotioncombo,positive,1,Temiar,converged,converged,-0.2364554509493422,"anger, anxiety, envy, fear, gloomy, grief, happy, hate, hope, joy, love, pity, proud, regret, sad, shame, surprised, worry, merry, desire, good, like, bad, want, happiness"
Asian,group,turk1304,noun,1,ricecombo,positive,1,Turkmen,converged,converged,-0.2434455720208217,rice
Oceanic languages,group,samo1305,"noun, verb",0,buildingcombo,positive,1,Samoan,converged,converged,-0.25401055595293603,"build, construct, building, construction, dwelling, house"
East and southeast asian,group,viet1252,noun,0,weathercombo,positive,1,Vietnamese,converged,converged,-0.2545981480542174,"weather, climate, thunder, lightning, wind, cloud, mist, precipitation, dew, rain, hail, snow, rainbow"
Australian languages,group,wari1262,noun,1,sandcombo,positive,1,Wariyangga,converged,converged,-0.25513448509900044,sand
East and southeast asian,group,lari1255,noun,1,windcombo,positive,1,Larike-Wakasihu,converged,converged,-0.25715579156132407,wind
East and southeast asian,group,lari1255,noun,0,insectscombo,positive,1,Larike-Wakasihu,converged,converged,-0.26621033467657873,insect
Oceanic languages,group,neng1238,"noun, verb",0,gardeningcombo,positive,1,Nengone,converged,converged,-0.27625933088315663,"garden, gardening, gardener, floriculture"
Oceanic,group,malo1243,noun,1,windcombo,positive,1,Tamambo,converged,converged,-0.2841152830046379,wind
Australian languages,group,ying1247,noun,1,sandcombo,positive,1,Yinggarda,converged,converged,-0.2849297524292631,sand
East and southeast asian,group,mara1404,noun,0,insectscombo,positive,1,Maranao,converged,converged,-0.28506536995846654,insect
East and southeast asian,group,west2555,noun,1,windcombo,positive,1,Western Bukidnon Manobo,converged,converged,-0.287619862916138,wind
East and southeast asian,group,taus1251,noun,0,weathercombo,positive,1,Tausug,converged,converged,-0.29135409055611666,"weather, climate, thunder, lightning, wind, cloud, mist, precipitation, dew, rain, hail, snow, rainbow"
Australian languages,group,gami1243,noun,1,sandcombo,positive,1,Yuwaalaraay-Gamilaraay,converged,converged,-0.2930627668149409,sand
Arabic,group,chad1249,noun,1,horsecombo,positive,1,Chadian Arabic,converged,converged,-0.2937848550985238,horse
East and southeast asian,group,urak1238,noun,0,weathercombo,positive,1,Urak Lawoi',converged,converged,-0.2961371755234386,"weather, climate, thunder, lightning, wind, cloud, mist, precipitation, dew, rain, hail, snow, rainbow"
Malay,group,baba1267,"noun, adjective, verb",0,emotioncombo,positive,1,Baba Malay,converged,converged,-0.3012183334405747,"anger, anxiety, envy, fear, gloomy, grief, happy, hate, hope, joy, love, pity, proud, regret, sad, shame, surprised, worry, merry, desire, good, like, bad, want, happiness"
European,group,esto1258,noun,0,timecombo,positive,1,Estonian,converged,converged,-0.3013035613151125,"time, duration, period, year, season, month, week, hour, minute, second, day, night, dawn, morning, noon, midday, afternoon, evening, clock, chronology, calendar, present, past, future, yesterday, tomorrow"
Oceanic languages,group,malo1243,"noun, verb",0,buildingcombo,positive,1,Tamambo,converged,converged,-0.3039244281778292,"build, construct, building, construction, dwelling, house"
Australian languages,group,wari1262,noun,1,eelscombo,positive,1,Wariyangga,converged,converged,-0.30751134677917547,eel
Australian languages,group,ying1247,noun,1,eelscombo,positive,1,Yinggarda,converged,converged,-0.3247507897621861,eel
Australian languages,group,wira1265,noun,1,eelscombo,positive,1,Wirangu,converged,converged,-0.32889311128392745,eel
Australian languages,group,gami1243,noun,1,eelscombo,positive,1,Yuwaalaraay-Gamilaraay,converged,converged,-0.3294565273503097,eel
Asian,group,halh1238,noun,1,ricecombo,positive,1,Halh Mongolian,converged,converged,-0.33222720058338956,rice
East and southeast asian,group,halh1238,noun,1,ricecombo,positive,1,Halh Mongolian,converged,converged,-0.33222720058338956,rice
East and southeast asian,group,chan1313,noun,0,fishcombo,positive,1,Chang Naga,converged,converged,-0.34330976387982765,fish
East and southeast asian,group,bali1278,noun,1,windcombo,positive,1,Balinese,converged,converged,-0.3440901490481798,wind
Oceanic languages,group,maor1246,"noun, verb",0,buildingcombo,positive,1,Maori,converged,converged,-0.3441188657512646,"build, construct, building, construction, dwelling, house"
East and southeast asian,group,monn1252,noun,0,insectscombo,positive,1,Mon,converged,converged,-0.347945236973673,insect
Arabic,group,nort3139,noun,1,horsecombo,positive,1,Levantine Arabic,converged,converged,-0.3514884431268448,horse
East and southeast asian,group,lari1255,noun,0,weathercombo,positive,1,Larike-Wakasihu,converged,converged,-0.3591158284147864,"weather, climate, thunder, lightning, wind, cloud, mist, precipitation, dew, rain, hail, snow, rainbow"
Australian languages,group,nugu1241,noun,1,eelscombo,positive,1,Nugunu,converged,converged,-0.3622814844806055,eel
East and southeast asian,group,akha1245,noun,0,weathercombo,positive,1,Akha,converged,converged,-0.36512676156359036,"weather, climate, thunder, lightning, wind, cloud, mist, precipitation, dew, rain, hail, snow, rainbow"
Australian languages,group,wira1265,noun,1,starscombo,positive,1,Wirangu,converged,converged,-0.36562575769613526,star
Arabic,group,anda1287,noun,1,snakecombo,positive,1,Andalusian Arabic,converged,converged,-0.3713361158170666,"snake, serpent, ophidian"
East and southeast asian,group,taga1270,noun,1,raincombo,positive,1,Tagalog,converged,converged,-0.3742284857875086,"rain, rainfall, rainwater"
Oceanic languages,group,ralu1237,"noun, verb",0,gardeningcombo,positive,1,Raluana,converged,converged,-0.3789159263553788,"garden, gardening, gardener, floriculture"
Australian languages,group,dhal1245,noun,1,starscombo,positive,1,Dhalandji,converged,converged,-0.38438462356764724,star
Oceanic,group,xara1244,noun,1,windcombo,positive,1,Xârâcùù,converged,converged,-0.3874669307545793,wind
Polynesian,group,maor1246,noun,1,bananacombo,positive,1,Maori,converged,converged,-0.38749910837096885,banana
Arabic,group,gulf1241,noun,1,horsecombo,positive,1,Gulf Arabic,converged,converged,-0.39701713703301433,horse
East and southeast asian,group,cent2087,noun,1,windcombo,positive,1,Coastal-Naga Bikol,converged,converged,-0.39870157667513423,wind
Oceanic languages,group,rovi1238,"noun, verb",0,buildingcombo,positive,1,Roviana,converged,converged,-0.40333026875735645,"build, construct, building, construction, dwelling, house"
Oceanic languages,group,mele1250,"noun, verb",0,buildingcombo,positive,1,Mele-Fila,converged,converged,-0.4073471843549542,"build, construct, building, construction, dwelling, house"
East and southeast asian,group,kosa1249,noun,1,windcombo,positive,1,Kosarek Yale,converged,converged,-0.4191579086398093,wind
East and southeast asian,group,hili1240,noun,0,insectscombo,positive,1,Hiligaynon,converged,converged,-0.4199449373265322,insect
Southeast asian,group,hili1240,"noun, adjective, verb",0,emotioncombo,positive,1,Hiligaynon,converged,converged,-0.426636583193638,"anger, anxiety, envy, fear, gloomy, grief, happy, hate, hope, joy, love, pity, proud, regret, sad, shame, surprised, worry, merry, desire, good, like, bad, want, happiness"
East and southeast asian,group,viet1252,noun,0,insectscombo,positive,1,Vietnamese,converged,converged,-0.4330964428542798,insect
East and southeast asian,group,tetu1245,noun,1,windcombo,positive,1,Tetum,converged,converged,-0.44053501130694706,wind
East and southeast asian,group,sema1266,noun,1,windcombo,positive,1,Semai,converged,converged,-0.44110678584112883,wind
Oceanic,group,vure1239,noun,1,windcombo,positive,1,Vurës,converged,converged,-0.44653251241346054,wind
Arabic,group,moro1292,noun,1,swordcombo,positive,1,Moroccan Arabic,converged,converged,-0.4567371225269093,sword
Australian languages,group,adny1235,noun,1,eelscombo,positive,1,Adnyamathanha,converged,converged,-0.46354327193752537,eel
Arabic,group,egyp1253,noun,1,lioncombo,positive,1,Egyptian Arabic,converged,converged,-0.46355530009448337,lion
East and southeast asian,group,jeha1242,noun,0,fishcombo,positive,1,Jehai,converged,converged,-0.463730114147216,fish
Arabic,group,moro1292,noun,1,lioncombo,positive,1,Moroccan Arabic,converged,converged,-0.4829128586440757,lion
East and southeast asian,group,kore1280,noun,0,insectscombo,positive,1,Korean,converged,converged,-0.485921749822496,insect
Arabic,group,moro1292,noun,1,smellcombo,positive,1,Moroccan Arabic,converged,converged,-0.5091925470502833,"smell, odor, odour, aroma, scent, smelling"
Arabic,group,stan1318,noun,1,snakecombo,positive,1,Standard Arabic,converged,converged,-0.5117206742442562,"snake, serpent, ophidian"
Australian languages,group,west2443,noun,1,eelscombo,positive,1,Western Victoria,converged,converged,-0.5345371055906616,eel
Southeast asian,group,wara1300,"noun, adjective, verb",0,emotioncombo,positive,1,Waray,converged,converged,-0.5352195860350928,"anger, anxiety, envy, fear, gloomy, grief, happy, hate, hope, joy, love, pity, proud, regret, sad, shame, surprised, worry, merry, desire, good, like, bad, want, happiness"
Oceanic languages,group,sout2859,"noun, verb",0,buildingcombo,positive,1,Southeast Ambrym,converged,converged,-0.5386553200030514,"build, construct, building, construction, dwelling, house"
Navajo,single,nava1243,noun,0,insectscombo,positive,1,Navajo,converged,converged,-0.5425424018132055,insect
European,group,hung1274,noun,0,timecombo,positive,1,Hungarian,converged,converged,-0.5461983552756707,"time, duration, period, year, season, month, week, hour, minute, second, day, night, dawn, morning, noon, midday, afternoon, evening, clock, chronology, calendar, present, past, future, yesterday, tomorrow"
East and southeast asian,group,temi1246,noun,1,raincombo,positive,1,Temiar,converged,converged,-0.5477664150518697,"rain, rainfall, rainwater"
East and southeast asian,group,nucl1310,noun,0,insectscombo,positive,1,Burmese,converged,converged,-0.5537578630449229,insect
East and southeast asian,group,kore1280,noun,1,windcombo,positive,1,Korean,converged,converged,-0.5547670763231786,wind
Australian languages,group,muru1266,noun,1,eelscombo,positive,1,Muruwari,converged,converged,-0.5666990248359572,eel
East and southeast asian,group,temi1246,noun,0,weathercombo,positive,1,Temiar,converged,converged,-0.5679946084136329,"weather, climate, thunder, lightning, wind, cloud, mist, precipitation, dew, rain, hail, snow, rainbow"
East and southeast asian,group,wers1238,noun,1,windcombo,positive,1,Wersing,converged,converged,-0.5747975041689639,wind
Oceanic languages,group,suau1242,"noun, verb",0,buildingcombo,positive,1,Suau,converged,converged,-0.577958054920006,"build, construct, building, construction, dwelling, house"
East and southeast asian,group,besi1244,noun,1,windcombo,positive,1,Besisi,converged,converged,-0.5843851278153013,wind
East and southeast asian,group,yuec1235,noun,1,raincombo,positive,1,Yue Chinese,converged,converged,-0.5862664725933053,"rain, rainfall, rainwater"
Southeast asian,group,monn1252,"noun, adjective, verb",0,emotioncombo,positive,1,Mon,converged,converged,-0.5894608788192022,"anger, anxiety, envy, fear, gloomy, grief, happy, hate, hope, joy, love, pity, proud, regret, sad, shame, surprised, worry, merry, desire, good, like, bad, want, happiness"
Australian languages,group,yand1253,noun,1,eelscombo,positive,1,Yandruwandha,converged,converged,-0.5968603817486314,eel
Australian languages,group,djiw1241,noun,1,starscombo,positive,1,Djiwarli,converged,converged,-0.6015068884233198,star
Australian languages,group,bard1255,noun,1,starscombo,positive,1,Bardi,converged,converged,-0.6041372670750631,star
Arabic,group,meso1252,noun,1,honeycombo,positive,1,Gilit Mesopotamian Arabic,converged,converged,-0.6046149134988918,honey
Australian languages,group,yiry1245,noun,1,chrysaliscombo,positive,1,Yir-Yoront,converged,converged,-0.6122517121277383,chrysalis
European,group,tuvi1240,noun,0,timecombo,positive,1,Tuvinian,converged,converged,-0.6144803781815974,"time, duration, period, year, season, month, week, hour, minute, second, day, night, dawn, morning, noon, midday, afternoon, evening, clock, chronology, calendar, present, past, future, yesterday, tomorrow"
Arabic,group,nort3139,noun,1,lioncombo,positive,1,Levantine Arabic,converged,converged,-0.6232835444950802,lion
Southeast asian,group,sgaw1245,"noun, adjective, verb",0,emotioncombo,positive,1,S'gaw Karen,converged,converged,-0.6334446435297539,"anger, anxiety, envy, fear, gloomy, grief, happy, hate, hope, joy, love, pity, proud, regret, sad, shame, surprised, worry, merry, desire, good, like, bad, want, happiness"
East and southeast asian,group,mala1533,noun,0,insectscombo,positive,1,Malacca-Batavia Portuguese Creole,converged,converged,-0.6373176997992249,insect
East and southeast asian,group,uigh1240,noun,0,fishcombo,positive,1,Uighur,converged,converged,-0.6403820341464894,fish
European,group,russ1263,noun,0,timecombo,positive,1,Russian,converged,converged,-0.6443089446995194,"time, duration, period, year, season, month, week, hour, minute, second, day, night, dawn, morning, noon, midday, afternoon, evening, clock, chronology, calendar, present, past, future, yesterday, tomorrow"
Oceanic languages,group,tean1237,"noun, verb",0,buildingcombo,positive,1,Teanu,converged,converged,-0.6511790333452198,"build, construct, building, construction, dwelling, house"
Australian languages,group,thay1249,noun,1,eelscombo,positive,1,Thayore,converged,converged,-0.659225203657981,eel
East and southeast asian,group,pang1290,noun,1,windcombo,positive,1,Pangasinan,converged,converged,-0.6600042730285639,wind
East and southeast asian,group,chan1313,noun,0,weathercombo,positive,1,Chang Naga,converged,converged,-0.6629896164796716,"weather, climate, thunder, lightning, wind, cloud, mist, precipitation, dew, rain, hail, snow, rainbow"
Oceanic languages,group,mang1401,"noun, verb",0,buildingcombo,positive,1,Mangareva,converged,converged,-0.6805738426090654,"build, construct, building, construction, dwelling, house"
Australian languages,group,djin1251,noun,1,eelscombo,positive,1,Jingulu,converged,converged,-0.6839882342926643,eel
East and southeast asian,group,yuec1235,noun,0,weathercombo,positive,1,Yue Chinese,converged,converged,-0.6901439079792733,"weather, climate, thunder, lightning, wind, cloud, mist, precipitation, dew, rain, hail, snow, rainbow"
East and southeast asian,group,cebu1242,noun,0,insectscombo,positive,1,Cebuano,converged,converged,-0.6929481252894674,insect
Arabic,group,suda1236,noun,1,snakecombo,positive,1,Sudanese Arabic,converged,converged,-0.7136472865458242,"snake, serpent, ophidian"
East and southeast asian,group,bali1278,noun,0,weathercombo,positive,1,Balinese,converged,converged,-0.7174524079522492,"weather, climate, thunder, lightning, wind, cloud, mist, precipitation, dew, rain, hail, snow, rainbow"
East and southeast asian,group,uigh1240,noun,0,insectscombo,positive,1,Uighur,converged,converged,-0.7304164164295961,insect
Australian languages,group,wari1262,noun,1,starscombo,positive,1,Wariyangga,converged,converged,-0.732311259299216,star
Australian languages,group,djin1253,noun,1,sandcombo,positive,1,Djinang,converged,converged,-0.733983086881467,sand
Southeast asian,group,pamp1243,"noun, adjective, verb",0,emotioncombo,positive,1,Pampanga,converged,converged,-0.7341412825073861,"anger, anxiety, envy, fear, gloomy, grief, happy, hate, hope, joy, love, pity, proud, regret, sad, shame, surprised, worry, merry, desire, good, like, bad, want, happiness"
Southeast asian,group,west2555,"noun, adjective, verb",0,emotioncombo,positive,1,Western Bukidnon Manobo,converged,converged,-0.7352257555966312,"anger, anxiety, envy, fear, gloomy, grief, happy, hate, hope, joy, love, pity, proud, regret, sad, shame, surprised, worry, merry, desire, good, like, bad, want, happiness"
Oceanic languages,group,geda1237,"noun, verb",0,buildingcombo,positive,1,Gedaged,converged,converged,-0.7384796249318034,"build, construct, building, construction, dwelling, house"
Australian languages,group,dhar1247,noun,1,starscombo,positive,1,Dhargari,converged,converged,-0.7573856155643931,star
Arabic,group,gulf1241,noun,1,snakecombo,positive,1,Gulf Arabic,converged,converged,-0.7579492969047394,"snake, serpent, ophidian"
Australian languages,group,gami1243,noun,1,starscombo,positive,1,Yuwaalaraay-Gamilaraay,converged,converged,-0.7683801986012162,star
East and southeast asian,group,chan1313,noun,1,raincombo,positive,1,Chang Naga,converged,converged,-0.783922612493682,"rain, rainfall, rainwater"
Australian languages,group,wira1265,noun,1,sandcombo,positive,1,Wirangu,converged,converged,-0.7869778168404052,sand
Oceanic languages,group,dehu1237,"noun, verb",0,gardeningcombo,positive,1,Dehu,converged,converged,-0.789163616882683,"garden, gardening, gardener, floriculture"
East and southeast asian,group,jeha1242,noun,1,raincombo,positive,1,Jehai,converged,converged,-0.7905120692533355,"rain, rainfall, rainwater"
East and southeast asian,group,wara1300,noun,1,raincombo,positive,1,Waray,converged,converged,-0.7961662653218039,"rain, rainfall, rainwater"
East and southeast asian,group,chan1313,noun,1,windcombo,positive,1,Chang Naga,converged,converged,-0.8026306252703538,wind
Southeast asian,group,akha1245,"noun, adjective, verb",0,emotioncombo,positive,1,Akha,converged,converged,-0.8028021270612197,"anger, anxiety, envy, fear, gloomy, grief, happy, hate, hope, joy, love, pity, proud, regret, sad, shame, surprised, worry, merry, desire, good, like, bad, want, happiness"
Southeast asian,group,nung1283,"noun, adjective, verb",0,emotioncombo,positive,1,Nung,converged,converged,-0.8154883717588584,"anger, anxiety, envy, fear, gloomy, grief, happy, hate, hope, joy, love, pity, proud, regret, sad, shame, surprised, worry, merry, desire, good, like, bad, want, happiness"
Oceanic languages,group,hawa1245,"noun, verb",0,buildingcombo,positive,1,Hawaiian,converged,converged,-0.8305375549989708,"build, construct, building, construction, dwelling, house"
Oceanic,group,port1286,noun,1,windcombo,positive,1,Daakie,converged,converged,-0.8307211317886328,wind
Arabic,group,chad1249,noun,1,smellcombo,positive,1,Chadian Arabic,converged,converged,-0.8417941072097164,"smell, odor, odour, aroma, scent, smelling"
East and southeast asian,group,mara1404,noun,0,weathercombo,positive,1,Maranao,converged,converged,-0.8424903046049969,"weather, climate, thunder, lightning, wind, cloud, mist, precipitation, dew, rain, hail, snow, rainbow"
Oceanic languages,group,hawa1245,"noun, verb",0,gardeningcombo,positive,1,Hawaiian,converged,converged,-0.8710310250116162,"garden, gardening, gardener, floriculture"
Arabic,group,moro1292,noun,1,snakecombo,positive,1,Moroccan Arabic,converged,converged,-0.8748284594268195,"snake, serpent, ophidian"
East and southeast asian,group,sund1252,noun,0,fishcombo,positive,1,Sundanese,converged,converged,-0.890794935589421,fish
French,group,caju1236,noun,1,smellcombo,positive,1,Cajun French,converged,converged,-0.9100361390796124,"smell, odor, odour, aroma, scent, smelling"
East and southeast asian,group,wara1300,noun,0,weathercombo,positive,1,Waray,converged,converged,-0.9128224080140004,"weather, climate, thunder, lightning, wind, cloud, mist, precipitation, dew, rain, hail, snow, rainbow"
Southeast asian,group,mind1253,"noun, adjective, verb",0,emotioncombo,positive,1,Min Dong Chinese,converged,converged,-0.9135756578255891,"anger, anxiety, envy, fear, gloomy, grief, happy, hate, hope, joy, love, pity, proud, regret, sad, shame, surprised, worry, merry, desire, good, like, bad, want, happiness"
Australian languages,group,rita1239,noun,1,starscombo,positive,1,Ritharrngu,converged,converged,-0.9235136951364127,star
East and southeast asian,group,hili1240,noun,1,windcombo,positive,1,Hiligaynon,converged,converged,-0.9246365334507577,wind
European,group,uppe1395,noun,0,timecombo,positive,1,Upper Sorbian,converged,converged,-0.9247614207153465,"time, duration, period, year, season, month, week, hour, minute, second, day, night, dawn, morning, noon, midday, afternoon, evening, clock, chronology, calendar, present, past, future, yesterday, tomorrow"
East and southeast asian,group,pang1290,noun,1,raincombo,positive,1,Pangasinan,converged,converged,-0.927965912538474,"rain, rainfall, rainwater"
East and southeast asian,group,pamp1243,noun,1,raincombo,positive,1,Pampanga,converged,converged,-0.9305804619155321,"rain, rainfall, rainwater"
Arabic,group,sana1295,noun,1,horsecombo,positive,1,Sanaani Arabic,converged,converged,-0.9308992911464806,horse
East and southeast asian,group,akha1245,noun,1,windcombo,positive,1,Akha,converged,converged,-0.9371510628874636,wind
Oceanic,group,teop1238,noun,1,windcombo,positive,1,Teop,converged,converged,-0.9467135888832943,wind
Papua New Guinea,group,tokp1240,noun,0,birdcombo,positive,1,Tok Pisin,converged,converged,-0.9546919991561464,bird
Oceanic languages,group,kwai1243,"noun, verb",0,buildingcombo,positive,1,Kwaio,converged,converged,-0.9743112809472656,"build, construct, building, construction, dwelling, house"
East and southeast asian,group,java1254,noun,0,fishcombo,positive,1,Javanese,converged,converged,-0.9787935086535948,fish
East and southeast asian,group,laoo1244,noun,1,raincombo,positive,1,Lao,converged,converged,-0.993226159935192,"rain, rainfall, rainwater"
East and southeast asian,group,hili1240,noun,1,raincombo,positive,1,Hiligaynon,converged,converged,-1.0033313156748955,"rain, rainfall, rainwater"
East and southeast asian,group,tuvi1240,noun,0,weathercombo,positive,1,Tuvinian,converged,converged,-1.0107837834683588,"weather, climate, thunder, lightning, wind, cloud, mist, precipitation, dew, rain, hail, snow, rainbow"
Southeast asian,group,mala1533,"noun, adjective, verb",0,emotioncombo,positive,1,Malacca-Batavia Portuguese Creole,converged,converged,-1.0206888855127338,"anger, anxiety, envy, fear, gloomy, grief, happy, hate, hope, joy, love, pity, proud, regret, sad, shame, surprised, worry, merry, desire, good, like, bad, want, happiness"
Arabic,group,suda1236,noun,1,swordcombo,positive,1,Sudanese Arabic,converged,converged,-1.0226139115549524,sword
European,group,norw1258,noun,0,timecombo,positive,1,Norwegian,converged,converged,-1.0305876070591788,"time, duration, period, year, season, month, week, hour, minute, second, day, night, dawn, morning, noon, midday, afternoon, evening, clock, chronology, calendar, present, past, future, yesterday, tomorrow"
Oceanic languages,group,saaa1240,"noun, verb",0,buildingcombo,positive,1,Sa'a,converged,converged,-1.0322377960701858,"build, construct, building, construction, dwelling, house"
Asian,group,nucl1301,noun,1,ricecombo,positive,1,Turkish,converged,converged,-1.051615251527094,rice
East and southeast asian,group,rade1240,noun,0,weathercombo,positive,1,Rade,converged,converged,-1.0562588396002601,"weather, climate, thunder, lightning, wind, cloud, mist, precipitation, dew, rain, hail, snow, rainbow"
French,group,oldf1239,noun,1,smellcombo,positive,1,Old French,converged,converged,-1.0612872815503405,"smell, odor, odour, aroma, scent, smelling"
East and southeast asian,group,rade1240,noun,1,raincombo,positive,1,Rade,converged,converged,-1.075322141582765,"rain, rainfall, rainwater"
East and southeast asian,group,wers1238,noun,0,weathercombo,positive,1,Wersing,converged,converged,-1.0856319577102826,"weather, climate, thunder, lightning, wind, cloud, mist, precipitation, dew, rain, hail, snow, rainbow"
Oceanic languages,group,moki1238,"noun, verb",0,buildingcombo,positive,1,Mokilese,converged,converged,-1.0979880648891853,"build, construct, building, construction, dwelling, house"
Oceanic languages,group,kapi1249,"noun, verb",0,gardeningcombo,positive,1,Kapingamarangi,converged,converged,-1.1020491349307309,"garden, gardening, gardener, floriculture"
East and southeast asian,group,cent2087,noun,0,weathercombo,positive,1,Coastal-Naga Bikol,converged,converged,-1.105455829630458,"weather, climate, thunder, lightning, wind, cloud, mist, precipitation, dew, rain, hail, snow, rainbow"
East and southeast asian,group,thai1261,noun,1,windcombo,positive,1,Thai,converged,converged,-1.1079297707861602,wind
Oceanic languages,group,moki1238,"noun, verb",0,gardeningcombo,positive,1,Mokilese,converged,converged,-1.1093960875028503,"garden, gardening, gardener, floriculture"
Australian languages,group,yank1247,noun,1,eelscombo,positive,1,Yankunytjatjara,converged,converged,-1.11782854871206,eel
Oceanic languages,group,tahi1242,"noun, verb",0,gardeningcombo,positive,1,Tahitian,converged,converged,-1.1304102376117897,"garden, gardening, gardener, floriculture"
Arabic,group,suda1236,noun,1,smellcombo,positive,1,Sudanese Arabic,converged,converged,-1.1353279071378364,"smell, odor, odour, aroma, scent, smelling"
East and southeast asian,group,temi1246,noun,1,windcombo,positive,1,Temiar,converged,converged,-1.1356212646093677,wind
Arabic,group,meso1252,noun,1,smellcombo,positive,1,Gilit Mesopotamian Arabic,converged,converged,-1.1361334895500452,"smell, odor, odour, aroma, scent, smelling"
Australian languages,group,mudb1240,noun,1,eelscombo,positive,1,Mudburra,converged,converged,-1.1477510235203827,eel
Oceanic languages,group,wole1240,"noun, verb",0,buildingcombo,positive,1,Woleaian,converged,converged,-1.1501449203516305,"build, construct, building, construction, dwelling, house"
East and southeast asian,group,sema1266,noun,0,weathercombo,positive,1,Semai,converged,converged,-1.1528250340100867,"weather, climate, thunder, lightning, wind, cloud, mist, precipitation, dew, rain, hail, snow, rainbow"
Oceanic,group,louu1245,noun,1,windcombo,positive,1,Lou,converged,converged,-1.1559992673535573,wind
Australian languages,group,wand1263,noun,1,starscombo,positive,1,Wandarang,converged,converged,-1.1604668484007452,star
Oceanic languages,group,pulu1242,"noun, verb",0,buildingcombo,positive,1,Puluwatese,converged,converged,-1.17003060559632,"build, construct, building, construction, dwelling, house"
East and southeast asian,group,thai1261,noun,1,raincombo,positive,1,Thai,converged,converged,-1.173644762054475,"rain, rainfall, rainwater"
Oceanic languages,group,niue1239,"noun, verb",0,gardeningcombo,positive,1,Niuean,converged,converged,-1.1889677645388372,"garden, gardening, gardener, floriculture"
East and southeast asian,group,mala1479,noun,1,raincombo,positive,1,Central Malay,converged,converged,-1.194242815795799,"rain, rainfall, rainwater"
European,group,adyg1241,noun,0,timecombo,positive,1,Adyghe,converged,converged,-1.1976325929394263,"time, duration, period, year, season, month, week, hour, minute, second, day, night, dawn, morning, noon, midday, afternoon, evening, clock, chronology, calendar, present, past, future, yesterday, tomorrow"
Arabic,group,nort3139,noun,1,honeycombo,positive,1,Levantine Arabic,converged,converged,-1.206772537533628,honey
Australian languages,group,yand1253,noun,1,starscombo,positive,1,Yandruwandha,converged,converged,-1.2078758817929105,star
Oceanic languages,group,futu1245,"noun, verb",0,buildingcombo,positive,1,Futuna-Aniwa,converged,converged,-1.215380461257647,"build, construct, building, construction, dwelling, house"
Australian languages,group,ngan1295,noun,1,starscombo,positive,1,Ngandi,converged,converged,-1.2180874945003795,star
East and southeast asian,group,nucl1310,noun,1,raincombo,positive,1,Burmese,converged,converged,-1.227696632643994,"rain, rainfall, rainwater"
Oceanic languages,group,kosr1238,"noun, verb",0,gardeningcombo,positive,1,Kosraean,converged,converged,-1.2299197460664517,"garden, gardening, gardener, floriculture"
Oceanic languages,group,lena1238,"noun, verb",0,buildingcombo,positive,1,Lenakel,converged,converged,-1.2580775108438946,"build, construct, building, construction, dwelling, house"
Oceanic languages,group,neng1238,"noun, verb",0,buildingcombo,positive,1,Nengone,converged,converged,-1.2682942625730478,"build, construct, building, construction, dwelling, house"
Oceanic languages,group,paam1238,"noun, verb",0,buildingcombo,positive,1,Paama,converged,converged,-1.2790292813741313,"build, construct, building, construction, dwelling, house"
Australian languages,group,mart1256,noun,1,sandcombo,positive,1,Martu Wangka,converged,converged,-1.2824653100967869,sand
Oceanic,group,neng1238,noun,1,windcombo,positive,1,Nengone,converged,converged,-1.282698487197829,wind
Oceanic languages,group,naka1262,"noun, verb",0,buildingcombo,positive,1,Nakanai,converged,converged,-1.3105881452312984,"build, construct, building, construction, dwelling, house"
Southeast asian,group,tetu1245,"noun, adjective, verb",0,emotioncombo,positive,1,Tetum,converged,converged,-1.3143839910336654,"anger, anxiety, envy, fear, gloomy, grief, happy, hate, hope, joy, love, pity, proud, regret, sad, shame, surprised, worry, merry, desire, good, like, bad, want, happiness"
Arabic,group,meso1252,noun,1,swordcombo,positive,1,Gilit Mesopotamian Arabic,converged,converged,-1.3148211516300774,sword
East and southeast asian,group,kirg1245,noun,1,raincombo,positive,1,Kirghiz,converged,converged,-1.318725479299563,"rain, rainfall, rainwater"
Oceanic languages,group,louu1245,"noun, verb",0,buildingcombo,positive,1,Lou,converged,converged,-1.327201127124365,"build, construct, building, construction, dwelling, house"
Oceanic languages,group,bugh1239,"noun, verb",0,buildingcombo,positive,1,Bughotu,converged,converged,-1.337766494681711,"build, construct, building, construction, dwelling, house"
Oceanic,group,tiri1258,noun,1,windcombo,positive,1,Tiri-Mea,converged,converged,-1.3450354211005107,wind
Arabic,group,meso1252,noun,1,snakecombo,positive,1,Gilit Mesopotamian Arabic,converged,converged,-1.3512740595385118,"snake, serpent, ophidian"
Southeast asian,group,pang1290,"noun, adjective, verb",0,emotioncombo,positive,1,Pangasinan,converged,converged,-1.3666991339703065,"anger, anxiety, envy, fear, gloomy, grief, happy, hate, hope, joy, love, pity, proud, regret, sad, shame, surprised, worry, merry, desire, good, like, bad, want, happiness"
Oceanic languages,group,renn1242,"noun, verb",0,buildingcombo,positive,1,Rennell-Bellona,converged,converged,-1.3749269194402858,"build, construct, building, construction, dwelling, house"
Oceanic languages,group,area1240,"noun, verb",0,buildingcombo,positive,1,'Are'are,converged,converged,-1.375207889844279,"build, construct, building, construction, dwelling, house"
East and southeast asian,group,hmon1264,noun,1,windcombo,positive,1,Hmong Njua,converged,converged,-1.3834139308160591,wind
Asian,group,tari1263,noun,1,ricecombo,positive,1,Tarifiyt-Beni-Iznasen-Eastern Middle Atlas Berber,converged,converged,-1.3840092914941369,rice
Thai,group,thai1261,"noun, adjective, verb",0,emotioncombo,positive,1,Thai,converged,converged,-1.3915432223462896,"anger, anxiety, envy, fear, gloomy, grief, happy, hate, hope, joy, love, pity, proud, regret, sad, shame, surprised, worry, merry, desire, good, like, bad, want, happiness"
Southeast asian,group,thai1261,"noun, adjective, verb",0,emotioncombo,positive,1,Thai,converged,converged,-1.3915432223462896,"anger, anxiety, envy, fear, gloomy, grief, happy, hate, hope, joy, love, pity, proud, regret, sad, shame, surprised, worry, merry, desire, good, like, bad, want, happiness"
European,group,gali1258,noun,0,timecombo,positive,1,Galician,converged,converged,-1.396579797852847,"time, duration, period, year, season, month, week, hour, minute, second, day, night, dawn, morning, noon, midday, afternoon, evening, clock, chronology, calendar, present, past, future, yesterday, tomorrow"
East and southeast asian,group,pamp1243,noun,1,windcombo,positive,1,Pampanga,converged,converged,-1.4014093174603475,wind
East and southeast asian,group,cebu1242,noun,0,weathercombo,positive,1,Cebuano,converged,converged,-1.401410103516129,"weather, climate, thunder, lightning, wind, cloud, mist, precipitation, dew, rain, hail, snow, rainbow"
Lao,single,laoo1244,noun,1,tastecombo,positive,1,Lao,converged,converged,-1.4062766864908838,"taste, tasting, gustation"
East and southeast asian,group,hili1240,noun,0,weathercombo,positive,1,Hiligaynon,converged,converged,-1.4070962436566303,"weather, climate, thunder, lightning, wind, cloud, mist, precipitation, dew, rain, hail, snow, rainbow"
Arabic,group,egyp1253,noun,1,swordcombo,positive,1,Egyptian Arabic,converged,converged,-1.412213624905137,sword
East and southeast asian,group,tuvi1240,noun,1,windcombo,positive,1,Tuvinian,converged,converged,-1.4139798358330842,wind
Oceanic languages,group,mang1401,"noun, verb",0,gardeningcombo,positive,1,Mangareva,converged,converged,-1.414024125179687,"garden, gardening, gardener, floriculture"
Arabic,group,suda1236,noun,1,horsecombo,positive,1,Sudanese Arabic,converged,converged,-1.4145174238915768,horse
Zapotec,group,sanj1284,noun,1,smellcombo,positive,1,Western Tlacolula Valley Zapotec,converged,converged,-1.4248044835883824,"smell, odor, odour, aroma, scent, smelling"
Australian languages,group,pint1250,noun,1,eelscombo,positive,1,Pintupi-Luritja,converged,converged,-1.4429144257888253,eel
Southeast asian,group,casi1235,"noun, adjective, verb",0,emotioncombo,positive,1,Casiguran-Nagtipunan Agta,converged,converged,-1.4437153506376226,"anger, anxiety, envy, fear, gloomy, grief, happy, hate, hope, joy, love, pity, proud, regret, sad, shame, surprised, worry, merry, desire, good, like, bad, want, happiness"
Oceanic languages,group,misi1243,"noun, verb",0,buildingcombo,positive,1,Misima-Paneati,converged,converged,-1.4461092693271762,"build, construct, building, construction, dwelling, house"
Australian languages,group,warl1254,noun,1,eelscombo,positive,1,Warlpiri,converged,converged,-1.4526137467532116,eel
Oceanic languages,group,dehu1237,"noun, verb",0,buildingcombo,positive,1,Dehu,converged,converged,-1.4536455575285583,"build, construct, building, construction, dwelling, house"
Oceanic,group,tang1348,noun,1,windcombo,positive,1,Tangga,converged,converged,-1.4583033376001149,wind
Oceanic languages,group,kosr1238,"noun, verb",0,buildingcombo,positive,1,Kosraean,converged,converged,-1.4589878460148706,"build, construct, building, construction, dwelling, house"
East and southeast asian,group,java1254,noun,1,windcombo,positive,1,Javanese,converged,converged,-1.4639864781323046,wind
Asian,group,kirg1245,noun,1,ricecombo,positive,1,Kirghiz,converged,converged,-1.4718822987376976,rice
East and southeast asian,group,kirg1245,noun,1,ricecombo,positive,1,Kirghiz,converged,converged,-1.4718822987376976,rice
Asian,group,nucl1302,noun,1,ricecombo,positive,1,Georgian,converged,converged,-1.483538684815317,rice
East and southeast asian,group,mara1404,noun,1,raincombo,positive,1,Maranao,converged,converged,-1.5010898770935825,"rain, rainfall, rainwater"
East and southeast asian,group,jeha1242,noun,0,weathercombo,positive,1,Jehai,converged,converged,-1.5032492385467513,"weather, climate, thunder, lightning, wind, cloud, mist, precipitation, dew, rain, hail, snow, rainbow"
Asian,group,angg1239,noun,1,ricecombo,positive,1,Angguruk Yali,converged,converged,-1.509333557098467,rice
East and southeast asian,group,angg1239,noun,1,ricecombo,positive,1,Angguruk Yali,converged,converged,-1.509333557098467,rice
Oceanic languages,group,fiji1243,"noun, verb",0,buildingcombo,positive,1,Fijian,converged,converged,-1.5125628491357477,"build, construct, building, construction, dwelling, house"
Oceanic languages,group,xara1244,"noun, verb",0,buildingcombo,positive,1,Xârâcùù,converged,converged,-1.5147188776661065,"build, construct, building, construction, dwelling, house"
European,group,bela1254,noun,0,timecombo,positive,1,Belarusian,converged,converged,-1.5181118612587257,"time, duration, period, year, season, month, week, hour, minute, second, day, night, dawn, morning, noon, midday, afternoon, evening, clock, chronology, calendar, present, past, future, yesterday, tomorrow"
East and southeast asian,group,rade1240,noun,1,windcombo,positive,1,Rade,converged,converged,-1.5239581205549388,wind
Southeast asian,group,lisu1250,"noun, adjective, verb",0,emotioncombo,positive,1,Lisu,converged,converged,-1.5288942112634614,"anger, anxiety, envy, fear, gloomy, grief, happy, hate, hope, joy, love, pity, proud, regret, sad, shame, surprised, worry, merry, desire, good, like, bad, want, happiness"
Oceanic languages,group,gilb1244,"noun, verb",0,buildingcombo,positive,1,Gilbertese,converged,converged,-1.5291043302816376,"build, construct, building, construction, dwelling, house"
East and southeast asian,group,jeha1242,noun,1,windcombo,positive,1,Jehai,converged,converged,-1.5638693589748685,wind
East and southeast asian,group,pang1290,noun,0,weathercombo,positive,1,Pangasinan,converged,converged,-1.564313472595904,"weather, climate, thunder, lightning, wind, cloud, mist, precipitation, dew, rain, hail, snow, rainbow"
Arabic,group,egyp1253,noun,1,snakecombo,positive,1,Egyptian Arabic,converged,converged,-1.5663257202819738,"snake, serpent, ophidian"
East and southeast asian,group,hmon1264,noun,0,fishcombo,positive,1,Hmong Njua,converged,converged,-1.5706573433425564,fish
East and southeast asian,group,nucl1643,noun,0,fishcombo,positive,1,Japanese,converged,converged,-1.582720560335206,fish
East and southeast asian,group,kirg1245,noun,1,windcombo,positive,1,Kirghiz,converged,converged,-1.5831502120988328,wind
Arabic,group,egyp1253,noun,1,smellcombo,positive,1,Egyptian Arabic,converged,converged,-1.5938434813442066,"smell, odor, odour, aroma, scent, smelling"
East and southeast asian,group,tuvi1240,noun,1,raincombo,positive,1,Tuvinian,converged,converged,-1.621985941699184,"rain, rainfall, rainwater"
Oceanic,group,daka1243,noun,1,windcombo,positive,1,Dakaka,converged,converged,-1.6428329595594424,wind
Portuguese,group,mala1533,noun,1,horsecombo,positive,1,Malacca-Batavia Portuguese Creole,converged,converged,-1.6453467922721918,horse
East and southeast asian,group,pamp1243,noun,0,weathercombo,positive,1,Pampanga,converged,converged,-1.648240422690179,"weather, climate, thunder, lightning, wind, cloud, mist, precipitation, dew, rain, hail, snow, rainbow"
Asian,group,mani1292,noun,1,ricecombo,positive,1,Manipuri,converged,converged,-1.659724863671254,rice
East and southeast asian,group,tuvi1240,noun,0,fishcombo,positive,1,Tuvinian,converged,converged,-1.6625178129672817,fish
European,group,west2354,noun,0,timecombo,positive,1,Western Frisian,converged,converged,-1.6636415282907295,"time, duration, period, year, season, month, week, hour, minute, second, day, night, dawn, morning, noon, midday, afternoon, evening, clock, chronology, calendar, present, past, future, yesterday, tomorrow"
Arabic,group,gulf1241,noun,1,honeycombo,positive,1,Gulf Arabic,converged,converged,-1.6689566326131762,honey
Southeast asian,group,angg1239,"noun, adjective, verb",0,emotioncombo,positive,1,Angguruk Yali,converged,converged,-1.6753553245760642,"anger, anxiety, envy, fear, gloomy, grief, happy, hate, hope, joy, love, pity, proud, regret, sad, shame, surprised, worry, merry, desire, good, like, bad, want, happiness"
Oceanic,group,kosr1238,noun,1,windcombo,positive,1,Kosraean,converged,converged,-1.6815399701496883,wind
Oceanic languages,group,daka1243,"noun, verb",0,buildingcombo,positive,1,Dakaka,converged,converged,-1.6931591203647955,"build, construct, building, construction, dwelling, house"
Arabic,group,nort3139,noun,1,swordcombo,positive,1,Levantine Arabic,converged,converged,-1.7054767173210665,sword
Australian languages,group,ngaa1240,noun,1,eelscombo,positive,1,Ngaanyatjarra,converged,converged,-1.7221959473576276,eel
Asian,group,nucl1706,noun,1,ricecombo,positive,1,Neo-Mandaic,converged,converged,-1.7267641510900675,rice
European,group,luxe1241,noun,0,timecombo,positive,1,Moselle Franconian,converged,converged,-1.7501407250945433,"time, duration, period, year, season, month, week, hour, minute, second, day, night, dawn, morning, noon, midday, afternoon, evening, clock, chronology, calendar, present, past, future, yesterday, tomorrow"
East and southeast asian,group,taga1270,noun,1,windcombo,positive,1,Tagalog,converged,converged,-1.7577352856740809,wind
East and southeast asian,group,java1254,noun,1,raincombo,positive,1,Javanese,converged,converged,-1.7748196985136573,"rain, rainfall, rainwater"
Oceanic languages,group,kapi1249,"noun, verb",0,buildingcombo,positive,1,Kapingamarangi,converged,converged,-1.7796121010598145,"build, construct, building, construction, dwelling, house"
Hindi,single,hind1269,noun,1,dancecombo,positive,1,Hindi,converged,converged,-1.833495767626913,"dance, dancing, terpsichore"
Arabic,group,sana1295,noun,1,smellcombo,positive,1,Sanaani Arabic,converged,converged,-1.8417865769677875,"smell, odor, odour, aroma, scent, smelling"
Arabic,group,gulf1241,noun,1,smellcombo,positive,1,Gulf Arabic,converged,converged,-1.84914501914795,"smell, odor, odour, aroma, scent, smelling"
Oceanic languages,group,tiri1258,"noun, verb",0,buildingcombo,positive,1,Tiri-Mea,converged,converged,-1.8647999787172584,"build, construct, building, construction, dwelling, house"
Oceanic languages,group,lauu1247,"noun, verb",0,buildingcombo,positive,1,Lau,converged,converged,-1.8676676779914902,"build, construct, building, construction, dwelling, house"
East and southeast asian,group,kirg1245,noun,0,fishcombo,positive,1,Kirghiz,converged,converged,-1.8893840727556876,fish
Southeast asian,group,lari1255,"noun, adjective, verb",0,emotioncombo,positive,1,Larike-Wakasihu,converged,converged,-1.8982704617025894,"anger, anxiety, envy, fear, gloomy, grief, happy, hate, hope, joy, love, pity, proud, regret, sad, shame, surprised, worry, merry, desire, good, like, bad, want, happiness"
Asian,group,kaza1248,noun,1,ricecombo,positive,1,Kazakh,converged,converged,-1.904123550012349,rice
European,group,mode1248,noun,0,timecombo,positive,1,Modern Greek,converged,converged,-1.9217038821282708,"time, duration, period, year, season, month, week, hour, minute, second, day, night, dawn, morning, noon, midday, afternoon, evening, clock, chronology, calendar, present, past, future, yesterday, tomorrow"
Oceanic languages,group,mota1237,"noun, verb",0,buildingcombo,positive,1,Mota,converged,converged,-1.9475984276703433,"build, construct, building, construction, dwelling, house"
East and southeast asian,group,kirg1245,noun,0,weathercombo,positive,1,Kirghiz,converged,converged,-1.9487188950499879,"weather, climate, thunder, lightning, wind, cloud, mist, precipitation, dew, rain, hail, snow, rainbow"
East and southeast asian,group,tibe1272,noun,0,weathercombo,positive,1,Tibetan,converged,converged,-1.9591610686718903,"weather, climate, thunder, lightning, wind, cloud, mist, precipitation, dew, rain, hail, snow, rainbow"
Oceanic languages,group,ralu1237,"noun, verb",0,buildingcombo,positive,1,Raluana,converged,converged,-1.971072304151668,"build, construct, building, construction, dwelling, house"
Oceanic languages,group,anei1239,"noun, verb",0,buildingcombo,positive,1,Aneityum,converged,converged,-1.99820217387361,"build, construct, building, construction, dwelling, house"
Asian,group,nort3139,noun,1,ricecombo,positive,1,Levantine Arabic,converged,converged,-2.0196878142333894,rice
East and southeast asian,group,laoo1244,noun,1,windcombo,positive,1,Lao,converged,converged,-2.0400770283810483,wind
Oceanic languages,group,gilb1244,"noun, verb",0,gardeningcombo,positive,1,Gilbertese,converged,converged,-2.0451961715170515,"garden, gardening, gardener, floriculture"
Asian,group,kosa1249,noun,1,ricecombo,positive,1,Kosarek Yale,converged,converged,-2.0650609305106,rice
East and southeast asian,group,kosa1249,noun,1,ricecombo,positive,1,Kosarek Yale,converged,converged,-2.0650609305106,rice
East and southeast asian,group,mala1479,noun,0,insectscombo,positive,1,Central Malay,converged,converged,-2.0739991967550204,insect
Oceanic,group,sout2859,noun,1,windcombo,positive,1,Southeast Ambrym,converged,converged,-2.0992582674748497,wind
European,group,corn1251,noun,0,timecombo,positive,1,Cornish,converged,converged,-2.1264299087838707,"time, duration, period, year, season, month, week, hour, minute, second, day, night, dawn, morning, noon, midday, afternoon, evening, clock, chronology, calendar, present, past, future, yesterday, tomorrow"
Hindi,single,hind1269,noun,1,doctorcombo,positive,1,Hindi,converged,converged,-2.1325763542494363,"doctor, physician"
East and southeast asian,group,laoo1244,noun,0,weathercombo,positive,1,Lao,converged,converged,-2.160745417969386,"weather, climate, thunder, lightning, wind, cloud, mist, precipitation, dew, rain, hail, snow, rainbow"
Oceanic languages,group,port1286,"noun, verb",0,buildingcombo,positive,1,Daakie,converged,converged,-2.1621344725332694,"build, construct, building, construction, dwelling, house"
Southeast asian,group,urak1238,"noun, adjective, verb",0,emotioncombo,positive,1,Urak Lawoi',converged,converged,-2.163401153131648,"anger, anxiety, envy, fear, gloomy, grief, happy, hate, hope, joy, love, pity, proud, regret, sad, shame, surprised, worry, merry, desire, good, like, bad, want, happiness"
French,group,loui1240,noun,1,smellcombo,positive,1,Louisiana Creole French,converged,converged,-2.1815961564862323,"smell, odor, odour, aroma, scent, smelling"
Asian,group,bodo1269,noun,1,ricecombo,positive,1,Bodo-Mech,converged,converged,-2.182311729102513,rice
East and southeast asian,group,nucl1310,noun,0,weathercombo,positive,1,Burmese,converged,converged,-2.1960721148294158,"weather, climate, thunder, lightning, wind, cloud, mist, precipitation, dew, rain, hail, snow, rainbow"
Oceanic languages,group,lonw1238,"noun, verb",0,buildingcombo,positive,1,Lonwolwol,converged,converged,-2.2016805023381814,"build, construct, building, construction, dwelling, house"
Asian,group,guja1252,noun,1,ricecombo,positive,1,Gujarati,converged,converged,-2.216456541543984,rice
Oceanic languages,group,tiko1237,"noun, verb",0,gardeningcombo,positive,1,Tikopia,converged,converged,-2.219964577375612,"garden, gardening, gardener, floriculture"
East and southeast asian,group,tibe1272,noun,1,raincombo,positive,1,Tibetan,converged,converged,-2.2390434839576923,"rain, rainfall, rainwater"
Oceanic languages,group,caro1242,"noun, verb",0,gardeningcombo,positive,1,Carolinian,converged,converged,-2.2583899888608485,"garden, gardening, gardener, floriculture"
East and southeast asian,group,tibe1272,noun,1,windcombo,positive,1,Tibetan,converged,converged,-2.271868133416039,wind
Southeast asian,group,rade1240,"noun, adjective, verb",0,emotioncombo,positive,1,Rade,converged,converged,-2.2768841888611147,"anger, anxiety, envy, fear, gloomy, grief, happy, hate, hope, joy, love, pity, proud, regret, sad, shame, surprised, worry, merry, desire, good, like, bad, want, happiness"
Oceanic languages,group,urip1240,"noun, verb",0,buildingcombo,positive,1,Uripiv,converged,converged,-2.2969733239920114,"build, construct, building, construction, dwelling, house"
East and southeast asian,group,mand1415,noun,0,fishcombo,positive,1,Mandarin Chinese,converged,converged,-2.2971281679368394,fish
Southeast asian,group,java1254,"noun, adjective, verb",0,emotioncombo,positive,1,Javanese,converged,converged,-2.3118910859075856,"anger, anxiety, envy, fear, gloomy, grief, happy, hate, hope, joy, love, pity, proud, regret, sad, shame, surprised, worry, merry, desire, good, like, bad, want, happiness"
Oceanic,group,suau1242,noun,1,windcombo,positive,1,Suau,converged,converged,-2.3420813192573493,wind
Oceanic languages,group,samo1305,"noun, verb",0,gardeningcombo,positive,1,Samoan,converged,converged,-2.371833415393549,"garden, gardening, gardener, floriculture"
European,group,scot1245,noun,0,timecombo,positive,1,Scottish Gaelic,converged,converged,-2.424777778354575,"time, duration, period, year, season, month, week, hour, minute, second, day, night, dawn, morning, noon, midday, afternoon, evening, clock, chronology, calendar, present, past, future, yesterday, tomorrow"
East and southeast asian,group,kirg1245,noun,0,insectscombo,positive,1,Kirghiz,converged,converged,-2.427487438945525,insect
Oceanic languages,group,gela1263,"noun, verb",0,buildingcombo,positive,1,Gela,converged,converged,-2.42900370859959,"build, construct, building, construction, dwelling, house"
Arabic,group,nort3139,noun,1,snakecombo,positive,1,Levantine Arabic,converged,converged,-2.494028448269701,"snake, serpent, ophidian"
East and southeast asian,group,java1254,noun,0,weathercombo,positive,1,Javanese,converged,converged,-2.5099972624202356,"weather, climate, thunder, lightning, wind, cloud, mist, precipitation, dew, rain, hail, snow, rainbow"
European,group,slov1269,noun,0,timecombo,positive,1,Slovak,converged,converged,-2.5277943500300477,"time, duration, period, year, season, month, week, hour, minute, second, day, night, dawn, morning, noon, midday, afternoon, evening, clock, chronology, calendar, present, past, future, yesterday, tomorrow"
Southeast asian,group,cent2292,"noun, adjective, verb",0,emotioncombo,positive,1,Central Bontoc,converged,converged,-2.614231234834946,"anger, anxiety, envy, fear, gloomy, grief, happy, hate, hope, joy, love, pity, proud, regret, sad, shame, surprised, worry, merry, desire, good, like, bad, want, happiness"
Oceanic languages,group,aros1241,"noun, verb",0,buildingcombo,positive,1,Arosi,converged,converged,-2.6811454198216547,"build, construct, building, construction, dwelling, house"
Arabic,group,nort3139,noun,1,smellcombo,positive,1,Levantine Arabic,converged,converged,-2.746090836869968,"smell, odor, odour, aroma, scent, smelling"
European,group,nort2671,noun,0,timecombo,positive,1,North Saami,converged,converged,-2.7505040984292783,"time, duration, period, year, season, month, week, hour, minute, second, day, night, dawn, morning, noon, midday, afternoon, evening, clock, chronology, calendar, present, past, future, yesterday, tomorrow"
East and southeast asian,group,kore1280,noun,0,fishcombo,positive,1,Korean,converged,converged,-2.781113057993318,fish
Southeast asian,group,wers1238,"noun, adjective, verb",0,emotioncombo,positive,1,Wersing,converged,converged,-2.8117792058077438,"anger, anxiety, envy, fear, gloomy, grief, happy, hate, hope, joy, love, pity, proud, regret, sad, shame, surprised, worry, merry, desire, good, like, bad, want, happiness"
Southeast asian,group,laoo1244,"noun, adjective, verb",0,emotioncombo,positive,1,Lao,converged,converged,-2.9002896740121225,"anger, anxiety, envy, fear, gloomy, grief, happy, hate, hope, joy, love, pity, proud, regret, sad, shame, surprised, worry, merry, desire, good, like, bad, want, happiness"
East and southeast asian,group,taga1270,noun,0,insectscombo,positive,1,Tagalog,converged,converged,-2.9037426892665263,insect
Asian,group,nucl1235,noun,1,ricecombo,positive,1,Eastern Armenian,converged,converged,-2.935719384304369,rice
Oceanic languages,group,mars1254,"noun, verb",0,gardeningcombo,positive,1,Marshallese,converged,converged,-2.957165172608103,"garden, gardening, gardener, floriculture"
East and southeast asian,group,kosa1249,noun,0,fishcombo,positive,1,Kosarek Yale,converged,converged,-3.0304248769173525,fish
East and southeast asian,group,angg1239,noun,0,fishcombo,positive,1,Angguruk Yali,converged,converged,-3.073215023680464,fish
East and southeast asian,group,mala1479,noun,0,fishcombo,positive,1,Central Malay,converged,converged,-3.12239123779289,fish
East and southeast asian,group,nucl1643,noun,0,insectscombo,positive,1,Japanese,converged,converged,-3.1566359331411595,insect
East and southeast asian,group,taga1270,noun,0,weathercombo,positive,1,Tagalog,converged,converged,-3.1984416486616563,"weather, climate, thunder, lightning, wind, cloud, mist, precipitation, dew, rain, hail, snow, rainbow"
Oceanic languages,group,tuam1242,"noun, verb",0,gardeningcombo,positive,1,Tuamotuan,converged,converged,-3.2240002119304227,"garden, gardening, gardener, floriculture"
East and southeast asian,group,thai1261,noun,0,weathercombo,positive,1,Thai,converged,converged,-3.3862043904656933,"weather, climate, thunder, lightning, wind, cloud, mist, precipitation, dew, rain, hail, snow, rainbow"
Southeast asian,group,jeha1242,"noun, adjective, verb",0,emotioncombo,positive,1,Jehai,converged,converged,-3.5413169406720177,"anger, anxiety, envy, fear, gloomy, grief, happy, hate, hope, joy, love, pity, proud, regret, sad, shame, surprised, worry, merry, desire, good, like, bad, want, happiness"
Cantonese,single,yuec1235,noun,1,smellcombo,positive,1,Yue Chinese,converged,converged,-3.711645438411178,"smell, odor, odour, aroma, scent, smelling"
Southeast asian,group,bata1298,"noun, adjective, verb",0,emotioncombo,positive,1,Batad Ifugao,converged,converged,-3.745330392988449,"anger, anxiety, envy, fear, gloomy, grief, happy, hate, hope, joy, love, pity, proud, regret, sad, shame, surprised, worry, merry, desire, good, like, bad, want, happiness"
European,group,iris1253,noun,0,timecombo,positive,1,Irish,converged,converged,-4.5143901734173415,"time, duration, period, year, season, month, week, hour, minute, second, day, night, dawn, morning, noon, midday, afternoon, evening, clock, chronology, calendar, present, past, future, yesterday, tomorrow"
East and southeast asian,group,tibe1272,noun,0,fishcombo,positive,1,Tibetan,converged,converged,-4.564463735581501,fish
Asian,group,stan1318,noun,1,ricecombo,positive,1,Standard Arabic,converged,converged,-4.9602229645824885,rice
Asian,group,assy1241,noun,1,ricecombo,positive,1,Assyrian Neo-Aramaic,converged,converged,-5.3833966639673365,rice
Asian,group,hebr1245,noun,1,ricecombo,positive,1,Modern Hebrew,converged,converged,-5.4054123334235396,rice
